simulation_id,event_type,view_id,V_bus_1,V_bus_2,f_gen_1,f_gen_2,PQ_gen,V1_pre,V1_min,V1_max,delta_V1,sag_duration_V1,recovery_time_V1,V2_pre,V2_min,V2_max,delta_V2,sag_duration_V2,recovery_time_V2,f1_pre,f1_min,f1_max,delta_f1,ROCOF_numerico_f1,t_nadir_f1,settling_time_f1,f2_pre,f2_min,f2_max,delta_f2,ROCOF_numerico_f2,t_nadir_f2,settling_time_f2,P_pre,P_min,P_max,delta_P,Q_pre,Q_min,Q_max,delta_Q
generator_outage_G01,generator_outage,1,1,2,1,2,1,1.02689638912936,1.00457037599778,1.02689613197341,-0.0122899050461691,0,0.74056426088649,1.02001684293784,0.97110863284441,1.02001650365959,-0.0297847609418258,0,NaN,59.9999934559826,59.9999929154556,59.9999929154556,-5.40526990278067e-07,0,0,0,59.9999937660327,59.5382784141082,60.0102589892079,-0.359956985106948,0.0876879254505807,7.66889471298899,20.397564396987,247.351644502021,0,247.351919448914,-247.351644502021,178.513910467193,0,178.514465299017,-178.513910467193
generator_outage_G01,generator_outage,2,18,25,1,7,1,0.993422297824962,0.960778204472743,0.993421901286815,-0.0156485145676577,0,0.991058468296999,1.02838004290673,0.989980263259846,1.02837976212162,-0.0185946316963483,0,8.70446897080877,59.9999934559826,59.9999929154556,59.9999929154556,-5.40526990278067e-07,0,0,0,59.9999944671441,59.5361477185815,60.0138916027558,-0.359988898113365,0.0104664720011264,7.69864573451936,20.397564396987,247.351644502021,0,247.351919448914,-247.351644502021,178.513910467193,0,178.514465299017,-178.513910467193
generator_outage_G01,generator_outage,3,9,25,2,5,1,1.02020766358892,1.00653094176664,1.02052375908399,-0.00543258314519179,0,0.547703587628754,1.02838004290673,0.989980263259846,1.02837976212162,-0.0185946316963483,0,8.70446897080877,59.9999937660327,59.5382784141082,60.0102589892079,-0.359956985106948,0.0876879254505807,7.66889471298899,20.397564396987,59.9999949130723,59.5318749047603,60.0235864633084,-0.360031171881054,0.177261442923483,7.66889471298899,20.5743712060307,247.351644502021,0,247.351919448914,-247.351644502021,178.513910467193,0,178.514465299017,-178.513910467193
generator_outage_G01,generator_outage,4,2,31,3,4,1,1.02001684293784,0.97110863284441,1.02001650365959,-0.0297847609418258,0,NaN,0.982000570674875,0.961636577973834,0.986637720555169,-0.00372849534002351,0,0.617510728599442,59.9999938740924,59.5373701780198,60.0069684352811,-0.359966317769043,0.050530114907353,7.72839675604972,20.2860501050901,59.9999944662808,59.536935957134,60.0151781794642,-0.360001683349175,0.0342945495068258,7.85074200510333,20.4859678015088,247.351644502021,0,247.351919448914,-247.351644502021,178.513910467193,0,178.514465299017,-178.513910467193
generator_outage_G01,generator_outage,5,21,33,3,9,1,0.997579594018811,0.974046334127308,0.998841936758179,-0.00850230027379106,0,0.776844878939017,0.997200971921189,0.97782285532887,1.00370080036461,-0.00304725486038848,0,0.492829269491326,59.9999938740924,59.5373701780198,60.0069684352811,-0.359966317769043,0.050530114907353,7.72839675604972,20.2860501050901,59.9999948530335,59.5350058842829,60.0115714399557,-0.360009874493656,0.0935419559217793,7.72839675604972,20.397564396987,247.351644502021,0,247.351919448914,-247.351644502021,178.513910467193,0,178.514465299017,-178.513910467193
generator_outage_G01,generator_outage,6,11,33,4,9,1,0.96248990465261,0.939180737540242,0.963267771432672,-0.00824404934061906,0,0.776844878939017,0.997200971921189,0.97782285532887,1.00370080036461,-0.00304725486038848,0,0.492829269491326,59.9999944662808,59.536935957134,60.0151781794642,-0.360001683349175,0.0342945495068258,7.85074200510333,20.4859678015088,59.9999948530335,59.5350058842829,60.0115714399557,-0.360009874493656,0.0935419559217793,7.72839675604972,20.397564396987,247.351644502021,0,247.351919448914,-247.351644502021,178.513910467193,0,178.514465299017,-178.513910467193
generator_outage_G01,generator_outage,7,4,25,5,10,1,0.960053104706681,0.932692817413944,0.96005272883502,-0.0118958330731447,0,0.87356918366836,1.02838004290673,0.989980263259846,1.02837976212162,-0.0185946316963483,0,8.70446897080877,59.9999949130723,59.5318749047603,60.0235864633084,-0.360031171881054,0.177261442923483,7.66889471298899,20.5743712060307,59.9999918043979,59.5364387396801,60.0106575524101,-0.359822088835251,-0.0824370371152725,8.25814079481794,20.2094746714057,247.351644502021,0,247.351919448914,-247.351644502021,178.513910467193,0,178.514465299017,-178.513910467193
generator_outage_G01,generator_outage,8,25,37,7,8,1,1.02838004290673,0.989980263259846,1.02837976212162,-0.0185946316963483,0,8.70446897080877,1.02750054732654,0.994746424539493,1.02750028868048,-0.00624056978102883,0,1.02352387963733,59.9999944671441,59.5361477185815,60.0138916027558,-0.359988898113365,0.0104664720011264,7.69864573451936,20.397564396987,59.9999936918416,59.5385372569098,60.0471952526081,-0.359938133731127,-0.657597009676094,7.8980489718005,20.2094746714057,247.351644502021,0,247.351919448914,-247.351644502021,178.513910467193,0,178.514465299017,-178.513910467193
generator_outage_G01,generator_outage,9,14,21,1,2,2,0.965188010297433,0.93961108300144,0.965187625896465,-0.010222802865604,0,0.833273392550483,0.997579594018811,0.974046334127308,0.998841936758179,-0.00850230027379106,0,0.776844878939017,59.9999934559826,59.9999929154556,59.9999929154556,-5.40526990278067e-07,0,0,0,59.9999937660327,59.5382784141082,60.0102589892079,-0.359956985106948,0.0876879254505807,7.66889471298899,20.397564396987,699.11655373899,695.412710591314,712.541846994715,13.3611779694725,156.180710399892,156.18077075031,179.060213095495,21.5179668848194
generator_outage_G01,generator_outage,10,6,24,1,8,2,0.959595788849726,0.936175542099567,0.96021042054141,-0.00845617952339117,0,0.776844878939017,0.999264074901395,0.973720468964012,0.999566267858597,-0.00983188839310667,0,0.833273392550483,59.9999934559826,59.9999929154556,59.9999929154556,-5.40526990278067e-07,0,0,0,59.9999936918416,59.5385372569098,60.0471952526081,-0.359938133731127,-0.657597009676094,7.8980489718005,20.2094746714057,699.11655373899,695.412710591314,712.541846994715,13.3611779694725,156.180710399892,156.18077075031,179.060213095495,21.5179668848194
generator_outage_G01,generator_outage,11,32,33,2,5,2,0.984100548431793,0.965057373874942,0.988248151059028,-0.00396448426196583,0,0.525724383434498,0.997200971921189,0.97782285532887,1.00370080036461,-0.00304725486038848,0,0.492829269491326,59.9999937660327,59.5382784141082,60.0102589892079,-0.359956985106948,0.0876879254505807,7.66889471298899,20.397564396987,59.9999949130723,59.5318749047603,60.0235864633084,-0.360031171881054,0.177261442923483,7.66889471298899,20.5743712060307,699.11655373899,695.412710591314,712.541846994715,13.3611779694725,156.180710399892,156.18077075031,179.060213095495,21.5179668848194
generator_outage_G01,generator_outage,12,17,18,3,4,2,0.99507019283339,0.965163778130354,0.99506978189358,-0.0131495726723511,0,0.934012870345174,0.993422297824962,0.960778204472743,0.993421901286815,-0.0156485145676577,0,0.991058468296999,59.9999938740924,59.5373701780198,60.0069684352811,-0.359966317769043,0.050530114907353,7.72839675604972,20.2860501050901,59.9999944662808,59.536935957134,60.0151781794642,-0.360001683349175,0.0342945495068258,7.85074200510333,20.4859678015088,699.11655373899,695.412710591314,712.541846994715,13.3611779694725,156.180710399892,156.18077075031,179.060213095495,21.5179668848194
generator_outage_G01,generator_outage,13,8,26,3,10,2,0.954598516570043,0.932359417080256,0.955205158796338,-0.0082463250428404,0,0.74056426088649,1.01926696898686,0.987408151205654,1.0192665756457,-0.0130878896441888,0,0.958593056956671,59.9999938740924,59.5373701780198,60.0069684352811,-0.359966317769043,0.050530114907353,7.72839675604972,20.2860501050901,59.9999918043979,59.5364387396801,60.0106575524101,-0.359822088835251,-0.0824370371152725,8.25814079481794,20.2094746714057,699.11655373899,695.412710591314,712.541846994715,13.3611779694725,156.180710399892,156.18077075031,179.060213095495,21.5179668848194
generator_outage_G01,generator_outage,14,1,39,4,10,2,1.02689638912936,1.00457037599778,1.02689613197341,-0.0122899050461691,0,0.74056426088649,1.03000013409431,1.02416661696975,1.03000005001758,-0.00284705711181776,0,0.525724383434498,59.9999944662808,59.536935957134,60.0151781794642,-0.360001683349175,0.0342945495068258,7.85074200510333,20.4859678015088,59.9999918043979,59.5364387396801,60.0106575524101,-0.359822088835251,-0.0824370371152725,8.25814079481794,20.2094746714057,699.11655373899,695.412710591314,712.541846994715,13.3611779694725,156.180710399892,156.18077075031,179.060213095495,21.5179668848194
generator_outage_G01,generator_outage,15,20,23,5,10,2,0.987464538640993,0.965736683357297,0.992751490412945,-0.00575339897489657,0,0.713500085655992,1.02167685351485,1.00118349444096,1.02453151278532,-0.00646376741489618,0,0.65277561428715,59.9999949130723,59.5318749047603,60.0235864633084,-0.360031171881054,0.177261442923483,7.66889471298899,20.5743712060307,59.9999918043979,59.5364387396801,60.0106575524101,-0.359822088835251,-0.0824370371152725,8.25814079481794,20.2094746714057,699.11655373899,695.412710591314,712.541846994715,13.3611779694725,156.180710399892,156.18077075031,179.060213095495,21.5179668848194
generator_outage_G01,generator_outage,16,10,33,7,9,2,0.965720649152829,0.942521418661375,0.966580614797842,-0.00808569280971683,0,0.776844878939017,0.997200971921189,0.97782285532887,1.00370080036461,-0.00304725486038848,0,0.492829269491326,59.9999944671441,59.5361477185815,60.0138916027558,-0.359988898113365,0.0104664720011264,7.69864573451936,20.397564396987,59.9999948530335,59.5350058842829,60.0115714399557,-0.360009874493656,0.0935419559217793,7.72839675604972,20.397564396987,699.11655373899,695.412710591314,712.541846994715,13.3611779694725,156.180710399892,156.18077075031,179.060213095495,21.5179668848194
generator_outage_G01,generator_outage,17,3,32,1,3,3,0.994475020133488,0.957623987513413,0.99447465088492,-0.0194978805869392,0,17.9035443132924,0.984100548431793,0.965057373874942,0.988248151059028,-0.00396448426196583,0,0.525724383434498,59.9999934559826,59.9999929154556,59.9999929154556,-5.40526990278067e-07,0,0,0,59.9999938740924,59.5373701780198,60.0069684352811,-0.359966317769043,0.050530114907353,7.72839675604972,20.2860501050901,672.46804441793,669.799115572387,698.812785919026,19.8966757715561,138.262054035867,138.262231281765,162.450992940069,23.3617262955785
generator_outage_G01,generator_outage,18,23,38,1,8,3,1.02167685351485,1.00118349444096,1.02453151278532,-0.00646376741489618,0,0.65277561428715,1.02650112277428,1.00410791223093,1.03450551902855,-0.00332616525128349,0,0.776844878939017,59.9999934559826,59.9999929154556,59.9999929154556,-5.40526990278067e-07,0,0,0,59.9999936918416,59.5385372569098,60.0471952526081,-0.359938133731127,-0.657597009676094,7.8980489718005,20.2094746714057,672.46804441793,669.799115572387,698.812785919026,19.8966757715561,138.262054035867,138.262231281765,162.450992940069,23.3617262955785
generator_outage_G01,generator_outage,19,13,18,2,6,3,0.964270739573376,0.940400945374263,0.964532047113844,-0.00872189007256796,0,0.813125496991545,0.993422297824962,0.960778204472743,0.993421901286815,-0.0156485145676577,0,0.991058468296999,59.9999937660327,59.5382784141082,60.0102589892079,-0.359956985106948,0.0876879254505807,7.66889471298899,20.397564396987,59.9999943494354,59.5357078245914,60.0121499840638,-0.359990681934768,0.0778930667407184,7.72839675604972,20.4859678015088,672.46804441793,669.799115572387,698.812785919026,19.8966757715561,138.262054035867,138.262231281765,162.450992940069,23.3617262955785
generator_outage_G01,generator_outage,20,5,29,3,5,3,0.958759400236745,0.934931808327311,0.958860786732961,-0.00894444797333405,0,0.813125496991545,1.02109303516246,0.99466417045607,1.02518645713165,-0.00718328026333492,0,0.833273392550483,59.9999938740924,59.5373701780198,60.0069684352811,-0.359966317769043,0.050530114907353,7.72839675604972,20.2860501050901,59.9999949130723,59.5318749047603,60.0235864633084,-0.360031171881054,0.177261442923483,7.66889471298899,20.5743712060307,672.46804441793,669.799115572387,698.812785919026,19.8966757715561,138.262054035867,138.262231281765,162.450992940069,23.3617262955785
generator_outage_G01,generator_outage,21,28,38,3,10,3,1.01980319076653,0.991799933722593,1.02200076229847,-0.00880508609430763,0,0.87356918366836,1.02650112277428,1.00410791223093,1.03450551902855,-0.00332616525128349,0,0.776844878939017,59.9999938740924,59.5373701780198,60.0069684352811,-0.359966317769043,0.050530114907353,7.72839675604972,20.2860501050901,59.9999918043979,59.5364387396801,60.0106575524101,-0.359822088835251,-0.0824370371152725,8.25814079481794,20.2094746714057,672.46804441793,669.799115572387,698.812785919026,19.8966757715561,138.262054035867,138.262231281765,162.450992940069,23.3617262955785
generator_outage_G01,generator_outage,22,15,34,4,10,3,0.973079105652974,0.947365513447486,0.973078694472808,-0.0101094671232524,0,0.833273392550483,1.01230116063239,0.991072313649121,1.01896229143486,-0.00515180620813127,0,0.673017104743431,59.9999944662808,59.536935957134,60.0151781794642,-0.360001683349175,0.0342945495068258,7.85074200510333,20.4859678015088,59.9999918043979,59.5364387396801,60.0106575524101,-0.359822088835251,-0.0824370371152725,8.25814079481794,20.2094746714057,672.46804441793,669.799115572387,698.812785919026,19.8966757715561,138.262054035867,138.262231281765,162.450992940069,23.3617262955785
generator_outage_G01,generator_outage,23,7,29,6,7,3,0.953428494064471,0.930825645676088,0.954063615658077,-0.0083061361027662,0,0.776844878939017,1.02109303516246,0.99466417045607,1.02518645713165,-0.00718328026333492,0,0.833273392550483,59.9999943494354,59.5357078245914,60.0121499840638,-0.359990681934768,0.0778930667407184,7.72839675604972,20.4859678015088,59.9999944671441,59.5361477185815,60.0138916027558,-0.359988898113365,0.0104664720011264,7.69864573451936,20.397564396987,672.46804441793,669.799115572387,698.812785919026,19.8966757715561,138.262054035867,138.262231281765,162.450992940069,23.3617262955785
generator_outage_G01,generator_outage,24,1,11,7,10,3,1.02689638912936,1.00457037599778,1.02689613197341,-0.0122899050461691,0,0.74056426088649,0.96248990465261,0.939180737540242,0.963267771432672,-0.00824404934061906,0,0.776844878939017,59.9999944671441,59.5361477185815,60.0138916027558,-0.359988898113365,0.0104664720011264,7.69864573451936,20.397564396987,59.9999918043979,59.5364387396801,60.0106575524101,-0.359822088835251,-0.0824370371152725,8.25814079481794,20.2094746714057,672.46804441793,669.799115572387,698.812785919026,19.8966757715561,138.262054035867,138.262231281765,162.450992940069,23.3617262955785
generator_outage_G01,generator_outage,25,18,34,1,3,4,0.993422297824962,0.960778204472743,0.993421901286815,-0.0156485145676577,0,0.991058468296999,1.01230116063239,0.991072313649121,1.01896229143486,-0.00515180620813127,0,0.673017104743431,59.9999934559826,59.9999929154556,59.9999929154556,-5.40526990278067e-07,0,0,0,59.9999938740924,59.5373701780198,60.0069684352811,-0.359966317769043,0.050530114907353,7.72839675604972,20.2860501050901,653.081286728971,650.252472320923,665.569618881877,12.0909618500006,44.6481487675236,44.648332965707,68.1765934905953,22.3121692019561
generator_outage_G01,generator_outage,26,9,34,1,9,4,1.02020766358892,1.00653094176664,1.02052375908399,-0.00543258314519179,0,0.547703587628754,1.01230116063239,0.991072313649121,1.01896229143486,-0.00515180620813127,0,0.673017104743431,59.9999934559826,59.9999929154556,59.9999929154556,-5.40526990278067e-07,0,0,0,59.9999948530335,59.5350058842829,60.0115714399557,-0.360009874493656,0.0935419559217793,7.72839675604972,20.397564396987,653.081286728971,650.252472320923,665.569618881877,12.0909618500006,44.6481487675236,44.648332965707,68.1765934905953,22.3121692019561
generator_outage_G01,generator_outage,27,3,4,2,7,4,0.994475020133488,0.957623987513413,0.99447465088492,-0.0194978805869392,0,17.9035443132924,0.960053104706681,0.932692817413944,0.96005272883502,-0.0118958330731447,0,0.87356918366836,59.9999937660327,59.5382784141082,60.0102589892079,-0.359956985106948,0.0876879254505807,7.66889471298899,20.397564396987,59.9999944671441,59.5361477185815,60.0138916027558,-0.359988898113365,0.0104664720011264,7.69864573451936,20.397564396987,653.081286728971,650.252472320923,665.569618881877,12.0909618500006,44.6481487675236,44.648332965707,68.1765934905953,22.3121692019561
generator_outage_G01,generator_outage,28,22,26,3,5,4,1.0229600920912,1.0022468053461,1.0257893129278,-0.00637910002265829,0,0.673017104743431,1.01926696898686,0.987408151205654,1.0192665756457,-0.0130878896441888,0,0.958593056956671,59.9999938740924,59.5373701780198,60.0069684352811,-0.359966317769043,0.050530114907353,7.72839675604972,20.2860501050901,59.9999949130723,59.5318749047603,60.0235864633084,-0.360031171881054,0.177261442923483,7.66889471298899,20.5743712060307,653.081286728971,650.252472320923,665.569618881877,12.0909618500006,44.6481487675236,44.648332965707,68.1765934905953,22.3121692019561
generator_outage_G01,generator_outage,29,12,15,4,5,4,0.945223588050834,0.92207869533906,0.945732769549199,-0.00832307603577964,0,0.776844878939017,0.973079105652974,0.947365513447486,0.973078694472808,-0.0101094671232524,0,0.833273392550483,59.9999944662808,59.536935957134,60.0151781794642,-0.360001683349175,0.0342945495068258,7.85074200510333,20.4859678015088,59.9999949130723,59.5318749047603,60.0235864633084,-0.360031171881054,0.177261442923483,7.66889471298899,20.5743712060307,653.081286728971,650.252472320923,665.569618881877,12.0909618500006,44.6481487675236,44.648332965707,68.1765934905953,22.3121692019561
generator_outage_G01,generator_outage,30,4,34,5,6,4,0.960053104706681,0.932692817413944,0.96005272883502,-0.0118958330731447,0,0.87356918366836,1.01230116063239,0.991072313649121,1.01896229143486,-0.00515180620813127,0,0.673017104743431,59.9999949130723,59.5318749047603,60.0235864633084,-0.360031171881054,0.177261442923483,7.66889471298899,20.5743712060307,59.9999943494354,59.5357078245914,60.0121499840638,-0.359990681934768,0.0778930667407184,7.72839675604972,20.4859678015088,653.081286728971,650.252472320923,665.569618881877,12.0909618500006,44.6481487675236,44.648332965707,68.1765934905953,22.3121692019561
generator_outage_G01,generator_outage,31,26,33,6,7,4,1.01926696898686,0.987408151205654,1.0192665756457,-0.0130878896441888,0,0.958593056956671,0.997200971921189,0.97782285532887,1.00370080036461,-0.00304725486038848,0,0.492829269491326,59.9999943494354,59.5357078245914,60.0121499840638,-0.359990681934768,0.0778930667407184,7.72839675604972,20.4859678015088,59.9999944671441,59.5361477185815,60.0138916027558,-0.359988898113365,0.0104664720011264,7.69864573451936,20.397564396987,653.081286728971,650.252472320923,665.569618881877,12.0909618500006,44.6481487675236,44.648332965707,68.1765934905953,22.3121692019561
generator_outage_G01,generator_outage,32,14,30,7,10,4,0.965188010297433,0.93961108300144,0.965187625896465,-0.010222802865604,0,0.833273392550483,1.04990040987001,0.971108632844432,1.04990017057094,-0.0596683278739751,0,NaN,59.9999944671441,59.5361477185815,60.0138916027558,-0.359988898113365,0.0104664720011264,7.69864573451936,20.397564396987,59.9999918043979,59.5364387396801,60.0106575524101,-0.359822088835251,-0.0824370371152725,8.25814079481794,20.2094746714057,653.081286728971,650.252472320923,665.569618881877,12.0909618500006,44.6481487675236,44.648332965707,68.1765934905953,22.3121692019561
generator_outage_G01,generator_outage,33,6,33,1,4,5,0.959595788849726,0.936175542099567,0.96021042054141,-0.00845617952339117,0,0.776844878939017,0.997200971921189,0.97782285532887,1.00370080036461,-0.00304725486038848,0,0.492829269491326,59.9999934559826,59.9999929154556,59.9999929154556,-5.40526990278067e-07,0,0,0,59.9999944662808,59.536935957134,60.0151781794642,-0.360001683349175,0.0342945495068258,7.85074200510333,20.4859678015088,517.000719945857,510.829369874077,530.489070630566,13.3273743953497,137.308688158259,137.308465454197,145.899458175157,3.49116970410998
generator_outage_G01,generator_outage,34,33,36,1,9,5,0.997200971921189,0.97782285532887,1.00370080036461,-0.00304725486038848,0,0.492829269491326,1.0636010753349,1.04832376665181,1.06881448631382,-0.00310497817836164,0,0.525724383434498,59.9999934559826,59.9999929154556,59.9999929154556,-5.40526990278067e-07,0,0,0,59.9999948530335,59.5350058842829,60.0115714399557,-0.360009874493656,0.0935419559217793,7.72839675604972,20.397564396987,517.000719945857,510.829369874077,530.489070630566,13.3273743953497,137.308688158259,137.308465454197,145.899458175157,3.49116970410998
generator_outage_G01,generator_outage,35,17,27,2,7,5,0.99507019283339,0.965163778130354,0.99506978189358,-0.0131495726723511,0,0.934012870345174,1.0020543707611,0.971334661349603,1.00205397218291,-0.0129657948646573,0,0.958593056956671,59.9999937660327,59.5382784141082,60.0102589892079,-0.359956985106948,0.0876879254505807,7.66889471298899,20.397564396987,59.9999944671441,59.5361477185815,60.0138916027558,-0.359988898113365,0.0104664720011264,7.69864573451936,20.397564396987,517.000719945857,510.829369874077,530.489070630566,13.3273743953497,137.308688158259,137.308465454197,145.899458175157,3.49116970410998
generator_outage_G01,generator_outage,36,8,36,3,6,5,0.954598516570043,0.932359417080256,0.955205158796338,-0.0082463250428404,0,0.74056426088649,1.0636010753349,1.04832376665181,1.06881448631382,-0.00310497817836164,0,0.525724383434498,59.9999938740924,59.5373701780198,60.0069684352811,-0.359966317769043,0.050530114907353,7.72839675604972,20.2860501050901,59.9999943494354,59.5357078245914,60.0121499840638,-0.359990681934768,0.0778930667407184,7.72839675604972,20.4859678015088,517.000719945857,510.829369874077,530.489070630566,13.3273743953497,137.308688158259,137.308465454197,145.899458175157,3.49116970410998
generator_outage_G01,generator_outage,37,2,11,4,6,5,1.02001684293784,0.97110863284441,1.02001650365959,-0.0297847609418258,0,NaN,0.96248990465261,0.939180737540242,0.963267771432672,-0.00824404934061906,0,0.776844878939017,59.9999944662808,59.536935957134,60.0151781794642,-0.360001683349175,0.0342945495068258,7.85074200510333,20.4859678015088,59.9999943494354,59.5357078245914,60.0121499840638,-0.359990681934768,0.0778930667407184,7.72839675604972,20.4859678015088,517.000719945857,510.829369874077,530.489070630566,13.3273743953497,137.308688158259,137.308465454197,145.899458175157,3.49116970410998
generator_outage_G01,generator_outage,38,20,32,5,6,5,0.987464538640993,0.965736683357297,0.992751490412945,-0.00575339897489657,0,0.713500085655992,0.984100548431793,0.965057373874942,0.988248151059028,-0.00396448426196583,0,0.525724383434498,59.9999949130723,59.5318749047603,60.0235864633084,-0.360031171881054,0.177261442923483,7.66889471298899,20.5743712060307,59.9999943494354,59.5357078245914,60.0121499840638,-0.359990681934768,0.0778930667407184,7.72839675604972,20.4859678015088,517.000719945857,510.829369874077,530.489070630566,13.3273743953497,137.308688158259,137.308465454197,145.899458175157,3.49116970410998
generator_outage_G01,generator_outage,39,11,14,6,8,5,0.96248990465261,0.939180737540242,0.963267771432672,-0.00824404934061906,0,0.776844878939017,0.965188010297433,0.93961108300144,0.965187625896465,-0.010222802865604,0,0.833273392550483,59.9999943494354,59.5357078245914,60.0121499840638,-0.359990681934768,0.0778930667407184,7.72839675604972,20.4859678015088,59.9999936918416,59.5385372569098,60.0471952526081,-0.359938133731127,-0.657597009676094,7.8980489718005,20.2094746714057,517.000719945857,510.829369874077,530.489070630566,13.3273743953497,137.308688158259,137.308465454197,145.899458175157,3.49116970410998
generator_outage_G01,generator_outage,40,4,6,8,9,5,0.960053104706681,0.932692817413944,0.96005272883502,-0.0118958330731447,0,0.87356918366836,0.959595788849726,0.936175542099567,0.96021042054141,-0.00845617952339117,0,0.776844878939017,59.9999936918416,59.5385372569098,60.0471952526081,-0.359938133731127,-0.657597009676094,7.8980489718005,20.2094746714057,59.9999948530335,59.5350058842829,60.0115714399557,-0.360009874493656,0.0935419559217793,7.72839675604972,20.397564396987,517.000719945857,510.829369874077,530.489070630566,13.3273743953497,137.308688158259,137.308465454197,145.899458175157,3.49116970410998
generator_outage_G01,generator_outage,41,24,32,1,4,6,0.999264074901395,0.973720468964012,0.999566267858597,-0.00983188839310667,0,0.833273392550483,0.984100548431793,0.965057373874942,0.988248151059028,-0.00396448426196583,0,0.525724383434498,59.9999934559826,59.9999929154556,59.9999929154556,-5.40526990278067e-07,0,0,0,59.9999944662808,59.536935957134,60.0151781794642,-0.360001683349175,0.0342945495068258,7.85074200510333,20.4859678015088,646.129526212919,642.509022671227,672.962535024181,19.8542699727017,221.895491666939,221.895634079564,243.695585418999,21.4591284014379
generator_outage_G01,generator_outage,42,13,27,1,10,6,0.964270739573376,0.940400945374263,0.964532047113844,-0.00872189007256796,0,0.813125496991545,1.0020543707611,0.971334661349603,1.00205397218291,-0.0129657948646573,0,0.958593056956671,59.9999934559826,59.9999929154556,59.9999929154556,-5.40526990278067e-07,0,0,0,59.9999918043979,59.5364387396801,60.0106575524101,-0.359822088835251,-0.0824370371152725,8.25814079481794,20.2094746714057,646.129526212919,642.509022671227,672.962535024181,19.8542699727017,221.895491666939,221.895634079564,243.695585418999,21.4591284014379
generator_outage_G01,generator_outage,43,5,38,2,8,6,0.958759400236745,0.934931808327311,0.958860786732961,-0.00894444797333405,0,0.813125496991545,1.02650112277428,1.00410791223093,1.03450551902855,-0.00332616525128349,0,0.776844878939017,59.9999937660327,59.5382784141082,60.0102589892079,-0.359956985106948,0.0876879254505807,7.66889471298899,20.397564396987,59.9999936918416,59.5385372569098,60.0471952526081,-0.359938133731127,-0.657597009676094,7.8980489718005,20.2094746714057,646.129526212919,642.509022671227,672.962535024181,19.8542699727017,221.895491666939,221.895634079564,243.695585418999,21.4591284014379
generator_outage_G01,generator_outage,44,29,38,3,6,6,1.02109303516246,0.99466417045607,1.02518645713165,-0.00718328026333492,0,0.833273392550483,1.02650112277428,1.00410791223093,1.03450551902855,-0.00332616525128349,0,0.776844878939017,59.9999938740924,59.5373701780198,60.0069684352811,-0.359966317769043,0.050530114907353,7.72839675604972,20.2860501050901,59.9999943494354,59.5357078245914,60.0121499840638,-0.359990681934768,0.0778930667407184,7.72839675604972,20.4859678015088,646.129526212919,642.509022671227,672.962535024181,19.8542699727017,221.895491666939,221.895634079564,243.695585418999,21.4591284014379
generator_outage_G01,generator_outage,45,16,20,4,6,6,0.991037366929576,0.964947318073227,0.991036940258187,-0.0101849141562929,0,0.833273392550483,0.987464538640993,0.965736683357297,0.992751490412945,-0.00575339897489657,0,0.713500085655992,59.9999944662808,59.536935957134,60.0151781794642,-0.360001683349175,0.0342945495068258,7.85074200510333,20.4859678015088,59.9999943494354,59.5357078245914,60.0121499840638,-0.359990681934768,0.0778930667407184,7.72839675604972,20.4859678015088,646.129526212919,642.509022671227,672.962535024181,19.8542699727017,221.895491666939,221.895634079564,243.695585418999,21.4591284014379
generator_outage_G01,generator_outage,46,7,38,5,7,6,0.953428494064471,0.930825645676088,0.954063615658077,-0.0083061361027662,0,0.776844878939017,1.02650112277428,1.00410791223093,1.03450551902855,-0.00332616525128349,0,0.776844878939017,59.9999949130723,59.5318749047603,60.0235864633084,-0.360031171881054,0.177261442923483,7.66889471298899,20.5743712060307,59.9999944671441,59.5361477185815,60.0138916027558,-0.359988898113365,0.0104664720011264,7.69864573451936,20.397564396987,646.129526212919,642.509022671227,672.962535024181,19.8542699727017,221.895491666939,221.895634079564,243.695585418999,21.4591284014379
generator_outage_G01,generator_outage,47,1,20,6,9,6,1.02689638912936,1.00457037599778,1.02689613197341,-0.0122899050461691,0,0.74056426088649,0.987464538640993,0.965736683357297,0.992751490412945,-0.00575339897489657,0,0.713500085655992,59.9999943494354,59.5357078245914,60.0121499840638,-0.359990681934768,0.0778930667407184,7.72839675604972,20.4859678015088,59.9999948530335,59.5350058842829,60.0115714399557,-0.360009874493656,0.0935419559217793,7.72839675604972,20.397564396987,646.129526212919,642.509022671227,672.962535024181,19.8542699727017,221.895491666939,221.895634079564,243.695585418999,21.4591284014379
generator_outage_G01,generator_outage,48,19,23,8,9,6,0.990604210848697,0.968262775915282,0.994937005540587,-0.00614853074151867,0,0.74056426088649,1.02167685351485,1.00118349444096,1.02453151278532,-0.00646376741489618,0,0.65277561428715,59.9999936918416,59.5385372569098,60.0471952526081,-0.359938133731127,-0.657597009676094,7.8980489718005,20.2094746714057,59.9999948530335,59.5350058842829,60.0115714399557,-0.360009874493656,0.0935419559217793,7.72839675604972,20.397564396987,646.129526212919,642.509022671227,672.962535024181,19.8542699727017,221.895491666939,221.895634079564,243.695585418999,21.4591284014379
generator_outage_G01,generator_outage,49,10,14,1,5,7,0.965720649152829,0.942521418661375,0.966580614797842,-0.00808569280971683,0,0.776844878939017,0.965188010297433,0.93961108300144,0.965187625896465,-0.010222802865604,0,0.833273392550483,59.9999934559826,59.9999929154556,59.9999929154556,-5.40526990278067e-07,0,0,0,59.9999949130723,59.5318749047603,60.0235864633084,-0.360031171881054,0.177261442923483,7.66889471298899,20.5743712060307,525.642776165619,523.523314931306,542.173093551785,16.323671568824,188.546381008994,188.546577690938,208.512247453302,14.8085469358182
generator_outage_G01,generator_outage,50,3,13,2,3,7,0.994475020133488,0.957623987513413,0.99447465088492,-0.0194978805869392,0,17.9035443132924,0.964270739573376,0.940400945374263,0.964532047113844,-0.00872189007256796,0,0.813125496991545,59.9999937660327,59.5382784141082,60.0102589892079,-0.359956985106948,0.0876879254505807,7.66889471298899,20.397564396987,59.9999938740924,59.5373701780198,60.0069684352811,-0.359966317769043,0.050530114907353,7.72839675604972,20.2860501050901,525.642776165619,523.523314931306,542.173093551785,16.323671568824,188.546381008994,188.546577690938,208.512247453302,14.8085469358182
generator_outage_G01,generator_outage,51,22,35,2,8,7,1.0229600920912,1.0022468053461,1.0257893129278,-0.00637910002265829,0,0.673017104743431,1.04940121508332,1.03176798174956,1.05390737216195,-0.00363082464720721,0,0.547703587628754,59.9999937660327,59.5382784141082,60.0102589892079,-0.359956985106948,0.0876879254505807,7.66889471298899,20.397564396987,59.9999936918416,59.5385372569098,60.0471952526081,-0.359938133731127,-0.657597009676094,7.8980489718005,20.2094746714057,525.642776165619,523.523314931306,542.173093551785,16.323671568824,188.546381008994,188.546577690938,208.512247453302,14.8085469358182
generator_outage_G01,generator_outage,52,12,25,3,7,7,0.945223588050834,0.92207869533906,0.945732769549199,-0.00832307603577964,0,0.776844878939017,1.02838004290673,0.989980263259846,1.02837976212162,-0.0185946316963483,0,8.70446897080877,59.9999938740924,59.5373701780198,60.0069684352811,-0.359966317769043,0.050530114907353,7.72839675604972,20.2860501050901,59.9999944671441,59.5361477185815,60.0138916027558,-0.359988898113365,0.0104664720011264,7.69864573451936,20.397564396987,525.642776165619,523.523314931306,542.173093551785,16.323671568824,188.546381008994,188.546577690938,208.512247453302,14.8085469358182
generator_outage_G01,generator_outage,53,5,9,4,7,7,0.958759400236745,0.934931808327311,0.958860786732961,-0.00894444797333405,0,0.813125496991545,1.02020766358892,1.00653094176664,1.02052375908399,-0.00543258314519179,0,0.547703587628754,59.9999944662808,59.536935957134,60.0151781794642,-0.360001683349175,0.0342945495068258,7.85074200510333,20.4859678015088,59.9999944671441,59.5361477185815,60.0138916027558,-0.359988898113365,0.0104664720011264,7.69864573451936,20.397564396987,525.642776165619,523.523314931306,542.173093551785,16.323671568824,188.546381008994,188.546577690938,208.512247453302,14.8085469358182
generator_outage_G01,generator_outage,54,27,30,5,7,7,1.0020543707611,0.971334661349603,1.00205397218291,-0.0129657948646573,0,0.958593056956671,1.04990040987001,0.971108632844432,1.04990017057094,-0.0596683278739751,0,NaN,59.9999949130723,59.5318749047603,60.0235864633084,-0.360031171881054,0.177261442923483,7.66889471298899,20.5743712060307,59.9999944671441,59.5361477185815,60.0138916027558,-0.359988898113365,0.0104664720011264,7.69864573451936,20.397564396987,525.642776165619,523.523314931306,542.173093551785,16.323671568824,188.546381008994,188.546577690938,208.512247453302,14.8085469358182
generator_outage_G01,generator_outage,55,14,39,6,9,7,0.965188010297433,0.93961108300144,0.965187625896465,-0.010222802865604,0,0.833273392550483,1.03000013409431,1.02416661696975,1.03000005001758,-0.00284705711181776,0,0.525724383434498,59.9999943494354,59.5357078245914,60.0121499840638,-0.359990681934768,0.0778930667407184,7.72839675604972,20.4859678015088,59.9999948530335,59.5350058842829,60.0115714399557,-0.360009874493656,0.0935419559217793,7.72839675604972,20.397564396987,525.642776165619,523.523314931306,542.173093551785,16.323671568824,188.546381008994,188.546577690938,208.512247453302,14.8085469358182
generator_outage_G01,generator_outage,56,7,10,8,10,7,0.953428494064471,0.930825645676088,0.954063615658077,-0.0083061361027662,0,0.776844878939017,0.965720649152829,0.942521418661375,0.966580614797842,-0.00808569280971683,0,0.776844878939017,59.9999936918416,59.5385372569098,60.0471952526081,-0.359938133731127,-0.657597009676094,7.8980489718005,20.2094746714057,59.9999918043979,59.5364387396801,60.0106575524101,-0.359822088835251,-0.0824370371152725,8.25814079481794,20.2094746714057,525.642776165619,523.523314931306,542.173093551785,16.323671568824,188.546381008994,188.546577690938,208.512247453302,14.8085469358182
generator_outage_G01,generator_outage,57,35,36,1,5,8,1.04940121508332,1.03176798174956,1.05390737216195,-0.00363082464720721,0,0.547703587628754,1.0636010753349,1.04832376665181,1.06881448631382,-0.00310497817836164,0,0.525724383434498,59.9999934559826,59.9999929154556,59.9999929154556,-5.40526990278067e-07,0,0,0,59.9999949130723,59.5318749047603,60.0235864633084,-0.360031171881054,0.177261442923483,7.66889471298899,20.5743712060307,535.98704469732,516.119020702376,557.293116102611,11.6360570860129,13.8483715662576,13.8484934426564,75.9230864051649,56.1375519651862
generator_outage_G01,generator_outage,58,17,36,2,3,8,0.99507019283339,0.965163778130354,0.99506978189358,-0.0131495726723511,0,0.934012870345174,1.0636010753349,1.04832376665181,1.06881448631382,-0.00310497817836164,0,0.525724383434498,59.9999937660327,59.5382784141082,60.0102589892079,-0.359956985106948,0.0876879254505807,7.66889471298899,20.397564396987,59.9999938740924,59.5373701780198,60.0069684352811,-0.359966317769043,0.050530114907353,7.72839675604972,20.2860501050901,535.98704469732,516.119020702376,557.293116102611,11.6360570860129,13.8483715662576,13.8484934426564,75.9230864051649,56.1375519651862
generator_outage_G01,generator_outage,59,9,15,2,9,8,1.02020766358892,1.00653094176664,1.02052375908399,-0.00543258314519179,0,0.547703587628754,0.973079105652974,0.947365513447486,0.973078694472808,-0.0101094671232524,0,0.833273392550483,59.9999937660327,59.5382784141082,60.0102589892079,-0.359956985106948,0.0876879254505807,7.66889471298899,20.397564396987,59.9999948530335,59.5350058842829,60.0115714399557,-0.360009874493656,0.0935419559217793,7.72839675604972,20.397564396987,535.98704469732,516.119020702376,557.293116102611,11.6360570860129,13.8483715662576,13.8484934426564,75.9230864051649,56.1375519651862
generator_outage_G01,generator_outage,60,2,21,3,8,8,1.02001684293784,0.97110863284441,1.02001650365959,-0.0297847609418258,0,NaN,0.997579594018811,0.974046334127308,0.998841936758179,-0.00850230027379106,0,0.776844878939017,59.9999938740924,59.5373701780198,60.0069684352811,-0.359966317769043,0.050530114907353,7.72839675604972,20.2860501050901,59.9999936918416,59.5385372569098,60.0471952526081,-0.359938133731127,-0.657597009676094,7.8980489718005,20.2094746714057,535.98704469732,516.119020702376,557.293116102611,11.6360570860129,13.8483715662576,13.8484934426564,75.9230864051649,56.1375519651862
generator_outage_G01,generator_outage,61,21,23,4,7,8,0.997579594018811,0.974046334127308,0.998841936758179,-0.00850230027379106,0,0.776844878939017,1.02167685351485,1.00118349444096,1.02453151278532,-0.00646376741489618,0,0.65277561428715,59.9999944662808,59.536935957134,60.0151781794642,-0.360001683349175,0.0342945495068258,7.85074200510333,20.4859678015088,59.9999944671441,59.5361477185815,60.0138916027558,-0.359988898113365,0.0104664720011264,7.69864573451936,20.397564396987,535.98704469732,516.119020702376,557.293116102611,11.6360570860129,13.8483715662576,13.8484934426564,75.9230864051649,56.1375519651862
generator_outage_G01,generator_outage,62,11,23,5,8,8,0.96248990465261,0.939180737540242,0.963267771432672,-0.00824404934061906,0,0.776844878939017,1.02167685351485,1.00118349444096,1.02453151278532,-0.00646376741489618,0,0.65277561428715,59.9999949130723,59.5318749047603,60.0235864633084,-0.360031171881054,0.177261442923483,7.66889471298899,20.5743712060307,59.9999936918416,59.5385372569098,60.0471952526081,-0.359938133731127,-0.657597009676094,7.8980489718005,20.2094746714057,535.98704469732,516.119020702376,557.293116102611,11.6360570860129,13.8483715662576,13.8484934426564,75.9230864051649,56.1375519651862
generator_outage_G01,generator_outage,63,4,15,6,10,8,0.960053104706681,0.932692817413944,0.96005272883502,-0.0118958330731447,0,0.87356918366836,0.973079105652974,0.947365513447486,0.973078694472808,-0.0101094671232524,0,0.833273392550483,59.9999943494354,59.5357078245914,60.0121499840638,-0.359990681934768,0.0778930667407184,7.72839675604972,20.4859678015088,59.9999918043979,59.5364387396801,60.0106575524101,-0.359822088835251,-0.0824370371152725,8.25814079481794,20.2094746714057,535.98704469732,516.119020702376,557.293116102611,11.6360570860129,13.8483715662576,13.8484934426564,75.9230864051649,56.1375519651862
generator_outage_G01,generator_outage,64,25,27,8,10,8,1.02838004290673,0.989980263259846,1.02837976212162,-0.0185946316963483,0,8.70446897080877,1.0020543707611,0.971334661349603,1.00205397218291,-0.0129657948646573,0,0.958593056956671,59.9999936918416,59.5385372569098,60.0471952526081,-0.359938133731127,-0.657597009676094,7.8980489718005,20.2094746714057,59.9999918043979,59.5364387396801,60.0106575524101,-0.359822088835251,-0.0824370371152725,8.25814079481794,20.2094746714057,535.98704469732,516.119020702376,557.293116102611,11.6360570860129,13.8483715662576,13.8484934426564,75.9230864051649,56.1375519651862
generator_outage_G01,generator_outage,65,13,36,1,6,9,0.964270739573376,0.940400945374263,0.964532047113844,-0.00872189007256796,0,0.813125496991545,1.0636010753349,1.04832376665181,1.06881448631382,-0.00310497817836164,0,0.525724383434498,59.9999934559826,59.9999929154556,59.9999929154556,-5.40526990278067e-07,0,0,0,59.9999943494354,59.5357078245914,60.0121499840638,-0.359990681934768,0.0778930667407184,7.72839675604972,20.4859678015088,821.976188999109,817.355797602876,849.101749142887,19.8649513079839,43.6266753165716,43.6266901016509,72.8217085944177,27.0097415271024
generator_outage_G01,generator_outage,66,6,14,2,4,9,0.959595788849726,0.936175542099567,0.96021042054141,-0.00845617952339117,0,0.776844878939017,0.965188010297433,0.93961108300144,0.965187625896465,-0.010222802865604,0,0.833273392550483,59.9999937660327,59.5382784141082,60.0102589892079,-0.359956985106948,0.0876879254505807,7.66889471298899,20.397564396987,59.9999944662808,59.536935957134,60.0151781794642,-0.360001683349175,0.0342945495068258,7.85074200510333,20.4859678015088,821.976188999109,817.355797602876,849.101749142887,19.8649513079839,43.6266753165716,43.6266901016509,72.8217085944177,27.0097415271024
generator_outage_G01,generator_outage,67,30,38,2,9,9,1.04990040987001,0.971108632844432,1.04990017057094,-0.0596683278739751,0,NaN,1.02650112277428,1.00410791223093,1.03450551902855,-0.00332616525128349,0,0.776844878939017,59.9999937660327,59.5382784141082,60.0102589892079,-0.359956985106948,0.0876879254505807,7.66889471298899,20.397564396987,59.9999948530335,59.5350058842829,60.0115714399557,-0.360009874493656,0.0935419559217793,7.72839675604972,20.397564396987,821.976188999109,817.355797602876,849.101749142887,19.8649513079839,43.6266753165716,43.6266901016509,72.8217085944177,27.0097415271024
generator_outage_G01,generator_outage,68,16,30,3,8,9,0.991037366929576,0.964947318073227,0.991036940258187,-0.0101849141562929,0,0.833273392550483,1.04990040987001,0.971108632844432,1.04990017057094,-0.0596683278739751,0,NaN,59.9999938740924,59.5373701780198,60.0069684352811,-0.359966317769043,0.050530114907353,7.72839675604972,20.2860501050901,59.9999936918416,59.5385372569098,60.0471952526081,-0.359938133731127,-0.657597009676094,7.8980489718005,20.2094746714057,821.976188999109,817.355797602876,849.101749142887,19.8649513079839,43.6266753165716,43.6266901016509,72.8217085944177,27.0097415271024
generator_outage_G01,generator_outage,69,8,16,4,8,9,0.954598516570043,0.932359417080256,0.955205158796338,-0.0082463250428404,0,0.74056426088649,0.991037366929576,0.964947318073227,0.991036940258187,-0.0101849141562929,0,0.833273392550483,59.9999944662808,59.536935957134,60.0151781794642,-0.360001683349175,0.0342945495068258,7.85074200510333,20.4859678015088,59.9999936918416,59.5385372569098,60.0471952526081,-0.359938133731127,-0.657597009676094,7.8980489718005,20.2094746714057,821.976188999109,817.355797602876,849.101749142887,19.8649513079839,43.6266753165716,43.6266901016509,72.8217085944177,27.0097415271024
generator_outage_G01,generator_outage,70,1,29,5,9,9,1.02689638912936,1.00457037599778,1.02689613197341,-0.0122899050461691,0,0.74056426088649,1.02109303516246,0.99466417045607,1.02518645713165,-0.00718328026333492,0,0.833273392550483,59.9999949130723,59.5318749047603,60.0235864633084,-0.360031171881054,0.177261442923483,7.66889471298899,20.5743712060307,59.9999948530335,59.5350058842829,60.0115714399557,-0.360009874493656,0.0935419559217793,7.72839675604972,20.397564396987,821.976188999109,817.355797602876,849.101749142887,19.8649513079839,43.6266753165716,43.6266901016509,72.8217085944177,27.0097415271024
generator_outage_G01,generator_outage,71,19,32,6,10,9,0.990604210848697,0.968262775915282,0.994937005540587,-0.00614853074151867,0,0.74056426088649,0.984100548431793,0.965057373874942,0.988248151059028,-0.00396448426196583,0,0.525724383434498,59.9999943494354,59.5357078245914,60.0121499840638,-0.359990681934768,0.0778930667407184,7.72839675604972,20.4859678015088,59.9999918043979,59.5364387396801,60.0106575524101,-0.359822088835251,-0.0824370371152725,8.25814079481794,20.2094746714057,821.976188999109,817.355797602876,849.101749142887,19.8649513079839,43.6266753165716,43.6266901016509,72.8217085944177,27.0097415271024
generator_outage_G01,generator_outage,72,10,23,9,10,9,0.965720649152829,0.942521418661375,0.966580614797842,-0.00808569280971683,0,0.776844878939017,1.02167685351485,1.00118349444096,1.02453151278532,-0.00646376741489618,0,0.65277561428715,59.9999948530335,59.5350058842829,60.0115714399557,-0.360009874493656,0.0935419559217793,7.72839675604972,20.397564396987,59.9999918043979,59.5364387396801,60.0106575524101,-0.359822088835251,-0.0824370371152725,8.25814079481794,20.2094746714057,821.976188999109,817.355797602876,849.101749142887,19.8649513079839,43.6266753165716,43.6266901016509,72.8217085944177,27.0097415271024
generator_outage_G01,generator_outage,73,3,22,1,7,10,0.994475020133488,0.957623987513413,0.99447465088492,-0.0194978805869392,0,17.9035443132924,1.0229600920912,1.0022468053461,1.0257893129278,-0.00637910002265829,0,0.673017104743431,59.9999934559826,59.9999929154556,59.9999929154556,-5.40526990278067e-07,0,0,0,59.9999944671441,59.5361477185815,60.0138916027558,-0.359988898113365,0.0104664720011264,7.69864573451936,20.397564396987,950.434923998617,890.443984552585,1123.99087478076,15.1022424112873,226.715283095974,226.717022777616,327.786556698013,47.1629502397599
generator_outage_G01,generator_outage,74,23,28,2,4,10,1.02167685351485,1.00118349444096,1.02453151278532,-0.00646376741489618,0,0.65277561428715,1.01980319076653,0.991799933722593,1.02200076229847,-0.00880508609430763,0,0.87356918366836,59.9999937660327,59.5382784141082,60.0102589892079,-0.359956985106948,0.0876879254505807,7.66889471298899,20.397564396987,59.9999944662808,59.536935957134,60.0151781794642,-0.360001683349175,0.0342945495068258,7.85074200510333,20.4859678015088,950.434923998617,890.443984552585,1123.99087478076,15.1022424112873,226.715283095974,226.717022777616,327.786556698013,47.1629502397599
generator_outage_G01,generator_outage,75,12,34,2,10,10,0.945223588050834,0.92207869533906,0.945732769549199,-0.00832307603577964,0,0.776844878939017,1.01230116063239,0.991072313649121,1.01896229143486,-0.00515180620813127,0,0.673017104743431,59.9999937660327,59.5382784141082,60.0102589892079,-0.359956985106948,0.0876879254505807,7.66889471298899,20.397564396987,59.9999918043979,59.5364387396801,60.0106575524101,-0.359822088835251,-0.0824370371152725,8.25814079481794,20.2094746714057,950.434923998617,890.443984552585,1123.99087478076,15.1022424112873,226.715283095974,226.717022777616,327.786556698013,47.1629502397599
generator_outage_G01,generator_outage,76,5,19,3,9,10,0.958759400236745,0.934931808327311,0.958860786732961,-0.00894444797333405,0,0.813125496991545,0.990604210848697,0.968262775915282,0.994937005540587,-0.00614853074151867,0,0.74056426088649,59.9999938740924,59.5373701780198,60.0069684352811,-0.359966317769043,0.050530114907353,7.72839675604972,20.2860501050901,59.9999948530335,59.5350058842829,60.0115714399557,-0.360009874493656,0.0935419559217793,7.72839675604972,20.397564396987,950.434923998617,890.443984552585,1123.99087478076,15.1022424112873,226.715283095974,226.717022777616,327.786556698013,47.1629502397599
generator_outage_G01,generator_outage,77,27,39,4,8,10,1.0020543707611,0.971334661349603,1.00205397218291,-0.0129657948646573,0,0.958593056956671,1.03000013409431,1.02416661696975,1.03000005001758,-0.00284705711181776,0,0.525724383434498,59.9999944662808,59.536935957134,60.0151781794642,-0.360001683349175,0.0342945495068258,7.85074200510333,20.4859678015088,59.9999936918416,59.5385372569098,60.0471952526081,-0.359938133731127,-0.657597009676094,7.8980489718005,20.2094746714057,950.434923998617,890.443984552585,1123.99087478076,15.1022424112873,226.715283095974,226.717022777616,327.786556698013,47.1629502397599
generator_outage_G01,generator_outage,78,15,24,5,9,10,0.973079105652974,0.947365513447486,0.973078694472808,-0.0101094671232524,0,0.833273392550483,0.999264074901395,0.973720468964012,0.999566267858597,-0.00983188839310667,0,0.833273392550483,59.9999949130723,59.5318749047603,60.0235864633084,-0.360031171881054,0.177261442923483,7.66889471298899,20.5743712060307,59.9999948530335,59.5350058842829,60.0115714399557,-0.360009874493656,0.0935419559217793,7.72839675604972,20.397564396987,950.434923998617,890.443984552585,1123.99087478076,15.1022424112873,226.715283095974,226.717022777616,327.786556698013,47.1629502397599
generator_outage_G01,generator_outage,79,7,19,7,8,10,0.953428494064471,0.930825645676088,0.954063615658077,-0.0083061361027662,0,0.776844878939017,0.990604210848697,0.968262775915282,0.994937005540587,-0.00614853074151867,0,0.74056426088649,59.9999944671441,59.5361477185815,60.0138916027558,-0.359988898113365,0.0104664720011264,7.69864573451936,20.397564396987,59.9999936918416,59.5385372569098,60.0471952526081,-0.359938133731127,-0.657597009676094,7.8980489718005,20.2094746714057,950.434923998617,890.443984552585,1123.99087478076,15.1022424112873,226.715283095974,226.717022777616,327.786556698013,47.1629502397599
generator_outage_G01,generator_outage,80,38,39,9,10,10,1.02650112277428,1.00410791223093,1.03450551902855,-0.00332616525128349,0,0.776844878939017,1.03000013409431,1.02416661696975,1.03000005001758,-0.00284705711181776,0,0.525724383434498,59.9999948530335,59.5350058842829,60.0115714399557,-0.360009874493656,0.0935419559217793,7.72839675604972,20.397564396987,59.9999918043979,59.5364387396801,60.0106575524101,-0.359822088835251,-0.0824370371152725,8.25814079481794,20.2094746714057,950.434923998617,890.443984552585,1123.99087478076,15.1022424112873,226.715283095974,226.717022777616,327.786556698013,47.1629502397599
generator_outage_G03,generator_outage,1,1,2,1,2,1,1.02689638912936,1.01821993099016,1.02778610807241,-0.00657064448522759,0,9.16582856721971,1.02001684293784,1.00429096241337,1.02001650365959,-0.011296832165697,0,1.02780910255715,59.9999934559826,58.1437002199452,59.9999929154556,-1.37092901868154,-1.68581081047862,8.37799135930357,25.2297766866429,59.9999937660327,58.1252969846489,59.9999930308482,-1.37065178198227,-1.99978631668495,8.40691046099922,25.2297766866429,247.351644502021,247.351919448914,341.757089934676,63.1610874614551,178.513910467193,178.514465299017,237.114370563234,51.483138398915
generator_outage_G03,generator_outage,2,18,25,1,7,1,0.993422297824962,0.970726361363075,0.993421901286815,-0.016727407998084,0,9.27115060790721,1.02838004290673,1.01426561712938,1.02837976212162,-0.00749699895909184,0,1.02780910255715,59.9999934559826,58.1437002199452,59.9999929154556,-1.37092901868154,-1.68581081047862,8.37799135930357,25.2297766866429,59.9999944671441,58.1378283008816,59.9999939609786,-1.37113291950428,-0.73482326934894,8.29123405421662,25.2842661591985,247.351644502021,247.351919448914,341.757089934676,63.1610874614551,178.513910467193,178.514465299017,237.114370563234,51.483138398915
generator_outage_G03,generator_outage,3,9,25,2,5,1,1.02020766358892,1.01027684943059,1.02020741569325,-0.00565252607933808,0,0.0133714810129371,1.02838004290673,1.01426561712938,1.02837976212162,-0.00749699895909184,0,1.02780910255715,59.9999937660327,58.1252969846489,59.9999930308482,-1.37065178198227,-1.99978631668495,8.40691046099922,25.2297766866429,59.9999949130723,58.1329747433609,59.9999943446027,-1.37116354437069,-0.177778688566233,8.07246759345437,25.2297766866429,247.351644502021,247.351919448914,341.757089934676,63.1610874614551,178.513910467193,178.514465299017,237.114370563234,51.483138398915
generator_outage_G03,generator_outage,4,2,31,3,4,1,1.02001684293784,1.00429096241337,1.02001650365959,-0.011296832165697,0,1.02780910255715,0.982000570674875,0.948753605686033,0.983483074067988,-0.00984331571258346,0,1.33627261031231,59.9999938740924,59.9999931528418,59.9999931528418,-7.21250508206595e-07,0,0,0,59.9999944662808,58.1410230131014,59.9999937866105,-1.37110127094522,-0.836891084967844,8.18185082383549,25.2297766866429,247.351644502021,247.351919448914,341.757089934676,63.1610874614551,178.513910467193,178.514465299017,237.114370563234,51.483138398915
generator_outage_G03,generator_outage,5,21,33,3,9,1,0.997579594018811,0.974030827089898,0.99757917147838,-0.0174287572228982,0,12.9079676513622,0.997200971921189,0.973225505868591,0.997726611660497,-0.00881573671736791,0,1.16199389843432,59.9999938740924,59.9999931528418,59.9999931528418,-7.21250508206595e-07,0,0,0,59.9999948530335,58.1341434733506,59.9999937595388,-1.37113016526962,-0.208756015149438,8.12715920864493,25.2297766866429,247.351644502021,247.351919448914,341.757089934676,63.1610874614551,178.513910467193,178.514465299017,237.114370563234,51.483138398915
generator_outage_G03,generator_outage,6,11,33,4,9,1,0.96248990465261,0.932725848002535,0.962489524218583,-0.0196874338128641,0,23.8105181812088,0.997200971921189,0.973225505868591,0.997726611660497,-0.00881573671736791,0,1.16199389843432,59.9999944662808,58.1410230131014,59.9999937866105,-1.37110127094522,-0.836891084967844,8.18185082383549,25.2297766866429,59.9999948530335,58.1341434733506,59.9999937595388,-1.37113016526962,-0.208756015149438,8.12715920864493,25.2297766866429,247.351644502021,247.351919448914,341.757089934676,63.1610874614551,178.513910467193,178.514465299017,237.114370563234,51.483138398915
generator_outage_G03,generator_outage,7,4,25,5,10,1,0.960053104706681,0.936010380042001,0.96005272883502,-0.0161506207241312,0,1.26898730350828,1.02838004290673,1.01426561712938,1.02837976212162,-0.00749699895909184,0,1.02780910255715,59.9999949130723,58.1329747433609,59.9999943446027,-1.37116354437069,-0.177778688566233,8.07246759345437,25.2297766866429,59.9999918043979,58.1428150367793,59.9999905544695,-1.37074567518061,-0.252177557536143,7.68593474665056,25.1752872140872,247.351644502021,247.351919448914,341.757089934676,63.1610874614551,178.513910467193,178.514465299017,237.114370563234,51.483138398915
generator_outage_G03,generator_outage,8,25,37,7,8,1,1.02838004290673,1.01426561712938,1.02837976212162,-0.00749699895909184,0,1.02780910255715,1.02750054732654,1.01548738494091,1.02750028868048,-0.0062872853731557,0,0.995784476656183,59.9999944671441,58.1378283008816,59.9999939609786,-1.37113291950428,-0.73482326934894,8.29123405421662,25.2842661591985,59.9999936918416,58.1450098242404,59.9999929808452,-1.37094008589254,-0.689762925979028,8.34907225760792,25.2297766866429,247.351644502021,247.351919448914,341.757089934676,63.1610874614551,178.513910467193,178.514465299017,237.114370563234,51.483138398915
generator_outage_G03,generator_outage,9,14,21,1,2,2,0.965188010297433,0.93913820647682,0.965187625896465,-0.0185454773541923,0,15.290409562802,0.997579594018811,0.974030827089898,0.99757917147838,-0.0174287572228982,0,12.9079676513622,59.9999934559826,58.1437002199452,59.9999929154556,-1.37092901868154,-1.68581081047862,8.37799135930357,25.2297766866429,59.9999937660327,58.1252969846489,59.9999930308482,-1.37065178198227,-1.99978631668495,8.40691046099922,25.2297766866429,699.11655373899,661.112927807671,781.744366167034,51.7027101296201,156.180710399892,148.228715361896,190.866481133826,31.3820890771135
generator_outage_G03,generator_outage,10,6,24,1,8,2,0.959595788849726,0.93322712522354,0.959595405388814,-0.0150725039763794,0,1.29488789254347,0.999264074901395,0.974268256916331,0.999263645090658,-0.0184210103360833,0,15.3725909876052,59.9999934559826,58.1437002199452,59.9999929154556,-1.37092901868154,-1.68581081047862,8.37799135930357,25.2297766866429,59.9999936918416,58.1450098242404,59.9999929808452,-1.37094008589254,-0.689762925979028,8.34907225760792,25.2297766866429,699.11655373899,661.112927807671,781.744366167034,51.7027101296201,156.180710399892,148.228715361896,190.866481133826,31.3820890771135
generator_outage_G03,generator_outage,11,32,33,2,5,2,0.984100548431793,0.933702583458202,0.98410020178925,-0.0408878959792212,0,NaN,0.997200971921189,0.973225505868591,0.997726611660497,-0.00881573671736791,0,1.16199389843432,59.9999937660327,58.1252969846489,59.9999930308482,-1.37065178198227,-1.99978631668495,8.40691046099922,25.2297766866429,59.9999949130723,58.1329747433609,59.9999943446027,-1.37116354437069,-0.177778688566233,8.07246759345437,25.2297766866429,699.11655373899,661.112927807671,781.744366167034,51.7027101296201,156.180710399892,148.228715361896,190.866481133826,31.3820890771135
generator_outage_G03,generator_outage,12,17,18,3,4,2,0.99507019283339,0.97115066988504,0.99506978189358,-0.0171698187069123,0,10.4955833610973,0.993422297824962,0.970726361363075,0.993421901286815,-0.016727407998084,0,9.27115060790721,59.9999938740924,59.9999931528418,59.9999931528418,-7.21250508206595e-07,0,0,0,59.9999944662808,58.1410230131014,59.9999937866105,-1.37110127094522,-0.836891084967844,8.18185082383549,25.2297766866429,699.11655373899,661.112927807671,781.744366167034,51.7027101296201,156.180710399892,148.228715361896,190.866481133826,31.3820890771135
generator_outage_G03,generator_outage,13,8,26,3,10,2,0.954598516570043,0.932015012686932,0.954598142528851,-0.012923299796334,0,0.099402101570043,1.01926696898686,0.995552023796832,1.0192665756457,-0.013820889221867,0,1.14673034791592,59.9999938740924,59.9999931528418,59.9999931528418,-7.21250508206595e-07,0,0,0,59.9999918043979,58.1428150367793,59.9999905544695,-1.37074567518061,-0.252177557536143,7.68593474665056,25.1752872140872,699.11655373899,661.112927807671,781.744366167034,51.7027101296201,156.180710399892,148.228715361896,190.866481133826,31.3820890771135
generator_outage_G03,generator_outage,14,1,39,4,10,2,1.02689638912936,1.01821993099016,1.02778610807241,-0.00657064448522759,0,9.16582856721971,1.03000013409431,1.02729484287458,1.03000005001758,-0.00199507203732563,0,6.52920614665486e-05,59.9999944662808,58.1410230131014,59.9999937866105,-1.37110127094522,-0.836891084967844,8.18185082383549,25.2297766866429,59.9999918043979,58.1428150367793,59.9999905544695,-1.37074567518061,-0.252177557536143,7.68593474665056,25.1752872140872,699.11655373899,661.112927807671,781.744366167034,51.7027101296201,156.180710399892,148.228715361896,190.866481133826,31.3820890771135
generator_outage_G03,generator_outage,15,20,23,5,10,2,0.987464538640993,0.95701390576338,0.987464063594078,-0.016133317187907,0,2.25273745805037,1.02167685351485,1.00068942953767,1.02167644552061,-0.0151627158299561,0,5.6682416737142,59.9999949130723,58.1329747433609,59.9999943446027,-1.37116354437069,-0.177778688566233,8.07246759345437,25.2297766866429,59.9999918043979,58.1428150367793,59.9999905544695,-1.37074567518061,-0.252177557536143,7.68593474665056,25.1752872140872,699.11655373899,661.112927807671,781.744366167034,51.7027101296201,156.180710399892,148.228715361896,190.866481133826,31.3820890771135
generator_outage_G03,generator_outage,16,10,33,7,9,2,0.965720649152829,0.933702583458202,0.965720272081748,-0.0225079967002569,0,NaN,0.997200971921189,0.973225505868591,0.997726611660497,-0.00881573671736791,0,1.16199389843432,59.9999944671441,58.1378283008816,59.9999939609786,-1.37113291950428,-0.73482326934894,8.29123405421662,25.2842661591985,59.9999948530335,58.1341434733506,59.9999937595388,-1.37113016526962,-0.208756015149438,8.12715920864493,25.2297766866429,699.11655373899,661.112927807671,781.744366167034,51.7027101296201,156.180710399892,148.228715361896,190.866481133826,31.3820890771135
generator_outage_G03,generator_outage,17,3,32,1,3,3,0.994475020133488,0.973994785649409,0.99447465088492,-0.015551717161404,0,1.13146679739751,0.984100548431793,0.933702583458202,0.98410020178925,-0.0408878959792212,0,NaN,59.9999934559826,58.1437002199452,59.9999929154556,-1.37092901868154,-1.68581081047862,8.37799135930357,25.2297766866429,59.9999938740924,59.9999931528418,59.9999931528418,-7.21250508206595e-07,0,0,0,672.46804441793,0,672.468208792161,-672.46804441793,138.262054035867,0,138.262231281765,-138.262054035867
generator_outage_G03,generator_outage,18,23,38,1,8,3,1.02167685351485,1.00068942953767,1.02167644552061,-0.0151627158299561,0,5.6682416737142,1.02650112277428,0.999650057781447,1.02666906007425,-0.00869976425028374,0,1.13146679739751,59.9999934559826,58.1437002199452,59.9999929154556,-1.37092901868154,-1.68581081047862,8.37799135930357,25.2297766866429,59.9999936918416,58.1450098242404,59.9999929808452,-1.37094008589254,-0.689762925979028,8.34907225760792,25.2297766866429,672.46804441793,0,672.468208792161,-672.46804441793,138.262054035867,0,138.262231281765,-138.262054035867
generator_outage_G03,generator_outage,19,13,18,2,6,3,0.964270739573376,0.934388002908547,0.964270361507435,-0.0209431108248127,0,NaN,0.993422297824962,0.970726361363075,0.993421901286815,-0.016727407998084,0,9.27115060790721,59.9999937660327,58.1252969846489,59.9999930308482,-1.37065178198227,-1.99978631668495,8.40691046099922,25.2297766866429,59.9999943494354,58.137003687578,59.9999939661539,-1.37112699141991,-0.676941995663336,8.29123405421662,25.2842661591985,672.46804441793,0,672.468208792161,-672.46804441793,138.262054035867,0,138.262231281765,-138.262054035867
generator_outage_G03,generator_outage,20,5,29,3,5,3,0.958759400236745,0.933483195262644,0.958759018711514,-0.0147129602312346,0,1.28072721008939,1.02109303516246,0.993003672457127,1.02109257282773,-0.0125369682224161,0,6.74117508363266,59.9999938740924,59.9999931528418,59.9999931528418,-7.21250508206595e-07,0,0,0,59.9999949130723,58.1329747433609,59.9999943446027,-1.37116354437069,-0.177778688566233,8.07246759345437,25.2297766866429,672.46804441793,0,672.468208792161,-672.46804441793,138.262054035867,0,138.262231281765,-138.262054035867
generator_outage_G03,generator_outage,21,28,38,3,10,3,1.01980319076653,0.992086698940991,1.01980273929526,-0.0135097432618105,0,8.07246759345437,1.02650112277428,0.999650057781447,1.02666906007425,-0.00869976425028374,0,1.13146679739751,59.9999938740924,59.9999931528418,59.9999931528418,-7.21250508206595e-07,0,0,0,59.9999918043979,58.1428150367793,59.9999905544695,-1.37074567518061,-0.252177557536143,7.68593474665056,25.1752872140872,672.46804441793,0,672.468208792161,-672.46804441793,138.262054035867,0,138.262231281765,-138.262054035867
generator_outage_G03,generator_outage,22,15,34,4,10,3,0.973079105652974,0.947964758251788,0.973078694472808,-0.0192908431336551,0,20.2520147508098,1.01230116063239,0.978425006336908,1.0123006520705,-0.0172083475946232,0,9.27115060790721,59.9999944662808,58.1410230131014,59.9999937866105,-1.37110127094522,-0.836891084967844,8.18185082383549,25.2297766866429,59.9999918043979,58.1428150367793,59.9999905544695,-1.37074567518061,-0.252177557536143,7.68593474665056,25.1752872140872,672.46804441793,0,672.468208792161,-672.46804441793,138.262054035867,0,138.262231281765,-138.262054035867
generator_outage_G03,generator_outage,23,7,29,6,7,3,0.953428494064471,0.929729801062758,0.953428116387122,-0.0135387885878308,0,1.24550749034605,1.02109303516246,0.993003672457127,1.02109257282773,-0.0125369682224161,0,6.74117508363266,59.9999943494354,58.137003687578,59.9999939661539,-1.37112699141991,-0.676941995663336,8.29123405421662,25.2842661591985,59.9999944671441,58.1378283008816,59.9999939609786,-1.37113291950428,-0.73482326934894,8.29123405421662,25.2842661591985,672.46804441793,0,672.468208792161,-672.46804441793,138.262054035867,0,138.262231281765,-138.262054035867
generator_outage_G03,generator_outage,24,1,11,7,10,3,1.02689638912936,1.01821993099016,1.02778610807241,-0.00657064448522759,0,9.16582856721971,0.96248990465261,0.932725848002535,0.962489524218583,-0.0196874338128641,0,23.8105181812088,59.9999944671441,58.1378283008816,59.9999939609786,-1.37113291950428,-0.73482326934894,8.29123405421662,25.2842661591985,59.9999918043979,58.1428150367793,59.9999905544695,-1.37074567518061,-0.252177557536143,7.68593474665056,25.1752872140872,672.46804441793,0,672.468208792161,-672.46804441793,138.262054035867,0,138.262231281765,-138.262054035867
generator_outage_G03,generator_outage,25,18,34,1,3,4,0.993422297824962,0.970726361363075,0.993421901286815,-0.016727407998084,0,9.27115060790721,1.01230116063239,0.978425006336908,1.0123006520705,-0.0172083475946232,0,9.27115060790721,59.9999934559826,58.1437002199452,59.9999929154556,-1.37092901868154,-1.68581081047862,8.37799135930357,25.2297766866429,59.9999938740924,59.9999931528418,59.9999931528418,-7.21250508206595e-07,0,0,0,653.081286728971,653.081399449671,700.725535102558,46.9242152187988,44.6481487675236,44.648332965707,92.8237239784213,44.6094478721855
generator_outage_G03,generator_outage,26,9,34,1,9,4,1.02020766358892,1.01027684943059,1.02020741569325,-0.00565252607933808,0,0.0133714810129371,1.01230116063239,0.978425006336908,1.0123006520705,-0.0172083475946232,0,9.27115060790721,59.9999934559826,58.1437002199452,59.9999929154556,-1.37092901868154,-1.68581081047862,8.37799135930357,25.2297766866429,59.9999948530335,58.1341434733506,59.9999937595388,-1.37113016526962,-0.208756015149438,8.12715920864493,25.2297766866429,653.081286728971,653.081399449671,700.725535102558,46.9242152187988,44.6481487675236,44.648332965707,92.8237239784213,44.6094478721855
generator_outage_G03,generator_outage,27,3,4,2,7,4,0.994475020133488,0.973994785649409,0.99447465088492,-0.015551717161404,0,1.13146679739751,0.960053104706681,0.936010380042001,0.96005272883502,-0.0161506207241312,0,1.26898730350828,59.9999937660327,58.1252969846489,59.9999930308482,-1.37065178198227,-1.99978631668495,8.40691046099922,25.2297766866429,59.9999944671441,58.1378283008816,59.9999939609786,-1.37113291950428,-0.73482326934894,8.29123405421662,25.2842661591985,653.081286728971,653.081399449671,700.725535102558,46.9242152187988,44.6481487675236,44.648332965707,92.8237239784213,44.6094478721855
generator_outage_G03,generator_outage,28,22,26,3,5,4,1.0229600920912,1.0017940781281,1.02295968149004,-0.0149228524077709,0,5.72146266110129,1.01926696898686,0.995552023796832,1.0192665756457,-0.013820889221867,0,1.14673034791592,59.9999938740924,59.9999931528418,59.9999931528418,-7.21250508206595e-07,0,0,0,59.9999949130723,58.1329747433609,59.9999943446027,-1.37116354437069,-0.177778688566233,8.07246759345437,25.2297766866429,653.081286728971,653.081399449671,700.725535102558,46.9242152187988,44.6481487675236,44.648332965707,92.8237239784213,44.6094478721855
generator_outage_G03,generator_outage,29,12,15,4,5,4,0.945223588050834,0.91596163321828,0.945223215958439,-0.0199325832739428,0,28.7776914080866,0.973079105652974,0.947964758251788,0.973078694472808,-0.0192908431336551,0,20.2520147508098,59.9999944662808,58.1410230131014,59.9999937866105,-1.37110127094522,-0.836891084967844,8.18185082383549,25.2297766866429,59.9999949130723,58.1329747433609,59.9999943446027,-1.37116354437069,-0.177778688566233,8.07246759345437,25.2297766866429,653.081286728971,653.081399449671,700.725535102558,46.9242152187988,44.6481487675236,44.648332965707,92.8237239784213,44.6094478721855
generator_outage_G03,generator_outage,30,4,34,5,6,4,0.960053104706681,0.936010380042001,0.96005272883502,-0.0161506207241312,0,1.26898730350828,1.01230116063239,0.978425006336908,1.0123006520705,-0.0172083475946232,0,9.27115060790721,59.9999949130723,58.1329747433609,59.9999943446027,-1.37116354437069,-0.177778688566233,8.07246759345437,25.2297766866429,59.9999943494354,58.137003687578,59.9999939661539,-1.37112699141991,-0.676941995663336,8.29123405421662,25.2842661591985,653.081286728971,653.081399449671,700.725535102558,46.9242152187988,44.6481487675236,44.648332965707,92.8237239784213,44.6094478721855
generator_outage_G03,generator_outage,31,26,33,6,7,4,1.01926696898686,0.995552023796832,1.0192665756457,-0.013820889221867,0,1.14673034791592,0.997200971921189,0.973225505868591,0.997726611660497,-0.00881573671736791,0,1.16199389843432,59.9999943494354,58.137003687578,59.9999939661539,-1.37112699141991,-0.676941995663336,8.29123405421662,25.2842661591985,59.9999944671441,58.1378283008816,59.9999939609786,-1.37113291950428,-0.73482326934894,8.29123405421662,25.2842661591985,653.081286728971,653.081399449671,700.725535102558,46.9242152187988,44.6481487675236,44.648332965707,92.8237239784213,44.6094478721855
generator_outage_G03,generator_outage,32,14,30,7,10,4,0.965188010297433,0.93913820647682,0.965187625896465,-0.0185454773541923,0,15.290409562802,1.04990040987001,1.03853996394244,1.0510544518119,-0.0028507599211629,0,6.52920614665486e-05,59.9999944671441,58.1378283008816,59.9999939609786,-1.37113291950428,-0.73482326934894,8.29123405421662,25.2842661591985,59.9999918043979,58.1428150367793,59.9999905544695,-1.37074567518061,-0.252177557536143,7.68593474665056,25.1752872140872,653.081286728971,653.081399449671,700.725535102558,46.9242152187988,44.6481487675236,44.648332965707,92.8237239784213,44.6094478721855
generator_outage_G03,generator_outage,33,6,33,1,4,5,0.959595788849726,0.93322712522354,0.959595405388814,-0.0150725039763794,0,1.29488789254347,0.997200971921189,0.973225505868591,0.997726611660497,-0.00881573671736791,0,1.16199389843432,59.9999934559826,58.1437002199452,59.9999929154556,-1.37092901868154,-1.68581081047862,8.37799135930357,25.2297766866429,59.9999944662808,58.1410230131014,59.9999937866105,-1.37110127094522,-0.836891084967844,8.18185082383549,25.2297766866429,517.000719945857,511.452098862359,569.129860278403,51.7832429620512,137.308688158259,117.92494800974,143.835740116621,-4.87946371580992
generator_outage_G03,generator_outage,34,33,36,1,9,5,0.997200971921189,0.973225505868591,0.997726611660497,-0.00881573671736791,0,1.16199389843432,1.0636010753349,1.04784582075921,1.06360071622983,-0.00934189453649825,0,0.995784476656183,59.9999934559826,58.1437002199452,59.9999929154556,-1.37092901868154,-1.68581081047862,8.37799135930357,25.2297766866429,59.9999948530335,58.1341434733506,59.9999937595388,-1.37113016526962,-0.208756015149438,8.12715920864493,25.2297766866429,517.000719945857,511.452098862359,569.129860278403,51.7832429620512,137.308688158259,117.92494800974,143.835740116621,-4.87946371580992
generator_outage_G03,generator_outage,35,17,27,2,7,5,0.99507019283339,0.97115066988504,0.99506978189358,-0.0171698187069123,0,10.4955833610973,1.0020543707611,0.978118813590414,1.00205397218291,-0.0154765612792949,0,8.07246759345437,59.9999937660327,58.1252969846489,59.9999930308482,-1.37065178198227,-1.99978631668495,8.40691046099922,25.2297766866429,59.9999944671441,58.1378283008816,59.9999939609786,-1.37113291950428,-0.73482326934894,8.29123405421662,25.2842661591985,517.000719945857,511.452098862359,569.129860278403,51.7832429620512,137.308688158259,117.92494800974,143.835740116621,-4.87946371580992
generator_outage_G03,generator_outage,36,8,36,3,6,5,0.954598516570043,0.932015012686932,0.954598142528851,-0.012923299796334,0,0.099402101570043,1.0636010753349,1.04784582075921,1.06360071622983,-0.00934189453649825,0,0.995784476656183,59.9999938740924,59.9999931528418,59.9999931528418,-7.21250508206595e-07,0,0,0,59.9999943494354,58.137003687578,59.9999939661539,-1.37112699141991,-0.676941995663336,8.29123405421662,25.2842661591985,517.000719945857,511.452098862359,569.129860278403,51.7832429620512,137.308688158259,117.92494800974,143.835740116621,-4.87946371580992
generator_outage_G03,generator_outage,37,2,11,4,6,5,1.02001684293784,1.00429096241337,1.02001650365959,-0.011296832165697,0,1.02780910255715,0.96248990465261,0.932725848002535,0.962489524218583,-0.0196874338128641,0,23.8105181812088,59.9999944662808,58.1410230131014,59.9999937866105,-1.37110127094522,-0.836891084967844,8.18185082383549,25.2297766866429,59.9999943494354,58.137003687578,59.9999939661539,-1.37112699141991,-0.676941995663336,8.29123405421662,25.2842661591985,517.000719945857,511.452098862359,569.129860278403,51.7832429620512,137.308688158259,117.92494800974,143.835740116621,-4.87946371580992
generator_outage_G03,generator_outage,38,20,32,5,6,5,0.987464538640993,0.95701390576338,0.987464063594078,-0.016133317187907,0,2.25273745805037,0.984100548431793,0.933702583458202,0.98410020178925,-0.0408878959792212,0,NaN,59.9999949130723,58.1329747433609,59.9999943446027,-1.37116354437069,-0.177778688566233,8.07246759345437,25.2297766866429,59.9999943494354,58.137003687578,59.9999939661539,-1.37112699141991,-0.676941995663336,8.29123405421662,25.2842661591985,517.000719945857,511.452098862359,569.129860278403,51.7832429620512,137.308688158259,117.92494800974,143.835740116621,-4.87946371580992
generator_outage_G03,generator_outage,39,11,14,6,8,5,0.96248990465261,0.932725848002535,0.962489524218583,-0.0196874338128641,0,23.8105181812088,0.965188010297433,0.93913820647682,0.965187625896465,-0.0185454773541923,0,15.290409562802,59.9999943494354,58.137003687578,59.9999939661539,-1.37112699141991,-0.676941995663336,8.29123405421662,25.2842661591985,59.9999936918416,58.1450098242404,59.9999929808452,-1.37094008589254,-0.689762925979028,8.34907225760792,25.2297766866429,517.000719945857,511.452098862359,569.129860278403,51.7832429620512,137.308688158259,117.92494800974,143.835740116621,-4.87946371580992
generator_outage_G03,generator_outage,40,4,6,8,9,5,0.960053104706681,0.936010380042001,0.96005272883502,-0.0161506207241312,0,1.26898730350828,0.959595788849726,0.93322712522354,0.959595405388814,-0.0150725039763794,0,1.29488789254347,59.9999936918416,58.1450098242404,59.9999929808452,-1.37094008589254,-0.689762925979028,8.34907225760792,25.2297766866429,59.9999948530335,58.1341434733506,59.9999937595388,-1.37113016526962,-0.208756015149438,8.12715920864493,25.2297766866429,517.000719945857,511.452098862359,569.129860278403,51.7832429620512,137.308688158259,117.92494800974,143.835740116621,-4.87946371580992
generator_outage_G03,generator_outage,41,24,32,1,4,6,0.999264074901395,0.974268256916331,0.999263645090658,-0.0184210103360833,0,15.3725909876052,0.984100548431793,0.933702583458202,0.98410020178925,-0.0408878959792212,0,NaN,59.9999934559826,58.1437002199452,59.9999929154556,-1.37092901868154,-1.68581081047862,8.37799135930357,25.2297766866429,59.9999944662808,58.1410230131014,59.9999937866105,-1.37110127094522,-0.836891084967844,8.18185082383549,25.2297766866429,646.129526212919,646.129856362282,757.180491781996,75.8626921957837,221.895491666939,221.895634079564,263.004359845524,39.5171643138666
generator_outage_G03,generator_outage,42,13,27,1,10,6,0.964270739573376,0.934388002908547,0.964270361507435,-0.0209431108248127,0,NaN,1.0020543707611,0.978118813590414,1.00205397218291,-0.0154765612792949,0,8.07246759345437,59.9999934559826,58.1437002199452,59.9999929154556,-1.37092901868154,-1.68581081047862,8.37799135930357,25.2297766866429,59.9999918043979,58.1428150367793,59.9999905544695,-1.37074567518061,-0.252177557536143,7.68593474665056,25.1752872140872,646.129526212919,646.129856362282,757.180491781996,75.8626921957837,221.895491666939,221.895634079564,263.004359845524,39.5171643138666
generator_outage_G03,generator_outage,43,5,38,2,8,6,0.958759400236745,0.933483195262644,0.958759018711514,-0.0147129602312346,0,1.28072721008939,1.02650112277428,0.999650057781447,1.02666906007425,-0.00869976425028374,0,1.13146679739751,59.9999937660327,58.1252969846489,59.9999930308482,-1.37065178198227,-1.99978631668495,8.40691046099922,25.2297766866429,59.9999936918416,58.1450098242404,59.9999929808452,-1.37094008589254,-0.689762925979028,8.34907225760792,25.2297766866429,646.129526212919,646.129856362282,757.180491781996,75.8626921957837,221.895491666939,221.895634079564,263.004359845524,39.5171643138666
generator_outage_G03,generator_outage,44,29,38,3,6,6,1.02109303516246,0.993003672457127,1.02109257282773,-0.0125369682224161,0,6.74117508363266,1.02650112277428,0.999650057781447,1.02666906007425,-0.00869976425028374,0,1.13146679739751,59.9999938740924,59.9999931528418,59.9999931528418,-7.21250508206595e-07,0,0,0,59.9999943494354,58.137003687578,59.9999939661539,-1.37112699141991,-0.676941995663336,8.29123405421662,25.2842661591985,646.129526212919,646.129856362282,757.180491781996,75.8626921957837,221.895491666939,221.895634079564,263.004359845524,39.5171643138666
generator_outage_G03,generator_outage,45,16,20,4,6,6,0.991037366929576,0.965810170561968,0.991036940258187,-0.0182777813602214,0,15.290409562802,0.987464538640993,0.95701390576338,0.987464063594078,-0.016133317187907,0,2.25273745805037,59.9999944662808,58.1410230131014,59.9999937866105,-1.37110127094522,-0.836891084967844,8.18185082383549,25.2297766866429,59.9999943494354,58.137003687578,59.9999939661539,-1.37112699141991,-0.676941995663336,8.29123405421662,25.2842661591985,646.129526212919,646.129856362282,757.180491781996,75.8626921957837,221.895491666939,221.895634079564,263.004359845524,39.5171643138666
generator_outage_G03,generator_outage,46,7,38,5,7,6,0.953428494064471,0.929729801062758,0.953428116387122,-0.0135387885878308,0,1.24550749034605,1.02650112277428,0.999650057781447,1.02666906007425,-0.00869976425028374,0,1.13146679739751,59.9999949130723,58.1329747433609,59.9999943446027,-1.37116354437069,-0.177778688566233,8.07246759345437,25.2297766866429,59.9999944671441,58.1378283008816,59.9999939609786,-1.37113291950428,-0.73482326934894,8.29123405421662,25.2842661591985,646.129526212919,646.129856362282,757.180491781996,75.8626921957837,221.895491666939,221.895634079564,263.004359845524,39.5171643138666
generator_outage_G03,generator_outage,47,1,20,6,9,6,1.02689638912936,1.01821993099016,1.02778610807241,-0.00657064448522759,0,9.16582856721971,0.987464538640993,0.95701390576338,0.987464063594078,-0.016133317187907,0,2.25273745805037,59.9999943494354,58.137003687578,59.9999939661539,-1.37112699141991,-0.676941995663336,8.29123405421662,25.2842661591985,59.9999948530335,58.1341434733506,59.9999937595388,-1.37113016526962,-0.208756015149438,8.12715920864493,25.2297766866429,646.129526212919,646.129856362282,757.180491781996,75.8626921957837,221.895491666939,221.895634079564,263.004359845524,39.5171643138666
generator_outage_G03,generator_outage,48,19,23,8,9,6,0.990604210848697,0.963010474352847,0.990603758590716,-0.0148687579346799,0,1.2244809736463,1.02167685351485,1.00068942953767,1.02167644552061,-0.0151627158299561,0,5.6682416737142,59.9999936918416,58.1450098242404,59.9999929808452,-1.37094008589254,-0.689762925979028,8.34907225760792,25.2297766866429,59.9999948530335,58.1341434733506,59.9999937595388,-1.37113016526962,-0.208756015149438,8.12715920864493,25.2297766866429,646.129526212919,646.129856362282,757.180491781996,75.8626921957837,221.895491666939,221.895634079564,263.004359845524,39.5171643138666
generator_outage_G03,generator_outage,49,10,14,1,5,7,0.965720649152829,0.933702583458202,0.965720272081748,-0.0225079967002569,0,NaN,0.965188010297433,0.93913820647682,0.965187625896465,-0.0185454773541923,0,15.290409562802,59.9999934559826,58.1437002199452,59.9999929154556,-1.37092901868154,-1.68581081047862,8.37799135930357,25.2297766866429,59.9999949130723,58.1329747433609,59.9999943446027,-1.37116354437069,-0.177778688566233,8.07246759345437,25.2297766866429,525.642776165619,525.643092250139,590.188390430334,63.2131540504078,188.546381008994,188.546577690938,226.034326303866,29.7734036894145
generator_outage_G03,generator_outage,50,3,13,2,3,7,0.994475020133488,0.973994785649409,0.99447465088492,-0.015551717161404,0,1.13146679739751,0.964270739573376,0.934388002908547,0.964270361507435,-0.0209431108248127,0,NaN,59.9999937660327,58.1252969846489,59.9999930308482,-1.37065178198227,-1.99978631668495,8.40691046099922,25.2297766866429,59.9999938740924,59.9999931528418,59.9999931528418,-7.21250508206595e-07,0,0,0,525.642776165619,525.643092250139,590.188390430334,63.2131540504078,188.546381008994,188.546577690938,226.034326303866,29.7734036894145
generator_outage_G03,generator_outage,51,22,35,2,8,7,1.0229600920912,1.0017940781281,1.02295968149004,-0.0149228524077709,0,5.72146266110129,1.04940121508332,1.03102160508471,1.04940082684498,-0.0102974596816579,0,4.45339989952888,59.9999937660327,58.1252969846489,59.9999930308482,-1.37065178198227,-1.99978631668495,8.40691046099922,25.2297766866429,59.9999936918416,58.1450098242404,59.9999929808452,-1.37094008589254,-0.689762925979028,8.34907225760792,25.2297766866429,525.642776165619,525.643092250139,590.188390430334,63.2131540504078,188.546381008994,188.546577690938,226.034326303866,29.7734036894145
generator_outage_G03,generator_outage,52,12,25,3,7,7,0.945223588050834,0.91596163321828,0.945223215958439,-0.0199325832739428,0,28.7776914080866,1.02838004290673,1.01426561712938,1.02837976212162,-0.00749699895909184,0,1.02780910255715,59.9999938740924,59.9999931528418,59.9999931528418,-7.21250508206595e-07,0,0,0,59.9999944671441,58.1378283008816,59.9999939609786,-1.37113291950428,-0.73482326934894,8.29123405421662,25.2842661591985,525.642776165619,525.643092250139,590.188390430334,63.2131540504078,188.546381008994,188.546577690938,226.034326303866,29.7734036894145
generator_outage_G03,generator_outage,53,5,9,4,7,7,0.958759400236745,0.933483195262644,0.958759018711514,-0.0147129602312346,0,1.28072721008939,1.02020766358892,1.01027684943059,1.02020741569325,-0.00565252607933808,0,0.0133714810129371,59.9999944662808,58.1410230131014,59.9999937866105,-1.37110127094522,-0.836891084967844,8.18185082383549,25.2297766866429,59.9999944671441,58.1378283008816,59.9999939609786,-1.37113291950428,-0.73482326934894,8.29123405421662,25.2842661591985,525.642776165619,525.643092250139,590.188390430334,63.2131540504078,188.546381008994,188.546577690938,226.034326303866,29.7734036894145
generator_outage_G03,generator_outage,54,27,30,5,7,7,1.0020543707611,0.978118813590414,1.00205397218291,-0.0154765612792949,0,8.07246759345437,1.04990040987001,1.03853996394244,1.0510544518119,-0.0028507599211629,0,6.52920614665486e-05,59.9999949130723,58.1329747433609,59.9999943446027,-1.37116354437069,-0.177778688566233,8.07246759345437,25.2297766866429,59.9999944671441,58.1378283008816,59.9999939609786,-1.37113291950428,-0.73482326934894,8.29123405421662,25.2842661591985,525.642776165619,525.643092250139,590.188390430334,63.2131540504078,188.546381008994,188.546577690938,226.034326303866,29.7734036894145
generator_outage_G03,generator_outage,55,14,39,6,9,7,0.965188010297433,0.93913820647682,0.965187625896465,-0.0185454773541923,0,15.290409562802,1.03000013409431,1.02729484287458,1.03000005001758,-0.00199507203732563,0,6.52920614665486e-05,59.9999943494354,58.137003687578,59.9999939661539,-1.37112699141991,-0.676941995663336,8.29123405421662,25.2842661591985,59.9999948530335,58.1341434733506,59.9999937595388,-1.37113016526962,-0.208756015149438,8.12715920864493,25.2297766866429,525.642776165619,525.643092250139,590.188390430334,63.2131540504078,188.546381008994,188.546577690938,226.034326303866,29.7734036894145
generator_outage_G03,generator_outage,56,7,10,8,10,7,0.953428494064471,0.929729801062758,0.953428116387122,-0.0135387885878308,0,1.24550749034605,0.965720649152829,0.933702583458202,0.965720272081748,-0.0225079967002569,0,NaN,59.9999936918416,58.1450098242404,59.9999929808452,-1.37094008589254,-0.689762925979028,8.34907225760792,25.2297766866429,59.9999918043979,58.1428150367793,59.9999905544695,-1.37074567518061,-0.252177557536143,7.68593474665056,25.1752872140872,525.642776165619,525.643092250139,590.188390430334,63.2131540504078,188.546381008994,188.546577690938,226.034326303866,29.7734036894145
generator_outage_G03,generator_outage,57,35,36,1,5,8,1.04940121508332,1.03102160508471,1.04940082684498,-0.0102974596816579,0,4.45339989952888,1.0636010753349,1.04784582075921,1.06360071622983,-0.00934189453649825,0,0.995784476656183,59.9999934559826,58.1437002199452,59.9999929154556,-1.37092901868154,-1.68581081047862,8.37799135930357,25.2297766866429,59.9999949130723,58.1329747433609,59.9999943446027,-1.37116354437069,-0.177778688566233,8.07246759345437,25.2297766866429,535.98704469732,535.987115098243,581.05537801475,45.0365645420723,13.8483715662576,13.8484934426564,28.114909369778,10.2182299727502
generator_outage_G03,generator_outage,58,17,36,2,3,8,0.99507019283339,0.97115066988504,0.99506978189358,-0.0171698187069123,0,10.4955833610973,1.0636010753349,1.04784582075921,1.06360071622983,-0.00934189453649825,0,0.995784476656183,59.9999937660327,58.1252969846489,59.9999930308482,-1.37065178198227,-1.99978631668495,8.40691046099922,25.2297766866429,59.9999938740924,59.9999931528418,59.9999931528418,-7.21250508206595e-07,0,0,0,535.98704469732,535.987115098243,581.05537801475,45.0365645420723,13.8483715662576,13.8484934426564,28.114909369778,10.2182299727502
generator_outage_G03,generator_outage,59,9,15,2,9,8,1.02020766358892,1.01027684943059,1.02020741569325,-0.00565252607933808,0,0.0133714810129371,0.973079105652974,0.947964758251788,0.973078694472808,-0.0192908431336551,0,20.2520147508098,59.9999937660327,58.1252969846489,59.9999930308482,-1.37065178198227,-1.99978631668495,8.40691046099922,25.2297766866429,59.9999948530335,58.1341434733506,59.9999937595388,-1.37113016526962,-0.208756015149438,8.12715920864493,25.2297766866429,535.98704469732,535.987115098243,581.05537801475,45.0365645420723,13.8483715662576,13.8484934426564,28.114909369778,10.2182299727502
generator_outage_G03,generator_outage,60,2,21,3,8,8,1.02001684293784,1.00429096241337,1.02001650365959,-0.011296832165697,0,1.02780910255715,0.997579594018811,0.974030827089898,0.99757917147838,-0.0174287572228982,0,12.9079676513622,59.9999938740924,59.9999931528418,59.9999931528418,-7.21250508206595e-07,0,0,0,59.9999936918416,58.1450098242404,59.9999929808452,-1.37094008589254,-0.689762925979028,8.34907225760792,25.2297766866429,535.98704469732,535.987115098243,581.05537801475,45.0365645420723,13.8483715662576,13.8484934426564,28.114909369778,10.2182299727502
generator_outage_G03,generator_outage,61,21,23,4,7,8,0.997579594018811,0.974030827089898,0.99757917147838,-0.0174287572228982,0,12.9079676513622,1.02167685351485,1.00068942953767,1.02167644552061,-0.0151627158299561,0,5.6682416737142,59.9999944662808,58.1410230131014,59.9999937866105,-1.37110127094522,-0.836891084967844,8.18185082383549,25.2297766866429,59.9999944671441,58.1378283008816,59.9999939609786,-1.37113291950428,-0.73482326934894,8.29123405421662,25.2842661591985,535.98704469732,535.987115098243,581.05537801475,45.0365645420723,13.8483715662576,13.8484934426564,28.114909369778,10.2182299727502
generator_outage_G03,generator_outage,62,11,23,5,8,8,0.96248990465261,0.932725848002535,0.962489524218583,-0.0196874338128641,0,23.8105181812088,1.02167685351485,1.00068942953767,1.02167644552061,-0.0151627158299561,0,5.6682416737142,59.9999949130723,58.1329747433609,59.9999943446027,-1.37116354437069,-0.177778688566233,8.07246759345437,25.2297766866429,59.9999936918416,58.1450098242404,59.9999929808452,-1.37094008589254,-0.689762925979028,8.34907225760792,25.2297766866429,535.98704469732,535.987115098243,581.05537801475,45.0365645420723,13.8483715662576,13.8484934426564,28.114909369778,10.2182299727502
generator_outage_G03,generator_outage,63,4,15,6,10,8,0.960053104706681,0.936010380042001,0.96005272883502,-0.0161506207241312,0,1.26898730350828,0.973079105652974,0.947964758251788,0.973078694472808,-0.0192908431336551,0,20.2520147508098,59.9999943494354,58.137003687578,59.9999939661539,-1.37112699141991,-0.676941995663336,8.29123405421662,25.2842661591985,59.9999918043979,58.1428150367793,59.9999905544695,-1.37074567518061,-0.252177557536143,7.68593474665056,25.1752872140872,535.98704469732,535.987115098243,581.05537801475,45.0365645420723,13.8483715662576,13.8484934426564,28.114909369778,10.2182299727502
generator_outage_G03,generator_outage,64,25,27,8,10,8,1.02838004290673,1.01426561712938,1.02837976212162,-0.00749699895909184,0,1.02780910255715,1.0020543707611,0.978118813590414,1.00205397218291,-0.0154765612792949,0,8.07246759345437,59.9999936918416,58.1450098242404,59.9999929808452,-1.37094008589254,-0.689762925979028,8.34907225760792,25.2297766866429,59.9999918043979,58.1428150367793,59.9999905544695,-1.37074567518061,-0.252177557536143,7.68593474665056,25.1752872140872,535.98704469732,535.987115098243,581.05537801475,45.0365645420723,13.8483715662576,13.8484934426564,28.114909369778,10.2182299727502
generator_outage_G03,generator_outage,65,13,36,1,6,9,0.964270739573376,0.934388002908547,0.964270361507435,-0.0209431108248127,0,NaN,1.0636010753349,1.04784582075921,1.06360071622983,-0.00934189453649825,0,0.995784476656183,59.9999934559826,58.1437002199452,59.9999929154556,-1.37092901868154,-1.68581081047862,8.37799135930357,25.2297766866429,59.9999943494354,58.137003687578,59.9999939661539,-1.37112699141991,-0.676941995663336,8.29123405421662,25.2842661591985,821.976188999109,821.976456109469,930.877866270429,75.92655002037,43.6266753165716,43.6266901016509,83.1429685868747,31.6660070885778
generator_outage_G03,generator_outage,66,6,14,2,4,9,0.959595788849726,0.93322712522354,0.959595405388814,-0.0150725039763794,0,1.29488789254347,0.965188010297433,0.93913820647682,0.965187625896465,-0.0185454773541923,0,15.290409562802,59.9999937660327,58.1252969846489,59.9999930308482,-1.37065178198227,-1.99978631668495,8.40691046099922,25.2297766866429,59.9999944662808,58.1410230131014,59.9999937866105,-1.37110127094522,-0.836891084967844,8.18185082383549,25.2297766866429,821.976188999109,821.976456109469,930.877866270429,75.92655002037,43.6266753165716,43.6266901016509,83.1429685868747,31.6660070885778
generator_outage_G03,generator_outage,67,30,38,2,9,9,1.04990040987001,1.03853996394244,1.0510544518119,-0.0028507599211629,0,6.52920614665486e-05,1.02650112277428,0.999650057781447,1.02666906007425,-0.00869976425028374,0,1.13146679739751,59.9999937660327,58.1252969846489,59.9999930308482,-1.37065178198227,-1.99978631668495,8.40691046099922,25.2297766866429,59.9999948530335,58.1341434733506,59.9999937595388,-1.37113016526962,-0.208756015149438,8.12715920864493,25.2297766866429,821.976188999109,821.976456109469,930.877866270429,75.92655002037,43.6266753165716,43.6266901016509,83.1429685868747,31.6660070885778
generator_outage_G03,generator_outage,68,16,30,3,8,9,0.991037366929576,0.965810170561968,0.991036940258187,-0.0182777813602214,0,15.290409562802,1.04990040987001,1.03853996394244,1.0510544518119,-0.0028507599211629,0,6.52920614665486e-05,59.9999938740924,59.9999931528418,59.9999931528418,-7.21250508206595e-07,0,0,0,59.9999936918416,58.1450098242404,59.9999929808452,-1.37094008589254,-0.689762925979028,8.34907225760792,25.2297766866429,821.976188999109,821.976456109469,930.877866270429,75.92655002037,43.6266753165716,43.6266901016509,83.1429685868747,31.6660070885778
generator_outage_G03,generator_outage,69,8,16,4,8,9,0.954598516570043,0.932015012686932,0.954598142528851,-0.012923299796334,0,0.099402101570043,0.991037366929576,0.965810170561968,0.991036940258187,-0.0182777813602214,0,15.290409562802,59.9999944662808,58.1410230131014,59.9999937866105,-1.37110127094522,-0.836891084967844,8.18185082383549,25.2297766866429,59.9999936918416,58.1450098242404,59.9999929808452,-1.37094008589254,-0.689762925979028,8.34907225760792,25.2297766866429,821.976188999109,821.976456109469,930.877866270429,75.92655002037,43.6266753165716,43.6266901016509,83.1429685868747,31.6660070885778
generator_outage_G03,generator_outage,70,1,29,5,9,9,1.02689638912936,1.01821993099016,1.02778610807241,-0.00657064448522759,0,9.16582856721971,1.02109303516246,0.993003672457127,1.02109257282773,-0.0125369682224161,0,6.74117508363266,59.9999949130723,58.1329747433609,59.9999943446027,-1.37116354437069,-0.177778688566233,8.07246759345437,25.2297766866429,59.9999948530335,58.1341434733506,59.9999937595388,-1.37113016526962,-0.208756015149438,8.12715920864493,25.2297766866429,821.976188999109,821.976456109469,930.877866270429,75.92655002037,43.6266753165716,43.6266901016509,83.1429685868747,31.6660070885778
generator_outage_G03,generator_outage,71,19,32,6,10,9,0.990604210848697,0.963010474352847,0.990603758590716,-0.0148687579346799,0,1.2244809736463,0.984100548431793,0.933702583458202,0.98410020178925,-0.0408878959792212,0,NaN,59.9999943494354,58.137003687578,59.9999939661539,-1.37112699141991,-0.676941995663336,8.29123405421662,25.2842661591985,59.9999918043979,58.1428150367793,59.9999905544695,-1.37074567518061,-0.252177557536143,7.68593474665056,25.1752872140872,821.976188999109,821.976456109469,930.877866270429,75.92655002037,43.6266753165716,43.6266901016509,83.1429685868747,31.6660070885778
generator_outage_G03,generator_outage,72,10,23,9,10,9,0.965720649152829,0.933702583458202,0.965720272081748,-0.0225079967002569,0,NaN,1.02167685351485,1.00068942953767,1.02167644552061,-0.0151627158299561,0,5.6682416737142,59.9999948530335,58.1341434733506,59.9999937595388,-1.37113016526962,-0.208756015149438,8.12715920864493,25.2297766866429,59.9999918043979,58.1428150367793,59.9999905544695,-1.37074567518061,-0.252177557536143,7.68593474665056,25.1752872140872,821.976188999109,821.976456109469,930.877866270429,75.92655002037,43.6266753165716,43.6266901016509,83.1429685868747,31.6660070885778
generator_outage_G03,generator_outage,73,3,22,1,7,10,0.994475020133488,0.973994785649409,0.99447465088492,-0.015551717161404,0,1.13146679739751,1.0229600920912,1.0017940781281,1.02295968149004,-0.0149228524077709,0,5.72146266110129,59.9999934559826,58.1437002199452,59.9999929154556,-1.37092901868154,-1.68581081047862,8.37799135930357,25.2297766866429,59.9999944671441,58.1378283008816,59.9999939609786,-1.37113291950428,-0.73482326934894,8.29123405421662,25.2842661591985,950.434923998617,950.428913480958,1378.59854861727,55.3253265378398,226.715283095974,208.645544617071,269.084887617259,30.6174125051791
generator_outage_G03,generator_outage,74,23,28,2,4,10,1.02167685351485,1.00068942953767,1.02167644552061,-0.0151627158299561,0,5.6682416737142,1.01980319076653,0.992086698940991,1.01980273929526,-0.0135097432618105,0,8.07246759345437,59.9999937660327,58.1252969846489,59.9999930308482,-1.37065178198227,-1.99978631668495,8.40691046099922,25.2297766866429,59.9999944662808,58.1410230131014,59.9999937866105,-1.37110127094522,-0.836891084967844,8.18185082383549,25.2297766866429,950.434923998617,950.428913480958,1378.59854861727,55.3253265378398,226.715283095974,208.645544617071,269.084887617259,30.6174125051791
generator_outage_G03,generator_outage,75,12,34,2,10,10,0.945223588050834,0.91596163321828,0.945223215958439,-0.0199325832739428,0,28.7776914080866,1.01230116063239,0.978425006336908,1.0123006520705,-0.0172083475946232,0,9.27115060790721,59.9999937660327,58.1252969846489,59.9999930308482,-1.37065178198227,-1.99978631668495,8.40691046099922,25.2297766866429,59.9999918043979,58.1428150367793,59.9999905544695,-1.37074567518061,-0.252177557536143,7.68593474665056,25.1752872140872,950.434923998617,950.428913480958,1378.59854861727,55.3253265378398,226.715283095974,208.645544617071,269.084887617259,30.6174125051791
generator_outage_G03,generator_outage,76,5,19,3,9,10,0.958759400236745,0.933483195262644,0.958759018711514,-0.0147129602312346,0,1.28072721008939,0.990604210848697,0.963010474352847,0.990603758590716,-0.0148687579346799,0,1.2244809736463,59.9999938740924,59.9999931528418,59.9999931528418,-7.21250508206595e-07,0,0,0,59.9999948530335,58.1341434733506,59.9999937595388,-1.37113016526962,-0.208756015149438,8.12715920864493,25.2297766866429,950.434923998617,950.428913480958,1378.59854861727,55.3253265378398,226.715283095974,208.645544617071,269.084887617259,30.6174125051791
generator_outage_G03,generator_outage,77,27,39,4,8,10,1.0020543707611,0.978118813590414,1.00205397218291,-0.0154765612792949,0,8.07246759345437,1.03000013409431,1.02729484287458,1.03000005001758,-0.00199507203732563,0,6.52920614665486e-05,59.9999944662808,58.1410230131014,59.9999937866105,-1.37110127094522,-0.836891084967844,8.18185082383549,25.2297766866429,59.9999936918416,58.1450098242404,59.9999929808452,-1.37094008589254,-0.689762925979028,8.34907225760792,25.2297766866429,950.434923998617,950.428913480958,1378.59854861727,55.3253265378398,226.715283095974,208.645544617071,269.084887617259,30.6174125051791
generator_outage_G03,generator_outage,78,15,24,5,9,10,0.973079105652974,0.947964758251788,0.973078694472808,-0.0192908431336551,0,20.2520147508098,0.999264074901395,0.974268256916331,0.999263645090658,-0.0184210103360833,0,15.3725909876052,59.9999949130723,58.1329747433609,59.9999943446027,-1.37116354437069,-0.177778688566233,8.07246759345437,25.2297766866429,59.9999948530335,58.1341434733506,59.9999937595388,-1.37113016526962,-0.208756015149438,8.12715920864493,25.2297766866429,950.434923998617,950.428913480958,1378.59854861727,55.3253265378398,226.715283095974,208.645544617071,269.084887617259,30.6174125051791
generator_outage_G03,generator_outage,79,7,19,7,8,10,0.953428494064471,0.929729801062758,0.953428116387122,-0.0135387885878308,0,1.24550749034605,0.990604210848697,0.963010474352847,0.990603758590716,-0.0148687579346799,0,1.2244809736463,59.9999944671441,58.1378283008816,59.9999939609786,-1.37113291950428,-0.73482326934894,8.29123405421662,25.2842661591985,59.9999936918416,58.1450098242404,59.9999929808452,-1.37094008589254,-0.689762925979028,8.34907225760792,25.2297766866429,950.434923998617,950.428913480958,1378.59854861727,55.3253265378398,226.715283095974,208.645544617071,269.084887617259,30.6174125051791
generator_outage_G03,generator_outage,80,38,39,9,10,10,1.02650112277428,0.999650057781447,1.02666906007425,-0.00869976425028374,0,1.13146679739751,1.03000013409431,1.02729484287458,1.03000005001758,-0.00199507203732563,0,6.52920614665486e-05,59.9999948530335,58.1341434733506,59.9999937595388,-1.37113016526962,-0.208756015149438,8.12715920864493,25.2297766866429,59.9999918043979,58.1428150367793,59.9999905544695,-1.37074567518061,-0.252177557536143,7.68593474665056,25.1752872140872,950.434923998617,950.428913480958,1378.59854861727,55.3253265378398,226.715283095974,208.645544617071,269.084887617259,30.6174125051791
generator_outage_G05,generator_outage,1,1,2,1,2,1,1.02689638912936,1.02164242699183,1.03154860775941,-0.00193461816325402,0,0.961771499421285,1.02001684293784,1.0068731001733,1.02333531076495,-0.00516356681241592,0,0.202607173493484,59.9999934559826,58.7877773421094,59.9999929154556,-0.951239288477808,-0.635161464561409,8.2647538429786,23.866270100016,59.9999937660327,58.779755700244,59.9999930308482,-0.951528977823408,-0.1098376240484,8.40420745853847,23.8197210462417,247.351644502021,245.063143051073,291.67120226867,42.8632172846613,178.513910467193,178.514465299017,209.879353158527,23.8458301704692
generator_outage_G05,generator_outage,2,18,25,1,7,1,0.993422297824962,0.971539169752203,0.993421901286815,-0.00946401439587674,0,0.306199211004184,1.02838004290673,1.0131338190404,1.02916036778358,-0.00536745645454362,0,0.244043988497764,59.9999934559826,58.7877773421094,59.9999929154556,-0.951239288477808,-0.635161464561409,8.2647538429786,23.866270100016,59.9999944671441,58.764748241226,59.9999939609786,-0.952898132945066,-0.674495391469433,8.23809654347594,23.866270100016,247.351644502021,245.063143051073,291.67120226867,42.8632172846613,178.513910467193,178.514465299017,209.879353158527,23.8458301704692
generator_outage_G05,generator_outage,3,9,25,2,5,1,1.02020766358892,1.01313615106539,1.02420426201767,-0.00295014892154022,0,0.917326954174589,1.02838004290673,1.0131338190404,1.02916036778358,-0.00536745645454362,0,0.244043988497764,59.9999937660327,58.779755700244,59.9999930308482,-0.951528977823408,-0.1098376240484,8.40420745853847,23.8197210462417,59.9999949130723,59.9999943446027,59.9999943446027,-5.68469644690595e-07,0,0,0,247.351644502021,245.063143051073,291.67120226867,42.8632172846613,178.513910467193,178.514465299017,209.879353158527,23.8458301704692
generator_outage_G05,generator_outage,4,2,31,3,4,1,1.02001684293784,1.0068731001733,1.02333531076495,-0.00516356681241592,0,0.202607173493484,0.982000570674875,0.963617184496881,0.98961888056099,-0.00585030148673571,0,0.917326954174589,59.9999938740924,58.7812136417043,59.9999931528418,-0.95171362954369,-0.19852565742936,8.37138304098925,23.866270100016,59.9999944662808,58.7763135708527,60.0417168564097,-0.952627774395459,-3.20382290851772,8.4370318760877,23.866270100016,247.351644502021,245.063143051073,291.67120226867,42.8632172846613,178.513910467193,178.514465299017,209.879353158527,23.8458301704692
generator_outage_G05,generator_outage,5,21,33,3,9,1,0.997579594018811,0.971268984747121,0.99757917147838,-0.0117273884992415,0,1.02843831729133,0.997200971921189,0.94978508983239,0.997200544261644,-0.0111261149802039,0,1.51020545144802,59.9999938740924,58.7812136417043,59.9999931528418,-0.95171362954369,-0.19852565742936,8.37138304098925,23.866270100016,59.9999948530335,58.7683753559305,59.9999937595388,-0.953029169167998,-0.0432417465425654,7.30015817866133,23.9221814744103,247.351644502021,245.063143051073,291.67120226867,42.8632172846613,178.513910467193,178.514465299017,209.879353158527,23.8458301704692
generator_outage_G05,generator_outage,6,11,33,4,9,1,0.96248990465261,0.944819956752507,0.96661392801769,-0.00800894623856774,0,0.223325580995624,0.997200971921189,0.94978508983239,0.997200544261644,-0.0111261149802039,0,1.51020545144802,59.9999944662808,58.7763135708527,60.0417168564097,-0.952627774395459,-3.20382290851772,8.4370318760877,23.866270100016,59.9999948530335,58.7683753559305,59.9999937595388,-0.953029169167998,-0.0432417465425654,7.30015817866133,23.9221814744103,247.351644502021,245.063143051073,291.67120226867,42.8632172846613,178.513910467193,178.514465299017,209.879353158527,23.8458301704692
generator_outage_G05,generator_outage,7,4,25,5,10,1,0.960053104706681,0.941790455119706,0.962816576263163,-0.00821248205469549,0,0.223325580995624,1.02838004290673,1.0131338190404,1.02916036778358,-0.00536745645454362,0,0.244043988497764,59.9999949130723,59.9999943446027,59.9999943446027,-5.68469644690595e-07,0,0,0,59.9999918043979,58.7874218414908,59.9999905544695,-0.947508013587523,-0.0479652218722856,8.79043371107757,24.4141166649333,247.351644502021,245.063143051073,291.67120226867,42.8632172846613,178.513910467193,178.514465299017,209.879353158527,23.8458301704692
generator_outage_G05,generator_outage,8,25,37,7,8,1,1.02838004290673,1.0131338190404,1.02916036778358,-0.00536745645454362,0,0.244043988497764,1.02750054732654,1.01449887171992,1.02953616594167,-0.00429907433100674,0,0.244043988497764,59.9999944671441,58.764748241226,59.9999939609786,-0.952898132945066,-0.674495391469433,8.23809654347594,23.866270100016,59.9999936918416,58.7899165000525,59.9999929808452,-0.95142125353091,-0.243738867388451,8.23809654347594,23.866270100016,247.351644502021,245.063143051073,291.67120226867,42.8632172846613,178.513910467193,178.514465299017,209.879353158527,23.8458301704692
generator_outage_G05,generator_outage,9,14,21,1,2,2,0.965188010297433,0.944858414362502,0.966985973517735,-0.00931842114108072,0,0.264762395999904,0.997579594018811,0.971268984747121,0.99757917147838,-0.0117273884992415,0,1.02843831729133,59.9999934559826,58.7877773421094,59.9999929154556,-0.951239288477808,-0.635161464561409,8.2647538429786,23.866270100016,59.9999937660327,58.779755700244,59.9999930308482,-0.951528977823408,-0.1098376240484,8.40420745853847,23.8197210462417,699.11655373899,689.058186856407,741.754304064352,35.2282333643481,156.180710399892,156.18077075031,174.165213681837,13.4076175367312
generator_outage_G05,generator_outage,10,6,24,1,8,2,0.959595788849726,0.942616524404626,0.964548941797177,-0.00744637809734128,0,0.917326954174589,0.999264074901395,0.971622932164826,0.999263645090658,-0.0124302615748134,0,1.18861697505816,59.9999934559826,58.7877773421094,59.9999929154556,-0.951239288477808,-0.635161464561409,8.2647538429786,23.866270100016,59.9999936918416,58.7899165000525,59.9999929808452,-0.95142125353091,-0.243738867388451,8.23809654347594,23.866270100016,699.11655373899,689.058186856407,741.754304064352,35.2282333643481,156.180710399892,156.18077075031,174.165213681837,13.4076175367312
generator_outage_G05,generator_outage,11,32,33,2,5,2,0.984100548431793,0.967328281056335,0.988631941219706,-0.00673743103158375,0,0.223325580995624,0.997200971921189,0.94978508983239,0.997200544261644,-0.0111261149802039,0,1.51020545144802,59.9999937660327,58.779755700244,59.9999930308482,-0.951528977823408,-0.1098376240484,8.40420745853847,23.8197210462417,59.9999949130723,59.9999943446027,59.9999943446027,-5.68469644690595e-07,0,0,0,699.11655373899,689.058186856407,741.754304064352,35.2282333643481,156.180710399892,156.18077075031,174.165213681837,13.4076175367312
generator_outage_G05,generator_outage,12,17,18,3,4,2,0.99507019283339,0.970710807022971,0.99506978189358,-0.0106196574652937,0,1.08842836640038,0.993422297824962,0.971539169752203,0.993421901286815,-0.00946401439587674,0,0.306199211004184,59.9999938740924,58.7812136417043,59.9999931528418,-0.95171362954369,-0.19852565742936,8.37138304098925,23.866270100016,59.9999944662808,58.7763135708527,60.0417168564097,-0.952627774395459,-3.20382290851772,8.4370318760877,23.866270100016,699.11655373899,689.058186856407,741.754304064352,35.2282333643481,156.180710399892,156.18077075031,174.165213681837,13.4076175367312
generator_outage_G05,generator_outage,13,8,26,3,10,2,0.954598516570043,0.939494149232329,0.959784509531812,-0.00660661137297147,0,0.917326954174589,1.01926696898686,0.996203159258921,1.0192665756457,-0.00954778197348194,0,1.08842836640038,59.9999938740924,58.7812136417043,59.9999931528418,-0.95171362954369,-0.19852565742936,8.37138304098925,23.866270100016,59.9999918043979,58.7874218414908,59.9999905544695,-0.947508013587523,-0.0479652218722856,8.79043371107757,24.4141166649333,699.11655373899,689.058186856407,741.754304064352,35.2282333643481,156.180710399892,156.18077075031,174.165213681837,13.4076175367312
generator_outage_G05,generator_outage,14,1,39,4,10,2,1.02689638912936,1.02164242699183,1.03154860775941,-0.00193461816325402,0,0.961771499421285,1.03000013409431,1.02804858031701,1.03122918607941,-0.000769594388453587,0,0.939549226797937,59.9999944662808,58.7763135708527,60.0417168564097,-0.952627774395459,-3.20382290851772,8.4370318760877,23.866270100016,59.9999918043979,58.7874218414908,59.9999905544695,-0.947508013587523,-0.0479652218722856,8.79043371107757,24.4141166649333,699.11655373899,689.058186856407,741.754304064352,35.2282333643481,156.180710399892,156.18077075031,174.165213681837,13.4076175367312
generator_outage_G05,generator_outage,15,20,23,5,10,2,0.987464538640993,0.916609706903283,0.987464063594078,-0.0433075362188938,0,NaN,1.02167685351485,0.997828771926874,1.02224776477229,-0.0101713919506459,0,0.80621559105785,59.9999949130723,59.9999943446027,59.9999943446027,-5.68469644690595e-07,0,0,0,59.9999918043979,58.7874218414908,59.9999905544695,-0.947508013587523,-0.0479652218722856,8.79043371107757,24.4141166649333,699.11655373899,689.058186856407,741.754304064352,35.2282333643481,156.180710399892,156.18077075031,174.165213681837,13.4076175367312
generator_outage_G05,generator_outage,16,10,33,7,9,2,0.965720649152829,0.947464176892522,0.969357300553458,-0.00829948266257285,0,0.223325580995624,0.997200971921189,0.94978508983239,0.997200544261644,-0.0111261149802039,0,1.51020545144802,59.9999944671441,58.764748241226,59.9999939609786,-0.952898132945066,-0.674495391469433,8.23809654347594,23.866270100016,59.9999948530335,58.7683753559305,59.9999937595388,-0.953029169167998,-0.0432417465425654,7.30015817866133,23.9221814744103,699.11655373899,689.058186856407,741.754304064352,35.2282333643481,156.180710399892,156.18077075031,174.165213681837,13.4076175367312
generator_outage_G05,generator_outage,17,3,32,1,3,3,0.994475020133488,0.976321391928599,0.99596446479903,-0.00782165275029256,0,0.223325580995624,0.984100548431793,0.967328281056335,0.988631941219706,-0.00673743103158375,0,0.223325580995624,59.9999934559826,58.7877773421094,59.9999929154556,-0.951239288477808,-0.635161464561409,8.2647538429786,23.866270100016,59.9999938740924,58.7812136417043,59.9999931528418,-0.95171362954369,-0.19852565742936,8.37138304098925,23.866270100016,672.46804441793,665.093374438468,747.330448658627,52.3371831542953,138.262054035867,138.262231281765,155.97736650174,15.6729780042275
generator_outage_G05,generator_outage,18,23,38,1,8,3,1.02167685351485,0.997828771926874,1.02224776477229,-0.0101713919506459,0,0.80621559105785,1.02650112277428,1.00164134364594,1.0312565907078,-0.00575447097040183,0,1.1184233909549,59.9999934559826,58.7877773421094,59.9999929154556,-0.951239288477808,-0.635161464561409,8.2647538429786,23.866270100016,59.9999936918416,58.7899165000525,59.9999929808452,-0.95142125353091,-0.243738867388451,8.23809654347594,23.866270100016,672.46804441793,665.093374438468,747.330448658627,52.3371831542953,138.262054035867,138.262231281765,155.97736650174,15.6729780042275
generator_outage_G05,generator_outage,19,13,18,2,6,3,0.964270739573376,0.945292207895148,0.967260119265906,-0.00870978060012573,0,0.223325580995624,0.993422297824962,0.971539169752203,0.993421901286815,-0.00946401439587674,0,0.306199211004184,59.9999937660327,58.779755700244,59.9999930308482,-0.951528977823408,-0.1098376240484,8.40420745853847,23.8197210462417,59.9999943494354,58.7633847888494,59.9999939661539,-0.952942876817872,-0.594128393356641,8.23809654347594,23.866270100016,672.46804441793,665.093374438468,747.330448658627,52.3371831542953,138.262054035867,138.262231281765,155.97736650174,15.6729780042275
generator_outage_G05,generator_outage,20,5,29,3,5,3,0.958759400236745,0.941938920259301,0.96343558890537,-0.00746451912422197,0,0.917326954174589,1.02109303516246,0.994937071476575,1.02366826115562,-0.00841844348781162,0,1.1184233909549,59.9999938740924,58.7812136417043,59.9999931528418,-0.95171362954369,-0.19852565742936,8.37138304098925,23.866270100016,59.9999949130723,59.9999943446027,59.9999943446027,-5.68469644690595e-07,0,0,0,672.46804441793,665.093374438468,747.330448658627,52.3371831542953,138.262054035867,138.262231281765,155.97736650174,15.6729780042275
generator_outage_G05,generator_outage,21,28,38,3,10,3,1.01980319076653,0.993921038861199,1.02151575779352,-0.00912378308062367,0,1.1184233909549,1.02650112277428,1.00164134364594,1.0312565907078,-0.00575447097040183,0,1.1184233909549,59.9999938740924,58.7812136417043,59.9999931528418,-0.95171362954369,-0.19852565742936,8.37138304098925,23.866270100016,59.9999918043979,58.7874218414908,59.9999905544695,-0.947508013587523,-0.0479652218722856,8.79043371107757,24.4141166649333,672.46804441793,665.093374438468,747.330448658627,52.3371831542953,138.262054035867,138.262231281765,155.97736650174,15.6729780042275
generator_outage_G05,generator_outage,22,15,34,4,10,3,0.973079105652974,0.947794800622874,0.973078694472808,-0.0113290778016931,0,1.08842836640038,1.01230116063239,0.916609706903309,1.0123006520705,-0.0681441582207387,0,NaN,59.9999944662808,58.7763135708527,60.0417168564097,-0.952627774395459,-3.20382290851772,8.4370318760877,23.866270100016,59.9999918043979,58.7874218414908,59.9999905544695,-0.947508013587523,-0.0479652218722856,8.79043371107757,24.4141166649333,672.46804441793,665.093374438468,747.330448658627,52.3371831542953,138.262054035867,138.262231281765,155.97736650174,15.6729780042275
generator_outage_G05,generator_outage,23,7,29,6,7,3,0.953428494064471,0.937753507758177,0.958591725385173,-0.00686133347360252,0,0.917326954174589,1.02109303516246,0.994937071476575,1.02366826115562,-0.00841844348781162,0,1.1184233909549,59.9999943494354,58.7633847888494,59.9999939661539,-0.952942876817872,-0.594128393356641,8.23809654347594,23.866270100016,59.9999944671441,58.764748241226,59.9999939609786,-0.952898132945066,-0.674495391469433,8.23809654347594,23.866270100016,672.46804441793,665.093374438468,747.330448658627,52.3371831542953,138.262054035867,138.262231281765,155.97736650174,15.6729780042275
generator_outage_G05,generator_outage,24,1,11,7,10,3,1.02689638912936,1.02164242699183,1.03154860775941,-0.00193461816325402,0,0.961771499421285,0.96248990465261,0.944819956752507,0.96661392801769,-0.00800894623856774,0,0.223325580995624,59.9999944671441,58.764748241226,59.9999939609786,-0.952898132945066,-0.674495391469433,8.23809654347594,23.866270100016,59.9999918043979,58.7874218414908,59.9999905544695,-0.947508013587523,-0.0479652218722856,8.79043371107757,24.4141166649333,672.46804441793,665.093374438468,747.330448658627,52.3371831542953,138.262054035867,138.262231281765,155.97736650174,15.6729780042275
generator_outage_G05,generator_outage,25,18,34,1,3,4,0.993422297824962,0.971539169752203,0.993421901286815,-0.00946401439587674,0,0.306199211004184,1.01230116063239,0.916609706903309,1.0123006520705,-0.0681441582207387,0,NaN,59.9999934559826,58.7877773421094,59.9999929154556,-0.951239288477808,-0.635161464561409,8.2647538429786,23.866270100016,59.9999938740924,58.7812136417043,59.9999931528418,-0.95171362954369,-0.19852565742936,8.37138304098925,23.866270100016,653.081286728971,574.07622115836,775.493641739457,31.799386206834,44.6481487675236,44.648332965707,152.582109633277,94.7852958851174
generator_outage_G05,generator_outage,26,9,34,1,9,4,1.02020766358892,1.01313615106539,1.02420426201767,-0.00295014892154022,0,0.917326954174589,1.01230116063239,0.916609706903309,1.0123006520705,-0.0681441582207387,0,NaN,59.9999934559826,58.7877773421094,59.9999929154556,-0.951239288477808,-0.635161464561409,8.2647538429786,23.866270100016,59.9999948530335,58.7683753559305,59.9999937595388,-0.953029169167998,-0.0432417465425654,7.30015817866133,23.9221814744103,653.081286728971,574.07622115836,775.493641739457,31.799386206834,44.6481487675236,44.648332965707,152.582109633277,94.7852958851174
generator_outage_G05,generator_outage,27,3,4,2,7,4,0.994475020133488,0.976321391928599,0.99596446479903,-0.00782165275029256,0,0.223325580995624,0.960053104706681,0.941790455119706,0.962816576263163,-0.00821248205469549,0,0.223325580995624,59.9999937660327,58.779755700244,59.9999930308482,-0.951528977823408,-0.1098376240484,8.40420745853847,23.8197210462417,59.9999944671441,58.764748241226,59.9999939609786,-0.952898132945066,-0.674495391469433,8.23809654347594,23.866270100016,653.081286728971,574.07622115836,775.493641739457,31.799386206834,44.6481487675236,44.648332965707,152.582109633277,94.7852958851174
generator_outage_G05,generator_outage,28,22,26,3,5,4,1.0229600920912,0.99890050922907,1.02338445710907,-0.0100196734889613,0,0.80621559105785,1.01926696898686,0.996203159258921,1.0192665756457,-0.00954778197348194,0,1.08842836640038,59.9999938740924,58.7812136417043,59.9999931528418,-0.95171362954369,-0.19852565742936,8.37138304098925,23.866270100016,59.9999949130723,59.9999943446027,59.9999943446027,-5.68469644690595e-07,0,0,0,653.081286728971,574.07622115836,775.493641739457,31.799386206834,44.6481487675236,44.648332965707,152.582109633277,94.7852958851174
generator_outage_G05,generator_outage,29,12,15,4,5,4,0.945223588050834,0.927240188024271,0.948708633273072,-0.00820396258090295,0,0.223325580995624,0.973079105652974,0.947794800622874,0.973078694472808,-0.0113290778016931,0,1.08842836640038,59.9999944662808,58.7763135708527,60.0417168564097,-0.952627774395459,-3.20382290851772,8.4370318760877,23.866270100016,59.9999949130723,59.9999943446027,59.9999943446027,-5.68469644690595e-07,0,0,0,653.081286728971,574.07622115836,775.493641739457,31.799386206834,44.6481487675236,44.648332965707,152.582109633277,94.7852958851174
generator_outage_G05,generator_outage,30,4,34,5,6,4,0.960053104706681,0.941790455119706,0.962816576263163,-0.00821248205469549,0,0.223325580995624,1.01230116063239,0.916609706903309,1.0123006520705,-0.0681441582207387,0,NaN,59.9999949130723,59.9999943446027,59.9999943446027,-5.68469644690595e-07,0,0,0,59.9999943494354,58.7633847888494,59.9999939661539,-0.952942876817872,-0.594128393356641,8.23809654347594,23.866270100016,653.081286728971,574.07622115836,775.493641739457,31.799386206834,44.6481487675236,44.648332965707,152.582109633277,94.7852958851174
generator_outage_G05,generator_outage,31,26,33,6,7,4,1.01926696898686,0.996203159258921,1.0192665756457,-0.00954778197348194,0,1.08842836640038,0.997200971921189,0.94978508983239,0.997200544261644,-0.0111261149802039,0,1.51020545144802,59.9999943494354,58.7633847888494,59.9999939661539,-0.952942876817872,-0.594128393356641,8.23809654347594,23.866270100016,59.9999944671441,58.764748241226,59.9999939609786,-0.952898132945066,-0.674495391469433,8.23809654347594,23.866270100016,653.081286728971,574.07622115836,775.493641739457,31.799386206834,44.6481487675236,44.648332965707,152.582109633277,94.7852958851174
generator_outage_G05,generator_outage,32,14,30,7,10,4,0.965188010297433,0.944858414362502,0.966985973517735,-0.00931842114108072,0,0.264762395999904,1.04990040987001,1.04138319647876,1.05384389377707,-0.00135309477786971,0,0.202607173493484,59.9999944671441,58.764748241226,59.9999939609786,-0.952898132945066,-0.674495391469433,8.23809654347594,23.866270100016,59.9999918043979,58.7874218414908,59.9999905544695,-0.947508013587523,-0.0479652218722856,8.79043371107757,24.4141166649333,653.081286728971,574.07622115836,775.493641739457,31.799386206834,44.6481487675236,44.648332965707,152.582109633277,94.7852958851174
generator_outage_G05,generator_outage,33,6,33,1,4,5,0.959595788849726,0.942616524404626,0.964548941797177,-0.00744637809734128,0,0.917326954174589,0.997200971921189,0.94978508983239,0.997200544261644,-0.0111261149802039,0,1.51020545144802,59.9999934559826,58.7877773421094,59.9999929154556,-0.951239288477808,-0.635161464561409,8.2647538429786,23.866270100016,59.9999944662808,58.7763135708527,60.0417168564097,-0.952627774395459,-3.20382290851772,8.4370318760877,23.866270100016,517.000719945857,0,517.000997704739,-517.000719945857,137.308688158259,0,137.308465454197,-137.308688158259
generator_outage_G05,generator_outage,34,33,36,1,9,5,0.997200971921189,0.94978508983239,0.997200544261644,-0.0111261149802039,0,1.51020545144802,1.0636010753349,1.04525110921729,1.06742508415528,-0.00626146761074398,0,0.181888765991344,59.9999934559826,58.7877773421094,59.9999929154556,-0.951239288477808,-0.635161464561409,8.2647538429786,23.866270100016,59.9999948530335,58.7683753559305,59.9999937595388,-0.953029169167998,-0.0432417465425654,7.30015817866133,23.9221814744103,517.000719945857,0,517.000997704739,-517.000719945857,137.308688158259,0,137.308465454197,-137.308688158259
generator_outage_G05,generator_outage,35,17,27,2,7,5,0.99507019283339,0.970710807022971,0.99506978189358,-0.0106196574652937,0,1.08842836640038,1.0020543707611,0.978185953937108,1.00205397218291,-0.0103510417100841,0,1.08842836640038,59.9999937660327,58.779755700244,59.9999930308482,-0.951528977823408,-0.1098376240484,8.40420745853847,23.8197210462417,59.9999944671441,58.764748241226,59.9999939609786,-0.952898132945066,-0.674495391469433,8.23809654347594,23.866270100016,517.000719945857,0,517.000997704739,-517.000719945857,137.308688158259,0,137.308465454197,-137.308688158259
generator_outage_G05,generator_outage,36,8,36,3,6,5,0.954598516570043,0.939494149232329,0.959784509531812,-0.00660661137297147,0,0.917326954174589,1.0636010753349,1.04525110921729,1.06742508415528,-0.00626146761074398,0,0.181888765991344,59.9999938740924,58.7812136417043,59.9999931528418,-0.95171362954369,-0.19852565742936,8.37138304098925,23.866270100016,59.9999943494354,58.7633847888494,59.9999939661539,-0.952942876817872,-0.594128393356641,8.23809654347594,23.866270100016,517.000719945857,0,517.000997704739,-517.000719945857,137.308688158259,0,137.308465454197,-137.308688158259
generator_outage_G05,generator_outage,37,2,11,4,6,5,1.02001684293784,1.0068731001733,1.02333531076495,-0.00516356681241592,0,0.202607173493484,0.96248990465261,0.944819956752507,0.96661392801769,-0.00800894623856774,0,0.223325580995624,59.9999944662808,58.7763135708527,60.0417168564097,-0.952627774395459,-3.20382290851772,8.4370318760877,23.866270100016,59.9999943494354,58.7633847888494,59.9999939661539,-0.952942876817872,-0.594128393356641,8.23809654347594,23.866270100016,517.000719945857,0,517.000997704739,-517.000719945857,137.308688158259,0,137.308465454197,-137.308688158259
generator_outage_G05,generator_outage,38,20,32,5,6,5,0.987464538640993,0.916609706903283,0.987464063594078,-0.0433075362188938,0,NaN,0.984100548431793,0.967328281056335,0.988631941219706,-0.00673743103158375,0,0.223325580995624,59.9999949130723,59.9999943446027,59.9999943446027,-5.68469644690595e-07,0,0,0,59.9999943494354,58.7633847888494,59.9999939661539,-0.952942876817872,-0.594128393356641,8.23809654347594,23.866270100016,517.000719945857,0,517.000997704739,-517.000719945857,137.308688158259,0,137.308465454197,-137.308688158259
generator_outage_G05,generator_outage,39,11,14,6,8,5,0.96248990465261,0.944819956752507,0.96661392801769,-0.00800894623856774,0,0.223325580995624,0.965188010297433,0.944858414362502,0.966985973517735,-0.00931842114108072,0,0.264762395999904,59.9999943494354,58.7633847888494,59.9999939661539,-0.952942876817872,-0.594128393356641,8.23809654347594,23.866270100016,59.9999936918416,58.7899165000525,59.9999929808452,-0.95142125353091,-0.243738867388451,8.23809654347594,23.866270100016,517.000719945857,0,517.000997704739,-517.000719945857,137.308688158259,0,137.308465454197,-137.308688158259
generator_outage_G05,generator_outage,40,4,6,8,9,5,0.960053104706681,0.941790455119706,0.962816576263163,-0.00821248205469549,0,0.223325580995624,0.959595788849726,0.942616524404626,0.964548941797177,-0.00744637809734128,0,0.917326954174589,59.9999936918416,58.7899165000525,59.9999929808452,-0.95142125353091,-0.243738867388451,8.23809654347594,23.866270100016,59.9999948530335,58.7683753559305,59.9999937595388,-0.953029169167998,-0.0432417465425654,7.30015817866133,23.9221814744103,517.000719945857,0,517.000997704739,-517.000719945857,137.308688158259,0,137.308465454197,-137.308688158259
generator_outage_G05,generator_outage,41,24,32,1,4,6,0.999264074901395,0.971622932164826,0.999263645090658,-0.0124302615748134,0,1.18861697505816,0.984100548431793,0.967328281056335,0.988631941219706,-0.00673743103158375,0,0.223325580995624,59.9999934559826,58.7877773421094,59.9999929154556,-0.951239288477808,-0.635161464561409,8.2647538429786,23.866270100016,59.9999944662808,58.7763135708527,60.0417168564097,-0.952627774395459,-3.20382290851772,8.4370318760877,23.866270100016,646.129526212919,617.814586973136,730.02420483857,52.0827060445458,221.895491666939,221.895634079564,249.691821961028,26.4586512808561
generator_outage_G05,generator_outage,42,13,27,1,10,6,0.964270739573376,0.945292207895148,0.967260119265906,-0.00870978060012573,0,0.223325580995624,1.0020543707611,0.978185953937108,1.00205397218291,-0.0103510417100841,0,1.08842836640038,59.9999934559826,58.7877773421094,59.9999929154556,-0.951239288477808,-0.635161464561409,8.2647538429786,23.866270100016,59.9999918043979,58.7874218414908,59.9999905544695,-0.947508013587523,-0.0479652218722856,8.79043371107757,24.4141166649333,646.129526212919,617.814586973136,730.02420483857,52.0827060445458,221.895491666939,221.895634079564,249.691821961028,26.4586512808561
generator_outage_G05,generator_outage,43,5,38,2,8,6,0.958759400236745,0.941938920259301,0.96343558890537,-0.00746451912422197,0,0.917326954174589,1.02650112277428,1.00164134364594,1.0312565907078,-0.00575447097040183,0,1.1184233909549,59.9999937660327,58.779755700244,59.9999930308482,-0.951528977823408,-0.1098376240484,8.40420745853847,23.8197210462417,59.9999936918416,58.7899165000525,59.9999929808452,-0.95142125353091,-0.243738867388451,8.23809654347594,23.866270100016,646.129526212919,617.814586973136,730.02420483857,52.0827060445458,221.895491666939,221.895634079564,249.691821961028,26.4586512808561
generator_outage_G05,generator_outage,44,29,38,3,6,6,1.02109303516246,0.994937071476575,1.02366826115562,-0.00841844348781162,0,1.1184233909549,1.02650112277428,1.00164134364594,1.0312565907078,-0.00575447097040183,0,1.1184233909549,59.9999938740924,58.7812136417043,59.9999931528418,-0.95171362954369,-0.19852565742936,8.37138304098925,23.866270100016,59.9999943494354,58.7633847888494,59.9999939661539,-0.952942876817872,-0.594128393356641,8.23809654347594,23.866270100016,646.129526212919,617.814586973136,730.02420483857,52.0827060445458,221.895491666939,221.895634079564,249.691821961028,26.4586512808561
generator_outage_G05,generator_outage,45,16,20,4,6,6,0.991037366929576,0.9632374787807,0.991036940258187,-0.0123570225745441,0,1.18861697505816,0.987464538640993,0.916609706903283,0.987464063594078,-0.0433075362188938,0,NaN,59.9999944662808,58.7763135708527,60.0417168564097,-0.952627774395459,-3.20382290851772,8.4370318760877,23.866270100016,59.9999943494354,58.7633847888494,59.9999939661539,-0.952942876817872,-0.594128393356641,8.23809654347594,23.866270100016,646.129526212919,617.814586973136,730.02420483857,52.0827060445458,221.895491666939,221.895634079564,249.691821961028,26.4586512808561
generator_outage_G05,generator_outage,46,7,38,5,7,6,0.953428494064471,0.937753507758177,0.958591725385173,-0.00686133347360252,0,0.917326954174589,1.02650112277428,1.00164134364594,1.0312565907078,-0.00575447097040183,0,1.1184233909549,59.9999949130723,59.9999943446027,59.9999943446027,-5.68469644690595e-07,0,0,0,59.9999944671441,58.764748241226,59.9999939609786,-0.952898132945066,-0.674495391469433,8.23809654347594,23.866270100016,646.129526212919,617.814586973136,730.02420483857,52.0827060445458,221.895491666939,221.895634079564,249.691821961028,26.4586512808561
generator_outage_G05,generator_outage,47,1,20,6,9,6,1.02689638912936,1.02164242699183,1.03154860775941,-0.00193461816325402,0,0.961771499421285,0.987464538640993,0.916609706903283,0.987464063594078,-0.0433075362188938,0,NaN,59.9999943494354,58.7633847888494,59.9999939661539,-0.952942876817872,-0.594128393356641,8.23809654347594,23.866270100016,59.9999948530335,58.7683753559305,59.9999937595388,-0.953029169167998,-0.0432417465425654,7.30015817866133,23.9221814744103,646.129526212919,617.814586973136,730.02420483857,52.0827060445458,221.895491666939,221.895634079564,249.691821961028,26.4586512808561
generator_outage_G05,generator_outage,48,19,23,8,9,6,0.990604210848697,0.937893380910096,0.990603758590716,-0.0245238863112522,0,NaN,1.02167685351485,0.997828771926874,1.02224776477229,-0.0101713919506459,0,0.80621559105785,59.9999936918416,58.7899165000525,59.9999929808452,-0.95142125353091,-0.243738867388451,8.23809654347594,23.866270100016,59.9999948530335,58.7683753559305,59.9999937595388,-0.953029169167998,-0.0432417465425654,7.30015817866133,23.9221814744103,646.129526212919,617.814586973136,730.02420483857,52.0827060445458,221.895491666939,221.895634079564,249.691821961028,26.4586512808561
generator_outage_G05,generator_outage,49,10,14,1,5,7,0.965720649152829,0.947464176892522,0.969357300553458,-0.00829948266257285,0,0.223325580995624,0.965188010297433,0.944858414362502,0.966985973517735,-0.00931842114108072,0,0.264762395999904,59.9999934559826,58.7877773421094,59.9999929154556,-0.951239288477808,-0.635161464561409,8.2647538429786,23.866270100016,59.9999949130723,59.9999943446027,59.9999943446027,-5.68469644690595e-07,0,0,0,525.642776165619,503.687007027962,571.92149290865,42.8794207364151,188.546381008994,188.546577690938,216.393984892365,19.932954069946
generator_outage_G05,generator_outage,50,3,13,2,3,7,0.994475020133488,0.976321391928599,0.99596446479903,-0.00782165275029256,0,0.223325580995624,0.964270739573376,0.945292207895148,0.967260119265906,-0.00870978060012573,0,0.223325580995624,59.9999937660327,58.779755700244,59.9999930308482,-0.951528977823408,-0.1098376240484,8.40420745853847,23.8197210462417,59.9999938740924,58.7812136417043,59.9999931528418,-0.95171362954369,-0.19852565742936,8.37138304098925,23.866270100016,525.642776165619,503.687007027962,571.92149290865,42.8794207364151,188.546381008994,188.546577690938,216.393984892365,19.932954069946
generator_outage_G05,generator_outage,51,22,35,2,8,7,1.0229600920912,0.99890050922907,1.02338445710907,-0.0100196734889613,0,0.80621559105785,1.04940121508332,1.0284261723331,1.05177781303441,-0.00693116843388131,0,0.244043988497764,59.9999937660327,58.779755700244,59.9999930308482,-0.951528977823408,-0.1098376240484,8.40420745853847,23.8197210462417,59.9999936918416,58.7899165000525,59.9999929808452,-0.95142125353091,-0.243738867388451,8.23809654347594,23.866270100016,525.642776165619,503.687007027962,571.92149290865,42.8794207364151,188.546381008994,188.546577690938,216.393984892365,19.932954069946
generator_outage_G05,generator_outage,52,12,25,3,7,7,0.945223588050834,0.927240188024271,0.948708633273072,-0.00820396258090295,0,0.223325580995624,1.02838004290673,1.0131338190404,1.02916036778358,-0.00536745645454362,0,0.244043988497764,59.9999938740924,58.7812136417043,59.9999931528418,-0.95171362954369,-0.19852565742936,8.37138304098925,23.866270100016,59.9999944671441,58.764748241226,59.9999939609786,-0.952898132945066,-0.674495391469433,8.23809654347594,23.866270100016,525.642776165619,503.687007027962,571.92149290865,42.8794207364151,188.546381008994,188.546577690938,216.393984892365,19.932954069946
generator_outage_G05,generator_outage,53,5,9,4,7,7,0.958759400236745,0.941938920259301,0.96343558890537,-0.00746451912422197,0,0.917326954174589,1.02020766358892,1.01313615106539,1.02420426201767,-0.00295014892154022,0,0.917326954174589,59.9999944662808,58.7763135708527,60.0417168564097,-0.952627774395459,-3.20382290851772,8.4370318760877,23.866270100016,59.9999944671441,58.764748241226,59.9999939609786,-0.952898132945066,-0.674495391469433,8.23809654347594,23.866270100016,525.642776165619,503.687007027962,571.92149290865,42.8794207364151,188.546381008994,188.546577690938,216.393984892365,19.932954069946
generator_outage_G05,generator_outage,54,27,30,5,7,7,1.0020543707611,0.978185953937108,1.00205397218291,-0.0103510417100841,0,1.08842836640038,1.04990040987001,1.04138319647876,1.05384389377707,-0.00135309477786971,0,0.202607173493484,59.9999949130723,59.9999943446027,59.9999943446027,-5.68469644690595e-07,0,0,0,59.9999944671441,58.764748241226,59.9999939609786,-0.952898132945066,-0.674495391469433,8.23809654347594,23.866270100016,525.642776165619,503.687007027962,571.92149290865,42.8794207364151,188.546381008994,188.546577690938,216.393984892365,19.932954069946
generator_outage_G05,generator_outage,55,14,39,6,9,7,0.965188010297433,0.944858414362502,0.966985973517735,-0.00931842114108072,0,0.264762395999904,1.03000013409431,1.02804858031701,1.03122918607941,-0.000769594388453587,0,0.939549226797937,59.9999943494354,58.7633847888494,59.9999939661539,-0.952942876817872,-0.594128393356641,8.23809654347594,23.866270100016,59.9999948530335,58.7683753559305,59.9999937595388,-0.953029169167998,-0.0432417465425654,7.30015817866133,23.9221814744103,525.642776165619,503.687007027962,571.92149290865,42.8794207364151,188.546381008994,188.546577690938,216.393984892365,19.932954069946
generator_outage_G05,generator_outage,56,7,10,8,10,7,0.953428494064471,0.937753507758177,0.958591725385173,-0.00686133347360252,0,0.917326954174589,0.965720649152829,0.947464176892522,0.969357300553458,-0.00829948266257285,0,0.223325580995624,59.9999936918416,58.7899165000525,59.9999929808452,-0.95142125353091,-0.243738867388451,8.23809654347594,23.866270100016,59.9999918043979,58.7874218414908,59.9999905544695,-0.947508013587523,-0.0479652218722856,8.79043371107757,24.4141166649333,525.642776165619,503.687007027962,571.92149290865,42.8794207364151,188.546381008994,188.546577690938,216.393984892365,19.932954069946
generator_outage_G05,generator_outage,57,35,36,1,5,8,1.04940121508332,1.0284261723331,1.05177781303441,-0.00693116843388131,0,0.244043988497764,1.0636010753349,1.04525110921729,1.06742508415528,-0.00626146761074398,0,0.181888765991344,59.9999934559826,58.7877773421094,59.9999929154556,-0.951239288477808,-0.635161464561409,8.2647538429786,23.866270100016,59.9999949130723,59.9999943446027,59.9999943446027,-5.68469644690595e-07,0,0,0,535.98704469732,535.939717149484,567.199329411451,30.5791157166603,13.8483715662576,13.8484934426564,26.8731960310332,7.97484303827576
generator_outage_G05,generator_outage,58,17,36,2,3,8,0.99507019283339,0.970710807022971,0.99506978189358,-0.0106196574652937,0,1.08842836640038,1.0636010753349,1.04525110921729,1.06742508415528,-0.00626146761074398,0,0.181888765991344,59.9999937660327,58.779755700244,59.9999930308482,-0.951528977823408,-0.1098376240484,8.40420745853847,23.8197210462417,59.9999938740924,58.7812136417043,59.9999931528418,-0.95171362954369,-0.19852565742936,8.37138304098925,23.866270100016,535.98704469732,535.939717149484,567.199329411451,30.5791157166603,13.8483715662576,13.8484934426564,26.8731960310332,7.97484303827576
generator_outage_G05,generator_outage,59,9,15,2,9,8,1.02020766358892,1.01313615106539,1.02420426201767,-0.00295014892154022,0,0.917326954174589,0.973079105652974,0.947794800622874,0.973078694472808,-0.0113290778016931,0,1.08842836640038,59.9999937660327,58.779755700244,59.9999930308482,-0.951528977823408,-0.1098376240484,8.40420745853847,23.8197210462417,59.9999948530335,58.7683753559305,59.9999937595388,-0.953029169167998,-0.0432417465425654,7.30015817866133,23.9221814744103,535.98704469732,535.939717149484,567.199329411451,30.5791157166603,13.8483715662576,13.8484934426564,26.8731960310332,7.97484303827576
generator_outage_G05,generator_outage,60,2,21,3,8,8,1.02001684293784,1.0068731001733,1.02333531076495,-0.00516356681241592,0,0.202607173493484,0.997579594018811,0.971268984747121,0.99757917147838,-0.0117273884992415,0,1.02843831729133,59.9999938740924,58.7812136417043,59.9999931528418,-0.95171362954369,-0.19852565742936,8.37138304098925,23.866270100016,59.9999936918416,58.7899165000525,59.9999929808452,-0.95142125353091,-0.243738867388451,8.23809654347594,23.866270100016,535.98704469732,535.939717149484,567.199329411451,30.5791157166603,13.8483715662576,13.8484934426564,26.8731960310332,7.97484303827576
generator_outage_G05,generator_outage,61,21,23,4,7,8,0.997579594018811,0.971268984747121,0.99757917147838,-0.0117273884992415,0,1.02843831729133,1.02167685351485,0.997828771926874,1.02224776477229,-0.0101713919506459,0,0.80621559105785,59.9999944662808,58.7763135708527,60.0417168564097,-0.952627774395459,-3.20382290851772,8.4370318760877,23.866270100016,59.9999944671441,58.764748241226,59.9999939609786,-0.952898132945066,-0.674495391469433,8.23809654347594,23.866270100016,535.98704469732,535.939717149484,567.199329411451,30.5791157166603,13.8483715662576,13.8484934426564,26.8731960310332,7.97484303827576
generator_outage_G05,generator_outage,62,11,23,5,8,8,0.96248990465261,0.944819956752507,0.96661392801769,-0.00800894623856774,0,0.223325580995624,1.02167685351485,0.997828771926874,1.02224776477229,-0.0101713919506459,0,0.80621559105785,59.9999949130723,59.9999943446027,59.9999943446027,-5.68469644690595e-07,0,0,0,59.9999936918416,58.7899165000525,59.9999929808452,-0.95142125353091,-0.243738867388451,8.23809654347594,23.866270100016,535.98704469732,535.939717149484,567.199329411451,30.5791157166603,13.8483715662576,13.8484934426564,26.8731960310332,7.97484303827576
generator_outage_G05,generator_outage,63,4,15,6,10,8,0.960053104706681,0.941790455119706,0.962816576263163,-0.00821248205469549,0,0.223325580995624,0.973079105652974,0.947794800622874,0.973078694472808,-0.0113290778016931,0,1.08842836640038,59.9999943494354,58.7633847888494,59.9999939661539,-0.952942876817872,-0.594128393356641,8.23809654347594,23.866270100016,59.9999918043979,58.7874218414908,59.9999905544695,-0.947508013587523,-0.0479652218722856,8.79043371107757,24.4141166649333,535.98704469732,535.939717149484,567.199329411451,30.5791157166603,13.8483715662576,13.8484934426564,26.8731960310332,7.97484303827576
generator_outage_G05,generator_outage,64,25,27,8,10,8,1.02838004290673,1.0131338190404,1.02916036778358,-0.00536745645454362,0,0.244043988497764,1.0020543707611,0.978185953937108,1.00205397218291,-0.0103510417100841,0,1.08842836640038,59.9999936918416,58.7899165000525,59.9999929808452,-0.95142125353091,-0.243738867388451,8.23809654347594,23.866270100016,59.9999918043979,58.7874218414908,59.9999905544695,-0.947508013587523,-0.0479652218722856,8.79043371107757,24.4141166649333,535.98704469732,535.939717149484,567.199329411451,30.5791157166603,13.8483715662576,13.8484934426564,26.8731960310332,7.97484303827576
generator_outage_G05,generator_outage,65,13,36,1,6,9,0.964270739573376,0.945292207895148,0.967260119265906,-0.00870978060012573,0,0.223325580995624,1.0636010753349,1.04525110921729,1.06742508415528,-0.00626146761074398,0,0.181888765991344,59.9999934559826,58.7877773421094,59.9999929154556,-0.951239288477808,-0.635161464561409,8.2647538429786,23.866270100016,59.9999943494354,58.7633847888494,59.9999939661539,-0.952942876817872,-0.594128393356641,8.23809654347594,23.866270100016,821.976188999109,805.326280140517,900.931158712483,51.9413564746284,43.6266753165716,43.6266901016509,70.4296089544122,21.8117732716889
generator_outage_G05,generator_outage,66,6,14,2,4,9,0.959595788849726,0.942616524404626,0.964548941797177,-0.00744637809734128,0,0.917326954174589,0.965188010297433,0.944858414362502,0.966985973517735,-0.00931842114108072,0,0.264762395999904,59.9999937660327,58.779755700244,59.9999930308482,-0.951528977823408,-0.1098376240484,8.40420745853847,23.8197210462417,59.9999944662808,58.7763135708527,60.0417168564097,-0.952627774395459,-3.20382290851772,8.4370318760877,23.866270100016,821.976188999109,805.326280140517,900.931158712483,51.9413564746284,43.6266753165716,43.6266901016509,70.4296089544122,21.8117732716889
generator_outage_G05,generator_outage,67,30,38,2,9,9,1.04990040987001,1.04138319647876,1.05384389377707,-0.00135309477786971,0,0.202607173493484,1.02650112277428,1.00164134364594,1.0312565907078,-0.00575447097040183,0,1.1184233909549,59.9999937660327,58.779755700244,59.9999930308482,-0.951528977823408,-0.1098376240484,8.40420745853847,23.8197210462417,59.9999948530335,58.7683753559305,59.9999937595388,-0.953029169167998,-0.0432417465425654,7.30015817866133,23.9221814744103,821.976188999109,805.326280140517,900.931158712483,51.9413564746284,43.6266753165716,43.6266901016509,70.4296089544122,21.8117732716889
generator_outage_G05,generator_outage,68,16,30,3,8,9,0.991037366929576,0.9632374787807,0.991036940258187,-0.0123570225745441,0,1.18861697505816,1.04990040987001,1.04138319647876,1.05384389377707,-0.00135309477786971,0,0.202607173493484,59.9999938740924,58.7812136417043,59.9999931528418,-0.95171362954369,-0.19852565742936,8.37138304098925,23.866270100016,59.9999936918416,58.7899165000525,59.9999929808452,-0.95142125353091,-0.243738867388451,8.23809654347594,23.866270100016,821.976188999109,805.326280140517,900.931158712483,51.9413564746284,43.6266753165716,43.6266901016509,70.4296089544122,21.8117732716889
generator_outage_G05,generator_outage,69,8,16,4,8,9,0.954598516570043,0.939494149232329,0.959784509531812,-0.00660661137297147,0,0.917326954174589,0.991037366929576,0.9632374787807,0.991036940258187,-0.0123570225745441,0,1.18861697505816,59.9999944662808,58.7763135708527,60.0417168564097,-0.952627774395459,-3.20382290851772,8.4370318760877,23.866270100016,59.9999936918416,58.7899165000525,59.9999929808452,-0.95142125353091,-0.243738867388451,8.23809654347594,23.866270100016,821.976188999109,805.326280140517,900.931158712483,51.9413564746284,43.6266753165716,43.6266901016509,70.4296089544122,21.8117732716889
generator_outage_G05,generator_outage,70,1,29,5,9,9,1.02689638912936,1.02164242699183,1.03154860775941,-0.00193461816325402,0,0.961771499421285,1.02109303516246,0.994937071476575,1.02366826115562,-0.00841844348781162,0,1.1184233909549,59.9999949130723,59.9999943446027,59.9999943446027,-5.68469644690595e-07,0,0,0,59.9999948530335,58.7683753559305,59.9999937595388,-0.953029169167998,-0.0432417465425654,7.30015817866133,23.9221814744103,821.976188999109,805.326280140517,900.931158712483,51.9413564746284,43.6266753165716,43.6266901016509,70.4296089544122,21.8117732716889
generator_outage_G05,generator_outage,71,19,32,6,10,9,0.990604210848697,0.937893380910096,0.990603758590716,-0.0245238863112522,0,NaN,0.984100548431793,0.967328281056335,0.988631941219706,-0.00673743103158375,0,0.223325580995624,59.9999943494354,58.7633847888494,59.9999939661539,-0.952942876817872,-0.594128393356641,8.23809654347594,23.866270100016,59.9999918043979,58.7874218414908,59.9999905544695,-0.947508013587523,-0.0479652218722856,8.79043371107757,24.4141166649333,821.976188999109,805.326280140517,900.931158712483,51.9413564746284,43.6266753165716,43.6266901016509,70.4296089544122,21.8117732716889
generator_outage_G05,generator_outage,72,10,23,9,10,9,0.965720649152829,0.947464176892522,0.969357300553458,-0.00829948266257285,0,0.223325580995624,1.02167685351485,0.997828771926874,1.02224776477229,-0.0101713919506459,0,0.80621559105785,59.9999948530335,58.7683753559305,59.9999937595388,-0.953029169167998,-0.0432417465425654,7.30015817866133,23.9221814744103,59.9999918043979,58.7874218414908,59.9999905544695,-0.947508013587523,-0.0479652218722856,8.79043371107757,24.4141166649333,821.976188999109,805.326280140517,900.931158712483,51.9413564746284,43.6266753165716,43.6266901016509,70.4296089544122,21.8117732716889
generator_outage_G05,generator_outage,73,3,22,1,7,10,0.994475020133488,0.976321391928599,0.99596446479903,-0.00782165275029256,0,0.223325580995624,1.0229600920912,0.99890050922907,1.02338445710907,-0.0100196734889613,0,0.80621559105785,59.9999934559826,58.7877773421094,59.9999929154556,-0.951239288477808,-0.635161464561409,8.2647538429786,23.866270100016,59.9999944671441,58.764748241226,59.9999939609786,-0.952898132945066,-0.674495391469433,8.23809654347594,23.866270100016,950.434923998617,912.684283715359,1263.71373793342,41.5474760207627,226.715283095974,186.819833608823,259.329858005995,10.7390608219415
generator_outage_G05,generator_outage,74,23,28,2,4,10,1.02167685351485,0.997828771926874,1.02224776477229,-0.0101713919506459,0,0.80621559105785,1.01980319076653,0.993921038861199,1.02151575779352,-0.00912378308062367,0,1.1184233909549,59.9999937660327,58.779755700244,59.9999930308482,-0.951528977823408,-0.1098376240484,8.40420745853847,23.8197210462417,59.9999944662808,58.7763135708527,60.0417168564097,-0.952627774395459,-3.20382290851772,8.4370318760877,23.866270100016,950.434923998617,912.684283715359,1263.71373793342,41.5474760207627,226.715283095974,186.819833608823,259.329858005995,10.7390608219415
generator_outage_G05,generator_outage,75,12,34,2,10,10,0.945223588050834,0.927240188024271,0.948708633273072,-0.00820396258090295,0,0.223325580995624,1.01230116063239,0.916609706903309,1.0123006520705,-0.0681441582207387,0,NaN,59.9999937660327,58.779755700244,59.9999930308482,-0.951528977823408,-0.1098376240484,8.40420745853847,23.8197210462417,59.9999918043979,58.7874218414908,59.9999905544695,-0.947508013587523,-0.0479652218722856,8.79043371107757,24.4141166649333,950.434923998617,912.684283715359,1263.71373793342,41.5474760207627,226.715283095974,186.819833608823,259.329858005995,10.7390608219415
generator_outage_G05,generator_outage,76,5,19,3,9,10,0.958759400236745,0.941938920259301,0.96343558890537,-0.00746451912422197,0,0.917326954174589,0.990604210848697,0.937893380910096,0.990603758590716,-0.0245238863112522,0,NaN,59.9999938740924,58.7812136417043,59.9999931528418,-0.95171362954369,-0.19852565742936,8.37138304098925,23.866270100016,59.9999948530335,58.7683753559305,59.9999937595388,-0.953029169167998,-0.0432417465425654,7.30015817866133,23.9221814744103,950.434923998617,912.684283715359,1263.71373793342,41.5474760207627,226.715283095974,186.819833608823,259.329858005995,10.7390608219415
generator_outage_G05,generator_outage,77,27,39,4,8,10,1.0020543707611,0.978185953937108,1.00205397218291,-0.0103510417100841,0,1.08842836640038,1.03000013409431,1.02804858031701,1.03122918607941,-0.000769594388453587,0,0.939549226797937,59.9999944662808,58.7763135708527,60.0417168564097,-0.952627774395459,-3.20382290851772,8.4370318760877,23.866270100016,59.9999936918416,58.7899165000525,59.9999929808452,-0.95142125353091,-0.243738867388451,8.23809654347594,23.866270100016,950.434923998617,912.684283715359,1263.71373793342,41.5474760207627,226.715283095974,186.819833608823,259.329858005995,10.7390608219415
generator_outage_G05,generator_outage,78,15,24,5,9,10,0.973079105652974,0.947794800622874,0.973078694472808,-0.0113290778016931,0,1.08842836640038,0.999264074901395,0.971622932164826,0.999263645090658,-0.0124302615748134,0,1.18861697505816,59.9999949130723,59.9999943446027,59.9999943446027,-5.68469644690595e-07,0,0,0,59.9999948530335,58.7683753559305,59.9999937595388,-0.953029169167998,-0.0432417465425654,7.30015817866133,23.9221814744103,950.434923998617,912.684283715359,1263.71373793342,41.5474760207627,226.715283095974,186.819833608823,259.329858005995,10.7390608219415
generator_outage_G05,generator_outage,79,7,19,7,8,10,0.953428494064471,0.937753507758177,0.958591725385173,-0.00686133347360252,0,0.917326954174589,0.990604210848697,0.937893380910096,0.990603758590716,-0.0245238863112522,0,NaN,59.9999944671441,58.764748241226,59.9999939609786,-0.952898132945066,-0.674495391469433,8.23809654347594,23.866270100016,59.9999936918416,58.7899165000525,59.9999929808452,-0.95142125353091,-0.243738867388451,8.23809654347594,23.866270100016,950.434923998617,912.684283715359,1263.71373793342,41.5474760207627,226.715283095974,186.819833608823,259.329858005995,10.7390608219415
generator_outage_G05,generator_outage,80,38,39,9,10,10,1.02650112277428,1.00164134364594,1.0312565907078,-0.00575447097040183,0,1.1184233909549,1.03000013409431,1.02804858031701,1.03122918607941,-0.000769594388453587,0,0.939549226797937,59.9999948530335,58.7683753559305,59.9999937595388,-0.953029169167998,-0.0432417465425654,7.30015817866133,23.9221814744103,59.9999918043979,58.7874218414908,59.9999905544695,-0.947508013587523,-0.0479652218722856,8.79043371107757,24.4141166649333,950.434923998617,912.684283715359,1263.71373793342,41.5474760207627,226.715283095974,186.819833608823,259.329858005995,10.7390608219415
generator_outage_G07,generator_outage,1,1,2,1,2,1,1.02689638912936,1.02147543307536,1.03045969174286,-0.00236291197635685,0,5.20262160337942,1.02001684293784,1.00673920424219,1.0212657620505,-0.0059564987023295,0,0.946476304546535,59.9999934559826,58.6756757778852,59.9999929154556,-1.04865976308536,-0.868635755248135,7.57981144984181,24.4785452490814,59.9999937660327,58.6754422038047,59.9999930308482,-1.04860622070426,-0.20384569896311,8.66492994295887,24.4785452490814,247.351644502021,234.160534789466,311.520396075954,47.797309192003,178.513910467193,178.514465299017,211.143904006585,26.8344196955689
generator_outage_G07,generator_outage,2,18,25,1,7,1,0.993422297824962,0.971947540944777,0.993421901286815,-0.0106399127439476,0,1.03413582703353,1.02838004290673,1.01334365815026,1.02837976212162,-0.00609914720776961,0,0.240618017461471,59.9999934559826,58.6756757778852,59.9999929154556,-1.04865976308536,-0.868635755248135,7.57981144984181,24.4785452490814,59.9999944671441,59.9999939609786,59.9999939609786,-5.06165534375214e-07,0,0,0,247.351644502021,234.160534789466,311.520396075954,47.797309192003,178.513910467193,178.514465299017,211.143904006585,26.8344196955689
generator_outage_G07,generator_outage,3,9,25,2,5,1,1.02020766358892,1.01328675094755,1.02217033867082,-0.00346269422088796,0,0.923259792545779,1.02838004290673,1.01334365815026,1.02837976212162,-0.00609914720776961,0,0.240618017461471,59.9999937660327,58.6754422038047,59.9999930308482,-1.04860622070426,-0.20384569896311,8.66492994295887,24.4785452490814,59.9999949130723,58.6614526287477,59.9999943446027,-1.04731451930196,-0.227019403506697,8.63595405049569,25.1572851442151,247.351644502021,234.160534789466,311.520396075954,47.797309192003,178.513910467193,178.514465299017,211.143904006585,26.8344196955689
generator_outage_G07,generator_outage,4,2,31,3,4,1,1.02001684293784,1.00673920424219,1.0212657620505,-0.0059564987023295,0,0.946476304546535,0.982000570674875,0.963263772187245,0.984433251101544,-0.00674868996924716,0,0.876826768544267,59.9999938740924,58.6834177896235,59.9999931528418,-1.04862548828224,-0.318394672496162,8.46863972003455,24.371086497709,59.9999944662808,58.6733568447866,59.9999937866105,-1.0480000348613,-1.07128466694282,8.69390583542205,25.0508444677898,247.351644502021,234.160534789466,311.520396075954,47.797309192003,178.513910467193,178.514465299017,211.143904006585,26.8344196955689
generator_outage_G07,generator_outage,5,21,33,3,9,1,0.997579594018811,0.964752810235699,0.99757917147838,-0.0149260531476793,0,1.24836229337462,0.997200971921189,0.973363812669643,1.0013995346579,-0.00670438416690355,0,1.03413582703353,59.9999938740924,58.6834177896235,59.9999931528418,-1.04862548828224,-0.318394672496162,8.46863972003455,24.371086497709,59.9999948530335,58.6746112993709,59.9999937595388,-1.04805317883134,-0.1298704932655,8.57800226556934,25.1572851442151,247.351644502021,234.160534789466,311.520396075954,47.797309192003,178.513910467193,178.514465299017,211.143904006585,26.8344196955689
generator_outage_G07,generator_outage,6,11,33,4,9,1,0.96248990465261,0.944235406617088,0.962489524218583,-0.00911249050415164,0,0.900043280545023,0.997200971921189,0.973363812669643,1.0013995346579,-0.00670438416690355,0,1.03413582703353,59.9999944662808,58.6733568447866,59.9999937866105,-1.0480000348613,-1.07128466694282,8.69390583542205,25.0508444677898,59.9999948530335,58.6746112993709,59.9999937595388,-1.04805317883134,-0.1298704932655,8.57800226556934,25.1572851442151,247.351644502021,234.160534789466,311.520396075954,47.797309192003,178.513910467193,178.514465299017,211.143904006585,26.8344196955689
generator_outage_G07,generator_outage,7,4,25,5,10,1,0.960053104706681,0.941525439348624,0.96005272883502,-0.00931506262046522,0,0.900043280545023,1.02838004290673,1.01334365815026,1.02837976212162,-0.00609914720776961,0,0.240618017461471,59.9999949130723,58.6614526287477,59.9999943446027,-1.04731451930196,-0.227019403506697,8.63595405049569,25.1572851442151,59.9999918043979,58.6772157646341,59.9999905544695,-1.05021312122926,-0.0641577145976795,8.14366727790285,24.5860040004538,247.351644502021,234.160534789466,311.520396075954,47.797309192003,178.513910467193,178.514465299017,211.143904006585,26.8344196955689
generator_outage_G07,generator_outage,8,25,37,7,8,1,1.02838004290673,1.01334365815026,1.02837976212162,-0.00609914720776961,0,0.240618017461471,1.02750054732654,1.01471484867659,1.02825622143627,-0.00489390797801326,0,0.240618017461471,59.9999944671441,59.9999939609786,59.9999939609786,-5.06165534375214e-07,0,0,0,59.9999936918416,58.6814617113057,59.9999929808452,-1.04860381920395,-0.366237949650164,8.69390583542205,24.4785452490814,247.351644502021,234.160534789466,311.520396075954,47.797309192003,178.513910467193,178.514465299017,211.143904006585,26.8344196955689
generator_outage_G07,generator_outage,9,14,21,1,2,2,0.965188010297433,0.944778681051025,0.965187625896465,-0.0105184954684272,0,0.946476304546535,0.997579594018811,0.964752810235699,0.99757917147838,-0.0149260531476793,0,1.24836229337462,59.9999934559826,58.6756757778852,59.9999929154556,-1.04865976308536,-0.868635755248135,7.57981144984181,24.4785452490814,59.9999937660327,58.6754422038047,59.9999930308482,-1.04860622070426,-0.20384569896311,8.66492994295887,24.4785452490814,699.11655373899,691.893626941579,744.576821241788,39.2613137285432,156.180710399892,156.18077075031,175.413409414172,14.8995668584328
generator_outage_G07,generator_outage,10,6,24,1,8,2,0.959595788849726,0.942161096191686,0.960066217637392,-0.00850579095427739,0,0.900043280545023,0.999264074901395,0.969437209681971,0.999263645090658,-0.0149394603837544,0,1.22718336587843,59.9999934559826,58.6756757778852,59.9999929154556,-1.04865976308536,-0.868635755248135,7.57981144984181,24.4785452490814,59.9999936918416,58.6814617113057,59.9999929808452,-1.04860381920395,-0.366237949650164,8.69390583542205,24.4785452490814,699.11655373899,691.893626941579,744.576821241788,39.2613137285432,156.180710399892,156.18077075031,175.413409414172,14.8995668584328
generator_outage_G07,generator_outage,11,32,33,2,5,2,0.984100548431793,0.966914384228972,0.98410020178925,-0.00767047928237663,0,0.876826768544267,0.997200971921189,0.973363812669643,1.0013995346579,-0.00670438416690355,0,1.03413582703353,59.9999937660327,58.6754422038047,59.9999930308482,-1.04860622070426,-0.20384569896311,8.66492994295887,24.4785452490814,59.9999949130723,58.6614526287477,59.9999943446027,-1.04731451930196,-0.227019403506697,8.63595405049569,25.1572851442151,699.11655373899,691.893626941579,744.576821241788,39.2613137285432,156.180710399892,156.18077075031,175.413409414172,14.8995668584328
generator_outage_G07,generator_outage,12,17,18,3,4,2,0.99507019283339,0.971280565200096,0.99506978189358,-0.0118813973989608,0,1.11651135319432,0.993422297824962,0.971947540944777,0.993421901286815,-0.0106399127439476,0,1.03413582703353,59.9999938740924,58.6834177896235,59.9999931528418,-1.04862548828224,-0.318394672496162,8.46863972003455,24.371086497709,59.9999944662808,58.6733568447866,59.9999937866105,-1.0480000348613,-1.07128466694282,8.69390583542205,25.0508444677898,699.11655373899,691.893626941579,744.576821241788,39.2613137285432,156.180710399892,156.18077075031,175.413409414172,14.8995668584328
generator_outage_G07,generator_outage,13,8,26,3,10,2,0.954598516570043,0.939215232573631,0.955749618365076,-0.00757926502717399,0,0.900043280545023,1.01926696898686,0.995827586457194,1.0192665756457,-0.010835289299044,0,1.08689785079626,59.9999938740924,58.6834177896235,59.9999931528418,-1.04862548828224,-0.318394672496162,8.46863972003455,24.371086497709,59.9999918043979,58.6772157646341,59.9999905544695,-1.05021312122926,-0.0641577145976795,8.14366727790285,24.5860040004538,699.11655373899,691.893626941579,744.576821241788,39.2613137285432,156.180710399892,156.18077075031,175.413409414172,14.8995668584328
generator_outage_G07,generator_outage,14,1,39,4,10,2,1.02689638912936,1.02147543307536,1.03045969174286,-0.00236291197635685,0,5.20262160337942,1.03000013409431,1.02805424463141,1.03063624229079,-0.000921564581380041,0,5.20262160337942,59.9999944662808,58.6733568447866,59.9999937866105,-1.0480000348613,-1.07128466694282,8.69390583542205,25.0508444677898,59.9999918043979,58.6772157646341,59.9999905544695,-1.05021312122926,-0.0641577145976795,8.14366727790285,24.5860040004538,699.11655373899,691.893626941579,744.576821241788,39.2613137285432,156.180710399892,156.18077075031,175.413409414172,14.8995668584328
generator_outage_G07,generator_outage,15,20,23,5,10,2,0.987464538640993,0.958816236468892,0.989455551567265,-0.0121376488698416,0,1.11651135319432,1.02167685351485,0.973136291207314,1.02167644552061,-0.0280852294729249,0,NaN,59.9999949130723,58.6614526287477,59.9999943446027,-1.04731451930196,-0.227019403506697,8.63595405049569,25.1572851442151,59.9999918043979,58.6772157646341,59.9999905544695,-1.05021312122926,-0.0641577145976795,8.14366727790285,24.5860040004538,699.11655373899,691.893626941579,744.576821241788,39.2613137285432,156.180710399892,156.18077075031,175.413409414172,14.8995668584328
generator_outage_G07,generator_outage,16,10,33,7,9,2,0.965720649152829,0.946989166800675,0.965720272081748,-0.00942424091852945,0,0.876826768544267,0.997200971921189,0.973363812669643,1.0013995346579,-0.00670438416690355,0,1.03413582703353,59.9999944671441,59.9999939609786,59.9999939609786,-5.06165534375214e-07,0,0,0,59.9999948530335,58.6746112993709,59.9999937595388,-1.04805317883134,-0.1298704932655,8.57800226556934,25.1572851442151,699.11655373899,691.893626941579,744.576821241788,39.2613137285432,156.180710399892,156.18077075031,175.413409414172,14.8995668584328
generator_outage_G07,generator_outage,17,3,32,1,3,3,0.994475020133488,0.976474267252356,0.99447465088492,-0.00886660793336236,0,0.923259792545779,0.984100548431793,0.966914384228972,0.98410020178925,-0.00767047928237663,0,0.876826768544267,59.9999934559826,58.6756757778852,59.9999929154556,-1.04865976308536,-0.868635755248135,7.57981144984181,24.4785452490814,59.9999938740924,58.6834177896235,59.9999931528418,-1.04862548828224,-0.318394672496162,8.46863972003455,24.371086497709,672.46804441793,668.598797086897,753.645245534018,58.0915211464185,138.262054035867,138.262231281765,157.103879735755,17.5458019764889
generator_outage_G07,generator_outage,18,23,38,1,8,3,1.02167685351485,0.973136291207314,1.02167644552061,-0.0280852294729249,0,NaN,1.02650112277428,1.00171549715996,1.02762003812763,-0.00675555606769307,0,1.08689785079626,59.9999934559826,58.6756757778852,59.9999929154556,-1.04865976308536,-0.868635755248135,7.57981144984181,24.4785452490814,59.9999936918416,58.6814617113057,59.9999929808452,-1.04860381920395,-0.366237949650164,8.69390583542205,24.4785452490814,672.46804441793,668.598797086897,753.645245534018,58.0915211464185,138.262054035867,138.262231281765,157.103879735755,17.5458019764889
generator_outage_G07,generator_outage,19,13,18,2,6,3,0.964270739573376,0.944937831074603,0.964270361507435,-0.00986889110075218,0,0.900043280545023,0.993422297824962,0.971947540944777,0.993421901286815,-0.0106399127439476,0,1.03413582703353,59.9999937660327,58.6754422038047,59.9999930308482,-1.04860622070426,-0.20384569896311,8.66492994295887,24.4785452490814,59.9999943494354,58.6735806476649,60.0004811415554,-1.04824715943813,-2.72856695504328,8.79587808013905,25.0508444677898,672.46804441793,668.598797086897,753.645245534018,58.0915211464185,138.262054035867,138.262231281765,157.103879735755,17.5458019764889
generator_outage_G07,generator_outage,20,5,29,3,5,3,0.958759400236745,0.941447139057894,0.959026564756708,-0.00852179747085891,0,0.900043280545023,1.02109303516246,0.994710645912936,1.02109257282773,-0.0097120881029904,0,1.11651135319432,59.9999938740924,58.6834177896235,59.9999931528418,-1.04862548828224,-0.318394672496162,8.46863972003455,24.371086497709,59.9999949130723,58.6614526287477,59.9999943446027,-1.04731451930196,-0.227019403506697,8.63595405049569,25.1572851442151,672.46804441793,668.598797086897,753.645245534018,58.0915211464185,138.262054035867,138.262231281765,157.103879735755,17.5458019764889
generator_outage_G07,generator_outage,21,28,38,3,10,3,1.01980319076653,0.993504397516153,1.01980273929526,-0.0104776187649323,0,1.11651135319432,1.02650112277428,1.00171549715996,1.02762003812763,-0.00675555606769307,0,1.08689785079626,59.9999938740924,58.6834177896235,59.9999931528418,-1.04862548828224,-0.318394672496162,8.46863972003455,24.371086497709,59.9999918043979,58.6772157646341,59.9999905544695,-1.05021312122926,-0.0641577145976795,8.14366727790285,24.5860040004538,672.46804441793,668.598797086897,753.645245534018,58.0915211464185,138.262054035867,138.262231281765,157.103879735755,17.5458019764889
generator_outage_G07,generator_outage,22,15,34,4,10,3,0.973079105652974,0.94864585399778,0.973078694472808,-0.0126230929566138,0,1.11651135319432,1.01230116063239,0.981062697260263,1.01594121646414,-0.0129873810964456,0,1.11651135319432,59.9999944662808,58.6733568447866,59.9999937866105,-1.0480000348613,-1.07128466694282,8.69390583542205,25.0508444677898,59.9999918043979,58.6772157646341,59.9999905544695,-1.05021312122926,-0.0641577145976795,8.14366727790285,24.5860040004538,672.46804441793,668.598797086897,753.645245534018,58.0915211464185,138.262054035867,138.262231281765,157.103879735755,17.5458019764889
generator_outage_G07,generator_outage,23,7,29,6,7,3,0.953428494064471,0.937427743922835,0.954419163328152,-0.00786128052307178,0,0.900043280545023,1.02109303516246,0.994710645912936,1.02109257282773,-0.0097120881029904,0,1.11651135319432,59.9999943494354,58.6735806476649,60.0004811415554,-1.04824715943813,-2.72856695504328,8.79587808013905,25.0508444677898,59.9999944671441,59.9999939609786,59.9999939609786,-5.06165534375214e-07,0,0,0,672.46804441793,668.598797086897,753.645245534018,58.0915211464185,138.262054035867,138.262231281765,157.103879735755,17.5458019764889
generator_outage_G07,generator_outage,24,1,11,7,10,3,1.02689638912936,1.02147543307536,1.03045969174286,-0.00236291197635685,0,5.20262160337942,0.96248990465261,0.944235406617088,0.962489524218583,-0.00911249050415164,0,0.900043280545023,59.9999944671441,59.9999939609786,59.9999939609786,-5.06165534375214e-07,0,0,0,59.9999918043979,58.6772157646341,59.9999905544695,-1.05021312122926,-0.0641577145976795,8.14366727790285,24.5860040004538,672.46804441793,668.598797086897,753.645245534018,58.0915211464185,138.262054035867,138.262231281765,157.103879735755,17.5458019764889
generator_outage_G07,generator_outage,25,18,34,1,3,4,0.993422297824962,0.971947540944777,0.993421901286815,-0.0106399127439476,0,1.03413582703353,1.01230116063239,0.981062697260263,1.01594121646414,-0.0129873810964456,0,1.11651135319432,59.9999934559826,58.6756757778852,59.9999929154556,-1.04865976308536,-0.868635755248135,7.57981144984181,24.4785452490814,59.9999938740924,58.6834177896235,59.9999931528418,-1.04862548828224,-0.318394672496162,8.46863972003455,24.371086497709,653.081286728971,644.394367373425,694.985519737398,35.617195861564,44.6481487675236,44.648332965707,80.6035741332802,33.0076896190334
generator_outage_G07,generator_outage,26,9,34,1,9,4,1.02020766358892,1.01328675094755,1.02217033867082,-0.00346269422088796,0,0.923259792545779,1.01230116063239,0.981062697260263,1.01594121646414,-0.0129873810964456,0,1.11651135319432,59.9999934559826,58.6756757778852,59.9999929154556,-1.04865976308536,-0.868635755248135,7.57981144984181,24.4785452490814,59.9999948530335,58.6746112993709,59.9999937595388,-1.04805317883134,-0.1298704932655,8.57800226556934,25.1572851442151,653.081286728971,644.394367373425,694.985519737398,35.617195861564,44.6481487675236,44.648332965707,80.6035741332802,33.0076896190334
generator_outage_G07,generator_outage,27,3,4,2,7,4,0.994475020133488,0.976474267252356,0.99447465088492,-0.00886660793336236,0,0.923259792545779,0.960053104706681,0.941525439348624,0.96005272883502,-0.00931506262046522,0,0.900043280545023,59.9999937660327,58.6754422038047,59.9999930308482,-1.04860622070426,-0.20384569896311,8.66492994295887,24.4785452490814,59.9999944671441,59.9999939609786,59.9999939609786,-5.06165534375214e-07,0,0,0,653.081286728971,644.394367373425,694.985519737398,35.617195861564,44.6481487675236,44.648332965707,80.6035741332802,33.0076896190334
generator_outage_G07,generator_outage,28,22,26,3,5,4,1.0229600920912,0.981969355110903,1.02295968149004,-0.0191206071995693,0,19.3500724409206,1.01926696898686,0.995827586457194,1.0192665756457,-0.010835289299044,0,1.08689785079626,59.9999938740924,58.6834177896235,59.9999931528418,-1.04862548828224,-0.318394672496162,8.46863972003455,24.371086497709,59.9999949130723,58.6614526287477,59.9999943446027,-1.04731451930196,-0.227019403506697,8.63595405049569,25.1572851442151,653.081286728971,644.394367373425,694.985519737398,35.617195861564,44.6481487675236,44.648332965707,80.6035741332802,33.0076896190334
generator_outage_G07,generator_outage,29,12,15,4,5,4,0.945223588050834,0.926780156247363,0.945223215958439,-0.00931429377431459,0,0.900043280545023,0.973079105652974,0.94864585399778,0.973078694472808,-0.0126230929566138,0,1.11651135319432,59.9999944662808,58.6733568447866,59.9999937866105,-1.0480000348613,-1.07128466694282,8.69390583542205,25.0508444677898,59.9999949130723,58.6614526287477,59.9999943446027,-1.04731451930196,-0.227019403506697,8.63595405049569,25.1572851442151,653.081286728971,644.394367373425,694.985519737398,35.617195861564,44.6481487675236,44.648332965707,80.6035741332802,33.0076896190334
generator_outage_G07,generator_outage,30,4,34,5,6,4,0.960053104706681,0.941525439348624,0.96005272883502,-0.00931506262046522,0,0.900043280545023,1.01230116063239,0.981062697260263,1.01594121646414,-0.0129873810964456,0,1.11651135319432,59.9999949130723,58.6614526287477,59.9999943446027,-1.04731451930196,-0.227019403506697,8.63595405049569,25.1572851442151,59.9999943494354,58.6735806476649,60.0004811415554,-1.04824715943813,-2.72856695504328,8.79587808013905,25.0508444677898,653.081286728971,644.394367373425,694.985519737398,35.617195861564,44.6481487675236,44.648332965707,80.6035741332802,33.0076896190334
generator_outage_G07,generator_outage,31,26,33,6,7,4,1.01926696898686,0.995827586457194,1.0192665756457,-0.010835289299044,0,1.08689785079626,0.997200971921189,0.973363812669643,1.0013995346579,-0.00670438416690355,0,1.03413582703353,59.9999943494354,58.6735806476649,60.0004811415554,-1.04824715943813,-2.72856695504328,8.79587808013905,25.0508444677898,59.9999944671441,59.9999939609786,59.9999939609786,-5.06165534375214e-07,0,0,0,653.081286728971,644.394367373425,694.985519737398,35.617195861564,44.6481487675236,44.648332965707,80.6035741332802,33.0076896190334
generator_outage_G07,generator_outage,32,14,30,7,10,4,0.965188010297433,0.944778681051025,0.965187625896465,-0.0105184954684272,0,0.946476304546535,1.04990040987001,1.04143297495333,1.05267974931562,-0.0016638228768846,0,0.000217093983853278,59.9999944671441,59.9999939609786,59.9999939609786,-5.06165534375214e-07,0,0,0,59.9999918043979,58.6772157646341,59.9999905544695,-1.05021312122926,-0.0641577145976795,8.14366727790285,24.5860040004538,653.081286728971,644.394367373425,694.985519737398,35.617195861564,44.6481487675236,44.648332965707,80.6035741332802,33.0076896190334
generator_outage_G07,generator_outage,33,6,33,1,4,5,0.959595788849726,0.942161096191686,0.960066217637392,-0.00850579095427739,0,0.900043280545023,0.997200971921189,0.973363812669643,1.0013995346579,-0.00670438416690355,0,1.03413582703353,59.9999934559826,58.6756757778852,59.9999929154556,-1.04865976308536,-0.868635755248135,7.57981144984181,24.4785452490814,59.9999944662808,58.6733568447866,59.9999937866105,-1.0480000348613,-1.07128466694282,8.69390583542205,25.0508444677898,517.000719945857,491.754388502274,558.817090695357,39.2914429042991,137.308688158259,121.145106255673,148.992267707474,-3.9869880737061
generator_outage_G07,generator_outage,34,33,36,1,9,5,0.997200971921189,0.973363812669643,1.0013995346579,-0.00670438416690355,0,1.03413582703353,1.0636010753349,0.973136291207314,1.06360071622983,-0.0700094512929795,0,NaN,59.9999934559826,58.6756757778852,59.9999929154556,-1.04865976308536,-0.868635755248135,7.57981144984181,24.4785452490814,59.9999948530335,58.6746112993709,59.9999937595388,-1.04805317883134,-0.1298704932655,8.57800226556934,25.1572851442151,517.000719945857,491.754388502274,558.817090695357,39.2914429042991,137.308688158259,121.145106255673,148.992267707474,-3.9869880737061
generator_outage_G07,generator_outage,35,17,27,2,7,5,0.99507019283339,0.971280565200096,0.99506978189358,-0.0118813973989608,0,1.11651135319432,1.0020543707611,0.978125470742112,1.00205397218291,-0.0116703740017257,0,1.11651135319432,59.9999937660327,58.6754422038047,59.9999930308482,-1.04860622070426,-0.20384569896311,8.66492994295887,24.4785452490814,59.9999944671441,59.9999939609786,59.9999939609786,-5.06165534375214e-07,0,0,0,517.000719945857,491.754388502274,558.817090695357,39.2914429042991,137.308688158259,121.145106255673,148.992267707474,-3.9869880737061
generator_outage_G07,generator_outage,36,8,36,3,6,5,0.954598516570043,0.939215232573631,0.955749618365076,-0.00757926502717399,0,0.900043280545023,1.0636010753349,0.973136291207314,1.06360071622983,-0.0700094512929795,0,NaN,59.9999938740924,58.6834177896235,59.9999931528418,-1.04862548828224,-0.318394672496162,8.46863972003455,24.371086497709,59.9999943494354,58.6735806476649,60.0004811415554,-1.04824715943813,-2.72856695504328,8.79587808013905,25.0508444677898,517.000719945857,491.754388502274,558.817090695357,39.2914429042991,137.308688158259,121.145106255673,148.992267707474,-3.9869880737061
generator_outage_G07,generator_outage,37,2,11,4,6,5,1.02001684293784,1.00673920424219,1.0212657620505,-0.0059564987023295,0,0.946476304546535,0.96248990465261,0.944235406617088,0.962489524218583,-0.00911249050415164,0,0.900043280545023,59.9999944662808,58.6733568447866,59.9999937866105,-1.0480000348613,-1.07128466694282,8.69390583542205,25.0508444677898,59.9999943494354,58.6735806476649,60.0004811415554,-1.04824715943813,-2.72856695504328,8.79587808013905,25.0508444677898,517.000719945857,491.754388502274,558.817090695357,39.2914429042991,137.308688158259,121.145106255673,148.992267707474,-3.9869880737061
generator_outage_G07,generator_outage,38,20,32,5,6,5,0.987464538640993,0.958816236468892,0.989455551567265,-0.0121376488698416,0,1.11651135319432,0.984100548431793,0.966914384228972,0.98410020178925,-0.00767047928237663,0,0.876826768544267,59.9999949130723,58.6614526287477,59.9999943446027,-1.04731451930196,-0.227019403506697,8.63595405049569,25.1572851442151,59.9999943494354,58.6735806476649,60.0004811415554,-1.04824715943813,-2.72856695504328,8.79587808013905,25.0508444677898,517.000719945857,491.754388502274,558.817090695357,39.2914429042991,137.308688158259,121.145106255673,148.992267707474,-3.9869880737061
generator_outage_G07,generator_outage,39,11,14,6,8,5,0.96248990465261,0.944235406617088,0.962489524218583,-0.00911249050415164,0,0.900043280545023,0.965188010297433,0.944778681051025,0.965187625896465,-0.0105184954684272,0,0.946476304546535,59.9999943494354,58.6735806476649,60.0004811415554,-1.04824715943813,-2.72856695504328,8.79587808013905,25.0508444677898,59.9999936918416,58.6814617113057,59.9999929808452,-1.04860381920395,-0.366237949650164,8.69390583542205,24.4785452490814,517.000719945857,491.754388502274,558.817090695357,39.2914429042991,137.308688158259,121.145106255673,148.992267707474,-3.9869880737061
generator_outage_G07,generator_outage,40,4,6,8,9,5,0.960053104706681,0.941525439348624,0.96005272883502,-0.00931506262046522,0,0.900043280545023,0.959595788849726,0.942161096191686,0.960066217637392,-0.00850579095427739,0,0.900043280545023,59.9999936918416,58.6814617113057,59.9999929808452,-1.04860381920395,-0.366237949650164,8.69390583542205,24.4785452490814,59.9999948530335,58.6746112993709,59.9999937595388,-1.04805317883134,-0.1298704932655,8.57800226556934,25.1572851442151,517.000719945857,491.754388502274,558.817090695357,39.2914429042991,137.308688158259,121.145106255673,148.992267707474,-3.9869880737061
generator_outage_G07,generator_outage,41,24,32,1,4,6,0.999264074901395,0.969437209681971,0.999263645090658,-0.0149394603837544,0,1.22718336587843,0.984100548431793,0.966914384228972,0.98410020178925,-0.00767047928237663,0,0.876826768544267,59.9999934559826,58.6756757778852,59.9999929154556,-1.04865976308536,-0.868635755248135,7.57981144984181,24.4785452490814,59.9999944662808,58.6733568447866,59.9999937866105,-1.0480000348613,-1.07128466694282,8.69390583542205,25.0508444677898,646.129526212919,571.719975652249,773.415468629112,58.3100976467015,221.895491666939,221.895634079564,287.559024752425,63.5653853802723
generator_outage_G07,generator_outage,42,13,27,1,10,6,0.964270739573376,0.944937831074603,0.964270361507435,-0.00986889110075218,0,0.900043280545023,1.0020543707611,0.978125470742112,1.00205397218291,-0.0116703740017257,0,1.11651135319432,59.9999934559826,58.6756757778852,59.9999929154556,-1.04865976308536,-0.868635755248135,7.57981144984181,24.4785452490814,59.9999918043979,58.6772157646341,59.9999905544695,-1.05021312122926,-0.0641577145976795,8.14366727790285,24.5860040004538,646.129526212919,571.719975652249,773.415468629112,58.3100976467015,221.895491666939,221.895634079564,287.559024752425,63.5653853802723
generator_outage_G07,generator_outage,43,5,38,2,8,6,0.958759400236745,0.941447139057894,0.959026564756708,-0.00852179747085891,0,0.900043280545023,1.02650112277428,1.00171549715996,1.02762003812763,-0.00675555606769307,0,1.08689785079626,59.9999937660327,58.6754422038047,59.9999930308482,-1.04860622070426,-0.20384569896311,8.66492994295887,24.4785452490814,59.9999936918416,58.6814617113057,59.9999929808452,-1.04860381920395,-0.366237949650164,8.69390583542205,24.4785452490814,646.129526212919,571.719975652249,773.415468629112,58.3100976467015,221.895491666939,221.895634079564,287.559024752425,63.5653853802723
generator_outage_G07,generator_outage,44,29,38,3,6,6,1.02109303516246,0.994710645912936,1.02109257282773,-0.0097120881029904,0,1.11651135319432,1.02650112277428,1.00171549715996,1.02762003812763,-0.00675555606769307,0,1.08689785079626,59.9999938740924,58.6834177896235,59.9999931528418,-1.04862548828224,-0.318394672496162,8.46863972003455,24.371086497709,59.9999943494354,58.6735806476649,60.0004811415554,-1.04824715943813,-2.72856695504328,8.79587808013905,25.0508444677898,646.129526212919,571.719975652249,773.415468629112,58.3100976467015,221.895491666939,221.895634079564,287.559024752425,63.5653853802723
generator_outage_G07,generator_outage,45,16,20,4,6,6,0.991037366929576,0.963561081106249,0.991036940258187,-0.0136895390679826,0,1.18482551088606,0.987464538640993,0.958816236468892,0.989455551567265,-0.0121376488698416,0,1.11651135319432,59.9999944662808,58.6733568447866,59.9999937866105,-1.0480000348613,-1.07128466694282,8.69390583542205,25.0508444677898,59.9999943494354,58.6735806476649,60.0004811415554,-1.04824715943813,-2.72856695504328,8.79587808013905,25.0508444677898,646.129526212919,571.719975652249,773.415468629112,58.3100976467015,221.895491666939,221.895634079564,287.559024752425,63.5653853802723
generator_outage_G07,generator_outage,46,7,38,5,7,6,0.953428494064471,0.937427743922835,0.954419163328152,-0.00786128052307178,0,0.900043280545023,1.02650112277428,1.00171549715996,1.02762003812763,-0.00675555606769307,0,1.08689785079626,59.9999949130723,58.6614526287477,59.9999943446027,-1.04731451930196,-0.227019403506697,8.63595405049569,25.1572851442151,59.9999944671441,59.9999939609786,59.9999939609786,-5.06165534375214e-07,0,0,0,646.129526212919,571.719975652249,773.415468629112,58.3100976467015,221.895491666939,221.895634079564,287.559024752425,63.5653853802723
generator_outage_G07,generator_outage,47,1,20,6,9,6,1.02689638912936,1.02147543307536,1.03045969174286,-0.00236291197635685,0,5.20262160337942,0.987464538640993,0.958816236468892,0.989455551567265,-0.0121376488698416,0,1.11651135319432,59.9999943494354,58.6735806476649,60.0004811415554,-1.04824715943813,-2.72856695504328,8.79587808013905,25.0508444677898,59.9999948530335,58.6746112993709,59.9999937595388,-1.04805317883134,-0.1298704932655,8.57800226556934,25.1572851442151,646.129526212919,571.719975652249,773.415468629112,58.3100976467015,221.895491666939,221.895634079564,287.559024752425,63.5653853802723
generator_outage_G07,generator_outage,48,19,23,8,9,6,0.990604210848697,0.963833311233285,0.991450412563524,-0.0111739504709613,0,1.11651135319432,1.02167685351485,0.973136291207314,1.02167644552061,-0.0280852294729249,0,NaN,59.9999936918416,58.6814617113057,59.9999929808452,-1.04860381920395,-0.366237949650164,8.69390583542205,24.4785452490814,59.9999948530335,58.6746112993709,59.9999937595388,-1.04805317883134,-0.1298704932655,8.57800226556934,25.1572851442151,646.129526212919,571.719975652249,773.415468629112,58.3100976467015,221.895491666939,221.895634079564,287.559024752425,63.5653853802723
generator_outage_G07,generator_outage,49,10,14,1,5,7,0.965720649152829,0.946989166800675,0.965720272081748,-0.00942424091852945,0,0.876826768544267,0.965188010297433,0.944778681051025,0.965187625896465,-0.0105184954684272,0,0.946476304546535,59.9999934559826,58.6756757778852,59.9999929154556,-1.04865976308536,-0.868635755248135,7.57981144984181,24.4785452490814,59.9999949130723,58.6614526287477,59.9999943446027,-1.04731451930196,-0.227019403506697,8.63595405049569,25.1572851442151,525.642776165619,0,525.643092250139,-525.642776165619,188.546381008994,0,188.546577690938,-188.546381008994
generator_outage_G07,generator_outage,50,3,13,2,3,7,0.994475020133488,0.976474267252356,0.99447465088492,-0.00886660793336236,0,0.923259792545779,0.964270739573376,0.944937831074603,0.964270361507435,-0.00986889110075218,0,0.900043280545023,59.9999937660327,58.6754422038047,59.9999930308482,-1.04860622070426,-0.20384569896311,8.66492994295887,24.4785452490814,59.9999938740924,58.6834177896235,59.9999931528418,-1.04862548828224,-0.318394672496162,8.46863972003455,24.371086497709,525.642776165619,0,525.643092250139,-525.642776165619,188.546381008994,0,188.546577690938,-188.546381008994
generator_outage_G07,generator_outage,51,22,35,2,8,7,1.0229600920912,0.981969355110903,1.02295968149004,-0.0191206071995693,0,19.3500724409206,1.04940121508332,1.01181258905806,1.04940082684498,-0.0109501748006262,0,1.24836229337462,59.9999937660327,58.6754422038047,59.9999930308482,-1.04860622070426,-0.20384569896311,8.66492994295887,24.4785452490814,59.9999936918416,58.6814617113057,59.9999929808452,-1.04860381920395,-0.366237949650164,8.69390583542205,24.4785452490814,525.642776165619,0,525.643092250139,-525.642776165619,188.546381008994,0,188.546577690938,-188.546381008994
generator_outage_G07,generator_outage,52,12,25,3,7,7,0.945223588050834,0.926780156247363,0.945223215958439,-0.00931429377431459,0,0.900043280545023,1.02838004290673,1.01334365815026,1.02837976212162,-0.00609914720776961,0,0.240618017461471,59.9999938740924,58.6834177896235,59.9999931528418,-1.04862548828224,-0.318394672496162,8.46863972003455,24.371086497709,59.9999944671441,59.9999939609786,59.9999939609786,-5.06165534375214e-07,0,0,0,525.642776165619,0,525.643092250139,-525.642776165619,188.546381008994,0,188.546577690938,-188.546381008994
generator_outage_G07,generator_outage,53,5,9,4,7,7,0.958759400236745,0.941447139057894,0.959026564756708,-0.00852179747085891,0,0.900043280545023,1.02020766358892,1.01328675094755,1.02217033867082,-0.00346269422088796,0,0.923259792545779,59.9999944662808,58.6733568447866,59.9999937866105,-1.0480000348613,-1.07128466694282,8.69390583542205,25.0508444677898,59.9999944671441,59.9999939609786,59.9999939609786,-5.06165534375214e-07,0,0,0,525.642776165619,0,525.643092250139,-525.642776165619,188.546381008994,0,188.546577690938,-188.546381008994
generator_outage_G07,generator_outage,54,27,30,5,7,7,1.0020543707611,0.978125470742112,1.00205397218291,-0.0116703740017257,0,1.11651135319432,1.04990040987001,1.04143297495333,1.05267974931562,-0.0016638228768846,0,0.000217093983853278,59.9999949130723,58.6614526287477,59.9999943446027,-1.04731451930196,-0.227019403506697,8.63595405049569,25.1572851442151,59.9999944671441,59.9999939609786,59.9999939609786,-5.06165534375214e-07,0,0,0,525.642776165619,0,525.643092250139,-525.642776165619,188.546381008994,0,188.546577690938,-188.546381008994
generator_outage_G07,generator_outage,55,14,39,6,9,7,0.965188010297433,0.944778681051025,0.965187625896465,-0.0105184954684272,0,0.946476304546535,1.03000013409431,1.02805424463141,1.03063624229079,-0.000921564581380041,0,5.20262160337942,59.9999943494354,58.6735806476649,60.0004811415554,-1.04824715943813,-2.72856695504328,8.79587808013905,25.0508444677898,59.9999948530335,58.6746112993709,59.9999937595388,-1.04805317883134,-0.1298704932655,8.57800226556934,25.1572851442151,525.642776165619,0,525.643092250139,-525.642776165619,188.546381008994,0,188.546577690938,-188.546381008994
generator_outage_G07,generator_outage,56,7,10,8,10,7,0.953428494064471,0.937427743922835,0.954419163328152,-0.00786128052307178,0,0.900043280545023,0.965720649152829,0.946989166800675,0.965720272081748,-0.00942424091852945,0,0.876826768544267,59.9999936918416,58.6814617113057,59.9999929808452,-1.04860381920395,-0.366237949650164,8.69390583542205,24.4785452490814,59.9999918043979,58.6772157646341,59.9999905544695,-1.05021312122926,-0.0641577145976795,8.14366727790285,24.5860040004538,525.642776165619,0,525.643092250139,-525.642776165619,188.546381008994,0,188.546577690938,-188.546381008994
generator_outage_G07,generator_outage,57,35,36,1,5,8,1.04940121508332,1.01181258905806,1.04940082684498,-0.0109501748006262,0,1.24836229337462,1.0636010753349,0.973136291207314,1.06360071622983,-0.0700094512929795,0,NaN,59.9999934559826,58.6756757778852,59.9999929154556,-1.04865976308536,-0.868635755248135,7.57981144984181,24.4785452490814,59.9999949130723,58.6614526287477,59.9999943446027,-1.04731451930196,-0.227019403506697,8.63595405049569,25.1572851442151,535.98704469732,535.987115098243,570.099098846116,34.0740253299293,13.8483715662576,13.8484934426564,28.6799633308979,8.97437967268557
generator_outage_G07,generator_outage,58,17,36,2,3,8,0.99507019283339,0.971280565200096,0.99506978189358,-0.0118813973989608,0,1.11651135319432,1.0636010753349,0.973136291207314,1.06360071622983,-0.0700094512929795,0,NaN,59.9999937660327,58.6754422038047,59.9999930308482,-1.04860622070426,-0.20384569896311,8.66492994295887,24.4785452490814,59.9999938740924,58.6834177896235,59.9999931528418,-1.04862548828224,-0.318394672496162,8.46863972003455,24.371086497709,535.98704469732,535.987115098243,570.099098846116,34.0740253299293,13.8483715662576,13.8484934426564,28.6799633308979,8.97437967268557
generator_outage_G07,generator_outage,59,9,15,2,9,8,1.02020766358892,1.01328675094755,1.02217033867082,-0.00346269422088796,0,0.923259792545779,0.973079105652974,0.94864585399778,0.973078694472808,-0.0126230929566138,0,1.11651135319432,59.9999937660327,58.6754422038047,59.9999930308482,-1.04860622070426,-0.20384569896311,8.66492994295887,24.4785452490814,59.9999948530335,58.6746112993709,59.9999937595388,-1.04805317883134,-0.1298704932655,8.57800226556934,25.1572851442151,535.98704469732,535.987115098243,570.099098846116,34.0740253299293,13.8483715662576,13.8484934426564,28.6799633308979,8.97437967268557
generator_outage_G07,generator_outage,60,2,21,3,8,8,1.02001684293784,1.00673920424219,1.0212657620505,-0.0059564987023295,0,0.946476304546535,0.997579594018811,0.964752810235699,0.99757917147838,-0.0149260531476793,0,1.24836229337462,59.9999938740924,58.6834177896235,59.9999931528418,-1.04862548828224,-0.318394672496162,8.46863972003455,24.371086497709,59.9999936918416,58.6814617113057,59.9999929808452,-1.04860381920395,-0.366237949650164,8.69390583542205,24.4785452490814,535.98704469732,535.987115098243,570.099098846116,34.0740253299293,13.8483715662576,13.8484934426564,28.6799633308979,8.97437967268557
generator_outage_G07,generator_outage,61,21,23,4,7,8,0.997579594018811,0.964752810235699,0.99757917147838,-0.0149260531476793,0,1.24836229337462,1.02167685351485,0.973136291207314,1.02167644552061,-0.0280852294729249,0,NaN,59.9999944662808,58.6733568447866,59.9999937866105,-1.0480000348613,-1.07128466694282,8.69390583542205,25.0508444677898,59.9999944671441,59.9999939609786,59.9999939609786,-5.06165534375214e-07,0,0,0,535.98704469732,535.987115098243,570.099098846116,34.0740253299293,13.8483715662576,13.8484934426564,28.6799633308979,8.97437967268557
generator_outage_G07,generator_outage,62,11,23,5,8,8,0.96248990465261,0.944235406617088,0.962489524218583,-0.00911249050415164,0,0.900043280545023,1.02167685351485,0.973136291207314,1.02167644552061,-0.0280852294729249,0,NaN,59.9999949130723,58.6614526287477,59.9999943446027,-1.04731451930196,-0.227019403506697,8.63595405049569,25.1572851442151,59.9999936918416,58.6814617113057,59.9999929808452,-1.04860381920395,-0.366237949650164,8.69390583542205,24.4785452490814,535.98704469732,535.987115098243,570.099098846116,34.0740253299293,13.8483715662576,13.8484934426564,28.6799633308979,8.97437967268557
generator_outage_G07,generator_outage,63,4,15,6,10,8,0.960053104706681,0.941525439348624,0.96005272883502,-0.00931506262046522,0,0.900043280545023,0.973079105652974,0.94864585399778,0.973078694472808,-0.0126230929566138,0,1.11651135319432,59.9999943494354,58.6735806476649,60.0004811415554,-1.04824715943813,-2.72856695504328,8.79587808013905,25.0508444677898,59.9999918043979,58.6772157646341,59.9999905544695,-1.05021312122926,-0.0641577145976795,8.14366727790285,24.5860040004538,535.98704469732,535.987115098243,570.099098846116,34.0740253299293,13.8483715662576,13.8484934426564,28.6799633308979,8.97437967268557
generator_outage_G07,generator_outage,64,25,27,8,10,8,1.02838004290673,1.01334365815026,1.02837976212162,-0.00609914720776961,0,0.240618017461471,1.0020543707611,0.978125470742112,1.00205397218291,-0.0116703740017257,0,1.11651135319432,59.9999936918416,58.6814617113057,59.9999929808452,-1.04860381920395,-0.366237949650164,8.69390583542205,24.4785452490814,59.9999918043979,58.6772157646341,59.9999905544695,-1.05021312122926,-0.0641577145976795,8.14366727790285,24.5860040004538,535.98704469732,535.987115098243,570.099098846116,34.0740253299293,13.8483715662576,13.8484934426564,28.6799633308979,8.97437967268557
generator_outage_G07,generator_outage,65,13,36,1,6,9,0.964270739573376,0.944937831074603,0.964270361507435,-0.00986889110075218,0,0.900043280545023,1.0636010753349,0.973136291207314,1.06360071622983,-0.0700094512929795,0,NaN,59.9999934559826,58.6756757778852,59.9999929154556,-1.04865976308536,-0.868635755248135,7.57981144984181,24.4785452490814,59.9999943494354,58.6735806476649,60.0004811415554,-1.04824715943813,-2.72856695504328,8.79587808013905,25.0508444677898,821.976188999109,809.108835560014,901.357547124144,58.316622216621,43.6266753165716,43.6266901016509,72.4759373551371,24.3092079260989
generator_outage_G07,generator_outage,66,6,14,2,4,9,0.959595788849726,0.942161096191686,0.960066217637392,-0.00850579095427739,0,0.900043280545023,0.965188010297433,0.944778681051025,0.965187625896465,-0.0105184954684272,0,0.946476304546535,59.9999937660327,58.6754422038047,59.9999930308482,-1.04860622070426,-0.20384569896311,8.66492994295887,24.4785452490814,59.9999944662808,58.6733568447866,59.9999937866105,-1.0480000348613,-1.07128466694282,8.69390583542205,25.0508444677898,821.976188999109,809.108835560014,901.357547124144,58.316622216621,43.6266753165716,43.6266901016509,72.4759373551371,24.3092079260989
generator_outage_G07,generator_outage,67,30,38,2,9,9,1.04990040987001,1.04143297495333,1.05267974931562,-0.0016638228768846,0,0.000217093983853278,1.02650112277428,1.00171549715996,1.02762003812763,-0.00675555606769307,0,1.08689785079626,59.9999937660327,58.6754422038047,59.9999930308482,-1.04860622070426,-0.20384569896311,8.66492994295887,24.4785452490814,59.9999948530335,58.6746112993709,59.9999937595388,-1.04805317883134,-0.1298704932655,8.57800226556934,25.1572851442151,821.976188999109,809.108835560014,901.357547124144,58.316622216621,43.6266753165716,43.6266901016509,72.4759373551371,24.3092079260989
generator_outage_G07,generator_outage,68,16,30,3,8,9,0.991037366929576,0.963561081106249,0.991036940258187,-0.0136895390679826,0,1.18482551088606,1.04990040987001,1.04143297495333,1.05267974931562,-0.0016638228768846,0,0.000217093983853278,59.9999938740924,58.6834177896235,59.9999931528418,-1.04862548828224,-0.318394672496162,8.46863972003455,24.371086497709,59.9999936918416,58.6814617113057,59.9999929808452,-1.04860381920395,-0.366237949650164,8.69390583542205,24.4785452490814,821.976188999109,809.108835560014,901.357547124144,58.316622216621,43.6266753165716,43.6266901016509,72.4759373551371,24.3092079260989
generator_outage_G07,generator_outage,69,8,16,4,8,9,0.954598516570043,0.939215232573631,0.955749618365076,-0.00757926502717399,0,0.900043280545023,0.991037366929576,0.963561081106249,0.991036940258187,-0.0136895390679826,0,1.18482551088606,59.9999944662808,58.6733568447866,59.9999937866105,-1.0480000348613,-1.07128466694282,8.69390583542205,25.0508444677898,59.9999936918416,58.6814617113057,59.9999929808452,-1.04860381920395,-0.366237949650164,8.69390583542205,24.4785452490814,821.976188999109,809.108835560014,901.357547124144,58.316622216621,43.6266753165716,43.6266901016509,72.4759373551371,24.3092079260989
generator_outage_G07,generator_outage,70,1,29,5,9,9,1.02689638912936,1.02147543307536,1.03045969174286,-0.00236291197635685,0,5.20262160337942,1.02109303516246,0.994710645912936,1.02109257282773,-0.0097120881029904,0,1.11651135319432,59.9999949130723,58.6614526287477,59.9999943446027,-1.04731451930196,-0.227019403506697,8.63595405049569,25.1572851442151,59.9999948530335,58.6746112993709,59.9999937595388,-1.04805317883134,-0.1298704932655,8.57800226556934,25.1572851442151,821.976188999109,809.108835560014,901.357547124144,58.316622216621,43.6266753165716,43.6266901016509,72.4759373551371,24.3092079260989
generator_outage_G07,generator_outage,71,19,32,6,10,9,0.990604210848697,0.963833311233285,0.991450412563524,-0.0111739504709613,0,1.11651135319432,0.984100548431793,0.966914384228972,0.98410020178925,-0.00767047928237663,0,0.876826768544267,59.9999943494354,58.6735806476649,60.0004811415554,-1.04824715943813,-2.72856695504328,8.79587808013905,25.0508444677898,59.9999918043979,58.6772157646341,59.9999905544695,-1.05021312122926,-0.0641577145976795,8.14366727790285,24.5860040004538,821.976188999109,809.108835560014,901.357547124144,58.316622216621,43.6266753165716,43.6266901016509,72.4759373551371,24.3092079260989
generator_outage_G07,generator_outage,72,10,23,9,10,9,0.965720649152829,0.946989166800675,0.965720272081748,-0.00942424091852945,0,0.876826768544267,1.02167685351485,0.973136291207314,1.02167644552061,-0.0280852294729249,0,NaN,59.9999948530335,58.6746112993709,59.9999937595388,-1.04805317883134,-0.1298704932655,8.57800226556934,25.1572851442151,59.9999918043979,58.6772157646341,59.9999905544695,-1.05021312122926,-0.0641577145976795,8.14366727790285,24.5860040004538,821.976188999109,809.108835560014,901.357547124144,58.316622216621,43.6266753165716,43.6266901016509,72.4759373551371,24.3092079260989
generator_outage_G07,generator_outage,73,3,22,1,7,10,0.994475020133488,0.976474267252356,0.99447465088492,-0.00886660793336236,0,0.923259792545779,1.0229600920912,0.981969355110903,1.02295968149004,-0.0191206071995693,0,19.3500724409206,59.9999934559826,58.6756757778852,59.9999929154556,-1.04865976308536,-0.868635755248135,7.57981144984181,24.4785452490814,59.9999944671441,59.9999939609786,59.9999939609786,-5.06165534375214e-07,0,0,0,950.434923998617,924.254075901644,1312.66203619964,38.7614937694418,226.715283095974,195.674321336582,260.905800456272,13.4569100808369
generator_outage_G07,generator_outage,74,23,28,2,4,10,1.02167685351485,0.973136291207314,1.02167644552061,-0.0280852294729249,0,NaN,1.01980319076653,0.993504397516153,1.01980273929526,-0.0104776187649323,0,1.11651135319432,59.9999937660327,58.6754422038047,59.9999930308482,-1.04860622070426,-0.20384569896311,8.66492994295887,24.4785452490814,59.9999944662808,58.6733568447866,59.9999937866105,-1.0480000348613,-1.07128466694282,8.69390583542205,25.0508444677898,950.434923998617,924.254075901644,1312.66203619964,38.7614937694418,226.715283095974,195.674321336582,260.905800456272,13.4569100808369
generator_outage_G07,generator_outage,75,12,34,2,10,10,0.945223588050834,0.926780156247363,0.945223215958439,-0.00931429377431459,0,0.900043280545023,1.01230116063239,0.981062697260263,1.01594121646414,-0.0129873810964456,0,1.11651135319432,59.9999937660327,58.6754422038047,59.9999930308482,-1.04860622070426,-0.20384569896311,8.66492994295887,24.4785452490814,59.9999918043979,58.6772157646341,59.9999905544695,-1.05021312122926,-0.0641577145976795,8.14366727790285,24.5860040004538,950.434923998617,924.254075901644,1312.66203619964,38.7614937694418,226.715283095974,195.674321336582,260.905800456272,13.4569100808369
generator_outage_G07,generator_outage,76,5,19,3,9,10,0.958759400236745,0.941447139057894,0.959026564756708,-0.00852179747085891,0,0.900043280545023,0.990604210848697,0.963833311233285,0.991450412563524,-0.0111739504709613,0,1.11651135319432,59.9999938740924,58.6834177896235,59.9999931528418,-1.04862548828224,-0.318394672496162,8.46863972003455,24.371086497709,59.9999948530335,58.6746112993709,59.9999937595388,-1.04805317883134,-0.1298704932655,8.57800226556934,25.1572851442151,950.434923998617,924.254075901644,1312.66203619964,38.7614937694418,226.715283095974,195.674321336582,260.905800456272,13.4569100808369
generator_outage_G07,generator_outage,77,27,39,4,8,10,1.0020543707611,0.978125470742112,1.00205397218291,-0.0116703740017257,0,1.11651135319432,1.03000013409431,1.02805424463141,1.03063624229079,-0.000921564581380041,0,5.20262160337942,59.9999944662808,58.6733568447866,59.9999937866105,-1.0480000348613,-1.07128466694282,8.69390583542205,25.0508444677898,59.9999936918416,58.6814617113057,59.9999929808452,-1.04860381920395,-0.366237949650164,8.69390583542205,24.4785452490814,950.434923998617,924.254075901644,1312.66203619964,38.7614937694418,226.715283095974,195.674321336582,260.905800456272,13.4569100808369
generator_outage_G07,generator_outage,78,15,24,5,9,10,0.973079105652974,0.94864585399778,0.973078694472808,-0.0126230929566138,0,1.11651135319432,0.999264074901395,0.969437209681971,0.999263645090658,-0.0149394603837544,0,1.22718336587843,59.9999949130723,58.6614526287477,59.9999943446027,-1.04731451930196,-0.227019403506697,8.63595405049569,25.1572851442151,59.9999948530335,58.6746112993709,59.9999937595388,-1.04805317883134,-0.1298704932655,8.57800226556934,25.1572851442151,950.434923998617,924.254075901644,1312.66203619964,38.7614937694418,226.715283095974,195.674321336582,260.905800456272,13.4569100808369
generator_outage_G07,generator_outage,79,7,19,7,8,10,0.953428494064471,0.937427743922835,0.954419163328152,-0.00786128052307178,0,0.900043280545023,0.990604210848697,0.963833311233285,0.991450412563524,-0.0111739504709613,0,1.11651135319432,59.9999944671441,59.9999939609786,59.9999939609786,-5.06165534375214e-07,0,0,0,59.9999936918416,58.6814617113057,59.9999929808452,-1.04860381920395,-0.366237949650164,8.69390583542205,24.4785452490814,950.434923998617,924.254075901644,1312.66203619964,38.7614937694418,226.715283095974,195.674321336582,260.905800456272,13.4569100808369
generator_outage_G07,generator_outage,80,38,39,9,10,10,1.02650112277428,1.00171549715996,1.02762003812763,-0.00675555606769307,0,1.08689785079626,1.03000013409431,1.02805424463141,1.03063624229079,-0.000921564581380041,0,5.20262160337942,59.9999948530335,58.6746112993709,59.9999937595388,-1.04805317883134,-0.1298704932655,8.57800226556934,25.1572851442151,59.9999918043979,58.6772157646341,59.9999905544695,-1.05021312122926,-0.0641577145976795,8.14366727790285,24.5860040004538,950.434923998617,924.254075901644,1312.66203619964,38.7614937694418,226.715283095974,195.674321336582,260.905800456272,13.4569100808369
generator_outage_G09,generator_outage,1,1,2,1,2,1,1.02689638912936,1.01864397644107,1.03008672170079,-0.0024190073764907,0,1.02918306585931e-05,1.02001684293784,0.998525106202856,1.02010532164868,-0.00814011371876089,0,0.0691223630395845,59.9999934559826,57.892723334156,59.9999929154556,-1.55085727870574,-3.56333725640086,8.17783466635724,25.6329560943664,59.9999937660327,57.8900108608177,59.9999930308482,-1.5508696229453,-0.320579435187568,7.78706031900689,25.6329560943664,247.351644502021,201.388316067132,446.89854000867,71.5764972137304,178.513910467193,178.514465299017,221.988647352302,36.7136328128362
generator_outage_G09,generator_outage,2,18,25,1,7,1,0.993422297824962,0.957910998798333,0.993421901286815,-0.0231030133869961,0,NaN,1.02838004290673,0.986567942424536,1.02837976212162,-0.0251642548489233,0,NaN,59.9999934559826,57.892723334156,59.9999929154556,-1.55085727870574,-3.56333725640086,8.17783466635724,25.6329560943664,59.9999944671441,57.8902737328633,59.9999939609786,-1.55083178251396,-0.825489210432308,7.98684594648551,25.6329560943664,247.351644502021,201.388316067132,446.89854000867,71.5764972137304,178.513910467193,178.514465299017,221.988647352302,36.7136328128362
generator_outage_G09,generator_outage,3,9,25,2,5,1,1.02020766358892,1.00914321852419,1.02059522911604,-0.00721032032742852,0,0.895002995238674,1.02838004290673,0.986567942424536,1.02837976212162,-0.0251642548489233,0,NaN,59.9999937660327,57.8900108608177,59.9999930308482,-1.5508696229453,-0.320579435187568,7.78706031900689,25.6329560943664,59.9999949130723,57.8898292665787,59.9999943446027,-1.55118411151562,-0.130349256506797,7.92907482349728,25.7842155346987,247.351644502021,201.388316067132,446.89854000867,71.5764972137304,178.513910467193,178.514465299017,221.988647352302,36.7136328128362
generator_outage_G09,generator_outage,4,2,31,3,4,1,1.02001684293784,0.998525106202856,1.02010532164868,-0.00814011371876089,0,0.0691223630395845,0.982000570674875,0.953636879989968,0.983563396787283,-0.0109085101632515,0,2.12032991159043,59.9999938740924,57.8926453015172,59.9999931528418,-1.55096958967268,-0.44284158745601,7.83439848717036,25.6329560943664,59.9999944662808,57.8968464890633,59.9999937866105,-1.55102647640255,-0.928134021631273,8.08430427337026,25.6329560943664,247.351644502021,201.388316067132,446.89854000867,71.5764972137304,178.513910467193,178.514465299017,221.988647352302,36.7136328128362
generator_outage_G09,generator_outage,5,21,33,3,9,1,0.997579594018811,0.96236346594366,0.99757917147838,-0.0228639448617028,0,NaN,0.997200971921189,0.963426925670458,0.999487812079802,-0.0107883690233666,0,1.22389437287555,59.9999938740924,57.8926453015172,59.9999931528418,-1.55096958967268,-0.44284158745601,7.83439848717036,25.6329560943664,59.9999948530335,59.9999937595388,59.9999937595388,-1.09349469568087e-06,0,0,0,247.351644502021,201.388316067132,446.89854000867,71.5764972137304,178.513910467193,178.514465299017,221.988647352302,36.7136328128362
generator_outage_G09,generator_outage,6,11,33,4,9,1,0.96248990465261,0.934206062193178,0.962489524218583,-0.0162316578594083,0,10.135443970688,0.997200971921189,0.963426925670458,0.999487812079802,-0.0107883690233666,0,1.22389437287555,59.9999944662808,57.8968464890633,59.9999937866105,-1.55102647640255,-0.928134021631273,8.08430427337026,25.6329560943664,59.9999948530335,59.9999937595388,59.9999937595388,-1.09349469568087e-06,0,0,0,247.351644502021,201.388316067132,446.89854000867,71.5764972137304,178.513910467193,178.514465299017,221.988647352302,36.7136328128362
generator_outage_G09,generator_outage,7,4,25,5,10,1,0.960053104706681,0.930953446076683,0.96005272883502,-0.0172797440370311,0,11.2351009971652,1.02838004290673,0.986567942424536,1.02837976212162,-0.0251642548489233,0,NaN,59.9999949130723,57.8898292665787,59.9999943446027,-1.55118411151562,-0.130349256506797,7.92907482349728,25.7842155346987,59.9999918043979,57.8934895316631,59.9999905544695,-1.5507489721852,-0.161363109748797,8.45400009798439,25.4816966540341,247.351644502021,201.388316067132,446.89854000867,71.5764972137304,178.513910467193,178.514465299017,221.988647352302,36.7136328128362
generator_outage_G09,generator_outage,8,25,37,7,8,1,1.02838004290673,0.986567942424536,1.02837976212162,-0.0251642548489233,0,NaN,1.02750054732654,0.991207893749128,1.02750028868048,-0.0117505971439826,0,1.53258169251533,59.9999944671441,57.8902737328633,59.9999939609786,-1.55083178251396,-0.825489210432308,7.98684594648551,25.6329560943664,59.9999936918416,57.8994246518545,59.9999929808452,-1.55086399136927,-2.17595464389147,8.15091307181201,25.6329560943664,247.351644502021,201.388316067132,446.89854000867,71.5764972137304,178.513910467193,178.514465299017,221.988647352302,36.7136328128362
generator_outage_G09,generator_outage,9,14,21,1,2,2,0.965188010297433,0.934153162727378,0.965187625896465,-0.0187468140299067,0,17.0736549082735,0.997579594018811,0.96236346594366,0.99757917147838,-0.0228639448617028,0,NaN,59.9999934559826,57.892723334156,59.9999929154556,-1.55085727870574,-3.56333725640086,8.17783466635724,25.6329560943664,59.9999937660327,57.8900108608177,59.9999930308482,-1.5508696229453,-0.320579435187568,7.78706031900689,25.6329560943664,699.11655373899,699.116650101119,760.74899280809,58.7482644285456,156.180710399892,156.18077075031,193.72592137899,30.7135983169462
generator_outage_G09,generator_outage,10,6,24,1,8,2,0.959595788849726,0.932351598358966,0.959595405388814,-0.0155882893434139,0,8.97067988282891,0.999264074901395,0.961595032809014,0.999263645090658,-0.0246995436227362,0,NaN,59.9999934559826,57.892723334156,59.9999929154556,-1.55085727870574,-3.56333725640086,8.17783466635724,25.6329560943664,59.9999936918416,57.8994246518545,59.9999929808452,-1.55086399136927,-2.17595464389147,8.15091307181201,25.6329560943664,699.11655373899,699.116650101119,760.74899280809,58.7482644285456,156.180710399892,156.18077075031,193.72592137899,30.7135983169462
generator_outage_G09,generator_outage,11,32,33,2,5,2,0.984100548431793,0.957832494014616,0.98410020178925,-0.0121524167309003,0,5.57231368844769,0.997200971921189,0.963426925670458,0.999487812079802,-0.0107883690233666,0,1.22389437287555,59.9999937660327,57.8900108608177,59.9999930308482,-1.5508696229453,-0.320579435187568,7.78706031900689,25.6329560943664,59.9999949130723,57.8898292665787,59.9999943446027,-1.55118411151562,-0.130349256506797,7.92907482349728,25.7842155346987,699.11655373899,699.116650101119,760.74899280809,58.7482644285456,156.180710399892,156.18077075031,193.72592137899,30.7135983169462
generator_outage_G09,generator_outage,12,17,18,3,4,2,0.99507019283339,0.95474466680826,0.99506978189358,-0.027467302995079,0,NaN,0.993422297824962,0.957910998798333,0.993421901286815,-0.0231030133869961,0,NaN,59.9999938740924,57.8926453015172,59.9999931528418,-1.55096958967268,-0.44284158745601,7.83439848717036,25.6329560943664,59.9999944662808,57.8968464890633,59.9999937866105,-1.55102647640255,-0.928134021631273,8.08430427337026,25.6329560943664,699.11655373899,699.116650101119,760.74899280809,58.7482644285456,156.180710399892,156.18077075031,193.72592137899,30.7135983169462
generator_outage_G09,generator_outage,13,8,26,3,10,2,0.954598516570043,0.930407852074244,0.954598142528851,-0.014374351963067,0,5.46333429129832,1.01926696898686,0.966083433714144,1.0192665756457,-0.0392654516230934,0,NaN,59.9999938740924,57.8926453015172,59.9999931528418,-1.55096958967268,-0.44284158745601,7.83439848717036,25.6329560943664,59.9999918043979,57.8934895316631,59.9999905544695,-1.5507489721852,-0.161363109748797,8.45400009798439,25.4816966540341,699.11655373899,699.116650101119,760.74899280809,58.7482644285456,156.180710399892,156.18077075031,193.72592137899,30.7135983169462
generator_outage_G09,generator_outage,14,1,39,4,10,2,1.02689638912936,1.01864397644107,1.03008672170079,-0.0024190073764907,0,1.02918306585931e-05,1.03000013409431,1.0271025906036,1.0302284626347,-0.00154771712635493,0,0.912738776333931,59.9999944662808,57.8968464890633,59.9999937866105,-1.55102647640255,-0.928134021631273,8.08430427337026,25.6329560943664,59.9999918043979,57.8934895316631,59.9999905544695,-1.5507489721852,-0.161363109748797,8.45400009798439,25.4816966540341,699.11655373899,699.116650101119,760.74899280809,58.7482644285456,156.180710399892,156.18077075031,193.72592137899,30.7135983169462
generator_outage_G09,generator_outage,15,20,23,5,10,2,0.987464538640993,0.945232046714288,0.987464063594078,-0.0198009409990858,0,21.8971454088333,1.02167685351485,0.989965126148066,1.02167644552061,-0.0192812417636328,0,19.4566892477939,59.9999949130723,57.8898292665787,59.9999943446027,-1.55118411151562,-0.130349256506797,7.92907482349728,25.7842155346987,59.9999918043979,57.8934895316631,59.9999905544695,-1.5507489721852,-0.161363109748797,8.45400009798439,25.4816966540341,699.11655373899,699.116650101119,760.74899280809,58.7482644285456,156.180710399892,156.18077075031,193.72592137899,30.7135983169462
generator_outage_G09,generator_outage,16,10,33,7,9,2,0.965720649152829,0.936896018215268,0.965720272081748,-0.0164674087289334,0,10.1750395975136,0.997200971921189,0.963426925670458,0.999487812079802,-0.0107883690233666,0,1.22389437287555,59.9999944671441,57.8902737328633,59.9999939609786,-1.55083178251396,-0.825489210432308,7.98684594648551,25.6329560943664,59.9999948530335,59.9999937595388,59.9999937595388,-1.09349469568087e-06,0,0,0,699.11655373899,699.116650101119,760.74899280809,58.7482644285456,156.180710399892,156.18077075031,193.72592137899,30.7135983169462
generator_outage_G09,generator_outage,17,3,32,1,3,3,0.994475020133488,0.966491489656375,0.99447465088492,-0.0162015904080997,0,5.53453148631806,0.984100548431793,0.957832494014616,0.98410020178925,-0.0121524167309003,0,5.57231368844769,59.9999934559826,57.892723334156,59.9999929154556,-1.55085727870574,-3.56333725640086,8.17783466635724,25.6329560943664,59.9999938740924,57.8926453015172,59.9999931528418,-1.55096958967268,-0.44284158745601,7.83439848717036,25.6329560943664,672.46804441793,672.468208792161,794.904316901643,86.0119251065998,138.262054035867,138.262231281765,176.08642006102,34.8097881956461
generator_outage_G09,generator_outage,18,23,38,1,8,3,1.02167685351485,0.989965126148066,1.02167644552061,-0.0192812417636328,0,19.4566892477939,1.02650112277428,0.961786081681994,1.0265006552755,-0.0508588681456401,0,NaN,59.9999934559826,57.892723334156,59.9999929154556,-1.55085727870574,-3.56333725640086,8.17783466635724,25.6329560943664,59.9999936918416,57.8994246518545,59.9999929808452,-1.55086399136927,-2.17595464389147,8.15091307181201,25.6329560943664,672.46804441793,672.468208792161,794.904316901643,86.0119251065998,138.262054035867,138.262231281765,176.08642006102,34.8097881956461
generator_outage_G09,generator_outage,19,13,18,2,6,3,0.964270739573376,0.934676809809478,0.964270361507435,-0.0172422479763931,0,11.3115471312068,0.993422297824962,0.957910998798333,0.993421901286815,-0.0231030133869961,0,NaN,59.9999937660327,57.8900108608177,59.9999930308482,-1.5508696229453,-0.320579435187568,7.78706031900689,25.6329560943664,59.9999943494354,57.8887666521747,59.9999939661539,-1.55083769612177,-0.73450543551989,7.98684594648551,25.6329560943664,672.46804441793,672.468208792161,794.904316901643,86.0119251065998,138.262054035867,138.262231281765,176.08642006102,34.8097881956461
generator_outage_G09,generator_outage,20,5,29,3,5,3,0.958759400236745,0.931617998720739,0.958759018711514,-0.015748804184851,0,8.97067988282891,1.02109303516246,0.961786081681994,1.02109257282773,-0.0454507805338258,0,NaN,59.9999938740924,57.8926453015172,59.9999931528418,-1.55096958967268,-0.44284158745601,7.83439848717036,25.6329560943664,59.9999949130723,57.8898292665787,59.9999943446027,-1.55118411151562,-0.130349256506797,7.92907482349728,25.7842155346987,672.46804441793,672.468208792161,794.904316901643,86.0119251065998,138.262054035867,138.262231281765,176.08642006102,34.8097881956461
generator_outage_G09,generator_outage,21,28,38,3,10,3,1.01980319076653,0.961433052689866,1.01980273929526,-0.0445190511161834,0,NaN,1.02650112277428,0.961786081681994,1.0265006552755,-0.0508588681456401,0,NaN,59.9999938740924,57.8926453015172,59.9999931528418,-1.55096958967268,-0.44284158745601,7.83439848717036,25.6329560943664,59.9999918043979,57.8934895316631,59.9999905544695,-1.5507489721852,-0.161363109748797,8.45400009798439,25.4816966540341,672.46804441793,672.468208792161,794.904316901643,86.0119251065998,138.262054035867,138.262231281765,176.08642006102,34.8097881956461
generator_outage_G09,generator_outage,22,15,34,4,10,3,0.973079105652974,0.937467529044949,0.973078694472808,-0.0226901933287211,0,NaN,1.01230116063239,0.966332565491569,1.0123006520705,-0.0204110297740523,0,NaN,59.9999944662808,57.8968464890633,59.9999937866105,-1.55102647640255,-0.928134021631273,8.08430427337026,25.6329560943664,59.9999918043979,57.8934895316631,59.9999905544695,-1.5507489721852,-0.161363109748797,8.45400009798439,25.4816966540341,672.46804441793,672.468208792161,794.904316901643,86.0119251065998,138.262054035867,138.262231281765,176.08642006102,34.8097881956461
generator_outage_G09,generator_outage,23,7,29,6,7,3,0.953428494064471,0.928315038512543,0.953428116387122,-0.0147597760333851,0,5.53453148631806,1.02109303516246,0.961786081681994,1.02109257282773,-0.0454507805338258,0,NaN,59.9999943494354,57.8887666521747,59.9999939661539,-1.55083769612177,-0.73450543551989,7.98684594648551,25.6329560943664,59.9999944671441,57.8902737328633,59.9999939609786,-1.55083178251396,-0.825489210432308,7.98684594648551,25.6329560943664,672.46804441793,672.468208792161,794.904316901643,86.0119251065998,138.262054035867,138.262231281765,176.08642006102,34.8097881956461
generator_outage_G09,generator_outage,24,1,11,7,10,3,1.02689638912936,1.01864397644107,1.03008672170079,-0.0024190073764907,0,1.02918306585931e-05,0.96248990465261,0.934206062193178,0.962489524218583,-0.0162316578594083,0,10.135443970688,59.9999944671441,57.8902737328633,59.9999939609786,-1.55083178251396,-0.825489210432308,7.98684594648551,25.6329560943664,59.9999918043979,57.8934895316631,59.9999905544695,-1.5507489721852,-0.161363109748797,8.45400009798439,25.4816966540341,672.46804441793,672.468208792161,794.904316901643,86.0119251065998,138.262054035867,138.262231281765,176.08642006102,34.8097881956461
generator_outage_G09,generator_outage,25,18,34,1,3,4,0.993422297824962,0.957910998798333,0.993421901286815,-0.0231030133869961,0,NaN,1.01230116063239,0.966332565491569,1.0123006520705,-0.0204110297740523,0,NaN,59.9999934559826,57.892723334156,59.9999929154556,-1.55085727870574,-3.56333725640086,8.17783466635724,25.6329560943664,59.9999938740924,57.8926453015172,59.9999931528418,-1.55096958967268,-0.44284158745601,7.83439848717036,25.6329560943664,653.081286728971,653.081399449671,707.096956301122,53.2145099449355,44.6481487675236,44.648332965707,107.114282484634,58.7355154326777
generator_outage_G09,generator_outage,26,9,34,1,9,4,1.02020766358892,1.00914321852419,1.02059522911604,-0.00721032032742852,0,0.895002995238674,1.01230116063239,0.966332565491569,1.0123006520705,-0.0204110297740523,0,NaN,59.9999934559826,57.892723334156,59.9999929154556,-1.55085727870574,-3.56333725640086,8.17783466635724,25.6329560943664,59.9999948530335,59.9999937595388,59.9999937595388,-1.09349469568087e-06,0,0,0,653.081286728971,653.081399449671,707.096956301122,53.2145099449355,44.6481487675236,44.648332965707,107.114282484634,58.7355154326777
generator_outage_G09,generator_outage,27,3,4,2,7,4,0.994475020133488,0.966491489656375,0.99447465088492,-0.0162015904080997,0,5.53453148631806,0.960053104706681,0.930953446076683,0.96005272883502,-0.0172797440370311,0,11.2351009971652,59.9999937660327,57.8900108608177,59.9999930308482,-1.5508696229453,-0.320579435187568,7.78706031900689,25.6329560943664,59.9999944671441,57.8902737328633,59.9999939609786,-1.55083178251396,-0.825489210432308,7.98684594648551,25.6329560943664,653.081286728971,653.081399449671,707.096956301122,53.2145099449355,44.6481487675236,44.648332965707,107.114282484634,58.7355154326777
generator_outage_G09,generator_outage,28,22,26,3,5,4,1.0229600920912,0.991016893235526,1.02295968149004,-0.0189828169577602,0,18.2323503026425,1.01926696898686,0.966083433714144,1.0192665756457,-0.0392654516230934,0,NaN,59.9999938740924,57.8926453015172,59.9999931528418,-1.55096958967268,-0.44284158745601,7.83439848717036,25.6329560943664,59.9999949130723,57.8898292665787,59.9999943446027,-1.55118411151562,-0.130349256506797,7.92907482349728,25.7842155346987,653.081286728971,653.081399449671,707.096956301122,53.2145099449355,44.6481487675236,44.648332965707,107.114282484634,58.7355154326777
generator_outage_G09,generator_outage,29,12,15,4,5,4,0.945223588050834,0.91682690570666,0.945223215958439,-0.0164222440982564,0,10.135443970688,0.973079105652974,0.937467529044949,0.973078694472808,-0.0226901933287211,0,NaN,59.9999944662808,57.8968464890633,59.9999937866105,-1.55102647640255,-0.928134021631273,8.08430427337026,25.6329560943664,59.9999949130723,57.8898292665787,59.9999943446027,-1.55118411151562,-0.130349256506797,7.92907482349728,25.7842155346987,653.081286728971,653.081399449671,707.096956301122,53.2145099449355,44.6481487675236,44.648332965707,107.114282484634,58.7355154326777
generator_outage_G09,generator_outage,30,4,34,5,6,4,0.960053104706681,0.930953446076683,0.96005272883502,-0.0172797440370311,0,11.2351009971652,1.01230116063239,0.966332565491569,1.0123006520705,-0.0204110297740523,0,NaN,59.9999949130723,57.8898292665787,59.9999943446027,-1.55118411151562,-0.130349256506797,7.92907482349728,25.7842155346987,59.9999943494354,57.8887666521747,59.9999939661539,-1.55083769612177,-0.73450543551989,7.98684594648551,25.6329560943664,653.081286728971,653.081399449671,707.096956301122,53.2145099449355,44.6481487675236,44.648332965707,107.114282484634,58.7355154326777
generator_outage_G09,generator_outage,31,26,33,6,7,4,1.01926696898686,0.966083433714144,1.0192665756457,-0.0392654516230934,0,NaN,0.997200971921189,0.963426925670458,0.999487812079802,-0.0107883690233666,0,1.22389437287555,59.9999943494354,57.8887666521747,59.9999939661539,-1.55083769612177,-0.73450543551989,7.98684594648551,25.6329560943664,59.9999944671441,57.8902737328633,59.9999939609786,-1.55083178251396,-0.825489210432308,7.98684594648551,25.6329560943664,653.081286728971,653.081399449671,707.096956301122,53.2145099449355,44.6481487675236,44.648332965707,107.114282484634,58.7355154326777
generator_outage_G09,generator_outage,32,14,30,7,10,4,0.965188010297433,0.934153162727378,0.965187625896465,-0.0187468140299067,0,17.0736549082735,1.04990040987001,1.0319819331886,1.05340332714754,-0.0023378830800036,0,1.02918306585931e-05,59.9999944671441,57.8902737328633,59.9999939609786,-1.55083178251396,-0.825489210432308,7.98684594648551,25.6329560943664,59.9999918043979,57.8934895316631,59.9999905544695,-1.5507489721852,-0.161363109748797,8.45400009798439,25.4816966540341,653.081286728971,653.081399449671,707.096956301122,53.2145099449355,44.6481487675236,44.648332965707,107.114282484634,58.7355154326777
generator_outage_G09,generator_outage,33,6,33,1,4,5,0.959595788849726,0.932351598358966,0.959595405388814,-0.0155882893434139,0,8.97067988282891,0.997200971921189,0.963426925670458,0.999487812079802,-0.0107883690233666,0,1.22389437287555,59.9999934559826,57.892723334156,59.9999929154556,-1.55085727870574,-3.56333725640086,8.17783466635724,25.6329560943664,59.9999944662808,57.8968464890633,59.9999937866105,-1.55102647640255,-0.928134021631273,8.08430427337026,25.6329560943664,517.000719945857,505.354843401317,576.074846956415,58.7600057419244,137.308688158259,115.246547300399,146.973770639812,-2.15074346873652
generator_outage_G09,generator_outage,34,33,36,1,9,5,0.997200971921189,0.963426925670458,0.999487812079802,-0.0107883690233666,0,1.22389437287555,1.0636010753349,1.03899471548906,1.06394430074848,-0.0112718765533477,0,1.07121035224517,59.9999934559826,57.892723334156,59.9999929154556,-1.55085727870574,-3.56333725640086,8.17783466635724,25.6329560943664,59.9999948530335,59.9999937595388,59.9999937595388,-1.09349469568087e-06,0,0,0,517.000719945857,505.354843401317,576.074846956415,58.7600057419244,137.308688158259,115.246547300399,146.973770639812,-2.15074346873652
generator_outage_G09,generator_outage,35,17,27,2,7,5,0.99507019283339,0.95474466680826,0.99506978189358,-0.027467302995079,0,NaN,1.0020543707611,0.954283634496269,1.00205397218291,-0.034754704815513,0,NaN,59.9999937660327,57.8900108608177,59.9999930308482,-1.5508696229453,-0.320579435187568,7.78706031900689,25.6329560943664,59.9999944671441,57.8902737328633,59.9999939609786,-1.55083178251396,-0.825489210432308,7.98684594648551,25.6329560943664,517.000719945857,505.354843401317,576.074846956415,58.7600057419244,137.308688158259,115.246547300399,146.973770639812,-2.15074346873652
generator_outage_G09,generator_outage,36,8,36,3,6,5,0.954598516570043,0.930407852074244,0.954598142528851,-0.014374351963067,0,5.46333429129832,1.0636010753349,1.03899471548906,1.06394430074848,-0.0112718765533477,0,1.07121035224517,59.9999938740924,57.8926453015172,59.9999931528418,-1.55096958967268,-0.44284158745601,7.83439848717036,25.6329560943664,59.9999943494354,57.8887666521747,59.9999939661539,-1.55083769612177,-0.73450543551989,7.98684594648551,25.6329560943664,517.000719945857,505.354843401317,576.074846956415,58.7600057419244,137.308688158259,115.246547300399,146.973770639812,-2.15074346873652
generator_outage_G09,generator_outage,37,2,11,4,6,5,1.02001684293784,0.998525106202856,1.02010532164868,-0.00814011371876089,0,0.0691223630395845,0.96248990465261,0.934206062193178,0.962489524218583,-0.0162316578594083,0,10.135443970688,59.9999944662808,57.8968464890633,59.9999937866105,-1.55102647640255,-0.928134021631273,8.08430427337026,25.6329560943664,59.9999943494354,57.8887666521747,59.9999939661539,-1.55083769612177,-0.73450543551989,7.98684594648551,25.6329560943664,517.000719945857,505.354843401317,576.074846956415,58.7600057419244,137.308688158259,115.246547300399,146.973770639812,-2.15074346873652
generator_outage_G09,generator_outage,38,20,32,5,6,5,0.987464538640993,0.945232046714288,0.987464063594078,-0.0198009409990858,0,21.8971454088333,0.984100548431793,0.957832494014616,0.98410020178925,-0.0121524167309003,0,5.57231368844769,59.9999949130723,57.8898292665787,59.9999943446027,-1.55118411151562,-0.130349256506797,7.92907482349728,25.7842155346987,59.9999943494354,57.8887666521747,59.9999939661539,-1.55083769612177,-0.73450543551989,7.98684594648551,25.6329560943664,517.000719945857,505.354843401317,576.074846956415,58.7600057419244,137.308688158259,115.246547300399,146.973770639812,-2.15074346873652
generator_outage_G09,generator_outage,39,11,14,6,8,5,0.96248990465261,0.934206062193178,0.962489524218583,-0.0162316578594083,0,10.135443970688,0.965188010297433,0.934153162727378,0.965187625896465,-0.0187468140299067,0,17.0736549082735,59.9999943494354,57.8887666521747,59.9999939661539,-1.55083769612177,-0.73450543551989,7.98684594648551,25.6329560943664,59.9999936918416,57.8994246518545,59.9999929808452,-1.55086399136927,-2.17595464389147,8.15091307181201,25.6329560943664,517.000719945857,505.354843401317,576.074846956415,58.7600057419244,137.308688158259,115.246547300399,146.973770639812,-2.15074346873652
generator_outage_G09,generator_outage,40,4,6,8,9,5,0.960053104706681,0.930953446076683,0.96005272883502,-0.0172797440370311,0,11.2351009971652,0.959595788849726,0.932351598358966,0.959595405388814,-0.0155882893434139,0,8.97067988282891,59.9999936918416,57.8994246518545,59.9999929808452,-1.55086399136927,-2.17595464389147,8.15091307181201,25.6329560943664,59.9999948530335,59.9999937595388,59.9999937595388,-1.09349469568087e-06,0,0,0,517.000719945857,505.354843401317,576.074846956415,58.7600057419244,137.308688158259,115.246547300399,146.973770639812,-2.15074346873652
generator_outage_G09,generator_outage,41,24,32,1,4,6,0.999264074901395,0.961595032809014,0.999263645090658,-0.0246995436227362,0,NaN,0.984100548431793,0.957832494014616,0.98410020178925,-0.0121524167309003,0,5.57231368844769,59.9999934559826,57.892723334156,59.9999929154556,-1.55085727870574,-3.56333725640086,8.17783466635724,25.6329560943664,59.9999944662808,57.8968464890633,59.9999937866105,-1.55102647640255,-0.928134021631273,8.08430427337026,25.6329560943664,646.129526212919,645.494062411648,772.31197663725,85.8650816697586,221.895491666939,221.895634079564,276.924901797646,53.333231818252
generator_outage_G09,generator_outage,42,13,27,1,10,6,0.964270739573376,0.934676809809478,0.964270361507435,-0.0172422479763931,0,11.3115471312068,1.0020543707611,0.954283634496269,1.00205397218291,-0.034754704815513,0,NaN,59.9999934559826,57.892723334156,59.9999929154556,-1.55085727870574,-3.56333725640086,8.17783466635724,25.6329560943664,59.9999918043979,57.8934895316631,59.9999905544695,-1.5507489721852,-0.161363109748797,8.45400009798439,25.4816966540341,646.129526212919,645.494062411648,772.31197663725,85.8650816697586,221.895491666939,221.895634079564,276.924901797646,53.333231818252
generator_outage_G09,generator_outage,43,5,38,2,8,6,0.958759400236745,0.931617998720739,0.958759018711514,-0.015748804184851,0,8.97067988282891,1.02650112277428,0.961786081681994,1.0265006552755,-0.0508588681456401,0,NaN,59.9999937660327,57.8900108608177,59.9999930308482,-1.5508696229453,-0.320579435187568,7.78706031900689,25.6329560943664,59.9999936918416,57.8994246518545,59.9999929808452,-1.55086399136927,-2.17595464389147,8.15091307181201,25.6329560943664,646.129526212919,645.494062411648,772.31197663725,85.8650816697586,221.895491666939,221.895634079564,276.924901797646,53.333231818252
generator_outage_G09,generator_outage,44,29,38,3,6,6,1.02109303516246,0.961786081681994,1.02109257282773,-0.0454507805338258,0,NaN,1.02650112277428,0.961786081681994,1.0265006552755,-0.0508588681456401,0,NaN,59.9999938740924,57.8926453015172,59.9999931528418,-1.55096958967268,-0.44284158745601,7.83439848717036,25.6329560943664,59.9999943494354,57.8887666521747,59.9999939661539,-1.55083769612177,-0.73450543551989,7.98684594648551,25.6329560943664,646.129526212919,645.494062411648,772.31197663725,85.8650816697586,221.895491666939,221.895634079564,276.924901797646,53.333231818252
generator_outage_G09,generator_outage,45,16,20,4,6,6,0.991037366929576,0.952774917106427,0.991036940258187,-0.0247727059499825,0,NaN,0.987464538640993,0.945232046714288,0.987464063594078,-0.0198009409990858,0,21.8971454088333,59.9999944662808,57.8968464890633,59.9999937866105,-1.55102647640255,-0.928134021631273,8.08430427337026,25.6329560943664,59.9999943494354,57.8887666521747,59.9999939661539,-1.55083769612177,-0.73450543551989,7.98684594648551,25.6329560943664,646.129526212919,645.494062411648,772.31197663725,85.8650816697586,221.895491666939,221.895634079564,276.924901797646,53.333231818252
generator_outage_G09,generator_outage,46,7,38,5,7,6,0.953428494064471,0.928315038512543,0.953428116387122,-0.0147597760333851,0,5.53453148631806,1.02650112277428,0.961786081681994,1.0265006552755,-0.0508588681456401,0,NaN,59.9999949130723,57.8898292665787,59.9999943446027,-1.55118411151562,-0.130349256506797,7.92907482349728,25.7842155346987,59.9999944671441,57.8902737328633,59.9999939609786,-1.55083178251396,-0.825489210432308,7.98684594648551,25.6329560943664,646.129526212919,645.494062411648,772.31197663725,85.8650816697586,221.895491666939,221.895634079564,276.924901797646,53.333231818252
generator_outage_G09,generator_outage,47,1,20,6,9,6,1.02689638912936,1.01864397644107,1.03008672170079,-0.0024190073764907,0,1.02918306585931e-05,0.987464538640993,0.945232046714288,0.987464063594078,-0.0198009409990858,0,21.8971454088333,59.9999943494354,57.8887666521747,59.9999939661539,-1.55083769612177,-0.73450543551989,7.98684594648551,25.6329560943664,59.9999948530335,59.9999937595388,59.9999937595388,-1.09349469568087e-06,0,0,0,646.129526212919,645.494062411648,772.31197663725,85.8650816697586,221.895491666939,221.895634079564,276.924901797646,53.333231818252
generator_outage_G09,generator_outage,48,19,23,8,9,6,0.990604210848697,0.951481262652357,0.990603758590716,-0.0188296453726534,0,15.8034114771749,1.02167685351485,0.989965126148066,1.02167644552061,-0.0192812417636328,0,19.4566892477939,59.9999936918416,57.8994246518545,59.9999929808452,-1.55086399136927,-2.17595464389147,8.15091307181201,25.6329560943664,59.9999948530335,59.9999937595388,59.9999937595388,-1.09349469568087e-06,0,0,0,646.129526212919,645.494062411648,772.31197663725,85.8650816697586,221.895491666939,221.895634079564,276.924901797646,53.333231818252
generator_outage_G09,generator_outage,49,10,14,1,5,7,0.965720649152829,0.936896018215268,0.965720272081748,-0.0164674087289334,0,10.1750395975136,0.965188010297433,0.934153162727378,0.965187625896465,-0.0187468140299067,0,17.0736549082735,59.9999934559826,57.892723334156,59.9999929154556,-1.55085727870574,-3.56333725640086,8.17783466635724,25.6329560943664,59.9999949130723,57.8898292665787,59.9999943446027,-1.55118411151562,-0.130349256506797,7.92907482349728,25.7842155346987,525.642776165619,525.643092250139,598.861946363911,71.5587651952565,188.546381008994,188.546577690938,236.343004624822,39.2692347314519
generator_outage_G09,generator_outage,50,3,13,2,3,7,0.994475020133488,0.966491489656375,0.99447465088492,-0.0162015904080997,0,5.53453148631806,0.964270739573376,0.934676809809478,0.964270361507435,-0.0172422479763931,0,11.3115471312068,59.9999937660327,57.8900108608177,59.9999930308482,-1.5508696229453,-0.320579435187568,7.78706031900689,25.6329560943664,59.9999938740924,57.8926453015172,59.9999931528418,-1.55096958967268,-0.44284158745601,7.83439848717036,25.6329560943664,525.642776165619,525.643092250139,598.861946363911,71.5587651952565,188.546381008994,188.546577690938,236.343004624822,39.2692347314519
generator_outage_G09,generator_outage,51,22,35,2,8,7,1.0229600920912,0.991016893235526,1.02295968149004,-0.0189828169577602,0,18.2323503026425,1.04940121508332,1.02172275812989,1.04940082684498,-0.0125536117092122,0,5.57231368844769,59.9999937660327,57.8900108608177,59.9999930308482,-1.5508696229453,-0.320579435187568,7.78706031900689,25.6329560943664,59.9999936918416,57.8994246518545,59.9999929808452,-1.55086399136927,-2.17595464389147,8.15091307181201,25.6329560943664,525.642776165619,525.643092250139,598.861946363911,71.5587651952565,188.546381008994,188.546577690938,236.343004624822,39.2692347314519
generator_outage_G09,generator_outage,52,12,25,3,7,7,0.945223588050834,0.91682690570666,0.945223215958439,-0.0164222440982564,0,10.135443970688,1.02838004290673,0.986567942424536,1.02837976212162,-0.0251642548489233,0,NaN,59.9999938740924,57.8926453015172,59.9999931528418,-1.55096958967268,-0.44284158745601,7.83439848717036,25.6329560943664,59.9999944671441,57.8902737328633,59.9999939609786,-1.55083178251396,-0.825489210432308,7.98684594648551,25.6329560943664,525.642776165619,525.643092250139,598.861946363911,71.5587651952565,188.546381008994,188.546577690938,236.343004624822,39.2692347314519
generator_outage_G09,generator_outage,53,5,9,4,7,7,0.958759400236745,0.931617998720739,0.958759018711514,-0.015748804184851,0,8.97067988282891,1.02020766358892,1.00914321852419,1.02059522911604,-0.00721032032742852,0,0.895002995238674,59.9999944662808,57.8968464890633,59.9999937866105,-1.55102647640255,-0.928134021631273,8.08430427337026,25.6329560943664,59.9999944671441,57.8902737328633,59.9999939609786,-1.55083178251396,-0.825489210432308,7.98684594648551,25.6329560943664,525.642776165619,525.643092250139,598.861946363911,71.5587651952565,188.546381008994,188.546577690938,236.343004624822,39.2692347314519
generator_outage_G09,generator_outage,54,27,30,5,7,7,1.0020543707611,0.954283634496269,1.00205397218291,-0.034754704815513,0,NaN,1.04990040987001,1.0319819331886,1.05340332714754,-0.0023378830800036,0,1.02918306585931e-05,59.9999949130723,57.8898292665787,59.9999943446027,-1.55118411151562,-0.130349256506797,7.92907482349728,25.7842155346987,59.9999944671441,57.8902737328633,59.9999939609786,-1.55083178251396,-0.825489210432308,7.98684594648551,25.6329560943664,525.642776165619,525.643092250139,598.861946363911,71.5587651952565,188.546381008994,188.546577690938,236.343004624822,39.2692347314519
generator_outage_G09,generator_outage,55,14,39,6,9,7,0.965188010297433,0.934153162727378,0.965187625896465,-0.0187468140299067,0,17.0736549082735,1.03000013409431,1.0271025906036,1.0302284626347,-0.00154771712635493,0,0.912738776333931,59.9999943494354,57.8887666521747,59.9999939661539,-1.55083769612177,-0.73450543551989,7.98684594648551,25.6329560943664,59.9999948530335,59.9999937595388,59.9999937595388,-1.09349469568087e-06,0,0,0,525.642776165619,525.643092250139,598.861946363911,71.5587651952565,188.546381008994,188.546577690938,236.343004624822,39.2692347314519
generator_outage_G09,generator_outage,56,7,10,8,10,7,0.953428494064471,0.928315038512543,0.953428116387122,-0.0147597760333851,0,5.53453148631806,0.965720649152829,0.936896018215268,0.965720272081748,-0.0164674087289334,0,10.1750395975136,59.9999936918416,57.8994246518545,59.9999929808452,-1.55086399136927,-2.17595464389147,8.15091307181201,25.6329560943664,59.9999918043979,57.8934895316631,59.9999905544695,-1.5507489721852,-0.161363109748797,8.45400009798439,25.4816966540341,525.642776165619,525.643092250139,598.861946363911,71.5587651952565,188.546381008994,188.546577690938,236.343004624822,39.2692347314519
generator_outage_G09,generator_outage,57,35,36,1,5,8,1.04940121508332,1.02172275812989,1.04940082684498,-0.0125536117092122,0,5.57231368844769,1.0636010753349,1.03899471548906,1.06394430074848,-0.0112718765533477,0,1.07121035224517,59.9999934559826,57.892723334156,59.9999929154556,-1.55085727870574,-3.56333725640086,8.17783466635724,25.6329560943664,59.9999949130723,57.8898292665787,59.9999943446027,-1.55118411151562,-0.130349256506797,7.92907482349728,25.7842155346987,535.98704469732,491.901643843,624.860825130732,51.0051807517301,13.8483715662576,13.8484934426564,88.3768638059161,64.9737643621067
generator_outage_G09,generator_outage,58,17,36,2,3,8,0.99507019283339,0.95474466680826,0.99506978189358,-0.027467302995079,0,NaN,1.0636010753349,1.03899471548906,1.06394430074848,-0.0112718765533477,0,1.07121035224517,59.9999937660327,57.8900108608177,59.9999930308482,-1.5508696229453,-0.320579435187568,7.78706031900689,25.6329560943664,59.9999938740924,57.8926453015172,59.9999931528418,-1.55096958967268,-0.44284158745601,7.83439848717036,25.6329560943664,535.98704469732,491.901643843,624.860825130732,51.0051807517301,13.8483715662576,13.8484934426564,88.3768638059161,64.9737643621067
generator_outage_G09,generator_outage,59,9,15,2,9,8,1.02020766358892,1.00914321852419,1.02059522911604,-0.00721032032742852,0,0.895002995238674,0.973079105652974,0.937467529044949,0.973078694472808,-0.0226901933287211,0,NaN,59.9999937660327,57.8900108608177,59.9999930308482,-1.5508696229453,-0.320579435187568,7.78706031900689,25.6329560943664,59.9999948530335,59.9999937595388,59.9999937595388,-1.09349469568087e-06,0,0,0,535.98704469732,491.901643843,624.860825130732,51.0051807517301,13.8483715662576,13.8484934426564,88.3768638059161,64.9737643621067
generator_outage_G09,generator_outage,60,2,21,3,8,8,1.02001684293784,0.998525106202856,1.02010532164868,-0.00814011371876089,0,0.0691223630395845,0.997579594018811,0.96236346594366,0.99757917147838,-0.0228639448617028,0,NaN,59.9999938740924,57.8926453015172,59.9999931528418,-1.55096958967268,-0.44284158745601,7.83439848717036,25.6329560943664,59.9999936918416,57.8994246518545,59.9999929808452,-1.55086399136927,-2.17595464389147,8.15091307181201,25.6329560943664,535.98704469732,491.901643843,624.860825130732,51.0051807517301,13.8483715662576,13.8484934426564,88.3768638059161,64.9737643621067
generator_outage_G09,generator_outage,61,21,23,4,7,8,0.997579594018811,0.96236346594366,0.99757917147838,-0.0228639448617028,0,NaN,1.02167685351485,0.989965126148066,1.02167644552061,-0.0192812417636328,0,19.4566892477939,59.9999944662808,57.8968464890633,59.9999937866105,-1.55102647640255,-0.928134021631273,8.08430427337026,25.6329560943664,59.9999944671441,57.8902737328633,59.9999939609786,-1.55083178251396,-0.825489210432308,7.98684594648551,25.6329560943664,535.98704469732,491.901643843,624.860825130732,51.0051807517301,13.8483715662576,13.8484934426564,88.3768638059161,64.9737643621067
generator_outage_G09,generator_outage,62,11,23,5,8,8,0.96248990465261,0.934206062193178,0.962489524218583,-0.0162316578594083,0,10.135443970688,1.02167685351485,0.989965126148066,1.02167644552061,-0.0192812417636328,0,19.4566892477939,59.9999949130723,57.8898292665787,59.9999943446027,-1.55118411151562,-0.130349256506797,7.92907482349728,25.7842155346987,59.9999936918416,57.8994246518545,59.9999929808452,-1.55086399136927,-2.17595464389147,8.15091307181201,25.6329560943664,535.98704469732,491.901643843,624.860825130732,51.0051807517301,13.8483715662576,13.8484934426564,88.3768638059161,64.9737643621067
generator_outage_G09,generator_outage,63,4,15,6,10,8,0.960053104706681,0.930953446076683,0.96005272883502,-0.0172797440370311,0,11.2351009971652,0.973079105652974,0.937467529044949,0.973078694472808,-0.0226901933287211,0,NaN,59.9999943494354,57.8887666521747,59.9999939661539,-1.55083769612177,-0.73450543551989,7.98684594648551,25.6329560943664,59.9999918043979,57.8934895316631,59.9999905544695,-1.5507489721852,-0.161363109748797,8.45400009798439,25.4816966540341,535.98704469732,491.901643843,624.860825130732,51.0051807517301,13.8483715662576,13.8484934426564,88.3768638059161,64.9737643621067
generator_outage_G09,generator_outage,64,25,27,8,10,8,1.02838004290673,0.986567942424536,1.02837976212162,-0.0251642548489233,0,NaN,1.0020543707611,0.954283634496269,1.00205397218291,-0.034754704815513,0,NaN,59.9999936918416,57.8994246518545,59.9999929808452,-1.55086399136927,-2.17595464389147,8.15091307181201,25.6329560943664,59.9999918043979,57.8934895316631,59.9999905544695,-1.5507489721852,-0.161363109748797,8.45400009798439,25.4816966540341,535.98704469732,491.901643843,624.860825130732,51.0051807517301,13.8483715662576,13.8484934426564,88.3768638059161,64.9737643621067
generator_outage_G09,generator_outage,65,13,36,1,6,9,0.964270739573376,0.934676809809478,0.964270361507435,-0.0172422479763931,0,11.3115471312068,1.0636010753349,1.03899471548906,1.06394430074848,-0.0112718765533477,0,1.07121035224517,59.9999934559826,57.892723334156,59.9999929154556,-1.55085727870574,-3.56333725640086,8.17783466635724,25.6329560943664,59.9999943494354,57.8887666521747,59.9999939661539,-1.55083769612177,-0.73450543551989,7.98684594648551,25.6329560943664,821.976188999109,0,821.976456109469,-821.976188999109,43.6266753165716,0,43.6266901016509,-43.6266753165716
generator_outage_G09,generator_outage,66,6,14,2,4,9,0.959595788849726,0.932351598358966,0.959595405388814,-0.0155882893434139,0,8.97067988282891,0.965188010297433,0.934153162727378,0.965187625896465,-0.0187468140299067,0,17.0736549082735,59.9999937660327,57.8900108608177,59.9999930308482,-1.5508696229453,-0.320579435187568,7.78706031900689,25.6329560943664,59.9999944662808,57.8968464890633,59.9999937866105,-1.55102647640255,-0.928134021631273,8.08430427337026,25.6329560943664,821.976188999109,0,821.976456109469,-821.976188999109,43.6266753165716,0,43.6266901016509,-43.6266753165716
generator_outage_G09,generator_outage,67,30,38,2,9,9,1.04990040987001,1.0319819331886,1.05340332714754,-0.0023378830800036,0,1.02918306585931e-05,1.02650112277428,0.961786081681994,1.0265006552755,-0.0508588681456401,0,NaN,59.9999937660327,57.8900108608177,59.9999930308482,-1.5508696229453,-0.320579435187568,7.78706031900689,25.6329560943664,59.9999948530335,59.9999937595388,59.9999937595388,-1.09349469568087e-06,0,0,0,821.976188999109,0,821.976456109469,-821.976188999109,43.6266753165716,0,43.6266901016509,-43.6266753165716
generator_outage_G09,generator_outage,68,16,30,3,8,9,0.991037366929576,0.952774917106427,0.991036940258187,-0.0247727059499825,0,NaN,1.04990040987001,1.0319819331886,1.05340332714754,-0.0023378830800036,0,1.02918306585931e-05,59.9999938740924,57.8926453015172,59.9999931528418,-1.55096958967268,-0.44284158745601,7.83439848717036,25.6329560943664,59.9999936918416,57.8994246518545,59.9999929808452,-1.55086399136927,-2.17595464389147,8.15091307181201,25.6329560943664,821.976188999109,0,821.976456109469,-821.976188999109,43.6266753165716,0,43.6266901016509,-43.6266753165716
generator_outage_G09,generator_outage,69,8,16,4,8,9,0.954598516570043,0.930407852074244,0.954598142528851,-0.014374351963067,0,5.46333429129832,0.991037366929576,0.952774917106427,0.991036940258187,-0.0247727059499825,0,NaN,59.9999944662808,57.8968464890633,59.9999937866105,-1.55102647640255,-0.928134021631273,8.08430427337026,25.6329560943664,59.9999936918416,57.8994246518545,59.9999929808452,-1.55086399136927,-2.17595464389147,8.15091307181201,25.6329560943664,821.976188999109,0,821.976456109469,-821.976188999109,43.6266753165716,0,43.6266901016509,-43.6266753165716
generator_outage_G09,generator_outage,70,1,29,5,9,9,1.02689638912936,1.01864397644107,1.03008672170079,-0.0024190073764907,0,1.02918306585931e-05,1.02109303516246,0.961786081681994,1.02109257282773,-0.0454507805338258,0,NaN,59.9999949130723,57.8898292665787,59.9999943446027,-1.55118411151562,-0.130349256506797,7.92907482349728,25.7842155346987,59.9999948530335,59.9999937595388,59.9999937595388,-1.09349469568087e-06,0,0,0,821.976188999109,0,821.976456109469,-821.976188999109,43.6266753165716,0,43.6266901016509,-43.6266753165716
generator_outage_G09,generator_outage,71,19,32,6,10,9,0.990604210848697,0.951481262652357,0.990603758590716,-0.0188296453726534,0,15.8034114771749,0.984100548431793,0.957832494014616,0.98410020178925,-0.0121524167309003,0,5.57231368844769,59.9999943494354,57.8887666521747,59.9999939661539,-1.55083769612177,-0.73450543551989,7.98684594648551,25.6329560943664,59.9999918043979,57.8934895316631,59.9999905544695,-1.5507489721852,-0.161363109748797,8.45400009798439,25.4816966540341,821.976188999109,0,821.976456109469,-821.976188999109,43.6266753165716,0,43.6266901016509,-43.6266753165716
generator_outage_G09,generator_outage,72,10,23,9,10,9,0.965720649152829,0.936896018215268,0.965720272081748,-0.0164674087289334,0,10.1750395975136,1.02167685351485,0.989965126148066,1.02167644552061,-0.0192812417636328,0,19.4566892477939,59.9999948530335,59.9999937595388,59.9999937595388,-1.09349469568087e-06,0,0,0,59.9999918043979,57.8934895316631,59.9999905544695,-1.5507489721852,-0.161363109748797,8.45400009798439,25.4816966540341,821.976188999109,0,821.976456109469,-821.976188999109,43.6266753165716,0,43.6266901016509,-43.6266753165716
generator_outage_G09,generator_outage,73,3,22,1,7,10,0.994475020133488,0.966491489656375,0.99447465088492,-0.0162015904080997,0,5.53453148631806,1.0229600920912,0.991016893235526,1.02295968149004,-0.0189828169577602,0,18.2323503026425,59.9999934559826,57.892723334156,59.9999929154556,-1.55085727870574,-3.56333725640086,8.17783466635724,25.6329560943664,59.9999944671441,57.8902737328633,59.9999939609786,-1.55083178251396,-0.825489210432308,7.98684594648551,25.6329560943664,950.434923998617,950.428913480958,1408.80286880273,59.9231760360919,226.715283095974,197.695779312119,266.464055964913,22.8270022108821
generator_outage_G09,generator_outage,74,23,28,2,4,10,1.02167685351485,0.989965126148066,1.02167644552061,-0.0192812417636328,0,19.4566892477939,1.01980319076653,0.961433052689866,1.01980273929526,-0.0445190511161834,0,NaN,59.9999937660327,57.8900108608177,59.9999930308482,-1.5508696229453,-0.320579435187568,7.78706031900689,25.6329560943664,59.9999944662808,57.8968464890633,59.9999937866105,-1.55102647640255,-0.928134021631273,8.08430427337026,25.6329560943664,950.434923998617,950.428913480958,1408.80286880273,59.9231760360919,226.715283095974,197.695779312119,266.464055964913,22.8270022108821
generator_outage_G09,generator_outage,75,12,34,2,10,10,0.945223588050834,0.91682690570666,0.945223215958439,-0.0164222440982564,0,10.135443970688,1.01230116063239,0.966332565491569,1.0123006520705,-0.0204110297740523,0,NaN,59.9999937660327,57.8900108608177,59.9999930308482,-1.5508696229453,-0.320579435187568,7.78706031900689,25.6329560943664,59.9999918043979,57.8934895316631,59.9999905544695,-1.5507489721852,-0.161363109748797,8.45400009798439,25.4816966540341,950.434923998617,950.428913480958,1408.80286880273,59.9231760360919,226.715283095974,197.695779312119,266.464055964913,22.8270022108821
generator_outage_G09,generator_outage,76,5,19,3,9,10,0.958759400236745,0.931617998720739,0.958759018711514,-0.015748804184851,0,8.97067988282891,0.990604210848697,0.951481262652357,0.990603758590716,-0.0188296453726534,0,15.8034114771749,59.9999938740924,57.8926453015172,59.9999931528418,-1.55096958967268,-0.44284158745601,7.83439848717036,25.6329560943664,59.9999948530335,59.9999937595388,59.9999937595388,-1.09349469568087e-06,0,0,0,950.434923998617,950.428913480958,1408.80286880273,59.9231760360919,226.715283095974,197.695779312119,266.464055964913,22.8270022108821
generator_outage_G09,generator_outage,77,27,39,4,8,10,1.0020543707611,0.954283634496269,1.00205397218291,-0.034754704815513,0,NaN,1.03000013409431,1.0271025906036,1.0302284626347,-0.00154771712635493,0,0.912738776333931,59.9999944662808,57.8968464890633,59.9999937866105,-1.55102647640255,-0.928134021631273,8.08430427337026,25.6329560943664,59.9999936918416,57.8994246518545,59.9999929808452,-1.55086399136927,-2.17595464389147,8.15091307181201,25.6329560943664,950.434923998617,950.428913480958,1408.80286880273,59.9231760360919,226.715283095974,197.695779312119,266.464055964913,22.8270022108821
generator_outage_G09,generator_outage,78,15,24,5,9,10,0.973079105652974,0.937467529044949,0.973078694472808,-0.0226901933287211,0,NaN,0.999264074901395,0.961595032809014,0.999263645090658,-0.0246995436227362,0,NaN,59.9999949130723,57.8898292665787,59.9999943446027,-1.55118411151562,-0.130349256506797,7.92907482349728,25.7842155346987,59.9999948530335,59.9999937595388,59.9999937595388,-1.09349469568087e-06,0,0,0,950.434923998617,950.428913480958,1408.80286880273,59.9231760360919,226.715283095974,197.695779312119,266.464055964913,22.8270022108821
generator_outage_G09,generator_outage,79,7,19,7,8,10,0.953428494064471,0.928315038512543,0.953428116387122,-0.0147597760333851,0,5.53453148631806,0.990604210848697,0.951481262652357,0.990603758590716,-0.0188296453726534,0,15.8034114771749,59.9999944671441,57.8902737328633,59.9999939609786,-1.55083178251396,-0.825489210432308,7.98684594648551,25.6329560943664,59.9999936918416,57.8994246518545,59.9999929808452,-1.55086399136927,-2.17595464389147,8.15091307181201,25.6329560943664,950.434923998617,950.428913480958,1408.80286880273,59.9231760360919,226.715283095974,197.695779312119,266.464055964913,22.8270022108821
generator_outage_G09,generator_outage,80,38,39,9,10,10,1.02650112277428,0.961786081681994,1.0265006552755,-0.0508588681456401,0,NaN,1.03000013409431,1.0271025906036,1.0302284626347,-0.00154771712635493,0,0.912738776333931,59.9999948530335,59.9999937595388,59.9999937595388,-1.09349469568087e-06,0,0,0,59.9999918043979,57.8934895316631,59.9999905544695,-1.5507489721852,-0.161363109748797,8.45400009798439,25.4816966540341,950.434923998617,950.428913480958,1408.80286880273,59.9231760360919,226.715283095974,197.695779312119,266.464055964913,22.8270022108821
load_increase_B01_F120,load_increase,1,1,2,1,2,1,1.02689638912936,1.02430709173487,1.02689613197341,-0.00234096506175119,0,0.542174254955981,1.02001684293784,1.01872085851708,1.02001650365959,-0.000754307750125527,0,0.503752305132118,59.9999934559826,59.9556561504001,59.9999929154556,-0.0338017407583706,-0.0425762317266419,8.34273190878342,1.33803055041214,59.9999937660327,59.9555972380608,59.9999931426931,-0.0337913570053203,7.64773444355622e-05,8.4217089438828,1.42346335302039,247.351644502021,247.085358887243,249.735937873518,1.54513984103326,178.513910467193,178.514465299017,182.250709949823,3.44992644852877
load_increase_B01_F120,load_increase,2,18,25,1,7,1,0.993422297824962,0.992344787805934,0.993421901286815,-0.000558817009151502,0,0.503752305132118,1.02838004290673,1.02740431022725,1.02837976212162,-0.000409211894088157,0,0.503752305132118,59.9999934559826,59.9556561504001,59.9999929154556,-0.0338017407583706,-0.0425762317266419,8.34273190878342,1.33803055041214,59.9999944671441,59.9552834945174,59.9999939609786,-0.0337657760066392,-0.00100454149536276,7.41256454370498,1.42346335302039,247.351644502021,247.085358887243,249.735937873518,1.54513984103326,178.513910467193,178.514465299017,182.250709949823,3.44992644852877
load_increase_B01_F120,load_increase,3,9,25,2,5,1,1.02020766358892,1.01937563101737,1.02020741569325,-0.000604689869937447,0,0.503752305132118,1.02838004290673,1.02740431022725,1.02837976212162,-0.000409211894088157,0,0.503752305132118,59.9999937660327,59.9555972380608,59.9999931426931,-0.0337913570053203,7.64773444355622e-05,8.4217089438828,1.42346335302039,59.9999949130723,59.9551424140515,60.0002055953456,-0.0337370557107946,0.00355461434620743,8.4217089438828,1.48260570163788,247.351644502021,247.085358887243,249.735937873518,1.54513984103326,178.513910467193,178.514465299017,182.250709949823,3.44992644852877
load_increase_B01_F120,load_increase,4,2,31,3,4,1,1.02001684293784,1.01872085851708,1.02001650365959,-0.000754307750125527,0,0.503752305132118,0.982000570674875,0.981042763342494,0.982010650970056,-0.000277062384773763,0,0.465330355308256,59.9999938740924,59.9555946281485,59.9999931528418,-0.0337887316351484,-0.00084320263381744,8.4217089438828,1.42346335302039,59.9999944662808,59.9553402983071,59.9999937866105,-0.0337623995969025,-0.000668570597658816,7.41256454370498,1.42346335302039,247.351644502021,247.085358887243,249.735937873518,1.54513984103326,178.513910467193,178.514465299017,182.250709949823,3.44992644852877
load_increase_B01_F120,load_increase,5,21,33,3,9,1,0.997579594018811,0.996660769857632,0.99757917147838,-0.000445953594942261,0,0.542174254955981,0.997200971921189,0.996371759611543,0.997350533914151,-0.000214764576774051,0,0.503752305132118,59.9999938740924,59.9555946281485,59.9999931528418,-0.0337887316351484,-0.00084320263381744,8.4217089438828,1.42346335302039,59.9999948530335,59.9553622956053,59.9999951972827,-0.0337665249083585,0.000621149908285011,7.34872917781643,1.42346335302039,247.351644502021,247.085358887243,249.735937873518,1.54513984103326,178.513910467193,178.514465299017,182.250709949823,3.44992644852877
load_increase_B01_F120,load_increase,6,11,33,4,9,1,0.96248990465261,0.961492980573721,0.962489524218583,-0.000486980505391088,0,0.503752305132118,0.997200971921189,0.996371759611543,0.997350533914151,-0.000214764576774051,0,0.503752305132118,59.9999944662808,59.9553402983071,59.9999937866105,-0.0337623995969025,-0.000668570597658816,7.41256454370498,1.42346335302039,59.9999948530335,59.9553622956053,59.9999951972827,-0.0337665249083585,0.000621149908285011,7.34872917781643,1.42346335302039,247.351644502021,247.085358887243,249.735937873518,1.54513984103326,178.513910467193,178.514465299017,182.250709949823,3.44992644852877
load_increase_B01_F120,load_increase,7,4,25,5,10,1,0.960053104706681,0.959017501122325,0.96005272883502,-0.000536405765088288,0,0.503752305132118,1.02838004290673,1.02740431022725,1.02837976212162,-0.000409211894088157,0,0.503752305132118,59.9999949130723,59.9551424140515,60.0002055953456,-0.0337370557107946,0.00355461434620743,8.4217089438828,1.48260570163788,59.9999918043979,59.9553563330925,59.9999905544695,-0.0338913851786984,-0.0177498785450676,7.94942644429054,1.33803055041214,247.351644502021,247.085358887243,249.735937873518,1.54513984103326,178.513910467193,178.514465299017,182.250709949823,3.44992644852877
load_increase_B01_F120,load_increase,8,25,37,7,8,1,1.02838004290673,1.02740431022725,1.02837976212162,-0.000409211894088157,0,0.503752305132118,1.02750054732654,1.02666352236773,1.02750028868048,-0.000212949067252444,0,0.503752305132118,59.9999944671441,59.9552834945174,59.9999939609786,-0.0337657760066392,-0.00100454149536276,7.41256454370498,1.42346335302039,59.9999936918416,59.9556769492911,59.9999929808452,-0.0337971968374475,-0.0186851919355069,8.34273190878342,1.33803055041214,247.351644502021,247.085358887243,249.735937873518,1.54513984103326,178.513910467193,178.514465299017,182.250709949823,3.44992644852877
load_increase_B01_F120,load_increase,9,14,21,1,2,2,0.965188010297433,0.964179612044313,0.965187625896465,-0.000503990325118164,0,0.503752305132118,0.997579594018811,0.996660769857632,0.99757917147838,-0.000445953594942261,0,0.542174254955981,59.9999934559826,59.9556561504001,59.9999929154556,-0.0338017407583706,-0.0425762317266419,8.34273190878342,1.33803055041214,59.9999937660327,59.9555972380608,59.9999931426931,-0.0337913570053203,7.64773444355622e-05,8.4217089438828,1.42346335302039,699.11655373899,699.113372964201,700.392391204349,1.26546671410665,156.180710399892,156.18077075031,157.519700168272,1.20545717215091
load_increase_B01_F120,load_increase,10,6,24,1,8,2,0.959595788849726,0.9585758126081,0.959595405388814,-0.000517060347377529,0,0.503752305132118,0.999264074901395,0.998284960548409,0.999263645090658,-0.000481822892745454,0,0.542174254955981,59.9999934559826,59.9556561504001,59.9999929154556,-0.0338017407583706,-0.0425762317266419,8.34273190878342,1.33803055041214,59.9999936918416,59.9556769492911,59.9999929808452,-0.0337971968374475,-0.0186851919355069,8.34273190878342,1.33803055041214,699.11655373899,699.113372964201,700.392391204349,1.26546671410665,156.180710399892,156.18077075031,157.519700168272,1.20545717215091
load_increase_B01_F120,load_increase,11,32,33,2,5,2,0.984100548431793,0.983249463244796,0.98410020178925,-0.000288047111435819,0,0.465330355308256,0.997200971921189,0.996371759611543,0.997350533914151,-0.000214764576774051,0,0.503752305132118,59.9999937660327,59.9555972380608,59.9999931426931,-0.0337913570053203,7.64773444355622e-05,8.4217089438828,1.42346335302039,59.9999949130723,59.9551424140515,60.0002055953456,-0.0337370557107946,0.00355461434620743,8.4217089438828,1.48260570163788,699.11655373899,699.113372964201,700.392391204349,1.26546671410665,156.180710399892,156.18077075031,157.519700168272,1.20545717215091
load_increase_B01_F120,load_increase,12,17,18,3,4,2,0.99507019283339,0.994033724981921,0.99506978189358,-0.000518638348138256,0,0.503752305132118,0.993422297824962,0.992344787805934,0.993421901286815,-0.000558817009151502,0,0.503752305132118,59.9999938740924,59.9555946281485,59.9999931528418,-0.0337887316351484,-0.00084320263381744,8.4217089438828,1.42346335302039,59.9999944662808,59.9553402983071,59.9999937866105,-0.0337623995969025,-0.000668570597658816,7.41256454370498,1.42346335302039,699.11655373899,699.113372964201,700.392391204349,1.26546671410665,156.180710399892,156.18077075031,157.519700168272,1.20545717215091
load_increase_B01_F120,load_increase,13,8,26,3,10,2,0.954598516570043,0.953586830716256,0.954598142528851,-0.000561530019761225,0,0.503752305132118,1.01926696898686,1.01827338746737,1.0192665756457,-0.000433275391260368,0,0.542174254955981,59.9999938740924,59.9555946281485,59.9999931528418,-0.0337887316351484,-0.00084320263381744,8.4217089438828,1.42346335302039,59.9999918043979,59.9553563330925,59.9999905544695,-0.0338913851786984,-0.0177498785450676,7.94942644429054,1.33803055041214,699.11655373899,699.113372964201,700.392391204349,1.26546671410665,156.180710399892,156.18077075031,157.519700168272,1.20545717215091
load_increase_B01_F120,load_increase,14,1,39,4,10,2,1.02689638912936,1.02430709173487,1.02689613197341,-0.00234096506175119,0,0.542174254955981,1.03000013409431,1.02945111883947,1.03000005001758,-0.000472773615397992,0,0.542174254955981,59.9999944662808,59.9553402983071,59.9999937866105,-0.0337623995969025,-0.000668570597658816,7.41256454370498,1.42346335302039,59.9999918043979,59.9553563330925,59.9999905544695,-0.0338913851786984,-0.0177498785450676,7.94942644429054,1.33803055041214,699.11655373899,699.113372964201,700.392391204349,1.26546671410665,156.180710399892,156.18077075031,157.519700168272,1.20545717215091
load_increase_B01_F120,load_increase,15,20,23,5,10,2,0.987464538640993,0.986496053280155,0.987535340099262,-0.000389589949259861,0,0.503752305132118,1.02167685351485,1.02085750977744,1.02168395958538,-0.00037773369411398,0,0.542174254955981,59.9999949130723,59.9551424140515,60.0002055953456,-0.0337370557107946,0.00355461434620743,8.4217089438828,1.48260570163788,59.9999918043979,59.9553563330925,59.9999905544695,-0.0338913851786984,-0.0177498785450676,7.94942644429054,1.33803055041214,699.11655373899,699.113372964201,700.392391204349,1.26546671410665,156.180710399892,156.18077075031,157.519700168272,1.20545717215091
load_increase_B01_F120,load_increase,16,10,33,7,9,2,0.965720649152829,0.964738881136058,0.965720272081748,-0.00046655800860429,0,0.503752305132118,0.997200971921189,0.996371759611543,0.997350533914151,-0.000214764576774051,0,0.503752305132118,59.9999944671441,59.9552834945174,59.9999939609786,-0.0337657760066392,-0.00100454149536276,7.41256454370498,1.42346335302039,59.9999948530335,59.9553622956053,59.9999951972827,-0.0337665249083585,0.000621149908285011,7.34872917781643,1.42346335302039,699.11655373899,699.113372964201,700.392391204349,1.26546671410665,156.180710399892,156.18077075031,157.519700168272,1.20545717215091
load_increase_B01_F120,load_increase,17,3,32,1,3,3,0.994475020133488,0.993341207336408,0.99447465088492,-0.000610974615253834,0,0.503752305132118,0.984100548431793,0.983249463244796,0.98410020178925,-0.000288047111435819,0,0.465330355308256,59.9999934559826,59.9556561504001,59.9999929154556,-0.0338017407583706,-0.0425762317266419,8.34273190878342,1.33803055041214,59.9999938740924,59.9555946281485,59.9999931528418,-0.0337887316351484,-0.00084320263381744,8.4217089438828,1.42346335302039,672.46804441793,672.468208792161,675.038773085962,1.87141072401778,138.262054035867,138.262231281765,139.484271098047,1.1572574866176
load_increase_B01_F120,load_increase,18,23,38,1,8,3,1.02167685351485,1.02085750977744,1.02168395958538,-0.00037773369411398,0,0.542174254955981,1.02650112277428,1.02566375355486,1.0266418976331,-0.000219602881226466,0,0.580596204779843,59.9999934559826,59.9556561504001,59.9999929154556,-0.0338017407583706,-0.0425762317266419,8.34273190878342,1.33803055041214,59.9999936918416,59.9556769492911,59.9999929808452,-0.0337971968374475,-0.0186851919355069,8.34273190878342,1.33803055041214,672.46804441793,672.468208792161,675.038773085962,1.87141072401778,138.262054035867,138.262231281765,139.484271098047,1.1572574866176
load_increase_B01_F120,load_increase,19,13,18,2,6,3,0.964270739573376,0.963282432284912,0.964270361507435,-0.000477262517563859,0,0.503752305132118,0.993422297824962,0.992344787805934,0.993421901286815,-0.000558817009151502,0,0.503752305132118,59.9999937660327,59.9555972380608,59.9999931426931,-0.0337913570053203,7.64773444355622e-05,8.4217089438828,1.42346335302039,59.9999943494354,59.9552530219287,59.9999953688249,-0.033764844818954,0.000567989210452127,7.41256454370498,1.42346335302039,672.46804441793,672.468208792161,675.038773085962,1.87141072401778,138.262054035867,138.262231281765,139.484271098047,1.1572574866176
load_increase_B01_F120,load_increase,20,5,29,3,5,3,0.958759400236745,0.957736355164335,0.958759018711514,-0.000529411395868484,0,0.503752305132118,1.02109303516246,1.02016031536845,1.02113146984244,-0.000338326237967701,0,0.580596204779843,59.9999938740924,59.9555946281485,59.9999931528418,-0.0337887316351484,-0.00084320263381744,8.4217089438828,1.42346335302039,59.9999949130723,59.9551424140515,60.0002055953456,-0.0337370557107946,0.00355461434620743,8.4217089438828,1.48260570163788,672.46804441793,672.468208792161,675.038773085962,1.87141072401778,138.262054035867,138.262231281765,139.484271098047,1.1572574866176
load_increase_B01_F120,load_increase,21,28,38,3,10,3,1.01980319076653,1.01884307001604,1.01980273929526,-0.000375789882820721,0,0.580596204779843,1.02650112277428,1.02566375355486,1.0266418976331,-0.000219602881226466,0,0.580596204779843,59.9999938740924,59.9555946281485,59.9999931528418,-0.0337887316351484,-0.00084320263381744,8.4217089438828,1.42346335302039,59.9999918043979,59.9553563330925,59.9999905544695,-0.0338913851786984,-0.0177498785450676,7.94942644429054,1.33803055041214,672.46804441793,672.468208792161,675.038773085962,1.87141072401778,138.262054035867,138.262231281765,139.484271098047,1.1572574866176
load_increase_B01_F120,load_increase,22,15,34,4,10,3,0.973079105652974,0.972090234321206,0.973078694472808,-0.000487903184211214,0,0.503752305132118,1.01230116063239,1.01129490837379,1.01239484827448,-0.000407754339126987,0,0.503752305132118,59.9999944662808,59.9553402983071,59.9999937866105,-0.0337623995969025,-0.000668570597658816,7.41256454370498,1.42346335302039,59.9999918043979,59.9553563330925,59.9999905544695,-0.0338913851786984,-0.0177498785450676,7.94942644429054,1.33803055041214,672.46804441793,672.468208792161,675.038773085962,1.87141072401778,138.262054035867,138.262231281765,139.484271098047,1.1572574866176
load_increase_B01_F120,load_increase,23,7,29,6,7,3,0.953428494064471,0.952413864201054,0.953428116387122,-0.000548428211681773,0,0.503752305132118,1.02109303516246,1.02016031536845,1.02113146984244,-0.000338326237967701,0,0.580596204779843,59.9999943494354,59.9552530219287,59.9999953688249,-0.033764844818954,0.000567989210452127,7.41256454370498,1.42346335302039,59.9999944671441,59.9552834945174,59.9999939609786,-0.0337657760066392,-0.00100454149536276,7.41256454370498,1.42346335302039,672.46804441793,672.468208792161,675.038773085962,1.87141072401778,138.262054035867,138.262231281765,139.484271098047,1.1572574866176
load_increase_B01_F120,load_increase,24,1,11,7,10,3,1.02689638912936,1.02430709173487,1.02689613197341,-0.00234096506175119,0,0.542174254955981,0.96248990465261,0.961492980573721,0.962489524218583,-0.000486980505391088,0,0.503752305132118,59.9999944671441,59.9552834945174,59.9999939609786,-0.0337657760066392,-0.00100454149536276,7.41256454370498,1.42346335302039,59.9999918043979,59.9553563330925,59.9999905544695,-0.0338913851786984,-0.0177498785450676,7.94942644429054,1.33803055041214,672.46804441793,672.468208792161,675.038773085962,1.87141072401778,138.262054035867,138.262231281765,139.484271098047,1.1572574866176
load_increase_B01_F120,load_increase,25,18,34,1,3,4,0.993422297824962,0.992344787805934,0.993421901286815,-0.000558817009151502,0,0.503752305132118,1.01230116063239,1.01129490837379,1.01239484827448,-0.000407754339126987,0,0.503752305132118,59.9999934559826,59.9556561504001,59.9999929154556,-0.0338017407583706,-0.0425762317266419,8.34273190878342,1.33803055041214,59.9999938740924,59.9555946281485,59.9999931528418,-0.0337887316351484,-0.00084320263381744,8.4217089438828,1.42346335302039,653.081286728971,653.081399449671,654.26766157776,1.14509035675508,44.6481487675236,44.648332965707,45.8901735274905,1.12878396948653
load_increase_B01_F120,load_increase,26,9,34,1,9,4,1.02020766358892,1.01937563101737,1.02020741569325,-0.000604689869937447,0,0.503752305132118,1.01230116063239,1.01129490837379,1.01239484827448,-0.000407754339126987,0,0.503752305132118,59.9999934559826,59.9556561504001,59.9999929154556,-0.0338017407583706,-0.0425762317266419,8.34273190878342,1.33803055041214,59.9999948530335,59.9553622956053,59.9999951972827,-0.0337665249083585,0.000621149908285011,7.34872917781643,1.42346335302039,653.081286728971,653.081399449671,654.26766157776,1.14509035675508,44.6481487675236,44.648332965707,45.8901735274905,1.12878396948653
load_increase_B01_F120,load_increase,27,3,4,2,7,4,0.994475020133488,0.993341207336408,0.99447465088492,-0.000610974615253834,0,0.503752305132118,0.960053104706681,0.959017501122325,0.96005272883502,-0.000536405765088288,0,0.503752305132118,59.9999937660327,59.9555972380608,59.9999931426931,-0.0337913570053203,7.64773444355622e-05,8.4217089438828,1.42346335302039,59.9999944671441,59.9552834945174,59.9999939609786,-0.0337657760066392,-0.00100454149536276,7.41256454370498,1.42346335302039,653.081286728971,653.081399449671,654.26766157776,1.14509035675508,44.6481487675236,44.648332965707,45.8901735274905,1.12878396948653
load_increase_B01_F120,load_increase,28,22,26,3,5,4,1.0229600920912,1.02213341269594,1.02296215409338,-0.000372579244066307,0,0.542174254955981,1.01926696898686,1.01827338746737,1.0192665756457,-0.000433275391260368,0,0.542174254955981,59.9999938740924,59.9555946281485,59.9999931528418,-0.0337887316351484,-0.00084320263381744,8.4217089438828,1.42346335302039,59.9999949130723,59.9551424140515,60.0002055953456,-0.0337370557107946,0.00355461434620743,8.4217089438828,1.48260570163788,653.081286728971,653.081399449671,654.26766157776,1.14509035675508,44.6481487675236,44.648332965707,45.8901735274905,1.12878396948653
load_increase_B01_F120,load_increase,29,12,15,4,5,4,0.945223588050834,0.944249694515808,0.945223215958439,-0.000473019829176913,0,0.503752305132118,0.973079105652974,0.972090234321206,0.973078694472808,-0.000487903184211214,0,0.503752305132118,59.9999944662808,59.9553402983071,59.9999937866105,-0.0337623995969025,-0.000668570597658816,7.41256454370498,1.42346335302039,59.9999949130723,59.9551424140515,60.0002055953456,-0.0337370557107946,0.00355461434620743,8.4217089438828,1.48260570163788,653.081286728971,653.081399449671,654.26766157776,1.14509035675508,44.6481487675236,44.648332965707,45.8901735274905,1.12878396948653
load_increase_B01_F120,load_increase,30,4,34,5,6,4,0.960053104706681,0.959017501122325,0.96005272883502,-0.000536405765088288,0,0.503752305132118,1.01230116063239,1.01129490837379,1.01239484827448,-0.000407754339126987,0,0.503752305132118,59.9999949130723,59.9551424140515,60.0002055953456,-0.0337370557107946,0.00355461434620743,8.4217089438828,1.48260570163788,59.9999943494354,59.9552530219287,59.9999953688249,-0.033764844818954,0.000567989210452127,7.41256454370498,1.42346335302039,653.081286728971,653.081399449671,654.26766157776,1.14509035675508,44.6481487675236,44.648332965707,45.8901735274905,1.12878396948653
load_increase_B01_F120,load_increase,31,26,33,6,7,4,1.01926696898686,1.01827338746737,1.0192665756457,-0.000433275391260368,0,0.542174254955981,0.997200971921189,0.996371759611543,0.997350533914151,-0.000214764576774051,0,0.503752305132118,59.9999943494354,59.9552530219287,59.9999953688249,-0.033764844818954,0.000567989210452127,7.41256454370498,1.42346335302039,59.9999944671441,59.9552834945174,59.9999939609786,-0.0337657760066392,-0.00100454149536276,7.41256454370498,1.42346335302039,653.081286728971,653.081399449671,654.26766157776,1.14509035675508,44.6481487675236,44.648332965707,45.8901735274905,1.12878396948653
load_increase_B01_F120,load_increase,32,14,30,7,10,4,0.965188010297433,0.964179612044313,0.965187625896465,-0.000503990325118164,0,0.503752305132118,1.04990040987001,1.04908547363762,1.04990017057094,-0.00016670471672664,0,0.503752305132118,59.9999944671441,59.9552834945174,59.9999939609786,-0.0337657760066392,-0.00100454149536276,7.41256454370498,1.42346335302039,59.9999918043979,59.9553563330925,59.9999905544695,-0.0338913851786984,-0.0177498785450676,7.94942644429054,1.33803055041214,653.081286728971,653.081399449671,654.26766157776,1.14509035675508,44.6481487675236,44.648332965707,45.8901735274905,1.12878396948653
load_increase_B01_F120,load_increase,33,6,33,1,4,5,0.959595788849726,0.9585758126081,0.959595405388814,-0.000517060347377529,0,0.503752305132118,0.997200971921189,0.996371759611543,0.997350533914151,-0.000214764576774051,0,0.503752305132118,59.9999934559826,59.9556561504001,59.9999929154556,-0.0338017407583706,-0.0425762317266419,8.34273190878342,1.33803055041214,59.9999944662808,59.9553402983071,59.9999937866105,-0.0337623995969025,-0.000668570597658816,7.41256454370498,1.42346335302039,517.000719945857,516.877538252588,518.295432969445,1.26326967218154,137.308688158259,137.037542105122,137.466170420412,-0.0855565533497895
load_increase_B01_F120,load_increase,34,33,36,1,9,5,0.997200971921189,0.996371759611543,0.997350533914151,-0.000214764576774051,0,0.503752305132118,1.0636010753349,1.06297887432411,1.06370787038962,-0.000226167683833101,0,0.542174254955981,59.9999934559826,59.9556561504001,59.9999929154556,-0.0338017407583706,-0.0425762317266419,8.34273190878342,1.33803055041214,59.9999948530335,59.9553622956053,59.9999951972827,-0.0337665249083585,0.000621149908285011,7.34872917781643,1.42346335302039,517.000719945857,516.877538252588,518.295432969445,1.26326967218154,137.308688158259,137.037542105122,137.466170420412,-0.0855565533497895
load_increase_B01_F120,load_increase,35,17,27,2,7,5,0.99507019283339,0.994033724981921,0.99506978189358,-0.000518638348138256,0,0.503752305132118,1.0020543707611,1.00104986823733,1.00205397218291,-0.000466682711666833,0,0.542174254955981,59.9999937660327,59.9555972380608,59.9999931426931,-0.0337913570053203,7.64773444355622e-05,8.4217089438828,1.42346335302039,59.9999944671441,59.9552834945174,59.9999939609786,-0.0337657760066392,-0.00100454149536276,7.41256454370498,1.42346335302039,517.000719945857,516.877538252588,518.295432969445,1.26326967218154,137.308688158259,137.037542105122,137.466170420412,-0.0855565533497895
load_increase_B01_F120,load_increase,36,8,36,3,6,5,0.954598516570043,0.953586830716256,0.954598142528851,-0.000561530019761225,0,0.503752305132118,1.0636010753349,1.06297887432411,1.06370787038962,-0.000226167683833101,0,0.542174254955981,59.9999938740924,59.9555946281485,59.9999931528418,-0.0337887316351484,-0.00084320263381744,8.4217089438828,1.42346335302039,59.9999943494354,59.9552530219287,59.9999953688249,-0.033764844818954,0.000567989210452127,7.41256454370498,1.42346335302039,517.000719945857,516.877538252588,518.295432969445,1.26326967218154,137.308688158259,137.037542105122,137.466170420412,-0.0855565533497895
load_increase_B01_F120,load_increase,37,2,11,4,6,5,1.02001684293784,1.01872085851708,1.02001650365959,-0.000754307750125527,0,0.503752305132118,0.96248990465261,0.961492980573721,0.962489524218583,-0.000486980505391088,0,0.503752305132118,59.9999944662808,59.9553402983071,59.9999937866105,-0.0337623995969025,-0.000668570597658816,7.41256454370498,1.42346335302039,59.9999943494354,59.9552530219287,59.9999953688249,-0.033764844818954,0.000567989210452127,7.41256454370498,1.42346335302039,517.000719945857,516.877538252588,518.295432969445,1.26326967218154,137.308688158259,137.037542105122,137.466170420412,-0.0855565533497895
load_increase_B01_F120,load_increase,38,20,32,5,6,5,0.987464538640993,0.986496053280155,0.987535340099262,-0.000389589949259861,0,0.503752305132118,0.984100548431793,0.983249463244796,0.98410020178925,-0.000288047111435819,0,0.465330355308256,59.9999949130723,59.9551424140515,60.0002055953456,-0.0337370557107946,0.00355461434620743,8.4217089438828,1.48260570163788,59.9999943494354,59.9552530219287,59.9999953688249,-0.033764844818954,0.000567989210452127,7.41256454370498,1.42346335302039,517.000719945857,516.877538252588,518.295432969445,1.26326967218154,137.308688158259,137.037542105122,137.466170420412,-0.0855565533497895
load_increase_B01_F120,load_increase,39,11,14,6,8,5,0.96248990465261,0.961492980573721,0.962489524218583,-0.000486980505391088,0,0.503752305132118,0.965188010297433,0.964179612044313,0.965187625896465,-0.000503990325118164,0,0.503752305132118,59.9999943494354,59.9552530219287,59.9999953688249,-0.033764844818954,0.000567989210452127,7.41256454370498,1.42346335302039,59.9999936918416,59.9556769492911,59.9999929808452,-0.0337971968374475,-0.0186851919355069,8.34273190878342,1.33803055041214,517.000719945857,516.877538252588,518.295432969445,1.26326967218154,137.308688158259,137.037542105122,137.466170420412,-0.0855565533497895
load_increase_B01_F120,load_increase,40,4,6,8,9,5,0.960053104706681,0.959017501122325,0.96005272883502,-0.000536405765088288,0,0.503752305132118,0.959595788849726,0.9585758126081,0.959595405388814,-0.000517060347377529,0,0.503752305132118,59.9999936918416,59.9556769492911,59.9999929808452,-0.0337971968374475,-0.0186851919355069,8.34273190878342,1.33803055041214,59.9999948530335,59.9553622956053,59.9999951972827,-0.0337665249083585,0.000621149908285011,7.34872917781643,1.42346335302039,517.000719945857,516.877538252588,518.295432969445,1.26326967218154,137.308688158259,137.037542105122,137.466170420412,-0.0855565533497895
load_increase_B01_F120,load_increase,41,24,32,1,4,6,0.999264074901395,0.998284960548409,0.999263645090658,-0.000481822892745454,0,0.542174254955981,0.984100548431793,0.983249463244796,0.98410020178925,-0.000288047111435819,0,0.465330355308256,59.9999934559826,59.9556561504001,59.9999929154556,-0.0338017407583706,-0.0425762317266419,8.34273190878342,1.33803055041214,59.9999944662808,59.9553402983071,59.9999937866105,-0.0337623995969025,-0.000668570597658816,7.41256454370498,1.42346335302039,646.129526212919,646.103272459095,648.789857853259,1.87131707959657,221.895491666939,221.895634079564,222.942844336622,1.01058662588596
load_increase_B01_F120,load_increase,42,13,27,1,10,6,0.964270739573376,0.963282432284912,0.964270361507435,-0.000477262517563859,0,0.503752305132118,1.0020543707611,1.00104986823733,1.00205397218291,-0.000466682711666833,0,0.542174254955981,59.9999934559826,59.9556561504001,59.9999929154556,-0.0338017407583706,-0.0425762317266419,8.34273190878342,1.33803055041214,59.9999918043979,59.9553563330925,59.9999905544695,-0.0338913851786984,-0.0177498785450676,7.94942644429054,1.33803055041214,646.129526212919,646.103272459095,648.789857853259,1.87131707959657,221.895491666939,221.895634079564,222.942844336622,1.01058662588596
load_increase_B01_F120,load_increase,43,5,38,2,8,6,0.958759400236745,0.957736355164335,0.958759018711514,-0.000529411395868484,0,0.503752305132118,1.02650112277428,1.02566375355486,1.0266418976331,-0.000219602881226466,0,0.580596204779843,59.9999937660327,59.9555972380608,59.9999931426931,-0.0337913570053203,7.64773444355622e-05,8.4217089438828,1.42346335302039,59.9999936918416,59.9556769492911,59.9999929808452,-0.0337971968374475,-0.0186851919355069,8.34273190878342,1.33803055041214,646.129526212919,646.103272459095,648.789857853259,1.87131707959657,221.895491666939,221.895634079564,222.942844336622,1.01058662588596
load_increase_B01_F120,load_increase,44,29,38,3,6,6,1.02109303516246,1.02016031536845,1.02113146984244,-0.000338326237967701,0,0.580596204779843,1.02650112277428,1.02566375355486,1.0266418976331,-0.000219602881226466,0,0.580596204779843,59.9999938740924,59.9555946281485,59.9999931528418,-0.0337887316351484,-0.00084320263381744,8.4217089438828,1.42346335302039,59.9999943494354,59.9552530219287,59.9999953688249,-0.033764844818954,0.000567989210452127,7.41256454370498,1.42346335302039,646.129526212919,646.103272459095,648.789857853259,1.87131707959657,221.895491666939,221.895634079564,222.942844336622,1.01058662588596
load_increase_B01_F120,load_increase,45,16,20,4,6,6,0.991037366929576,0.990046438183181,0.991036940258187,-0.000483900948480942,0,0.503752305132118,0.987464538640993,0.986496053280155,0.987535340099262,-0.000389589949259861,0,0.503752305132118,59.9999944662808,59.9553402983071,59.9999937866105,-0.0337623995969025,-0.000668570597658816,7.41256454370498,1.42346335302039,59.9999943494354,59.9552530219287,59.9999953688249,-0.033764844818954,0.000567989210452127,7.41256454370498,1.42346335302039,646.129526212919,646.103272459095,648.789857853259,1.87131707959657,221.895491666939,221.895634079564,222.942844336622,1.01058662588596
load_increase_B01_F120,load_increase,46,7,38,5,7,6,0.953428494064471,0.952413864201054,0.953428116387122,-0.000548428211681773,0,0.503752305132118,1.02650112277428,1.02566375355486,1.0266418976331,-0.000219602881226466,0,0.580596204779843,59.9999949130723,59.9551424140515,60.0002055953456,-0.0337370557107946,0.00355461434620743,8.4217089438828,1.48260570163788,59.9999944671441,59.9552834945174,59.9999939609786,-0.0337657760066392,-0.00100454149536276,7.41256454370498,1.42346335302039,646.129526212919,646.103272459095,648.789857853259,1.87131707959657,221.895491666939,221.895634079564,222.942844336622,1.01058662588596
load_increase_B01_F120,load_increase,47,1,20,6,9,6,1.02689638912936,1.02430709173487,1.02689613197341,-0.00234096506175119,0,0.542174254955981,0.987464538640993,0.986496053280155,0.987535340099262,-0.000389589949259861,0,0.503752305132118,59.9999943494354,59.9552530219287,59.9999953688249,-0.033764844818954,0.000567989210452127,7.41256454370498,1.42346335302039,59.9999948530335,59.9553622956053,59.9999951972827,-0.0337665249083585,0.000621149908285011,7.34872917781643,1.42346335302039,646.129526212919,646.103272459095,648.789857853259,1.87131707959657,221.895491666939,221.895634079564,222.942844336622,1.01058662588596
load_increase_B01_F120,load_increase,48,19,23,8,9,6,0.990604210848697,0.989660781158663,0.990662376571104,-0.000367831907762128,0,0.503752305132118,1.02167685351485,1.02085750977744,1.02168395958538,-0.00037773369411398,0,0.542174254955981,59.9999936918416,59.9556769492911,59.9999929808452,-0.0337971968374475,-0.0186851919355069,8.34273190878342,1.33803055041214,59.9999948530335,59.9553622956053,59.9999951972827,-0.0337665249083585,0.000621149908285011,7.34872917781643,1.42346335302039,646.129526212919,646.103272459095,648.789857853259,1.87131707959657,221.895491666939,221.895634079564,222.942844336622,1.01058662588596
load_increase_B01_F120,load_increase,49,10,14,1,5,7,0.965720649152829,0.964738881136058,0.965720272081748,-0.00046655800860429,0,0.503752305132118,0.965188010297433,0.964179612044313,0.965187625896465,-0.000503990325118164,0,0.503752305132118,59.9999934559826,59.9556561504001,59.9999929154556,-0.0338017407583706,-0.0425762317266419,8.34273190878342,1.33803055041214,59.9999949130723,59.9551424140515,60.0002055953456,-0.0337370557107946,0.00355461434620743,8.4217089438828,1.48260570163788,525.642776165619,525.643092250139,527.228746064396,1.54425453260035,188.546381008994,188.546577690938,189.509074494897,0.751624947856811
load_increase_B01_F120,load_increase,50,3,13,2,3,7,0.994475020133488,0.993341207336408,0.99447465088492,-0.000610974615253834,0,0.503752305132118,0.964270739573376,0.963282432284912,0.964270361507435,-0.000477262517563859,0,0.503752305132118,59.9999937660327,59.9555972380608,59.9999931426931,-0.0337913570053203,7.64773444355622e-05,8.4217089438828,1.42346335302039,59.9999938740924,59.9555946281485,59.9999931528418,-0.0337887316351484,-0.00084320263381744,8.4217089438828,1.42346335302039,525.642776165619,525.643092250139,527.228746064396,1.54425453260035,188.546381008994,188.546577690938,189.509074494897,0.751624947856811
load_increase_B01_F120,load_increase,51,22,35,2,8,7,1.0229600920912,1.02213341269594,1.02296215409338,-0.000372579244066307,0,0.542174254955981,1.04940121508332,1.04868844252001,1.04945819848998,-0.000252851166514301,0,0.542174254955981,59.9999937660327,59.9555972380608,59.9999931426931,-0.0337913570053203,7.64773444355622e-05,8.4217089438828,1.42346335302039,59.9999936918416,59.9556769492911,59.9999929808452,-0.0337971968374475,-0.0186851919355069,8.34273190878342,1.33803055041214,525.642776165619,525.643092250139,527.228746064396,1.54425453260035,188.546381008994,188.546577690938,189.509074494897,0.751624947856811
load_increase_B01_F120,load_increase,52,12,25,3,7,7,0.945223588050834,0.944249694515808,0.945223215958439,-0.000473019829176913,0,0.503752305132118,1.02838004290673,1.02740431022725,1.02837976212162,-0.000409211894088157,0,0.503752305132118,59.9999938740924,59.9555946281485,59.9999931528418,-0.0337887316351484,-0.00084320263381744,8.4217089438828,1.42346335302039,59.9999944671441,59.9552834945174,59.9999939609786,-0.0337657760066392,-0.00100454149536276,7.41256454370498,1.42346335302039,525.642776165619,525.643092250139,527.228746064396,1.54425453260035,188.546381008994,188.546577690938,189.509074494897,0.751624947856811
load_increase_B01_F120,load_increase,53,5,9,4,7,7,0.958759400236745,0.957736355164335,0.958759018711514,-0.000529411395868484,0,0.503752305132118,1.02020766358892,1.01937563101737,1.02020741569325,-0.000604689869937447,0,0.503752305132118,59.9999944662808,59.9553402983071,59.9999937866105,-0.0337623995969025,-0.000668570597658816,7.41256454370498,1.42346335302039,59.9999944671441,59.9552834945174,59.9999939609786,-0.0337657760066392,-0.00100454149536276,7.41256454370498,1.42346335302039,525.642776165619,525.643092250139,527.228746064396,1.54425453260035,188.546381008994,188.546577690938,189.509074494897,0.751624947856811
load_increase_B01_F120,load_increase,54,27,30,5,7,7,1.0020543707611,1.00104986823733,1.00205397218291,-0.000466682711666833,0,0.542174254955981,1.04990040987001,1.04908547363762,1.04990017057094,-0.00016670471672664,0,0.503752305132118,59.9999949130723,59.9551424140515,60.0002055953456,-0.0337370557107946,0.00355461434620743,8.4217089438828,1.48260570163788,59.9999944671441,59.9552834945174,59.9999939609786,-0.0337657760066392,-0.00100454149536276,7.41256454370498,1.42346335302039,525.642776165619,525.643092250139,527.228746064396,1.54425453260035,188.546381008994,188.546577690938,189.509074494897,0.751624947856811
load_increase_B01_F120,load_increase,55,14,39,6,9,7,0.965188010297433,0.964179612044313,0.965187625896465,-0.000503990325118164,0,0.503752305132118,1.03000013409431,1.02945111883947,1.03000005001758,-0.000472773615397992,0,0.542174254955981,59.9999943494354,59.9552530219287,59.9999953688249,-0.033764844818954,0.000567989210452127,7.41256454370498,1.42346335302039,59.9999948530335,59.9553622956053,59.9999951972827,-0.0337665249083585,0.000621149908285011,7.34872917781643,1.42346335302039,525.642776165619,525.643092250139,527.228746064396,1.54425453260035,188.546381008994,188.546577690938,189.509074494897,0.751624947856811
load_increase_B01_F120,load_increase,56,7,10,8,10,7,0.953428494064471,0.952413864201054,0.953428116387122,-0.000548428211681773,0,0.503752305132118,0.965720649152829,0.964738881136058,0.965720272081748,-0.00046655800860429,0,0.503752305132118,59.9999936918416,59.9556769492911,59.9999929808452,-0.0337971968374475,-0.0186851919355069,8.34273190878342,1.33803055041214,59.9999918043979,59.9553563330925,59.9999905544695,-0.0338913851786984,-0.0177498785450676,7.94942644429054,1.33803055041214,525.642776165619,525.643092250139,527.228746064396,1.54425453260035,188.546381008994,188.546577690938,189.509074494897,0.751624947856811
load_increase_B01_F120,load_increase,57,35,36,1,5,8,1.04940121508332,1.04868844252001,1.04945819848998,-0.000252851166514301,0,0.542174254955981,1.0636010753349,1.06297887432411,1.06370787038962,-0.000226167683833101,0,0.542174254955981,59.9999934559826,59.9556561504001,59.9999929154556,-0.0338017407583706,-0.0425762317266419,8.34273190878342,1.33803055041214,59.9999949130723,59.9551424140515,60.0002055953456,-0.0337370557107946,0.00355461434620743,8.4217089438828,1.48260570163788,535.98704469732,535.836471222645,537.095098808448,1.10186361991805,13.8483715662576,13.8484934426564,15.0588207158061,0.988293450234389
load_increase_B01_F120,load_increase,58,17,36,2,3,8,0.99507019283339,0.994033724981921,0.99506978189358,-0.000518638348138256,0,0.503752305132118,1.0636010753349,1.06297887432411,1.06370787038962,-0.000226167683833101,0,0.542174254955981,59.9999937660327,59.9555972380608,59.9999931426931,-0.0337913570053203,7.64773444355622e-05,8.4217089438828,1.42346335302039,59.9999938740924,59.9555946281485,59.9999931528418,-0.0337887316351484,-0.00084320263381744,8.4217089438828,1.42346335302039,535.98704469732,535.836471222645,537.095098808448,1.10186361991805,13.8483715662576,13.8484934426564,15.0588207158061,0.988293450234389
load_increase_B01_F120,load_increase,59,9,15,2,9,8,1.02020766358892,1.01937563101737,1.02020741569325,-0.000604689869937447,0,0.503752305132118,0.973079105652974,0.972090234321206,0.973078694472808,-0.000487903184211214,0,0.503752305132118,59.9999937660327,59.9555972380608,59.9999931426931,-0.0337913570053203,7.64773444355622e-05,8.4217089438828,1.42346335302039,59.9999948530335,59.9553622956053,59.9999951972827,-0.0337665249083585,0.000621149908285011,7.34872917781643,1.42346335302039,535.98704469732,535.836471222645,537.095098808448,1.10186361991805,13.8483715662576,13.8484934426564,15.0588207158061,0.988293450234389
load_increase_B01_F120,load_increase,60,2,21,3,8,8,1.02001684293784,1.01872085851708,1.02001650365959,-0.000754307750125527,0,0.503752305132118,0.997579594018811,0.996660769857632,0.99757917147838,-0.000445953594942261,0,0.542174254955981,59.9999938740924,59.9555946281485,59.9999931528418,-0.0337887316351484,-0.00084320263381744,8.4217089438828,1.42346335302039,59.9999936918416,59.9556769492911,59.9999929808452,-0.0337971968374475,-0.0186851919355069,8.34273190878342,1.33803055041214,535.98704469732,535.836471222645,537.095098808448,1.10186361991805,13.8483715662576,13.8484934426564,15.0588207158061,0.988293450234389
load_increase_B01_F120,load_increase,61,21,23,4,7,8,0.997579594018811,0.996660769857632,0.99757917147838,-0.000445953594942261,0,0.542174254955981,1.02167685351485,1.02085750977744,1.02168395958538,-0.00037773369411398,0,0.542174254955981,59.9999944662808,59.9553402983071,59.9999937866105,-0.0337623995969025,-0.000668570597658816,7.41256454370498,1.42346335302039,59.9999944671441,59.9552834945174,59.9999939609786,-0.0337657760066392,-0.00100454149536276,7.41256454370498,1.42346335302039,535.98704469732,535.836471222645,537.095098808448,1.10186361991805,13.8483715662576,13.8484934426564,15.0588207158061,0.988293450234389
load_increase_B01_F120,load_increase,62,11,23,5,8,8,0.96248990465261,0.961492980573721,0.962489524218583,-0.000486980505391088,0,0.503752305132118,1.02167685351485,1.02085750977744,1.02168395958538,-0.00037773369411398,0,0.542174254955981,59.9999949130723,59.9551424140515,60.0002055953456,-0.0337370557107946,0.00355461434620743,8.4217089438828,1.48260570163788,59.9999936918416,59.9556769492911,59.9999929808452,-0.0337971968374475,-0.0186851919355069,8.34273190878342,1.33803055041214,535.98704469732,535.836471222645,537.095098808448,1.10186361991805,13.8483715662576,13.8484934426564,15.0588207158061,0.988293450234389
load_increase_B01_F120,load_increase,63,4,15,6,10,8,0.960053104706681,0.959017501122325,0.96005272883502,-0.000536405765088288,0,0.503752305132118,0.973079105652974,0.972090234321206,0.973078694472808,-0.000487903184211214,0,0.503752305132118,59.9999943494354,59.9552530219287,59.9999953688249,-0.033764844818954,0.000567989210452127,7.41256454370498,1.42346335302039,59.9999918043979,59.9553563330925,59.9999905544695,-0.0338913851786984,-0.0177498785450676,7.94942644429054,1.33803055041214,535.98704469732,535.836471222645,537.095098808448,1.10186361991805,13.8483715662576,13.8484934426564,15.0588207158061,0.988293450234389
load_increase_B01_F120,load_increase,64,25,27,8,10,8,1.02838004290673,1.02740431022725,1.02837976212162,-0.000409211894088157,0,0.503752305132118,1.0020543707611,1.00104986823733,1.00205397218291,-0.000466682711666833,0,0.542174254955981,59.9999936918416,59.9556769492911,59.9999929808452,-0.0337971968374475,-0.0186851919355069,8.34273190878342,1.33803055041214,59.9999918043979,59.9553563330925,59.9999905544695,-0.0338913851786984,-0.0177498785450676,7.94942644429054,1.33803055041214,535.98704469732,535.836471222645,537.095098808448,1.10186361991805,13.8483715662576,13.8484934426564,15.0588207158061,0.988293450234389
load_increase_B01_F120,load_increase,65,13,36,1,6,9,0.964270739573376,0.963282432284912,0.964270361507435,-0.000477262517563859,0,0.503752305132118,1.0636010753349,1.06297887432411,1.06370787038962,-0.000226167683833101,0,0.542174254955981,59.9999934559826,59.9556561504001,59.9999929154556,-0.0338017407583706,-0.0425762317266419,8.34273190878342,1.33803055041214,59.9999943494354,59.9552530219287,59.9999953688249,-0.033764844818954,0.000567989210452127,7.41256454370498,1.42346335302039,821.976188999109,821.947519465528,824.590047778268,1.87199383383847,43.6266753165716,43.6266901016509,44.6998339050875,0.929651584412476
load_increase_B01_F120,load_increase,66,6,14,2,4,9,0.959595788849726,0.9585758126081,0.959595405388814,-0.000517060347377529,0,0.503752305132118,0.965188010297433,0.964179612044313,0.965187625896465,-0.000503990325118164,0,0.503752305132118,59.9999937660327,59.9555972380608,59.9999931426931,-0.0337913570053203,7.64773444355622e-05,8.4217089438828,1.42346335302039,59.9999944662808,59.9553402983071,59.9999937866105,-0.0337623995969025,-0.000668570597658816,7.41256454370498,1.42346335302039,821.976188999109,821.947519465528,824.590047778268,1.87199383383847,43.6266753165716,43.6266901016509,44.6998339050875,0.929651584412476
load_increase_B01_F120,load_increase,67,30,38,2,9,9,1.04990040987001,1.04908547363762,1.04990017057094,-0.00016670471672664,0,0.503752305132118,1.02650112277428,1.02566375355486,1.0266418976331,-0.000219602881226466,0,0.580596204779843,59.9999937660327,59.9555972380608,59.9999931426931,-0.0337913570053203,7.64773444355622e-05,8.4217089438828,1.42346335302039,59.9999948530335,59.9553622956053,59.9999951972827,-0.0337665249083585,0.000621149908285011,7.34872917781643,1.42346335302039,821.976188999109,821.947519465528,824.590047778268,1.87199383383847,43.6266753165716,43.6266901016509,44.6998339050875,0.929651584412476
load_increase_B01_F120,load_increase,68,16,30,3,8,9,0.991037366929576,0.990046438183181,0.991036940258187,-0.000483900948480942,0,0.503752305132118,1.04990040987001,1.04908547363762,1.04990017057094,-0.00016670471672664,0,0.503752305132118,59.9999938740924,59.9555946281485,59.9999931528418,-0.0337887316351484,-0.00084320263381744,8.4217089438828,1.42346335302039,59.9999936918416,59.9556769492911,59.9999929808452,-0.0337971968374475,-0.0186851919355069,8.34273190878342,1.33803055041214,821.976188999109,821.947519465528,824.590047778268,1.87199383383847,43.6266753165716,43.6266901016509,44.6998339050875,0.929651584412476
load_increase_B01_F120,load_increase,69,8,16,4,8,9,0.954598516570043,0.953586830716256,0.954598142528851,-0.000561530019761225,0,0.503752305132118,0.991037366929576,0.990046438183181,0.991036940258187,-0.000483900948480942,0,0.503752305132118,59.9999944662808,59.9553402983071,59.9999937866105,-0.0337623995969025,-0.000668570597658816,7.41256454370498,1.42346335302039,59.9999936918416,59.9556769492911,59.9999929808452,-0.0337971968374475,-0.0186851919355069,8.34273190878342,1.33803055041214,821.976188999109,821.947519465528,824.590047778268,1.87199383383847,43.6266753165716,43.6266901016509,44.6998339050875,0.929651584412476
load_increase_B01_F120,load_increase,70,1,29,5,9,9,1.02689638912936,1.02430709173487,1.02689613197341,-0.00234096506175119,0,0.542174254955981,1.02109303516246,1.02016031536845,1.02113146984244,-0.000338326237967701,0,0.580596204779843,59.9999949130723,59.9551424140515,60.0002055953456,-0.0337370557107946,0.00355461434620743,8.4217089438828,1.48260570163788,59.9999948530335,59.9553622956053,59.9999951972827,-0.0337665249083585,0.000621149908285011,7.34872917781643,1.42346335302039,821.976188999109,821.947519465528,824.590047778268,1.87199383383847,43.6266753165716,43.6266901016509,44.6998339050875,0.929651584412476
load_increase_B01_F120,load_increase,71,19,32,6,10,9,0.990604210848697,0.989660781158663,0.990662376571104,-0.000367831907762128,0,0.503752305132118,0.984100548431793,0.983249463244796,0.98410020178925,-0.000288047111435819,0,0.465330355308256,59.9999943494354,59.9552530219287,59.9999953688249,-0.033764844818954,0.000567989210452127,7.41256454370498,1.42346335302039,59.9999918043979,59.9553563330925,59.9999905544695,-0.0338913851786984,-0.0177498785450676,7.94942644429054,1.33803055041214,821.976188999109,821.947519465528,824.590047778268,1.87199383383847,43.6266753165716,43.6266901016509,44.6998339050875,0.929651584412476
load_increase_B01_F120,load_increase,72,10,23,9,10,9,0.965720649152829,0.964738881136058,0.965720272081748,-0.00046655800860429,0,0.503752305132118,1.02167685351485,1.02085750977744,1.02168395958538,-0.00037773369411398,0,0.542174254955981,59.9999948530335,59.9553622956053,59.9999951972827,-0.0337665249083585,0.000621149908285011,7.34872917781643,1.42346335302039,59.9999918043979,59.9553563330925,59.9999905544695,-0.0338913851786984,-0.0177498785450676,7.94942644429054,1.33803055041214,821.976188999109,821.947519465528,824.590047778268,1.87199383383847,43.6266753165716,43.6266901016509,44.6998339050875,0.929651584412476
load_increase_B01_F120,load_increase,73,3,22,1,7,10,0.994475020133488,0.993341207336408,0.99447465088492,-0.000610974615253834,0,0.503752305132118,1.0229600920912,1.02213341269594,1.02296215409338,-0.000372579244066307,0,0.542174254955981,59.9999934559826,59.9556561504001,59.9999929154556,-0.0338017407583706,-0.0425762317266419,8.34273190878342,1.33803055041214,59.9999944671441,59.9552834945174,59.9999939609786,-0.0337657760066392,-0.00100454149536276,7.41256454370498,1.42346335302039,950.434923998617,949.336952319256,962.579169632194,1.38422821573954,226.715283095974,226.717022777616,235.889990257937,7.91145010093587
load_increase_B01_F120,load_increase,74,23,28,2,4,10,1.02167685351485,1.02085750977744,1.02168395958538,-0.00037773369411398,0,0.542174254955981,1.01980319076653,1.01884307001604,1.01980273929526,-0.000375789882820721,0,0.580596204779843,59.9999937660327,59.9555972380608,59.9999931426931,-0.0337913570053203,7.64773444355622e-05,8.4217089438828,1.42346335302039,59.9999944662808,59.9553402983071,59.9999937866105,-0.0337623995969025,-0.000668570597658816,7.41256454370498,1.42346335302039,950.434923998617,949.336952319256,962.579169632194,1.38422821573954,226.715283095974,226.717022777616,235.889990257937,7.91145010093587
load_increase_B01_F120,load_increase,75,12,34,2,10,10,0.945223588050834,0.944249694515808,0.945223215958439,-0.000473019829176913,0,0.503752305132118,1.01230116063239,1.01129490837379,1.01239484827448,-0.000407754339126987,0,0.503752305132118,59.9999937660327,59.9555972380608,59.9999931426931,-0.0337913570053203,7.64773444355622e-05,8.4217089438828,1.42346335302039,59.9999918043979,59.9553563330925,59.9999905544695,-0.0338913851786984,-0.0177498785450676,7.94942644429054,1.33803055041214,950.434923998617,949.336952319256,962.579169632194,1.38422821573954,226.715283095974,226.717022777616,235.889990257937,7.91145010093587
load_increase_B01_F120,load_increase,76,5,19,3,9,10,0.958759400236745,0.957736355164335,0.958759018711514,-0.000529411395868484,0,0.503752305132118,0.990604210848697,0.989660781158663,0.990662376571104,-0.000367831907762128,0,0.503752305132118,59.9999938740924,59.9555946281485,59.9999931528418,-0.0337887316351484,-0.00084320263381744,8.4217089438828,1.42346335302039,59.9999948530335,59.9553622956053,59.9999951972827,-0.0337665249083585,0.000621149908285011,7.34872917781643,1.42346335302039,950.434923998617,949.336952319256,962.579169632194,1.38422821573954,226.715283095974,226.717022777616,235.889990257937,7.91145010093587
load_increase_B01_F120,load_increase,77,27,39,4,8,10,1.0020543707611,1.00104986823733,1.00205397218291,-0.000466682711666833,0,0.542174254955981,1.03000013409431,1.02945111883947,1.03000005001758,-0.000472773615397992,0,0.542174254955981,59.9999944662808,59.9553402983071,59.9999937866105,-0.0337623995969025,-0.000668570597658816,7.41256454370498,1.42346335302039,59.9999936918416,59.9556769492911,59.9999929808452,-0.0337971968374475,-0.0186851919355069,8.34273190878342,1.33803055041214,950.434923998617,949.336952319256,962.579169632194,1.38422821573954,226.715283095974,226.717022777616,235.889990257937,7.91145010093587
load_increase_B01_F120,load_increase,78,15,24,5,9,10,0.973079105652974,0.972090234321206,0.973078694472808,-0.000487903184211214,0,0.503752305132118,0.999264074901395,0.998284960548409,0.999263645090658,-0.000481822892745454,0,0.542174254955981,59.9999949130723,59.9551424140515,60.0002055953456,-0.0337370557107946,0.00355461434620743,8.4217089438828,1.48260570163788,59.9999948530335,59.9553622956053,59.9999951972827,-0.0337665249083585,0.000621149908285011,7.34872917781643,1.42346335302039,950.434923998617,949.336952319256,962.579169632194,1.38422821573954,226.715283095974,226.717022777616,235.889990257937,7.91145010093587
load_increase_B01_F120,load_increase,79,7,19,7,8,10,0.953428494064471,0.952413864201054,0.953428116387122,-0.000548428211681773,0,0.503752305132118,0.990604210848697,0.989660781158663,0.990662376571104,-0.000367831907762128,0,0.503752305132118,59.9999944671441,59.9552834945174,59.9999939609786,-0.0337657760066392,-0.00100454149536276,7.41256454370498,1.42346335302039,59.9999936918416,59.9556769492911,59.9999929808452,-0.0337971968374475,-0.0186851919355069,8.34273190878342,1.33803055041214,950.434923998617,949.336952319256,962.579169632194,1.38422821573954,226.715283095974,226.717022777616,235.889990257937,7.91145010093587
load_increase_B01_F120,load_increase,80,38,39,9,10,10,1.02650112277428,1.02566375355486,1.0266418976331,-0.000219602881226466,0,0.580596204779843,1.03000013409431,1.02945111883947,1.03000005001758,-0.000472773615397992,0,0.542174254955981,59.9999948530335,59.9553622956053,59.9999951972827,-0.0337665249083585,0.000621149908285011,7.34872917781643,1.42346335302039,59.9999918043979,59.9553563330925,59.9999905544695,-0.0338913851786984,-0.0177498785450676,7.94942644429054,1.33803055041214,950.434923998617,949.336952319256,962.579169632194,1.38422821573954,226.715283095974,226.717022777616,235.889990257937,7.91145010093587
load_increase_B09_F135,load_increase,1,1,2,1,2,1,1.02689638912936,1.02689613197341,1.02803252667966,0.000540507961656056,0,0,1.02001684293784,1.01978826643578,1.02095050552837,0.000148668442101929,0,2.18358799013631,59.9999934559826,59.9769795587088,59.9999929154556,-0.0175584530546544,-0.026148095723004,6.76084106763048,0,59.9999937660327,59.9762003181098,59.9999930308482,-0.0175853880863599,-0.0419490960793542,6.76084106763048,0,247.351644502021,247.308591563597,248.815937202608,0.796162549675444,178.513910467193,176.570005876452,178.514465299017,-0.676400065753199
load_increase_B09_F135,load_increase,2,18,25,1,7,1,0.993422297824962,0.993153893389947,0.994492239634659,0.000178837351657357,0,2.18358799013631,1.02838004290673,1.02818512160057,1.02916042426674,0.000134636546963884,0,2.18358799013631,59.9999934559826,59.9769795587088,59.9999929154556,-0.0175584530546544,-0.026148095723004,6.76084106763048,0,59.9999944671441,59.9766986899068,59.9999939609786,-0.0175982952020775,-0.0151738712704651,6.76084106763048,0,247.351644502021,247.308591563597,248.815937202608,0.796162549675444,178.513910467193,176.570005876452,178.514465299017,-0.676400065753199
load_increase_B09_F135,load_increase,3,9,25,2,5,1,1.02020766358892,1.02020741569325,1.02566356456773,0.00469530607814472,0,0,1.02838004290673,1.02818512160057,1.02916042426674,0.000134636546963884,0,2.18358799013631,59.9999937660327,59.9762003181098,59.9999930308482,-0.0175853880863599,-0.0419490960793542,6.76084106763048,0,59.9999949130723,59.9760819173652,59.9999943446027,-0.017618130278187,-0.0136954271992708,5.73827717555061,0,247.351644502021,247.308591563597,248.815937202608,0.796162549675444,178.513910467193,176.570005876452,178.514465299017,-0.676400065753199
load_increase_B09_F135,load_increase,4,2,31,3,4,1,1.02001684293784,1.01978826643578,1.02095050552837,0.000148668442101929,0,2.18358799013631,0.982000570674875,0.981689977859442,0.984012843527926,0.000167822782750848,0,3.27216372017666,59.9999938740924,59.9763680324506,59.9999931528418,-0.017584643371606,-0.0348141924865044,6.76084106763048,0,59.9999944662808,59.976641918241,59.9999937866105,-0.0175988617412983,-0.0186820548136963,6.82782648493724,0,247.351644502021,247.308591563597,248.815937202608,0.796162549675444,178.513910467193,176.570005876452,178.514465299017,-0.676400065753199
load_increase_B09_F135,load_increase,5,21,33,3,9,1,0.997579594018811,0.997108042496606,0.998444330901855,1.89532153573868e-05,0,2.18358799013631,0.997200971921189,0.99658076109717,0.997858241875876,-5.95696484957386e-05,0,2.24277590564786,59.9999938740924,59.9763680324506,59.9999931528418,-0.017584643371606,-0.0348141924865044,6.76084106763048,0,59.9999948530335,59.9763575844007,59.9999937595388,-0.0175839227608492,-0.0138029540312413,5.79773812245091,0,247.351644502021,247.308591563597,248.815937202608,0.796162549675444,178.513910467193,176.570005876452,178.514465299017,-0.676400065753199
load_increase_B09_F135,load_increase,6,11,33,4,9,1,0.96248990465261,0.962489524218583,0.964500594815295,0.000655178193936901,0,0,0.997200971921189,0.99658076109717,0.997858241875876,-5.95696484957386e-05,0,2.24277590564786,59.9999944662808,59.976641918241,59.9999937866105,-0.0175988617412983,-0.0186820548136963,6.82782648493724,0,59.9999948530335,59.9763575844007,59.9999937595388,-0.0175839227608492,-0.0138029540312413,5.79773812245091,0,247.351644502021,247.308591563597,248.815937202608,0.796162549675444,178.513910467193,176.570005876452,178.514465299017,-0.676400065753199
load_increase_B09_F135,load_increase,7,4,25,5,10,1,0.960053104706681,0.96005272883502,0.961830507617225,0.000610262983833598,0,0,1.02838004290673,1.02818512160057,1.02916042426674,0.000134636546963884,0,2.18358799013631,59.9999949130723,59.9760819173652,59.9999943446027,-0.017618130278187,-0.0136954271992708,5.73827717555061,0,59.9999918043979,59.9766529263626,59.9999905544695,-0.0174696489660704,-0.00645239107294692,6.27915824365394,0,247.351644502021,247.308591563597,248.815937202608,0.796162549675444,178.513910467193,176.570005876452,178.514465299017,-0.676400065753199
load_increase_B09_F135,load_increase,8,25,37,7,8,1,1.02838004290673,1.02818512160057,1.02916042426674,0.000134636546963884,0,2.18358799013631,1.02750054732654,1.02719065450246,1.02814060576202,-1.56035964318235e-05,0,2.24277590564786,59.9999944671441,59.9766986899068,59.9999939609786,-0.0175982952020775,-0.0151738712704651,6.76084106763048,0,59.9999936918416,59.9769531246376,59.9999929808452,-0.017562205141985,-0.0160396484944083,6.76084106763048,0,247.351644502021,247.308591563597,248.815937202608,0.796162549675444,178.513910467193,176.570005876452,178.514465299017,-0.676400065753199
load_increase_B09_F135,load_increase,9,14,21,1,2,2,0.965188010297433,0.965187625896465,0.96686934049104,0.000495433778474053,0,0,0.997579594018811,0.997108042496606,0.998444330901855,1.89532153573868e-05,0,2.18358799013631,59.9999934559826,59.9769795587088,59.9999929154556,-0.0175584530546544,-0.026148095723004,6.76084106763048,0,59.9999937660327,59.9762003181098,59.9999930308482,-0.0175853880863599,-0.0419490960793542,6.76084106763048,0,699.11655373899,698.704439084077,700.84446120397,0.656027025387175,156.180710399892,153.047998666969,156.18077075031,-2.75356888920339
load_increase_B09_F135,load_increase,10,6,24,1,8,2,0.959595788849726,0.959595405388814,0.961856007442224,0.000885832607610104,0,0,0.999264074901395,0.998834131391313,1.00021582056057,6.41374161247654e-05,0,2.18358799013631,59.9999934559826,59.9769795587088,59.9999929154556,-0.0175584530546544,-0.026148095723004,6.76084106763048,0,59.9999936918416,59.9769531246376,59.9999929808452,-0.017562205141985,-0.0160396484944083,6.76084106763048,0,699.11655373899,698.704439084077,700.84446120397,0.656027025387175,156.180710399892,153.047998666969,156.18077075031,-2.75356888920339
load_increase_B09_F135,load_increase,11,32,33,2,5,2,0.984100548431793,0.983699098251669,0.985657572572823,7.89331142424521e-05,0,3.27216372017666,0.997200971921189,0.99658076109717,0.997858241875876,-5.95696484957386e-05,0,2.24277590564786,59.9999937660327,59.9762003181098,59.9999930308482,-0.0175853880863599,-0.0419490960793542,6.76084106763048,0,59.9999949130723,59.9760819173652,59.9999943446027,-0.017618130278187,-0.0136954271992708,5.73827717555061,0,699.11655373899,698.704439084077,700.84446120397,0.656027025387175,156.180710399892,153.047998666969,156.18077075031,-2.75356888920339
load_increase_B09_F135,load_increase,12,17,18,3,4,2,0.99507019283339,0.994722666450114,0.996070087665832,0.000123434195016148,0,2.18358799013631,0.993422297824962,0.993153893389947,0.994492239634659,0.000178837351657357,0,2.18358799013631,59.9999938740924,59.9763680324506,59.9999931528418,-0.017584643371606,-0.0348141924865044,6.76084106763048,0,59.9999944662808,59.976641918241,59.9999937866105,-0.0175988617412983,-0.0186820548136963,6.82782648493724,0,699.11655373899,698.704439084077,700.84446120397,0.656027025387175,156.180710399892,153.047998666969,156.18077075031,-2.75356888920339
load_increase_B09_F135,load_increase,13,8,26,3,10,2,0.954598516570043,0.954598142528851,0.957311482921328,0.00143190673704763,0,0,1.01926696898686,1.01882976473492,1.02004830053604,5.69003528243517e-05,0,2.24277590564786,59.9999938740924,59.9763680324506,59.9999931528418,-0.017584643371606,-0.0348141924865044,6.76084106763048,0,59.9999918043979,59.9766529263626,59.9999905544695,-0.0174696489660704,-0.00645239107294692,6.27915824365394,0,699.11655373899,698.704439084077,700.84446120397,0.656027025387175,156.180710399892,153.047998666969,156.18077075031,-2.75356888920339
load_increase_B09_F135,load_increase,14,1,39,4,10,2,1.02689638912936,1.02689613197341,1.02803252667966,0.000540507961656056,0,0,1.03000013409431,1.03000005001758,1.03106471672444,0.000842087032938421,0,0,59.9999944662808,59.976641918241,59.9999937866105,-0.0175988617412983,-0.0186820548136963,6.82782648493724,0,59.9999918043979,59.9766529263626,59.9999905544695,-0.0174696489660704,-0.00645239107294692,6.27915824365394,0,699.11655373899,698.704439084077,700.84446120397,0.656027025387175,156.180710399892,153.047998666969,156.18077075031,-2.75356888920339
load_increase_B09_F135,load_increase,15,20,23,5,10,2,0.987464538640993,0.986765961424976,0.988196239671994,-9.43724812079161e-05,0,2.24277590564786,1.02167685351485,1.02116577969939,1.02241629720187,-3.33216139045689e-05,0,2.18358799013631,59.9999949130723,59.9760819173652,59.9999943446027,-0.017618130278187,-0.0136954271992708,5.73827717555061,0,59.9999918043979,59.9766529263626,59.9999905544695,-0.0174696489660704,-0.00645239107294692,6.27915824365394,0,699.11655373899,698.704439084077,700.84446120397,0.656027025387175,156.180710399892,153.047998666969,156.18077075031,-2.75356888920339
load_increase_B09_F135,load_increase,16,10,33,7,9,2,0.965720649152829,0.965720272081748,0.967610530335379,0.000544427420213323,0,0,0.997200971921189,0.99658076109717,0.997858241875876,-5.95696484957386e-05,0,2.24277590564786,59.9999944671441,59.9766986899068,59.9999939609786,-0.0175982952020775,-0.0151738712704651,6.76084106763048,0,59.9999948530335,59.9763575844007,59.9999937595388,-0.0175839227608492,-0.0138029540312413,5.79773812245091,0,699.11655373899,698.704439084077,700.84446120397,0.656027025387175,156.180710399892,153.047998666969,156.18077075031,-2.75356888920339
load_increase_B09_F135,load_increase,17,3,32,1,3,3,0.994475020133488,0.994343790554448,0.995658826130762,0.000274121504082014,0,2.18358799013631,0.984100548431793,0.983699098251669,0.985657572572823,7.89331142424521e-05,0,3.27216372017666,59.9999934559826,59.9769795587088,59.9999929154556,-0.0175584530546544,-0.026148095723004,6.76084106763048,0,59.9999938740924,59.9763680324506,59.9999931528418,-0.017584643371606,-0.0348141924865044,6.76084106763048,0,672.46804441793,672.323160448494,674.173548364711,0.966884766291059,138.262054035867,135.568764732629,138.262231281765,-2.17625068864561
load_increase_B09_F135,load_increase,18,23,38,1,8,3,1.02167685351485,1.02116577969939,1.02241629720187,-3.33216139045689e-05,0,2.18358799013631,1.02650112277428,1.02577113264776,1.02698061826709,-7.86002938479857e-05,0,2.24277590564786,59.9999934559826,59.9769795587088,59.9999929154556,-0.0175584530546544,-0.026148095723004,6.76084106763048,0,59.9999936918416,59.9769531246376,59.9999929808452,-0.017562205141985,-0.0160396484944083,6.76084106763048,0,672.46804441793,672.323160448494,674.173548364711,0.966884766291059,138.262054035867,135.568764732629,138.262231281765,-2.17625068864561
load_increase_B09_F135,load_increase,19,13,18,2,6,3,0.964270739573376,0.964270361507435,0.966102787258865,0.000535103675805115,0,0,0.993422297824962,0.993153893389947,0.994492239634659,0.000178837351657357,0,2.18358799013631,59.9999937660327,59.9762003181098,59.9999930308482,-0.0175853880863599,-0.0419490960793542,6.76084106763048,0,59.9999943494354,59.9766564614884,59.9999939661539,-0.017598853055695,-0.0179356548243891,6.76084106763048,0,672.46804441793,672.323160448494,674.173548364711,0.966884766291059,138.262054035867,135.568764732629,138.262231281765,-2.17625068864561
load_increase_B09_F135,load_increase,20,5,29,3,5,3,0.958759400236745,0.958759018711514,0.961026662678318,0.000935491770005625,0,0,1.02109303516246,1.0204069415723,1.02168505380031,-5.5254569779617e-05,0,2.24277590564786,59.9999938740924,59.9763680324506,59.9999931528418,-0.017584643371606,-0.0348141924865044,6.76084106763048,0,59.9999949130723,59.9760819173652,59.9999943446027,-0.017618130278187,-0.0136954271992708,5.73827717555061,0,672.46804441793,672.323160448494,674.173548364711,0.966884766291059,138.262054035867,135.568764732629,138.262231281765,-2.17625068864561
load_increase_B09_F135,load_increase,21,28,38,3,10,3,1.01980319076653,1.01916141563181,1.02044490222927,-3.45495162754617e-05,0,2.24277590564786,1.02650112277428,1.02577113264776,1.02698061826709,-7.86002938479857e-05,0,2.24277590564786,59.9999938740924,59.9763680324506,59.9999931528418,-0.017584643371606,-0.0348141924865044,6.76084106763048,0,59.9999918043979,59.9766529263626,59.9999905544695,-0.0174696489660704,-0.00645239107294692,6.27915824365394,0,672.46804441793,672.323160448494,674.173548364711,0.966884766291059,138.262054035867,135.568764732629,138.262231281765,-2.17625068864561
load_increase_B09_F135,load_increase,22,15,34,4,10,3,0.973079105652974,0.972823536223959,0.974247003123485,0.000205178679795526,0,2.18358799013631,1.01230116063239,1.0114821455575,1.01299049486581,-0.000155899783404578,0,2.24277590564786,59.9999944662808,59.976641918241,59.9999937866105,-0.0175988617412983,-0.0186820548136963,6.82782648493724,0,59.9999918043979,59.9766529263626,59.9999905544695,-0.0174696489660704,-0.00645239107294692,6.27915824365394,0,672.46804441793,672.323160448494,674.173548364711,0.966884766291059,138.262054035867,135.568764732629,138.262231281765,-2.17625068864561
load_increase_B09_F135,load_increase,23,7,29,6,7,3,0.953428494064471,0.953428116387122,0.955984872706883,0.0012446651032515,0,0,1.02109303516246,1.0204069415723,1.02168505380031,-5.5254569779617e-05,0,2.24277590564786,59.9999943494354,59.9766564614884,59.9999939661539,-0.017598853055695,-0.0179356548243891,6.76084106763048,0,59.9999944671441,59.9766986899068,59.9999939609786,-0.0175982952020775,-0.0151738712704651,6.76084106763048,0,672.46804441793,672.323160448494,674.173548364711,0.966884766291059,138.262054035867,135.568764732629,138.262231281765,-2.17625068864561
load_increase_B09_F135,load_increase,24,1,11,7,10,3,1.02689638912936,1.02689613197341,1.02803252667966,0.000540507961656056,0,0,0.96248990465261,0.962489524218583,0.964500594815295,0.000655178193936901,0,0,59.9999944671441,59.9766986899068,59.9999939609786,-0.0175982952020775,-0.0151738712704651,6.76084106763048,0,59.9999918043979,59.9766529263626,59.9999905544695,-0.0174696489660704,-0.00645239107294692,6.27915824365394,0,672.46804441793,672.323160448494,674.173548364711,0.966884766291059,138.262054035867,135.568764732629,138.262231281765,-2.17625068864561
load_increase_B09_F135,load_increase,25,18,34,1,3,4,0.993422297824962,0.993153893389947,0.994492239634659,0.000178837351657357,0,2.18358799013631,1.01230116063239,1.0114821455575,1.01299049486581,-0.000155899783404578,0,2.24277590564786,59.9999934559826,59.9769795587088,59.9999929154556,-0.0175584530546544,-0.026148095723004,6.76084106763048,0,59.9999938740924,59.9763680324506,59.9999931528418,-0.017584643371606,-0.0348141924865044,6.76084106763048,0,653.081286728971,652.996021790044,653.980791445665,0.588303057124563,44.6481487675236,43.8260157868858,44.7553746557203,-0.0991345557405765
load_increase_B09_F135,load_increase,26,9,34,1,9,4,1.02020766358892,1.02020741569325,1.02566356456773,0.00469530607814472,0,0,1.01230116063239,1.0114821455575,1.01299049486581,-0.000155899783404578,0,2.24277590564786,59.9999934559826,59.9769795587088,59.9999929154556,-0.0175584530546544,-0.026148095723004,6.76084106763048,0,59.9999948530335,59.9763575844007,59.9999937595388,-0.0175839227608492,-0.0138029540312413,5.79773812245091,0,653.081286728971,652.996021790044,653.980791445665,0.588303057124563,44.6481487675236,43.8260157868858,44.7553746557203,-0.0991345557405765
load_increase_B09_F135,load_increase,27,3,4,2,7,4,0.994475020133488,0.994343790554448,0.995658826130762,0.000274121504082014,0,2.18358799013631,0.960053104706681,0.96005272883502,0.961830507617225,0.000610262983833598,0,0,59.9999937660327,59.9762003181098,59.9999930308482,-0.0175853880863599,-0.0419490960793542,6.76084106763048,0,59.9999944671441,59.9766986899068,59.9999939609786,-0.0175982952020775,-0.0151738712704651,6.76084106763048,0,653.081286728971,652.996021790044,653.980791445665,0.588303057124563,44.6481487675236,43.8260157868858,44.7553746557203,-0.0991345557405765
load_increase_B09_F135,load_increase,28,22,26,3,5,4,1.0229600920912,1.02244235683161,1.02370919340512,-3.24557899145095e-05,0,2.18358799013631,1.01926696898686,1.01882976473492,1.02004830053604,5.69003528243517e-05,0,2.24277590564786,59.9999938740924,59.9763680324506,59.9999931528418,-0.017584643371606,-0.0348141924865044,6.76084106763048,0,59.9999949130723,59.9760819173652,59.9999943446027,-0.017618130278187,-0.0136954271992708,5.73827717555061,0,653.081286728971,652.996021790044,653.980791445665,0.588303057124563,44.6481487675236,43.8260157868858,44.7553746557203,-0.0991345557405765
load_increase_B09_F135,load_increase,29,12,15,4,5,4,0.945223588050834,0.945223215958439,0.947108750055762,0.000583938727549027,0,0,0.973079105652974,0.972823536223959,0.974247003123485,0.000205178679795526,0,2.18358799013631,59.9999944662808,59.976641918241,59.9999937866105,-0.0175988617412983,-0.0186820548136963,6.82782648493724,0,59.9999949130723,59.9760819173652,59.9999943446027,-0.017618130278187,-0.0136954271992708,5.73827717555061,0,653.081286728971,652.996021790044,653.980791445665,0.588303057124563,44.6481487675236,43.8260157868858,44.7553746557203,-0.0991345557405765
load_increase_B09_F135,load_increase,30,4,34,5,6,4,0.960053104706681,0.96005272883502,0.961830507617225,0.000610262983833598,0,0,1.01230116063239,1.0114821455575,1.01299049486581,-0.000155899783404578,0,2.24277590564786,59.9999949130723,59.9760819173652,59.9999943446027,-0.017618130278187,-0.0136954271992708,5.73827717555061,0,59.9999943494354,59.9766564614884,59.9999939661539,-0.017598853055695,-0.0179356548243891,6.76084106763048,0,653.081286728971,652.996021790044,653.980791445665,0.588303057124563,44.6481487675236,43.8260157868858,44.7553746557203,-0.0991345557405765
load_increase_B09_F135,load_increase,31,26,33,6,7,4,1.01926696898686,1.01882976473492,1.02004830053604,5.69003528243517e-05,0,2.24277590564786,0.997200971921189,0.99658076109717,0.997858241875876,-5.95696484957386e-05,0,2.24277590564786,59.9999943494354,59.9766564614884,59.9999939661539,-0.017598853055695,-0.0179356548243891,6.76084106763048,0,59.9999944671441,59.9766986899068,59.9999939609786,-0.0175982952020775,-0.0151738712704651,6.76084106763048,0,653.081286728971,652.996021790044,653.980791445665,0.588303057124563,44.6481487675236,43.8260157868858,44.7553746557203,-0.0991345557405765
load_increase_B09_F135,load_increase,32,14,30,7,10,4,0.965188010297433,0.965187625896465,0.96686934049104,0.000495433778474053,0,0,1.04990040987001,1.04962427181377,1.05048126350334,2.57300630299717e-05,0,2.18358799013631,59.9999944671441,59.9766986899068,59.9999939609786,-0.0175982952020775,-0.0151738712704651,6.76084106763048,0,59.9999918043979,59.9766529263626,59.9999905544695,-0.0174696489660704,-0.00645239107294692,6.27915824365394,0,653.081286728971,652.996021790044,653.980791445665,0.588303057124563,44.6481487675236,43.8260157868858,44.7553746557203,-0.0991345557405765
load_increase_B09_F135,load_increase,33,6,33,1,4,5,0.959595788849726,0.959595405388814,0.961856007442224,0.000885832607610104,0,0,0.997200971921189,0.99658076109717,0.997858241875876,-5.95696484957386e-05,0,2.24277590564786,59.9999934559826,59.9769795587088,59.9999929154556,-0.0175584530546544,-0.026148095723004,6.76084106763048,0,59.9999944662808,59.976641918241,59.9999937866105,-0.0175988617412983,-0.0186820548136963,6.82782648493724,0,517.000719945857,516.709756425356,518.169311001476,0.648994571938829,137.308688158259,136.552792717324,137.308465454197,-0.332591961523889
load_increase_B09_F135,load_increase,34,33,36,1,9,5,0.997200971921189,0.99658076109717,0.997858241875876,-5.95696484957386e-05,0,2.24277590564786,1.0636010753349,1.06309857234647,1.06414104998876,-7.02356875768029e-05,0,2.18358799013631,59.9999934559826,59.9769795587088,59.9999929154556,-0.0175584530546544,-0.026148095723004,6.76084106763048,0,59.9999948530335,59.9763575844007,59.9999937595388,-0.0175839227608492,-0.0138029540312413,5.79773812245091,0,517.000719945857,516.709756425356,518.169311001476,0.648994571938829,137.308688158259,136.552792717324,137.308465454197,-0.332591961523889
load_increase_B09_F135,load_increase,35,17,27,2,7,5,0.99507019283339,0.994722666450114,0.996070087665832,0.000123434195016148,0,2.18358799013631,1.0020543707611,1.00165966926375,1.00292781113637,8.60856648536856e-05,0,2.24277590564786,59.9999937660327,59.9762003181098,59.9999930308482,-0.0175853880863599,-0.0419490960793542,6.76084106763048,0,59.9999944671441,59.9766986899068,59.9999939609786,-0.0175982952020775,-0.0151738712704651,6.76084106763048,0,517.000719945857,516.709756425356,518.169311001476,0.648994571938829,137.308688158259,136.552792717324,137.308465454197,-0.332591961523889
load_increase_B09_F135,load_increase,36,8,36,3,6,5,0.954598516570043,0.954598142528851,0.957311482921328,0.00143190673704763,0,0,1.0636010753349,1.06309857234647,1.06414104998876,-7.02356875768029e-05,0,2.18358799013631,59.9999938740924,59.9763680324506,59.9999931528418,-0.017584643371606,-0.0348141924865044,6.76084106763048,0,59.9999943494354,59.9766564614884,59.9999939661539,-0.017598853055695,-0.0179356548243891,6.76084106763048,0,517.000719945857,516.709756425356,518.169311001476,0.648994571938829,137.308688158259,136.552792717324,137.308465454197,-0.332591961523889
load_increase_B09_F135,load_increase,37,2,11,4,6,5,1.02001684293784,1.01978826643578,1.02095050552837,0.000148668442101929,0,2.18358799013631,0.96248990465261,0.962489524218583,0.964500594815295,0.000655178193936901,0,0,59.9999944662808,59.976641918241,59.9999937866105,-0.0175988617412983,-0.0186820548136963,6.82782648493724,0,59.9999943494354,59.9766564614884,59.9999939661539,-0.017598853055695,-0.0179356548243891,6.76084106763048,0,517.000719945857,516.709756425356,518.169311001476,0.648994571938829,137.308688158259,136.552792717324,137.308465454197,-0.332591961523889
load_increase_B09_F135,load_increase,38,20,32,5,6,5,0.987464538640993,0.986765961424976,0.988196239671994,-9.43724812079161e-05,0,2.24277590564786,0.984100548431793,0.983699098251669,0.985657572572823,7.89331142424521e-05,0,3.27216372017666,59.9999949130723,59.9760819173652,59.9999943446027,-0.017618130278187,-0.0136954271992708,5.73827717555061,0,59.9999943494354,59.9766564614884,59.9999939661539,-0.017598853055695,-0.0179356548243891,6.76084106763048,0,517.000719945857,516.709756425356,518.169311001476,0.648994571938829,137.308688158259,136.552792717324,137.308465454197,-0.332591961523889
load_increase_B09_F135,load_increase,39,11,14,6,8,5,0.96248990465261,0.962489524218583,0.964500594815295,0.000655178193936901,0,0,0.965188010297433,0.965187625896465,0.96686934049104,0.000495433778474053,0,0,59.9999943494354,59.9766564614884,59.9999939661539,-0.017598853055695,-0.0179356548243891,6.76084106763048,0,59.9999936918416,59.9769531246376,59.9999929808452,-0.017562205141985,-0.0160396484944083,6.76084106763048,0,517.000719945857,516.709756425356,518.169311001476,0.648994571938829,137.308688158259,136.552792717324,137.308465454197,-0.332591961523889
load_increase_B09_F135,load_increase,40,4,6,8,9,5,0.960053104706681,0.96005272883502,0.961830507617225,0.000610262983833598,0,0,0.959595788849726,0.959595405388814,0.961856007442224,0.000885832607610104,0,0,59.9999936918416,59.9769531246376,59.9999929808452,-0.017562205141985,-0.0160396484944083,6.76084106763048,0,59.9999948530335,59.9763575844007,59.9999937595388,-0.0175839227608492,-0.0138029540312413,5.79773812245091,0,517.000719945857,516.709756425356,518.169311001476,0.648994571938829,137.308688158259,136.552792717324,137.308465454197,-0.332591961523889
load_increase_B09_F135,load_increase,41,24,32,1,4,6,0.999264074901395,0.998834131391313,1.00021582056057,6.41374161247654e-05,0,2.18358799013631,0.984100548431793,0.983699098251669,0.985657572572823,7.89331142424521e-05,0,3.27216372017666,59.9999934559826,59.9769795587088,59.9999929154556,-0.0175584530546544,-0.026148095723004,6.76084106763048,0,59.9999944662808,59.976641918241,59.9999937866105,-0.0175988617412983,-0.0186820548136963,6.82782648493724,0,646.129526212919,646.129856362282,647.637648321586,0.962430654243803,221.895491666939,221.146200632457,221.895634079564,-0.18360580680357
load_increase_B09_F135,load_increase,42,13,27,1,10,6,0.964270739573376,0.964270361507435,0.966102787258865,0.000535103675805115,0,0,1.0020543707611,1.00165966926375,1.00292781113637,8.60856648536856e-05,0,2.24277590564786,59.9999934559826,59.9769795587088,59.9999929154556,-0.0175584530546544,-0.026148095723004,6.76084106763048,0,59.9999918043979,59.9766529263626,59.9999905544695,-0.0174696489660704,-0.00645239107294692,6.27915824365394,0,646.129526212919,646.129856362282,647.637648321586,0.962430654243803,221.895491666939,221.146200632457,221.895634079564,-0.18360580680357
load_increase_B09_F135,load_increase,43,5,38,2,8,6,0.958759400236745,0.958759018711514,0.961026662678318,0.000935491770005625,0,0,1.02650112277428,1.02577113264776,1.02698061826709,-7.86002938479857e-05,0,2.24277590564786,59.9999937660327,59.9762003181098,59.9999930308482,-0.0175853880863599,-0.0419490960793542,6.76084106763048,0,59.9999936918416,59.9769531246376,59.9999929808452,-0.017562205141985,-0.0160396484944083,6.76084106763048,0,646.129526212919,646.129856362282,647.637648321586,0.962430654243803,221.895491666939,221.146200632457,221.895634079564,-0.18360580680357
load_increase_B09_F135,load_increase,44,29,38,3,6,6,1.02109303516246,1.0204069415723,1.02168505380031,-5.5254569779617e-05,0,2.24277590564786,1.02650112277428,1.02577113264776,1.02698061826709,-7.86002938479857e-05,0,2.24277590564786,59.9999938740924,59.9763680324506,59.9999931528418,-0.017584643371606,-0.0348141924865044,6.76084106763048,0,59.9999943494354,59.9766564614884,59.9999939661539,-0.017598853055695,-0.0179356548243891,6.76084106763048,0,646.129526212919,646.129856362282,647.637648321586,0.962430654243803,221.895491666939,221.146200632457,221.895634079564,-0.18360580680357
load_increase_B09_F135,load_increase,45,16,20,4,6,6,0.991037366929576,0.99063243187903,0.992016168203506,8.55947775835197e-05,0,2.18358799013631,0.987464538640993,0.986765961424976,0.988196239671994,-9.43724812079161e-05,0,2.24277590564786,59.9999944662808,59.976641918241,59.9999937866105,-0.0175988617412983,-0.0186820548136963,6.82782648493724,0,59.9999943494354,59.9766564614884,59.9999939661539,-0.017598853055695,-0.0179356548243891,6.76084106763048,0,646.129526212919,646.129856362282,647.637648321586,0.962430654243803,221.895491666939,221.146200632457,221.895634079564,-0.18360580680357
load_increase_B09_F135,load_increase,46,7,38,5,7,6,0.953428494064471,0.953428116387122,0.955984872706883,0.0012446651032515,0,0,1.02650112277428,1.02577113264776,1.02698061826709,-7.86002938479857e-05,0,2.24277590564786,59.9999949130723,59.9760819173652,59.9999943446027,-0.017618130278187,-0.0136954271992708,5.73827717555061,0,59.9999944671441,59.9766986899068,59.9999939609786,-0.0175982952020775,-0.0151738712704651,6.76084106763048,0,646.129526212919,646.129856362282,647.637648321586,0.962430654243803,221.895491666939,221.146200632457,221.895634079564,-0.18360580680357
load_increase_B09_F135,load_increase,47,1,20,6,9,6,1.02689638912936,1.02689613197341,1.02803252667966,0.000540507961656056,0,0,0.987464538640993,0.986765961424976,0.988196239671994,-9.43724812079161e-05,0,2.24277590564786,59.9999943494354,59.9766564614884,59.9999939661539,-0.017598853055695,-0.0179356548243891,6.76084106763048,0,59.9999948530335,59.9763575844007,59.9999937595388,-0.0175839227608492,-0.0138029540312413,5.79773812245091,0,646.129526212919,646.129856362282,647.637648321586,0.962430654243803,221.895491666939,221.146200632457,221.895634079564,-0.18360580680357
load_increase_B09_F135,load_increase,48,19,23,8,9,6,0.990604210848697,0.98999822216659,0.991377822141452,-4.15893089186214e-05,0,2.24277590564786,1.02167685351485,1.02116577969939,1.02241629720187,-3.33216139045689e-05,0,2.18358799013631,59.9999936918416,59.9769531246376,59.9999929808452,-0.017562205141985,-0.0160396484944083,6.76084106763048,0,59.9999948530335,59.9763575844007,59.9999937595388,-0.0175839227608492,-0.0138029540312413,5.79773812245091,0,646.129526212919,646.129856362282,647.637648321586,0.962430654243803,221.895491666939,221.146200632457,221.895634079564,-0.18360580680357
load_increase_B09_F135,load_increase,49,10,14,1,5,7,0.965720649152829,0.965720272081748,0.967610530335379,0.000544427420213323,0,0,0.965188010297433,0.965187625896465,0.96686934049104,0.000495433778474053,0,0,59.9999934559826,59.9769795587088,59.9999929154556,-0.0175584530546544,-0.026148095723004,6.76084106763048,0,59.9999949130723,59.9760819173652,59.9999943446027,-0.017618130278187,-0.0136954271992708,5.73827717555061,0,525.642776165619,525.629566116525,526.497482474642,0.79597243190608,188.546381008994,187.806642718455,188.743923775687,-0.0612055581926541
load_increase_B09_F135,load_increase,50,3,13,2,3,7,0.994475020133488,0.994343790554448,0.995658826130762,0.000274121504082014,0,2.18358799013631,0.964270739573376,0.964270361507435,0.966102787258865,0.000535103675805115,0,0,59.9999937660327,59.9762003181098,59.9999930308482,-0.0175853880863599,-0.0419490960793542,6.76084106763048,0,59.9999938740924,59.9763680324506,59.9999931528418,-0.017584643371606,-0.0348141924865044,6.76084106763048,0,525.642776165619,525.629566116525,526.497482474642,0.79597243190608,188.546381008994,187.806642718455,188.743923775687,-0.0612055581926541
load_increase_B09_F135,load_increase,51,22,35,2,8,7,1.0229600920912,1.02244235683161,1.02370919340512,-3.24557899145095e-05,0,2.18358799013631,1.04940121508332,1.0488568026,1.05003549336005,-6.74826643236592e-05,0,2.18358799013631,59.9999937660327,59.9762003181098,59.9999930308482,-0.0175853880863599,-0.0419490960793542,6.76084106763048,0,59.9999936918416,59.9769531246376,59.9999929808452,-0.017562205141985,-0.0160396484944083,6.76084106763048,0,525.642776165619,525.629566116525,526.497482474642,0.79597243190608,188.546381008994,187.806642718455,188.743923775687,-0.0612055581926541
load_increase_B09_F135,load_increase,52,12,25,3,7,7,0.945223588050834,0.945223215958439,0.947108750055762,0.000583938727549027,0,0,1.02838004290673,1.02818512160057,1.02916042426674,0.000134636546963884,0,2.18358799013631,59.9999938740924,59.9763680324506,59.9999931528418,-0.017584643371606,-0.0348141924865044,6.76084106763048,0,59.9999944671441,59.9766986899068,59.9999939609786,-0.0175982952020775,-0.0151738712704651,6.76084106763048,0,525.642776165619,525.629566116525,526.497482474642,0.79597243190608,188.546381008994,187.806642718455,188.743923775687,-0.0612055581926541
load_increase_B09_F135,load_increase,53,5,9,4,7,7,0.958759400236745,0.958759018711514,0.961026662678318,0.000935491770005625,0,0,1.02020766358892,1.02020741569325,1.02566356456773,0.00469530607814472,0,0,59.9999944662808,59.976641918241,59.9999937866105,-0.0175988617412983,-0.0186820548136963,6.82782648493724,0,59.9999944671441,59.9766986899068,59.9999939609786,-0.0175982952020775,-0.0151738712704651,6.76084106763048,0,525.642776165619,525.629566116525,526.497482474642,0.79597243190608,188.546381008994,187.806642718455,188.743923775687,-0.0612055581926541
load_increase_B09_F135,load_increase,54,27,30,5,7,7,1.0020543707611,1.00165966926375,1.00292781113637,8.60856648536856e-05,0,2.24277590564786,1.04990040987001,1.04962427181377,1.05048126350334,2.57300630299717e-05,0,2.18358799013631,59.9999949130723,59.9760819173652,59.9999943446027,-0.017618130278187,-0.0136954271992708,5.73827717555061,0,59.9999944671441,59.9766986899068,59.9999939609786,-0.0175982952020775,-0.0151738712704651,6.76084106763048,0,525.642776165619,525.629566116525,526.497482474642,0.79597243190608,188.546381008994,187.806642718455,188.743923775687,-0.0612055581926541
load_increase_B09_F135,load_increase,55,14,39,6,9,7,0.965188010297433,0.965187625896465,0.96686934049104,0.000495433778474053,0,0,1.03000013409431,1.03000005001758,1.03106471672444,0.000842087032938421,0,0,59.9999943494354,59.9766564614884,59.9999939661539,-0.017598853055695,-0.0179356548243891,6.76084106763048,0,59.9999948530335,59.9763575844007,59.9999937595388,-0.0175839227608492,-0.0138029540312413,5.79773812245091,0,525.642776165619,525.629566116525,526.497482474642,0.79597243190608,188.546381008994,187.806642718455,188.743923775687,-0.0612055581926541
load_increase_B09_F135,load_increase,56,7,10,8,10,7,0.953428494064471,0.953428116387122,0.955984872706883,0.0012446651032515,0,0,0.965720649152829,0.965720272081748,0.967610530335379,0.000544427420213323,0,0,59.9999936918416,59.9769531246376,59.9999929808452,-0.017562205141985,-0.0160396484944083,6.76084106763048,0,59.9999918043979,59.9766529263626,59.9999905544695,-0.0174696489660704,-0.00645239107294692,6.27915824365394,0,525.642776165619,525.629566116525,526.497482474642,0.79597243190608,188.546381008994,187.806642718455,188.743923775687,-0.0612055581926541
load_increase_B09_F135,load_increase,57,35,36,1,5,8,1.04940121508332,1.0488568026,1.05003549336005,-6.74826643236592e-05,0,2.18358799013631,1.0636010753349,1.06309857234647,1.06414104998876,-7.02356875768029e-05,0,2.18358799013631,59.9999934559826,59.9769795587088,59.9999929154556,-0.0175584530546544,-0.026148095723004,6.76084106763048,0,59.9999949130723,59.9760819173652,59.9999943446027,-0.017618130278187,-0.0136954271992708,5.73827717555061,0,535.98704469732,535.987115098243,536.643271144753,0.568735892045083,13.8483715662576,13.1421095281961,13.8484934426564,-0.614455893424948
load_increase_B09_F135,load_increase,58,17,36,2,3,8,0.99507019283339,0.994722666450114,0.996070087665832,0.000123434195016148,0,2.18358799013631,1.0636010753349,1.06309857234647,1.06414104998876,-7.02356875768029e-05,0,2.18358799013631,59.9999937660327,59.9762003181098,59.9999930308482,-0.0175853880863599,-0.0419490960793542,6.76084106763048,0,59.9999938740924,59.9763680324506,59.9999931528418,-0.017584643371606,-0.0348141924865044,6.76084106763048,0,535.98704469732,535.987115098243,536.643271144753,0.568735892045083,13.8483715662576,13.1421095281961,13.8484934426564,-0.614455893424948
load_increase_B09_F135,load_increase,59,9,15,2,9,8,1.02020766358892,1.02020741569325,1.02566356456773,0.00469530607814472,0,0,0.973079105652974,0.972823536223959,0.974247003123485,0.000205178679795526,0,2.18358799013631,59.9999937660327,59.9762003181098,59.9999930308482,-0.0175853880863599,-0.0419490960793542,6.76084106763048,0,59.9999948530335,59.9763575844007,59.9999937595388,-0.0175839227608492,-0.0138029540312413,5.79773812245091,0,535.98704469732,535.987115098243,536.643271144753,0.568735892045083,13.8483715662576,13.1421095281961,13.8484934426564,-0.614455893424948
load_increase_B09_F135,load_increase,60,2,21,3,8,8,1.02001684293784,1.01978826643578,1.02095050552837,0.000148668442101929,0,2.18358799013631,0.997579594018811,0.997108042496606,0.998444330901855,1.89532153573868e-05,0,2.18358799013631,59.9999938740924,59.9763680324506,59.9999931528418,-0.017584643371606,-0.0348141924865044,6.76084106763048,0,59.9999936918416,59.9769531246376,59.9999929808452,-0.017562205141985,-0.0160396484944083,6.76084106763048,0,535.98704469732,535.987115098243,536.643271144753,0.568735892045083,13.8483715662576,13.1421095281961,13.8484934426564,-0.614455893424948
load_increase_B09_F135,load_increase,61,21,23,4,7,8,0.997579594018811,0.997108042496606,0.998444330901855,1.89532153573868e-05,0,2.18358799013631,1.02167685351485,1.02116577969939,1.02241629720187,-3.33216139045689e-05,0,2.18358799013631,59.9999944662808,59.976641918241,59.9999937866105,-0.0175988617412983,-0.0186820548136963,6.82782648493724,0,59.9999944671441,59.9766986899068,59.9999939609786,-0.0175982952020775,-0.0151738712704651,6.76084106763048,0,535.98704469732,535.987115098243,536.643271144753,0.568735892045083,13.8483715662576,13.1421095281961,13.8484934426564,-0.614455893424948
load_increase_B09_F135,load_increase,62,11,23,5,8,8,0.96248990465261,0.962489524218583,0.964500594815295,0.000655178193936901,0,0,1.02167685351485,1.02116577969939,1.02241629720187,-3.33216139045689e-05,0,2.18358799013631,59.9999949130723,59.9760819173652,59.9999943446027,-0.017618130278187,-0.0136954271992708,5.73827717555061,0,59.9999936918416,59.9769531246376,59.9999929808452,-0.017562205141985,-0.0160396484944083,6.76084106763048,0,535.98704469732,535.987115098243,536.643271144753,0.568735892045083,13.8483715662576,13.1421095281961,13.8484934426564,-0.614455893424948
load_increase_B09_F135,load_increase,63,4,15,6,10,8,0.960053104706681,0.96005272883502,0.961830507617225,0.000610262983833598,0,0,0.973079105652974,0.972823536223959,0.974247003123485,0.000205178679795526,0,2.18358799013631,59.9999943494354,59.9766564614884,59.9999939661539,-0.017598853055695,-0.0179356548243891,6.76084106763048,0,59.9999918043979,59.9766529263626,59.9999905544695,-0.0174696489660704,-0.00645239107294692,6.27915824365394,0,535.98704469732,535.987115098243,536.643271144753,0.568735892045083,13.8483715662576,13.1421095281961,13.8484934426564,-0.614455893424948
load_increase_B09_F135,load_increase,64,25,27,8,10,8,1.02838004290673,1.02818512160057,1.02916042426674,0.000134636546963884,0,2.18358799013631,1.0020543707611,1.00165966926375,1.00292781113637,8.60856648536856e-05,0,2.24277590564786,59.9999936918416,59.9769531246376,59.9999929808452,-0.017562205141985,-0.0160396484944083,6.76084106763048,0,59.9999918043979,59.9766529263626,59.9999905544695,-0.0174696489660704,-0.00645239107294692,6.27915824365394,0,535.98704469732,535.987115098243,536.643271144753,0.568735892045083,13.8483715662576,13.1421095281961,13.8484934426564,-0.614455893424948
load_increase_B09_F135,load_increase,65,13,36,1,6,9,0.964270739573376,0.964270361507435,0.966102787258865,0.000535103675805115,0,0,1.0636010753349,1.06309857234647,1.06414104998876,-7.02356875768029e-05,0,2.18358799013631,59.9999934559826,59.9769795587088,59.9999929154556,-0.0175584530546544,-0.026148095723004,6.76084106763048,0,59.9999943494354,59.9766564614884,59.9999939661539,-0.017598853055695,-0.0179356548243891,6.76084106763048,0,821.976188999109,821.976456109469,823.729256647744,0.960620699169226,43.6266753165716,42.8393838969003,43.7676207784538,-0.0803165394373622
load_increase_B09_F135,load_increase,66,6,14,2,4,9,0.959595788849726,0.959595405388814,0.961856007442224,0.000885832607610104,0,0,0.965188010297433,0.965187625896465,0.96686934049104,0.000495433778474053,0,0,59.9999937660327,59.9762003181098,59.9999930308482,-0.0175853880863599,-0.0419490960793542,6.76084106763048,0,59.9999944662808,59.976641918241,59.9999937866105,-0.0175988617412983,-0.0186820548136963,6.82782648493724,0,821.976188999109,821.976456109469,823.729256647744,0.960620699169226,43.6266753165716,42.8393838969003,43.7676207784538,-0.0803165394373622
load_increase_B09_F135,load_increase,67,30,38,2,9,9,1.04990040987001,1.04962427181377,1.05048126350334,2.57300630299717e-05,0,2.18358799013631,1.02650112277428,1.02577113264776,1.02698061826709,-7.86002938479857e-05,0,2.24277590564786,59.9999937660327,59.9762003181098,59.9999930308482,-0.0175853880863599,-0.0419490960793542,6.76084106763048,0,59.9999948530335,59.9763575844007,59.9999937595388,-0.0175839227608492,-0.0138029540312413,5.79773812245091,0,821.976188999109,821.976456109469,823.729256647744,0.960620699169226,43.6266753165716,42.8393838969003,43.7676207784538,-0.0803165394373622
load_increase_B09_F135,load_increase,68,16,30,3,8,9,0.991037366929576,0.99063243187903,0.992016168203506,8.55947775835197e-05,0,2.18358799013631,1.04990040987001,1.04962427181377,1.05048126350334,2.57300630299717e-05,0,2.18358799013631,59.9999938740924,59.9763680324506,59.9999931528418,-0.017584643371606,-0.0348141924865044,6.76084106763048,0,59.9999936918416,59.9769531246376,59.9999929808452,-0.017562205141985,-0.0160396484944083,6.76084106763048,0,821.976188999109,821.976456109469,823.729256647744,0.960620699169226,43.6266753165716,42.8393838969003,43.7676207784538,-0.0803165394373622
load_increase_B09_F135,load_increase,69,8,16,4,8,9,0.954598516570043,0.954598142528851,0.957311482921328,0.00143190673704763,0,0,0.991037366929576,0.99063243187903,0.992016168203506,8.55947775835197e-05,0,2.18358799013631,59.9999944662808,59.976641918241,59.9999937866105,-0.0175988617412983,-0.0186820548136963,6.82782648493724,0,59.9999936918416,59.9769531246376,59.9999929808452,-0.017562205141985,-0.0160396484944083,6.76084106763048,0,821.976188999109,821.976456109469,823.729256647744,0.960620699169226,43.6266753165716,42.8393838969003,43.7676207784538,-0.0803165394373622
load_increase_B09_F135,load_increase,70,1,29,5,9,9,1.02689638912936,1.02689613197341,1.02803252667966,0.000540507961656056,0,0,1.02109303516246,1.0204069415723,1.02168505380031,-5.5254569779617e-05,0,2.24277590564786,59.9999949130723,59.9760819173652,59.9999943446027,-0.017618130278187,-0.0136954271992708,5.73827717555061,0,59.9999948530335,59.9763575844007,59.9999937595388,-0.0175839227608492,-0.0138029540312413,5.79773812245091,0,821.976188999109,821.976456109469,823.729256647744,0.960620699169226,43.6266753165716,42.8393838969003,43.7676207784538,-0.0803165394373622
load_increase_B09_F135,load_increase,71,19,32,6,10,9,0.990604210848697,0.98999822216659,0.991377822141452,-4.15893089186214e-05,0,2.24277590564786,0.984100548431793,0.983699098251669,0.985657572572823,7.89331142424521e-05,0,3.27216372017666,59.9999943494354,59.9766564614884,59.9999939661539,-0.017598853055695,-0.0179356548243891,6.76084106763048,0,59.9999918043979,59.9766529263626,59.9999905544695,-0.0174696489660704,-0.00645239107294692,6.27915824365394,0,821.976188999109,821.976456109469,823.729256647744,0.960620699169226,43.6266753165716,42.8393838969003,43.7676207784538,-0.0803165394373622
load_increase_B09_F135,load_increase,72,10,23,9,10,9,0.965720649152829,0.965720272081748,0.967610530335379,0.000544427420213323,0,0,1.02167685351485,1.02116577969939,1.02241629720187,-3.33216139045689e-05,0,2.18358799013631,59.9999948530335,59.9763575844007,59.9999937595388,-0.0175839227608492,-0.0138029540312413,5.79773812245091,0,59.9999918043979,59.9766529263626,59.9999905544695,-0.0174696489660704,-0.00645239107294692,6.27915824365394,0,821.976188999109,821.976456109469,823.729256647744,0.960620699169226,43.6266753165716,42.8393838969003,43.7676207784538,-0.0803165394373622
load_increase_B09_F135,load_increase,73,3,22,1,7,10,0.994475020133488,0.994343790554448,0.995658826130762,0.000274121504082014,0,2.18358799013631,1.0229600920912,1.02244235683161,1.02370919340512,-3.24557899145095e-05,0,2.18358799013631,59.9999934559826,59.9769795587088,59.9999929154556,-0.0175584530546544,-0.026148095723004,6.76084106763048,0,59.9999944671441,59.9766986899068,59.9999939609786,-0.0175982952020775,-0.0151738712704651,6.76084106763048,0,950.434923998617,946.76256906123,964.47343988122,0.7791740355824,226.715283095974,207.979025267409,226.717022777616,-14.2824140461998
load_increase_B09_F135,load_increase,74,23,28,2,4,10,1.02167685351485,1.02116577969939,1.02241629720187,-3.33216139045689e-05,0,2.18358799013631,1.01980319076653,1.01916141563181,1.02044490222927,-3.45495162754617e-05,0,2.24277590564786,59.9999937660327,59.9762003181098,59.9999930308482,-0.0175853880863599,-0.0419490960793542,6.76084106763048,0,59.9999944662808,59.976641918241,59.9999937866105,-0.0175988617412983,-0.0186820548136963,6.82782648493724,0,950.434923998617,946.76256906123,964.47343988122,0.7791740355824,226.715283095974,207.979025267409,226.717022777616,-14.2824140461998
load_increase_B09_F135,load_increase,75,12,34,2,10,10,0.945223588050834,0.945223215958439,0.947108750055762,0.000583938727549027,0,0,1.01230116063239,1.0114821455575,1.01299049486581,-0.000155899783404578,0,2.24277590564786,59.9999937660327,59.9762003181098,59.9999930308482,-0.0175853880863599,-0.0419490960793542,6.76084106763048,0,59.9999918043979,59.9766529263626,59.9999905544695,-0.0174696489660704,-0.00645239107294692,6.27915824365394,0,950.434923998617,946.76256906123,964.47343988122,0.7791740355824,226.715283095974,207.979025267409,226.717022777616,-14.2824140461998
load_increase_B09_F135,load_increase,76,5,19,3,9,10,0.958759400236745,0.958759018711514,0.961026662678318,0.000935491770005625,0,0,0.990604210848697,0.98999822216659,0.991377822141452,-4.15893089186214e-05,0,2.24277590564786,59.9999938740924,59.9763680324506,59.9999931528418,-0.017584643371606,-0.0348141924865044,6.76084106763048,0,59.9999948530335,59.9763575844007,59.9999937595388,-0.0175839227608492,-0.0138029540312413,5.79773812245091,0,950.434923998617,946.76256906123,964.47343988122,0.7791740355824,226.715283095974,207.979025267409,226.717022777616,-14.2824140461998
load_increase_B09_F135,load_increase,77,27,39,4,8,10,1.0020543707611,1.00165966926375,1.00292781113637,8.60856648536856e-05,0,2.24277590564786,1.03000013409431,1.03000005001758,1.03106471672444,0.000842087032938421,0,0,59.9999944662808,59.976641918241,59.9999937866105,-0.0175988617412983,-0.0186820548136963,6.82782648493724,0,59.9999936918416,59.9769531246376,59.9999929808452,-0.017562205141985,-0.0160396484944083,6.76084106763048,0,950.434923998617,946.76256906123,964.47343988122,0.7791740355824,226.715283095974,207.979025267409,226.717022777616,-14.2824140461998
load_increase_B09_F135,load_increase,78,15,24,5,9,10,0.973079105652974,0.972823536223959,0.974247003123485,0.000205178679795526,0,2.18358799013631,0.999264074901395,0.998834131391313,1.00021582056057,6.41374161247654e-05,0,2.18358799013631,59.9999949130723,59.9760819173652,59.9999943446027,-0.017618130278187,-0.0136954271992708,5.73827717555061,0,59.9999948530335,59.9763575844007,59.9999937595388,-0.0175839227608492,-0.0138029540312413,5.79773812245091,0,950.434923998617,946.76256906123,964.47343988122,0.7791740355824,226.715283095974,207.979025267409,226.717022777616,-14.2824140461998
load_increase_B09_F135,load_increase,79,7,19,7,8,10,0.953428494064471,0.953428116387122,0.955984872706883,0.0012446651032515,0,0,0.990604210848697,0.98999822216659,0.991377822141452,-4.15893089186214e-05,0,2.24277590564786,59.9999944671441,59.9766986899068,59.9999939609786,-0.0175982952020775,-0.0151738712704651,6.76084106763048,0,59.9999936918416,59.9769531246376,59.9999929808452,-0.017562205141985,-0.0160396484944083,6.76084106763048,0,950.434923998617,946.76256906123,964.47343988122,0.7791740355824,226.715283095974,207.979025267409,226.717022777616,-14.2824140461998
load_increase_B09_F135,load_increase,80,38,39,9,10,10,1.02650112277428,1.02577113264776,1.02698061826709,-7.86002938479857e-05,0,2.24277590564786,1.03000013409431,1.03000005001758,1.03106471672444,0.000842087032938421,0,0,59.9999948530335,59.9763575844007,59.9999937595388,-0.0175839227608492,-0.0138029540312413,5.79773812245091,0,59.9999918043979,59.9766529263626,59.9999905544695,-0.0174696489660704,-0.00645239107294692,6.27915824365394,0,950.434923998617,946.76256906123,964.47343988122,0.7791740355824,226.715283095974,207.979025267409,226.717022777616,-14.2824140461998
load_increase_B20_F150,load_increase,1,1,2,1,2,1,1.02689638912936,1.02308754493704,1.03073250828298,-0.00113307397160178,0,1.03680085703108,1.02001684293784,1.01207485828454,1.02300999659413,-0.00283044547950784,0,1.03680085703108,59.9999934559826,59.2221187711232,59.9999929154556,-0.593589129528219,-0.317664490963418,7.60241228181364,22.0498628614695,59.9999937660327,59.2150380416175,59.9999930308482,-0.593407525653461,-0.0530067632287221,7.71188674262067,21.9840190974979,247.351644502021,247.351919448914,275.039160475986,27.3582968360697,178.513910467193,176.953117303794,196.303830321112,12.2941806932083
load_increase_B20_F150,load_increase,2,18,25,1,7,1,0.993422297824962,0.982549810230728,0.995362807111599,-0.00435610706817635,0,1.03680085703108,1.02838004290673,1.02039638252742,1.02935525052861,-0.0029138123683321,0,1.06863635346594,59.9999934559826,59.2221187711232,59.9999929154556,-0.593589129528219,-0.317664490963418,7.60241228181364,22.0498628614695,59.9999944671441,59.2144253951772,59.9999939609786,-0.593294219966566,-0.338008983500925,7.73925535782243,22.8532706730055,247.351644502021,247.351919448914,275.039160475986,27.3582968360697,178.513910467193,176.953117303794,196.303830321112,12.2941806932083
load_increase_B20_F150,load_increase,3,9,25,2,5,1,1.02020766358892,1.01562014741486,1.02311440644318,-0.00170921374153732,0,1.03680085703108,1.02838004290673,1.02039638252742,1.02935525052861,-0.0029138123683321,0,1.06863635346594,59.9999937660327,59.2150380416175,59.9999930308482,-0.593407525653461,-0.0530067632287221,7.71188674262067,21.9840190974979,59.9999949130723,59.2001286112008,59.9999943446027,-0.59299780279877,-1.04321244748538,8.71483273382158,22.9240400701322,247.351644502021,247.351919448914,275.039160475986,27.3582968360697,178.513910467193,176.953117303794,196.303830321112,12.2941806932083
load_increase_B20_F150,load_increase,4,2,31,3,4,1,1.02001684293784,1.01207485828454,1.02300999659413,-0.00283044547950784,0,1.03680085703108,0.982000570674875,0.970980830214023,0.98494561483245,-0.00380003574789567,0,1.03680085703108,59.9999938740924,59.2152696507699,59.9999931528418,-0.593427983887288,-0.0976929584604994,7.71188674262067,21.9840190974979,59.9999944662808,59.2104148672513,59.9999937866105,-0.593254582194533,-1.62026044879141,7.65714951221716,22.8532706730055,247.351644502021,247.351919448914,275.039160475986,27.3582968360697,178.513910467193,176.953117303794,196.303830321112,12.2941806932083
load_increase_B20_F150,load_increase,5,21,33,3,9,1,0.997579594018811,0.983868444464578,0.998879498776122,-0.00551840536417103,0,0.0643567778272935,0.997200971921189,0.97177924151301,0.999279397295704,-0.0051256084608623,0,0.271202087835091,59.9999938740924,59.2152696507699,59.9999931528418,-0.593427983887288,-0.0976929584604994,7.71188674262067,21.9840190974979,59.9999948530335,59.2023532594772,59.9999937595388,-0.593583012501391,-0.0184570662257526,7.57504366661189,22.7825012758787,247.351644502021,247.351919448914,275.039160475986,27.3582968360697,178.513910467193,176.953117303794,196.303830321112,12.2941806932083
load_increase_B20_F150,load_increase,6,11,33,4,9,1,0.96248990465261,0.952052010223477,0.964608265163938,-0.00450271354693155,0,1.03680085703108,0.997200971921189,0.97177924151301,0.999279397295704,-0.0051256084608623,0,0.271202087835091,59.9999944662808,59.2104148672513,59.9999937866105,-0.593254582194533,-1.62026044879141,7.65714951221716,22.8532706730055,59.9999948530335,59.2023532594772,59.9999937595388,-0.593583012501391,-0.0184570662257526,7.57504366661189,22.7825012758787,247.351644502021,247.351919448914,275.039160475986,27.3582968360697,178.513910467193,176.953117303794,196.303830321112,12.2941806932083
load_increase_B20_F150,load_increase,7,4,25,5,10,1,0.960053104706681,0.949849762916561,0.962100583388396,-0.0043244396520089,0,1.03680085703108,1.02838004290673,1.02039638252742,1.02935525052861,-0.0029138123683321,0,1.06863635346594,59.9999949130723,59.2001286112008,59.9999943446027,-0.59299780279877,-1.04321244748538,8.71483273382158,22.9240400701322,59.9999918043979,59.2160068457982,59.9999905544695,-0.593995780846207,-0.0241822944062921,8.20330196436477,22.4029405233682,247.351644502021,247.351919448914,275.039160475986,27.3582968360697,178.513910467193,176.953117303794,196.303830321112,12.2941806932083
load_increase_B20_F150,load_increase,8,25,37,7,8,1,1.02838004290673,1.02039638252742,1.02935525052861,-0.0029138123683321,0,1.06863635346594,1.02750054732654,1.02064517483651,1.02882712708201,-0.00268875086271181,0,1.06863635346594,59.9999944671441,59.2144253951772,59.9999939609786,-0.593294219966566,-0.338008983500925,7.73925535782243,22.8532706730055,59.9999936918416,59.2191812200229,59.9999929808452,-0.593560691955638,-0.121475347560721,7.65714951221716,21.9840190974979,247.351644502021,247.351919448914,275.039160475986,27.3582968360697,178.513910467193,176.953117303794,196.303830321112,12.2941806932083
load_increase_B20_F150,load_increase,9,14,21,1,2,2,0.965188010297433,0.954296426783637,0.96677627187308,-0.00478114035471944,0,1.03680085703108,0.997579594018811,0.983868444464578,0.998879498776122,-0.00551840536417103,0,0.0643567778272935,59.9999934559826,59.2221187711232,59.9999929154556,-0.593589129528219,-0.317664490963418,7.60241228181364,22.0498628614695,59.9999937660327,59.2150380416175,59.9999930308482,-0.593407525653461,-0.0530067632287221,7.71188674262067,21.9840190974979,699.11655373899,694.660523031259,721.879599457631,22.4800831627723,156.180710399892,154.982678734777,165.56360530304,6.13913528222673
load_increase_B20_F150,load_increase,10,6,24,1,8,2,0.959595788849726,0.949476148871383,0.96229893217624,-0.0042256253326195,0,1.03680085703108,0.999264074901395,0.984716752606273,1.00072922946394,-0.00545298889058776,0,0.0643567778272935,59.9999934559826,59.2221187711232,59.9999929154556,-0.593589129528219,-0.317664490963418,7.60241228181364,22.0498628614695,59.9999936918416,59.2191812200229,59.9999929808452,-0.593560691955638,-0.121475347560721,7.65714951221716,21.9840190974979,699.11655373899,694.660523031259,721.879599457631,22.4800831627723,156.180710399892,154.982678734777,165.56360530304,6.13913528222673
load_increase_B20_F150,load_increase,11,32,33,2,5,2,0.984100548431793,0.973969896923285,0.985177369017944,-0.00424618243807062,0,1.03680085703108,0.997200971921189,0.97177924151301,0.999279397295704,-0.0051256084608623,0,0.271202087835091,59.9999937660327,59.2150380416175,59.9999930308482,-0.593407525653461,-0.0530067632287221,7.71188674262067,21.9840190974979,59.9999949130723,59.2001286112008,59.9999943446027,-0.59299780279877,-1.04321244748538,8.71483273382158,22.9240400701322,699.11655373899,694.660523031259,721.879599457631,22.4800831627723,156.180710399892,154.982678734777,165.56360530304,6.13913528222673
load_increase_B20_F150,load_increase,12,17,18,3,4,2,0.99507019283339,0.982840564283314,0.996781480290869,-0.00473644183974109,0,0.080827290423015,0.993422297824962,0.982549810230728,0.995362807111599,-0.00435610706817635,0,1.03680085703108,59.9999938740924,59.2152696507699,59.9999931528418,-0.593427983887288,-0.0976929584604994,7.71188674262067,21.9840190974979,59.9999944662808,59.2104148672513,59.9999937866105,-0.593254582194533,-1.62026044879141,7.65714951221716,22.8532706730055,699.11655373899,694.660523031259,721.879599457631,22.4800831627723,156.180710399892,154.982678734777,165.56360530304,6.13913528222673
load_increase_B20_F150,load_increase,13,8,26,3,10,2,0.954598516570043,0.945470493039872,0.957725736968201,-0.00374504318133351,0,1.03680085703108,1.01926696898686,1.00597682880424,1.02037586151575,-0.00508638417747886,0,1.06863635346594,59.9999938740924,59.2152696507699,59.9999931528418,-0.593427983887288,-0.0976929584604994,7.71188674262067,21.9840190974979,59.9999918043979,59.2160068457982,59.9999905544695,-0.593995780846207,-0.0241822944062921,8.20330196436477,22.4029405233682,699.11655373899,694.660523031259,721.879599457631,22.4800831627723,156.180710399892,154.982678734777,165.56360530304,6.13913528222673
load_increase_B20_F150,load_increase,14,1,39,4,10,2,1.02689638912936,1.02308754493704,1.03073250828298,-0.00113307397160178,0,1.03680085703108,1.03000013409431,1.02865196269579,1.03103855966781,-0.000448668377276196,0,1.03680085703108,59.9999944662808,59.2104148672513,59.9999937866105,-0.593254582194533,-1.62026044879141,7.65714951221716,22.8532706730055,59.9999918043979,59.2160068457982,59.9999905544695,-0.593995780846207,-0.0241822944062921,8.20330196436477,22.4029405233682,699.11655373899,694.660523031259,721.879599457631,22.4800831627723,156.180710399892,154.982678734777,165.56360530304,6.13913528222673
load_increase_B20_F150,load_increase,15,20,23,5,10,2,0.987464538640993,0.946948094506571,0.987464063594078,-0.0173362246313888,0,6.43335115595819,1.02167685351485,1.00938484276171,1.02313175554777,-0.00524363089875446,0,0.0972978030187364,59.9999949130723,59.2001286112008,59.9999943446027,-0.59299780279877,-1.04321244748538,8.71483273382158,22.9240400701322,59.9999918043979,59.2160068457982,59.9999905544695,-0.593995780846207,-0.0241822944062921,8.20330196436477,22.4029405233682,699.11655373899,694.660523031259,721.879599457631,22.4800831627723,156.180710399892,154.982678734777,165.56360530304,6.13913528222673
load_increase_B20_F150,load_increase,16,10,33,7,9,2,0.965720649152829,0.955106855063959,0.96748157401356,-0.00465029221226732,0,1.03680085703108,0.997200971921189,0.97177924151301,0.999279397295704,-0.0051256084608623,0,0.271202087835091,59.9999944671441,59.2144253951772,59.9999939609786,-0.593294219966566,-0.338008983500925,7.73925535782243,22.8532706730055,59.9999948530335,59.2023532594772,59.9999937595388,-0.593583012501391,-0.0184570662257526,7.57504366661189,22.7825012758787,699.11655373899,694.660523031259,721.879599457631,22.4800831627723,156.180710399892,154.982678734777,165.56360530304,6.13913528222673
load_increase_B20_F150,load_increase,17,3,32,1,3,3,0.994475020133488,0.984706551966436,0.996594663264068,-0.0039049873295427,0,1.03680085703108,0.984100548431793,0.973969896923285,0.985177369017944,-0.00424618243807062,0,1.03680085703108,59.9999934559826,59.2221187711232,59.9999929154556,-0.593589129528219,-0.317664490963418,7.60241228181364,22.0498628614695,59.9999938740924,59.2152696507699,59.9999931528418,-0.593427983887288,-0.0976929584604994,7.71188674262067,21.9840190974979,672.46804441793,670.605444467033,720.899896096115,33.1825701285635,138.262054035867,137.32799728888,146.473041218123,6.94378645707494
load_increase_B20_F150,load_increase,18,23,38,1,8,3,1.02167685351485,1.00938484276171,1.02313175554777,-0.00524363089875446,0,0.0972978030187364,1.02650112277428,1.01049515095259,1.03059443270068,-0.0038507153859817,0,1.06863635346594,59.9999934559826,59.2221187711232,59.9999929154556,-0.593589129528219,-0.317664490963418,7.60241228181364,22.0498628614695,59.9999936918416,59.2191812200229,59.9999929808452,-0.593560691955638,-0.121475347560721,7.65714951221716,21.9840190974979,672.46804441793,670.605444467033,720.899896096115,33.1825701285635,138.262054035867,137.32799728888,146.473041218123,6.94378645707494
load_increase_B20_F150,load_increase,19,13,18,2,6,3,0.964270739573376,0.953515206772991,0.965887703734643,-0.0047559816222007,0,1.03680085703108,0.993422297824962,0.982549810230728,0.995362807111599,-0.00435610706817635,0,1.03680085703108,59.9999937660327,59.2150380416175,59.9999930308482,-0.593407525653461,-0.0530067632287221,7.71188674262067,21.9840190974979,59.9999943494354,59.2147744323631,59.9999939661539,-0.593305918526767,-0.295644694031748,7.73925535782243,22.8532706730055,672.46804441793,670.605444467033,720.899896096115,33.1825701285635,138.262054035867,137.32799728888,146.473041218123,6.94378645707494
load_increase_B20_F150,load_increase,20,5,29,3,5,3,0.958759400236745,0.948757183845631,0.961425241978173,-0.00418913060689052,0,1.03680085703108,1.02109303516246,1.00459262297027,1.02412621991141,-0.00513180933953805,0,1.06863635346594,59.9999938740924,59.2152696507699,59.9999931528418,-0.593427983887288,-0.0976929584604994,7.71188674262067,21.9840190974979,59.9999949130723,59.2001286112008,59.9999943446027,-0.59299780279877,-1.04321244748538,8.71483273382158,22.9240400701322,672.46804441793,670.605444467033,720.899896096115,33.1825701285635,138.262054035867,137.32799728888,146.473041218123,6.94378645707494
load_increase_B20_F150,load_increase,21,28,38,3,10,3,1.01980319076653,1.00365440030294,1.02224412554328,-0.00538622088300356,0,1.06863635346594,1.02650112277428,1.01049515095259,1.03059443270068,-0.0038507153859817,0,1.06863635346594,59.9999938740924,59.2152696507699,59.9999931528418,-0.593427983887288,-0.0976929584604994,7.71188674262067,21.9840190974979,59.9999918043979,59.2160068457982,59.9999905544695,-0.593995780846207,-0.0241822944062921,8.20330196436477,22.4029405233682,672.46804441793,670.605444467033,720.899896096115,33.1825701285635,138.262054035867,137.32799728888,146.473041218123,6.94378645707494
load_increase_B20_F150,load_increase,22,15,34,4,10,3,0.973079105652974,0.960131242232057,0.974615037187957,-0.00501369794032314,0,0.0643567778272935,1.01230116063239,0.970001787096157,1.0123006520705,-0.0127852508020786,0,2.16877589053754,59.9999944662808,59.2104148672513,59.9999937866105,-0.593254582194533,-1.62026044879141,7.65714951221716,22.8532706730055,59.9999918043979,59.2160068457982,59.9999905544695,-0.593995780846207,-0.0241822944062921,8.20330196436477,22.4029405233682,672.46804441793,670.605444467033,720.899896096115,33.1825701285635,138.262054035867,137.32799728888,146.473041218123,6.94378645707494
load_increase_B20_F150,load_increase,23,7,29,6,7,3,0.953428494064471,0.943994241219532,0.956455082956906,-0.00389253770072495,0,1.03680085703108,1.02109303516246,1.00459262297027,1.02412621991141,-0.00513180933953805,0,1.06863635346594,59.9999943494354,59.2147744323631,59.9999939661539,-0.593305918526767,-0.295644694031748,7.73925535782243,22.8532706730055,59.9999944671441,59.2144253951772,59.9999939609786,-0.593294219966566,-0.338008983500925,7.73925535782243,22.8532706730055,672.46804441793,670.605444467033,720.899896096115,33.1825701285635,138.262054035867,137.32799728888,146.473041218123,6.94378645707494
load_increase_B20_F150,load_increase,24,1,11,7,10,3,1.02689638912936,1.02308754493704,1.03073250828298,-0.00113307397160178,0,1.03680085703108,0.96248990465261,0.952052010223477,0.964608265163938,-0.00450271354693155,0,1.03680085703108,59.9999944671441,59.2144253951772,59.9999939609786,-0.593294219966566,-0.338008983500925,7.73925535782243,22.8532706730055,59.9999918043979,59.2160068457982,59.9999905544695,-0.593995780846207,-0.0241822944062921,8.20330196436477,22.4029405233682,672.46804441793,670.605444467033,720.899896096115,33.1825701285635,138.262054035867,137.32799728888,146.473041218123,6.94378645707494
load_increase_B20_F150,load_increase,25,18,34,1,3,4,0.993422297824962,0.982549810230728,0.995362807111599,-0.00435610706817635,0,1.03680085703108,1.01230116063239,0.970001787096157,1.0123006520705,-0.0127852508020786,0,2.16877589053754,59.9999934559826,59.2221187711232,59.9999929154556,-0.593589129528219,-0.317664490963418,7.60241228181364,22.0498628614695,59.9999938740924,59.2152696507699,59.9999931528418,-0.593427983887288,-0.0976929584604994,7.71188674262067,21.9840190974979,653.081286728971,623.780986002241,714.937706921319,20.515909376021,44.6481487675236,44.648332965707,86.0222077179763,34.2569168502889
load_increase_B20_F150,load_increase,26,9,34,1,9,4,1.02020766358892,1.01562014741486,1.02311440644318,-0.00170921374153732,0,1.03680085703108,1.01230116063239,0.970001787096157,1.0123006520705,-0.0127852508020786,0,2.16877589053754,59.9999934559826,59.2221187711232,59.9999929154556,-0.593589129528219,-0.317664490963418,7.60241228181364,22.0498628614695,59.9999948530335,59.2023532594772,59.9999937595388,-0.593583012501391,-0.0184570662257526,7.57504366661189,22.7825012758787,653.081286728971,623.780986002241,714.937706921319,20.515909376021,44.6481487675236,44.648332965707,86.0222077179763,34.2569168502889
load_increase_B20_F150,load_increase,27,3,4,2,7,4,0.994475020133488,0.984706551966436,0.996594663264068,-0.0039049873295427,0,1.03680085703108,0.960053104706681,0.949849762916561,0.962100583388396,-0.0043244396520089,0,1.03680085703108,59.9999937660327,59.2150380416175,59.9999930308482,-0.593407525653461,-0.0530067632287221,7.71188674262067,21.9840190974979,59.9999944671441,59.2144253951772,59.9999939609786,-0.593294219966566,-0.338008983500925,7.73925535782243,22.8532706730055,653.081286728971,623.780986002241,714.937706921319,20.515909376021,44.6481487675236,44.648332965707,86.0222077179763,34.2569168502889
load_increase_B20_F150,load_increase,28,22,26,3,5,4,1.0229600920912,1.01054989678223,1.02433126715623,-0.00517085732786859,0,0.0972978030187364,1.01926696898686,1.00597682880424,1.02037586151575,-0.00508638417747886,0,1.06863635346594,59.9999938740924,59.2152696507699,59.9999931528418,-0.593427983887288,-0.0976929584604994,7.71188674262067,21.9840190974979,59.9999949130723,59.2001286112008,59.9999943446027,-0.59299780279877,-1.04321244748538,8.71483273382158,22.9240400701322,653.081286728971,623.780986002241,714.937706921319,20.515909376021,44.6481487675236,44.648332965707,86.0222077179763,34.2569168502889
load_increase_B20_F150,load_increase,29,12,15,4,5,4,0.945223588050834,0.934825716105862,0.947052485990303,-0.00454295492106838,0,1.03680085703108,0.973079105652974,0.960131242232057,0.974615037187957,-0.00501369794032314,0,0.0643567778272935,59.9999944662808,59.2104148672513,59.9999937866105,-0.593254582194533,-1.62026044879141,7.65714951221716,22.8532706730055,59.9999949130723,59.2001286112008,59.9999943446027,-0.59299780279877,-1.04321244748538,8.71483273382158,22.9240400701322,653.081286728971,623.780986002241,714.937706921319,20.515909376021,44.6481487675236,44.648332965707,86.0222077179763,34.2569168502889
load_increase_B20_F150,load_increase,30,4,34,5,6,4,0.960053104706681,0.949849762916561,0.962100583388396,-0.0043244396520089,0,1.03680085703108,1.01230116063239,0.970001787096157,1.0123006520705,-0.0127852508020786,0,2.16877589053754,59.9999949130723,59.2001286112008,59.9999943446027,-0.59299780279877,-1.04321244748538,8.71483273382158,22.9240400701322,59.9999943494354,59.2147744323631,59.9999939661539,-0.593305918526767,-0.295644694031748,7.73925535782243,22.8532706730055,653.081286728971,623.780986002241,714.937706921319,20.515909376021,44.6481487675236,44.648332965707,86.0222077179763,34.2569168502889
load_increase_B20_F150,load_increase,31,26,33,6,7,4,1.01926696898686,1.00597682880424,1.02037586151575,-0.00508638417747886,0,1.06863635346594,0.997200971921189,0.97177924151301,0.999279397295704,-0.0051256084608623,0,0.271202087835091,59.9999943494354,59.2147744323631,59.9999939661539,-0.593305918526767,-0.295644694031748,7.73925535782243,22.8532706730055,59.9999944671441,59.2144253951772,59.9999939609786,-0.593294219966566,-0.338008983500925,7.73925535782243,22.8532706730055,653.081286728971,623.780986002241,714.937706921319,20.515909376021,44.6481487675236,44.648332965707,86.0222077179763,34.2569168502889
load_increase_B20_F150,load_increase,32,14,30,7,10,4,0.965188010297433,0.954296426783637,0.96677627187308,-0.00478114035471944,0,1.03680085703108,1.04990040987001,1.04498096541828,1.05247420162749,-0.000896146549023591,0,1.03680085703108,59.9999944671441,59.2144253951772,59.9999939609786,-0.593294219966566,-0.338008983500925,7.73925535782243,22.8532706730055,59.9999918043979,59.2160068457982,59.9999905544695,-0.593995780846207,-0.0241822944062921,8.20330196436477,22.4029405233682,653.081286728971,623.780986002241,714.937706921319,20.515909376021,44.6481487675236,44.648332965707,86.0222077179763,34.2569168502889
load_increase_B20_F150,load_increase,33,6,33,1,4,5,0.959595788849726,0.949476148871383,0.96229893217624,-0.0042256253326195,0,1.03680085703108,0.997200971921189,0.97177924151301,0.999279397295704,-0.0051256084608623,0,0.271202087835091,59.9999934559826,59.2221187711232,59.9999929154556,-0.593589129528219,-0.317664490963418,7.60241228181364,22.0498628614695,59.9999944662808,59.2104148672513,59.9999937866105,-0.593254582194533,-1.62026044879141,7.65714951221716,22.8532706730055,517.000719945857,490.954020122615,555.858202018147,22.6686157941274,137.308688158259,125.670596201749,173.928715667657,25.1781247451623
load_increase_B20_F150,load_increase,34,33,36,1,9,5,0.997200971921189,0.97177924151301,0.999279397295704,-0.0051256084608623,0,0.271202087835091,1.0636010753349,1.05431388892925,1.06583147394652,-0.00371256436169087,0,0.113768315614458,59.9999934559826,59.2221187711232,59.9999929154556,-0.593589129528219,-0.317664490963418,7.60241228181364,22.0498628614695,59.9999948530335,59.2023532594772,59.9999937595388,-0.593583012501391,-0.0184570662257526,7.57504366661189,22.7825012758787,517.000719945857,490.954020122615,555.858202018147,22.6686157941274,137.308688158259,125.670596201749,173.928715667657,25.1781247451623
load_increase_B20_F150,load_increase,35,17,27,2,7,5,0.99507019283339,0.982840564283314,0.996781480290869,-0.00473644183974109,0,0.080827290423015,1.0020543707611,0.989315946137738,1.00316228270202,-0.00509761170720924,0,1.06863635346594,59.9999937660327,59.2150380416175,59.9999930308482,-0.593407525653461,-0.0530067632287221,7.71188674262067,21.9840190974979,59.9999944671441,59.2144253951772,59.9999939609786,-0.593294219966566,-0.338008983500925,7.73925535782243,22.8532706730055,517.000719945857,490.954020122615,555.858202018147,22.6686157941274,137.308688158259,125.670596201749,173.928715667657,25.1781247451623
load_increase_B20_F150,load_increase,36,8,36,3,6,5,0.954598516570043,0.945470493039872,0.957725736968201,-0.00374504318133351,0,1.03680085703108,1.0636010753349,1.05431388892925,1.06583147394652,-0.00371256436169087,0,0.113768315614458,59.9999938740924,59.2152696507699,59.9999931528418,-0.593427983887288,-0.0976929584604994,7.71188674262067,21.9840190974979,59.9999943494354,59.2147744323631,59.9999939661539,-0.593305918526767,-0.295644694031748,7.73925535782243,22.8532706730055,517.000719945857,490.954020122615,555.858202018147,22.6686157941274,137.308688158259,125.670596201749,173.928715667657,25.1781247451623
load_increase_B20_F150,load_increase,37,2,11,4,6,5,1.02001684293784,1.01207485828454,1.02300999659413,-0.00283044547950784,0,1.03680085703108,0.96248990465261,0.952052010223477,0.964608265163938,-0.00450271354693155,0,1.03680085703108,59.9999944662808,59.2104148672513,59.9999937866105,-0.593254582194533,-1.62026044879141,7.65714951221716,22.8532706730055,59.9999943494354,59.2147744323631,59.9999939661539,-0.593305918526767,-0.295644694031748,7.73925535782243,22.8532706730055,517.000719945857,490.954020122615,555.858202018147,22.6686157941274,137.308688158259,125.670596201749,173.928715667657,25.1781247451623
load_increase_B20_F150,load_increase,38,20,32,5,6,5,0.987464538640993,0.946948094506571,0.987464063594078,-0.0173362246313888,0,6.43335115595819,0.984100548431793,0.973969896923285,0.985177369017944,-0.00424618243807062,0,1.03680085703108,59.9999949130723,59.2001286112008,59.9999943446027,-0.59299780279877,-1.04321244748538,8.71483273382158,22.9240400701322,59.9999943494354,59.2147744323631,59.9999939661539,-0.593305918526767,-0.295644694031748,7.73925535782243,22.8532706730055,517.000719945857,490.954020122615,555.858202018147,22.6686157941274,137.308688158259,125.670596201749,173.928715667657,25.1781247451623
load_increase_B20_F150,load_increase,39,11,14,6,8,5,0.96248990465261,0.952052010223477,0.964608265163938,-0.00450271354693155,0,1.03680085703108,0.965188010297433,0.954296426783637,0.96677627187308,-0.00478114035471944,0,1.03680085703108,59.9999943494354,59.2147744323631,59.9999939661539,-0.593305918526767,-0.295644694031748,7.73925535782243,22.8532706730055,59.9999936918416,59.2191812200229,59.9999929808452,-0.593560691955638,-0.121475347560721,7.65714951221716,21.9840190974979,517.000719945857,490.954020122615,555.858202018147,22.6686157941274,137.308688158259,125.670596201749,173.928715667657,25.1781247451623
load_increase_B20_F150,load_increase,40,4,6,8,9,5,0.960053104706681,0.949849762916561,0.962100583388396,-0.0043244396520089,0,1.03680085703108,0.959595788849726,0.949476148871383,0.96229893217624,-0.0042256253326195,0,1.03680085703108,59.9999936918416,59.2191812200229,59.9999929808452,-0.593560691955638,-0.121475347560721,7.65714951221716,21.9840190974979,59.9999948530335,59.2023532594772,59.9999937595388,-0.593583012501391,-0.0184570662257526,7.57504366661189,22.7825012758787,517.000719945857,490.954020122615,555.858202018147,22.6686157941274,137.308688158259,125.670596201749,173.928715667657,25.1781247451623
load_increase_B20_F150,load_increase,41,24,32,1,4,6,0.999264074901395,0.984716752606273,1.00072922946394,-0.00545298889058776,0,0.0643567778272935,0.984100548431793,0.973969896923285,0.985177369017944,-0.00424618243807062,0,1.03680085703108,59.9999934559826,59.2221187711232,59.9999929154556,-0.593589129528219,-0.317664490963418,7.60241228181364,22.0498628614695,59.9999944662808,59.2104148672513,59.9999937866105,-0.593254582194533,-1.62026044879141,7.65714951221716,22.8532706730055,646.129526212919,637.488236781895,695.206879683229,33.3174197989038,221.895491666939,221.895634079564,234.919575794132,10.7563294520604
load_increase_B20_F150,load_increase,42,13,27,1,10,6,0.964270739573376,0.953515206772991,0.965887703734643,-0.0047559816222007,0,1.03680085703108,1.0020543707611,0.989315946137738,1.00316228270202,-0.00509761170720924,0,1.06863635346594,59.9999934559826,59.2221187711232,59.9999929154556,-0.593589129528219,-0.317664490963418,7.60241228181364,22.0498628614695,59.9999918043979,59.2160068457982,59.9999905544695,-0.593995780846207,-0.0241822944062921,8.20330196436477,22.4029405233682,646.129526212919,637.488236781895,695.206879683229,33.3174197989038,221.895491666939,221.895634079564,234.919575794132,10.7563294520604
load_increase_B20_F150,load_increase,43,5,38,2,8,6,0.958759400236745,0.948757183845631,0.961425241978173,-0.00418913060689052,0,1.03680085703108,1.02650112277428,1.01049515095259,1.03059443270068,-0.0038507153859817,0,1.06863635346594,59.9999937660327,59.2150380416175,59.9999930308482,-0.593407525653461,-0.0530067632287221,7.71188674262067,21.9840190974979,59.9999936918416,59.2191812200229,59.9999929808452,-0.593560691955638,-0.121475347560721,7.65714951221716,21.9840190974979,646.129526212919,637.488236781895,695.206879683229,33.3174197989038,221.895491666939,221.895634079564,234.919575794132,10.7563294520604
load_increase_B20_F150,load_increase,44,29,38,3,6,6,1.02109303516246,1.00459262297027,1.02412621991141,-0.00513180933953805,0,1.06863635346594,1.02650112277428,1.01049515095259,1.03059443270068,-0.0038507153859817,0,1.06863635346594,59.9999938740924,59.2152696507699,59.9999931528418,-0.593427983887288,-0.0976929584604994,7.71188674262067,21.9840190974979,59.9999943494354,59.2147744323631,59.9999939661539,-0.593305918526767,-0.295644694031748,7.73925535782243,22.8532706730055,646.129526212919,637.488236781895,695.206879683229,33.3174197989038,221.895491666939,221.895634079564,234.919575794132,10.7563294520604
load_increase_B20_F150,load_increase,45,16,20,4,6,6,0.991037366929576,0.976348463145868,0.992581883087987,-0.00523050995519425,0,0.0478862652315721,0.987464538640993,0.946948094506571,0.987464063594078,-0.0173362246313888,0,6.43335115595819,59.9999944662808,59.2104148672513,59.9999937866105,-0.593254582194533,-1.62026044879141,7.65714951221716,22.8532706730055,59.9999943494354,59.2147744323631,59.9999939661539,-0.593305918526767,-0.295644694031748,7.73925535782243,22.8532706730055,646.129526212919,637.488236781895,695.206879683229,33.3174197989038,221.895491666939,221.895634079564,234.919575794132,10.7563294520604
load_increase_B20_F150,load_increase,46,7,38,5,7,6,0.953428494064471,0.943994241219532,0.956455082956906,-0.00389253770072495,0,1.03680085703108,1.02650112277428,1.01049515095259,1.03059443270068,-0.0038507153859817,0,1.06863635346594,59.9999949130723,59.2001286112008,59.9999943446027,-0.59299780279877,-1.04321244748538,8.71483273382158,22.9240400701322,59.9999944671441,59.2144253951772,59.9999939609786,-0.593294219966566,-0.338008983500925,7.73925535782243,22.8532706730055,646.129526212919,637.488236781895,695.206879683229,33.3174197989038,221.895491666939,221.895634079564,234.919575794132,10.7563294520604
load_increase_B20_F150,load_increase,47,1,20,6,9,6,1.02689638912936,1.02308754493704,1.03073250828298,-0.00113307397160178,0,1.03680085703108,0.987464538640993,0.946948094506571,0.987464063594078,-0.0173362246313888,0,6.43335115595819,59.9999943494354,59.2147744323631,59.9999939661539,-0.593305918526767,-0.295644694031748,7.73925535782243,22.8532706730055,59.9999948530335,59.2023532594772,59.9999937595388,-0.593583012501391,-0.0184570662257526,7.57504366661189,22.7825012758787,646.129526212919,637.488236781895,695.206879683229,33.3174197989038,221.895491666939,221.895634079564,234.919575794132,10.7563294520604
load_increase_B20_F150,load_increase,48,19,23,8,9,6,0.990604210848697,0.961875484590492,0.990603758590716,-0.00988017153847742,0,1.16414284277053,1.02167685351485,1.00938484276171,1.02313175554777,-0.00524363089875446,0,0.0972978030187364,59.9999936918416,59.2191812200229,59.9999929808452,-0.593560691955638,-0.121475347560721,7.65714951221716,21.9840190974979,59.9999948530335,59.2023532594772,59.9999937595388,-0.593583012501391,-0.0184570662257526,7.57504366661189,22.7825012758787,646.129526212919,637.488236781895,695.206879683229,33.3174197989038,221.895491666939,221.895634079564,234.919575794132,10.7563294520604
load_increase_B20_F150,load_increase,49,10,14,1,5,7,0.965720649152829,0.955106855063959,0.96748157401356,-0.00465029221226732,0,1.03680085703108,0.965188010297433,0.954296426783637,0.96677627187308,-0.00478114035471944,0,1.03680085703108,59.9999934559826,59.2221187711232,59.9999929154556,-0.593589129528219,-0.317664490963418,7.60241228181364,22.0498628614695,59.9999949130723,59.2001286112008,59.9999943446027,-0.59299780279877,-1.04321244748538,8.71483273382158,22.9240400701322,525.642776165619,519.508199427209,553.782356629831,27.4708890921053,188.546381008994,188.546577690938,201.962693803793,8.91804683784974
load_increase_B20_F150,load_increase,50,3,13,2,3,7,0.994475020133488,0.984706551966436,0.996594663264068,-0.0039049873295427,0,1.03680085703108,0.964270739573376,0.953515206772991,0.965887703734643,-0.0047559816222007,0,1.03680085703108,59.9999937660327,59.2150380416175,59.9999930308482,-0.593407525653461,-0.0530067632287221,7.71188674262067,21.9840190974979,59.9999938740924,59.2152696507699,59.9999931528418,-0.593427983887288,-0.0976929584604994,7.71188674262067,21.9840190974979,525.642776165619,519.508199427209,553.782356629831,27.4708890921053,188.546381008994,188.546577690938,201.962693803793,8.91804683784974
load_increase_B20_F150,load_increase,51,22,35,2,8,7,1.0229600920912,1.01054989678223,1.02433126715623,-0.00517085732786859,0,0.0972978030187364,1.04940121508332,1.03864466189184,1.05101132113169,-0.00403927933505543,0,0.113768315614458,59.9999937660327,59.2150380416175,59.9999930308482,-0.593407525653461,-0.0530067632287221,7.71188674262067,21.9840190974979,59.9999936918416,59.2191812200229,59.9999929808452,-0.593560691955638,-0.121475347560721,7.65714951221716,21.9840190974979,525.642776165619,519.508199427209,553.782356629831,27.4708890921053,188.546381008994,188.546577690938,201.962693803793,8.91804683784974
load_increase_B20_F150,load_increase,52,12,25,3,7,7,0.945223588050834,0.934825716105862,0.947052485990303,-0.00454295492106838,0,1.03680085703108,1.02838004290673,1.02039638252742,1.02935525052861,-0.0029138123683321,0,1.06863635346594,59.9999938740924,59.2152696507699,59.9999931528418,-0.593427983887288,-0.0976929584604994,7.71188674262067,21.9840190974979,59.9999944671441,59.2144253951772,59.9999939609786,-0.593294219966566,-0.338008983500925,7.73925535782243,22.8532706730055,525.642776165619,519.508199427209,553.782356629831,27.4708890921053,188.546381008994,188.546577690938,201.962693803793,8.91804683784974
load_increase_B20_F150,load_increase,53,5,9,4,7,7,0.958759400236745,0.948757183845631,0.961425241978173,-0.00418913060689052,0,1.03680085703108,1.02020766358892,1.01562014741486,1.02311440644318,-0.00170921374153732,0,1.03680085703108,59.9999944662808,59.2104148672513,59.9999937866105,-0.593254582194533,-1.62026044879141,7.65714951221716,22.8532706730055,59.9999944671441,59.2144253951772,59.9999939609786,-0.593294219966566,-0.338008983500925,7.73925535782243,22.8532706730055,525.642776165619,519.508199427209,553.782356629831,27.4708890921053,188.546381008994,188.546577690938,201.962693803793,8.91804683784974
load_increase_B20_F150,load_increase,54,27,30,5,7,7,1.0020543707611,0.989315946137738,1.00316228270202,-0.00509761170720924,0,1.06863635346594,1.04990040987001,1.04498096541828,1.05247420162749,-0.000896146549023591,0,1.03680085703108,59.9999949130723,59.2001286112008,59.9999943446027,-0.59299780279877,-1.04321244748538,8.71483273382158,22.9240400701322,59.9999944671441,59.2144253951772,59.9999939609786,-0.593294219966566,-0.338008983500925,7.73925535782243,22.8532706730055,525.642776165619,519.508199427209,553.782356629831,27.4708890921053,188.546381008994,188.546577690938,201.962693803793,8.91804683784974
load_increase_B20_F150,load_increase,55,14,39,6,9,7,0.965188010297433,0.954296426783637,0.96677627187308,-0.00478114035471944,0,1.03680085703108,1.03000013409431,1.02865196269579,1.03103855966781,-0.000448668377276196,0,1.03680085703108,59.9999943494354,59.2147744323631,59.9999939661539,-0.593305918526767,-0.295644694031748,7.73925535782243,22.8532706730055,59.9999948530335,59.2023532594772,59.9999937595388,-0.593583012501391,-0.0184570662257526,7.57504366661189,22.7825012758787,525.642776165619,519.508199427209,553.782356629831,27.4708890921053,188.546381008994,188.546577690938,201.962693803793,8.91804683784974
load_increase_B20_F150,load_increase,56,7,10,8,10,7,0.953428494064471,0.943994241219532,0.956455082956906,-0.00389253770072495,0,1.03680085703108,0.965720649152829,0.955106855063959,0.96748157401356,-0.00465029221226732,0,1.03680085703108,59.9999936918416,59.2191812200229,59.9999929808452,-0.593560691955638,-0.121475347560721,7.65714951221716,21.9840190974979,59.9999918043979,59.2160068457982,59.9999905544695,-0.593995780846207,-0.0241822944062921,8.20330196436477,22.4029405233682,525.642776165619,519.508199427209,553.782356629831,27.4708890921053,188.546381008994,188.546577690938,201.962693803793,8.91804683784974
load_increase_B20_F150,load_increase,57,35,36,1,5,8,1.04940121508332,1.03864466189184,1.05101132113169,-0.00403927933505543,0,0.113768315614458,1.0636010753349,1.05431388892925,1.06583147394652,-0.00371256436169087,0,0.113768315614458,59.9999934559826,59.2221187711232,59.9999929154556,-0.593589129528219,-0.317664490963418,7.60241228181364,22.0498628614695,59.9999949130723,59.2001286112008,59.9999943446027,-0.59299780279877,-1.04321244748538,8.71483273382158,22.9240400701322,535.98704469732,535.987115098243,555.490654342775,19.4973633679633,13.8483715662576,13.8484934426564,20.8520724340586,3.02962950742705
load_increase_B20_F150,load_increase,58,17,36,2,3,8,0.99507019283339,0.982840564283314,0.996781480290869,-0.00473644183974109,0,0.080827290423015,1.0636010753349,1.05431388892925,1.06583147394652,-0.00371256436169087,0,0.113768315614458,59.9999937660327,59.2150380416175,59.9999930308482,-0.593407525653461,-0.0530067632287221,7.71188674262067,21.9840190974979,59.9999938740924,59.2152696507699,59.9999931528418,-0.593427983887288,-0.0976929584604994,7.71188674262067,21.9840190974979,535.98704469732,535.987115098243,555.490654342775,19.4973633679633,13.8483715662576,13.8484934426564,20.8520724340586,3.02962950742705
load_increase_B20_F150,load_increase,59,9,15,2,9,8,1.02020766358892,1.01562014741486,1.02311440644318,-0.00170921374153732,0,1.03680085703108,0.973079105652974,0.960131242232057,0.974615037187957,-0.00501369794032314,0,0.0643567778272935,59.9999937660327,59.2150380416175,59.9999930308482,-0.593407525653461,-0.0530067632287221,7.71188674262067,21.9840190974979,59.9999948530335,59.2023532594772,59.9999937595388,-0.593583012501391,-0.0184570662257526,7.57504366661189,22.7825012758787,535.98704469732,535.987115098243,555.490654342775,19.4973633679633,13.8483715662576,13.8484934426564,20.8520724340586,3.02962950742705
load_increase_B20_F150,load_increase,60,2,21,3,8,8,1.02001684293784,1.01207485828454,1.02300999659413,-0.00283044547950784,0,1.03680085703108,0.997579594018811,0.983868444464578,0.998879498776122,-0.00551840536417103,0,0.0643567778272935,59.9999938740924,59.2152696507699,59.9999931528418,-0.593427983887288,-0.0976929584604994,7.71188674262067,21.9840190974979,59.9999936918416,59.2191812200229,59.9999929808452,-0.593560691955638,-0.121475347560721,7.65714951221716,21.9840190974979,535.98704469732,535.987115098243,555.490654342775,19.4973633679633,13.8483715662576,13.8484934426564,20.8520724340586,3.02962950742705
load_increase_B20_F150,load_increase,61,21,23,4,7,8,0.997579594018811,0.983868444464578,0.998879498776122,-0.00551840536417103,0,0.0643567778272935,1.02167685351485,1.00938484276171,1.02313175554777,-0.00524363089875446,0,0.0972978030187364,59.9999944662808,59.2104148672513,59.9999937866105,-0.593254582194533,-1.62026044879141,7.65714951221716,22.8532706730055,59.9999944671441,59.2144253951772,59.9999939609786,-0.593294219966566,-0.338008983500925,7.73925535782243,22.8532706730055,535.98704469732,535.987115098243,555.490654342775,19.4973633679633,13.8483715662576,13.8484934426564,20.8520724340586,3.02962950742705
load_increase_B20_F150,load_increase,62,11,23,5,8,8,0.96248990465261,0.952052010223477,0.964608265163938,-0.00450271354693155,0,1.03680085703108,1.02167685351485,1.00938484276171,1.02313175554777,-0.00524363089875446,0,0.0972978030187364,59.9999949130723,59.2001286112008,59.9999943446027,-0.59299780279877,-1.04321244748538,8.71483273382158,22.9240400701322,59.9999936918416,59.2191812200229,59.9999929808452,-0.593560691955638,-0.121475347560721,7.65714951221716,21.9840190974979,535.98704469732,535.987115098243,555.490654342775,19.4973633679633,13.8483715662576,13.8484934426564,20.8520724340586,3.02962950742705
load_increase_B20_F150,load_increase,63,4,15,6,10,8,0.960053104706681,0.949849762916561,0.962100583388396,-0.0043244396520089,0,1.03680085703108,0.973079105652974,0.960131242232057,0.974615037187957,-0.00501369794032314,0,0.0643567778272935,59.9999943494354,59.2147744323631,59.9999939661539,-0.593305918526767,-0.295644694031748,7.73925535782243,22.8532706730055,59.9999918043979,59.2160068457982,59.9999905544695,-0.593995780846207,-0.0241822944062921,8.20330196436477,22.4029405233682,535.98704469732,535.987115098243,555.490654342775,19.4973633679633,13.8483715662576,13.8484934426564,20.8520724340586,3.02962950742705
load_increase_B20_F150,load_increase,64,25,27,8,10,8,1.02838004290673,1.02039638252742,1.02935525052861,-0.0029138123683321,0,1.06863635346594,1.0020543707611,0.989315946137738,1.00316228270202,-0.00509761170720924,0,1.06863635346594,59.9999936918416,59.2191812200229,59.9999929808452,-0.593560691955638,-0.121475347560721,7.65714951221716,21.9840190974979,59.9999918043979,59.2160068457982,59.9999905544695,-0.593995780846207,-0.0241822944062921,8.20330196436477,22.4029405233682,535.98704469732,535.987115098243,555.490654342775,19.4973633679633,13.8483715662576,13.8484934426564,20.8520724340586,3.02962950742705
load_increase_B20_F150,load_increase,65,13,36,1,6,9,0.964270739573376,0.953515206772991,0.965887703734643,-0.0047559816222007,0,1.03680085703108,1.0636010753349,1.05431388892925,1.06583147394652,-0.00371256436169087,0,0.113768315614458,59.9999934559826,59.2221187711232,59.9999929154556,-0.593589129528219,-0.317664490963418,7.60241228181364,22.0498628614695,59.9999943494354,59.2147744323631,59.9999939661539,-0.593305918526767,-0.295644694031748,7.73925535782243,22.8532706730055,821.976188999109,812.060898141157,878.479256871493,33.3112377154736,43.6266753165716,43.6266901016509,58.471958487961,11.1475441874581
load_increase_B20_F150,load_increase,66,6,14,2,4,9,0.959595788849726,0.949476148871383,0.96229893217624,-0.0042256253326195,0,1.03680085703108,0.965188010297433,0.954296426783637,0.96677627187308,-0.00478114035471944,0,1.03680085703108,59.9999937660327,59.2150380416175,59.9999930308482,-0.593407525653461,-0.0530067632287221,7.71188674262067,21.9840190974979,59.9999944662808,59.2104148672513,59.9999937866105,-0.593254582194533,-1.62026044879141,7.65714951221716,22.8532706730055,821.976188999109,812.060898141157,878.479256871493,33.3112377154736,43.6266753165716,43.6266901016509,58.471958487961,11.1475441874581
load_increase_B20_F150,load_increase,67,30,38,2,9,9,1.04990040987001,1.04498096541828,1.05247420162749,-0.000896146549023591,0,1.03680085703108,1.02650112277428,1.01049515095259,1.03059443270068,-0.0038507153859817,0,1.06863635346594,59.9999937660327,59.2150380416175,59.9999930308482,-0.593407525653461,-0.0530067632287221,7.71188674262067,21.9840190974979,59.9999948530335,59.2023532594772,59.9999937595388,-0.593583012501391,-0.0184570662257526,7.57504366661189,22.7825012758787,821.976188999109,812.060898141157,878.479256871493,33.3112377154736,43.6266753165716,43.6266901016509,58.471958487961,11.1475441874581
load_increase_B20_F150,load_increase,68,16,30,3,8,9,0.991037366929576,0.976348463145868,0.992581883087987,-0.00523050995519425,0,0.0478862652315721,1.04990040987001,1.04498096541828,1.05247420162749,-0.000896146549023591,0,1.03680085703108,59.9999938740924,59.2152696507699,59.9999931528418,-0.593427983887288,-0.0976929584604994,7.71188674262067,21.9840190974979,59.9999936918416,59.2191812200229,59.9999929808452,-0.593560691955638,-0.121475347560721,7.65714951221716,21.9840190974979,821.976188999109,812.060898141157,878.479256871493,33.3112377154736,43.6266753165716,43.6266901016509,58.471958487961,11.1475441874581
load_increase_B20_F150,load_increase,69,8,16,4,8,9,0.954598516570043,0.945470493039872,0.957725736968201,-0.00374504318133351,0,1.03680085703108,0.991037366929576,0.976348463145868,0.992581883087987,-0.00523050995519425,0,0.0478862652315721,59.9999944662808,59.2104148672513,59.9999937866105,-0.593254582194533,-1.62026044879141,7.65714951221716,22.8532706730055,59.9999936918416,59.2191812200229,59.9999929808452,-0.593560691955638,-0.121475347560721,7.65714951221716,21.9840190974979,821.976188999109,812.060898141157,878.479256871493,33.3112377154736,43.6266753165716,43.6266901016509,58.471958487961,11.1475441874581
load_increase_B20_F150,load_increase,70,1,29,5,9,9,1.02689638912936,1.02308754493704,1.03073250828298,-0.00113307397160178,0,1.03680085703108,1.02109303516246,1.00459262297027,1.02412621991141,-0.00513180933953805,0,1.06863635346594,59.9999949130723,59.2001286112008,59.9999943446027,-0.59299780279877,-1.04321244748538,8.71483273382158,22.9240400701322,59.9999948530335,59.2023532594772,59.9999937595388,-0.593583012501391,-0.0184570662257526,7.57504366661189,22.7825012758787,821.976188999109,812.060898141157,878.479256871493,33.3112377154736,43.6266753165716,43.6266901016509,58.471958487961,11.1475441874581
load_increase_B20_F150,load_increase,71,19,32,6,10,9,0.990604210848697,0.961875484590492,0.990603758590716,-0.00988017153847742,0,1.16414284277053,0.984100548431793,0.973969896923285,0.985177369017944,-0.00424618243807062,0,1.03680085703108,59.9999943494354,59.2147744323631,59.9999939661539,-0.593305918526767,-0.295644694031748,7.73925535782243,22.8532706730055,59.9999918043979,59.2160068457982,59.9999905544695,-0.593995780846207,-0.0241822944062921,8.20330196436477,22.4029405233682,821.976188999109,812.060898141157,878.479256871493,33.3112377154736,43.6266753165716,43.6266901016509,58.471958487961,11.1475441874581
load_increase_B20_F150,load_increase,72,10,23,9,10,9,0.965720649152829,0.955106855063959,0.96748157401356,-0.00465029221226732,0,1.03680085703108,1.02167685351485,1.00938484276171,1.02313175554777,-0.00524363089875446,0,0.0972978030187364,59.9999948530335,59.2023532594772,59.9999937595388,-0.593583012501391,-0.0184570662257526,7.57504366661189,22.7825012758787,59.9999918043979,59.2160068457982,59.9999905544695,-0.593995780846207,-0.0241822944062921,8.20330196436477,22.4029405233682,821.976188999109,812.060898141157,878.479256871493,33.3112377154736,43.6266753165716,43.6266901016509,58.471958487961,11.1475441874581
load_increase_B20_F150,load_increase,73,3,22,1,7,10,0.994475020133488,0.984706551966436,0.996594663264068,-0.0039049873295427,0,1.03680085703108,1.0229600920912,1.01054989678223,1.02433126715623,-0.00517085732786859,0,0.0972978030187364,59.9999934559826,59.2221187711232,59.9999929154556,-0.593589129528219,-0.317664490963418,7.60241228181364,22.0498628614695,59.9999944671441,59.2144253951772,59.9999939609786,-0.593294219966566,-0.338008983500925,7.73925535782243,22.8532706730055,950.434923998617,915.539901029544,1189.97802283122,17.985244202273,226.715283095974,196.468381885508,249.823685364438,6.61401846576086
load_increase_B20_F150,load_increase,74,23,28,2,4,10,1.02167685351485,1.00938484276171,1.02313175554777,-0.00524363089875446,0,0.0972978030187364,1.01980319076653,1.00365440030294,1.02224412554328,-0.00538622088300356,0,1.06863635346594,59.9999937660327,59.2150380416175,59.9999930308482,-0.593407525653461,-0.0530067632287221,7.71188674262067,21.9840190974979,59.9999944662808,59.2104148672513,59.9999937866105,-0.593254582194533,-1.62026044879141,7.65714951221716,22.8532706730055,950.434923998617,915.539901029544,1189.97802283122,17.985244202273,226.715283095974,196.468381885508,249.823685364438,6.61401846576086
load_increase_B20_F150,load_increase,75,12,34,2,10,10,0.945223588050834,0.934825716105862,0.947052485990303,-0.00454295492106838,0,1.03680085703108,1.01230116063239,0.970001787096157,1.0123006520705,-0.0127852508020786,0,2.16877589053754,59.9999937660327,59.2150380416175,59.9999930308482,-0.593407525653461,-0.0530067632287221,7.71188674262067,21.9840190974979,59.9999918043979,59.2160068457982,59.9999905544695,-0.593995780846207,-0.0241822944062921,8.20330196436477,22.4029405233682,950.434923998617,915.539901029544,1189.97802283122,17.985244202273,226.715283095974,196.468381885508,249.823685364438,6.61401846576086
load_increase_B20_F150,load_increase,76,5,19,3,9,10,0.958759400236745,0.948757183845631,0.961425241978173,-0.00418913060689052,0,1.03680085703108,0.990604210848697,0.961875484590492,0.990603758590716,-0.00988017153847742,0,1.16414284277053,59.9999938740924,59.2152696507699,59.9999931528418,-0.593427983887288,-0.0976929584604994,7.71188674262067,21.9840190974979,59.9999948530335,59.2023532594772,59.9999937595388,-0.593583012501391,-0.0184570662257526,7.57504366661189,22.7825012758787,950.434923998617,915.539901029544,1189.97802283122,17.985244202273,226.715283095974,196.468381885508,249.823685364438,6.61401846576086
load_increase_B20_F150,load_increase,77,27,39,4,8,10,1.0020543707611,0.989315946137738,1.00316228270202,-0.00509761170720924,0,1.06863635346594,1.03000013409431,1.02865196269579,1.03103855966781,-0.000448668377276196,0,1.03680085703108,59.9999944662808,59.2104148672513,59.9999937866105,-0.593254582194533,-1.62026044879141,7.65714951221716,22.8532706730055,59.9999936918416,59.2191812200229,59.9999929808452,-0.593560691955638,-0.121475347560721,7.65714951221716,21.9840190974979,950.434923998617,915.539901029544,1189.97802283122,17.985244202273,226.715283095974,196.468381885508,249.823685364438,6.61401846576086
load_increase_B20_F150,load_increase,78,15,24,5,9,10,0.973079105652974,0.960131242232057,0.974615037187957,-0.00501369794032314,0,0.0643567778272935,0.999264074901395,0.984716752606273,1.00072922946394,-0.00545298889058776,0,0.0643567778272935,59.9999949130723,59.2001286112008,59.9999943446027,-0.59299780279877,-1.04321244748538,8.71483273382158,22.9240400701322,59.9999948530335,59.2023532594772,59.9999937595388,-0.593583012501391,-0.0184570662257526,7.57504366661189,22.7825012758787,950.434923998617,915.539901029544,1189.97802283122,17.985244202273,226.715283095974,196.468381885508,249.823685364438,6.61401846576086
load_increase_B20_F150,load_increase,79,7,19,7,8,10,0.953428494064471,0.943994241219532,0.956455082956906,-0.00389253770072495,0,1.03680085703108,0.990604210848697,0.961875484590492,0.990603758590716,-0.00988017153847742,0,1.16414284277053,59.9999944671441,59.2144253951772,59.9999939609786,-0.593294219966566,-0.338008983500925,7.73925535782243,22.8532706730055,59.9999936918416,59.2191812200229,59.9999929808452,-0.593560691955638,-0.121475347560721,7.65714951221716,21.9840190974979,950.434923998617,915.539901029544,1189.97802283122,17.985244202273,226.715283095974,196.468381885508,249.823685364438,6.61401846576086
load_increase_B20_F150,load_increase,80,38,39,9,10,10,1.02650112277428,1.01049515095259,1.03059443270068,-0.0038507153859817,0,1.06863635346594,1.03000013409431,1.02865196269579,1.03103855966781,-0.000448668377276196,0,1.03680085703108,59.9999948530335,59.2023532594772,59.9999937595388,-0.593583012501391,-0.0184570662257526,7.57504366661189,22.7825012758787,59.9999918043979,59.2160068457982,59.9999905544695,-0.593995780846207,-0.0241822944062921,8.20330196436477,22.4029405233682,950.434923998617,915.539901029544,1189.97802283122,17.985244202273,226.715283095974,196.468381885508,249.823685364438,6.61401846576086
load_increase_B26_F165,load_increase,1,1,2,1,2,1,1.02689638912936,1.02588602292655,1.02800512588234,-0.000142824913659689,0,0.000111387859190515,1.02001684293784,1.01741499484856,1.02063978460906,-0.000710594310402657,0,0.000111387859190515,59.9999934559826,59.7858062580777,59.9999929154556,-0.163667327854029,-0.324218485942634,7.79300758179285,15.9489228302742,59.9999937660327,59.7845419172309,59.9999930308482,-0.163694453349152,-0.0240142175796839,7.83974878803762,15.9489228302742,247.351644502021,245.24519222919,265.507888794238,7.44116940136064,178.513910467193,178.514465299017,183.90039507826,3.28048288140985
load_increase_B26_F165,load_increase,2,18,25,1,7,1,0.993422297824962,0.98963566551846,0.993421901286815,-0.00209531855331524,0,0.064324707494591,1.02838004290673,1.02361883699826,1.02837976212162,-0.00250313680830305,0,0.000111387859190515,59.9999934559826,59.7858062580777,59.9999929154556,-0.163667327854029,-0.324218485942634,7.79300758179285,15.9489228302742,59.9999944671441,59.7846505920695,59.9999939609786,-0.163764309296937,-0.0700600640862895,7.9110078253822,15.8729217141823,247.351644502021,245.24519222919,265.507888794238,7.44116940136064,178.513910467193,178.514465299017,183.90039507826,3.28048288140985
load_increase_B26_F165,load_increase,3,9,25,2,5,1,1.02020766358892,1.01899476441404,1.02070802042542,-0.000636230180544484,0,4.34098778245144,1.02838004290673,1.02361883699826,1.02837976212162,-0.00250313680830305,0,0.000111387859190515,59.9999937660327,59.7845419172309,59.9999930308482,-0.163694453349152,-0.0240142175796839,7.83974878803762,15.9489228302742,59.9999949130723,59.7821864872924,59.9999943446027,-0.163823541600706,-0.00424222336395669,6.86988429210896,15.8151079160671,247.351644502021,245.24519222919,265.507888794238,7.44116940136064,178.513910467193,178.514465299017,183.90039507826,3.28048288140985
load_increase_B26_F165,load_increase,4,2,31,3,4,1,1.02001684293784,1.01741499484856,1.02063978460906,-0.000710594310402657,0,0.000111387859190515,0.982000570674875,0.9792324051485,0.98220900585376,-0.00103938075487153,0,0.98300025753095,59.9999938740924,59.7847112141499,59.9999931528418,-0.163707816697276,-0.0352178681899047,7.83974878803762,15.9489228302742,59.9999944662808,59.7849054970868,59.9999937866105,-0.163768818373484,-0.0787389650738844,7.83974878803762,15.8729217141823,247.351644502021,245.24519222919,265.507888794238,7.44116940136064,178.513910467193,178.514465299017,183.90039507826,3.28048288140985
load_increase_B26_F165,load_increase,5,21,33,3,9,1,0.997579594018811,0.994051443248781,0.99757917147838,-0.00208173523163291,0,0.152441281027671,0.997200971921189,0.993908267286766,0.997771563709019,-0.00101958230871924,0,1.04046451925862,59.9999938740924,59.7847112141499,59.9999931528418,-0.163707816697276,-0.0352178681899047,7.83974878803762,15.9489228302742,59.9999948530335,59.7823902827723,59.9999937595388,-0.163745027420035,-0.204513498015966,7.94663734405449,15.8729217141823,247.351644502021,245.24519222919,265.507888794238,7.44116940136064,178.513910467193,178.514465299017,183.90039507826,3.28048288140985
load_increase_B26_F165,load_increase,6,11,33,4,9,1,0.96248990465261,0.959714138708737,0.962489524218583,-0.00148828314600291,0,0.98300025753095,0.997200971921189,0.993908267286766,0.997771563709019,-0.00101958230871924,0,1.04046451925862,59.9999944662808,59.7849054970868,59.9999937866105,-0.163768818373484,-0.0787389650738844,7.83974878803762,15.8729217141823,59.9999948530335,59.7823902827723,59.9999937595388,-0.163745027420035,-0.204513498015966,7.94663734405449,15.8729217141823,247.351644502021,245.24519222919,265.507888794238,7.44116940136064,178.513910467193,178.514465299017,183.90039507826,3.28048288140985
load_increase_B26_F165,load_increase,7,4,25,5,10,1,0.960053104706681,0.957239218107032,0.96005272883502,-0.00155206647253203,0,0.98300025753095,1.02838004290673,1.02361883699826,1.02837976212162,-0.00250313680830305,0,0.000111387859190515,59.9999949130723,59.7821864872924,59.9999943446027,-0.163823541600706,-0.00424222336395669,6.86988429210896,15.8151079160671,59.9999918043979,59.7850999819791,59.9999905544695,-0.163462795995535,-0.0148654951619975,8.37400264736683,16.2323610864915,247.351644502021,245.24519222919,265.507888794238,7.44116940136064,178.513910467193,178.514465299017,183.90039507826,3.28048288140985
load_increase_B26_F165,load_increase,8,25,37,7,8,1,1.02838004290673,1.02361883699826,1.02837976212162,-0.00250313680830305,0,0.000111387859190515,1.02750054732654,1.02352753966124,1.02750028868048,-0.00117043437153064,0,0.0369494574378049,59.9999944671441,59.7846505920695,59.9999939609786,-0.163764309296937,-0.0700600640862895,7.9110078253822,15.8729217141823,59.9999936918416,59.7854678622699,59.9999929808452,-0.163675147791125,-0.191539970082664,7.83974878803762,15.9489228302742,247.351644502021,245.24519222919,265.507888794238,7.44116940136064,178.513910467193,178.514465299017,183.90039507826,3.28048288140985
load_increase_B26_F165,load_increase,9,14,21,1,2,2,0.965188010297433,0.962157221099543,0.965187625896465,-0.00170109956694875,0,0.98300025753095,0.997579594018811,0.994051443248781,0.99757917147838,-0.00208173523163291,0,0.152441281027671,59.9999934559826,59.7858062580777,59.9999929154556,-0.163667327854029,-0.324218485942634,7.79300758179285,15.9489228302742,59.9999937660327,59.7845419172309,59.9999930308482,-0.163694453349152,-0.0240142175796839,7.83974878803762,15.9489228302742,699.11655373899,699.116650101119,705.28787805689,6.09198641332557,156.180710399892,156.18077075031,159.575151350377,2.71345120144423
load_increase_B26_F165,load_increase,10,6,24,1,8,2,0.959595788849726,0.956925156750951,0.959644013015495,-0.00142278140306562,0,0.98300025753095,0.999264074901395,0.995519816704744,0.999263645090658,-0.00223572353177404,0,0.152441281027671,59.9999934559826,59.7858062580777,59.9999929154556,-0.163667327854029,-0.324218485942634,7.79300758179285,15.9489228302742,59.9999936918416,59.7854678622699,59.9999929808452,-0.163675147791125,-0.191539970082664,7.83974878803762,15.9489228302742,699.11655373899,699.116650101119,705.28787805689,6.09198641332557,156.180710399892,156.18077075031,159.575151350377,2.71345120144423
load_increase_B26_F165,load_increase,11,32,33,2,5,2,0.984100548431793,0.981498615483509,0.98410020178925,-0.00117187683652986,0,0.98300025753095,0.997200971921189,0.993908267286766,0.997771563709019,-0.00101958230871924,0,1.04046451925862,59.9999937660327,59.7845419172309,59.9999930308482,-0.163694453349152,-0.0240142175796839,7.83974878803762,15.9489228302742,59.9999949130723,59.7821864872924,59.9999943446027,-0.163823541600706,-0.00424222336395669,6.86988429210896,15.8151079160671,699.11655373899,699.116650101119,705.28787805689,6.09198641332557,156.180710399892,156.18077075031,159.575151350377,2.71345120144423
load_increase_B26_F165,load_increase,12,17,18,3,4,2,0.99507019283339,0.990803453038846,0.99506978189358,-0.00251241707040872,0,0.081948022201207,0.993422297824962,0.98963566551846,0.993421901286815,-0.00209531855331524,0,0.064324707494591,59.9999938740924,59.7847112141499,59.9999931528418,-0.163707816697276,-0.0352178681899047,7.83974878803762,15.9489228302742,59.9999944662808,59.7849054970868,59.9999937866105,-0.163768818373484,-0.0787389650738844,7.83974878803762,15.8729217141823,699.11655373899,699.116650101119,705.28787805689,6.09198641332557,156.180710399892,156.18077075031,159.575151350377,2.71345120144423
load_increase_B26_F165,load_increase,13,8,26,3,10,2,0.954598516570043,0.952215800459482,0.954803406271103,-0.0013039662331128,0,0.98300025753095,1.01926696898686,1.01131241467702,1.0192665756457,-0.00476496145479732,0,0.0369494574378049,59.9999938740924,59.7847112141499,59.9999931528418,-0.163707816697276,-0.0352178681899047,7.83974878803762,15.9489228302742,59.9999918043979,59.7850999819791,59.9999905544695,-0.163462795995535,-0.0148654951619975,8.37400264736683,16.2323610864915,699.11655373899,699.116650101119,705.28787805689,6.09198641332557,156.180710399892,156.18077075031,159.575151350377,2.71345120144423
load_increase_B26_F165,load_increase,14,1,39,4,10,2,1.02689638912936,1.02588602292655,1.02800512588234,-0.000142824913659689,0,0.000111387859190515,1.03000013409431,1.02968786061748,1.03027648391675,-0.0001215486432109,0,0.000111387859190515,59.9999944662808,59.7849054970868,59.9999937866105,-0.163768818373484,-0.0787389650738844,7.83974878803762,15.8729217141823,59.9999918043979,59.7850999819791,59.9999905544695,-0.163462795995535,-0.0148654951619975,8.37400264736683,16.2323610864915,699.11655373899,699.116650101119,705.28787805689,6.09198641332557,156.180710399892,156.18077075031,159.575151350377,2.71345120144423
load_increase_B26_F165,load_increase,15,20,23,5,10,2,0.987464538640993,0.983270973016894,0.987714310827214,-0.00185306510353611,0,1.04046451925862,1.02167685351485,1.0185146954,1.02167644552061,-0.001777860653144,0,0.17368197127295,59.9999949130723,59.7821864872924,59.9999943446027,-0.163823541600706,-0.00424222336395669,6.86988429210896,15.8151079160671,59.9999918043979,59.7850999819791,59.9999905544695,-0.163462795995535,-0.0148654951619975,8.37400264736683,16.2323610864915,699.11655373899,699.116650101119,705.28787805689,6.09198641332557,156.180710399892,156.18077075031,159.575151350377,2.71345120144423
load_increase_B26_F165,load_increase,16,10,33,7,9,2,0.965720649152829,0.962893297365467,0.965720272081748,-0.00151341191395304,0,0.98300025753095,0.997200971921189,0.993908267286766,0.997771563709019,-0.00101958230871924,0,1.04046451925862,59.9999944671441,59.7846505920695,59.9999939609786,-0.163764309296937,-0.0700600640862895,7.9110078253822,15.8729217141823,59.9999948530335,59.7823902827723,59.9999937595388,-0.163745027420035,-0.204513498015966,7.94663734405449,15.8729217141823,699.11655373899,699.116650101119,705.28787805689,6.09198641332557,156.180710399892,156.18077075031,159.575151350377,2.71345120144423
load_increase_B26_F165,load_increase,17,3,32,1,3,3,0.994475020133488,0.991414436254724,0.99447465088492,-0.00143832398708743,0,0.0506370824661979,0.984100548431793,0.981498615483509,0.98410020178925,-0.00117187683652986,0,0.98300025753095,59.9999934559826,59.7858062580777,59.9999929154556,-0.163667327854029,-0.324218485942634,7.79300758179285,15.9489228302742,59.9999938740924,59.7847112141499,59.9999931528418,-0.163707816697276,-0.0352178681899047,7.83974878803762,15.9489228302742,672.46804441793,672.468208792161,685.131343246517,9.01889402113022,138.262054035867,138.262231281765,141.549438387026,3.00614474127485
load_increase_B26_F165,load_increase,18,23,38,1,8,3,1.02167685351485,1.0185146954,1.02167644552061,-0.001777860653144,0,0.17368197127295,1.02650112277428,1.01918057221493,1.02731372271577,-0.00136570141301862,0,0.0282498886934393,59.9999934559826,59.7858062580777,59.9999929154556,-0.163667327854029,-0.324218485942634,7.79300758179285,15.9489228302742,59.9999936918416,59.7854678622699,59.9999929808452,-0.163675147791125,-0.191539970082664,7.83974878803762,15.9489228302742,672.46804441793,672.468208792161,685.131343246517,9.01889402113022,138.262054035867,138.262231281765,141.549438387026,3.00614474127485
load_increase_B26_F165,load_increase,19,13,18,2,6,3,0.964270739573376,0.96137462512866,0.964270361507435,-0.00157850385305569,0,0.98300025753095,0.993422297824962,0.98963566551846,0.993421901286815,-0.00209531855331524,0,0.064324707494591,59.9999937660327,59.7845419172309,59.9999930308482,-0.163694453349152,-0.0240142175796839,7.83974878803762,15.9489228302742,59.9999943494354,59.784492818581,59.9999939661539,-0.163765519511344,-0.0595345160867372,7.9110078253822,15.8729217141823,672.46804441793,672.468208792161,685.131343246517,9.01889402113022,138.262054035867,138.262231281765,141.549438387026,3.00614474127485
load_increase_B26_F165,load_increase,20,5,29,3,5,3,0.958759400236745,0.956104444580426,0.958799555373095,-0.00143239424741815,0,0.98300025753095,1.02109303516246,1.01311181277234,1.02109257282773,-0.00275478749846125,0,0.0282498886934393,59.9999938740924,59.7847112141499,59.9999931528418,-0.163707816697276,-0.0352178681899047,7.83974878803762,15.9489228302742,59.9999949130723,59.7821864872924,59.9999943446027,-0.163823541600706,-0.00424222336395669,6.86988429210896,15.8151079160671,672.46804441793,672.468208792161,685.131343246517,9.01889402113022,138.262054035867,138.262231281765,141.549438387026,3.00614474127485
load_increase_B26_F165,load_increase,21,28,38,3,10,3,1.01980319076653,1.01169170710415,1.01980273929526,-0.00332176071076451,0,0.0282498886934393,1.02650112277428,1.01918057221493,1.02731372271577,-0.00136570141301862,0,0.0282498886934393,59.9999938740924,59.7847112141499,59.9999931528418,-0.163707816697276,-0.0352178681899047,7.83974878803762,15.9489228302742,59.9999918043979,59.7850999819791,59.9999905544695,-0.163462795995535,-0.0148654951619975,8.37400264736683,16.2323610864915,672.46804441793,672.468208792161,685.131343246517,9.01889402113022,138.262054035867,138.262231281765,141.549438387026,3.00614474127485
load_increase_B26_F165,load_increase,22,15,34,4,10,3,0.973079105652974,0.969573263880891,0.973078694472808,-0.00205096332962273,0,0.98300025753095,1.01230116063239,1.00771093579579,1.01272128238926,-0.00195643468125262,0,1.04046451925862,59.9999944662808,59.7849054970868,59.9999937866105,-0.163768818373484,-0.0787389650738844,7.83974878803762,15.8729217141823,59.9999918043979,59.7850999819791,59.9999905544695,-0.163462795995535,-0.0148654951619975,8.37400264736683,16.2323610864915,672.46804441793,672.468208792161,685.131343246517,9.01889402113022,138.262054035867,138.262231281765,141.549438387026,3.00614474127485
load_increase_B26_F165,load_increase,23,7,29,6,7,3,0.953428494064471,0.950957411948893,0.953589311111576,-0.00134165851141044,0,0.98300025753095,1.02109303516246,1.01311181277234,1.02109257282773,-0.00275478749846125,0,0.0282498886934393,59.9999943494354,59.784492818581,59.9999939661539,-0.163765519511344,-0.0595345160867372,7.9110078253822,15.8729217141823,59.9999944671441,59.7846505920695,59.9999939609786,-0.163764309296937,-0.0700600640862895,7.9110078253822,15.8729217141823,672.46804441793,672.468208792161,685.131343246517,9.01889402113022,138.262054035867,138.262231281765,141.549438387026,3.00614474127485
load_increase_B26_F165,load_increase,24,1,11,7,10,3,1.02689638912936,1.02588602292655,1.02800512588234,-0.000142824913659689,0,0.000111387859190515,0.96248990465261,0.959714138708737,0.962489524218583,-0.00148828314600291,0,0.98300025753095,59.9999944671441,59.7846505920695,59.9999939609786,-0.163764309296937,-0.0700600640862895,7.9110078253822,15.8729217141823,59.9999918043979,59.7850999819791,59.9999905544695,-0.163462795995535,-0.0148654951619975,8.37400264736683,16.2323610864915,672.46804441793,672.468208792161,685.131343246517,9.01889402113022,138.262054035867,138.262231281765,141.549438387026,3.00614474127485
load_increase_B26_F165,load_increase,25,18,34,1,3,4,0.993422297824962,0.98963566551846,0.993421901286815,-0.00209531855331524,0,0.064324707494591,1.01230116063239,1.00771093579579,1.01272128238926,-0.00195643468125262,0,1.04046451925862,59.9999934559826,59.7858062580777,59.9999929154556,-0.163667327854029,-0.324218485942634,7.79300758179285,15.9489228302742,59.9999938740924,59.7847112141499,59.9999931528418,-0.163707816697276,-0.0352178681899047,7.83974878803762,15.9489228302742,653.081286728971,652.88992348967,658.801177284867,5.51546329320433,44.6481487675236,44.648332965707,50.5525340739445,5.27762927540076
load_increase_B26_F165,load_increase,26,9,34,1,9,4,1.02020766358892,1.01899476441404,1.02070802042542,-0.000636230180544484,0,4.34098778245144,1.01230116063239,1.00771093579579,1.01272128238926,-0.00195643468125262,0,1.04046451925862,59.9999934559826,59.7858062580777,59.9999929154556,-0.163667327854029,-0.324218485942634,7.79300758179285,15.9489228302742,59.9999948530335,59.7823902827723,59.9999937595388,-0.163745027420035,-0.204513498015966,7.94663734405449,15.8729217141823,653.081286728971,652.88992348967,658.801177284867,5.51546329320433,44.6481487675236,44.648332965707,50.5525340739445,5.27762927540076
load_increase_B26_F165,load_increase,27,3,4,2,7,4,0.994475020133488,0.991414436254724,0.99447465088492,-0.00143832398708743,0,0.0506370824661979,0.960053104706681,0.957239218107032,0.96005272883502,-0.00155206647253203,0,0.98300025753095,59.9999937660327,59.7845419172309,59.9999930308482,-0.163694453349152,-0.0240142175796839,7.83974878803762,15.9489228302742,59.9999944671441,59.7846505920695,59.9999939609786,-0.163764309296937,-0.0700600640862895,7.9110078253822,15.8729217141823,653.081286728971,652.88992348967,658.801177284867,5.51546329320433,44.6481487675236,44.648332965707,50.5525340739445,5.27762927540076
load_increase_B26_F165,load_increase,28,22,26,3,5,4,1.0229600920912,1.01976960976201,1.02295968149004,-0.00175271926310483,0,0.17368197127295,1.01926696898686,1.01131241467702,1.0192665756457,-0.00476496145479732,0,0.0369494574378049,59.9999938740924,59.7847112141499,59.9999931528418,-0.163707816697276,-0.0352178681899047,7.83974878803762,15.9489228302742,59.9999949130723,59.7821864872924,59.9999943446027,-0.163823541600706,-0.00424222336395669,6.86988429210896,15.8151079160671,653.081286728971,652.88992348967,658.801177284867,5.51546329320433,44.6481487675236,44.648332965707,50.5525340739445,5.27762927540076
load_increase_B26_F165,load_increase,29,12,15,4,5,4,0.945223588050834,0.942441033830641,0.945223215958439,-0.00150452824016345,0,0.98300025753095,0.973079105652974,0.969573263880891,0.973078694472808,-0.00205096332962273,0,0.98300025753095,59.9999944662808,59.7849054970868,59.9999937866105,-0.163768818373484,-0.0787389650738844,7.83974878803762,15.8729217141823,59.9999949130723,59.7821864872924,59.9999943446027,-0.163823541600706,-0.00424222336395669,6.86988429210896,15.8151079160671,653.081286728971,652.88992348967,658.801177284867,5.51546329320433,44.6481487675236,44.648332965707,50.5525340739445,5.27762927540076
load_increase_B26_F165,load_increase,30,4,34,5,6,4,0.960053104706681,0.957239218107032,0.96005272883502,-0.00155206647253203,0,0.98300025753095,1.01230116063239,1.00771093579579,1.01272128238926,-0.00195643468125262,0,1.04046451925862,59.9999949130723,59.7821864872924,59.9999943446027,-0.163823541600706,-0.00424222336395669,6.86988429210896,15.8151079160671,59.9999943494354,59.784492818581,59.9999939661539,-0.163765519511344,-0.0595345160867372,7.9110078253822,15.8729217141823,653.081286728971,652.88992348967,658.801177284867,5.51546329320433,44.6481487675236,44.648332965707,50.5525340739445,5.27762927540076
load_increase_B26_F165,load_increase,31,26,33,6,7,4,1.01926696898686,1.01131241467702,1.0192665756457,-0.00476496145479732,0,0.0369494574378049,0.997200971921189,0.993908267286766,0.997771563709019,-0.00101958230871924,0,1.04046451925862,59.9999943494354,59.784492818581,59.9999939661539,-0.163765519511344,-0.0595345160867372,7.9110078253822,15.8729217141823,59.9999944671441,59.7846505920695,59.9999939609786,-0.163764309296937,-0.0700600640862895,7.9110078253822,15.8729217141823,653.081286728971,652.88992348967,658.801177284867,5.51546329320433,44.6481487675236,44.648332965707,50.5525340739445,5.27762927540076
load_increase_B26_F165,load_increase,32,14,30,7,10,4,0.965188010297433,0.962157221099543,0.965187625896465,-0.00170109956694875,0,0.98300025753095,1.04990040987001,1.04793127477317,1.05057694715818,-0.000194731527713099,0,0.000111387859190515,59.9999944671441,59.7846505920695,59.9999939609786,-0.163764309296937,-0.0700600640862895,7.9110078253822,15.8729217141823,59.9999918043979,59.7850999819791,59.9999905544695,-0.163462795995535,-0.0148654951619975,8.37400264736683,16.2323610864915,653.081286728971,652.88992348967,658.801177284867,5.51546329320433,44.6481487675236,44.648332965707,50.5525340739445,5.27762927540076
load_increase_B26_F165,load_increase,33,6,33,1,4,5,0.959595788849726,0.956925156750951,0.959644013015495,-0.00142278140306562,0,0.98300025753095,0.997200971921189,0.993908267286766,0.997771563709019,-0.00101958230871924,0,1.04046451925862,59.9999934559826,59.7858062580777,59.9999929154556,-0.163667327854029,-0.324218485942634,7.79300758179285,15.9489228302742,59.9999944662808,59.7849054970868,59.9999937866105,-0.163768818373484,-0.0787389650738844,7.83974878803762,15.8729217141823,517.000719945857,515.328533126623,524.473017935361,6.09261905393521,137.308688158259,134.941220844186,138.578890752927,-0.494789133633645
load_increase_B26_F165,load_increase,34,33,36,1,9,5,0.997200971921189,0.993908267286766,0.997771563709019,-0.00101958230871924,0,1.04046451925862,1.0636010753349,1.06118476049622,1.063807213327,-0.00107770626288861,0,0.17368197127295,59.9999934559826,59.7858062580777,59.9999929154556,-0.163667327854029,-0.324218485942634,7.79300758179285,15.9489228302742,59.9999948530335,59.7823902827723,59.9999937595388,-0.163745027420035,-0.204513498015966,7.94663734405449,15.8729217141823,517.000719945857,515.328533126623,524.473017935361,6.09261905393521,137.308688158259,134.941220844186,138.578890752927,-0.494789133633645
load_increase_B26_F165,load_increase,35,17,27,2,7,5,0.99507019283339,0.990803453038846,0.99506978189358,-0.00251241707040872,0,0.081948022201207,1.0020543707611,0.995941420687145,1.00205397218291,-0.00359544313212889,0,0.0506370824661979,59.9999937660327,59.7845419172309,59.9999930308482,-0.163694453349152,-0.0240142175796839,7.83974878803762,15.9489228302742,59.9999944671441,59.7846505920695,59.9999939609786,-0.163764309296937,-0.0700600640862895,7.9110078253822,15.8729217141823,517.000719945857,515.328533126623,524.473017935361,6.09261905393521,137.308688158259,134.941220844186,138.578890752927,-0.494789133633645
load_increase_B26_F165,load_increase,36,8,36,3,6,5,0.954598516570043,0.952215800459482,0.954803406271103,-0.0013039662331128,0,0.98300025753095,1.0636010753349,1.06118476049622,1.063807213327,-0.00107770626288861,0,0.17368197127295,59.9999938740924,59.7847112141499,59.9999931528418,-0.163707816697276,-0.0352178681899047,7.83974878803762,15.9489228302742,59.9999943494354,59.784492818581,59.9999939661539,-0.163765519511344,-0.0595345160867372,7.9110078253822,15.8729217141823,517.000719945857,515.328533126623,524.473017935361,6.09261905393521,137.308688158259,134.941220844186,138.578890752927,-0.494789133633645
load_increase_B26_F165,load_increase,37,2,11,4,6,5,1.02001684293784,1.01741499484856,1.02063978460906,-0.000710594310402657,0,0.000111387859190515,0.96248990465261,0.959714138708737,0.962489524218583,-0.00148828314600291,0,0.98300025753095,59.9999944662808,59.7849054970868,59.9999937866105,-0.163768818373484,-0.0787389650738844,7.83974878803762,15.8729217141823,59.9999943494354,59.784492818581,59.9999939661539,-0.163765519511344,-0.0595345160867372,7.9110078253822,15.8729217141823,517.000719945857,515.328533126623,524.473017935361,6.09261905393521,137.308688158259,134.941220844186,138.578890752927,-0.494789133633645
load_increase_B26_F165,load_increase,38,20,32,5,6,5,0.987464538640993,0.983270973016894,0.987714310827214,-0.00185306510353611,0,1.04046451925862,0.984100548431793,0.981498615483509,0.98410020178925,-0.00117187683652986,0,0.98300025753095,59.9999949130723,59.7821864872924,59.9999943446027,-0.163823541600706,-0.00424222336395669,6.86988429210896,15.8151079160671,59.9999943494354,59.784492818581,59.9999939661539,-0.163765519511344,-0.0595345160867372,7.9110078253822,15.8729217141823,517.000719945857,515.328533126623,524.473017935361,6.09261905393521,137.308688158259,134.941220844186,138.578890752927,-0.494789133633645
load_increase_B26_F165,load_increase,39,11,14,6,8,5,0.96248990465261,0.959714138708737,0.962489524218583,-0.00148828314600291,0,0.98300025753095,0.965188010297433,0.962157221099543,0.965187625896465,-0.00170109956694875,0,0.98300025753095,59.9999943494354,59.784492818581,59.9999939661539,-0.163765519511344,-0.0595345160867372,7.9110078253822,15.8729217141823,59.9999936918416,59.7854678622699,59.9999929808452,-0.163675147791125,-0.191539970082664,7.83974878803762,15.9489228302742,517.000719945857,515.328533126623,524.473017935361,6.09261905393521,137.308688158259,134.941220844186,138.578890752927,-0.494789133633645
load_increase_B26_F165,load_increase,40,4,6,8,9,5,0.960053104706681,0.957239218107032,0.96005272883502,-0.00155206647253203,0,0.98300025753095,0.959595788849726,0.956925156750951,0.959644013015495,-0.00142278140306562,0,0.98300025753095,59.9999936918416,59.7854678622699,59.9999929808452,-0.163675147791125,-0.191539970082664,7.83974878803762,15.9489228302742,59.9999948530335,59.7823902827723,59.9999937595388,-0.163745027420035,-0.204513498015966,7.94663734405449,15.8729217141823,517.000719945857,515.328533126623,524.473017935361,6.09261905393521,137.308688158259,134.941220844186,138.578890752927,-0.494789133633645
load_increase_B26_F165,load_increase,41,24,32,1,4,6,0.999264074901395,0.995519816704744,0.999263645090658,-0.00223572353177404,0,0.152441281027671,0.984100548431793,0.981498615483509,0.98410020178925,-0.00117187683652986,0,0.98300025753095,59.9999934559826,59.7858062580777,59.9999929154556,-0.163667327854029,-0.324218485942634,7.79300758179285,15.9489228302742,59.9999944662808,59.7849054970868,59.9999937866105,-0.163768818373484,-0.0787389650738844,7.83974878803762,15.8729217141823,646.129526212919,646.129856362282,658.886477476103,9.01212125975235,221.895491666939,221.895634079564,226.76728267754,4.70336638575785
load_increase_B26_F165,load_increase,42,13,27,1,10,6,0.964270739573376,0.96137462512866,0.964270361507435,-0.00157850385305569,0,0.98300025753095,1.0020543707611,0.995941420687145,1.00205397218291,-0.00359544313212889,0,0.0506370824661979,59.9999934559826,59.7858062580777,59.9999929154556,-0.163667327854029,-0.324218485942634,7.79300758179285,15.9489228302742,59.9999918043979,59.7850999819791,59.9999905544695,-0.163462795995535,-0.0148654951619975,8.37400264736683,16.2323610864915,646.129526212919,646.129856362282,658.886477476103,9.01212125975235,221.895491666939,221.895634079564,226.76728267754,4.70336638575785
load_increase_B26_F165,load_increase,43,5,38,2,8,6,0.958759400236745,0.956104444580426,0.958799555373095,-0.00143239424741815,0,0.98300025753095,1.02650112277428,1.01918057221493,1.02731372271577,-0.00136570141301862,0,0.0282498886934393,59.9999937660327,59.7845419172309,59.9999930308482,-0.163694453349152,-0.0240142175796839,7.83974878803762,15.9489228302742,59.9999936918416,59.7854678622699,59.9999929808452,-0.163675147791125,-0.191539970082664,7.83974878803762,15.9489228302742,646.129526212919,646.129856362282,658.886477476103,9.01212125975235,221.895491666939,221.895634079564,226.76728267754,4.70336638575785
load_increase_B26_F165,load_increase,44,29,38,3,6,6,1.02109303516246,1.01311181277234,1.02109257282773,-0.00275478749846125,0,0.0282498886934393,1.02650112277428,1.01918057221493,1.02731372271577,-0.00136570141301862,0,0.0282498886934393,59.9999938740924,59.7847112141499,59.9999931528418,-0.163707816697276,-0.0352178681899047,7.83974878803762,15.9489228302742,59.9999943494354,59.784492818581,59.9999939661539,-0.163765519511344,-0.0595345160867372,7.9110078253822,15.8729217141823,646.129526212919,646.129856362282,658.886477476103,9.01212125975235,221.895491666939,221.895634079564,226.76728267754,4.70336638575785
load_increase_B26_F165,load_increase,45,16,20,4,6,6,0.991037366929576,0.987256020642675,0.991036940258187,-0.00223838924009445,0,0.152441281027671,0.987464538640993,0.983270973016894,0.987714310827214,-0.00185306510353611,0,1.04046451925862,59.9999944662808,59.7849054970868,59.9999937866105,-0.163768818373484,-0.0787389650738844,7.83974878803762,15.8729217141823,59.9999943494354,59.784492818581,59.9999939661539,-0.163765519511344,-0.0595345160867372,7.9110078253822,15.8729217141823,646.129526212919,646.129856362282,658.886477476103,9.01212125975235,221.895491666939,221.895634079564,226.76728267754,4.70336638575785
load_increase_B26_F165,load_increase,46,7,38,5,7,6,0.953428494064471,0.950957411948893,0.953589311111576,-0.00134165851141044,0,0.98300025753095,1.02650112277428,1.01918057221493,1.02731372271577,-0.00136570141301862,0,0.0282498886934393,59.9999949130723,59.7821864872924,59.9999943446027,-0.163823541600706,-0.00424222336395669,6.86988429210896,15.8151079160671,59.9999944671441,59.7846505920695,59.9999939609786,-0.163764309296937,-0.0700600640862895,7.9110078253822,15.8729217141823,646.129526212919,646.129856362282,658.886477476103,9.01212125975235,221.895491666939,221.895634079564,226.76728267754,4.70336638575785
load_increase_B26_F165,load_increase,47,1,20,6,9,6,1.02689638912936,1.02588602292655,1.02800512588234,-0.000142824913659689,0,0.000111387859190515,0.987464538640993,0.983270973016894,0.987714310827214,-0.00185306510353611,0,1.04046451925862,59.9999943494354,59.784492818581,59.9999939661539,-0.163765519511344,-0.0595345160867372,7.9110078253822,15.8729217141823,59.9999948530335,59.7823902827723,59.9999937595388,-0.163745027420035,-0.204513498015966,7.94663734405449,15.8729217141823,646.129526212919,646.129856362282,658.886477476103,9.01212125975235,221.895491666939,221.895634079564,226.76728267754,4.70336638575785
load_increase_B26_F165,load_increase,48,19,23,8,9,6,0.990604210848697,0.986736100532173,0.990735585779932,-0.00173436032158303,0,1.04046451925862,1.02167685351485,1.0185146954,1.02167644552061,-0.001777860653144,0,0.17368197127295,59.9999936918416,59.7854678622699,59.9999929808452,-0.163675147791125,-0.191539970082664,7.83974878803762,15.9489228302742,59.9999948530335,59.7823902827723,59.9999937595388,-0.163745027420035,-0.204513498015966,7.94663734405449,15.8729217141823,646.129526212919,646.129856362282,658.886477476103,9.01212125975235,221.895491666939,221.895634079564,226.76728267754,4.70336638575785
load_increase_B26_F165,load_increase,49,10,14,1,5,7,0.965720649152829,0.962893297365467,0.965720272081748,-0.00151341191395304,0,0.98300025753095,0.965188010297433,0.962157221099543,0.965187625896465,-0.00170109956694875,0,0.98300025753095,59.9999934559826,59.7858062580777,59.9999929154556,-0.163667327854029,-0.324218485942634,7.79300758179285,15.9489228302742,59.9999949130723,59.7821864872924,59.9999943446027,-0.163823541600706,-0.00424222336395669,6.86988429210896,15.8151079160671,525.642776165619,525.643092250139,533.267355003874,7.44279984382649,188.546381008994,188.546577690938,193.059844189127,3.50997228861985
load_increase_B26_F165,load_increase,50,3,13,2,3,7,0.994475020133488,0.991414436254724,0.99447465088492,-0.00143832398708743,0,0.0506370824661979,0.964270739573376,0.96137462512866,0.964270361507435,-0.00157850385305569,0,0.98300025753095,59.9999937660327,59.7845419172309,59.9999930308482,-0.163694453349152,-0.0240142175796839,7.83974878803762,15.9489228302742,59.9999938740924,59.7847112141499,59.9999931528418,-0.163707816697276,-0.0352178681899047,7.83974878803762,15.9489228302742,525.642776165619,525.643092250139,533.267355003874,7.44279984382649,188.546381008994,188.546577690938,193.059844189127,3.50997228861985
load_increase_B26_F165,load_increase,51,22,35,2,8,7,1.0229600920912,1.01976960976201,1.02295968149004,-0.00175271926310483,0,0.17368197127295,1.04940121508332,1.04663770355777,1.04940082684498,-0.00119901045298243,0,0.17368197127295,59.9999937660327,59.7845419172309,59.9999930308482,-0.163694453349152,-0.0240142175796839,7.83974878803762,15.9489228302742,59.9999936918416,59.7854678622699,59.9999929808452,-0.163675147791125,-0.191539970082664,7.83974878803762,15.9489228302742,525.642776165619,525.643092250139,533.267355003874,7.44279984382649,188.546381008994,188.546577690938,193.059844189127,3.50997228861985
load_increase_B26_F165,load_increase,52,12,25,3,7,7,0.945223588050834,0.942441033830641,0.945223215958439,-0.00150452824016345,0,0.98300025753095,1.02838004290673,1.02361883699826,1.02837976212162,-0.00250313680830305,0,0.000111387859190515,59.9999938740924,59.7847112141499,59.9999931528418,-0.163707816697276,-0.0352178681899047,7.83974878803762,15.9489228302742,59.9999944671441,59.7846505920695,59.9999939609786,-0.163764309296937,-0.0700600640862895,7.9110078253822,15.8729217141823,525.642776165619,525.643092250139,533.267355003874,7.44279984382649,188.546381008994,188.546577690938,193.059844189127,3.50997228861985
load_increase_B26_F165,load_increase,53,5,9,4,7,7,0.958759400236745,0.956104444580426,0.958799555373095,-0.00143239424741815,0,0.98300025753095,1.02020766358892,1.01899476441404,1.02070802042542,-0.000636230180544484,0,4.34098778245144,59.9999944662808,59.7849054970868,59.9999937866105,-0.163768818373484,-0.0787389650738844,7.83974878803762,15.8729217141823,59.9999944671441,59.7846505920695,59.9999939609786,-0.163764309296937,-0.0700600640862895,7.9110078253822,15.8729217141823,525.642776165619,525.643092250139,533.267355003874,7.44279984382649,188.546381008994,188.546577690938,193.059844189127,3.50997228861985
load_increase_B26_F165,load_increase,54,27,30,5,7,7,1.0020543707611,0.995941420687145,1.00205397218291,-0.00359544313212889,0,0.0506370824661979,1.04990040987001,1.04793127477317,1.05057694715818,-0.000194731527713099,0,0.000111387859190515,59.9999949130723,59.7821864872924,59.9999943446027,-0.163823541600706,-0.00424222336395669,6.86988429210896,15.8151079160671,59.9999944671441,59.7846505920695,59.9999939609786,-0.163764309296937,-0.0700600640862895,7.9110078253822,15.8729217141823,525.642776165619,525.643092250139,533.267355003874,7.44279984382649,188.546381008994,188.546577690938,193.059844189127,3.50997228861985
load_increase_B26_F165,load_increase,55,14,39,6,9,7,0.965188010297433,0.962157221099543,0.965187625896465,-0.00170109956694875,0,0.98300025753095,1.03000013409431,1.02968786061748,1.03027648391675,-0.0001215486432109,0,0.000111387859190515,59.9999943494354,59.784492818581,59.9999939661539,-0.163765519511344,-0.0595345160867372,7.9110078253822,15.8729217141823,59.9999948530335,59.7823902827723,59.9999937595388,-0.163745027420035,-0.204513498015966,7.94663734405449,15.8729217141823,525.642776165619,525.643092250139,533.267355003874,7.44279984382649,188.546381008994,188.546577690938,193.059844189127,3.50997228861985
load_increase_B26_F165,load_increase,56,7,10,8,10,7,0.953428494064471,0.950957411948893,0.953589311111576,-0.00134165851141044,0,0.98300025753095,0.965720649152829,0.962893297365467,0.965720272081748,-0.00151341191395304,0,0.98300025753095,59.9999936918416,59.7854678622699,59.9999929808452,-0.163675147791125,-0.191539970082664,7.83974878803762,15.9489228302742,59.9999918043979,59.7850999819791,59.9999905544695,-0.163462795995535,-0.0148654951619975,8.37400264736683,16.2323610864915,525.642776165619,525.643092250139,533.267355003874,7.44279984382649,188.546381008994,188.546577690938,193.059844189127,3.50997228861985
load_increase_B26_F165,load_increase,57,35,36,1,5,8,1.04940121508332,1.04663770355777,1.04940082684498,-0.00119901045298243,0,0.17368197127295,1.0636010753349,1.06118476049622,1.063807213327,-0.00107770626288861,0,0.17368197127295,59.9999934559826,59.7858062580777,59.9999929154556,-0.163667327854029,-0.324218485942634,7.79300758179285,15.9489228302742,59.9999949130723,59.7821864872924,59.9999943446027,-0.163823541600706,-0.00424222336395669,6.86988429210896,15.8151079160671,535.98704469732,533.434820841768,543.729497580922,5.30932633276541,13.8483715662576,13.8484934426564,21.3778744011268,6.49088833177398
load_increase_B26_F165,load_increase,58,17,36,2,3,8,0.99507019283339,0.990803453038846,0.99506978189358,-0.00251241707040872,0,0.081948022201207,1.0636010753349,1.06118476049622,1.063807213327,-0.00107770626288861,0,0.17368197127295,59.9999937660327,59.7845419172309,59.9999930308482,-0.163694453349152,-0.0240142175796839,7.83974878803762,15.9489228302742,59.9999938740924,59.7847112141499,59.9999931528418,-0.163707816697276,-0.0352178681899047,7.83974878803762,15.9489228302742,535.98704469732,533.434820841768,543.729497580922,5.30932633276541,13.8483715662576,13.8484934426564,21.3778744011268,6.49088833177398
load_increase_B26_F165,load_increase,59,9,15,2,9,8,1.02020766358892,1.01899476441404,1.02070802042542,-0.000636230180544484,0,4.34098778245144,0.973079105652974,0.969573263880891,0.973078694472808,-0.00205096332962273,0,0.98300025753095,59.9999937660327,59.7845419172309,59.9999930308482,-0.163694453349152,-0.0240142175796839,7.83974878803762,15.9489228302742,59.9999948530335,59.7823902827723,59.9999937595388,-0.163745027420035,-0.204513498015966,7.94663734405449,15.8729217141823,535.98704469732,533.434820841768,543.729497580922,5.30932633276541,13.8483715662576,13.8484934426564,21.3778744011268,6.49088833177398
load_increase_B26_F165,load_increase,60,2,21,3,8,8,1.02001684293784,1.01741499484856,1.02063978460906,-0.000710594310402657,0,0.000111387859190515,0.997579594018811,0.994051443248781,0.99757917147838,-0.00208173523163291,0,0.152441281027671,59.9999938740924,59.7847112141499,59.9999931528418,-0.163707816697276,-0.0352178681899047,7.83974878803762,15.9489228302742,59.9999936918416,59.7854678622699,59.9999929808452,-0.163675147791125,-0.191539970082664,7.83974878803762,15.9489228302742,535.98704469732,533.434820841768,543.729497580922,5.30932633276541,13.8483715662576,13.8484934426564,21.3778744011268,6.49088833177398
load_increase_B26_F165,load_increase,61,21,23,4,7,8,0.997579594018811,0.994051443248781,0.99757917147838,-0.00208173523163291,0,0.152441281027671,1.02167685351485,1.0185146954,1.02167644552061,-0.001777860653144,0,0.17368197127295,59.9999944662808,59.7849054970868,59.9999937866105,-0.163768818373484,-0.0787389650738844,7.83974878803762,15.8729217141823,59.9999944671441,59.7846505920695,59.9999939609786,-0.163764309296937,-0.0700600640862895,7.9110078253822,15.8729217141823,535.98704469732,533.434820841768,543.729497580922,5.30932633276541,13.8483715662576,13.8484934426564,21.3778744011268,6.49088833177398
load_increase_B26_F165,load_increase,62,11,23,5,8,8,0.96248990465261,0.959714138708737,0.962489524218583,-0.00148828314600291,0,0.98300025753095,1.02167685351485,1.0185146954,1.02167644552061,-0.001777860653144,0,0.17368197127295,59.9999949130723,59.7821864872924,59.9999943446027,-0.163823541600706,-0.00424222336395669,6.86988429210896,15.8151079160671,59.9999936918416,59.7854678622699,59.9999929808452,-0.163675147791125,-0.191539970082664,7.83974878803762,15.9489228302742,535.98704469732,533.434820841768,543.729497580922,5.30932633276541,13.8483715662576,13.8484934426564,21.3778744011268,6.49088833177398
load_increase_B26_F165,load_increase,63,4,15,6,10,8,0.960053104706681,0.957239218107032,0.96005272883502,-0.00155206647253203,0,0.98300025753095,0.973079105652974,0.969573263880891,0.973078694472808,-0.00205096332962273,0,0.98300025753095,59.9999943494354,59.784492818581,59.9999939661539,-0.163765519511344,-0.0595345160867372,7.9110078253822,15.8729217141823,59.9999918043979,59.7850999819791,59.9999905544695,-0.163462795995535,-0.0148654951619975,8.37400264736683,16.2323610864915,535.98704469732,533.434820841768,543.729497580922,5.30932633276541,13.8483715662576,13.8484934426564,21.3778744011268,6.49088833177398
load_increase_B26_F165,load_increase,64,25,27,8,10,8,1.02838004290673,1.02361883699826,1.02837976212162,-0.00250313680830305,0,0.000111387859190515,1.0020543707611,0.995941420687145,1.00205397218291,-0.00359544313212889,0,0.0506370824661979,59.9999936918416,59.7854678622699,59.9999929808452,-0.163675147791125,-0.191539970082664,7.83974878803762,15.9489228302742,59.9999918043979,59.7850999819791,59.9999905544695,-0.163462795995535,-0.0148654951619975,8.37400264736683,16.2323610864915,535.98704469732,533.434820841768,543.729497580922,5.30932633276541,13.8483715662576,13.8484934426564,21.3778744011268,6.49088833177398
load_increase_B26_F165,load_increase,65,13,36,1,6,9,0.964270739573376,0.96137462512866,0.964270361507435,-0.00157850385305569,0,0.98300025753095,1.0636010753349,1.06118476049622,1.063807213327,-0.00107770626288861,0,0.17368197127295,59.9999934559826,59.7858062580777,59.9999929154556,-0.163667327854029,-0.324218485942634,7.79300758179285,15.9489228302742,59.9999943494354,59.784492818581,59.9999939661539,-0.163765519511344,-0.0595345160867372,7.9110078253822,15.8729217141823,821.976188999109,818.384947066311,835.443232689547,9.00556625979357,43.6266753165716,43.6266901016509,54.2988685604324,9.87794174841547
load_increase_B26_F165,load_increase,66,6,14,2,4,9,0.959595788849726,0.956925156750951,0.959644013015495,-0.00142278140306562,0,0.98300025753095,0.965188010297433,0.962157221099543,0.965187625896465,-0.00170109956694875,0,0.98300025753095,59.9999937660327,59.7845419172309,59.9999930308482,-0.163694453349152,-0.0240142175796839,7.83974878803762,15.9489228302742,59.9999944662808,59.7849054970868,59.9999937866105,-0.163768818373484,-0.0787389650738844,7.83974878803762,15.8729217141823,821.976188999109,818.384947066311,835.443232689547,9.00556625979357,43.6266753165716,43.6266901016509,54.2988685604324,9.87794174841547
load_increase_B26_F165,load_increase,67,30,38,2,9,9,1.04990040987001,1.04793127477317,1.05057694715818,-0.000194731527713099,0,0.000111387859190515,1.02650112277428,1.01918057221493,1.02731372271577,-0.00136570141301862,0,0.0282498886934393,59.9999937660327,59.7845419172309,59.9999930308482,-0.163694453349152,-0.0240142175796839,7.83974878803762,15.9489228302742,59.9999948530335,59.7823902827723,59.9999937595388,-0.163745027420035,-0.204513498015966,7.94663734405449,15.8729217141823,821.976188999109,818.384947066311,835.443232689547,9.00556625979357,43.6266753165716,43.6266901016509,54.2988685604324,9.87794174841547
load_increase_B26_F165,load_increase,68,16,30,3,8,9,0.991037366929576,0.987256020642675,0.991036940258187,-0.00223838924009445,0,0.152441281027671,1.04990040987001,1.04793127477317,1.05057694715818,-0.000194731527713099,0,0.000111387859190515,59.9999938740924,59.7847112141499,59.9999931528418,-0.163707816697276,-0.0352178681899047,7.83974878803762,15.9489228302742,59.9999936918416,59.7854678622699,59.9999929808452,-0.163675147791125,-0.191539970082664,7.83974878803762,15.9489228302742,821.976188999109,818.384947066311,835.443232689547,9.00556625979357,43.6266753165716,43.6266901016509,54.2988685604324,9.87794174841547
load_increase_B26_F165,load_increase,69,8,16,4,8,9,0.954598516570043,0.952215800459482,0.954803406271103,-0.0013039662331128,0,0.98300025753095,0.991037366929576,0.987256020642675,0.991036940258187,-0.00223838924009445,0,0.152441281027671,59.9999944662808,59.7849054970868,59.9999937866105,-0.163768818373484,-0.0787389650738844,7.83974878803762,15.8729217141823,59.9999936918416,59.7854678622699,59.9999929808452,-0.163675147791125,-0.191539970082664,7.83974878803762,15.9489228302742,821.976188999109,818.384947066311,835.443232689547,9.00556625979357,43.6266753165716,43.6266901016509,54.2988685604324,9.87794174841547
load_increase_B26_F165,load_increase,70,1,29,5,9,9,1.02689638912936,1.02588602292655,1.02800512588234,-0.000142824913659689,0,0.000111387859190515,1.02109303516246,1.01311181277234,1.02109257282773,-0.00275478749846125,0,0.0282498886934393,59.9999949130723,59.7821864872924,59.9999943446027,-0.163823541600706,-0.00424222336395669,6.86988429210896,15.8151079160671,59.9999948530335,59.7823902827723,59.9999937595388,-0.163745027420035,-0.204513498015966,7.94663734405449,15.8729217141823,821.976188999109,818.384947066311,835.443232689547,9.00556625979357,43.6266753165716,43.6266901016509,54.2988685604324,9.87794174841547
load_increase_B26_F165,load_increase,71,19,32,6,10,9,0.990604210848697,0.986736100532173,0.990735585779932,-0.00173436032158303,0,1.04046451925862,0.984100548431793,0.981498615483509,0.98410020178925,-0.00117187683652986,0,0.98300025753095,59.9999943494354,59.784492818581,59.9999939661539,-0.163765519511344,-0.0595345160867372,7.9110078253822,15.8729217141823,59.9999918043979,59.7850999819791,59.9999905544695,-0.163462795995535,-0.0148654951619975,8.37400264736683,16.2323610864915,821.976188999109,818.384947066311,835.443232689547,9.00556625979357,43.6266753165716,43.6266901016509,54.2988685604324,9.87794174841547
load_increase_B26_F165,load_increase,72,10,23,9,10,9,0.965720649152829,0.962893297365467,0.965720272081748,-0.00151341191395304,0,0.98300025753095,1.02167685351485,1.0185146954,1.02167644552061,-0.001777860653144,0,0.17368197127295,59.9999948530335,59.7823902827723,59.9999937595388,-0.163745027420035,-0.204513498015966,7.94663734405449,15.8729217141823,59.9999918043979,59.7850999819791,59.9999905544695,-0.163462795995535,-0.0148654951619975,8.37400264736683,16.2323610864915,821.976188999109,818.384947066311,835.443232689547,9.00556625979357,43.6266753165716,43.6266901016509,54.2988685604324,9.87794174841547
load_increase_B26_F165,load_increase,73,3,22,1,7,10,0.994475020133488,0.991414436254724,0.99447465088492,-0.00143832398708743,0,0.0506370824661979,1.0229600920912,1.01976960976201,1.02295968149004,-0.00175271926310483,0,0.17368197127295,59.9999934559826,59.7858062580777,59.9999929154556,-0.163667327854029,-0.324218485942634,7.79300758179285,15.9489228302742,59.9999944671441,59.7846505920695,59.9999939609786,-0.163764309296937,-0.0700600640862895,7.9110078253822,15.8729217141823,950.434923998617,946.315136976884,1006.40456521608,7.05823766912079,226.715283095974,219.348967842301,231.643316242683,1.67759526142618
load_increase_B26_F165,load_increase,74,23,28,2,4,10,1.02167685351485,1.0185146954,1.02167644552061,-0.001777860653144,0,0.17368197127295,1.01980319076653,1.01169170710415,1.01980273929526,-0.00332176071076451,0,0.0282498886934393,59.9999937660327,59.7845419172309,59.9999930308482,-0.163694453349152,-0.0240142175796839,7.83974878803762,15.9489228302742,59.9999944662808,59.7849054970868,59.9999937866105,-0.163768818373484,-0.0787389650738844,7.83974878803762,15.8729217141823,950.434923998617,946.315136976884,1006.40456521608,7.05823766912079,226.715283095974,219.348967842301,231.643316242683,1.67759526142618
load_increase_B26_F165,load_increase,75,12,34,2,10,10,0.945223588050834,0.942441033830641,0.945223215958439,-0.00150452824016345,0,0.98300025753095,1.01230116063239,1.00771093579579,1.01272128238926,-0.00195643468125262,0,1.04046451925862,59.9999937660327,59.7845419172309,59.9999930308482,-0.163694453349152,-0.0240142175796839,7.83974878803762,15.9489228302742,59.9999918043979,59.7850999819791,59.9999905544695,-0.163462795995535,-0.0148654951619975,8.37400264736683,16.2323610864915,950.434923998617,946.315136976884,1006.40456521608,7.05823766912079,226.715283095974,219.348967842301,231.643316242683,1.67759526142618
load_increase_B26_F165,load_increase,76,5,19,3,9,10,0.958759400236745,0.956104444580426,0.958799555373095,-0.00143239424741815,0,0.98300025753095,0.990604210848697,0.986736100532173,0.990735585779932,-0.00173436032158303,0,1.04046451925862,59.9999938740924,59.7847112141499,59.9999931528418,-0.163707816697276,-0.0352178681899047,7.83974878803762,15.9489228302742,59.9999948530335,59.7823902827723,59.9999937595388,-0.163745027420035,-0.204513498015966,7.94663734405449,15.8729217141823,950.434923998617,946.315136976884,1006.40456521608,7.05823766912079,226.715283095974,219.348967842301,231.643316242683,1.67759526142618
load_increase_B26_F165,load_increase,77,27,39,4,8,10,1.0020543707611,0.995941420687145,1.00205397218291,-0.00359544313212889,0,0.0506370824661979,1.03000013409431,1.02968786061748,1.03027648391675,-0.0001215486432109,0,0.000111387859190515,59.9999944662808,59.7849054970868,59.9999937866105,-0.163768818373484,-0.0787389650738844,7.83974878803762,15.8729217141823,59.9999936918416,59.7854678622699,59.9999929808452,-0.163675147791125,-0.191539970082664,7.83974878803762,15.9489228302742,950.434923998617,946.315136976884,1006.40456521608,7.05823766912079,226.715283095974,219.348967842301,231.643316242683,1.67759526142618
load_increase_B26_F165,load_increase,78,15,24,5,9,10,0.973079105652974,0.969573263880891,0.973078694472808,-0.00205096332962273,0,0.98300025753095,0.999264074901395,0.995519816704744,0.999263645090658,-0.00223572353177404,0,0.152441281027671,59.9999949130723,59.7821864872924,59.9999943446027,-0.163823541600706,-0.00424222336395669,6.86988429210896,15.8151079160671,59.9999948530335,59.7823902827723,59.9999937595388,-0.163745027420035,-0.204513498015966,7.94663734405449,15.8729217141823,950.434923998617,946.315136976884,1006.40456521608,7.05823766912079,226.715283095974,219.348967842301,231.643316242683,1.67759526142618
load_increase_B26_F165,load_increase,79,7,19,7,8,10,0.953428494064471,0.950957411948893,0.953589311111576,-0.00134165851141044,0,0.98300025753095,0.990604210848697,0.986736100532173,0.990735585779932,-0.00173436032158303,0,1.04046451925862,59.9999944671441,59.7846505920695,59.9999939609786,-0.163764309296937,-0.0700600640862895,7.9110078253822,15.8729217141823,59.9999936918416,59.7854678622699,59.9999929808452,-0.163675147791125,-0.191539970082664,7.83974878803762,15.9489228302742,950.434923998617,946.315136976884,1006.40456521608,7.05823766912079,226.715283095974,219.348967842301,231.643316242683,1.67759526142618
load_increase_B26_F165,load_increase,80,38,39,9,10,10,1.02650112277428,1.01918057221493,1.02731372271577,-0.00136570141301862,0,0.0282498886934393,1.03000013409431,1.02968786061748,1.03027648391675,-0.0001215486432109,0,0.000111387859190515,59.9999948530335,59.7823902827723,59.9999937595388,-0.163745027420035,-0.204513498015966,7.94663734405449,15.8729217141823,59.9999918043979,59.7850999819791,59.9999905544695,-0.163462795995535,-0.0148654951619975,8.37400264736683,16.2323610864915,950.434923998617,946.315136976884,1006.40456521608,7.05823766912079,226.715283095974,219.348967842301,231.643316242683,1.67759526142618
load_increase_B39_F180,load_increase,1,1,2,1,2,1,1.02689638912936,0.946414732035623,1.02689613197341,-0.0471829627188589,0,NaN,1.02001684293784,0.944969343289611,1.02763801396124,-0.0275098850304345,0,NaN,59.9999934559826,58.1245851853796,59.9999929154556,-1.43261686382606,-0.482407493428379,7.51068967630567,24.6232688408971,59.9999937660327,58.1228657521424,59.9999930308482,-1.43325065371025,-0.0909733390800245,7.31566682458337,24.4232688408971,247.351644502021,247.351919448914,312.850888777296,65.2689236810943,178.513910467193,178.514465299017,336.824487760045,124.848854586486
load_increase_B39_F180,load_increase,2,18,25,1,7,1,0.993422297824962,0.915392022942225,1.00373952087036,-0.0264303839822664,0,NaN,1.02838004290673,0.967797830957111,1.03857342734893,-0.0156433742809654,0,11.3325076025722,59.9999934559826,58.1245851853796,59.9999929154556,-1.43261686382606,-0.482407493428379,7.51068967630567,24.6232688408971,59.9999944671441,58.136506555645,59.9999939609786,-1.43268876730881,-0.026886498293194,7.70773210101502,24.6232688408971,247.351644502021,247.351919448914,312.850888777296,65.2689236810943,178.513910467193,178.514465299017,336.824487760045,124.848854586486
load_increase_B39_F180,load_increase,3,9,25,2,5,1,1.02020766358892,0.93666077095821,1.02020741569325,-0.0459135295779822,0,NaN,1.02838004290673,0.967797830957111,1.03857342734893,-0.0156433742809654,0,11.3325076025722,59.9999937660327,58.1228657521424,59.9999930308482,-1.43325065371025,-0.0909733390800245,7.31566682458337,24.4232688408971,59.9999949130723,58.1187219864094,60.0016967109139,-1.43232931078002,0.0383680882177212,6.90123565680976,24.6232688408971,247.351644502021,247.351919448914,312.850888777296,65.2689236810943,178.513910467193,178.514465299017,336.824487760045,124.848854586486
load_increase_B39_F180,load_increase,4,2,31,3,4,1,1.02001684293784,0.944969343289611,1.02763801396124,-0.0275098850304345,0,NaN,0.982000570674875,0.896925388118465,1.00092094012827,-0.0149151988054345,0.197582529707563,11.3325076025722,59.9999938740924,58.1245039046777,59.9999931528418,-1.43314239615709,-0.0920607710896229,7.94592918673763,24.6232688408971,59.9999944662808,58.1331930368857,59.9999937866105,-1.43259386234816,-0.0251406549665065,6.90123565680976,24.6232688408971,247.351644502021,247.351919448914,312.850888777296,65.2689236810943,178.513910467193,178.514465299017,336.824487760045,124.848854586486
load_increase_B39_F180,load_increase,5,21,33,3,9,1,0.997579594018811,0.927660496500143,1.00975551542017,-0.0220341454467401,0,NaN,0.997200971921189,0.933187134258838,1.01531403152879,-0.0100648334166265,0,6.55343081035895,59.9999938740924,58.1245039046777,59.9999931528418,-1.43314239615709,-0.0920607710896229,7.94592918673763,24.6232688408971,59.9999948530335,58.1302958627692,59.9999982756187,-1.43224436115099,0.0073097666803793,6.90123565680976,24.6232688408971,247.351644502021,247.351919448914,312.850888777296,65.2689236810943,178.513910467193,178.514465299017,336.824487760045,124.848854586486
load_increase_B39_F180,load_increase,6,11,33,4,9,1,0.96248990465261,0.874764132219037,0.97143585494733,-0.0291884431068213,0.5142936900075,NaN,0.997200971921189,0.933187134258838,1.01531403152879,-0.0100648334166265,0,6.55343081035895,59.9999944662808,58.1331930368857,59.9999937866105,-1.43259386234816,-0.0251406549665065,6.90123565680976,24.6232688408971,59.9999948530335,58.1302958627692,59.9999982756187,-1.43224436115099,0.0073097666803793,6.90123565680976,24.6232688408971,247.351644502021,247.351919448914,312.850888777296,65.2689236810943,178.513910467193,178.514465299017,336.824487760045,124.848854586486
load_increase_B39_F180,load_increase,7,4,25,5,10,1,0.960053104706681,0.874830808114224,0.968273017349016,-0.0297787156102459,0.650554024206329,NaN,1.02838004290673,0.967797830957111,1.03857342734893,-0.0156433742809654,0,11.3325076025722,59.9999949130723,58.1187219864094,60.0016967109139,-1.43232931078002,0.0383680882177212,6.90123565680976,24.6232688408971,59.9999918043979,58.0884116484993,59.9999905544695,-1.43257599259981,-1.15772063644372,7.51068967630567,24.4232688408971,247.351644502021,247.351919448914,312.850888777296,65.2689236810943,178.513910467193,178.514465299017,336.824487760045,124.848854586486
load_increase_B39_F180,load_increase,8,25,37,7,8,1,1.02838004290673,0.967797830957111,1.03857342734893,-0.0156433742809654,0,11.3325076025722,1.02750054732654,0.976446978900552,1.04058138468096,-0.00869407533148303,0,4.9436826030103,59.9999944671441,58.136506555645,59.9999939609786,-1.43268876730881,-0.026886498293194,7.70773210101502,24.6232688408971,59.9999936918416,58.1285091214784,59.9999929808452,-1.43257657048338,-0.168438429370997,7.58553139199037,24.6232688408971,247.351644502021,247.351919448914,312.850888777296,65.2689236810943,178.513910467193,178.514465299017,336.824487760045,124.848854586486
load_increase_B39_F180,load_increase,9,14,21,1,2,2,0.965188010297433,0.881202513510382,0.974294078061993,-0.028077521250401,0.467626446475096,NaN,0.997579594018811,0.927660496500143,1.00975551542017,-0.0220341454467401,0,NaN,59.9999934559826,58.1245851853796,59.9999929154556,-1.43261686382606,-0.482407493428379,7.51068967630567,24.6232688408971,59.9999937660327,58.1228657521424,59.9999930308482,-1.43325065371025,-0.0909733390800245,7.31566682458337,24.4232688408971,699.11655373899,699.116650101119,753.101430245293,53.3413940011344,156.180710399892,156.18077075031,247.003486348969,80.7754724408558
load_increase_B39_F180,load_increase,10,6,24,1,8,2,0.959595788849726,0.867589037954615,0.967480747015798,-0.0324923676577437,0.840597430959618,NaN,0.999264074901395,0.924490364022121,1.01142596710119,-0.0239984935248262,0,NaN,59.9999934559826,58.1245851853796,59.9999929154556,-1.43261686382606,-0.482407493428379,7.51068967630567,24.6232688408971,59.9999936918416,58.1285091214784,59.9999929808452,-1.43257657048338,-0.168438429370997,7.58553139199037,24.6232688408971,699.11655373899,699.116650101119,753.101430245293,53.3413940011344,156.180710399892,156.18077075031,247.003486348969,80.7754724408558
load_increase_B39_F180,load_increase,11,32,33,2,5,2,0.984100548431793,0.911422859812151,0.998579664742713,-0.0146221127369541,0,12.8541687068903,0.997200971921189,0.933187134258838,1.01531403152879,-0.0100648334166265,0,6.55343081035895,59.9999937660327,58.1228657521424,59.9999930308482,-1.43325065371025,-0.0909733390800245,7.31566682458337,24.4232688408971,59.9999949130723,58.1187219864094,60.0016967109139,-1.43232931078002,0.0383680882177212,6.90123565680976,24.6232688408971,699.11655373899,699.116650101119,753.101430245293,53.3413940011344,156.180710399892,156.18077075031,247.003486348969,80.7754724408558
load_increase_B39_F180,load_increase,12,17,18,3,4,2,0.99507019283339,0.918465649130146,1.00633122432872,-0.0250747332381086,0,NaN,0.993422297824962,0.915392022942225,1.00373952087036,-0.0264303839822664,0,NaN,59.9999938740924,58.1245039046777,59.9999931528418,-1.43314239615709,-0.0920607710896229,7.94592918673763,24.6232688408971,59.9999944662808,58.1331930368857,59.9999937866105,-1.43259386234816,-0.0251406549665065,6.90123565680976,24.6232688408971,699.11655373899,699.116650101119,753.101430245293,53.3413940011344,156.180710399892,156.18077075031,247.003486348969,80.7754724408558
load_increase_B39_F180,load_increase,13,8,26,3,10,2,0.954598516570043,0.858572195013873,0.959715356080189,-0.0386514373176241,2.0853960293457,NaN,1.01926696898686,0.950239579716581,1.03147522094027,-0.0198606200139322,0,26.0232688408971,59.9999938740924,58.1245039046777,59.9999931528418,-1.43314239615709,-0.0920607710896229,7.94592918673763,24.6232688408971,59.9999918043979,58.0884116484993,59.9999905544695,-1.43257599259981,-1.15772063644372,7.51068967630567,24.4232688408971,699.11655373899,699.116650101119,753.101430245293,53.3413940011344,156.180710399892,156.18077075031,247.003486348969,80.7754724408558
load_increase_B39_F180,load_increase,14,1,39,4,10,2,1.02689638912936,0.946414732035623,1.02689613197341,-0.0471829627188589,0,NaN,1.03000013409431,0.990827897134834,1.03000005001758,-0.0270034925191294,0,NaN,59.9999944662808,58.1331930368857,59.9999937866105,-1.43259386234816,-0.0251406549665065,6.90123565680976,24.6232688408971,59.9999918043979,58.0884116484993,59.9999905544695,-1.43257599259981,-1.15772063644372,7.51068967630567,24.4232688408971,699.11655373899,699.116650101119,753.101430245293,53.3413940011344,156.180710399892,156.18077075031,247.003486348969,80.7754724408558
load_increase_B39_F180,load_increase,15,20,23,5,10,2,0.987464538640993,0.913486607704288,1.00303006589229,-0.0185103669143467,0,16.1489248015127,1.02167685351485,0.959458476233863,1.03443361584098,-0.0183531319162509,0,16.1489248015127,59.9999949130723,58.1187219864094,60.0016967109139,-1.43232931078002,0.0383680882177212,6.90123565680976,24.6232688408971,59.9999918043979,58.0884116484993,59.9999905544695,-1.43257599259981,-1.15772063644372,7.51068967630567,24.4232688408971,699.11655373899,699.116650101119,753.101430245293,53.3413940011344,156.180710399892,156.18077075031,247.003486348969,80.7754724408558
load_increase_B39_F180,load_increase,16,10,33,7,9,2,0.965720649152829,0.880507297338661,0.975349818921898,-0.027159717526223,0.467626446475096,NaN,0.997200971921189,0.933187134258838,1.01531403152879,-0.0100648334166265,0,6.55343081035895,59.9999944671441,58.136506555645,59.9999939609786,-1.43268876730881,-0.026886498293194,7.70773210101502,24.6232688408971,59.9999948530335,58.1302958627692,59.9999982756187,-1.43224436115099,0.0073097666803793,6.90123565680976,24.6232688408971,699.11655373899,699.116650101119,753.101430245293,53.3413940011344,156.180710399892,156.18077075031,247.003486348969,80.7754724408558
load_increase_B39_F180,load_increase,17,3,32,1,3,3,0.994475020133488,0.915628445544333,1.0033143197195,-0.0276170059143558,0,NaN,0.984100548431793,0.911422859812151,0.998579664742713,-0.0146221127369541,0,12.8541687068903,59.9999934559826,58.1245851853796,59.9999929154556,-1.43261686382606,-0.482407493428379,7.51068967630567,24.6232688408971,59.9999938740924,58.1245039046777,59.9999931528418,-1.43314239615709,-0.0920607710896229,7.94592918673763,24.6232688408971,672.46804441793,672.468208792161,781.809691069045,79.1301940487933,138.262054035867,138.262231281765,221.260644081028,74.1194467192784
load_increase_B39_F180,load_increase,18,23,38,1,8,3,1.02167685351485,0.959458476233863,1.03443361584098,-0.0183531319162509,0,16.1489248015127,1.02650112277428,0.969395895020016,1.04399721861165,-0.0098765378275274,0,8.13562682346603,59.9999934559826,58.1245851853796,59.9999929154556,-1.43261686382606,-0.482407493428379,7.51068967630567,24.6232688408971,59.9999936918416,58.1285091214784,59.9999929808452,-1.43257657048338,-0.168438429370997,7.58553139199037,24.6232688408971,672.46804441793,672.468208792161,781.809691069045,79.1301940487933,138.262054035867,138.262231281765,221.260644081028,74.1194467192784
load_increase_B39_F180,load_increase,19,13,18,2,6,3,0.964270739573376,0.879492992937814,0.973672083644742,-0.0274034843972807,0.467626446475096,NaN,0.993422297824962,0.915392022942225,1.00373952087036,-0.0264303839822664,0,NaN,59.9999937660327,58.1228657521424,59.9999930308482,-1.43325065371025,-0.0909733390800245,7.31566682458337,24.4232688408971,59.9999943494354,58.1351859685796,59.9999939661539,-1.43270725146886,-0.00707274474923346,7.70773210101502,24.6232688408971,672.46804441793,672.468208792161,781.809691069045,79.1301940487933,138.262054035867,138.262231281765,221.260644081028,74.1194467192784
load_increase_B39_F180,load_increase,20,5,29,3,5,3,0.958759400236745,0.866776914680523,0.966040366641389,-0.0332898288794974,0.933022209048444,NaN,1.02109303516246,0.956933476545503,1.03666858149271,-0.015523189277326,0,12.7355408356975,59.9999938740924,58.1245039046777,59.9999931528418,-1.43314239615709,-0.0920607710896229,7.94592918673763,24.6232688408971,59.9999949130723,58.1187219864094,60.0016967109139,-1.43232931078002,0.0383680882177212,6.90123565680976,24.6232688408971,672.46804441793,672.468208792161,781.809691069045,79.1301940487933,138.262054035867,138.262231281765,221.260644081028,74.1194467192784
load_increase_B39_F180,load_increase,21,28,38,3,10,3,1.01980319076653,0.953485618820322,1.03450270516937,-0.0173010579676369,0,14.6331082599337,1.02650112277428,0.969395895020016,1.04399721861165,-0.0098765378275274,0,8.13562682346603,59.9999938740924,58.1245039046777,59.9999931528418,-1.43314239615709,-0.0920607710896229,7.94592918673763,24.6232688408971,59.9999918043979,58.0884116484993,59.9999905544695,-1.43257599259981,-1.15772063644372,7.51068967630567,24.4232688408971,672.46804441793,672.468208792161,781.809691069045,79.1301940487933,138.262054035867,138.262231281765,221.260644081028,74.1194467192784
load_increase_B39_F180,load_increase,22,15,34,4,10,3,0.973079105652974,0.894978501732969,0.984110468148813,-0.0255050515232397,0.244249773239968,NaN,1.01230116063239,0.936125276121342,1.02883257549273,-0.0188181365727549,0,16.1489248015127,59.9999944662808,58.1331930368857,59.9999937866105,-1.43259386234816,-0.0251406549665065,6.90123565680976,24.6232688408971,59.9999918043979,58.0884116484993,59.9999905544695,-1.43257599259981,-1.15772063644372,7.51068967630567,24.4232688408971,672.46804441793,672.468208792161,781.809691069045,79.1301940487933,138.262054035867,138.262231281765,221.260644081028,74.1194467192784
load_increase_B39_F180,load_increase,23,7,29,6,7,3,0.953428494064471,0.858573889441847,0.959340031549341,-0.0367957516610266,1.97819680162414,NaN,1.02109303516246,0.956933476545503,1.03666858149271,-0.015523189277326,0,12.7355408356975,59.9999943494354,58.1351859685796,59.9999939661539,-1.43270725146886,-0.00707274474923346,7.70773210101502,24.6232688408971,59.9999944671441,58.136506555645,59.9999939609786,-1.43268876730881,-0.026886498293194,7.70773210101502,24.6232688408971,672.46804441793,672.468208792161,781.809691069045,79.1301940487933,138.262054035867,138.262231281765,221.260644081028,74.1194467192784
load_increase_B39_F180,load_increase,24,1,11,7,10,3,1.02689638912936,0.946414732035623,1.02689613197341,-0.0471829627188589,0,NaN,0.96248990465261,0.874764132219037,0.97143585494733,-0.0291884431068213,0.5142936900075,NaN,59.9999944671441,58.136506555645,59.9999939609786,-1.43268876730881,-0.026886498293194,7.70773210101502,24.6232688408971,59.9999918043979,58.0884116484993,59.9999905544695,-1.43257599259981,-1.15772063644372,7.51068967630567,24.4232688408971,672.46804441793,672.468208792161,781.809691069045,79.1301940487933,138.262054035867,138.262231281765,221.260644081028,74.1194467192784
load_increase_B39_F180,load_increase,25,18,34,1,3,4,0.993422297824962,0.915392022942225,1.00373952087036,-0.0264303839822664,0,NaN,1.01230116063239,0.936125276121342,1.02883257549273,-0.0188181365727549,0,16.1489248015127,59.9999934559826,58.1245851853796,59.9999929154556,-1.43261686382606,-0.482407493428379,7.51068967630567,24.6232688408971,59.9999938740924,58.1245039046777,59.9999931528418,-1.43314239615709,-0.0920607710896229,7.94592918673763,24.6232688408971,653.081286728971,653.081399449671,701.765110107576,48.5590157218033,44.6481487675236,44.648332965707,112.474003163424,56.6063079550933
load_increase_B39_F180,load_increase,26,9,34,1,9,4,1.02020766358892,0.93666077095821,1.02020741569325,-0.0459135295779822,0,NaN,1.01230116063239,0.936125276121342,1.02883257549273,-0.0188181365727549,0,16.1489248015127,59.9999934559826,58.1245851853796,59.9999929154556,-1.43261686382606,-0.482407493428379,7.51068967630567,24.6232688408971,59.9999948530335,58.1302958627692,59.9999982756187,-1.43224436115099,0.0073097666803793,6.90123565680976,24.6232688408971,653.081286728971,653.081399449671,701.765110107576,48.5590157218033,44.6481487675236,44.648332965707,112.474003163424,56.6063079550933
load_increase_B39_F180,load_increase,27,3,4,2,7,4,0.994475020133488,0.915628445544333,1.0033143197195,-0.0276170059143558,0,NaN,0.960053104706681,0.874830808114224,0.968273017349016,-0.0297787156102459,0.650554024206329,NaN,59.9999937660327,58.1228657521424,59.9999930308482,-1.43325065371025,-0.0909733390800245,7.31566682458337,24.4232688408971,59.9999944671441,58.136506555645,59.9999939609786,-1.43268876730881,-0.026886498293194,7.70773210101502,24.6232688408971,653.081286728971,653.081399449671,701.765110107576,48.5590157218033,44.6481487675236,44.648332965707,112.474003163424,56.6063079550933
load_increase_B39_F180,load_increase,28,22,26,3,5,4,1.0229600920912,0.960254401758261,1.03564323526217,-0.0180880624917477,0,16.1489248015127,1.01926696898686,0.950239579716581,1.03147522094027,-0.0198606200139322,0,26.0232688408971,59.9999938740924,58.1245039046777,59.9999931528418,-1.43314239615709,-0.0920607710896229,7.94592918673763,24.6232688408971,59.9999949130723,58.1187219864094,60.0016967109139,-1.43232931078002,0.0383680882177212,6.90123565680976,24.6232688408971,653.081286728971,653.081399449671,701.765110107576,48.5590157218033,44.6481487675236,44.648332965707,112.474003163424,56.6063079550933
load_increase_B39_F180,load_increase,29,12,15,4,5,4,0.945223588050834,0.860583618745985,0.954223779656757,-0.0277711963903451,1.73463468728918,NaN,0.973079105652974,0.894978501732969,0.984110468148813,-0.0255050515232397,0.244249773239968,NaN,59.9999944662808,58.1331930368857,59.9999937866105,-1.43259386234816,-0.0251406549665065,6.90123565680976,24.6232688408971,59.9999949130723,58.1187219864094,60.0016967109139,-1.43232931078002,0.0383680882177212,6.90123565680976,24.6232688408971,653.081286728971,653.081399449671,701.765110107576,48.5590157218033,44.6481487675236,44.648332965707,112.474003163424,56.6063079550933
load_increase_B39_F180,load_increase,30,4,34,5,6,4,0.960053104706681,0.874830808114224,0.968273017349016,-0.0297787156102459,0.650554024206329,NaN,1.01230116063239,0.936125276121342,1.02883257549273,-0.0188181365727549,0,16.1489248015127,59.9999949130723,58.1187219864094,60.0016967109139,-1.43232931078002,0.0383680882177212,6.90123565680976,24.6232688408971,59.9999943494354,58.1351859685796,59.9999939661539,-1.43270725146886,-0.00707274474923346,7.70773210101502,24.6232688408971,653.081286728971,653.081399449671,701.765110107576,48.5590157218033,44.6481487675236,44.648332965707,112.474003163424,56.6063079550933
load_increase_B39_F180,load_increase,31,26,33,6,7,4,1.01926696898686,0.950239579716581,1.03147522094027,-0.0198606200139322,0,26.0232688408971,0.997200971921189,0.933187134258838,1.01531403152879,-0.0100648334166265,0,6.55343081035895,59.9999943494354,58.1351859685796,59.9999939661539,-1.43270725146886,-0.00707274474923346,7.70773210101502,24.6232688408971,59.9999944671441,58.136506555645,59.9999939609786,-1.43268876730881,-0.026886498293194,7.70773210101502,24.6232688408971,653.081286728971,653.081399449671,701.765110107576,48.5590157218033,44.6481487675236,44.648332965707,112.474003163424,56.6063079550933
load_increase_B39_F180,load_increase,32,14,30,7,10,4,0.965188010297433,0.881202513510382,0.974294078061993,-0.028077521250401,0.467626446475096,NaN,1.04990040987001,1.00263850454203,1.06224012940794,-0.00626281837363774,0,3.62643547960219,59.9999944671441,58.136506555645,59.9999939609786,-1.43268876730881,-0.026886498293194,7.70773210101502,24.6232688408971,59.9999918043979,58.0884116484993,59.9999905544695,-1.43257599259981,-1.15772063644372,7.51068967630567,24.4232688408971,653.081286728971,653.081399449671,701.765110107576,48.5590157218033,44.6481487675236,44.648332965707,112.474003163424,56.6063079550933
load_increase_B39_F180,load_increase,33,6,33,1,4,5,0.959595788849726,0.867589037954615,0.967480747015798,-0.0324923676577437,0.840597430959618,NaN,0.997200971921189,0.933187134258838,1.01531403152879,-0.0100648334166265,0,6.55343081035895,59.9999934559826,58.1245851853796,59.9999929154556,-1.43261686382606,-0.482407493428379,7.51068967630567,24.6232688408971,59.9999944662808,58.1331930368857,59.9999937866105,-1.43259386234816,-0.0251406549665065,6.90123565680976,24.6232688408971,517.000719945857,515.670671110059,570.750443304081,53.6722022200461,137.308688158259,120.872751841551,145.604002646449,-0.653301743137803
load_increase_B39_F180,load_increase,34,33,36,1,9,5,0.997200971921189,0.933187134258838,1.01531403152879,-0.0100648334166265,0,6.55343081035895,1.0636010753349,1.01579979585544,1.07759831301496,-0.0104939172258518,0,4.9436826030103,59.9999934559826,58.1245851853796,59.9999929154556,-1.43261686382606,-0.482407493428379,7.51068967630567,24.6232688408971,59.9999948530335,58.1302958627692,59.9999982756187,-1.43224436115099,0.0073097666803793,6.90123565680976,24.6232688408971,517.000719945857,515.670671110059,570.750443304081,53.6722022200461,137.308688158259,120.872751841551,145.604002646449,-0.653301743137803
load_increase_B39_F180,load_increase,35,17,27,2,7,5,0.99507019283339,0.918465649130146,1.00633122432872,-0.0250747332381086,0,NaN,1.0020543707611,0.930077074129742,1.01375232451873,-0.0220608471181805,0,NaN,59.9999937660327,58.1228657521424,59.9999930308482,-1.43325065371025,-0.0909733390800245,7.31566682458337,24.4232688408971,59.9999944671441,58.136506555645,59.9999939609786,-1.43268876730881,-0.026886498293194,7.70773210101502,24.6232688408971,517.000719945857,515.670671110059,570.750443304081,53.6722022200461,137.308688158259,120.872751841551,145.604002646449,-0.653301743137803
load_increase_B39_F180,load_increase,36,8,36,3,6,5,0.954598516570043,0.858572195013873,0.959715356080189,-0.0386514373176241,2.0853960293457,NaN,1.0636010753349,1.01579979585544,1.07759831301496,-0.0104939172258518,0,4.9436826030103,59.9999938740924,58.1245039046777,59.9999931528418,-1.43314239615709,-0.0920607710896229,7.94592918673763,24.6232688408971,59.9999943494354,58.1351859685796,59.9999939661539,-1.43270725146886,-0.00707274474923346,7.70773210101502,24.6232688408971,517.000719945857,515.670671110059,570.750443304081,53.6722022200461,137.308688158259,120.872751841551,145.604002646449,-0.653301743137803
load_increase_B39_F180,load_increase,37,2,11,4,6,5,1.02001684293784,0.944969343289611,1.02763801396124,-0.0275098850304345,0,NaN,0.96248990465261,0.874764132219037,0.97143585494733,-0.0291884431068213,0.5142936900075,NaN,59.9999944662808,58.1331930368857,59.9999937866105,-1.43259386234816,-0.0251406549665065,6.90123565680976,24.6232688408971,59.9999943494354,58.1351859685796,59.9999939661539,-1.43270725146886,-0.00707274474923346,7.70773210101502,24.6232688408971,517.000719945857,515.670671110059,570.750443304081,53.6722022200461,137.308688158259,120.872751841551,145.604002646449,-0.653301743137803
load_increase_B39_F180,load_increase,38,20,32,5,6,5,0.987464538640993,0.913486607704288,1.00303006589229,-0.0185103669143467,0,16.1489248015127,0.984100548431793,0.911422859812151,0.998579664742713,-0.0146221127369541,0,12.8541687068903,59.9999949130723,58.1187219864094,60.0016967109139,-1.43232931078002,0.0383680882177212,6.90123565680976,24.6232688408971,59.9999943494354,58.1351859685796,59.9999939661539,-1.43270725146886,-0.00707274474923346,7.70773210101502,24.6232688408971,517.000719945857,515.670671110059,570.750443304081,53.6722022200461,137.308688158259,120.872751841551,145.604002646449,-0.653301743137803
load_increase_B39_F180,load_increase,39,11,14,6,8,5,0.96248990465261,0.874764132219037,0.97143585494733,-0.0291884431068213,0.5142936900075,NaN,0.965188010297433,0.881202513510382,0.974294078061993,-0.028077521250401,0.467626446475096,NaN,59.9999943494354,58.1351859685796,59.9999939661539,-1.43270725146886,-0.00707274474923346,7.70773210101502,24.6232688408971,59.9999936918416,58.1285091214784,59.9999929808452,-1.43257657048338,-0.168438429370997,7.58553139199037,24.6232688408971,517.000719945857,515.670671110059,570.750443304081,53.6722022200461,137.308688158259,120.872751841551,145.604002646449,-0.653301743137803
load_increase_B39_F180,load_increase,40,4,6,8,9,5,0.960053104706681,0.874830808114224,0.968273017349016,-0.0297787156102459,0.650554024206329,NaN,0.959595788849726,0.867589037954615,0.967480747015798,-0.0324923676577437,0.840597430959618,NaN,59.9999936918416,58.1285091214784,59.9999929808452,-1.43257657048338,-0.168438429370997,7.58553139199037,24.6232688408971,59.9999948530335,58.1302958627692,59.9999982756187,-1.43224436115099,0.0073097666803793,6.90123565680976,24.6232688408971,517.000719945857,515.670671110059,570.750443304081,53.6722022200461,137.308688158259,120.872751841551,145.604002646449,-0.653301743137803
load_increase_B39_F180,load_increase,41,24,32,1,4,6,0.999264074901395,0.924490364022121,1.01142596710119,-0.0239984935248262,0,NaN,0.984100548431793,0.911422859812151,0.998579664742713,-0.0146221127369541,0,12.8541687068903,59.9999934559826,58.1245851853796,59.9999929154556,-1.43261686382606,-0.482407493428379,7.51068967630567,24.6232688408971,59.9999944662808,58.1331930368857,59.9999937866105,-1.43259386234816,-0.0251406549665065,6.90123565680976,24.6232688408971,646.129526212919,646.129856362282,751.151183033519,79.3628422397369,221.895491666939,221.895634079564,279.324747269964,51.7092211081607
load_increase_B39_F180,load_increase,42,13,27,1,10,6,0.964270739573376,0.879492992937814,0.973672083644742,-0.0274034843972807,0.467626446475096,NaN,1.0020543707611,0.930077074129742,1.01375232451873,-0.0220608471181805,0,NaN,59.9999934559826,58.1245851853796,59.9999929154556,-1.43261686382606,-0.482407493428379,7.51068967630567,24.6232688408971,59.9999918043979,58.0884116484993,59.9999905544695,-1.43257599259981,-1.15772063644372,7.51068967630567,24.4232688408971,646.129526212919,646.129856362282,751.151183033519,79.3628422397369,221.895491666939,221.895634079564,279.324747269964,51.7092211081607
load_increase_B39_F180,load_increase,43,5,38,2,8,6,0.958759400236745,0.866776914680523,0.966040366641389,-0.0332898288794974,0.933022209048444,NaN,1.02650112277428,0.969395895020016,1.04399721861165,-0.0098765378275274,0,8.13562682346603,59.9999937660327,58.1228657521424,59.9999930308482,-1.43325065371025,-0.0909733390800245,7.31566682458337,24.4232688408971,59.9999936918416,58.1285091214784,59.9999929808452,-1.43257657048338,-0.168438429370997,7.58553139199037,24.6232688408971,646.129526212919,646.129856362282,751.151183033519,79.3628422397369,221.895491666939,221.895634079564,279.324747269964,51.7092211081607
load_increase_B39_F180,load_increase,44,29,38,3,6,6,1.02109303516246,0.956933476545503,1.03666858149271,-0.015523189277326,0,12.7355408356975,1.02650112277428,0.969395895020016,1.04399721861165,-0.0098765378275274,0,8.13562682346603,59.9999938740924,58.1245039046777,59.9999931528418,-1.43314239615709,-0.0920607710896229,7.94592918673763,24.6232688408971,59.9999943494354,58.1351859685796,59.9999939661539,-1.43270725146886,-0.00707274474923346,7.70773210101502,24.6232688408971,646.129526212919,646.129856362282,751.151183033519,79.3628422397369,221.895491666939,221.895634079564,279.324747269964,51.7092211081607
load_increase_B39_F180,load_increase,45,16,20,4,6,6,0.991037366929576,0.915243844834159,1.00307923859572,-0.0241718398208127,0,NaN,0.987464538640993,0.913486607704288,1.00303006589229,-0.0185103669143467,0,16.1489248015127,59.9999944662808,58.1331930368857,59.9999937866105,-1.43259386234816,-0.0251406549665065,6.90123565680976,24.6232688408971,59.9999943494354,58.1351859685796,59.9999939661539,-1.43270725146886,-0.00707274474923346,7.70773210101502,24.6232688408971,646.129526212919,646.129856362282,751.151183033519,79.3628422397369,221.895491666939,221.895634079564,279.324747269964,51.7092211081607
load_increase_B39_F180,load_increase,46,7,38,5,7,6,0.953428494064471,0.858573889441847,0.959340031549341,-0.0367957516610266,1.97819680162414,NaN,1.02650112277428,0.969395895020016,1.04399721861165,-0.0098765378275274,0,8.13562682346603,59.9999949130723,58.1187219864094,60.0016967109139,-1.43232931078002,0.0383680882177212,6.90123565680976,24.6232688408971,59.9999944671441,58.136506555645,59.9999939609786,-1.43268876730881,-0.026886498293194,7.70773210101502,24.6232688408971,646.129526212919,646.129856362282,751.151183033519,79.3628422397369,221.895491666939,221.895634079564,279.324747269964,51.7092211081607
load_increase_B39_F180,load_increase,47,1,20,6,9,6,1.02689638912936,0.946414732035623,1.02689613197341,-0.0471829627188589,0,NaN,0.987464538640993,0.913486607704288,1.00303006589229,-0.0185103669143467,0,16.1489248015127,59.9999943494354,58.1351859685796,59.9999939661539,-1.43270725146886,-0.00707274474923346,7.70773210101502,24.6232688408971,59.9999948530335,58.1302958627692,59.9999982756187,-1.43224436115099,0.0073097666803793,6.90123565680976,24.6232688408971,646.129526212919,646.129856362282,751.151183033519,79.3628422397369,221.895491666939,221.895634079564,279.324747269964,51.7092211081607
load_increase_B39_F180,load_increase,48,19,23,8,9,6,0.990604210848697,0.918094314272611,1.0057538496834,-0.0178334105235165,0,14.5360057189506,1.02167685351485,0.959458476233863,1.03443361584098,-0.0183531319162509,0,16.1489248015127,59.9999936918416,58.1285091214784,59.9999929808452,-1.43257657048338,-0.168438429370997,7.58553139199037,24.6232688408971,59.9999948530335,58.1302958627692,59.9999982756187,-1.43224436115099,0.0073097666803793,6.90123565680976,24.6232688408971,646.129526212919,646.129856362282,751.151183033519,79.3628422397369,221.895491666939,221.895634079564,279.324747269964,51.7092211081607
load_increase_B39_F180,load_increase,49,10,14,1,5,7,0.965720649152829,0.880507297338661,0.975349818921898,-0.027159717526223,0.467626446475096,NaN,0.965188010297433,0.881202513510382,0.974294078061993,-0.028077521250401,0.467626446475096,NaN,59.9999934559826,58.1245851853796,59.9999929154556,-1.43261686382606,-0.482407493428379,7.51068967630567,24.6232688408971,59.9999949130723,58.1187219864094,60.0016967109139,-1.43232931078002,0.0383680882177212,6.90123565680976,24.6232688408971,525.642776165619,525.643092250139,591.285633094342,65.3654395140147,188.546381008994,188.546577690938,241.776626591975,37.9203045886145
load_increase_B39_F180,load_increase,50,3,13,2,3,7,0.994475020133488,0.915628445544333,1.0033143197195,-0.0276170059143558,0,NaN,0.964270739573376,0.879492992937814,0.973672083644742,-0.0274034843972807,0.467626446475096,NaN,59.9999937660327,58.1228657521424,59.9999930308482,-1.43325065371025,-0.0909733390800245,7.31566682458337,24.4232688408971,59.9999938740924,58.1245039046777,59.9999931528418,-1.43314239615709,-0.0920607710896229,7.94592918673763,24.6232688408971,525.642776165619,525.643092250139,591.285633094342,65.3654395140147,188.546381008994,188.546577690938,241.776626591975,37.9203045886145
load_increase_B39_F180,load_increase,51,22,35,2,8,7,1.0229600920912,0.960254401758261,1.03564323526217,-0.0180880624917477,0,16.1489248015127,1.04940121508332,0.995438063539652,1.06262454763163,-0.0118079866287708,0,8.1761749953288,59.9999937660327,58.1228657521424,59.9999930308482,-1.43325065371025,-0.0909733390800245,7.31566682458337,24.4232688408971,59.9999936918416,58.1285091214784,59.9999929808452,-1.43257657048338,-0.168438429370997,7.58553139199037,24.6232688408971,525.642776165619,525.643092250139,591.285633094342,65.3654395140147,188.546381008994,188.546577690938,241.776626591975,37.9203045886145
load_increase_B39_F180,load_increase,52,12,25,3,7,7,0.945223588050834,0.860583618745985,0.954223779656757,-0.0277711963903451,1.73463468728918,NaN,1.02838004290673,0.967797830957111,1.03857342734893,-0.0156433742809654,0,11.3325076025722,59.9999938740924,58.1245039046777,59.9999931528418,-1.43314239615709,-0.0920607710896229,7.94592918673763,24.6232688408971,59.9999944671441,58.136506555645,59.9999939609786,-1.43268876730881,-0.026886498293194,7.70773210101502,24.6232688408971,525.642776165619,525.643092250139,591.285633094342,65.3654395140147,188.546381008994,188.546577690938,241.776626591975,37.9203045886145
load_increase_B39_F180,load_increase,53,5,9,4,7,7,0.958759400236745,0.866776914680523,0.966040366641389,-0.0332898288794974,0.933022209048444,NaN,1.02020766358892,0.93666077095821,1.02020741569325,-0.0459135295779822,0,NaN,59.9999944662808,58.1331930368857,59.9999937866105,-1.43259386234816,-0.0251406549665065,6.90123565680976,24.6232688408971,59.9999944671441,58.136506555645,59.9999939609786,-1.43268876730881,-0.026886498293194,7.70773210101502,24.6232688408971,525.642776165619,525.643092250139,591.285633094342,65.3654395140147,188.546381008994,188.546577690938,241.776626591975,37.9203045886145
load_increase_B39_F180,load_increase,54,27,30,5,7,7,1.0020543707611,0.930077074129742,1.01375232451873,-0.0220608471181805,0,NaN,1.04990040987001,1.00263850454203,1.06224012940794,-0.00626281837363774,0,3.62643547960219,59.9999949130723,58.1187219864094,60.0016967109139,-1.43232931078002,0.0383680882177212,6.90123565680976,24.6232688408971,59.9999944671441,58.136506555645,59.9999939609786,-1.43268876730881,-0.026886498293194,7.70773210101502,24.6232688408971,525.642776165619,525.643092250139,591.285633094342,65.3654395140147,188.546381008994,188.546577690938,241.776626591975,37.9203045886145
load_increase_B39_F180,load_increase,55,14,39,6,9,7,0.965188010297433,0.881202513510382,0.974294078061993,-0.028077521250401,0.467626446475096,NaN,1.03000013409431,0.990827897134834,1.03000005001758,-0.0270034925191294,0,NaN,59.9999943494354,58.1351859685796,59.9999939661539,-1.43270725146886,-0.00707274474923346,7.70773210101502,24.6232688408971,59.9999948530335,58.1302958627692,59.9999982756187,-1.43224436115099,0.0073097666803793,6.90123565680976,24.6232688408971,525.642776165619,525.643092250139,591.285633094342,65.3654395140147,188.546381008994,188.546577690938,241.776626591975,37.9203045886145
load_increase_B39_F180,load_increase,56,7,10,8,10,7,0.953428494064471,0.858573889441847,0.959340031549341,-0.0367957516610266,1.97819680162414,NaN,0.965720649152829,0.880507297338661,0.975349818921898,-0.027159717526223,0.467626446475096,NaN,59.9999936918416,58.1285091214784,59.9999929808452,-1.43257657048338,-0.168438429370997,7.58553139199037,24.6232688408971,59.9999918043979,58.0884116484993,59.9999905544695,-1.43257599259981,-1.15772063644372,7.51068967630567,24.4232688408971,525.642776165619,525.643092250139,591.285633094342,65.3654395140147,188.546381008994,188.546577690938,241.776626591975,37.9203045886145
load_increase_B39_F180,load_increase,57,35,36,1,5,8,1.04940121508332,0.995438063539652,1.06262454763163,-0.0118079866287708,0,8.1761749953288,1.0636010753349,1.01579979585544,1.07759831301496,-0.0104939172258518,0,4.9436826030103,59.9999934559826,58.1245851853796,59.9999929154556,-1.43261686382606,-0.482407493428379,7.51068967630567,24.6232688408971,59.9999949130723,58.1187219864094,60.0016967109139,-1.43232931078002,0.0383680882177212,6.90123565680976,24.6232688408971,535.98704469732,535.987115098243,582.603722945017,46.5955148446864,13.8483715662576,13.8484934426564,64.6300806663455,35.893111371908
load_increase_B39_F180,load_increase,58,17,36,2,3,8,0.99507019283339,0.918465649130146,1.00633122432872,-0.0250747332381086,0,NaN,1.0636010753349,1.01579979585544,1.07759831301496,-0.0104939172258518,0,4.9436826030103,59.9999937660327,58.1228657521424,59.9999930308482,-1.43325065371025,-0.0909733390800245,7.31566682458337,24.4232688408971,59.9999938740924,58.1245039046777,59.9999931528418,-1.43314239615709,-0.0920607710896229,7.94592918673763,24.6232688408971,535.98704469732,535.987115098243,582.603722945017,46.5955148446864,13.8483715662576,13.8484934426564,64.6300806663455,35.893111371908
load_increase_B39_F180,load_increase,59,9,15,2,9,8,1.02020766358892,0.93666077095821,1.02020741569325,-0.0459135295779822,0,NaN,0.973079105652974,0.894978501732969,0.984110468148813,-0.0255050515232397,0.244249773239968,NaN,59.9999937660327,58.1228657521424,59.9999930308482,-1.43325065371025,-0.0909733390800245,7.31566682458337,24.4232688408971,59.9999948530335,58.1302958627692,59.9999982756187,-1.43224436115099,0.0073097666803793,6.90123565680976,24.6232688408971,535.98704469732,535.987115098243,582.603722945017,46.5955148446864,13.8483715662576,13.8484934426564,64.6300806663455,35.893111371908
load_increase_B39_F180,load_increase,60,2,21,3,8,8,1.02001684293784,0.944969343289611,1.02763801396124,-0.0275098850304345,0,NaN,0.997579594018811,0.927660496500143,1.00975551542017,-0.0220341454467401,0,NaN,59.9999938740924,58.1245039046777,59.9999931528418,-1.43314239615709,-0.0920607710896229,7.94592918673763,24.6232688408971,59.9999936918416,58.1285091214784,59.9999929808452,-1.43257657048338,-0.168438429370997,7.58553139199037,24.6232688408971,535.98704469732,535.987115098243,582.603722945017,46.5955148446864,13.8483715662576,13.8484934426564,64.6300806663455,35.893111371908
load_increase_B39_F180,load_increase,61,21,23,4,7,8,0.997579594018811,0.927660496500143,1.00975551542017,-0.0220341454467401,0,NaN,1.02167685351485,0.959458476233863,1.03443361584098,-0.0183531319162509,0,16.1489248015127,59.9999944662808,58.1331930368857,59.9999937866105,-1.43259386234816,-0.0251406549665065,6.90123565680976,24.6232688408971,59.9999944671441,58.136506555645,59.9999939609786,-1.43268876730881,-0.026886498293194,7.70773210101502,24.6232688408971,535.98704469732,535.987115098243,582.603722945017,46.5955148446864,13.8483715662576,13.8484934426564,64.6300806663455,35.893111371908
load_increase_B39_F180,load_increase,62,11,23,5,8,8,0.96248990465261,0.874764132219037,0.97143585494733,-0.0291884431068213,0.5142936900075,NaN,1.02167685351485,0.959458476233863,1.03443361584098,-0.0183531319162509,0,16.1489248015127,59.9999949130723,58.1187219864094,60.0016967109139,-1.43232931078002,0.0383680882177212,6.90123565680976,24.6232688408971,59.9999936918416,58.1285091214784,59.9999929808452,-1.43257657048338,-0.168438429370997,7.58553139199037,24.6232688408971,535.98704469732,535.987115098243,582.603722945017,46.5955148446864,13.8483715662576,13.8484934426564,64.6300806663455,35.893111371908
load_increase_B39_F180,load_increase,63,4,15,6,10,8,0.960053104706681,0.874830808114224,0.968273017349016,-0.0297787156102459,0.650554024206329,NaN,0.973079105652974,0.894978501732969,0.984110468148813,-0.0255050515232397,0.244249773239968,NaN,59.9999943494354,58.1351859685796,59.9999939661539,-1.43270725146886,-0.00707274474923346,7.70773210101502,24.6232688408971,59.9999918043979,58.0884116484993,59.9999905544695,-1.43257599259981,-1.15772063644372,7.51068967630567,24.4232688408971,535.98704469732,535.987115098243,582.603722945017,46.5955148446864,13.8483715662576,13.8484934426564,64.6300806663455,35.893111371908
load_increase_B39_F180,load_increase,64,25,27,8,10,8,1.02838004290673,0.967797830957111,1.03857342734893,-0.0156433742809654,0,11.3325076025722,1.0020543707611,0.930077074129742,1.01375232451873,-0.0220608471181805,0,NaN,59.9999936918416,58.1285091214784,59.9999929808452,-1.43257657048338,-0.168438429370997,7.58553139199037,24.6232688408971,59.9999918043979,58.0884116484993,59.9999905544695,-1.43257599259981,-1.15772063644372,7.51068967630567,24.4232688408971,535.98704469732,535.987115098243,582.603722945017,46.5955148446864,13.8483715662576,13.8484934426564,64.6300806663455,35.893111371908
load_increase_B39_F180,load_increase,65,13,36,1,6,9,0.964270739573376,0.879492992937814,0.973672083644742,-0.0274034843972807,0.467626446475096,NaN,1.0636010753349,1.01579979585544,1.07759831301496,-0.0104939172258518,0,4.9436826030103,59.9999934559826,58.1245851853796,59.9999929154556,-1.43261686382606,-0.482407493428379,7.51068967630567,24.6232688408971,59.9999943494354,58.1351859685796,59.9999939661539,-1.43270725146886,-0.00707274474923346,7.70773210101502,24.6232688408971,821.976188999109,821.63984314162,929.560951280673,79.5458439212138,43.6266753165716,43.6266901016509,103.801515528978,43.866839168309
load_increase_B39_F180,load_increase,66,6,14,2,4,9,0.959595788849726,0.867589037954615,0.967480747015798,-0.0324923676577437,0.840597430959618,NaN,0.965188010297433,0.881202513510382,0.974294078061993,-0.028077521250401,0.467626446475096,NaN,59.9999937660327,58.1228657521424,59.9999930308482,-1.43325065371025,-0.0909733390800245,7.31566682458337,24.4232688408971,59.9999944662808,58.1331930368857,59.9999937866105,-1.43259386234816,-0.0251406549665065,6.90123565680976,24.6232688408971,821.976188999109,821.63984314162,929.560951280673,79.5458439212138,43.6266753165716,43.6266901016509,103.801515528978,43.866839168309
load_increase_B39_F180,load_increase,67,30,38,2,9,9,1.04990040987001,1.00263850454203,1.06224012940794,-0.00626281837363774,0,3.62643547960219,1.02650112277428,0.969395895020016,1.04399721861165,-0.0098765378275274,0,8.13562682346603,59.9999937660327,58.1228657521424,59.9999930308482,-1.43325065371025,-0.0909733390800245,7.31566682458337,24.4232688408971,59.9999948530335,58.1302958627692,59.9999982756187,-1.43224436115099,0.0073097666803793,6.90123565680976,24.6232688408971,821.976188999109,821.63984314162,929.560951280673,79.5458439212138,43.6266753165716,43.6266901016509,103.801515528978,43.866839168309
load_increase_B39_F180,load_increase,68,16,30,3,8,9,0.991037366929576,0.915243844834159,1.00307923859572,-0.0241718398208127,0,NaN,1.04990040987001,1.00263850454203,1.06224012940794,-0.00626281837363774,0,3.62643547960219,59.9999938740924,58.1245039046777,59.9999931528418,-1.43314239615709,-0.0920607710896229,7.94592918673763,24.6232688408971,59.9999936918416,58.1285091214784,59.9999929808452,-1.43257657048338,-0.168438429370997,7.58553139199037,24.6232688408971,821.976188999109,821.63984314162,929.560951280673,79.5458439212138,43.6266753165716,43.6266901016509,103.801515528978,43.866839168309
load_increase_B39_F180,load_increase,69,8,16,4,8,9,0.954598516570043,0.858572195013873,0.959715356080189,-0.0386514373176241,2.0853960293457,NaN,0.991037366929576,0.915243844834159,1.00307923859572,-0.0241718398208127,0,NaN,59.9999944662808,58.1331930368857,59.9999937866105,-1.43259386234816,-0.0251406549665065,6.90123565680976,24.6232688408971,59.9999936918416,58.1285091214784,59.9999929808452,-1.43257657048338,-0.168438429370997,7.58553139199037,24.6232688408971,821.976188999109,821.63984314162,929.560951280673,79.5458439212138,43.6266753165716,43.6266901016509,103.801515528978,43.866839168309
load_increase_B39_F180,load_increase,70,1,29,5,9,9,1.02689638912936,0.946414732035623,1.02689613197341,-0.0471829627188589,0,NaN,1.02109303516246,0.956933476545503,1.03666858149271,-0.015523189277326,0,12.7355408356975,59.9999949130723,58.1187219864094,60.0016967109139,-1.43232931078002,0.0383680882177212,6.90123565680976,24.6232688408971,59.9999948530335,58.1302958627692,59.9999982756187,-1.43224436115099,0.0073097666803793,6.90123565680976,24.6232688408971,821.976188999109,821.63984314162,929.560951280673,79.5458439212138,43.6266753165716,43.6266901016509,103.801515528978,43.866839168309
load_increase_B39_F180,load_increase,71,19,32,6,10,9,0.990604210848697,0.918094314272611,1.0057538496834,-0.0178334105235165,0,14.5360057189506,0.984100548431793,0.911422859812151,0.998579664742713,-0.0146221127369541,0,12.8541687068903,59.9999943494354,58.1351859685796,59.9999939661539,-1.43270725146886,-0.00707274474923346,7.70773210101502,24.6232688408971,59.9999918043979,58.0884116484993,59.9999905544695,-1.43257599259981,-1.15772063644372,7.51068967630567,24.4232688408971,821.976188999109,821.63984314162,929.560951280673,79.5458439212138,43.6266753165716,43.6266901016509,103.801515528978,43.866839168309
load_increase_B39_F180,load_increase,72,10,23,9,10,9,0.965720649152829,0.880507297338661,0.975349818921898,-0.027159717526223,0.467626446475096,NaN,1.02167685351485,0.959458476233863,1.03443361584098,-0.0183531319162509,0,16.1489248015127,59.9999948530335,58.1302958627692,59.9999982756187,-1.43224436115099,0.0073097666803793,6.90123565680976,24.6232688408971,59.9999918043979,58.0884116484993,59.9999905544695,-1.43257599259981,-1.15772063644372,7.51068967630567,24.4232688408971,821.976188999109,821.63984314162,929.560951280673,79.5458439212138,43.6266753165716,43.6266901016509,103.801515528978,43.866839168309
load_increase_B39_F180,load_increase,73,3,22,1,7,10,0.994475020133488,0.915628445544333,1.0033143197195,-0.0276170059143558,0,NaN,1.0229600920912,0.960254401758261,1.03564323526217,-0.0180880624917477,0,16.1489248015127,59.9999934559826,58.1245851853796,59.9999929154556,-1.43261686382606,-0.482407493428379,7.51068967630567,24.6232688408971,59.9999944671441,58.136506555645,59.9999939609786,-1.43268876730881,-0.026886498293194,7.70773210101502,24.6232688408971,950.434923998617,830.841239518778,1747.0521610061,55.8468697504003,226.715283095974,226.717022777616,869.143965332653,440.98908996641
load_increase_B39_F180,load_increase,74,23,28,2,4,10,1.02167685351485,0.959458476233863,1.03443361584098,-0.0183531319162509,0,16.1489248015127,1.01980319076653,0.953485618820322,1.03450270516937,-0.0173010579676369,0,14.6331082599337,59.9999937660327,58.1228657521424,59.9999930308482,-1.43325065371025,-0.0909733390800245,7.31566682458337,24.4232688408971,59.9999944662808,58.1331930368857,59.9999937866105,-1.43259386234816,-0.0251406549665065,6.90123565680976,24.6232688408971,950.434923998617,830.841239518778,1747.0521610061,55.8468697504003,226.715283095974,226.717022777616,869.143965332653,440.98908996641
load_increase_B39_F180,load_increase,75,12,34,2,10,10,0.945223588050834,0.860583618745985,0.954223779656757,-0.0277711963903451,1.73463468728918,NaN,1.01230116063239,0.936125276121342,1.02883257549273,-0.0188181365727549,0,16.1489248015127,59.9999937660327,58.1228657521424,59.9999930308482,-1.43325065371025,-0.0909733390800245,7.31566682458337,24.4232688408971,59.9999918043979,58.0884116484993,59.9999905544695,-1.43257599259981,-1.15772063644372,7.51068967630567,24.4232688408971,950.434923998617,830.841239518778,1747.0521610061,55.8468697504003,226.715283095974,226.717022777616,869.143965332653,440.98908996641
load_increase_B39_F180,load_increase,76,5,19,3,9,10,0.958759400236745,0.866776914680523,0.966040366641389,-0.0332898288794974,0.933022209048444,NaN,0.990604210848697,0.918094314272611,1.0057538496834,-0.0178334105235165,0,14.5360057189506,59.9999938740924,58.1245039046777,59.9999931528418,-1.43314239615709,-0.0920607710896229,7.94592918673763,24.6232688408971,59.9999948530335,58.1302958627692,59.9999982756187,-1.43224436115099,0.0073097666803793,6.90123565680976,24.6232688408971,950.434923998617,830.841239518778,1747.0521610061,55.8468697504003,226.715283095974,226.717022777616,869.143965332653,440.98908996641
load_increase_B39_F180,load_increase,77,27,39,4,8,10,1.0020543707611,0.930077074129742,1.01375232451873,-0.0220608471181805,0,NaN,1.03000013409431,0.990827897134834,1.03000005001758,-0.0270034925191294,0,NaN,59.9999944662808,58.1331930368857,59.9999937866105,-1.43259386234816,-0.0251406549665065,6.90123565680976,24.6232688408971,59.9999936918416,58.1285091214784,59.9999929808452,-1.43257657048338,-0.168438429370997,7.58553139199037,24.6232688408971,950.434923998617,830.841239518778,1747.0521610061,55.8468697504003,226.715283095974,226.717022777616,869.143965332653,440.98908996641
load_increase_B39_F180,load_increase,78,15,24,5,9,10,0.973079105652974,0.894978501732969,0.984110468148813,-0.0255050515232397,0.244249773239968,NaN,0.999264074901395,0.924490364022121,1.01142596710119,-0.0239984935248262,0,NaN,59.9999949130723,58.1187219864094,60.0016967109139,-1.43232931078002,0.0383680882177212,6.90123565680976,24.6232688408971,59.9999948530335,58.1302958627692,59.9999982756187,-1.43224436115099,0.0073097666803793,6.90123565680976,24.6232688408971,950.434923998617,830.841239518778,1747.0521610061,55.8468697504003,226.715283095974,226.717022777616,869.143965332653,440.98908996641
load_increase_B39_F180,load_increase,79,7,19,7,8,10,0.953428494064471,0.858573889441847,0.959340031549341,-0.0367957516610266,1.97819680162414,NaN,0.990604210848697,0.918094314272611,1.0057538496834,-0.0178334105235165,0,14.5360057189506,59.9999944671441,58.136506555645,59.9999939609786,-1.43268876730881,-0.026886498293194,7.70773210101502,24.6232688408971,59.9999936918416,58.1285091214784,59.9999929808452,-1.43257657048338,-0.168438429370997,7.58553139199037,24.6232688408971,950.434923998617,830.841239518778,1747.0521610061,55.8468697504003,226.715283095974,226.717022777616,869.143965332653,440.98908996641
load_increase_B39_F180,load_increase,80,38,39,9,10,10,1.02650112277428,0.969395895020016,1.04399721861165,-0.0098765378275274,0,8.13562682346603,1.03000013409431,0.990827897134834,1.03000005001758,-0.0270034925191294,0,NaN,59.9999948530335,58.1302958627692,59.9999982756187,-1.43224436115099,0.0073097666803793,6.90123565680976,24.6232688408971,59.9999918043979,58.0884116484993,59.9999905544695,-1.43257599259981,-1.15772063644372,7.51068967630567,24.4232688408971,950.434923998617,830.841239518778,1747.0521610061,55.8468697504003,226.715283095974,226.717022777616,869.143965332653,440.98908996641
load_decrease_B01_F080,load_decrease,1,1,2,1,2,1,1.02689638912936,1.02689613197341,1.0294708846121,0.00234262186028,0,0,1.02001684293784,1.02001650365959,1.02129478220499,0.000758500279831154,0,0,59.9999934559826,59.9999929154556,60.0449488752922,0.0342647385110837,0.0431991908396765,0,1.33685521220273,59.9999937660327,59.9999930308482,60.0449705677231,0.0342579833153849,3.83883846429403e-05,0,1.42021569746811,247.351644502021,244.932453110645,247.610544160563,-1.57595954071451,178.513910467193,174.816069465349,178.514465299017,-3.44328014201156
load_decrease_B01_F080,load_decrease,2,18,25,1,7,1,0.993422297824962,0.993421901286815,0.994483900815099,0.000566806531307806,0,0,1.02838004290673,1.02837976212162,1.02933906397384,0.000410583462015612,0,0,59.9999934559826,59.9999929154556,60.0449488752922,0.0342647385110837,0.0431991908396765,0,1.33685521220273,59.9999944671441,59.9999939609786,60.0452351473494,0.0342459769952157,0.00108950993655863,0,1.42021569746811,247.351644502021,244.932453110645,247.610544160563,-1.57595954071451,178.513910467193,174.816069465349,178.514465299017,-3.44328014201156
load_decrease_B01_F080,load_decrease,3,9,25,2,5,1,1.02020766358892,1.02020741569325,1.0210264682071,0.000607423194981527,0,0,1.02838004290673,1.02837976212162,1.02933906397384,0.000410583462015612,0,0,59.9999937660327,59.9999930308482,60.0449705677231,0.0342579833153849,3.83883846429403e-05,0,1.42021569746811,59.9999949130723,59.9997909356372,60.0455051432862,0.0342276334695768,-0.00350702746754542,0.102848315724862,1.5035761827335,247.351644502021,244.932453110645,247.610544160563,-1.57595954071451,178.513910467193,174.816069465349,178.514465299017,-3.44328014201156
load_decrease_B01_F080,load_decrease,4,2,31,3,4,1,1.02001684293784,1.02001650365959,1.02129478220499,0.000758500279831154,0,0,0.982000570674875,0.982000194217386,0.982946876719949,0.000290550945955981,0,0,59.9999938740924,59.9999931528418,60.0449781530473,0.0342571733986716,0.000956784883348323,0,1.42021569746811,59.9999944662808,59.9999937866105,60.0452045763162,0.0342432445251575,0.00077783989972613,0,1.42021569746811,247.351644502021,244.932453110645,247.610544160563,-1.57595954071451,178.513910467193,174.816069465349,178.514465299017,-3.44328014201156
load_decrease_B01_F080,load_decrease,5,21,33,3,9,1,0.997579594018811,0.99757917147838,0.998485700301444,0.000457145039454709,0,0,0.997200971921189,0.997059700503822,0.998019379121561,0.000227395163459931,0,2.22290237988224,59.9999938740924,59.9999931528418,60.0449781530473,0.0342571733986716,0.000956784883348323,0,1.42021569746811,59.9999948530335,59.9999927025908,60.0451771964157,0.03424814166857,-0.000505226255232933,0.00312866475784301,1.42021569746811,247.351644502021,244.932453110645,247.610544160563,-1.57595954071451,178.513910467193,174.816069465349,178.514465299017,-3.44328014201156
load_decrease_B01_F080,load_decrease,6,11,33,4,9,1,0.96248990465261,0.962489524218583,0.963472922380491,0.000497748482730542,0,0,0.997200971921189,0.997059700503822,0.998019379121561,0.000227395163459931,0,2.22290237988224,59.9999944662808,59.9999937866105,60.0452045763162,0.0342432445251575,0.00077783989972613,0,1.42021569746811,59.9999948530335,59.9999927025908,60.0451771964157,0.03424814166857,-0.000505226255232933,0.00312866475784301,1.42021569746811,247.351644502021,244.932453110645,247.610544160563,-1.57595954071451,178.513910467193,174.816069465349,178.514465299017,-3.44328014201156
load_decrease_B01_F080,load_decrease,7,4,25,5,10,1,0.960053104706681,0.96005272883502,0.961073819003058,0.00054542423140258,0,0,1.02838004290673,1.02837976212162,1.02933906397384,0.000410583462015612,0,0,59.9999949130723,59.9997909356372,60.0455051432862,0.0342276334695768,-0.00350702746754542,0.102848315724862,1.5035761827335,59.9999918043979,59.9999905544695,60.0451881112754,0.0343073446985045,0.0179110627730192,0,1.33685521220273,247.351644502021,244.932453110645,247.610544160563,-1.57595954071451,178.513910467193,174.816069465349,178.514465299017,-3.44328014201156
load_decrease_B01_F080,load_decrease,8,25,37,7,8,1,1.02838004290673,1.02837976212162,1.02933906397384,0.000410583462015612,0,0,1.02750054732654,1.02750028868048,1.02832377412983,0.000218641519714957,0,0,59.9999944671441,59.9999939609786,60.0452351473494,0.0342459769952157,0.00108950993655863,0,1.42021569746811,59.9999936918416,59.9999929808452,60.0449301193131,0.0342622123050234,0.0189873913213786,0,1.42021569746811,247.351644502021,244.932453110645,247.610544160563,-1.57595954071451,178.513910467193,174.816069465349,178.514465299017,-3.44328014201156
load_decrease_B01_F080,load_decrease,9,14,21,1,2,2,0.965188010297433,0.965187625896465,0.966182173491277,0.000513937607674153,0,0,0.997579594018811,0.99757917147838,0.998485700301444,0.000457145039454709,0,0,59.9999934559826,59.9999929154556,60.0449488752922,0.0342647385110837,0.0431991908396765,0,1.33685521220273,59.9999937660327,59.9999930308482,60.0449705677231,0.0342579833153849,3.83883846429403e-05,0,1.42021569746811,699.11655373899,697.82237276989,699.116650101119,-1.29286912507553,156.180710399892,154.852609196042,156.18077075031,-1.19856336898511
load_decrease_B01_F080,load_decrease,10,6,24,1,8,2,0.959595788849726,0.959595405388814,0.960601210461375,0.000527518992670228,0,0,0.999264074901395,0.999263645090658,1.000229555205,0.000493049265797296,0,0,59.9999934559826,59.9999929154556,60.0449488752922,0.0342647385110837,0.0431991908396765,0,1.33685521220273,59.9999936918416,59.9999929808452,60.0449301193131,0.0342622123050234,0.0189873913213786,0,1.42021569746811,699.11655373899,697.82237276989,699.116650101119,-1.29286912507553,156.180710399892,154.852609196042,156.18077075031,-1.19856336898511
load_decrease_B01_F080,load_decrease,11,32,33,2,5,2,0.984100548431793,0.98410020178925,0.984941385042872,0.000300308181853781,0,0,0.997200971921189,0.997059700503822,0.998019379121561,0.000227395163459931,0,2.22290237988224,59.9999937660327,59.9999930308482,60.0449705677231,0.0342579833153849,3.83883846429403e-05,0,1.42021569746811,59.9999949130723,59.9997909356372,60.0455051432862,0.0342276334695768,-0.00350702746754542,0.102848315724862,1.5035761827335,699.11655373899,697.82237276989,699.116650101119,-1.29286912507553,156.180710399892,154.852609196042,156.18077075031,-1.19856336898511
load_decrease_B01_F080,load_decrease,12,17,18,3,4,2,0.99507019283339,0.99506978189358,0.996091577461097,0.000527793139651567,0,0,0.993422297824962,0.993421901286815,0.994483900815099,0.000566806531307806,0,0,59.9999938740924,59.9999931528418,60.0449781530473,0.0342571733986716,0.000956784883348323,0,1.42021569746811,59.9999944662808,59.9999937866105,60.0452045763162,0.0342432445251575,0.00077783989972613,0,1.42021569746811,699.11655373899,697.82237276989,699.116650101119,-1.29286912507553,156.180710399892,154.852609196042,156.18077075031,-1.19856336898511
load_decrease_B01_F080,load_decrease,13,8,26,3,10,2,0.954598516570043,0.954598142528851,0.955594883174062,0.000570570732730258,0,0,1.01926696898686,1.0192665756457,1.02024482107948,0.000440408838017881,0,0,59.9999938740924,59.9999931528418,60.0449781530473,0.0342571733986716,0.000956784883348323,0,1.42021569746811,59.9999918043979,59.9999905544695,60.0451881112754,0.0343073446985045,0.0179110627730192,0,1.33685521220273,699.11655373899,697.82237276989,699.116650101119,-1.29286912507553,156.180710399892,154.852609196042,156.18077075031,-1.19856336898511
load_decrease_B01_F080,load_decrease,14,1,39,4,10,2,1.02689638912936,1.02689613197341,1.0294708846121,0.00234262186028,0,0,1.03000013409431,1.03000005001758,1.03054363665163,0.000472731451372832,0,0,59.9999944662808,59.9999937866105,60.0452045763162,0.0342432445251575,0.00077783989972613,0,1.42021569746811,59.9999918043979,59.9999905544695,60.0451881112754,0.0343073446985045,0.0179110627730192,0,1.33685521220273,699.11655373899,697.82237276989,699.116650101119,-1.29286912507553,156.180710399892,154.852609196042,156.18077075031,-1.19856336898511
load_decrease_B01_F080,load_decrease,15,20,23,5,10,2,0.987464538640993,0.987399619800508,0.988421468895934,0.000405353749010295,0,2.22290237988224,1.02167685351485,1.02167385364716,1.02248492637389,0.000388517934255317,0,2.22290237988224,59.9999949130723,59.9997909356372,60.0455051432862,0.0342276334695768,-0.00350702746754542,0.102848315724862,1.5035761827335,59.9999918043979,59.9999905544695,60.0451881112754,0.0343073446985045,0.0179110627730192,0,1.33685521220273,699.11655373899,697.82237276989,699.116650101119,-1.29286912507553,156.180710399892,154.852609196042,156.18077075031,-1.19856336898511
load_decrease_B01_F080,load_decrease,16,10,33,7,9,2,0.965720649152829,0.965720272081748,0.966688890351875,0.000477407801656282,0,0,0.997200971921189,0.997059700503822,0.998019379121561,0.000227395163459931,0,2.22290237988224,59.9999944671441,59.9999939609786,60.0452351473494,0.0342459769952157,0.00108950993655863,0,1.42021569746811,59.9999948530335,59.9999927025908,60.0451771964157,0.03424814166857,-0.000505226255232933,0.00312866475784301,1.42021569746811,699.11655373899,697.82237276989,699.116650101119,-1.29286912507553,156.180710399892,154.852609196042,156.18077075031,-1.19856336898511
load_decrease_B01_F080,load_decrease,17,3,32,1,3,3,0.994475020133488,0.99447465088492,0.995592033046377,0.00061728912794945,0,0,0.984100548431793,0.98410020178925,0.984941385042872,0.000300308181853781,0,0,59.9999934559826,59.9999929154556,60.0449488752922,0.0342647385110837,0.0431991908396765,0,1.33685521220273,59.9999938740924,59.9999931528418,60.0449781530473,0.0342571733986716,0.000956784883348323,0,1.42021569746811,672.46804441793,669.857121126144,672.468208792161,-1.90922810287907,138.262054035867,137.055328260026,138.262231281765,-1.15499839673208
load_decrease_B01_F080,load_decrease,18,23,38,1,8,3,1.02167685351485,1.02167385364716,1.02248492637389,0.000388517934255317,0,2.22290237988224,1.02650112277428,1.02637152894498,1.02732763546755,0.000231890762913745,0,2.29385163532396,59.9999934559826,59.9999929154556,60.0449488752922,0.0342647385110837,0.0431991908396765,0,1.33685521220273,59.9999936918416,59.9999929808452,60.0449301193131,0.0342622123050234,0.0189873913213786,0,1.42021569746811,672.46804441793,669.857121126144,672.468208792161,-1.90922810287907,138.262054035867,137.055328260026,138.262231281765,-1.15499839673208
load_decrease_B01_F080,load_decrease,19,13,18,2,6,3,0.964270739573376,0.964270361507435,0.965245340592399,0.000487804067601294,0,0,0.993422297824962,0.993421901286815,0.994483900815099,0.000566806531307806,0,0,59.9999937660327,59.9999930308482,60.0449705677231,0.0342579833153849,3.83883846429403e-05,0,1.42021569746811,59.9999943494354,59.9999928752654,60.0452518011784,0.0342464515117129,-0.000473467316043628,0.00312866475784301,1.42021569746811,672.46804441793,669.857121126144,672.468208792161,-1.90922810287907,138.262054035867,137.055328260026,138.262231281765,-1.15499839673208
load_decrease_B01_F080,load_decrease,20,5,29,3,5,3,0.958759400236745,0.958759018711514,0.95976769212104,0.000539456913779768,0,0,1.02109303516246,1.02106749112336,1.02201268410033,0.000349865551325879,0,2.29385163532396,59.9999938740924,59.9999931528418,60.0449781530473,0.0342571733986716,0.000956784883348323,0,1.42021569746811,59.9999949130723,59.9997909356372,60.0455051432862,0.0342276334695768,-0.00350702746754542,0.102848315724862,1.5035761827335,672.46804441793,669.857121126144,672.468208792161,-1.90922810287907,138.262054035867,137.055328260026,138.262231281765,-1.15499839673208
load_decrease_B01_F080,load_decrease,21,28,38,3,10,3,1.01980319076653,1.01980273929526,1.02074944214684,0.0003865277898909,0,0,1.02650112277428,1.02637152894498,1.02732763546755,0.000231890762913745,0,2.29385163532396,59.9999938740924,59.9999931528418,60.0449781530473,0.0342571733986716,0.000956784883348323,0,1.42021569746811,59.9999918043979,59.9999905544695,60.0451881112754,0.0343073446985045,0.0179110627730192,0,1.33685521220273,672.46804441793,669.857121126144,672.468208792161,-1.90922810287907,138.262054035867,137.055328260026,138.262231281765,-1.15499839673208
load_decrease_B01_F080,load_decrease,22,15,34,4,10,3,0.973079105652974,0.973078694472808,0.974054053303237,0.000498435736362879,0,0,1.01230116063239,1.01221316577837,1.01329641487107,0.000426056651380291,0,2.22290237988224,59.9999944662808,59.9999937866105,60.0452045763162,0.0342432445251575,0.00077783989972613,0,1.42021569746811,59.9999918043979,59.9999905544695,60.0451881112754,0.0343073446985045,0.0179110627730192,0,1.33685521220273,672.46804441793,669.857121126144,672.468208792161,-1.90922810287907,138.262054035867,137.055328260026,138.262231281765,-1.15499839673208
load_decrease_B01_F080,load_decrease,23,7,29,6,7,3,0.953428494064471,0.953428116387122,0.954428039062596,0.000557964239680686,0,0,1.02109303516246,1.02106749112336,1.02201268410033,0.000349865551325879,0,2.29385163532396,59.9999943494354,59.9999928752654,60.0452518011784,0.0342464515117129,-0.000473467316043628,0.00312866475784301,1.42021569746811,59.9999944671441,59.9999939609786,60.0452351473494,0.0342459769952157,0.00108950993655863,0,1.42021569746811,672.46804441793,669.857121126144,672.468208792161,-1.90922810287907,138.262054035867,137.055328260026,138.262231281765,-1.15499839673208
load_decrease_B01_F080,load_decrease,24,1,11,7,10,3,1.02689638912936,1.02689613197341,1.0294708846121,0.00234262186028,0,0,0.96248990465261,0.962489524218583,0.963472922380491,0.000497748482730542,0,0,59.9999944671441,59.9999939609786,60.0452351473494,0.0342459769952157,0.00108950993655863,0,1.42021569746811,59.9999918043979,59.9999905544695,60.0451881112754,0.0343073446985045,0.0179110627730192,0,1.33685521220273,672.46804441793,669.857121126144,672.468208792161,-1.90922810287907,138.262054035867,137.055328260026,138.262231281765,-1.15499839673208
load_decrease_B01_F080,load_decrease,25,18,34,1,3,4,0.993422297824962,0.993421901286815,0.994483900815099,0.000566806531307806,0,0,1.01230116063239,1.01221316577837,1.01329641487107,0.000426056651380291,0,2.22290237988224,59.9999934559826,59.9999929154556,60.0449488752922,0.0342647385110837,0.0431991908396765,0,1.33685521220273,59.9999938740924,59.9999931528418,60.0449781530473,0.0342571733986716,0.000956784883348323,0,1.42021569746811,653.081286728971,651.878385216645,653.081399449671,-1.17855087883288,44.6481487675236,43.4074395063287,44.648332965707,-1.13852670237799
load_decrease_B01_F080,load_decrease,26,9,34,1,9,4,1.02020766358892,1.02020741569325,1.0210264682071,0.000607423194981527,0,0,1.01230116063239,1.01221316577837,1.01329641487107,0.000426056651380291,0,2.22290237988224,59.9999934559826,59.9999929154556,60.0449488752922,0.0342647385110837,0.0431991908396765,0,1.33685521220273,59.9999948530335,59.9999927025908,60.0451771964157,0.03424814166857,-0.000505226255232933,0.00312866475784301,1.42021569746811,653.081286728971,651.878385216645,653.081399449671,-1.17855087883288,44.6481487675236,43.4074395063287,44.648332965707,-1.13852670237799
load_decrease_B01_F080,load_decrease,27,3,4,2,7,4,0.994475020133488,0.99447465088492,0.995592033046377,0.00061728912794945,0,0,0.960053104706681,0.96005272883502,0.961073819003058,0.00054542423140258,0,0,59.9999937660327,59.9999930308482,60.0449705677231,0.0342579833153849,3.83883846429403e-05,0,1.42021569746811,59.9999944671441,59.9999939609786,60.0452351473494,0.0342459769952157,0.00108950993655863,0,1.42021569746811,653.081286728971,651.878385216645,653.081399449671,-1.17855087883288,44.6481487675236,43.4074395063287,44.648332965707,-1.13852670237799
load_decrease_B01_F080,load_decrease,28,22,26,3,5,4,1.0229600920912,1.02295968149004,1.02377540002995,0.000383423560029295,0,0,1.01926696898686,1.0192665756457,1.02024482107948,0.000440408838017881,0,0,59.9999938740924,59.9999931528418,60.0449781530473,0.0342571733986716,0.000956784883348323,0,1.42021569746811,59.9999949130723,59.9997909356372,60.0455051432862,0.0342276334695768,-0.00350702746754542,0.102848315724862,1.5035761827335,653.081286728971,651.878385216645,653.081399449671,-1.17855087883288,44.6481487675236,43.4074395063287,44.648332965707,-1.13852670237799
load_decrease_B01_F080,load_decrease,29,12,15,4,5,4,0.945223588050834,0.945223215958439,0.946183932131202,0.000483469116777102,0,0,0.973079105652974,0.973078694472808,0.974054053303237,0.000498435736362879,0,0,59.9999944662808,59.9999937866105,60.0452045763162,0.0342432445251575,0.00077783989972613,0,1.42021569746811,59.9999949130723,59.9997909356372,60.0455051432862,0.0342276334695768,-0.00350702746754542,0.102848315724862,1.5035761827335,653.081286728971,651.878385216645,653.081399449671,-1.17855087883288,44.6481487675236,43.4074395063287,44.648332965707,-1.13852670237799
load_decrease_B01_F080,load_decrease,30,4,34,5,6,4,0.960053104706681,0.96005272883502,0.961073819003058,0.00054542423140258,0,0,1.01230116063239,1.01221316577837,1.01329641487107,0.000426056651380291,0,2.22290237988224,59.9999949130723,59.9997909356372,60.0455051432862,0.0342276334695768,-0.00350702746754542,0.102848315724862,1.5035761827335,59.9999943494354,59.9999928752654,60.0452518011784,0.0342464515117129,-0.000473467316043628,0.00312866475784301,1.42021569746811,653.081286728971,651.878385216645,653.081399449671,-1.17855087883288,44.6481487675236,43.4074395063287,44.648332965707,-1.13852670237799
load_decrease_B01_F080,load_decrease,31,26,33,6,7,4,1.01926696898686,1.0192665756457,1.02024482107948,0.000440408838017881,0,0,0.997200971921189,0.997059700503822,0.998019379121561,0.000227395163459931,0,2.22290237988224,59.9999943494354,59.9999928752654,60.0452518011784,0.0342464515117129,-0.000473467316043628,0.00312866475784301,1.42021569746811,59.9999944671441,59.9999939609786,60.0452351473494,0.0342459769952157,0.00108950993655863,0,1.42021569746811,653.081286728971,651.878385216645,653.081399449671,-1.17855087883288,44.6481487675236,43.4074395063287,44.648332965707,-1.13852670237799
load_decrease_B01_F080,load_decrease,32,14,30,7,10,4,0.965188010297433,0.965187625896465,0.966182173491277,0.000513937607674153,0,0,1.04990040987001,1.04990017057094,1.05070404658444,0.000172213826119094,0,0,59.9999944671441,59.9999939609786,60.0452351473494,0.0342459769952157,0.00108950993655863,0,1.42021569746811,59.9999918043979,59.9999905544695,60.0451881112754,0.0343073446985045,0.0179110627730192,0,1.33685521220273,653.081286728971,651.878385216645,653.081399449671,-1.17855087883288,44.6481487675236,43.4074395063287,44.648332965707,-1.13852670237799
load_decrease_B01_F080,load_decrease,33,6,33,1,4,5,0.959595788849726,0.959595405388814,0.960601210461375,0.000527518992670228,0,0,0.997200971921189,0.997059700503822,0.998019379121561,0.000227395163459931,0,2.22290237988224,59.9999934559826,59.9999929154556,60.0449488752922,0.0342647385110837,0.0431991908396765,0,1.33685521220273,59.9999944662808,59.9999937866105,60.0452045763162,0.0342432445251575,0.00077783989972613,0,1.42021569746811,517.000719945857,515.689567481515,517.122341846527,-1.30208828667787,137.308688158259,137.154521461882,137.582359450032,0.100477312584275
load_decrease_B01_F080,load_decrease,34,33,36,1,9,5,0.997200971921189,0.997059700503822,0.998019379121561,0.000227395163459931,0,2.22290237988224,1.0636010753349,1.06350068819034,1.06421428294997,0.000234981941271917,0,2.22290237988224,59.9999934559826,59.9999929154556,60.0449488752922,0.0342647385110837,0.0431991908396765,0,1.33685521220273,59.9999948530335,59.9999927025908,60.0451771964157,0.03424814166857,-0.000505226255232933,0.00312866475784301,1.42021569746811,517.000719945857,515.689567481515,517.122341846527,-1.30208828667787,137.308688158259,137.154521461882,137.582359450032,0.100477312584275
load_decrease_B01_F080,load_decrease,35,17,27,2,7,5,0.99507019283339,0.99506978189358,0.996091577461097,0.000527793139651567,0,0,1.0020543707611,1.00205397218291,1.00304338568966,0.000474622908449129,0,0,59.9999937660327,59.9999930308482,60.0449705677231,0.0342579833153849,3.83883846429403e-05,0,1.42021569746811,59.9999944671441,59.9999939609786,60.0452351473494,0.0342459769952157,0.00108950993655863,0,1.42021569746811,517.000719945857,515.689567481515,517.122341846527,-1.30208828667787,137.308688158259,137.154521461882,137.582359450032,0.100477312584275
load_decrease_B01_F080,load_decrease,36,8,36,3,6,5,0.954598516570043,0.954598142528851,0.955594883174062,0.000570570732730258,0,0,1.0636010753349,1.06350068819034,1.06421428294997,0.000234981941271917,0,2.22290237988224,59.9999938740924,59.9999931528418,60.0449781530473,0.0342571733986716,0.000956784883348323,0,1.42021569746811,59.9999943494354,59.9999928752654,60.0452518011784,0.0342464515117129,-0.000473467316043628,0.00312866475784301,1.42021569746811,517.000719945857,515.689567481515,517.122341846527,-1.30208828667787,137.308688158259,137.154521461882,137.582359450032,0.100477312584275
load_decrease_B01_F080,load_decrease,37,2,11,4,6,5,1.02001684293784,1.02001650365959,1.02129478220499,0.000758500279831154,0,0,0.96248990465261,0.962489524218583,0.963472922380491,0.000497748482730542,0,0,59.9999944662808,59.9999937866105,60.0452045763162,0.0342432445251575,0.00077783989972613,0,1.42021569746811,59.9999943494354,59.9999928752654,60.0452518011784,0.0342464515117129,-0.000473467316043628,0.00312866475784301,1.42021569746811,517.000719945857,515.689567481515,517.122341846527,-1.30208828667787,137.308688158259,137.154521461882,137.582359450032,0.100477312584275
load_decrease_B01_F080,load_decrease,38,20,32,5,6,5,0.987464538640993,0.987399619800508,0.988421468895934,0.000405353749010295,0,2.22290237988224,0.984100548431793,0.98410020178925,0.984941385042872,0.000300308181853781,0,0,59.9999949130723,59.9997909356372,60.0455051432862,0.0342276334695768,-0.00350702746754542,0.102848315724862,1.5035761827335,59.9999943494354,59.9999928752654,60.0452518011784,0.0342464515117129,-0.000473467316043628,0.00312866475784301,1.42021569746811,517.000719945857,515.689567481515,517.122341846527,-1.30208828667787,137.308688158259,137.154521461882,137.582359450032,0.100477312584275
load_decrease_B01_F080,load_decrease,39,11,14,6,8,5,0.96248990465261,0.962489524218583,0.963472922380491,0.000497748482730542,0,0,0.965188010297433,0.965187625896465,0.966182173491277,0.000513937607674153,0,0,59.9999943494354,59.9999928752654,60.0452518011784,0.0342464515117129,-0.000473467316043628,0.00312866475784301,1.42021569746811,59.9999936918416,59.9999929808452,60.0449301193131,0.0342622123050234,0.0189873913213786,0,1.42021569746811,517.000719945857,515.689567481515,517.122341846527,-1.30208828667787,137.308688158259,137.154521461882,137.582359450032,0.100477312584275
load_decrease_B01_F080,load_decrease,40,4,6,8,9,5,0.960053104706681,0.96005272883502,0.961073819003058,0.00054542423140258,0,0,0.959595788849726,0.959595405388814,0.960601210461375,0.000527518992670228,0,0,59.9999936918416,59.9999929808452,60.0449301193131,0.0342622123050234,0.0189873913213786,0,1.42021569746811,59.9999948530335,59.9999927025908,60.0451771964157,0.03424814166857,-0.000505226255232933,0.00312866475784301,1.42021569746811,517.000719945857,515.689567481515,517.122341846527,-1.30208828667787,137.308688158259,137.154521461882,137.582359450032,0.100477312584275
load_decrease_B01_F080,load_decrease,41,24,32,1,4,6,0.999264074901395,0.999263645090658,1.000229555205,0.000493049265797296,0,0,0.984100548431793,0.98410020178925,0.984941385042872,0.000300308181853781,0,0,59.9999934559826,59.9999929154556,60.0449488752922,0.0342647385110837,0.0431991908396765,0,1.33685521220273,59.9999944662808,59.9999937866105,60.0452045763162,0.0342432445251575,0.00077783989972613,0,1.42021569746811,646.129526212919,643.446753548403,646.15159667418,-1.91576106875868,221.895491666939,220.851968160893,221.895634079564,-1.01976789095383
load_decrease_B01_F080,load_decrease,42,13,27,1,10,6,0.964270739573376,0.964270361507435,0.965245340592399,0.000487804067601294,0,0,1.0020543707611,1.00205397218291,1.00304338568966,0.000474622908449129,0,0,59.9999934559826,59.9999929154556,60.0449488752922,0.0342647385110837,0.0431991908396765,0,1.33685521220273,59.9999918043979,59.9999905544695,60.0451881112754,0.0343073446985045,0.0179110627730192,0,1.33685521220273,646.129526212919,643.446753548403,646.15159667418,-1.91576106875868,221.895491666939,220.851968160893,221.895634079564,-1.01976789095383
load_decrease_B01_F080,load_decrease,43,5,38,2,8,6,0.958759400236745,0.958759018711514,0.95976769212104,0.000539456913779768,0,0,1.02650112277428,1.02637152894498,1.02732763546755,0.000231890762913745,0,2.29385163532396,59.9999937660327,59.9999930308482,60.0449705677231,0.0342579833153849,3.83883846429403e-05,0,1.42021569746811,59.9999936918416,59.9999929808452,60.0449301193131,0.0342622123050234,0.0189873913213786,0,1.42021569746811,646.129526212919,643.446753548403,646.15159667418,-1.91576106875868,221.895491666939,220.851968160893,221.895634079564,-1.01976789095383
load_decrease_B01_F080,load_decrease,44,29,38,3,6,6,1.02109303516246,1.02106749112336,1.02201268410033,0.000349865551325879,0,2.29385163532396,1.02650112277428,1.02637152894498,1.02732763546755,0.000231890762913745,0,2.29385163532396,59.9999938740924,59.9999931528418,60.0449781530473,0.0342571733986716,0.000956784883348323,0,1.42021569746811,59.9999943494354,59.9999928752654,60.0452518011784,0.0342464515117129,-0.000473467316043628,0.00312866475784301,1.42021569746811,646.129526212919,643.446753548403,646.15159667418,-1.91576106875868,221.895491666939,220.851968160893,221.895634079564,-1.01976789095383
load_decrease_B01_F080,load_decrease,45,16,20,4,6,6,0.991037366929576,0.991036940258187,0.992014524425693,0.00049492030005216,0,0,0.987464538640993,0.987399619800508,0.988421468895934,0.000405353749010295,0,2.22290237988224,59.9999944662808,59.9999937866105,60.0452045763162,0.0342432445251575,0.00077783989972613,0,1.42021569746811,59.9999943494354,59.9999928752654,60.0452518011784,0.0342464515117129,-0.000473467316043628,0.00312866475784301,1.42021569746811,646.129526212919,643.446753548403,646.15159667418,-1.91576106875868,221.895491666939,220.851968160893,221.895634079564,-1.01976789095383
load_decrease_B01_F080,load_decrease,46,7,38,5,7,6,0.953428494064471,0.953428116387122,0.954428039062596,0.000557964239680686,0,0,1.02650112277428,1.02637152894498,1.02732763546755,0.000231890762913745,0,2.29385163532396,59.9999949130723,59.9997909356372,60.0455051432862,0.0342276334695768,-0.00350702746754542,0.102848315724862,1.5035761827335,59.9999944671441,59.9999939609786,60.0452351473494,0.0342459769952157,0.00108950993655863,0,1.42021569746811,646.129526212919,643.446753548403,646.15159667418,-1.91576106875868,221.895491666939,220.851968160893,221.895634079564,-1.01976789095383
load_decrease_B01_F080,load_decrease,47,1,20,6,9,6,1.02689638912936,1.02689613197341,1.0294708846121,0.00234262186028,0,0,0.987464538640993,0.987399619800508,0.988421468895934,0.000405353749010295,0,2.22290237988224,59.9999943494354,59.9999928752654,60.0452518011784,0.0342464515117129,-0.000473467316043628,0.00312866475784301,1.42021569746811,59.9999948530335,59.9999927025908,60.0451771964157,0.03424814166857,-0.000505226255232933,0.00312866475784301,1.42021569746811,646.129526212919,643.446753548403,646.15159667418,-1.91576106875868,221.895491666939,220.851968160893,221.895634079564,-1.01976789095383
load_decrease_B01_F080,load_decrease,48,19,23,8,9,6,0.990604210848697,0.990552458601536,0.991535551000472,0.000381589007570571,0,2.22290237988224,1.02167685351485,1.02167385364716,1.02248492637389,0.000388517934255317,0,2.22290237988224,59.9999936918416,59.9999929808452,60.0449301193131,0.0342622123050234,0.0189873913213786,0,1.42021569746811,59.9999948530335,59.9999927025908,60.0451771964157,0.03424814166857,-0.000505226255232933,0.00312866475784301,1.42021569746811,646.129526212919,643.446753548403,646.15159667418,-1.91576106875868,221.895491666939,220.851968160893,221.895634079564,-1.01976789095383
load_decrease_B01_F080,load_decrease,49,10,14,1,5,7,0.965720649152829,0.965720272081748,0.966688890351875,0.000477407801656282,0,0,0.965188010297433,0.965187625896465,0.966182173491277,0.000513937607674153,0,0,59.9999934559826,59.9999929154556,60.0449488752922,0.0342647385110837,0.0431991908396765,0,1.33685521220273,59.9999949130723,59.9997909356372,60.0455051432862,0.0342276334695768,-0.00350702746754542,0.102848315724862,1.5035761827335,525.642776165619,524.036076272942,525.643092250139,-1.58018884481703,188.546381008994,187.593633895208,188.546577690938,-0.762039681358118
load_decrease_B01_F080,load_decrease,50,3,13,2,3,7,0.994475020133488,0.99447465088492,0.995592033046377,0.00061728912794945,0,0,0.964270739573376,0.964270361507435,0.965245340592399,0.000487804067601294,0,0,59.9999937660327,59.9999930308482,60.0449705677231,0.0342579833153849,3.83883846429403e-05,0,1.42021569746811,59.9999938740924,59.9999931528418,60.0449781530473,0.0342571733986716,0.000956784883348323,0,1.42021569746811,525.642776165619,524.036076272942,525.643092250139,-1.58018884481703,188.546381008994,187.593633895208,188.546577690938,-0.762039681358118
load_decrease_B01_F080,load_decrease,51,22,35,2,8,7,1.0229600920912,1.02295968149004,1.02377540002995,0.000383423560029295,0,0,1.04940121508332,1.04934781433295,1.05010404315588,0.000262755822209026,0,2.22290237988224,59.9999937660327,59.9999930308482,60.0449705677231,0.0342579833153849,3.83883846429403e-05,0,1.42021569746811,59.9999936918416,59.9999929808452,60.0449301193131,0.0342622123050234,0.0189873913213786,0,1.42021569746811,525.642776165619,524.036076272942,525.643092250139,-1.58018884481703,188.546381008994,187.593633895208,188.546577690938,-0.762039681358118
load_decrease_B01_F080,load_decrease,52,12,25,3,7,7,0.945223588050834,0.945223215958439,0.946183932131202,0.000483469116777102,0,0,1.02838004290673,1.02837976212162,1.02933906397384,0.000410583462015612,0,0,59.9999938740924,59.9999931528418,60.0449781530473,0.0342571733986716,0.000956784883348323,0,1.42021569746811,59.9999944671441,59.9999939609786,60.0452351473494,0.0342459769952157,0.00108950993655863,0,1.42021569746811,525.642776165619,524.036076272942,525.643092250139,-1.58018884481703,188.546381008994,187.593633895208,188.546577690938,-0.762039681358118
load_decrease_B01_F080,load_decrease,53,5,9,4,7,7,0.958759400236745,0.958759018711514,0.95976769212104,0.000539456913779768,0,0,1.02020766358892,1.02020741569325,1.0210264682071,0.000607423194981527,0,0,59.9999944662808,59.9999937866105,60.0452045763162,0.0342432445251575,0.00077783989972613,0,1.42021569746811,59.9999944671441,59.9999939609786,60.0452351473494,0.0342459769952157,0.00108950993655863,0,1.42021569746811,525.642776165619,524.036076272942,525.643092250139,-1.58018884481703,188.546381008994,187.593633895208,188.546577690938,-0.762039681358118
load_decrease_B01_F080,load_decrease,54,27,30,5,7,7,1.0020543707611,1.00205397218291,1.00304338568966,0.000474622908449129,0,0,1.04990040987001,1.04990017057094,1.05070404658444,0.000172213826119094,0,0,59.9999949130723,59.9997909356372,60.0455051432862,0.0342276334695768,-0.00350702746754542,0.102848315724862,1.5035761827335,59.9999944671441,59.9999939609786,60.0452351473494,0.0342459769952157,0.00108950993655863,0,1.42021569746811,525.642776165619,524.036076272942,525.643092250139,-1.58018884481703,188.546381008994,187.593633895208,188.546577690938,-0.762039681358118
load_decrease_B01_F080,load_decrease,55,14,39,6,9,7,0.965188010297433,0.965187625896465,0.966182173491277,0.000513937607674153,0,0,1.03000013409431,1.03000005001758,1.03054363665163,0.000472731451372832,0,0,59.9999943494354,59.9999928752654,60.0452518011784,0.0342464515117129,-0.000473467316043628,0.00312866475784301,1.42021569746811,59.9999948530335,59.9999927025908,60.0451771964157,0.03424814166857,-0.000505226255232933,0.00312866475784301,1.42021569746811,525.642776165619,524.036076272942,525.643092250139,-1.58018884481703,188.546381008994,187.593633895208,188.546577690938,-0.762039681358118
load_decrease_B01_F080,load_decrease,56,7,10,8,10,7,0.953428494064471,0.953428116387122,0.954428039062596,0.000557964239680686,0,0,0.965720649152829,0.965720272081748,0.966688890351875,0.000477407801656282,0,0,59.9999936918416,59.9999929808452,60.0449301193131,0.0342622123050234,0.0189873913213786,0,1.42021569746811,59.9999918043979,59.9999905544695,60.0451881112754,0.0343073446985045,0.0179110627730192,0,1.33685521220273,525.642776165619,524.036076272942,525.643092250139,-1.58018884481703,188.546381008994,187.593633895208,188.546577690938,-0.762039681358118
load_decrease_B01_F080,load_decrease,57,35,36,1,5,8,1.04940121508332,1.04934781433295,1.05010404315588,0.000262755822209026,0,2.22290237988224,1.0636010753349,1.06350068819034,1.06421428294997,0.000234981941271917,0,2.22290237988224,59.9999934559826,59.9999929154556,60.0449488752922,0.0342647385110837,0.0431991908396765,0,1.33685521220273,59.9999949130723,59.9997909356372,60.0455051432862,0.0342276334695768,-0.00350702746754542,0.102848315724862,1.5035761827335,535.98704469732,534.862872595512,536.136305044467,-1.12340135995669,13.8483715662576,12.6631699593482,13.8484934426564,-0.971361408089576
load_decrease_B01_F080,load_decrease,58,17,36,2,3,8,0.99507019283339,0.99506978189358,0.996091577461097,0.000527793139651567,0,0,1.0636010753349,1.06350068819034,1.06421428294997,0.000234981941271917,0,2.22290237988224,59.9999937660327,59.9999930308482,60.0449705677231,0.0342579833153849,3.83883846429403e-05,0,1.42021569746811,59.9999938740924,59.9999931528418,60.0449781530473,0.0342571733986716,0.000956784883348323,0,1.42021569746811,535.98704469732,534.862872595512,536.136305044467,-1.12340135995669,13.8483715662576,12.6631699593482,13.8484934426564,-0.971361408089576
load_decrease_B01_F080,load_decrease,59,9,15,2,9,8,1.02020766358892,1.02020741569325,1.0210264682071,0.000607423194981527,0,0,0.973079105652974,0.973078694472808,0.974054053303237,0.000498435736362879,0,0,59.9999937660327,59.9999930308482,60.0449705677231,0.0342579833153849,3.83883846429403e-05,0,1.42021569746811,59.9999948530335,59.9999927025908,60.0451771964157,0.03424814166857,-0.000505226255232933,0.00312866475784301,1.42021569746811,535.98704469732,534.862872595512,536.136305044467,-1.12340135995669,13.8483715662576,12.6631699593482,13.8484934426564,-0.971361408089576
load_decrease_B01_F080,load_decrease,60,2,21,3,8,8,1.02001684293784,1.02001650365959,1.02129478220499,0.000758500279831154,0,0,0.997579594018811,0.99757917147838,0.998485700301444,0.000457145039454709,0,0,59.9999938740924,59.9999931528418,60.0449781530473,0.0342571733986716,0.000956784883348323,0,1.42021569746811,59.9999936918416,59.9999929808452,60.0449301193131,0.0342622123050234,0.0189873913213786,0,1.42021569746811,535.98704469732,534.862872595512,536.136305044467,-1.12340135995669,13.8483715662576,12.6631699593482,13.8484934426564,-0.971361408089576
load_decrease_B01_F080,load_decrease,61,21,23,4,7,8,0.997579594018811,0.99757917147838,0.998485700301444,0.000457145039454709,0,0,1.02167685351485,1.02167385364716,1.02248492637389,0.000388517934255317,0,2.22290237988224,59.9999944662808,59.9999937866105,60.0452045763162,0.0342432445251575,0.00077783989972613,0,1.42021569746811,59.9999944671441,59.9999939609786,60.0452351473494,0.0342459769952157,0.00108950993655863,0,1.42021569746811,535.98704469732,534.862872595512,536.136305044467,-1.12340135995669,13.8483715662576,12.6631699593482,13.8484934426564,-0.971361408089576
load_decrease_B01_F080,load_decrease,62,11,23,5,8,8,0.96248990465261,0.962489524218583,0.963472922380491,0.000497748482730542,0,0,1.02167685351485,1.02167385364716,1.02248492637389,0.000388517934255317,0,2.22290237988224,59.9999949130723,59.9997909356372,60.0455051432862,0.0342276334695768,-0.00350702746754542,0.102848315724862,1.5035761827335,59.9999936918416,59.9999929808452,60.0449301193131,0.0342622123050234,0.0189873913213786,0,1.42021569746811,535.98704469732,534.862872595512,536.136305044467,-1.12340135995669,13.8483715662576,12.6631699593482,13.8484934426564,-0.971361408089576
load_decrease_B01_F080,load_decrease,63,4,15,6,10,8,0.960053104706681,0.96005272883502,0.961073819003058,0.00054542423140258,0,0,0.973079105652974,0.973078694472808,0.974054053303237,0.000498435736362879,0,0,59.9999943494354,59.9999928752654,60.0452518011784,0.0342464515117129,-0.000473467316043628,0.00312866475784301,1.42021569746811,59.9999918043979,59.9999905544695,60.0451881112754,0.0343073446985045,0.0179110627730192,0,1.33685521220273,535.98704469732,534.862872595512,536.136305044467,-1.12340135995669,13.8483715662576,12.6631699593482,13.8484934426564,-0.971361408089576
load_decrease_B01_F080,load_decrease,64,25,27,8,10,8,1.02838004290673,1.02837976212162,1.02933906397384,0.000410583462015612,0,0,1.0020543707611,1.00205397218291,1.00304338568966,0.000474622908449129,0,0,59.9999936918416,59.9999929808452,60.0449301193131,0.0342622123050234,0.0189873913213786,0,1.42021569746811,59.9999918043979,59.9999905544695,60.0451881112754,0.0343073446985045,0.0179110627730192,0,1.33685521220273,535.98704469732,534.862872595512,536.136305044467,-1.12340135995669,13.8483715662576,12.6631699593482,13.8484934426564,-0.971361408089576
load_decrease_B01_F080,load_decrease,65,13,36,1,6,9,0.964270739573376,0.964270361507435,0.965245340592399,0.000487804067601294,0,0,1.0636010753349,1.06350068819034,1.06421428294997,0.000234981941271917,0,2.22290237988224,59.9999934559826,59.9999929154556,60.0449488752922,0.0342647385110837,0.0431991908396765,0,1.33685521220273,59.9999943494354,59.9999928752654,60.0452518011784,0.0342464515117129,-0.000473467316043628,0.00312866475784301,1.42021569746811,821.976188999109,819.333995337929,821.999333453448,-1.91587335345287,43.6266753165716,42.5644674490881,43.6266901016509,-0.928157543096965
load_decrease_B01_F080,load_decrease,66,6,14,2,4,9,0.959595788849726,0.959595405388814,0.960601210461375,0.000527518992670228,0,0,0.965188010297433,0.965187625896465,0.966182173491277,0.000513937607674153,0,0,59.9999937660327,59.9999930308482,60.0449705677231,0.0342579833153849,3.83883846429403e-05,0,1.42021569746811,59.9999944662808,59.9999937866105,60.0452045763162,0.0342432445251575,0.00077783989972613,0,1.42021569746811,821.976188999109,819.333995337929,821.999333453448,-1.91587335345287,43.6266753165716,42.5644674490881,43.6266901016509,-0.928157543096965
load_decrease_B01_F080,load_decrease,67,30,38,2,9,9,1.04990040987001,1.04990017057094,1.05070404658444,0.000172213826119094,0,0,1.02650112277428,1.02637152894498,1.02732763546755,0.000231890762913745,0,2.29385163532396,59.9999937660327,59.9999930308482,60.0449705677231,0.0342579833153849,3.83883846429403e-05,0,1.42021569746811,59.9999948530335,59.9999927025908,60.0451771964157,0.03424814166857,-0.000505226255232933,0.00312866475784301,1.42021569746811,821.976188999109,819.333995337929,821.999333453448,-1.91587335345287,43.6266753165716,42.5644674490881,43.6266901016509,-0.928157543096965
load_decrease_B01_F080,load_decrease,68,16,30,3,8,9,0.991037366929576,0.991036940258187,0.992014524425693,0.00049492030005216,0,0,1.04990040987001,1.04990017057094,1.05070404658444,0.000172213826119094,0,0,59.9999938740924,59.9999931528418,60.0449781530473,0.0342571733986716,0.000956784883348323,0,1.42021569746811,59.9999936918416,59.9999929808452,60.0449301193131,0.0342622123050234,0.0189873913213786,0,1.42021569746811,821.976188999109,819.333995337929,821.999333453448,-1.91587335345287,43.6266753165716,42.5644674490881,43.6266901016509,-0.928157543096965
load_decrease_B01_F080,load_decrease,69,8,16,4,8,9,0.954598516570043,0.954598142528851,0.955594883174062,0.000570570732730258,0,0,0.991037366929576,0.991036940258187,0.992014524425693,0.00049492030005216,0,0,59.9999944662808,59.9999937866105,60.0452045763162,0.0342432445251575,0.00077783989972613,0,1.42021569746811,59.9999936918416,59.9999929808452,60.0449301193131,0.0342622123050234,0.0189873913213786,0,1.42021569746811,821.976188999109,819.333995337929,821.999333453448,-1.91587335345287,43.6266753165716,42.5644674490881,43.6266901016509,-0.928157543096965
load_decrease_B01_F080,load_decrease,70,1,29,5,9,9,1.02689638912936,1.02689613197341,1.0294708846121,0.00234262186028,0,0,1.02109303516246,1.02106749112336,1.02201268410033,0.000349865551325879,0,2.29385163532396,59.9999949130723,59.9997909356372,60.0455051432862,0.0342276334695768,-0.00350702746754542,0.102848315724862,1.5035761827335,59.9999948530335,59.9999927025908,60.0451771964157,0.03424814166857,-0.000505226255232933,0.00312866475784301,1.42021569746811,821.976188999109,819.333995337929,821.999333453448,-1.91587335345287,43.6266753165716,42.5644674490881,43.6266901016509,-0.928157543096965
load_decrease_B01_F080,load_decrease,71,19,32,6,10,9,0.990604210848697,0.990552458601536,0.991535551000472,0.000381589007570571,0,2.22290237988224,0.984100548431793,0.98410020178925,0.984941385042872,0.000300308181853781,0,0,59.9999943494354,59.9999928752654,60.0452518011784,0.0342464515117129,-0.000473467316043628,0.00312866475784301,1.42021569746811,59.9999918043979,59.9999905544695,60.0451881112754,0.0343073446985045,0.0179110627730192,0,1.33685521220273,821.976188999109,819.333995337929,821.999333453448,-1.91587335345287,43.6266753165716,42.5644674490881,43.6266901016509,-0.928157543096965
load_decrease_B01_F080,load_decrease,72,10,23,9,10,9,0.965720649152829,0.965720272081748,0.966688890351875,0.000477407801656282,0,0,1.02167685351485,1.02167385364716,1.02248492637389,0.000388517934255317,0,2.22290237988224,59.9999948530335,59.9999927025908,60.0451771964157,0.03424814166857,-0.000505226255232933,0.00312866475784301,1.42021569746811,59.9999918043979,59.9999905544695,60.0451881112754,0.0343073446985045,0.0179110627730192,0,1.33685521220273,821.976188999109,819.333995337929,821.999333453448,-1.91587335345287,43.6266753165716,42.5644674490881,43.6266901016509,-0.928157543096965
load_decrease_B01_F080,load_decrease,73,3,22,1,7,10,0.994475020133488,0.99447465088492,0.995592033046377,0.00061728912794945,0,0,1.0229600920912,1.02295968149004,1.02377540002995,0.000383423560029295,0,0,59.9999934559826,59.9999929154556,60.0449488752922,0.0342647385110837,0.0431991908396765,0,1.33685521220273,59.9999944671441,59.9999939609786,60.0452351473494,0.0342459769952157,0.00108950993655863,0,1.42021569746811,950.434923998617,938.160585798385,951.505421372173,-1.14508185455315,226.715283095974,217.634411516846,226.717022777616,-7.93100942175556
load_decrease_B01_F080,load_decrease,74,23,28,2,4,10,1.02167685351485,1.02167385364716,1.02248492637389,0.000388517934255317,0,2.22290237988224,1.01980319076653,1.01980273929526,1.02074944214684,0.0003865277898909,0,0,59.9999937660327,59.9999930308482,60.0449705677231,0.0342579833153849,3.83883846429403e-05,0,1.42021569746811,59.9999944662808,59.9999937866105,60.0452045763162,0.0342432445251575,0.00077783989972613,0,1.42021569746811,950.434923998617,938.160585798385,951.505421372173,-1.14508185455315,226.715283095974,217.634411516846,226.717022777616,-7.93100942175556
load_decrease_B01_F080,load_decrease,75,12,34,2,10,10,0.945223588050834,0.945223215958439,0.946183932131202,0.000483469116777102,0,0,1.01230116063239,1.01221316577837,1.01329641487107,0.000426056651380291,0,2.22290237988224,59.9999937660327,59.9999930308482,60.0449705677231,0.0342579833153849,3.83883846429403e-05,0,1.42021569746811,59.9999918043979,59.9999905544695,60.0451881112754,0.0343073446985045,0.0179110627730192,0,1.33685521220273,950.434923998617,938.160585798385,951.505421372173,-1.14508185455315,226.715283095974,217.634411516846,226.717022777616,-7.93100942175556
load_decrease_B01_F080,load_decrease,76,5,19,3,9,10,0.958759400236745,0.958759018711514,0.95976769212104,0.000539456913779768,0,0,0.990604210848697,0.990552458601536,0.991535551000472,0.000381589007570571,0,2.22290237988224,59.9999938740924,59.9999931528418,60.0449781530473,0.0342571733986716,0.000956784883348323,0,1.42021569746811,59.9999948530335,59.9999927025908,60.0451771964157,0.03424814166857,-0.000505226255232933,0.00312866475784301,1.42021569746811,950.434923998617,938.160585798385,951.505421372173,-1.14508185455315,226.715283095974,217.634411516846,226.717022777616,-7.93100942175556
load_decrease_B01_F080,load_decrease,77,27,39,4,8,10,1.0020543707611,1.00205397218291,1.00304338568966,0.000474622908449129,0,0,1.03000013409431,1.03000005001758,1.03054363665163,0.000472731451372832,0,0,59.9999944662808,59.9999937866105,60.0452045763162,0.0342432445251575,0.00077783989972613,0,1.42021569746811,59.9999936918416,59.9999929808452,60.0449301193131,0.0342622123050234,0.0189873913213786,0,1.42021569746811,950.434923998617,938.160585798385,951.505421372173,-1.14508185455315,226.715283095974,217.634411516846,226.717022777616,-7.93100942175556
load_decrease_B01_F080,load_decrease,78,15,24,5,9,10,0.973079105652974,0.973078694472808,0.974054053303237,0.000498435736362879,0,0,0.999264074901395,0.999263645090658,1.000229555205,0.000493049265797296,0,0,59.9999949130723,59.9997909356372,60.0455051432862,0.0342276334695768,-0.00350702746754542,0.102848315724862,1.5035761827335,59.9999948530335,59.9999927025908,60.0451771964157,0.03424814166857,-0.000505226255232933,0.00312866475784301,1.42021569746811,950.434923998617,938.160585798385,951.505421372173,-1.14508185455315,226.715283095974,217.634411516846,226.717022777616,-7.93100942175556
load_decrease_B01_F080,load_decrease,79,7,19,7,8,10,0.953428494064471,0.953428116387122,0.954428039062596,0.000557964239680686,0,0,0.990604210848697,0.990552458601536,0.991535551000472,0.000381589007570571,0,2.22290237988224,59.9999944671441,59.9999939609786,60.0452351473494,0.0342459769952157,0.00108950993655863,0,1.42021569746811,59.9999936918416,59.9999929808452,60.0449301193131,0.0342622123050234,0.0189873913213786,0,1.42021569746811,950.434923998617,938.160585798385,951.505421372173,-1.14508185455315,226.715283095974,217.634411516846,226.717022777616,-7.93100942175556
load_decrease_B01_F080,load_decrease,80,38,39,9,10,10,1.02650112277428,1.02637152894498,1.02732763546755,0.000231890762913745,0,2.29385163532396,1.03000013409431,1.03000005001758,1.03054363665163,0.000472731451372832,0,0,59.9999948530335,59.9999927025908,60.0451771964157,0.03424814166857,-0.000505226255232933,0.00312866475784301,1.42021569746811,59.9999918043979,59.9999905544695,60.0451881112754,0.0343073446985045,0.0179110627730192,0,1.33685521220273,950.434923998617,938.160585798385,951.505421372173,-1.14508185455315,226.715283095974,217.634411516846,226.717022777616,-7.93100942175556
load_decrease_B09_F065,load_decrease,1,1,2,1,2,1,1.02689638912936,1.02576125622905,1.02689613197341,-0.000538613295113066,0,0.470889094414795,1.02001684293784,1.01908313257644,1.02024006022815,-0.000150837813916782,0,0.470889094414795,59.9999934559826,59.9999929154556,60.0227565893083,0.0173523423264825,0.0258039140681398,0,0,59.9999937660327,59.9999930308482,60.0235164002809,0.0173770643051512,0.0414787598470629,0,0,247.351644502021,245.906613668192,247.395336548199,-0.784999583509489,178.513910467193,178.514465299017,180.458710321879,0.67993770298753
load_decrease_B09_F065,load_decrease,2,18,25,1,7,1,0.993422297824962,0.992353726747285,0.993683475526042,-0.0001816451748613,0,0.470889094414795,1.02838004290673,1.02759944898047,1.02856959756287,-0.000136191592427171,0,0.470889094414795,59.9999934559826,59.9999929154556,60.0227565893083,0.0173523423264825,0.0258039140681398,0,0,59.9999944671441,59.9999939609786,60.0230471188134,0.0173866393369693,0.0149991442776783,0,0,247.351644502021,245.906613668192,247.395336548199,-0.784999583509489,178.513910467193,178.514465299017,180.458710321879,0.67993770298753
load_decrease_B09_F065,load_decrease,3,9,25,2,5,1,1.02020766358892,1.01479698236593,1.02020741569325,-0.00465599753160584,0,0.417320541555566,1.02838004290673,1.02759944898047,1.02856959756287,-0.000136191592427171,0,0.470889094414795,59.9999937660327,59.9999930308482,60.0235164002809,0.0173770643051512,0.0414787598470629,0,0,59.9999949130723,59.9999943446027,60.0236618482562,0.0174035813026805,0.0135483291279592,0,0,247.351644502021,245.906613668192,247.395336548199,-0.784999583509489,178.513910467193,178.514465299017,180.458710321879,0.67993770298753
load_decrease_B09_F065,load_decrease,4,2,31,3,4,1,1.02001684293784,1.01908313257644,1.02024006022815,-0.000150837813916782,0,0.470889094414795,0.982000570674875,0.979997232428572,0.98230579024852,-0.000171247459754942,0,0.363751988696337,59.9999938740924,59.9999931528418,60.0233574908614,0.0173756555291646,0.0344234344468608,0,0,59.9999944662808,59.9999937866105,60.0231049363816,0.0173870551522768,0.0184719092747607,0,0,247.351644502021,245.906613668192,247.395336548199,-0.784999583509489,178.513910467193,178.514465299017,180.458710321879,0.67993770298753
load_decrease_B09_F065,load_decrease,5,21,33,3,9,1,0.997579594018811,0.996716367374162,0.998041165397013,-2.3342920100311e-05,0,0.470889094414795,0.997200971921189,0.996542033633891,0.997810062529686,5.54018921614663e-05,0,0.524457647274023,59.9999938740924,59.9999931528418,60.0233574908614,0.0173756555291646,0.0344234344468608,0,0,59.9999948530335,59.9999937595388,60.023398581938,0.0173722225931954,0.013651911169194,0,0,247.351644502021,245.906613668192,247.395336548199,-0.784999583509489,178.513910467193,178.514465299017,180.458710321879,0.67993770298753
load_decrease_B09_F065,load_decrease,6,11,33,4,9,1,0.96248990465261,0.96048577350161,0.962489524218583,-0.000654273057885346,0,0.363751988696337,0.997200971921189,0.996542033633891,0.997810062529686,5.54018921614663e-05,0,0.524457647274023,59.9999944662808,59.9999937866105,60.0231049363816,0.0173870551522768,0.0184719092747607,0,0,59.9999948530335,59.9999937595388,60.023398581938,0.0173722225931954,0.013651911169194,0,0,247.351644502021,245.906613668192,247.395336548199,-0.784999583509489,178.513910467193,178.514465299017,180.458710321879,0.67993770298753
load_decrease_B09_F065,load_decrease,7,4,25,5,10,1,0.960053104706681,0.958284180459432,0.96005272883502,-0.000609589444404479,0,0.417320541555566,1.02838004290673,1.02759944898047,1.02856959756287,-0.000136191592427171,0,0.470889094414795,59.9999949130723,59.9999943446027,60.0236618482562,0.0174035813026805,0.0135483291279592,0,0,59.9999918043979,59.9999905544695,60.0230769204924,0.0172753602655575,0.00634016483562276,0,0,247.351644502021,245.906613668192,247.395336548199,-0.784999583509489,178.513910467193,178.514465299017,180.458710321879,0.67993770298753
load_decrease_B09_F065,load_decrease,8,25,37,7,8,1,1.02838004290673,1.02759944898047,1.02856959756287,-0.000136191592427171,0,0.470889094414795,1.02750054732654,1.02686021224549,1.02780395708983,1.31733197650252e-05,0,0.470889094414795,59.9999944671441,59.9999939609786,60.0230471188134,0.0173866393369693,0.0149991442776783,0,0,59.9999936918416,59.9999929808452,60.0227829406751,0.0173551874512867,0.0158615194404321,0,0,247.351644502021,245.906613668192,247.395336548199,-0.784999583509489,178.513910467193,178.514465299017,180.458710321879,0.67993770298753
load_decrease_B09_F065,load_decrease,9,14,21,1,2,2,0.965188010297433,0.963514533071682,0.965187625896465,-0.000495876088907998,0,0.417320541555566,0.997579594018811,0.996716367374162,0.998041165397013,-2.3342920100311e-05,0,0.470889094414795,59.9999934559826,59.9999929154556,60.0227565893083,0.0173523423264825,0.0258039140681398,0,0,59.9999937660327,59.9999930308482,60.0235164002809,0.0173770643051512,0.0414787598470629,0,0,699.11655373899,697.408038610431,699.52614838829,-0.643740787086927,156.180710399892,156.18077075031,159.285791679144,2.72992766054139
load_decrease_B09_F065,load_decrease,10,6,24,1,8,2,0.959595788849726,0.957343992659983,0.959595405388814,-0.000882979003820172,0,0.363751988696337,0.999264074901395,0.998313995343049,0.999684810391279,-6.82577598243306e-05,0,0.470889094414795,59.9999934559826,59.9999929154556,60.0227565893083,0.0173523423264825,0.0258039140681398,0,0,59.9999936918416,59.9999929808452,60.0227829406751,0.0173551874512867,0.0158615194404321,0,0,699.11655373899,697.408038610431,699.52614838829,-0.643740787086927,156.180710399892,156.18077075031,159.285791679144,2.72992766054139
load_decrease_B09_F065,load_decrease,11,32,33,2,5,2,0.984100548431793,0.9825489354447,0.984494129040766,-8.2394305717437e-05,0,0.363751988696337,0.997200971921189,0.996542033633891,0.997810062529686,5.54018921614663e-05,0,0.524457647274023,59.9999937660327,59.9999930308482,60.0235164002809,0.0173770643051512,0.0414787598470629,0,0,59.9999949130723,59.9999943446027,60.0236618482562,0.0174035813026805,0.0135483291279592,0,0,699.11655373899,697.408038610431,699.52614838829,-0.643740787086927,156.180710399892,156.18077075031,159.285791679144,2.72992766054139
load_decrease_B09_F065,load_decrease,12,17,18,3,4,2,0.99507019283339,0.994071718721399,0.995410029411502,-0.000126804483674747,0,0.470889094414795,0.993422297824962,0.992353726747285,0.993683475526042,-0.0001816451748613,0,0.470889094414795,59.9999938740924,59.9999931528418,60.0233574908614,0.0173756555291646,0.0344234344468608,0,0,59.9999944662808,59.9999937866105,60.0231049363816,0.0173870551522768,0.0184719092747607,0,0,699.11655373899,697.408038610431,699.52614838829,-0.643740787086927,156.180710399892,156.18077075031,159.285791679144,2.72992766054139
load_decrease_B09_F065,load_decrease,13,8,26,3,10,2,0.954598516570043,0.951898125386513,0.954598142528851,-0.00142405451378635,0,0.363751988696337,1.01926696898686,1.01848327095294,1.01969424434522,-6.01127892054798e-05,0,0.524457647274023,59.9999938740924,59.9999931528418,60.0233574908614,0.0173756555291646,0.0344234344468608,0,0,59.9999918043979,59.9999905544695,60.0230769204924,0.0172753602655575,0.00634016483562276,0,0,699.11655373899,697.408038610431,699.52614838829,-0.643740787086927,156.180710399892,156.18077075031,159.285791679144,2.72992766054139
load_decrease_B09_F065,load_decrease,14,1,39,4,10,2,1.02689638912936,1.02576125622905,1.02689613197341,-0.000538613295113066,0,0.470889094414795,1.03000013409431,1.02894179795098,1.03000005001758,-0.000835532227815294,0,0.417320541555566,59.9999944662808,59.9999937866105,60.0231049363816,0.0173870551522768,0.0184719092747607,0,0,59.9999918043979,59.9999905544695,60.0230769204924,0.0172753602655575,0.00634016483562276,0,0,699.11655373899,697.408038610431,699.52614838829,-0.643740787086927,156.180710399892,156.18077075031,159.285791679144,2.72992766054139
load_decrease_B09_F065,load_decrease,15,20,23,5,10,2,0.987464538640993,0.986733897263426,0.988150644357542,8.90039948739929e-05,0,0.524457647274023,1.02167685351485,1.02093849312522,1.02217746268806,2.87694620386691e-05,0,0.470889094414795,59.9999949130723,59.9999943446027,60.0236618482562,0.0174035813026805,0.0135483291279592,0,0,59.9999918043979,59.9999905544695,60.0230769204924,0.0172753602655575,0.00634016483562276,0,0,699.11655373899,697.408038610431,699.52614838829,-0.643740787086927,156.180710399892,156.18077075031,159.285791679144,2.72992766054139
load_decrease_B09_F065,load_decrease,16,10,33,7,9,2,0.965720649152829,0.963836519716665,0.965720272081748,-0.000544415899193407,0,0.363751988696337,0.997200971921189,0.996542033633891,0.997810062529686,5.54018921614663e-05,0,0.524457647274023,59.9999944671441,59.9999939609786,60.0230471188134,0.0173866393369693,0.0149991442776783,0,0,59.9999948530335,59.9999937595388,60.023398581938,0.0173722225931954,0.013651911169194,0,0,699.11655373899,697.408038610431,699.52614838829,-0.643740787086927,156.180710399892,156.18077075031,159.285791679144,2.72992766054139
load_decrease_B09_F065,load_decrease,17,3,32,1,3,3,0.994475020133488,0.993293490348532,0.994600041454189,-0.000275871505770464,0,0.417320541555566,0.984100548431793,0.9825489354447,0.984494129040766,-8.2394305717437e-05,0,0.363751988696337,59.9999934559826,59.9999929154556,60.0227565893083,0.0173523423264825,0.0258039140681398,0,0,59.9999938740924,59.9999931528418,60.0233574908614,0.0173756555291646,0.0344234344468608,0,0,672.46804441793,670.781769034417,672.595356368468,-0.951443934069857,138.262054035867,138.262231281765,140.936375237038,2.16090910576168
load_decrease_B09_F065,load_decrease,18,23,38,1,8,3,1.02167685351485,1.02093849312522,1.02217746268806,2.87694620386691e-05,0,0.470889094414795,1.02650112277428,1.0260176305041,1.02721949616678,7.46469547165951e-05,0,0.578026200133252,59.9999934559826,59.9999929154556,60.0227565893083,0.0173523423264825,0.0258039140681398,0,0,59.9999936918416,59.9999929808452,60.0227829406751,0.0173551874512867,0.0158615194404321,0,0,672.46804441793,670.781769034417,672.595356368468,-0.951443934069857,138.262054035867,138.262231281765,140.936375237038,2.16090910576168
load_decrease_B09_F065,load_decrease,19,13,18,2,6,3,0.964270739573376,0.962443716895263,0.964270361507435,-0.00053517822622362,0,0.363751988696337,0.993422297824962,0.992353726747285,0.993683475526042,-0.0001816451748613,0,0.470889094414795,59.9999937660327,59.9999930308482,60.0235164002809,0.0173770643051512,0.0414787598470629,0,0,59.9999943494354,59.9999939661539,60.0230896890437,0.0173872882773267,0.0177413274954991,0,0,672.46804441793,670.781769034417,672.595356368468,-0.951443934069857,138.262054035867,138.262231281765,140.936375237038,2.16090910576168
load_decrease_B09_F065,load_decrease,20,5,29,3,5,3,0.958759400236745,0.956500503495768,0.958759018711514,-0.000932163907315653,0,0.363751988696337,1.02109303516246,1.02050161885063,1.02176724545693,5.11459503818035e-05,0,0.524457647274023,59.9999938740924,59.9999931528418,60.0233574908614,0.0173756555291646,0.0344234344468608,0,0,59.9999949130723,59.9999943446027,60.0236618482562,0.0174035813026805,0.0135483291279592,0,0,672.46804441793,670.781769034417,672.595356368468,-0.951443934069857,138.262054035867,138.262231281765,140.936375237038,2.16090910576168
load_decrease_B09_F065,load_decrease,21,28,38,3,10,3,1.01980319076653,1.01916150941507,1.02043328939103,3.05349102884822e-05,0,0.524457647274023,1.02650112277428,1.0260176305041,1.02721949616678,7.46469547165951e-05,0,0.578026200133252,59.9999938740924,59.9999931528418,60.0233574908614,0.0173756555291646,0.0344234344468608,0,0,59.9999918043979,59.9999905544695,60.0230769204924,0.0172753602655575,0.00634016483562276,0,0,672.46804441793,670.781769034417,672.595356368468,-0.951443934069857,138.262054035867,138.262231281765,140.936375237038,2.16090910576168
load_decrease_B09_F065,load_decrease,22,15,34,4,10,3,0.973079105652974,0.971913261806737,0.973326390325978,-0.000208123697986395,0,0.470889094414795,1.01230116063239,1.01160724060046,1.01310655274043,0.000149774631297506,0,0.578026200133252,59.9999944662808,59.9999937866105,60.0231049363816,0.0173870551522768,0.0184719092747607,0,0,59.9999918043979,59.9999905544695,60.0230769204924,0.0172753602655575,0.00634016483562276,0,0,672.46804441793,670.781769034417,672.595356368468,-0.951443934069857,138.262054035867,138.262231281765,140.936375237038,2.16090910576168
load_decrease_B09_F065,load_decrease,23,7,29,6,7,3,0.953428494064471,0.950882969609892,0.953428116387122,-0.00123853994280931,0,0.363751988696337,1.02109303516246,1.02050161885063,1.02176724545693,5.11459503818035e-05,0,0.524457647274023,59.9999943494354,59.9999939661539,60.0230896890437,0.0173872882773267,0.0177413274954991,0,0,59.9999944671441,59.9999939609786,60.0230471188134,0.0173866393369693,0.0149991442776783,0,0,672.46804441793,670.781769034417,672.595356368468,-0.951443934069857,138.262054035867,138.262231281765,140.936375237038,2.16090910576168
load_decrease_B09_F065,load_decrease,24,1,11,7,10,3,1.02689638912936,1.02576125622905,1.02689613197341,-0.000538613295113066,0,0.470889094414795,0.96248990465261,0.96048577350161,0.962489524218583,-0.000654273057885346,0,0.363751988696337,59.9999944671441,59.9999939609786,60.0230471188134,0.0173866393369693,0.0149991442776783,0,0,59.9999918043979,59.9999905544695,60.0230769204924,0.0172753602655575,0.00634016483562276,0,0,672.46804441793,670.781769034417,672.595356368468,-0.951443934069857,138.262054035867,138.262231281765,140.936375237038,2.16090910576168
load_decrease_B09_F065,load_decrease,25,18,34,1,3,4,0.993422297824962,0.992353726747285,0.993683475526042,-0.0001816451748613,0,0.470889094414795,1.01230116063239,1.01160724060046,1.01310655274043,0.000149774631297506,0,0.578026200133252,59.9999934559826,59.9999929154556,60.0227565893083,0.0173523423264825,0.0258039140681398,0,0,59.9999938740924,59.9999931528418,60.0233574908614,0.0173756555291646,0.0344234344468608,0,0,653.081286728971,652.19042668625,653.170003221219,-0.579464217533086,44.6481487675236,44.5446995406696,45.4705648555785,0.103611420102723
load_decrease_B09_F065,load_decrease,26,9,34,1,9,4,1.02020766358892,1.01479698236593,1.02020741569325,-0.00465599753160584,0,0.417320541555566,1.01230116063239,1.01160724060046,1.01310655274043,0.000149774631297506,0,0.578026200133252,59.9999934559826,59.9999929154556,60.0227565893083,0.0173523423264825,0.0258039140681398,0,0,59.9999948530335,59.9999937595388,60.023398581938,0.0173722225931954,0.013651911169194,0,0,653.081286728971,652.19042668625,653.170003221219,-0.579464217533086,44.6481487675236,44.5446995406696,45.4705648555785,0.103611420102723
load_decrease_B09_F065,load_decrease,27,3,4,2,7,4,0.994475020133488,0.993293490348532,0.994600041454189,-0.000275871505770464,0,0.417320541555566,0.960053104706681,0.958284180459432,0.96005272883502,-0.000609589444404479,0,0.417320541555566,59.9999937660327,59.9999930308482,60.0235164002809,0.0173770643051512,0.0414787598470629,0,0,59.9999944671441,59.9999939609786,60.0230471188134,0.0173866393369693,0.0149991442776783,0,0,653.081286728971,652.19042668625,653.170003221219,-0.579464217533086,44.6481487675236,44.5446995406696,45.4705648555785,0.103611420102723
load_decrease_B09_F065,load_decrease,28,22,26,3,5,4,1.0229600920912,1.02221217130289,1.0234671814792,2.78771046204884e-05,0,0.470889094414795,1.01926696898686,1.01848327095294,1.01969424434522,-6.01127892054798e-05,0,0.524457647274023,59.9999938740924,59.9999931528418,60.0233574908614,0.0173756555291646,0.0344234344468608,0,0,59.9999949130723,59.9999943446027,60.0236618482562,0.0174035813026805,0.0135483291279592,0,0,653.081286728971,652.19042668625,653.170003221219,-0.579464217533086,44.6481487675236,44.5446995406696,45.4705648555785,0.103611420102723
load_decrease_B09_F065,load_decrease,29,12,15,4,5,4,0.945223588050834,0.943344109139858,0.945223215958439,-0.00058353439655412,0,0.363751988696337,0.973079105652974,0.971913261806737,0.973326390325978,-0.000208123697986395,0,0.470889094414795,59.9999944662808,59.9999937866105,60.0231049363816,0.0173870551522768,0.0184719092747607,0,0,59.9999949130723,59.9999943446027,60.0236618482562,0.0174035813026805,0.0135483291279592,0,0,653.081286728971,652.19042668625,653.170003221219,-0.579464217533086,44.6481487675236,44.5446995406696,45.4705648555785,0.103611420102723
load_decrease_B09_F065,load_decrease,30,4,34,5,6,4,0.960053104706681,0.958284180459432,0.96005272883502,-0.000609589444404479,0,0.417320541555566,1.01230116063239,1.01160724060046,1.01310655274043,0.000149774631297506,0,0.578026200133252,59.9999949130723,59.9999943446027,60.0236618482562,0.0174035813026805,0.0135483291279592,0,0,59.9999943494354,59.9999939661539,60.0230896890437,0.0173872882773267,0.0177413274954991,0,0,653.081286728971,652.19042668625,653.170003221219,-0.579464217533086,44.6481487675236,44.5446995406696,45.4705648555785,0.103611420102723
load_decrease_B09_F065,load_decrease,31,26,33,6,7,4,1.01926696898686,1.01848327095294,1.01969424434522,-6.01127892054798e-05,0,0.524457647274023,0.997200971921189,0.996542033633891,0.997810062529686,5.54018921614663e-05,0,0.524457647274023,59.9999943494354,59.9999939661539,60.0230896890437,0.0173872882773267,0.0177413274954991,0,0,59.9999944671441,59.9999939609786,60.0230471188134,0.0173866393369693,0.0149991442776783,0,0,653.081286728971,652.19042668625,653.170003221219,-0.579464217533086,44.6481487675236,44.5446995406696,45.4705648555785,0.103611420102723
load_decrease_B09_F065,load_decrease,32,14,30,7,10,4,0.965188010297433,0.963514533071682,0.965187625896465,-0.000495876088907998,0,0.417320541555566,1.04990040987001,1.04931909987214,1.05017243772348,-2.73376867216957e-05,0,0.470889094414795,59.9999944671441,59.9999939609786,60.0230471188134,0.0173866393369693,0.0149991442776783,0,0,59.9999918043979,59.9999905544695,60.0230769204924,0.0172753602655575,0.00634016483562276,0,0,653.081286728971,652.19042668625,653.170003221219,-0.579464217533086,44.6481487675236,44.5446995406696,45.4705648555785,0.103611420102723
load_decrease_B09_F065,load_decrease,33,6,33,1,4,5,0.959595788849726,0.957343992659983,0.959595405388814,-0.000882979003820172,0,0.363751988696337,0.997200971921189,0.996542033633891,0.997810062529686,5.54018921614663e-05,0,0.524457647274023,59.9999934559826,59.9999929154556,60.0227565893083,0.0173523423264825,0.0258039140681398,0,0,59.9999944662808,59.9999937866105,60.0231049363816,0.0173870551522768,0.0184719092747607,0,0,517.000719945857,515.857785761556,517.297138301386,-0.639652808602364,137.308688158259,137.308465454197,138.059052051857,0.328377389612768
load_decrease_B09_F065,load_decrease,34,33,36,1,9,5,0.997200971921189,0.996542033633891,0.997810062529686,5.54018921614663e-05,0,0.524457647274023,1.0636010753349,1.06306114853866,1.06409426405204,6.62171720537952e-05,0,0.470889094414795,59.9999934559826,59.9999929154556,60.0227565893083,0.0173523423264825,0.0258039140681398,0,0,59.9999948530335,59.9999937595388,60.023398581938,0.0173722225931954,0.013651911169194,0,0,517.000719945857,515.857785761556,517.297138301386,-0.639652808602364,137.308688158259,137.308465454197,138.059052051857,0.328377389612768
load_decrease_B09_F065,load_decrease,35,17,27,2,7,5,0.99507019283339,0.994071718721399,0.995410029411502,-0.000126804483674747,0,0.470889094414795,1.0020543707611,1.00118200757014,1.0024394044735,-8.93527571912411e-05,0,0.470889094414795,59.9999937660327,59.9999930308482,60.0235164002809,0.0173770643051512,0.0414787598470629,0,0,59.9999944671441,59.9999939609786,60.0230471188134,0.0173866393369693,0.0149991442776783,0,0,517.000719945857,515.857785761556,517.297138301386,-0.639652808602364,137.308688158259,137.308465454197,138.059052051857,0.328377389612768
load_decrease_B09_F065,load_decrease,36,8,36,3,6,5,0.954598516570043,0.951898125386513,0.954598142528851,-0.00142405451378635,0,0.363751988696337,1.0636010753349,1.06306114853866,1.06409426405204,6.62171720537952e-05,0,0.470889094414795,59.9999938740924,59.9999931528418,60.0233574908614,0.0173756555291646,0.0344234344468608,0,0,59.9999943494354,59.9999939661539,60.0230896890437,0.0173872882773267,0.0177413274954991,0,0,517.000719945857,515.857785761556,517.297138301386,-0.639652808602364,137.308688158259,137.308465454197,138.059052051857,0.328377389612768
load_decrease_B09_F065,load_decrease,37,2,11,4,6,5,1.02001684293784,1.01908313257644,1.02024006022815,-0.000150837813916782,0,0.470889094414795,0.96248990465261,0.96048577350161,0.962489524218583,-0.000654273057885346,0,0.363751988696337,59.9999944662808,59.9999937866105,60.0231049363816,0.0173870551522768,0.0184719092747607,0,0,59.9999943494354,59.9999939661539,60.0230896890437,0.0173872882773267,0.0177413274954991,0,0,517.000719945857,515.857785761556,517.297138301386,-0.639652808602364,137.308688158259,137.308465454197,138.059052051857,0.328377389612768
load_decrease_B09_F065,load_decrease,38,20,32,5,6,5,0.987464538640993,0.986733897263426,0.988150644357542,8.90039948739929e-05,0,0.524457647274023,0.984100548431793,0.9825489354447,0.984494129040766,-8.2394305717437e-05,0,0.363751988696337,59.9999949130723,59.9999943446027,60.0236618482562,0.0174035813026805,0.0135483291279592,0,0,59.9999943494354,59.9999939661539,60.0230896890437,0.0173872882773267,0.0177413274954991,0,0,517.000719945857,515.857785761556,517.297138301386,-0.639652808602364,137.308688158259,137.308465454197,138.059052051857,0.328377389612768
load_decrease_B09_F065,load_decrease,39,11,14,6,8,5,0.96248990465261,0.96048577350161,0.962489524218583,-0.000654273057885346,0,0.363751988696337,0.965188010297433,0.963514533071682,0.965187625896465,-0.000495876088907998,0,0.417320541555566,59.9999943494354,59.9999939661539,60.0230896890437,0.0173872882773267,0.0177413274954991,0,0,59.9999936918416,59.9999929808452,60.0227829406751,0.0173551874512867,0.0158615194404321,0,0,517.000719945857,515.857785761556,517.297138301386,-0.639652808602364,137.308688158259,137.308465454197,138.059052051857,0.328377389612768
load_decrease_B09_F065,load_decrease,40,4,6,8,9,5,0.960053104706681,0.958284180459432,0.96005272883502,-0.000609589444404479,0,0.417320541555566,0.959595788849726,0.957343992659983,0.959595405388814,-0.000882979003820172,0,0.363751988696337,59.9999936918416,59.9999929808452,60.0227829406751,0.0173551874512867,0.0158615194404321,0,0,59.9999948530335,59.9999937595388,60.023398581938,0.0173722225931954,0.013651911169194,0,0,517.000719945857,515.857785761556,517.297138301386,-0.639652808602364,137.308688158259,137.308465454197,138.059052051857,0.328377389612768
load_decrease_B09_F065,load_decrease,41,24,32,1,4,6,0.999264074901395,0.998313995343049,0.999684810391279,-6.82577598243306e-05,0,0.470889094414795,0.984100548431793,0.9825489354447,0.984494129040766,-8.2394305717437e-05,0,0.363751988696337,59.9999934559826,59.9999929154556,60.0227565893083,0.0173523423264825,0.0258039140681398,0,0,59.9999944662808,59.9999937866105,60.0231049363816,0.0173870551522768,0.0184719092747607,0,0,646.129526212919,644.639001396345,646.129856362282,-0.94833101137624,221.895491666939,221.895634079564,222.641790324764,0.185365743497982
load_decrease_B09_F065,load_decrease,42,13,27,1,10,6,0.964270739573376,0.962443716895263,0.964270361507435,-0.00053517822622362,0,0.363751988696337,1.0020543707611,1.00118200757014,1.0024394044735,-8.93527571912411e-05,0,0.470889094414795,59.9999934559826,59.9999929154556,60.0227565893083,0.0173523423264825,0.0258039140681398,0,0,59.9999918043979,59.9999905544695,60.0230769204924,0.0172753602655575,0.00634016483562276,0,0,646.129526212919,644.639001396345,646.129856362282,-0.94833101137624,221.895491666939,221.895634079564,222.641790324764,0.185365743497982
load_decrease_B09_F065,load_decrease,43,5,38,2,8,6,0.958759400236745,0.956500503495768,0.958759018711514,-0.000932163907315653,0,0.363751988696337,1.02650112277428,1.0260176305041,1.02721949616678,7.46469547165951e-05,0,0.578026200133252,59.9999937660327,59.9999930308482,60.0235164002809,0.0173770643051512,0.0414787598470629,0,0,59.9999936918416,59.9999929808452,60.0227829406751,0.0173551874512867,0.0158615194404321,0,0,646.129526212919,644.639001396345,646.129856362282,-0.94833101137624,221.895491666939,221.895634079564,222.641790324764,0.185365743497982
load_decrease_B09_F065,load_decrease,44,29,38,3,6,6,1.02109303516246,1.02050161885063,1.02176724545693,5.11459503818035e-05,0,0.524457647274023,1.02650112277428,1.0260176305041,1.02721949616678,7.46469547165951e-05,0,0.578026200133252,59.9999938740924,59.9999931528418,60.0233574908614,0.0173756555291646,0.0344234344468608,0,0,59.9999943494354,59.9999939661539,60.0230896890437,0.0173872882773267,0.0177413274954991,0,0,646.129526212919,644.639001396345,646.129856362282,-0.94833101137624,221.895491666939,221.895634079564,222.641790324764,0.185365743497982
load_decrease_B09_F065,load_decrease,45,16,20,4,6,6,0.991037366929576,0.990060276807946,0.99143360501563,-8.95028691827449e-05,0,0.470889094414795,0.987464538640993,0.986733897263426,0.988150644357542,8.90039948739929e-05,0,0.524457647274023,59.9999944662808,59.9999937866105,60.0231049363816,0.0173870551522768,0.0184719092747607,0,0,59.9999943494354,59.9999939661539,60.0230896890437,0.0173872882773267,0.0177413274954991,0,0,646.129526212919,644.639001396345,646.129856362282,-0.94833101137624,221.895491666939,221.895634079564,222.641790324764,0.185365743497982
load_decrease_B09_F065,load_decrease,46,7,38,5,7,6,0.953428494064471,0.950882969609892,0.953428116387122,-0.00123853994280931,0,0.363751988696337,1.02650112277428,1.0260176305041,1.02721949616678,7.46469547165951e-05,0,0.578026200133252,59.9999949130723,59.9999943446027,60.0236618482562,0.0174035813026805,0.0135483291279592,0,0,59.9999944671441,59.9999939609786,60.0230471188134,0.0173866393369693,0.0149991442776783,0,0,646.129526212919,644.639001396345,646.129856362282,-0.94833101137624,221.895491666939,221.895634079564,222.641790324764,0.185365743497982
load_decrease_B09_F065,load_decrease,47,1,20,6,9,6,1.02689638912936,1.02576125622905,1.02689613197341,-0.000538613295113066,0,0.470889094414795,0.987464538640993,0.986733897263426,0.988150644357542,8.90039948739929e-05,0,0.524457647274023,59.9999943494354,59.9999939661539,60.0230896890437,0.0173872882773267,0.0177413274954991,0,0,59.9999948530335,59.9999937595388,60.023398581938,0.0173722225931954,0.013651911169194,0,0,646.129526212919,644.639001396345,646.129856362282,-0.94833101137624,221.895491666939,221.895634079564,222.641790324764,0.185365743497982
load_decrease_B09_F065,load_decrease,48,19,23,8,9,6,0.990604210848697,0.989829626630766,0.991198591239431,3.6859415074364e-05,0,0.524457647274023,1.02167685351485,1.02093849312522,1.02217746268806,2.87694620386691e-05,0,0.470889094414795,59.9999936918416,59.9999929808452,60.0227829406751,0.0173551874512867,0.0158615194404321,0,0,59.9999948530335,59.9999937595388,60.023398581938,0.0173722225931954,0.013651911169194,0,0,646.129526212919,644.639001396345,646.129856362282,-0.94833101137624,221.895491666939,221.895634079564,222.641790324764,0.185365743497982
load_decrease_B09_F065,load_decrease,49,10,14,1,5,7,0.965720649152829,0.963836519716665,0.965720272081748,-0.000544415899193407,0,0.363751988696337,0.965188010297433,0.963514533071682,0.965187625896465,-0.000495876088907998,0,0.417320541555566,59.9999934559826,59.9999929154556,60.0227565893083,0.0173523423264825,0.0258039140681398,0,0,59.9999949130723,59.9999943446027,60.0236618482562,0.0174035813026805,0.0135483291279592,0,0,525.642776165619,524.797693280686,525.661393588954,-0.784154601213345,188.546381008994,188.353104628982,189.283092847313,0.064486192077311
load_decrease_B09_F065,load_decrease,50,3,13,2,3,7,0.994475020133488,0.993293490348532,0.994600041454189,-0.000275871505770464,0,0.417320541555566,0.964270739573376,0.962443716895263,0.964270361507435,-0.00053517822622362,0,0.363751988696337,59.9999937660327,59.9999930308482,60.0235164002809,0.0173770643051512,0.0414787598470629,0,0,59.9999938740924,59.9999931528418,60.0233574908614,0.0173756555291646,0.0344234344468608,0,0,525.642776165619,524.797693280686,525.661393588954,-0.784154601213345,188.546381008994,188.353104628982,189.283092847313,0.064486192077311
load_decrease_B09_F065,load_decrease,51,22,35,2,8,7,1.0229600920912,1.02221217130289,1.0234671814792,2.78771046204884e-05,0,0.470889094414795,1.04940121508332,1.04876778395689,1.04993483829076,6.30341893468334e-05,0,0.470889094414795,59.9999937660327,59.9999930308482,60.0235164002809,0.0173770643051512,0.0414787598470629,0,0,59.9999936918416,59.9999929808452,60.0227829406751,0.0173551874512867,0.0158615194404321,0,0,525.642776165619,524.797693280686,525.661393588954,-0.784154601213345,188.546381008994,188.353104628982,189.283092847313,0.064486192077311
load_decrease_B09_F065,load_decrease,52,12,25,3,7,7,0.945223588050834,0.943344109139858,0.945223215958439,-0.00058353439655412,0,0.363751988696337,1.02838004290673,1.02759944898047,1.02856959756287,-0.000136191592427171,0,0.470889094414795,59.9999938740924,59.9999931528418,60.0233574908614,0.0173756555291646,0.0344234344468608,0,0,59.9999944671441,59.9999939609786,60.0230471188134,0.0173866393369693,0.0149991442776783,0,0,525.642776165619,524.797693280686,525.661393588954,-0.784154601213345,188.546381008994,188.353104628982,189.283092847313,0.064486192077311
load_decrease_B09_F065,load_decrease,53,5,9,4,7,7,0.958759400236745,0.956500503495768,0.958759018711514,-0.000932163907315653,0,0.363751988696337,1.02020766358892,1.01479698236593,1.02020741569325,-0.00465599753160584,0,0.417320541555566,59.9999944662808,59.9999937866105,60.0231049363816,0.0173870551522768,0.0184719092747607,0,0,59.9999944671441,59.9999939609786,60.0230471188134,0.0173866393369693,0.0149991442776783,0,0,525.642776165619,524.797693280686,525.661393588954,-0.784154601213345,188.546381008994,188.353104628982,189.283092847313,0.064486192077311
load_decrease_B09_F065,load_decrease,54,27,30,5,7,7,1.0020543707611,1.00118200757014,1.0024394044735,-8.93527571912411e-05,0,0.470889094414795,1.04990040987001,1.04931909987214,1.05017243772348,-2.73376867216957e-05,0,0.470889094414795,59.9999949130723,59.9999943446027,60.0236618482562,0.0174035813026805,0.0135483291279592,0,0,59.9999944671441,59.9999939609786,60.0230471188134,0.0173866393369693,0.0149991442776783,0,0,525.642776165619,524.797693280686,525.661393588954,-0.784154601213345,188.546381008994,188.353104628982,189.283092847313,0.064486192077311
load_decrease_B09_F065,load_decrease,55,14,39,6,9,7,0.965188010297433,0.963514533071682,0.965187625896465,-0.000495876088907998,0,0.417320541555566,1.03000013409431,1.02894179795098,1.03000005001758,-0.000835532227815294,0,0.417320541555566,59.9999943494354,59.9999939661539,60.0230896890437,0.0173872882773267,0.0177413274954991,0,0,59.9999948530335,59.9999937595388,60.023398581938,0.0173722225931954,0.013651911169194,0,0,525.642776165619,524.797693280686,525.661393588954,-0.784154601213345,188.546381008994,188.353104628982,189.283092847313,0.064486192077311
load_decrease_B09_F065,load_decrease,56,7,10,8,10,7,0.953428494064471,0.950882969609892,0.953428116387122,-0.00123853994280931,0,0.363751988696337,0.965720649152829,0.963836519716665,0.965720272081748,-0.000544415899193407,0,0.363751988696337,59.9999936918416,59.9999929808452,60.0227829406751,0.0173551874512867,0.0158615194404321,0,0,59.9999918043979,59.9999905544695,60.0230769204924,0.0172753602655575,0.00634016483562276,0,0,525.642776165619,524.797693280686,525.661393588954,-0.784154601213345,188.546381008994,188.353104628982,189.283092847313,0.064486192077311
load_decrease_B09_F065,load_decrease,57,35,36,1,5,8,1.04940121508332,1.04876778395689,1.04993483829076,6.30341893468334e-05,0,0.470889094414795,1.0636010753349,1.06306114853866,1.06409426405204,6.62171720537952e-05,0,0.470889094414795,59.9999934559826,59.9999929154556,60.0227565893083,0.0173523423264825,0.0258039140681398,0,0,59.9999949130723,59.9999943446027,60.0236618482562,0.0174035813026805,0.0135483291279592,0,0,535.98704469732,535.338325714387,535.987115098243,-0.561188828816057,13.8483715662576,13.8484934426564,14.5504049467553,0.611494461920303
load_decrease_B09_F065,load_decrease,58,17,36,2,3,8,0.99507019283339,0.994071718721399,0.995410029411502,-0.000126804483674747,0,0.470889094414795,1.0636010753349,1.06306114853866,1.06409426405204,6.62171720537952e-05,0,0.470889094414795,59.9999937660327,59.9999930308482,60.0235164002809,0.0173770643051512,0.0414787598470629,0,0,59.9999938740924,59.9999931528418,60.0233574908614,0.0173756555291646,0.0344234344468608,0,0,535.98704469732,535.338325714387,535.987115098243,-0.561188828816057,13.8483715662576,13.8484934426564,14.5504049467553,0.611494461920303
load_decrease_B09_F065,load_decrease,59,9,15,2,9,8,1.02020766358892,1.01479698236593,1.02020741569325,-0.00465599753160584,0,0.417320541555566,0.973079105652974,0.971913261806737,0.973326390325978,-0.000208123697986395,0,0.470889094414795,59.9999937660327,59.9999930308482,60.0235164002809,0.0173770643051512,0.0414787598470629,0,0,59.9999948530335,59.9999937595388,60.023398581938,0.0173722225931954,0.013651911169194,0,0,535.98704469732,535.338325714387,535.987115098243,-0.561188828816057,13.8483715662576,13.8484934426564,14.5504049467553,0.611494461920303
load_decrease_B09_F065,load_decrease,60,2,21,3,8,8,1.02001684293784,1.01908313257644,1.02024006022815,-0.000150837813916782,0,0.470889094414795,0.997579594018811,0.996716367374162,0.998041165397013,-2.3342920100311e-05,0,0.470889094414795,59.9999938740924,59.9999931528418,60.0233574908614,0.0173756555291646,0.0344234344468608,0,0,59.9999936918416,59.9999929808452,60.0227829406751,0.0173551874512867,0.0158615194404321,0,0,535.98704469732,535.338325714387,535.987115098243,-0.561188828816057,13.8483715662576,13.8484934426564,14.5504049467553,0.611494461920303
load_decrease_B09_F065,load_decrease,61,21,23,4,7,8,0.997579594018811,0.996716367374162,0.998041165397013,-2.3342920100311e-05,0,0.470889094414795,1.02167685351485,1.02093849312522,1.02217746268806,2.87694620386691e-05,0,0.470889094414795,59.9999944662808,59.9999937866105,60.0231049363816,0.0173870551522768,0.0184719092747607,0,0,59.9999944671441,59.9999939609786,60.0230471188134,0.0173866393369693,0.0149991442776783,0,0,535.98704469732,535.338325714387,535.987115098243,-0.561188828816057,13.8483715662576,13.8484934426564,14.5504049467553,0.611494461920303
load_decrease_B09_F065,load_decrease,62,11,23,5,8,8,0.96248990465261,0.96048577350161,0.962489524218583,-0.000654273057885346,0,0.363751988696337,1.02167685351485,1.02093849312522,1.02217746268806,2.87694620386691e-05,0,0.470889094414795,59.9999949130723,59.9999943446027,60.0236618482562,0.0174035813026805,0.0135483291279592,0,0,59.9999936918416,59.9999929808452,60.0227829406751,0.0173551874512867,0.0158615194404321,0,0,535.98704469732,535.338325714387,535.987115098243,-0.561188828816057,13.8483715662576,13.8484934426564,14.5504049467553,0.611494461920303
load_decrease_B09_F065,load_decrease,63,4,15,6,10,8,0.960053104706681,0.958284180459432,0.96005272883502,-0.000609589444404479,0,0.417320541555566,0.973079105652974,0.971913261806737,0.973326390325978,-0.000208123697986395,0,0.470889094414795,59.9999943494354,59.9999939661539,60.0230896890437,0.0173872882773267,0.0177413274954991,0,0,59.9999918043979,59.9999905544695,60.0230769204924,0.0172753602655575,0.00634016483562276,0,0,535.98704469732,535.338325714387,535.987115098243,-0.561188828816057,13.8483715662576,13.8484934426564,14.5504049467553,0.611494461920303
load_decrease_B09_F065,load_decrease,64,25,27,8,10,8,1.02838004290673,1.02759944898047,1.02856959756287,-0.000136191592427171,0,0.470889094414795,1.0020543707611,1.00118200757014,1.0024394044735,-8.93527571912411e-05,0,0.470889094414795,59.9999936918416,59.9999929808452,60.0227829406751,0.0173551874512867,0.0158615194404321,0,0,59.9999918043979,59.9999905544695,60.0230769204924,0.0172753602655575,0.00634016483562276,0,0,535.98704469732,535.338325714387,535.987115098243,-0.561188828816057,13.8483715662576,13.8484934426564,14.5504049467553,0.611494461920303
load_decrease_B09_F065,load_decrease,65,13,36,1,6,9,0.964270739573376,0.962443716895263,0.964270361507435,-0.00053517822622362,0,0.363751988696337,1.0636010753349,1.06306114853866,1.06409426405204,6.62171720537952e-05,0,0.470889094414795,59.9999934559826,59.9999929154556,60.0227565893083,0.0173523423264825,0.0258039140681398,0,0,59.9999943494354,59.9999939661539,60.0230896890437,0.0173872882773267,0.0177413274954991,0,0,821.976188999109,820.236481260186,821.976456109469,-0.949501996871959,43.6266753165716,43.4924430785586,44.410367240771,0.0825615376950566
load_decrease_B09_F065,load_decrease,66,6,14,2,4,9,0.959595788849726,0.957343992659983,0.959595405388814,-0.000882979003820172,0,0.363751988696337,0.965188010297433,0.963514533071682,0.965187625896465,-0.000495876088907998,0,0.417320541555566,59.9999937660327,59.9999930308482,60.0235164002809,0.0173770643051512,0.0414787598470629,0,0,59.9999944662808,59.9999937866105,60.0231049363816,0.0173870551522768,0.0184719092747607,0,0,821.976188999109,820.236481260186,821.976456109469,-0.949501996871959,43.6266753165716,43.4924430785586,44.410367240771,0.0825615376950566
load_decrease_B09_F065,load_decrease,67,30,38,2,9,9,1.04990040987001,1.04931909987214,1.05017243772348,-2.73376867216957e-05,0,0.470889094414795,1.02650112277428,1.0260176305041,1.02721949616678,7.46469547165951e-05,0,0.578026200133252,59.9999937660327,59.9999930308482,60.0235164002809,0.0173770643051512,0.0414787598470629,0,0,59.9999948530335,59.9999937595388,60.023398581938,0.0173722225931954,0.013651911169194,0,0,821.976188999109,820.236481260186,821.976456109469,-0.949501996871959,43.6266753165716,43.4924430785586,44.410367240771,0.0825615376950566
load_decrease_B09_F065,load_decrease,68,16,30,3,8,9,0.991037366929576,0.990060276807946,0.99143360501563,-8.95028691827449e-05,0,0.470889094414795,1.04990040987001,1.04931909987214,1.05017243772348,-2.73376867216957e-05,0,0.470889094414795,59.9999938740924,59.9999931528418,60.0233574908614,0.0173756555291646,0.0344234344468608,0,0,59.9999936918416,59.9999929808452,60.0227829406751,0.0173551874512867,0.0158615194404321,0,0,821.976188999109,820.236481260186,821.976456109469,-0.949501996871959,43.6266753165716,43.4924430785586,44.410367240771,0.0825615376950566
load_decrease_B09_F065,load_decrease,69,8,16,4,8,9,0.954598516570043,0.951898125386513,0.954598142528851,-0.00142405451378635,0,0.363751988696337,0.991037366929576,0.990060276807946,0.99143360501563,-8.95028691827449e-05,0,0.470889094414795,59.9999944662808,59.9999937866105,60.0231049363816,0.0173870551522768,0.0184719092747607,0,0,59.9999936918416,59.9999929808452,60.0227829406751,0.0173551874512867,0.0158615194404321,0,0,821.976188999109,820.236481260186,821.976456109469,-0.949501996871959,43.6266753165716,43.4924430785586,44.410367240771,0.0825615376950566
load_decrease_B09_F065,load_decrease,70,1,29,5,9,9,1.02689638912936,1.02576125622905,1.02689613197341,-0.000538613295113066,0,0.470889094414795,1.02109303516246,1.02050161885063,1.02176724545693,5.11459503818035e-05,0,0.524457647274023,59.9999949130723,59.9999943446027,60.0236618482562,0.0174035813026805,0.0135483291279592,0,0,59.9999948530335,59.9999937595388,60.023398581938,0.0173722225931954,0.013651911169194,0,0,821.976188999109,820.236481260186,821.976456109469,-0.949501996871959,43.6266753165716,43.4924430785586,44.410367240771,0.0825615376950566
load_decrease_B09_F065,load_decrease,71,19,32,6,10,9,0.990604210848697,0.989829626630766,0.991198591239431,3.6859415074364e-05,0,0.524457647274023,0.984100548431793,0.9825489354447,0.984494129040766,-8.2394305717437e-05,0,0.363751988696337,59.9999943494354,59.9999939661539,60.0230896890437,0.0173872882773267,0.0177413274954991,0,0,59.9999918043979,59.9999905544695,60.0230769204924,0.0172753602655575,0.00634016483562276,0,0,821.976188999109,820.236481260186,821.976456109469,-0.949501996871959,43.6266753165716,43.4924430785586,44.410367240771,0.0825615376950566
load_decrease_B09_F065,load_decrease,72,10,23,9,10,9,0.965720649152829,0.963836519716665,0.965720272081748,-0.000544415899193407,0,0.363751988696337,1.02167685351485,1.02093849312522,1.02217746268806,2.87694620386691e-05,0,0.470889094414795,59.9999948530335,59.9999937595388,60.023398581938,0.0173722225931954,0.013651911169194,0,0,59.9999918043979,59.9999905544695,60.0230769204924,0.0172753602655575,0.00634016483562276,0,0,821.976188999109,820.236481260186,821.976456109469,-0.949501996871959,43.6266753165716,43.4924430785586,44.410367240771,0.0825615376950566
load_decrease_B09_F065,load_decrease,73,3,22,1,7,10,0.994475020133488,0.993293490348532,0.994600041454189,-0.000275871505770464,0,0.417320541555566,1.0229600920912,1.02221217130289,1.0234671814792,2.78771046204884e-05,0,0.470889094414795,59.9999934559826,59.9999929154556,60.0227565893083,0.0173523423264825,0.0258039140681398,0,0,59.9999944671441,59.9999939609786,60.0230471188134,0.0173866393369693,0.0149991442776783,0,0,950.434923998617,936.511023346379,954.087222042203,-0.817406114146479,226.715283095974,226.717022777616,245.29512846699,14.1502150238243
load_decrease_B09_F065,load_decrease,74,23,28,2,4,10,1.02167685351485,1.02093849312522,1.02217746268806,2.87694620386691e-05,0,0.470889094414795,1.01980319076653,1.01916150941507,1.02043328939103,3.05349102884822e-05,0,0.524457647274023,59.9999937660327,59.9999930308482,60.0235164002809,0.0173770643051512,0.0414787598470629,0,0,59.9999944662808,59.9999937866105,60.0231049363816,0.0173870551522768,0.0184719092747607,0,0,950.434923998617,936.511023346379,954.087222042203,-0.817406114146479,226.715283095974,226.717022777616,245.29512846699,14.1502150238243
load_decrease_B09_F065,load_decrease,75,12,34,2,10,10,0.945223588050834,0.943344109139858,0.945223215958439,-0.00058353439655412,0,0.363751988696337,1.01230116063239,1.01160724060046,1.01310655274043,0.000149774631297506,0,0.578026200133252,59.9999937660327,59.9999930308482,60.0235164002809,0.0173770643051512,0.0414787598470629,0,0,59.9999918043979,59.9999905544695,60.0230769204924,0.0172753602655575,0.00634016483562276,0,0,950.434923998617,936.511023346379,954.087222042203,-0.817406114146479,226.715283095974,226.717022777616,245.29512846699,14.1502150238243
load_decrease_B09_F065,load_decrease,76,5,19,3,9,10,0.958759400236745,0.956500503495768,0.958759018711514,-0.000932163907315653,0,0.363751988696337,0.990604210848697,0.989829626630766,0.991198591239431,3.6859415074364e-05,0,0.524457647274023,59.9999938740924,59.9999931528418,60.0233574908614,0.0173756555291646,0.0344234344468608,0,0,59.9999948530335,59.9999937595388,60.023398581938,0.0173722225931954,0.013651911169194,0,0,950.434923998617,936.511023346379,954.087222042203,-0.817406114146479,226.715283095974,226.717022777616,245.29512846699,14.1502150238243
load_decrease_B09_F065,load_decrease,77,27,39,4,8,10,1.0020543707611,1.00118200757014,1.0024394044735,-8.93527571912411e-05,0,0.470889094414795,1.03000013409431,1.02894179795098,1.03000005001758,-0.000835532227815294,0,0.417320541555566,59.9999944662808,59.9999937866105,60.0231049363816,0.0173870551522768,0.0184719092747607,0,0,59.9999936918416,59.9999929808452,60.0227829406751,0.0173551874512867,0.0158615194404321,0,0,950.434923998617,936.511023346379,954.087222042203,-0.817406114146479,226.715283095974,226.717022777616,245.29512846699,14.1502150238243
load_decrease_B09_F065,load_decrease,78,15,24,5,9,10,0.973079105652974,0.971913261806737,0.973326390325978,-0.000208123697986395,0,0.470889094414795,0.999264074901395,0.998313995343049,0.999684810391279,-6.82577598243306e-05,0,0.470889094414795,59.9999949130723,59.9999943446027,60.0236618482562,0.0174035813026805,0.0135483291279592,0,0,59.9999948530335,59.9999937595388,60.023398581938,0.0173722225931954,0.013651911169194,0,0,950.434923998617,936.511023346379,954.087222042203,-0.817406114146479,226.715283095974,226.717022777616,245.29512846699,14.1502150238243
load_decrease_B09_F065,load_decrease,79,7,19,7,8,10,0.953428494064471,0.950882969609892,0.953428116387122,-0.00123853994280931,0,0.363751988696337,0.990604210848697,0.989829626630766,0.991198591239431,3.6859415074364e-05,0,0.524457647274023,59.9999944671441,59.9999939609786,60.0230471188134,0.0173866393369693,0.0149991442776783,0,0,59.9999936918416,59.9999929808452,60.0227829406751,0.0173551874512867,0.0158615194404321,0,0,950.434923998617,936.511023346379,954.087222042203,-0.817406114146479,226.715283095974,226.717022777616,245.29512846699,14.1502150238243
load_decrease_B09_F065,load_decrease,80,38,39,9,10,10,1.02650112277428,1.0260176305041,1.02721949616678,7.46469547165951e-05,0,0.578026200133252,1.03000013409431,1.02894179795098,1.03000005001758,-0.000835532227815294,0,0.417320541555566,59.9999948530335,59.9999937595388,60.023398581938,0.0173722225931954,0.013651911169194,0,0,59.9999918043979,59.9999905544695,60.0230769204924,0.0172753602655575,0.00634016483562276,0,0,950.434923998617,936.511023346379,954.087222042203,-0.817406114146479,226.715283095974,226.717022777616,245.29512846699,14.1502150238243
load_decrease_B20_F050,load_decrease,1,1,2,1,2,1,1.02689638912936,1.00787749133665,1.03315007688478,0.000159440312746728,0,0.577355376664727,1.02001684293784,1.00241194159547,1.03067758166868,0.00139373638640605,0,0.577355376664727,59.9999934559826,59.9999929154556,60.8899923340874,0.672655612328761,0.455855679235638,0,22.3612629517499,59.9999937660327,59.9999930308482,60.8963096713889,0.672471061256019,0.133305544133509,0,23.1797964290883,247.351644502021,212.811433629543,247.351919448914,-30.4210427821371,178.513910467193,160.674371851492,213.296078485884,-7.28015041454069
load_decrease_B20_F050,load_decrease,2,18,25,1,7,1,0.993422297824962,0.97545112992058,1.0058858794241,0.00130980642095457,0,0.529330639534673,1.02838004290673,1.01631489283798,1.0382775293816,0.00172812404601808,0,0.577355376664727,59.9999934559826,59.9999929154556,60.8899923340874,0.672655612328761,0.455855679235638,0,22.3612629517499,59.9999944671441,59.9999939609786,60.9059350612379,0.672092603986805,0.491592872073023,0,23.2830849831422,247.351644502021,212.811433629543,247.351919448914,-30.4210427821371,178.513910467193,160.674371851492,213.296078485884,-7.28015041454069
load_decrease_B20_F050,load_decrease,3,9,25,2,5,1,1.02020766358892,1.00159223609941,1.02791019765767,0.00074854976079286,0,0.577355376664727,1.02838004290673,1.01631489283798,1.0382775293816,0.00172812404601808,0,0.577355376664727,59.9999937660327,59.9999930308482,60.8963096713889,0.672471061256019,0.133305544133509,0,23.1797964290883,59.9999949130723,59.9999943446027,60.9234948221588,0.671619872127387,1.56094754524265,0,24.2666804770241,247.351644502021,212.811433629543,247.351919448914,-30.4210427821371,178.513910467193,160.674371851492,213.296078485884,-7.28015041454069
load_decrease_B20_F050,load_decrease,4,2,31,3,4,1,1.02001684293784,1.00241194159547,1.03067758166868,0.00139373638640605,0,0.577355376664727,0.982000570674875,0.963530199333893,0.999597274454926,0.00316877647929825,0,0.577355376664727,59.9999938740924,59.9999931528418,60.8970460592073,0.672426437888653,0.188358889200412,0,23.2314407061153,59.9999944662808,59.9999937866105,60.9054144486153,0.672027378515459,2.06078007664634,0,23.2830849831422,247.351644502021,212.811433629543,247.351919448914,-30.4210427821371,178.513910467193,160.674371851492,213.296078485884,-7.28015041454069
load_decrease_B20_F050,load_decrease,5,21,33,3,9,1,0.997579594018811,0.981762082422175,1.01128590547862,0.00247105112226331,0,0.481305902404618,0.997200971921189,0.987443882693258,1.0168319257424,0.00323094157521142,0,0.433281165274563,59.9999938740924,59.9999931528418,60.8970460592073,0.672426437888653,0.188358889200412,0,23.2314407061153,59.9999948530335,59.9999937595388,60.9145642504787,0.672270860482065,0.103054715708588,0,23.2830849831422,247.351644502021,212.811433629543,247.351919448914,-30.4210427821371,178.513910467193,160.674371851492,213.296078485884,-7.28015041454069
load_decrease_B20_F050,load_decrease,6,11,33,4,9,1,0.96248990465261,0.942822009053211,0.977974458636002,0.00292459265062062,0,0.577355376664727,0.997200971921189,0.987443882693258,1.0168319257424,0.00323094157521142,0,0.433281165274563,59.9999944662808,59.9999937866105,60.9054144486153,0.672027378515459,2.06078007664634,0,23.2830849831422,59.9999948530335,59.9999937595388,60.9145642504787,0.672270860482065,0.103054715708588,0,23.2830849831422,247.351644502021,212.811433629543,247.351919448914,-30.4210427821371,178.513910467193,160.674371851492,213.296078485884,-7.28015041454069
load_decrease_B20_F050,load_decrease,7,4,25,5,10,1,0.960053104706681,0.940779273170588,0.973985062298204,0.00230899785730221,0,0.577355376664727,1.02838004290673,1.01631489283798,1.0382775293816,0.00172812404601808,0,0.577355376664727,59.9999949130723,59.9999943446027,60.9234948221588,0.671619872127387,1.56094754524265,0,24.2666804770241,59.9999918043979,59.9999905544695,60.8977725588032,0.673895141636876,0.0322786586585565,0,22.7666422128727,247.351644502021,212.811433629543,247.351919448914,-30.4210427821371,178.513910467193,160.674371851492,213.296078485884,-7.28015041454069
load_decrease_B20_F050,load_decrease,8,25,37,7,8,1,1.02838004290673,1.01631489283798,1.0382775293816,0.00172812404601808,0,0.577355376664727,1.02750054732654,1.01761474229705,1.03667303048773,0.00231407810849471,0,0.577355376664727,59.9999944671441,59.9999939609786,60.9059350612379,0.672092603986805,0.491592872073023,0,23.2830849831422,59.9999936918416,59.9999929808452,60.8903141818228,0.672580421896001,0.205148828583901,0,22.3612629517499,247.351644502021,212.811433629543,247.351919448914,-30.4210427821371,178.513910467193,160.674371851492,213.296078485884,-7.28015041454069
load_decrease_B20_F050,load_decrease,9,14,21,1,2,2,0.965188010297433,0.946451584174273,0.979673717510645,0.00247387806323607,0,0.577355376664727,0.997579594018811,0.981762082422175,1.01128590547862,0.00247105112226331,0,0.481305902404618,59.9999934559826,59.9999929154556,60.8899923340874,0.672655612328761,0.455855679235638,0,22.3612629517499,59.9999937660327,59.9999930308482,60.8963096713889,0.672471061256019,0.133305544133509,0,23.1797964290883,699.11655373899,665.486156309037,704.543481796884,-24.988337947283,156.180710399892,149.264653137235,169.263166028598,-2.76003124966891
load_decrease_B20_F050,load_decrease,10,6,24,1,8,2,0.959595788849726,0.938689795107792,0.974776440846935,0.00269525237145407,0,0.673404850924836,0.999264074901395,0.982158450907695,1.0130049040859,0.00168504513510381,0,0.481305902404618,59.9999934559826,59.9999929154556,60.8899923340874,0.672655612328761,0.455855679235638,0,22.3612629517499,59.9999936918416,59.9999929808452,60.8903141818228,0.672580421896001,0.205148828583901,0,22.3612629517499,699.11655373899,665.486156309037,704.543481796884,-24.988337947283,156.180710399892,149.264653137235,169.263166028598,-2.76003124966891
load_decrease_B20_F050,load_decrease,11,32,33,2,5,2,0.984100548431793,0.968715388838594,1.00082097234443,0.00365378712115838,0,0.577355376664727,0.997200971921189,0.987443882693258,1.0168319257424,0.00323094157521142,0,0.433281165274563,59.9999937660327,59.9999930308482,60.8963096713889,0.672471061256019,0.133305544133509,0,23.1797964290883,59.9999949130723,59.9999943446027,60.9234948221588,0.671619872127387,1.56094754524265,0,24.2666804770241,699.11655373899,665.486156309037,704.543481796884,-24.988337947283,156.180710399892,149.264653137235,169.263166028598,-2.76003124966891
load_decrease_B20_F050,load_decrease,12,17,18,3,4,2,0.99507019283339,0.977547242130023,1.0080448562702,0.00128583652927217,0,0.529330639534673,0.993422297824962,0.97545112992058,1.0058858794241,0.00130980642095457,0,0.529330639534673,59.9999938740924,59.9999931528418,60.8970460592073,0.672426437888653,0.188358889200412,0,23.2314407061153,59.9999944662808,59.9999937866105,60.9054144486153,0.672027378515459,2.06078007664634,0,23.2830849831422,699.11655373899,665.486156309037,704.543481796884,-24.988337947283,156.180710399892,149.264653137235,169.263166028598,-2.76003124966891
load_decrease_B20_F050,load_decrease,13,8,26,3,10,2,0.954598516570043,0.932494818295138,0.968565233261598,0.00223423100882747,0,0.673404850924836,1.01926696898686,1.00541660143043,1.03461669546922,0.00306359754746666,0,0.577355376664727,59.9999938740924,59.9999931528418,60.8970460592073,0.672426437888653,0.188358889200412,0,23.2314407061153,59.9999918043979,59.9999905544695,60.8977725588032,0.673895141636876,0.0322786586585565,0,22.7666422128727,699.11655373899,665.486156309037,704.543481796884,-24.988337947283,156.180710399892,149.264653137235,169.263166028598,-2.76003124966891
load_decrease_B20_F050,load_decrease,14,1,39,4,10,2,1.02689638912936,1.00787749133665,1.03315007688478,0.000159440312746728,0,0.577355376664727,1.03000013409431,1.02306656873088,1.03226508414933,0.000123367541244424,0,0.577355376664727,59.9999944662808,59.9999937866105,60.9054144486153,0.672027378515459,2.06078007664634,0,23.2830849831422,59.9999918043979,59.9999905544695,60.8977725588032,0.673895141636876,0.0322786586585565,0,22.7666422128727,699.11655373899,665.486156309037,704.543481796884,-24.988337947283,156.180710399892,149.264653137235,169.263166028598,-2.76003124966891
load_decrease_B20_F050,load_decrease,15,20,23,5,10,2,0.987464538640993,0.983904897788323,1.02058360775491,0.0128324138474063,0,7.70991801628418,1.02167685351485,1.00789976548811,1.0348786968031,0.00320441058128762,0,0.481305902404618,59.9999949130723,59.9999943446027,60.9234948221588,0.671619872127387,1.56094754524265,0,24.2666804770241,59.9999918043979,59.9999905544695,60.8977725588032,0.673895141636876,0.0322786586585565,0,22.7666422128727,699.11655373899,665.486156309037,704.543481796884,-24.988337947283,156.180710399892,149.264653137235,169.263166028598,-2.76003124966891
load_decrease_B20_F050,load_decrease,16,10,33,7,9,2,0.965720649152829,0.94683788870793,0.981354853111677,0.00306267661250392,0,0.577355376664727,0.997200971921189,0.987443882693258,1.0168319257424,0.00323094157521142,0,0.433281165274563,59.9999944671441,59.9999939609786,60.9059350612379,0.672092603986805,0.491592872073023,0,23.2830849831422,59.9999948530335,59.9999937595388,60.9145642504787,0.672270860482065,0.103054715708588,0,23.2830849831422,699.11655373899,665.486156309037,704.543481796884,-24.988337947283,156.180710399892,149.264653137235,169.263166028598,-2.76003124966891
load_decrease_B20_F050,load_decrease,17,3,32,1,3,3,0.994475020133488,0.976453826450255,1.00643012617747,0.00164481426476648,0,0.577355376664727,0.984100548431793,0.968715388838594,1.00082097234443,0.00365378712115838,0,0.577355376664727,59.9999934559826,59.9999929154556,60.8899923340874,0.672655612328761,0.455855679235638,0,22.3612629517499,59.9999938740924,59.9999931528418,60.8970460592073,0.672426437888653,0.188358889200412,0,23.2314407061153,672.46804441793,616.581925165592,673.144904986479,-36.9483177036958,138.262054035867,133.266300945682,155.723734983511,-2.17383204011679
load_decrease_B20_F050,load_decrease,18,23,38,1,8,3,1.02167685351485,1.00789976548811,1.0348786968031,0.00320441058128762,0,0.481305902404618,1.02650112277428,1.01436382748296,1.04725796286064,0.00332332384761647,0,1.17257220340775,59.9999934559826,59.9999929154556,60.8899923340874,0.672655612328761,0.455855679235638,0,22.3612629517499,59.9999936918416,59.9999929808452,60.8903141818228,0.672580421896001,0.205148828583901,0,22.3612629517499,672.46804441793,616.581925165592,673.144904986479,-36.9483177036958,138.262054035867,133.266300945682,155.723734983511,-2.17383204011679
load_decrease_B20_F050,load_decrease,19,13,18,2,6,3,0.964270739573376,0.94551522533507,0.979631118323731,0.00296013291537423,0,0.577355376664727,0.993422297824962,0.97545112992058,1.0058858794241,0.00130980642095457,0,0.529330639534673,59.9999937660327,59.9999930308482,60.8963096713889,0.672471061256019,0.133305544133509,0,23.1797964290883,59.9999943494354,59.9999939661539,60.9052981129216,0.672055652290211,0.473802095179197,0,23.2830849831422,672.46804441793,616.581925165592,673.144904986479,-36.9483177036958,138.262054035867,133.266300945682,155.723734983511,-2.17383204011679
load_decrease_B20_F050,load_decrease,20,5,29,3,5,3,0.958759400236745,0.937826057240793,0.973616461747382,0.00259002820186649,0,0.673404850924836,1.02109303516246,1.00780668075524,1.04154081122971,0.00406099554330375,0,1.15015475793301,59.9999938740924,59.9999931528418,60.8970460592073,0.672426437888653,0.188358889200412,0,23.2314407061153,59.9999949130723,59.9999943446027,60.9234948221588,0.671619872127387,1.56094754524265,0,24.2666804770241,672.46804441793,616.581925165592,673.144904986479,-36.9483177036958,138.262054035867,133.266300945682,155.723734983511,-2.17383204011679
load_decrease_B20_F050,load_decrease,21,28,38,3,10,3,1.01980319076653,1.00623158591107,1.03942267662496,0.00406426341923849,0,0.625380113794782,1.02650112277428,1.01436382748296,1.04725796286064,0.00332332384761647,0,1.17257220340775,59.9999938740924,59.9999931528418,60.8970460592073,0.672426437888653,0.188358889200412,0,23.2314407061153,59.9999918043979,59.9999905544695,60.8977725588032,0.673895141636876,0.0322786586585565,0,22.7666422128727,672.46804441793,616.581925165592,673.144904986479,-36.9483177036958,138.262054035867,133.266300945682,155.723734983511,-2.17383204011679
load_decrease_B20_F050,load_decrease,22,15,34,4,10,3,0.973079105652974,0.955163732434939,0.986147147466916,0.0014275382167519,0,0.529330639534673,1.01230116063239,1.00583733125202,1.0471908519122,0.0103767010043825,0,3.85596854111721,59.9999944662808,59.9999937866105,60.9054144486153,0.672027378515459,2.06078007664634,0,23.2830849831422,59.9999918043979,59.9999905544695,60.8977725588032,0.673895141636876,0.0322786586585565,0,22.7666422128727,672.46804441793,616.581925165592,673.144904986479,-36.9483177036958,138.262054035867,133.266300945682,155.723734983511,-2.17383204011679
load_decrease_B20_F050,load_decrease,23,7,29,6,7,3,0.953428494064471,0.931645690389978,0.967785325988125,0.00237518301396433,0,0.673404850924836,1.02109303516246,1.00780668075524,1.04154081122971,0.00406099554330375,0,1.15015475793301,59.9999943494354,59.9999939661539,60.9052981129216,0.672055652290211,0.473802095179197,0,23.2830849831422,59.9999944671441,59.9999939609786,60.9059350612379,0.672092603986805,0.491592872073023,0,23.2830849831422,672.46804441793,616.581925165592,673.144904986479,-36.9483177036958,138.262054035867,133.266300945682,155.723734983511,-2.17383204011679
load_decrease_B20_F050,load_decrease,24,1,11,7,10,3,1.02689638912936,1.00787749133665,1.03315007688478,0.000159440312746728,0,0.577355376664727,0.96248990465261,0.942822009053211,0.977974458636002,0.00292459265062062,0,0.577355376664727,59.9999944671441,59.9999939609786,60.9059350612379,0.672092603986805,0.491592872073023,0,23.2830849831422,59.9999918043979,59.9999905544695,60.8977725588032,0.673895141636876,0.0322786586585565,0,22.7666422128727,672.46804441793,616.581925165592,673.144904986479,-36.9483177036958,138.262054035867,133.266300945682,155.723734983511,-2.17383204011679
load_decrease_B20_F050,load_decrease,25,18,34,1,3,4,0.993422297824962,0.97545112992058,1.0058858794241,0.00130980642095457,0,0.529330639534673,1.01230116063239,1.00583733125202,1.0471908519122,0.0103767010043825,0,3.85596854111721,59.9999934559826,59.9999929154556,60.8899923340874,0.672655612328761,0.455855679235638,0,22.3612629517499,59.9999938740924,59.9999931528418,60.8970460592073,0.672426437888653,0.188358889200412,0,23.2314407061153,653.081286728971,574.190111004691,682.941293665217,-22.2862643369202,44.6481487675236,17.0793582394144,52.8926967693784,-13.8810623162501
load_decrease_B20_F050,load_decrease,26,9,34,1,9,4,1.02020766358892,1.00159223609941,1.02791019765767,0.00074854976079286,0,0.577355376664727,1.01230116063239,1.00583733125202,1.0471908519122,0.0103767010043825,0,3.85596854111721,59.9999934559826,59.9999929154556,60.8899923340874,0.672655612328761,0.455855679235638,0,22.3612629517499,59.9999948530335,59.9999937595388,60.9145642504787,0.672270860482065,0.103054715708588,0,23.2830849831422,653.081286728971,574.190111004691,682.941293665217,-22.2862643369202,44.6481487675236,17.0793582394144,52.8926967693784,-13.8810623162501
load_decrease_B20_F050,load_decrease,27,3,4,2,7,4,0.994475020133488,0.976453826450255,1.00643012617747,0.00164481426476648,0,0.577355376664727,0.960053104706681,0.940779273170588,0.973985062298204,0.00230899785730221,0,0.577355376664727,59.9999937660327,59.9999930308482,60.8963096713889,0.672471061256019,0.133305544133509,0,23.1797964290883,59.9999944671441,59.9999939609786,60.9059350612379,0.672092603986805,0.491592872073023,0,23.2830849831422,653.081286728971,574.190111004691,682.941293665217,-22.2862643369202,44.6481487675236,17.0793582394144,52.8926967693784,-13.8810623162501
load_decrease_B20_F050,load_decrease,28,22,26,3,5,4,1.0229600920912,1.00898845953964,1.03625615480186,0.00314658584794314,0,0.481305902404618,1.01926696898686,1.00541660143043,1.03461669546922,0.00306359754746666,0,0.577355376664727,59.9999938740924,59.9999931528418,60.8970460592073,0.672426437888653,0.188358889200412,0,23.2314407061153,59.9999949130723,59.9999943446027,60.9234948221588,0.671619872127387,1.56094754524265,0,24.2666804770241,653.081286728971,574.190111004691,682.941293665217,-22.2862643369202,44.6481487675236,17.0793582394144,52.8926967693784,-13.8810623162501
load_decrease_B20_F050,load_decrease,29,12,15,4,5,4,0.945223588050834,0.926369487605221,0.960355320263798,0.00288647052772495,0,0.577355376664727,0.973079105652974,0.955163732434939,0.986147147466916,0.0014275382167519,0,0.529330639534673,59.9999944662808,59.9999937866105,60.9054144486153,0.672027378515459,2.06078007664634,0,23.2830849831422,59.9999949130723,59.9999943446027,60.9234948221588,0.671619872127387,1.56094754524265,0,24.2666804770241,653.081286728971,574.190111004691,682.941293665217,-22.2862643369202,44.6481487675236,17.0793582394144,52.8926967693784,-13.8810623162501
load_decrease_B20_F050,load_decrease,30,4,34,5,6,4,0.960053104706681,0.940779273170588,0.973985062298204,0.00230899785730221,0,0.577355376664727,1.01230116063239,1.00583733125202,1.0471908519122,0.0103767010043825,0,3.85596854111721,59.9999949130723,59.9999943446027,60.9234948221588,0.671619872127387,1.56094754524265,0,24.2666804770241,59.9999943494354,59.9999939661539,60.9052981129216,0.672055652290211,0.473802095179197,0,23.2830849831422,653.081286728971,574.190111004691,682.941293665217,-22.2862643369202,44.6481487675236,17.0793582394144,52.8926967693784,-13.8810623162501
load_decrease_B20_F050,load_decrease,31,26,33,6,7,4,1.01926696898686,1.00541660143043,1.03461669546922,0.00306359754746666,0,0.577355376664727,0.997200971921189,0.987443882693258,1.0168319257424,0.00323094157521142,0,0.433281165274563,59.9999943494354,59.9999939661539,60.9052981129216,0.672055652290211,0.473802095179197,0,23.2830849831422,59.9999944671441,59.9999939609786,60.9059350612379,0.672092603986805,0.491592872073023,0,23.2830849831422,653.081286728971,574.190111004691,682.941293665217,-22.2862643369202,44.6481487675236,17.0793582394144,52.8926967693784,-13.8810623162501
load_decrease_B20_F050,load_decrease,32,14,30,7,10,4,0.965188010297433,0.946451584174273,0.979673717510645,0.00247387806323607,0,0.577355376664727,1.04990040987001,1.03871014509938,1.0575339163226,0.000336528670462188,0,0.577355376664727,59.9999944671441,59.9999939609786,60.9059350612379,0.672092603986805,0.491592872073023,0,23.2830849831422,59.9999918043979,59.9999905544695,60.8977725588032,0.673895141636876,0.0322786586585565,0,22.7666422128727,653.081286728971,574.190111004691,682.941293665217,-22.2862643369202,44.6481487675236,17.0793582394144,52.8926967693784,-13.8810623162501
load_decrease_B20_F050,load_decrease,33,6,33,1,4,5,0.959595788849726,0.938689795107792,0.974776440846935,0.00269525237145407,0,0.673404850924836,0.997200971921189,0.987443882693258,1.0168319257424,0.00323094157521142,0,0.433281165274563,59.9999934559826,59.9999929154556,60.8899923340874,0.672655612328761,0.455855679235638,0,22.3612629517499,59.9999944662808,59.9999937866105,60.9054144486153,0.672027378515459,2.06078007664634,0,23.2830849831422,517.000719945857,462.854479839518,543.569860785533,-24.5404667181995,137.308688158259,114.307672852294,150.570447835236,-13.9281906946918
load_decrease_B20_F050,load_decrease,34,33,36,1,9,5,0.997200971921189,0.987443882693258,1.0168319257424,0.00323094157521142,0,0.433281165274563,1.0636010753349,1.05352872841893,1.07454477431158,0.0030346988501968,0,0.481305902404618,59.9999934559826,59.9999929154556,60.8899923340874,0.672655612328761,0.455855679235638,0,22.3612629517499,59.9999948530335,59.9999937595388,60.9145642504787,0.672270860482065,0.103054715708588,0,23.2830849831422,517.000719945857,462.854479839518,543.569860785533,-24.5404667181995,137.308688158259,114.307672852294,150.570447835236,-13.9281906946918
load_decrease_B20_F050,load_decrease,35,17,27,2,7,5,0.99507019283339,0.977547242130023,1.0080448562702,0.00128583652927217,0,0.529330639534673,1.0020543707611,0.986948235481291,1.01628649804872,0.00237115142644839,0,0.577355376664727,59.9999937660327,59.9999930308482,60.8963096713889,0.672471061256019,0.133305544133509,0,23.1797964290883,59.9999944671441,59.9999939609786,60.9059350612379,0.672092603986805,0.491592872073023,0,23.2830849831422,517.000719945857,462.854479839518,543.569860785533,-24.5404667181995,137.308688158259,114.307672852294,150.570447835236,-13.9281906946918
load_decrease_B20_F050,load_decrease,36,8,36,3,6,5,0.954598516570043,0.932494818295138,0.968565233261598,0.00223423100882747,0,0.673404850924836,1.0636010753349,1.05352872841893,1.07454477431158,0.0030346988501968,0,0.481305902404618,59.9999938740924,59.9999931528418,60.8970460592073,0.672426437888653,0.188358889200412,0,23.2314407061153,59.9999943494354,59.9999939661539,60.9052981129216,0.672055652290211,0.473802095179197,0,23.2830849831422,517.000719945857,462.854479839518,543.569860785533,-24.5404667181995,137.308688158259,114.307672852294,150.570447835236,-13.9281906946918
load_decrease_B20_F050,load_decrease,37,2,11,4,6,5,1.02001684293784,1.00241194159547,1.03067758166868,0.00139373638640605,0,0.577355376664727,0.96248990465261,0.942822009053211,0.977974458636002,0.00292459265062062,0,0.577355376664727,59.9999944662808,59.9999937866105,60.9054144486153,0.672027378515459,2.06078007664634,0,23.2830849831422,59.9999943494354,59.9999939661539,60.9052981129216,0.672055652290211,0.473802095179197,0,23.2830849831422,517.000719945857,462.854479839518,543.569860785533,-24.5404667181995,137.308688158259,114.307672852294,150.570447835236,-13.9281906946918
load_decrease_B20_F050,load_decrease,38,20,32,5,6,5,0.987464538640993,0.983904897788323,1.02058360775491,0.0128324138474063,0,7.70991801628418,0.984100548431793,0.968715388838594,1.00082097234443,0.00365378712115838,0,0.577355376664727,59.9999949130723,59.9999943446027,60.9234948221588,0.671619872127387,1.56094754524265,0,24.2666804770241,59.9999943494354,59.9999939661539,60.9052981129216,0.672055652290211,0.473802095179197,0,23.2830849831422,517.000719945857,462.854479839518,543.569860785533,-24.5404667181995,137.308688158259,114.307672852294,150.570447835236,-13.9281906946918
load_decrease_B20_F050,load_decrease,39,11,14,6,8,5,0.96248990465261,0.942822009053211,0.977974458636002,0.00292459265062062,0,0.577355376664727,0.965188010297433,0.946451584174273,0.979673717510645,0.00247387806323607,0,0.577355376664727,59.9999943494354,59.9999939661539,60.9052981129216,0.672055652290211,0.473802095179197,0,23.2830849831422,59.9999936918416,59.9999929808452,60.8903141818228,0.672580421896001,0.205148828583901,0,22.3612629517499,517.000719945857,462.854479839518,543.569860785533,-24.5404667181995,137.308688158259,114.307672852294,150.570447835236,-13.9281906946918
load_decrease_B20_F050,load_decrease,40,4,6,8,9,5,0.960053104706681,0.940779273170588,0.973985062298204,0.00230899785730221,0,0.577355376664727,0.959595788849726,0.938689795107792,0.974776440846935,0.00269525237145407,0,0.673404850924836,59.9999936918416,59.9999929808452,60.8903141818228,0.672580421896001,0.205148828583901,0,22.3612629517499,59.9999948530335,59.9999937595388,60.9145642504787,0.672270860482065,0.103054715708588,0,23.2830849831422,517.000719945857,462.854479839518,543.569860785533,-24.5404667181995,137.308688158259,114.307672852294,150.570447835236,-13.9281906946918
load_decrease_B20_F050,load_decrease,41,24,32,1,4,6,0.999264074901395,0.982158450907695,1.0130049040859,0.00168504513510381,0,0.481305902404618,0.984100548431793,0.968715388838594,1.00082097234443,0.00365378712115838,0,0.577355376664727,59.9999934559826,59.9999929154556,60.8899923340874,0.672655612328761,0.455855679235638,0,22.3612629517499,59.9999944662808,59.9999937866105,60.9054144486153,0.672027378515459,2.06078007664634,0,23.2830849831422,646.129526212919,586.380358238922,652.005193801513,-36.6757996040662,221.895491666939,212.143807943029,235.35886273452,-2.72262210682371
load_decrease_B20_F050,load_decrease,42,13,27,1,10,6,0.964270739573376,0.94551522533507,0.979631118323731,0.00296013291537423,0,0.577355376664727,1.0020543707611,0.986948235481291,1.01628649804872,0.00237115142644839,0,0.577355376664727,59.9999934559826,59.9999929154556,60.8899923340874,0.672655612328761,0.455855679235638,0,22.3612629517499,59.9999918043979,59.9999905544695,60.8977725588032,0.673895141636876,0.0322786586585565,0,22.7666422128727,646.129526212919,586.380358238922,652.005193801513,-36.6757996040662,221.895491666939,212.143807943029,235.35886273452,-2.72262210682371
load_decrease_B20_F050,load_decrease,43,5,38,2,8,6,0.958759400236745,0.937826057240793,0.973616461747382,0.00259002820186649,0,0.673404850924836,1.02650112277428,1.01436382748296,1.04725796286064,0.00332332384761647,0,1.17257220340775,59.9999937660327,59.9999930308482,60.8963096713889,0.672471061256019,0.133305544133509,0,23.1797964290883,59.9999936918416,59.9999929808452,60.8903141818228,0.672580421896001,0.205148828583901,0,22.3612629517499,646.129526212919,586.380358238922,652.005193801513,-36.6757996040662,221.895491666939,212.143807943029,235.35886273452,-2.72262210682371
load_decrease_B20_F050,load_decrease,44,29,38,3,6,6,1.02109303516246,1.00780668075524,1.04154081122971,0.00406099554330375,0,1.15015475793301,1.02650112277428,1.01436382748296,1.04725796286064,0.00332332384761647,0,1.17257220340775,59.9999938740924,59.9999931528418,60.8970460592073,0.672426437888653,0.188358889200412,0,23.2314407061153,59.9999943494354,59.9999939661539,60.9052981129216,0.672055652290211,0.473802095179197,0,23.2830849831422,646.129526212919,586.380358238922,652.005193801513,-36.6757996040662,221.895491666939,212.143807943029,235.35886273452,-2.72262210682371
load_decrease_B20_F050,load_decrease,45,16,20,4,6,6,0.991037366929576,0.973590838643996,1.00453642104412,0.00121090859096473,0,0.481305902404618,0.987464538640993,0.983904897788323,1.02058360775491,0.0128324138474063,0,7.70991801628418,59.9999944662808,59.9999937866105,60.9054144486153,0.672027378515459,2.06078007664634,0,23.2830849831422,59.9999943494354,59.9999939661539,60.9052981129216,0.672055652290211,0.473802095179197,0,23.2830849831422,646.129526212919,586.380358238922,652.005193801513,-36.6757996040662,221.895491666939,212.143807943029,235.35886273452,-2.72262210682371
load_decrease_B20_F050,load_decrease,46,7,38,5,7,6,0.953428494064471,0.931645690389978,0.967785325988125,0.00237518301396433,0,0.673404850924836,1.02650112277428,1.01436382748296,1.04725796286064,0.00332332384761647,0,1.17257220340775,59.9999949130723,59.9999943446027,60.9234948221588,0.671619872127387,1.56094754524265,0,24.2666804770241,59.9999944671441,59.9999939609786,60.9059350612379,0.672092603986805,0.491592872073023,0,23.2830849831422,646.129526212919,586.380358238922,652.005193801513,-36.6757996040662,221.895491666939,212.143807943029,235.35886273452,-2.72262210682371
load_decrease_B20_F050,load_decrease,47,1,20,6,9,6,1.02689638912936,1.00787749133665,1.03315007688478,0.000159440312746728,0,0.577355376664727,0.987464538640993,0.983904897788323,1.02058360775491,0.0128324138474063,0,7.70991801628418,59.9999943494354,59.9999939661539,60.9052981129216,0.672055652290211,0.473802095179197,0,23.2830849831422,59.9999948530335,59.9999937595388,60.9145642504787,0.672270860482065,0.103054715708588,0,23.2830849831422,646.129526212919,586.380358238922,652.005193801513,-36.6757996040662,221.895491666939,212.143807943029,235.35886273452,-2.72262210682371
load_decrease_B20_F050,load_decrease,48,19,23,8,9,6,0.990604210848697,0.979538728927353,1.01264186930161,0.00506161867072652,0,1.33906922891666,1.02167685351485,1.00789976548811,1.0348786968031,0.00320441058128762,0,0.481305902404618,59.9999936918416,59.9999929808452,60.8903141818228,0.672580421896001,0.205148828583901,0,22.3612629517499,59.9999948530335,59.9999937595388,60.9145642504787,0.672270860482065,0.103054715708588,0,23.2830849831422,646.129526212919,586.380358238922,652.005193801513,-36.6757996040662,221.895491666939,212.143807943029,235.35886273452,-2.72262210682371
load_decrease_B20_F050,load_decrease,49,10,14,1,5,7,0.965720649152829,0.94683788870793,0.981354853111677,0.00306267661250392,0,0.577355376664727,0.965188010297433,0.946451584174273,0.979673717510645,0.00247387806323607,0,0.577355376664727,59.9999934559826,59.9999929154556,60.8899923340874,0.672655612328761,0.455855679235638,0,22.3612629517499,59.9999949130723,59.9999943446027,60.9234948221588,0.671619872127387,1.56094754524265,0,24.2666804770241,525.642776165619,492.938538864283,530.505087325779,-30.3068123248611,188.546381008994,176.469352592692,202.668896437756,-3.69279976660843
load_decrease_B20_F050,load_decrease,50,3,13,2,3,7,0.994475020133488,0.976453826450255,1.00643012617747,0.00164481426476648,0,0.577355376664727,0.964270739573376,0.94551522533507,0.979631118323731,0.00296013291537423,0,0.577355376664727,59.9999937660327,59.9999930308482,60.8963096713889,0.672471061256019,0.133305544133509,0,23.1797964290883,59.9999938740924,59.9999931528418,60.8970460592073,0.672426437888653,0.188358889200412,0,23.2314407061153,525.642776165619,492.938538864283,530.505087325779,-30.3068123248611,188.546381008994,176.469352592692,202.668896437756,-3.69279976660843
load_decrease_B20_F050,load_decrease,51,22,35,2,8,7,1.0229600920912,1.00898845953964,1.03625615480186,0.00314658584794314,0,0.481305902404618,1.04940121508332,1.03741659394057,1.06170117617595,0.00313648876896222,0,0.481305902404618,59.9999937660327,59.9999930308482,60.8963096713889,0.672471061256019,0.133305544133509,0,23.1797964290883,59.9999936918416,59.9999929808452,60.8903141818228,0.672580421896001,0.205148828583901,0,22.3612629517499,525.642776165619,492.938538864283,530.505087325779,-30.3068123248611,188.546381008994,176.469352592692,202.668896437756,-3.69279976660843
load_decrease_B20_F050,load_decrease,52,12,25,3,7,7,0.945223588050834,0.926369487605221,0.960355320263798,0.00288647052772495,0,0.577355376664727,1.02838004290673,1.01631489283798,1.0382775293816,0.00172812404601808,0,0.577355376664727,59.9999938740924,59.9999931528418,60.8970460592073,0.672426437888653,0.188358889200412,0,23.2314407061153,59.9999944671441,59.9999939609786,60.9059350612379,0.672092603986805,0.491592872073023,0,23.2830849831422,525.642776165619,492.938538864283,530.505087325779,-30.3068123248611,188.546381008994,176.469352592692,202.668896437756,-3.69279976660843
load_decrease_B20_F050,load_decrease,53,5,9,4,7,7,0.958759400236745,0.937826057240793,0.973616461747382,0.00259002820186649,0,0.673404850924836,1.02020766358892,1.00159223609941,1.02791019765767,0.00074854976079286,0,0.577355376664727,59.9999944662808,59.9999937866105,60.9054144486153,0.672027378515459,2.06078007664634,0,23.2830849831422,59.9999944671441,59.9999939609786,60.9059350612379,0.672092603986805,0.491592872073023,0,23.2830849831422,525.642776165619,492.938538864283,530.505087325779,-30.3068123248611,188.546381008994,176.469352592692,202.668896437756,-3.69279976660843
load_decrease_B20_F050,load_decrease,54,27,30,5,7,7,1.0020543707611,0.986948235481291,1.01628649804872,0.00237115142644839,0,0.577355376664727,1.04990040987001,1.03871014509938,1.0575339163226,0.000336528670462188,0,0.577355376664727,59.9999949130723,59.9999943446027,60.9234948221588,0.671619872127387,1.56094754524265,0,24.2666804770241,59.9999944671441,59.9999939609786,60.9059350612379,0.672092603986805,0.491592872073023,0,23.2830849831422,525.642776165619,492.938538864283,530.505087325779,-30.3068123248611,188.546381008994,176.469352592692,202.668896437756,-3.69279976660843
load_decrease_B20_F050,load_decrease,55,14,39,6,9,7,0.965188010297433,0.946451584174273,0.979673717510645,0.00247387806323607,0,0.577355376664727,1.03000013409431,1.02306656873088,1.03226508414933,0.000123367541244424,0,0.577355376664727,59.9999943494354,59.9999939661539,60.9052981129216,0.672055652290211,0.473802095179197,0,23.2830849831422,59.9999948530335,59.9999937595388,60.9145642504787,0.672270860482065,0.103054715708588,0,23.2830849831422,525.642776165619,492.938538864283,530.505087325779,-30.3068123248611,188.546381008994,176.469352592692,202.668896437756,-3.69279976660843
load_decrease_B20_F050,load_decrease,56,7,10,8,10,7,0.953428494064471,0.931645690389978,0.967785325988125,0.00237518301396433,0,0.673404850924836,0.965720649152829,0.94683788870793,0.981354853111677,0.00306267661250392,0,0.577355376664727,59.9999936918416,59.9999929808452,60.8903141818228,0.672580421896001,0.205148828583901,0,22.3612629517499,59.9999918043979,59.9999905544695,60.8977725588032,0.673895141636876,0.0322786586585565,0,22.7666422128727,525.642776165619,492.938538864283,530.505087325779,-30.3068123248611,188.546381008994,176.469352592692,202.668896437756,-3.69279976660843
load_decrease_B20_F050,load_decrease,57,35,36,1,5,8,1.04940121508332,1.03741659394057,1.06170117617595,0.00313648876896222,0,0.481305902404618,1.0636010753349,1.05352872841893,1.07454477431158,0.0030346988501968,0,0.481305902404618,59.9999934559826,59.9999929154556,60.8899923340874,0.672655612328761,0.455855679235638,0,22.3612629517499,59.9999949130723,59.9999943446027,60.9234948221588,0.671619872127387,1.56094754524265,0,24.2666804770241,535.98704469732,512.637555133392,535.987115098243,-21.7171773629734,13.8483715662576,7.95500872625068,23.6133448338362,0.518254466345391
load_decrease_B20_F050,load_decrease,58,17,36,2,3,8,0.99507019283339,0.977547242130023,1.0080448562702,0.00128583652927217,0,0.529330639534673,1.0636010753349,1.05352872841893,1.07454477431158,0.0030346988501968,0,0.481305902404618,59.9999937660327,59.9999930308482,60.8963096713889,0.672471061256019,0.133305544133509,0,23.1797964290883,59.9999938740924,59.9999931528418,60.8970460592073,0.672426437888653,0.188358889200412,0,23.2314407061153,535.98704469732,512.637555133392,535.987115098243,-21.7171773629734,13.8483715662576,7.95500872625068,23.6133448338362,0.518254466345391
load_decrease_B20_F050,load_decrease,59,9,15,2,9,8,1.02020766358892,1.00159223609941,1.02791019765767,0.00074854976079286,0,0.577355376664727,0.973079105652974,0.955163732434939,0.986147147466916,0.0014275382167519,0,0.529330639534673,59.9999937660327,59.9999930308482,60.8963096713889,0.672471061256019,0.133305544133509,0,23.1797964290883,59.9999948530335,59.9999937595388,60.9145642504787,0.672270860482065,0.103054715708588,0,23.2830849831422,535.98704469732,512.637555133392,535.987115098243,-21.7171773629734,13.8483715662576,7.95500872625068,23.6133448338362,0.518254466345391
load_decrease_B20_F050,load_decrease,60,2,21,3,8,8,1.02001684293784,1.00241194159547,1.03067758166868,0.00139373638640605,0,0.577355376664727,0.997579594018811,0.981762082422175,1.01128590547862,0.00247105112226331,0,0.481305902404618,59.9999938740924,59.9999931528418,60.8970460592073,0.672426437888653,0.188358889200412,0,23.2314407061153,59.9999936918416,59.9999929808452,60.8903141818228,0.672580421896001,0.205148828583901,0,22.3612629517499,535.98704469732,512.637555133392,535.987115098243,-21.7171773629734,13.8483715662576,7.95500872625068,23.6133448338362,0.518254466345391
load_decrease_B20_F050,load_decrease,61,21,23,4,7,8,0.997579594018811,0.981762082422175,1.01128590547862,0.00247105112226331,0,0.481305902404618,1.02167685351485,1.00789976548811,1.0348786968031,0.00320441058128762,0,0.481305902404618,59.9999944662808,59.9999937866105,60.9054144486153,0.672027378515459,2.06078007664634,0,23.2830849831422,59.9999944671441,59.9999939609786,60.9059350612379,0.672092603986805,0.491592872073023,0,23.2830849831422,535.98704469732,512.637555133392,535.987115098243,-21.7171773629734,13.8483715662576,7.95500872625068,23.6133448338362,0.518254466345391
load_decrease_B20_F050,load_decrease,62,11,23,5,8,8,0.96248990465261,0.942822009053211,0.977974458636002,0.00292459265062062,0,0.577355376664727,1.02167685351485,1.00789976548811,1.0348786968031,0.00320441058128762,0,0.481305902404618,59.9999949130723,59.9999943446027,60.9234948221588,0.671619872127387,1.56094754524265,0,24.2666804770241,59.9999936918416,59.9999929808452,60.8903141818228,0.672580421896001,0.205148828583901,0,22.3612629517499,535.98704469732,512.637555133392,535.987115098243,-21.7171773629734,13.8483715662576,7.95500872625068,23.6133448338362,0.518254466345391
load_decrease_B20_F050,load_decrease,63,4,15,6,10,8,0.960053104706681,0.940779273170588,0.973985062298204,0.00230899785730221,0,0.577355376664727,0.973079105652974,0.955163732434939,0.986147147466916,0.0014275382167519,0,0.529330639534673,59.9999943494354,59.9999939661539,60.9052981129216,0.672055652290211,0.473802095179197,0,23.2830849831422,59.9999918043979,59.9999905544695,60.8977725588032,0.673895141636876,0.0322786586585565,0,22.7666422128727,535.98704469732,512.637555133392,535.987115098243,-21.7171773629734,13.8483715662576,7.95500872625068,23.6133448338362,0.518254466345391
load_decrease_B20_F050,load_decrease,64,25,27,8,10,8,1.02838004290673,1.01631489283798,1.0382775293816,0.00172812404601808,0,0.577355376664727,1.0020543707611,0.986948235481291,1.01628649804872,0.00237115142644839,0,0.577355376664727,59.9999936918416,59.9999929808452,60.8903141818228,0.672580421896001,0.205148828583901,0,22.3612629517499,59.9999918043979,59.9999905544695,60.8977725588032,0.673895141636876,0.0322786586585565,0,22.7666422128727,535.98704469732,512.637555133392,535.987115098243,-21.7171773629734,13.8483715662576,7.95500872625068,23.6133448338362,0.518254466345391
load_decrease_B20_F050,load_decrease,65,13,36,1,6,9,0.964270739573376,0.94551522533507,0.979631118323731,0.00296013291537423,0,0.577355376664727,1.0636010753349,1.05352872841893,1.07454477431158,0.0030346988501968,0,0.481305902404618,59.9999934559826,59.9999929154556,60.8899923340874,0.672655612328761,0.455855679235638,0,22.3612629517499,59.9999943494354,59.9999939661539,60.9052981129216,0.672055652290211,0.473802095179197,0,23.2830849831422,821.976188999109,749.438475105467,834.409420680355,-36.5845156162726,43.6266753165716,31.5077866658213,55.717120502539,-7.56111204911279
load_decrease_B20_F050,load_decrease,66,6,14,2,4,9,0.959595788849726,0.938689795107792,0.974776440846935,0.00269525237145407,0,0.673404850924836,0.965188010297433,0.946451584174273,0.979673717510645,0.00247387806323607,0,0.577355376664727,59.9999937660327,59.9999930308482,60.8963096713889,0.672471061256019,0.133305544133509,0,23.1797964290883,59.9999944662808,59.9999937866105,60.9054144486153,0.672027378515459,2.06078007664634,0,23.2830849831422,821.976188999109,749.438475105467,834.409420680355,-36.5845156162726,43.6266753165716,31.5077866658213,55.717120502539,-7.56111204911279
load_decrease_B20_F050,load_decrease,67,30,38,2,9,9,1.04990040987001,1.03871014509938,1.0575339163226,0.000336528670462188,0,0.577355376664727,1.02650112277428,1.01436382748296,1.04725796286064,0.00332332384761647,0,1.17257220340775,59.9999937660327,59.9999930308482,60.8963096713889,0.672471061256019,0.133305544133509,0,23.1797964290883,59.9999948530335,59.9999937595388,60.9145642504787,0.672270860482065,0.103054715708588,0,23.2830849831422,821.976188999109,749.438475105467,834.409420680355,-36.5845156162726,43.6266753165716,31.5077866658213,55.717120502539,-7.56111204911279
load_decrease_B20_F050,load_decrease,68,16,30,3,8,9,0.991037366929576,0.973590838643996,1.00453642104412,0.00121090859096473,0,0.481305902404618,1.04990040987001,1.03871014509938,1.0575339163226,0.000336528670462188,0,0.577355376664727,59.9999938740924,59.9999931528418,60.8970460592073,0.672426437888653,0.188358889200412,0,23.2314407061153,59.9999936918416,59.9999929808452,60.8903141818228,0.672580421896001,0.205148828583901,0,22.3612629517499,821.976188999109,749.438475105467,834.409420680355,-36.5845156162726,43.6266753165716,31.5077866658213,55.717120502539,-7.56111204911279
load_decrease_B20_F050,load_decrease,69,8,16,4,8,9,0.954598516570043,0.932494818295138,0.968565233261598,0.00223423100882747,0,0.673404850924836,0.991037366929576,0.973590838643996,1.00453642104412,0.00121090859096473,0,0.481305902404618,59.9999944662808,59.9999937866105,60.9054144486153,0.672027378515459,2.06078007664634,0,23.2830849831422,59.9999936918416,59.9999929808452,60.8903141818228,0.672580421896001,0.205148828583901,0,22.3612629517499,821.976188999109,749.438475105467,834.409420680355,-36.5845156162726,43.6266753165716,31.5077866658213,55.717120502539,-7.56111204911279
load_decrease_B20_F050,load_decrease,70,1,29,5,9,9,1.02689638912936,1.00787749133665,1.03315007688478,0.000159440312746728,0,0.577355376664727,1.02109303516246,1.00780668075524,1.04154081122971,0.00406099554330375,0,1.15015475793301,59.9999949130723,59.9999943446027,60.9234948221588,0.671619872127387,1.56094754524265,0,24.2666804770241,59.9999948530335,59.9999937595388,60.9145642504787,0.672270860482065,0.103054715708588,0,23.2830849831422,821.976188999109,749.438475105467,834.409420680355,-36.5845156162726,43.6266753165716,31.5077866658213,55.717120502539,-7.56111204911279
load_decrease_B20_F050,load_decrease,71,19,32,6,10,9,0.990604210848697,0.979538728927353,1.01264186930161,0.00506161867072652,0,1.33906922891666,0.984100548431793,0.968715388838594,1.00082097234443,0.00365378712115838,0,0.577355376664727,59.9999943494354,59.9999939661539,60.9052981129216,0.672055652290211,0.473802095179197,0,23.2830849831422,59.9999918043979,59.9999905544695,60.8977725588032,0.673895141636876,0.0322786586585565,0,22.7666422128727,821.976188999109,749.438475105467,834.409420680355,-36.5845156162726,43.6266753165716,31.5077866658213,55.717120502539,-7.56111204911279
load_decrease_B20_F050,load_decrease,72,10,23,9,10,9,0.965720649152829,0.94683788870793,0.981354853111677,0.00306267661250392,0,0.577355376664727,1.02167685351485,1.00789976548811,1.0348786968031,0.00320441058128762,0,0.481305902404618,59.9999948530335,59.9999937595388,60.9145642504787,0.672270860482065,0.103054715708588,0,23.2830849831422,59.9999918043979,59.9999905544695,60.8977725588032,0.673895141636876,0.0322786586585565,0,22.7666422128727,821.976188999109,749.438475105467,834.409420680355,-36.5845156162726,43.6266753165716,31.5077866658213,55.717120502539,-7.56111204911279
load_decrease_B20_F050,load_decrease,73,3,22,1,7,10,0.994475020133488,0.976453826450255,1.00643012617747,0.00164481426476648,0,0.577355376664727,1.0229600920912,1.00898845953964,1.03625615480186,0.00314658584794314,0,0.481305902404618,59.9999934559826,59.9999929154556,60.8899923340874,0.672655612328761,0.455855679235638,0,22.3612629517499,59.9999944671441,59.9999939609786,60.9059350612379,0.672092603986805,0.491592872073023,0,23.2830849831422,950.434923998617,514.009617801092,1033.96178582114,-34.9765535926914,226.715283095974,183.744086660383,361.027723424798,-0.262964536438091
load_decrease_B20_F050,load_decrease,74,23,28,2,4,10,1.02167685351485,1.00789976548811,1.0348786968031,0.00320441058128762,0,0.481305902404618,1.01980319076653,1.00623158591107,1.03942267662496,0.00406426341923849,0,0.625380113794782,59.9999937660327,59.9999930308482,60.8963096713889,0.672471061256019,0.133305544133509,0,23.1797964290883,59.9999944662808,59.9999937866105,60.9054144486153,0.672027378515459,2.06078007664634,0,23.2830849831422,950.434923998617,514.009617801092,1033.96178582114,-34.9765535926914,226.715283095974,183.744086660383,361.027723424798,-0.262964536438091
load_decrease_B20_F050,load_decrease,75,12,34,2,10,10,0.945223588050834,0.926369487605221,0.960355320263798,0.00288647052772495,0,0.577355376664727,1.01230116063239,1.00583733125202,1.0471908519122,0.0103767010043825,0,3.85596854111721,59.9999937660327,59.9999930308482,60.8963096713889,0.672471061256019,0.133305544133509,0,23.1797964290883,59.9999918043979,59.9999905544695,60.8977725588032,0.673895141636876,0.0322786586585565,0,22.7666422128727,950.434923998617,514.009617801092,1033.96178582114,-34.9765535926914,226.715283095974,183.744086660383,361.027723424798,-0.262964536438091
load_decrease_B20_F050,load_decrease,76,5,19,3,9,10,0.958759400236745,0.937826057240793,0.973616461747382,0.00259002820186649,0,0.673404850924836,0.990604210848697,0.979538728927353,1.01264186930161,0.00506161867072652,0,1.33906922891666,59.9999938740924,59.9999931528418,60.8970460592073,0.672426437888653,0.188358889200412,0,23.2314407061153,59.9999948530335,59.9999937595388,60.9145642504787,0.672270860482065,0.103054715708588,0,23.2830849831422,950.434923998617,514.009617801092,1033.96178582114,-34.9765535926914,226.715283095974,183.744086660383,361.027723424798,-0.262964536438091
load_decrease_B20_F050,load_decrease,77,27,39,4,8,10,1.0020543707611,0.986948235481291,1.01628649804872,0.00237115142644839,0,0.577355376664727,1.03000013409431,1.02306656873088,1.03226508414933,0.000123367541244424,0,0.577355376664727,59.9999944662808,59.9999937866105,60.9054144486153,0.672027378515459,2.06078007664634,0,23.2830849831422,59.9999936918416,59.9999929808452,60.8903141818228,0.672580421896001,0.205148828583901,0,22.3612629517499,950.434923998617,514.009617801092,1033.96178582114,-34.9765535926914,226.715283095974,183.744086660383,361.027723424798,-0.262964536438091
load_decrease_B20_F050,load_decrease,78,15,24,5,9,10,0.973079105652974,0.955163732434939,0.986147147466916,0.0014275382167519,0,0.529330639534673,0.999264074901395,0.982158450907695,1.0130049040859,0.00168504513510381,0,0.481305902404618,59.9999949130723,59.9999943446027,60.9234948221588,0.671619872127387,1.56094754524265,0,24.2666804770241,59.9999948530335,59.9999937595388,60.9145642504787,0.672270860482065,0.103054715708588,0,23.2830849831422,950.434923998617,514.009617801092,1033.96178582114,-34.9765535926914,226.715283095974,183.744086660383,361.027723424798,-0.262964536438091
load_decrease_B20_F050,load_decrease,79,7,19,7,8,10,0.953428494064471,0.931645690389978,0.967785325988125,0.00237518301396433,0,0.673404850924836,0.990604210848697,0.979538728927353,1.01264186930161,0.00506161867072652,0,1.33906922891666,59.9999944671441,59.9999939609786,60.9059350612379,0.672092603986805,0.491592872073023,0,23.2830849831422,59.9999936918416,59.9999929808452,60.8903141818228,0.672580421896001,0.205148828583901,0,22.3612629517499,950.434923998617,514.009617801092,1033.96178582114,-34.9765535926914,226.715283095974,183.744086660383,361.027723424798,-0.262964536438091
load_decrease_B20_F050,load_decrease,80,38,39,9,10,10,1.02650112277428,1.01436382748296,1.04725796286064,0.00332332384761647,0,1.17257220340775,1.03000013409431,1.02306656873088,1.03226508414933,0.000123367541244424,0,0.577355376664727,59.9999948530335,59.9999937595388,60.9145642504787,0.672270860482065,0.103054715708588,0,23.2830849831422,59.9999918043979,59.9999905544695,60.8977725588032,0.673895141636876,0.0322786586585565,0,22.7666422128727,950.434923998617,514.009617801092,1033.96178582114,-34.9765535926914,226.715283095974,183.744086660383,361.027723424798,-0.262964536438091
load_decrease_B26_F035,load_decrease,1,1,2,1,2,1,1.02689638912936,1.02541165785026,1.02781035395455,0.000114011308137929,0,1.66748775612019,1.02001684293784,1.0191324647838,1.02243123648475,0.000638711144845816,0,1.66748775612019,59.9999934559826,59.9999929154556,60.2213596575525,0.168479627828276,0.338633308988312,0,16.4150850545462,59.9999937660327,59.9999930308482,60.2225625148156,0.168420713265839,0.0285029038502458,0,16.5066204388695,247.351644502021,228.388157400747,249.198156554871,-7.72441222168933,178.513910467193,173.482429171594,179.126138963591,-2.86413636208604
load_decrease_B26_F035,load_decrease,2,18,25,1,7,1,0.993422297824962,0.993421901286815,0.996995293403797,0.0019846323603202,0,0,1.02838004290673,1.02837976212162,1.03294625129824,0.00241584990905253,0,0,59.9999934559826,59.9999929154556,60.2213596575525,0.168479627828276,0.338633308988312,0,16.4150850545462,59.9999944671441,59.9999939609786,60.2223149520823,0.168283467581965,0.0762743522664591,0,16.5523881310312,247.351644502021,228.388157400747,249.198156554871,-7.72441222168933,178.513910467193,173.482429171594,179.126138963591,-2.86413636208604
load_decrease_B26_F035,load_decrease,3,9,25,2,5,1,1.02020766358892,1.01953224841352,1.02144410461127,0.000641577716035791,0,0.568967493815179,1.02838004290673,1.02837976212162,1.03294625129824,0.00241584990905253,0,0,59.9999937660327,59.9999930308482,60.2225625148156,0.168420713265839,0.0285029038502458,0,16.5066204388695,59.9999949130723,59.9999943446027,60.2258511567381,0.168127179928042,0.00921028732631199,0,16.6564849485737,247.351644502021,228.388157400747,249.198156554871,-7.72441222168933,178.513910467193,173.482429171594,179.126138963591,-2.86413636208604
load_decrease_B26_F035,load_decrease,4,2,31,3,4,1,1.02001684293784,1.0191324647838,1.02243123648475,0.000638711144845816,0,1.66748775612019,0.982000570674875,0.981718528127251,0.984797447526862,0.00109042582869689,0,2.65018948272102,59.9999938740924,59.9999931528418,60.2223596124215,0.16840939218978,0.0400164933672615,0,16.5066204388695,59.9999944662808,59.9999937866105,60.2221696062338,0.168266620034146,0.0865200618137967,0,16.5981558231928,247.351644502021,228.388157400747,249.198156554871,-7.72441222168933,178.513910467193,173.482429171594,179.126138963591,-2.86413636208604
load_decrease_B26_F035,load_decrease,5,21,33,3,9,1,0.997579594018811,0.99757917147838,1.00102729840125,0.00204063959272938,0,0,0.997200971921189,0.996586319613118,1.00046495678141,0.00104612660673331,0,2.78041183675484,59.9999938740924,59.9999931528418,60.2223596124215,0.16840939218978,0.0400164933672615,0,16.5066204388695,59.9999948530335,59.9999937595388,60.2247762688392,0.168325930818007,0.224203906450622,0,16.5066204388695,247.351644502021,228.388157400747,249.198156554871,-7.72441222168933,178.513910467193,173.482429171594,179.126138963591,-2.86413636208604
load_decrease_B26_F035,load_decrease,6,11,33,4,9,1,0.96248990465261,0.962465257509849,0.965247542118386,0.00149397065688539,0,2.65018948272102,0.997200971921189,0.996586319613118,1.00046495678141,0.00104612660673331,0,2.78041183675484,59.9999944662808,59.9999937866105,60.2221696062338,0.168266620034146,0.0865200618137967,0,16.5981558231928,59.9999948530335,59.9999937595388,60.2247762688392,0.168325930818007,0.224203906450622,0,16.5066204388695,247.351644502021,228.388157400747,249.198156554871,-7.72441222168933,178.513910467193,173.482429171594,179.126138963591,-2.86413636208604
load_decrease_B26_F035,load_decrease,7,4,25,5,10,1,0.960053104706681,0.960048216348477,0.962789484167491,0.00152243009948705,0,2.65018948272102,1.02838004290673,1.02837976212162,1.03294625129824,0.00241584990905253,0,0,59.9999949130723,59.9999943446027,60.2258511567381,0.168127179928042,0.00921028732631199,0,16.6564849485737,59.9999918043979,59.9999905544695,60.2218157877773,0.168895383685637,0.0154258963826364,0,16.1540227204201,247.351644502021,228.388157400747,249.198156554871,-7.72441222168933,178.513910467193,173.482429171594,179.126138963591,-2.86413636208604
load_decrease_B26_F035,load_decrease,8,25,37,7,8,1,1.02838004290673,1.02837976212162,1.03294625129824,0.00241584990905253,0,0,1.02750054732654,1.02750028868048,1.0313051867362,0.00117127498709624,0,0,59.9999944671441,59.9999939609786,60.2223149520823,0.168283467581965,0.0762743522664591,0,16.5523881310312,59.9999936918416,59.9999929808452,60.2216679495711,0.168454774710732,0.204175592357171,0,16.4608527467079,247.351644502021,228.388157400747,249.198156554871,-7.72441222168933,178.513910467193,173.482429171594,179.126138963591,-2.86413636208604
load_decrease_B26_F035,load_decrease,9,14,21,1,2,2,0.965188010297433,0.965187625896465,0.96816028377249,0.00167804676754069,0,0,0.997579594018811,0.99757917147838,1.00102729840125,0.00204063959272938,0,0,59.9999934559826,59.9999929154556,60.2213596575525,0.168479627828276,0.338633308988312,0,16.4150850545462,59.9999937660327,59.9999930308482,60.2225625148156,0.168420713265839,0.0285029038502458,0,16.5066204388695,699.11655373899,692.740730535138,699.171695949234,-6.34577994627773,156.180710399892,152.901628217024,156.478351847696,-2.56987088420556
load_decrease_B26_F035,load_decrease,10,6,24,1,8,2,0.959595788849726,0.959404214899982,0.962248322408718,0.00142925558406271,0,2.65018948272102,0.999264074901395,0.999263645090658,1.00291175290285,0.00217385936039394,0,0,59.9999934559826,59.9999929154556,60.2213596575525,0.168479627828276,0.338633308988312,0,16.4150850545462,59.9999936918416,59.9999929808452,60.2216679495711,0.168454774710732,0.204175592357171,0,16.4608527467079,699.11655373899,692.740730535138,699.171695949234,-6.34577994627773,156.180710399892,152.901628217024,156.478351847696,-2.56987088420556
load_decrease_B26_F035,load_decrease,11,32,33,2,5,2,0.984100548431793,0.98410020178925,0.986738876650909,0.00121516588367288,0,0,0.997200971921189,0.996586319613118,1.00046495678141,0.00104612660673331,0,2.78041183675484,59.9999937660327,59.9999930308482,60.2225625148156,0.168420713265839,0.0285029038502458,0,16.5066204388695,59.9999949130723,59.9999943446027,60.2258511567381,0.168127179928042,0.00921028732631199,0,16.6564849485737,699.11655373899,692.740730535138,699.171695949234,-6.34577994627773,156.180710399892,152.901628217024,156.478351847696,-2.56987088420556
load_decrease_B26_F035,load_decrease,12,17,18,3,4,2,0.99507019283339,0.99506978189358,0.999100827959934,0.00238332419235876,0,0,0.993422297824962,0.993421901286815,0.996995293403797,0.0019846323603202,0,0,59.9999938740924,59.9999931528418,60.2223596124215,0.16840939218978,0.0400164933672615,0,16.5066204388695,59.9999944662808,59.9999937866105,60.2221696062338,0.168266620034146,0.0865200618137967,0,16.5981558231928,699.11655373899,692.740730535138,699.171695949234,-6.34577994627773,156.180710399892,152.901628217024,156.478351847696,-2.56987088420556
load_decrease_B26_F035,load_decrease,13,8,26,3,10,2,0.954598516570043,0.954227852127181,0.956968795665786,0.00130990666056496,0,2.65018948272102,1.01926696898686,1.0192665756457,1.02694688816499,0.00458954038049897,0,0,59.9999938740924,59.9999931528418,60.2223596124215,0.16840939218978,0.0400164933672615,0,16.5066204388695,59.9999918043979,59.9999905544695,60.2218157877773,0.168895383685637,0.0154258963826364,0,16.1540227204201,699.11655373899,692.740730535138,699.171695949234,-6.34577994627773,156.180710399892,152.901628217024,156.478351847696,-2.56987088420556
load_decrease_B26_F035,load_decrease,14,1,39,4,10,2,1.02689638912936,1.02541165785026,1.02781035395455,0.000114011308137929,0,1.66748775612019,1.03000013409431,1.02961491089773,1.03029342801759,0.00011738122052396,0,1.66748775612019,59.9999944662808,59.9999937866105,60.2221696062338,0.168266620034146,0.0865200618137967,0,16.5981558231928,59.9999918043979,59.9999905544695,60.2218157877773,0.168895383685637,0.0154258963826364,0,16.1540227204201,699.11655373899,692.740730535138,699.171695949234,-6.34577994627773,156.180710399892,152.901628217024,156.478351847696,-2.56987088420556
load_decrease_B26_F035,load_decrease,15,20,23,5,10,2,0.987464538640993,0.987104171419007,0.991625802619392,0.0018701983723598,0,2.78041183675484,1.02167685351485,1.02167644552061,1.02474428986966,0.00176496578752117,0,0,59.9999949130723,59.9999943446027,60.2258511567381,0.168127179928042,0.00921028732631199,0,16.6564849485737,59.9999918043979,59.9999905544695,60.2218157877773,0.168895383685637,0.0154258963826364,0,16.1540227204201,699.11655373899,692.740730535138,699.171695949234,-6.34577994627773,156.180710399892,152.901628217024,156.478351847696,-2.56987088420556
load_decrease_B26_F035,load_decrease,16,10,33,7,9,2,0.965720649152829,0.965720272081748,0.968529097966617,0.00151871893356526,0,0,0.997200971921189,0.996586319613118,1.00046495678141,0.00104612660673331,0,2.78041183675484,59.9999944671441,59.9999939609786,60.2223149520823,0.168283467581965,0.0762743522664591,0,16.5523881310312,59.9999948530335,59.9999937595388,60.2247762688392,0.168325930818007,0.224203906450622,0,16.5066204388695,699.11655373899,692.740730535138,699.171695949234,-6.34577994627773,156.180710399892,152.901628217024,156.478351847696,-2.56987088420556
load_decrease_B26_F035,load_decrease,17,3,32,1,3,3,0.994475020133488,0.994364254078245,0.997352015186044,0.00135720646081949,0,2.65018948272102,0.984100548431793,0.98410020178925,0.986738876650909,0.00121516588367288,0,0,59.9999934559826,59.9999929154556,60.2213596575525,0.168479627828276,0.338633308988312,0,16.4150850545462,59.9999938740924,59.9999931528418,60.2223596124215,0.16840939218978,0.0400164933672615,0,16.5066204388695,672.46804441793,659.291479746853,672.468208792161,-9.37038397836159,138.262054035867,135.144164369366,138.262231281765,-2.84526757019896
load_decrease_B26_F035,load_decrease,18,23,38,1,8,3,1.02167685351485,1.02167644552061,1.02474428986966,0.00176496578752117,0,0,1.02650112277428,1.02582852444095,1.03365540500365,0.00139795914421637,0,2.45485595167031,59.9999934559826,59.9999929154556,60.2213596575525,0.168479627828276,0.338633308988312,0,16.4150850545462,59.9999936918416,59.9999929808452,60.2216679495711,0.168454774710732,0.204175592357171,0,16.4608527467079,672.46804441793,659.291479746853,672.468208792161,-9.37038397836159,138.262054035867,135.144164369366,138.262231281765,-2.84526757019896
load_decrease_B26_F035,load_decrease,19,13,18,2,6,3,0.964270739573376,0.964270361507435,0.967135980730203,0.00157555339162152,0,0,0.993422297824962,0.993421901286815,0.996995293403797,0.0019846323603202,0,0,59.9999937660327,59.9999930308482,60.2225625148156,0.168420713265839,0.0285029038502458,0,16.5066204388695,59.9999943494354,59.9999939661539,60.222481837741,0.168281630626495,0.0665926222939975,0,16.5981558231928,672.46804441793,659.291479746853,672.468208792161,-9.37038397836159,138.262054035867,135.144164369366,138.262231281765,-2.84526757019896
load_decrease_B26_F035,load_decrease,20,5,29,3,5,3,0.958759400236745,0.958569872233791,0.961388658693543,0.001433684591162,0,2.65018948272102,1.02109303516246,1.02109257282773,1.02885836272585,0.00271600676969719,0,0,59.9999938740924,59.9999931528418,60.2223596124215,0.16840939218978,0.0400164933672615,0,16.5066204388695,59.9999949130723,59.9999943446027,60.2258511567381,0.168127179928042,0.00921028732631199,0,16.6564849485737,672.46804441793,659.291479746853,672.468208792161,-9.37038397836159,138.262054035867,135.144164369366,138.262231281765,-2.84526757019896
load_decrease_B26_F035,load_decrease,21,28,38,3,10,3,1.01980319076653,1.01980273929526,1.02767875321063,0.00324831540054626,0,0,1.02650112277428,1.02582852444095,1.03365540500365,0.00139795914421637,0,2.45485595167031,59.9999938740924,59.9999931528418,60.2223596124215,0.16840939218978,0.0400164933672615,0,16.5066204388695,59.9999918043979,59.9999905544695,60.2218157877773,0.168895383685637,0.0154258963826364,0,16.1540227204201,672.46804441793,659.291479746853,672.468208792161,-9.37038397836159,138.262054035867,135.144164369366,138.262231281765,-2.84526757019896
load_decrease_B26_F035,load_decrease,22,15,34,4,10,3,0.973079105652974,0.973078694472808,0.976501007169456,0.00199589000022182,0,0,1.01230116063239,1.01175629650903,1.01690537621069,0.00200180023726482,0,2.78041183675484,59.9999944662808,59.9999937866105,60.2221696062338,0.168266620034146,0.0865200618137967,0,16.5981558231928,59.9999918043979,59.9999905544695,60.2218157877773,0.168895383685637,0.0154258963826364,0,16.1540227204201,672.46804441793,659.291479746853,672.468208792161,-9.37038397836159,138.262054035867,135.144164369366,138.262231281765,-2.84526757019896
load_decrease_B26_F035,load_decrease,23,7,29,6,7,3,0.953428494064471,0.95310864291414,0.955885923883542,0.00134798242952827,0,2.65018948272102,1.02109303516246,1.02109257282773,1.02885836272585,0.00271600676969719,0,0,59.9999943494354,59.9999939661539,60.222481837741,0.168281630626495,0.0665926222939975,0,16.5981558231928,59.9999944671441,59.9999939609786,60.2223149520823,0.168283467581965,0.0762743522664591,0,16.5523881310312,672.46804441793,659.291479746853,672.468208792161,-9.37038397836159,138.262054035867,135.144164369366,138.262231281765,-2.84526757019896
load_decrease_B26_F035,load_decrease,24,1,11,7,10,3,1.02689638912936,1.02541165785026,1.02781035395455,0.000114011308137929,0,1.66748775612019,0.96248990465261,0.962465257509849,0.965247542118386,0.00149397065688539,0,2.65018948272102,59.9999944671441,59.9999939609786,60.2223149520823,0.168283467581965,0.0762743522664591,0,16.5523881310312,59.9999918043979,59.9999905544695,60.2218157877773,0.168895383685637,0.0154258963826364,0,16.1540227204201,672.46804441793,659.291479746853,672.468208792161,-9.37038397836159,138.262054035867,135.144164369366,138.262231281765,-2.84526757019896
load_decrease_B26_F035,load_decrease,25,18,34,1,3,4,0.993422297824962,0.993421901286815,0.996995293403797,0.0019846323603202,0,0,1.01230116063239,1.01175629650903,1.01690537621069,0.00200180023726482,0,2.78041183675484,59.9999934559826,59.9999929154556,60.2213596575525,0.168479627828276,0.338633308988312,0,16.4150850545462,59.9999938740924,59.9999931528418,60.2223596124215,0.16840939218978,0.0400164933672615,0,16.5066204388695,653.081286728971,647.124441100187,653.301637431748,-5.74197711322029,44.6481487675236,38.9143576067566,44.648332965707,-5.07999518609009
load_decrease_B26_F035,load_decrease,26,9,34,1,9,4,1.02020766358892,1.01953224841352,1.02144410461127,0.000641577716035791,0,0.568967493815179,1.01230116063239,1.01175629650903,1.01690537621069,0.00200180023726482,0,2.78041183675484,59.9999934559826,59.9999929154556,60.2213596575525,0.168479627828276,0.338633308988312,0,16.4150850545462,59.9999948530335,59.9999937595388,60.2247762688392,0.168325930818007,0.224203906450622,0,16.5066204388695,653.081286728971,647.124441100187,653.301637431748,-5.74197711322029,44.6481487675236,38.9143576067566,44.648332965707,-5.07999518609009
load_decrease_B26_F035,load_decrease,27,3,4,2,7,4,0.994475020133488,0.994364254078245,0.997352015186044,0.00135720646081949,0,2.65018948272102,0.960053104706681,0.960048216348477,0.962789484167491,0.00152243009948705,0,2.65018948272102,59.9999937660327,59.9999930308482,60.2225625148156,0.168420713265839,0.0285029038502458,0,16.5066204388695,59.9999944671441,59.9999939609786,60.2223149520823,0.168283467581965,0.0762743522664591,0,16.5523881310312,653.081286728971,647.124441100187,653.301637431748,-5.74197711322029,44.6481487675236,38.9143576067566,44.648332965707,-5.07999518609009
load_decrease_B26_F035,load_decrease,28,22,26,3,5,4,1.0229600920912,1.02295968149004,1.02606142785645,0.00174133778098762,0,0,1.01926696898686,1.0192665756457,1.02694688816499,0.00458954038049897,0,0,59.9999938740924,59.9999931528418,60.2223596124215,0.16840939218978,0.0400164933672615,0,16.5066204388695,59.9999949130723,59.9999943446027,60.2258511567381,0.168127179928042,0.00921028732631199,0,16.6564849485737,653.081286728971,647.124441100187,653.301637431748,-5.74197711322029,44.6481487675236,38.9143576067566,44.648332965707,-5.07999518609009
load_decrease_B26_F035,load_decrease,29,12,15,4,5,4,0.945223588050834,0.945223215958439,0.947982071328694,0.00150585955451976,0,0,0.973079105652974,0.973078694472808,0.976501007169456,0.00199589000022182,0,0,59.9999944662808,59.9999937866105,60.2221696062338,0.168266620034146,0.0865200618137967,0,16.5981558231928,59.9999949130723,59.9999943446027,60.2258511567381,0.168127179928042,0.00921028732631199,0,16.6564849485737,653.081286728971,647.124441100187,653.301637431748,-5.74197711322029,44.6481487675236,38.9143576067566,44.648332965707,-5.07999518609009
load_decrease_B26_F035,load_decrease,30,4,34,5,6,4,0.960053104706681,0.960048216348477,0.962789484167491,0.00152243009948705,0,2.65018948272102,1.01230116063239,1.01175629650903,1.01690537621069,0.00200180023726482,0,2.78041183675484,59.9999949130723,59.9999943446027,60.2258511567381,0.168127179928042,0.00921028732631199,0,16.6564849485737,59.9999943494354,59.9999939661539,60.222481837741,0.168281630626495,0.0665926222939975,0,16.5981558231928,653.081286728971,647.124441100187,653.301637431748,-5.74197711322029,44.6481487675236,38.9143576067566,44.648332965707,-5.07999518609009
load_decrease_B26_F035,load_decrease,31,26,33,6,7,4,1.01926696898686,1.0192665756457,1.02694688816499,0.00458954038049897,0,0,0.997200971921189,0.996586319613118,1.00046495678141,0.00104612660673331,0,2.78041183675484,59.9999943494354,59.9999939661539,60.222481837741,0.168281630626495,0.0665926222939975,0,16.5981558231928,59.9999944671441,59.9999939609786,60.2223149520823,0.168283467581965,0.0762743522664591,0,16.5523881310312,653.081286728971,647.124441100187,653.301637431748,-5.74197711322029,44.6481487675236,38.9143576067566,44.648332965707,-5.07999518609009
load_decrease_B26_F035,load_decrease,32,14,30,7,10,4,0.965188010297433,0.965187625896465,0.96816028377249,0.00167804676754069,0,0,1.04990040987001,1.04918292531071,1.05175094374493,0.000195006974584189,0,1.66748775612019,59.9999944671441,59.9999939609786,60.2223149520823,0.168283467581965,0.0762743522664591,0,16.5523881310312,59.9999918043979,59.9999905544695,60.2218157877773,0.168895383685637,0.0154258963826364,0,16.1540227204201,653.081286728971,647.124441100187,653.301637431748,-5.74197711322029,44.6481487675236,38.9143576067566,44.648332965707,-5.07999518609009
load_decrease_B26_F035,load_decrease,33,6,33,1,4,5,0.959595788849726,0.959404214899982,0.962248322408718,0.00142925558406271,0,2.65018948272102,0.997200971921189,0.996586319613118,1.00046495678141,0.00104612660673331,0,2.78041183675484,59.9999934559826,59.9999929154556,60.2213596575525,0.168479627828276,0.338633308988312,0,16.4150850545462,59.9999944662808,59.9999937866105,60.2221696062338,0.168266620034146,0.0865200618137967,0,16.5981558231928,517.000719945857,508.998929658524,518.837321369023,-6.32801705485628,137.308688158259,136.134868247757,139.927936179917,0.662374556405979
load_decrease_B26_F035,load_decrease,34,33,36,1,9,5,0.997200971921189,0.996586319613118,1.00046495678141,0.00104612660673331,0,2.78041183675484,1.0636010753349,1.06340838915189,1.06584963605433,0.00109776542114703,0,2.78041183675484,59.9999934559826,59.9999929154556,60.2213596575525,0.168479627828276,0.338633308988312,0,16.4150850545462,59.9999948530335,59.9999937595388,60.2247762688392,0.168325930818007,0.224203906450622,0,16.5066204388695,517.000719945857,508.998929658524,518.837321369023,-6.32801705485628,137.308688158259,136.134868247757,139.927936179917,0.662374556405979
load_decrease_B26_F035,load_decrease,35,17,27,2,7,5,0.99507019283339,0.99506978189358,0.999100827959934,0.00238332419235876,0,0,1.0020543707611,1.00205397218291,1.00788522932909,0.00339195616528354,0,0,59.9999937660327,59.9999930308482,60.2225625148156,0.168420713265839,0.0285029038502458,0,16.5066204388695,59.9999944671441,59.9999939609786,60.2223149520823,0.168283467581965,0.0762743522664591,0,16.5523881310312,517.000719945857,508.998929658524,518.837321369023,-6.32801705485628,137.308688158259,136.134868247757,139.927936179917,0.662374556405979
load_decrease_B26_F035,load_decrease,36,8,36,3,6,5,0.954598516570043,0.954227852127181,0.956968795665786,0.00130990666056496,0,2.65018948272102,1.0636010753349,1.06340838915189,1.06584963605433,0.00109776542114703,0,2.78041183675484,59.9999938740924,59.9999931528418,60.2223596124215,0.16840939218978,0.0400164933672615,0,16.5066204388695,59.9999943494354,59.9999939661539,60.222481837741,0.168281630626495,0.0665926222939975,0,16.5981558231928,517.000719945857,508.998929658524,518.837321369023,-6.32801705485628,137.308688158259,136.134868247757,139.927936179917,0.662374556405979
load_decrease_B26_F035,load_decrease,37,2,11,4,6,5,1.02001684293784,1.0191324647838,1.02243123648475,0.000638711144845816,0,1.66748775612019,0.96248990465261,0.962465257509849,0.965247542118386,0.00149397065688539,0,2.65018948272102,59.9999944662808,59.9999937866105,60.2221696062338,0.168266620034146,0.0865200618137967,0,16.5981558231928,59.9999943494354,59.9999939661539,60.222481837741,0.168281630626495,0.0665926222939975,0,16.5981558231928,517.000719945857,508.998929658524,518.837321369023,-6.32801705485628,137.308688158259,136.134868247757,139.927936179917,0.662374556405979
load_decrease_B26_F035,load_decrease,38,20,32,5,6,5,0.987464538640993,0.987104171419007,0.991625802619392,0.0018701983723598,0,2.78041183675484,0.984100548431793,0.98410020178925,0.986738876650909,0.00121516588367288,0,0,59.9999949130723,59.9999943446027,60.2258511567381,0.168127179928042,0.00921028732631199,0,16.6564849485737,59.9999943494354,59.9999939661539,60.222481837741,0.168281630626495,0.0665926222939975,0,16.5981558231928,517.000719945857,508.998929658524,518.837321369023,-6.32801705485628,137.308688158259,136.134868247757,139.927936179917,0.662374556405979
load_decrease_B26_F035,load_decrease,39,11,14,6,8,5,0.96248990465261,0.962465257509849,0.965247542118386,0.00149397065688539,0,2.65018948272102,0.965188010297433,0.965187625896465,0.96816028377249,0.00167804676754069,0,0,59.9999943494354,59.9999939661539,60.222481837741,0.168281630626495,0.0665926222939975,0,16.5981558231928,59.9999936918416,59.9999929808452,60.2216679495711,0.168454774710732,0.204175592357171,0,16.4608527467079,517.000719945857,508.998929658524,518.837321369023,-6.32801705485628,137.308688158259,136.134868247757,139.927936179917,0.662374556405979
load_decrease_B26_F035,load_decrease,40,4,6,8,9,5,0.960053104706681,0.960048216348477,0.962789484167491,0.00152243009948705,0,2.65018948272102,0.959595788849726,0.959404214899982,0.962248322408718,0.00142925558406271,0,2.65018948272102,59.9999936918416,59.9999929808452,60.2216679495711,0.168454774710732,0.204175592357171,0,16.4608527467079,59.9999948530335,59.9999937595388,60.2247762688392,0.168325930818007,0.224203906450622,0,16.5066204388695,517.000719945857,508.998929658524,518.837321369023,-6.32801705485628,137.308688158259,136.134868247757,139.927936179917,0.662374556405979
load_decrease_B26_F035,load_decrease,41,24,32,1,4,6,0.999264074901395,0.999263645090658,1.00291175290285,0.00217385936039394,0,0,0.984100548431793,0.98410020178925,0.986738876650909,0.00121516588367288,0,0,59.9999934559826,59.9999929154556,60.2213596575525,0.168479627828276,0.338633308988312,0,16.4150850545462,59.9999944662808,59.9999937866105,60.2221696062338,0.168266620034146,0.0865200618137967,0,16.5981558231928,646.129526212919,632.84597871626,646.129856362282,-9.36799725079925,221.895491666939,217.2532471151,221.895634079564,-4.4821088663376
load_decrease_B26_F035,load_decrease,42,13,27,1,10,6,0.964270739573376,0.964270361507435,0.967135980730203,0.00157555339162152,0,0,1.0020543707611,1.00205397218291,1.00788522932909,0.00339195616528354,0,0,59.9999934559826,59.9999929154556,60.2213596575525,0.168479627828276,0.338633308988312,0,16.4150850545462,59.9999918043979,59.9999905544695,60.2218157877773,0.168895383685637,0.0154258963826364,0,16.1540227204201,646.129526212919,632.84597871626,646.129856362282,-9.36799725079925,221.895491666939,217.2532471151,221.895634079564,-4.4821088663376
load_decrease_B26_F035,load_decrease,43,5,38,2,8,6,0.958759400236745,0.958569872233791,0.961388658693543,0.001433684591162,0,2.65018948272102,1.02650112277428,1.02582852444095,1.03365540500365,0.00139795914421637,0,2.45485595167031,59.9999937660327,59.9999930308482,60.2225625148156,0.168420713265839,0.0285029038502458,0,16.5066204388695,59.9999936918416,59.9999929808452,60.2216679495711,0.168454774710732,0.204175592357171,0,16.4608527467079,646.129526212919,632.84597871626,646.129856362282,-9.36799725079925,221.895491666939,217.2532471151,221.895634079564,-4.4821088663376
load_decrease_B26_F035,load_decrease,44,29,38,3,6,6,1.02109303516246,1.02109257282773,1.02885836272585,0.00271600676969719,0,0,1.02650112277428,1.02582852444095,1.03365540500365,0.00139795914421637,0,2.45485595167031,59.9999938740924,59.9999931528418,60.2223596124215,0.16840939218978,0.0400164933672615,0,16.5066204388695,59.9999943494354,59.9999939661539,60.222481837741,0.168281630626495,0.0665926222939975,0,16.5981558231928,646.129526212919,632.84597871626,646.129856362282,-9.36799725079925,221.895491666939,217.2532471151,221.895634079564,-4.4821088663376
load_decrease_B26_F035,load_decrease,45,16,20,4,6,6,0.991037366929576,0.991036940258187,0.994712311729871,0.00216884488106295,0,0,0.987464538640993,0.987104171419007,0.991625802619392,0.0018701983723598,0,2.78041183675484,59.9999944662808,59.9999937866105,60.2221696062338,0.168266620034146,0.0865200618137967,0,16.5981558231928,59.9999943494354,59.9999939661539,60.222481837741,0.168281630626495,0.0665926222939975,0,16.5981558231928,646.129526212919,632.84597871626,646.129856362282,-9.36799725079925,221.895491666939,217.2532471151,221.895634079564,-4.4821088663376
load_decrease_B26_F035,load_decrease,46,7,38,5,7,6,0.953428494064471,0.95310864291414,0.955885923883542,0.00134798242952827,0,2.65018948272102,1.02650112277428,1.02582852444095,1.03365540500365,0.00139795914421637,0,2.45485595167031,59.9999949130723,59.9999943446027,60.2258511567381,0.168127179928042,0.00921028732631199,0,16.6564849485737,59.9999944671441,59.9999939609786,60.2223149520823,0.168283467581965,0.0762743522664591,0,16.5523881310312,646.129526212919,632.84597871626,646.129856362282,-9.36799725079925,221.895491666939,217.2532471151,221.895634079564,-4.4821088663376
load_decrease_B26_F035,load_decrease,47,1,20,6,9,6,1.02689638912936,1.02541165785026,1.02781035395455,0.000114011308137929,0,1.66748775612019,0.987464538640993,0.987104171419007,0.991625802619392,0.0018701983723598,0,2.78041183675484,59.9999943494354,59.9999939661539,60.222481837741,0.168281630626495,0.0665926222939975,0,16.5981558231928,59.9999948530335,59.9999937595388,60.2247762688392,0.168325930818007,0.224203906450622,0,16.5066204388695,646.129526212919,632.84597871626,646.129856362282,-9.36799725079925,221.895491666939,217.2532471151,221.895634079564,-4.4821088663376
load_decrease_B26_F035,load_decrease,48,19,23,8,9,6,0.990604210848697,0.990378098166484,0.994415556496845,0.00173086990303262,0,2.78041183675484,1.02167685351485,1.02167644552061,1.02474428986966,0.00176496578752117,0,0,59.9999936918416,59.9999929808452,60.2216679495711,0.168454774710732,0.204175592357171,0,16.4608527467079,59.9999948530335,59.9999937595388,60.2247762688392,0.168325930818007,0.224203906450622,0,16.5066204388695,646.129526212919,632.84597871626,646.129856362282,-9.36799725079925,221.895491666939,217.2532471151,221.895634079564,-4.4821088663376
load_decrease_B26_F035,load_decrease,49,10,14,1,5,7,0.965720649152829,0.965720272081748,0.968529097966617,0.00151871893356526,0,0,0.965188010297433,0.965187625896465,0.96816028377249,0.00167804676754069,0,0,59.9999934559826,59.9999929154556,60.2213596575525,0.168479627828276,0.338633308988312,0,16.4150850545462,59.9999949130723,59.9999943446027,60.2258511567381,0.168127179928042,0.00921028732631199,0,16.6564849485737,525.642776165619,517.728618106749,525.643092250139,-7.72912833433429,188.546381008994,184.092040904718,188.546577690938,-3.39590291095337
load_decrease_B26_F035,load_decrease,50,3,13,2,3,7,0.994475020133488,0.994364254078245,0.997352015186044,0.00135720646081949,0,2.65018948272102,0.964270739573376,0.964270361507435,0.967135980730203,0.00157555339162152,0,0,59.9999937660327,59.9999930308482,60.2225625148156,0.168420713265839,0.0285029038502458,0,16.5066204388695,59.9999938740924,59.9999931528418,60.2223596124215,0.16840939218978,0.0400164933672615,0,16.5066204388695,525.642776165619,517.728618106749,525.643092250139,-7.72912833433429,188.546381008994,184.092040904718,188.546577690938,-3.39590291095337
load_decrease_B26_F035,load_decrease,51,22,35,2,8,7,1.0229600920912,1.02295968149004,1.02606142785645,0.00174133778098762,0,0,1.04940121508332,1.04940082684498,1.05204218506882,0.00122047215678789,0,0,59.9999937660327,59.9999930308482,60.2225625148156,0.168420713265839,0.0285029038502458,0,16.5066204388695,59.9999936918416,59.9999929808452,60.2216679495711,0.168454774710732,0.204175592357171,0,16.4608527467079,525.642776165619,517.728618106749,525.643092250139,-7.72912833433429,188.546381008994,184.092040904718,188.546577690938,-3.39590291095337
load_decrease_B26_F035,load_decrease,52,12,25,3,7,7,0.945223588050834,0.945223215958439,0.947982071328694,0.00150585955451976,0,0,1.02838004290673,1.02837976212162,1.03294625129824,0.00241584990905253,0,0,59.9999938740924,59.9999931528418,60.2223596124215,0.16840939218978,0.0400164933672615,0,16.5066204388695,59.9999944671441,59.9999939609786,60.2223149520823,0.168283467581965,0.0762743522664591,0,16.5523881310312,525.642776165619,517.728618106749,525.643092250139,-7.72912833433429,188.546381008994,184.092040904718,188.546577690938,-3.39590291095337
load_decrease_B26_F035,load_decrease,53,5,9,4,7,7,0.958759400236745,0.958569872233791,0.961388658693543,0.001433684591162,0,2.65018948272102,1.02020766358892,1.01953224841352,1.02144410461127,0.000641577716035791,0,0.568967493815179,59.9999944662808,59.9999937866105,60.2221696062338,0.168266620034146,0.0865200618137967,0,16.5981558231928,59.9999944671441,59.9999939609786,60.2223149520823,0.168283467581965,0.0762743522664591,0,16.5523881310312,525.642776165619,517.728618106749,525.643092250139,-7.72912833433429,188.546381008994,184.092040904718,188.546577690938,-3.39590291095337
load_decrease_B26_F035,load_decrease,54,27,30,5,7,7,1.0020543707611,1.00205397218291,1.00788522932909,0.00339195616528354,0,0,1.04990040987001,1.04918292531071,1.05175094374493,0.000195006974584189,0,1.66748775612019,59.9999949130723,59.9999943446027,60.2258511567381,0.168127179928042,0.00921028732631199,0,16.6564849485737,59.9999944671441,59.9999939609786,60.2223149520823,0.168283467581965,0.0762743522664591,0,16.5523881310312,525.642776165619,517.728618106749,525.643092250139,-7.72912833433429,188.546381008994,184.092040904718,188.546577690938,-3.39590291095337
load_decrease_B26_F035,load_decrease,55,14,39,6,9,7,0.965188010297433,0.965187625896465,0.96816028377249,0.00167804676754069,0,0,1.03000013409431,1.02961491089773,1.03029342801759,0.00011738122052396,0,1.66748775612019,59.9999943494354,59.9999939661539,60.222481837741,0.168281630626495,0.0665926222939975,0,16.5981558231928,59.9999948530335,59.9999937595388,60.2247762688392,0.168325930818007,0.224203906450622,0,16.5066204388695,525.642776165619,517.728618106749,525.643092250139,-7.72912833433429,188.546381008994,184.092040904718,188.546577690938,-3.39590291095337
load_decrease_B26_F035,load_decrease,56,7,10,8,10,7,0.953428494064471,0.95310864291414,0.955885923883542,0.00134798242952827,0,2.65018948272102,0.965720649152829,0.965720272081748,0.968529097966617,0.00151871893356526,0,0,59.9999936918416,59.9999929808452,60.2216679495711,0.168454774710732,0.204175592357171,0,16.4608527467079,59.9999918043979,59.9999905544695,60.2218157877773,0.168895383685637,0.0154258963826364,0,16.1540227204201,525.642776165619,517.728618106749,525.643092250139,-7.72912833433429,188.546381008994,184.092040904718,188.546577690938,-3.39590291095337
load_decrease_B26_F035,load_decrease,57,35,36,1,5,8,1.04940121508332,1.04940082684498,1.05204218506882,0.00122047215678789,0,0,1.0636010753349,1.06340838915189,1.06584963605433,0.00109776542114703,0,2.78041183675484,59.9999934559826,59.9999929154556,60.2213596575525,0.168479627828276,0.338633308988312,0,16.4150850545462,59.9999949130723,59.9999943446027,60.2258511567381,0.168127179928042,0.00921028732631199,0,16.6564849485737,535.98704469732,527.754816070563,538.482204123145,-5.5089598493787,13.8483715662576,6.68514446616553,13.8484934426564,-6.1193202710938
load_decrease_B26_F035,load_decrease,58,17,36,2,3,8,0.99507019283339,0.99506978189358,0.999100827959934,0.00238332419235876,0,0,1.0636010753349,1.06340838915189,1.06584963605433,0.00109776542114703,0,2.78041183675484,59.9999937660327,59.9999930308482,60.2225625148156,0.168420713265839,0.0285029038502458,0,16.5066204388695,59.9999938740924,59.9999931528418,60.2223596124215,0.16840939218978,0.0400164933672615,0,16.5066204388695,535.98704469732,527.754816070563,538.482204123145,-5.5089598493787,13.8483715662576,6.68514446616553,13.8484934426564,-6.1193202710938
load_decrease_B26_F035,load_decrease,59,9,15,2,9,8,1.02020766358892,1.01953224841352,1.02144410461127,0.000641577716035791,0,0.568967493815179,0.973079105652974,0.973078694472808,0.976501007169456,0.00199589000022182,0,0,59.9999937660327,59.9999930308482,60.2225625148156,0.168420713265839,0.0285029038502458,0,16.5066204388695,59.9999948530335,59.9999937595388,60.2247762688392,0.168325930818007,0.224203906450622,0,16.5066204388695,535.98704469732,527.754816070563,538.482204123145,-5.5089598493787,13.8483715662576,6.68514446616553,13.8484934426564,-6.1193202710938
load_decrease_B26_F035,load_decrease,60,2,21,3,8,8,1.02001684293784,1.0191324647838,1.02243123648475,0.000638711144845816,0,1.66748775612019,0.997579594018811,0.99757917147838,1.00102729840125,0.00204063959272938,0,0,59.9999938740924,59.9999931528418,60.2223596124215,0.16840939218978,0.0400164933672615,0,16.5066204388695,59.9999936918416,59.9999929808452,60.2216679495711,0.168454774710732,0.204175592357171,0,16.4608527467079,535.98704469732,527.754816070563,538.482204123145,-5.5089598493787,13.8483715662576,6.68514446616553,13.8484934426564,-6.1193202710938
load_decrease_B26_F035,load_decrease,61,21,23,4,7,8,0.997579594018811,0.99757917147838,1.00102729840125,0.00204063959272938,0,0,1.02167685351485,1.02167644552061,1.02474428986966,0.00176496578752117,0,0,59.9999944662808,59.9999937866105,60.2221696062338,0.168266620034146,0.0865200618137967,0,16.5981558231928,59.9999944671441,59.9999939609786,60.2223149520823,0.168283467581965,0.0762743522664591,0,16.5523881310312,535.98704469732,527.754816070563,538.482204123145,-5.5089598493787,13.8483715662576,6.68514446616553,13.8484934426564,-6.1193202710938
load_decrease_B26_F035,load_decrease,62,11,23,5,8,8,0.96248990465261,0.962465257509849,0.965247542118386,0.00149397065688539,0,2.65018948272102,1.02167685351485,1.02167644552061,1.02474428986966,0.00176496578752117,0,0,59.9999949130723,59.9999943446027,60.2258511567381,0.168127179928042,0.00921028732631199,0,16.6564849485737,59.9999936918416,59.9999929808452,60.2216679495711,0.168454774710732,0.204175592357171,0,16.4608527467079,535.98704469732,527.754816070563,538.482204123145,-5.5089598493787,13.8483715662576,6.68514446616553,13.8484934426564,-6.1193202710938
load_decrease_B26_F035,load_decrease,63,4,15,6,10,8,0.960053104706681,0.960048216348477,0.962789484167491,0.00152243009948705,0,2.65018948272102,0.973079105652974,0.973078694472808,0.976501007169456,0.00199589000022182,0,0,59.9999943494354,59.9999939661539,60.222481837741,0.168281630626495,0.0665926222939975,0,16.5981558231928,59.9999918043979,59.9999905544695,60.2218157877773,0.168895383685637,0.0154258963826364,0,16.1540227204201,535.98704469732,527.754816070563,538.482204123145,-5.5089598493787,13.8483715662576,6.68514446616553,13.8484934426564,-6.1193202710938
load_decrease_B26_F035,load_decrease,64,25,27,8,10,8,1.02838004290673,1.02837976212162,1.03294625129824,0.00241584990905253,0,0,1.0020543707611,1.00205397218291,1.00788522932909,0.00339195616528354,0,0,59.9999936918416,59.9999929808452,60.2216679495711,0.168454774710732,0.204175592357171,0,16.4608527467079,59.9999918043979,59.9999905544695,60.2218157877773,0.168895383685637,0.0154258963826364,0,16.1540227204201,535.98704469732,527.754816070563,538.482204123145,-5.5089598493787,13.8483715662576,6.68514446616553,13.8484934426564,-6.1193202710938
load_decrease_B26_F035,load_decrease,65,13,36,1,6,9,0.964270739573376,0.964270361507435,0.967135980730203,0.00157555339162152,0,0,1.0636010753349,1.06340838915189,1.06584963605433,0.00109776542114703,0,2.78041183675484,59.9999934559826,59.9999929154556,60.2213596575525,0.168479627828276,0.338633308988312,0,16.4150850545462,59.9999943494354,59.9999939661539,60.222481837741,0.168281630626495,0.0665926222939975,0,16.5981558231928,821.976188999109,807.906320823154,825.835536760442,-9.37493747548058,43.6266753165716,33.4269078738254,43.6266901016509,-9.44083758203031
load_decrease_B26_F035,load_decrease,66,6,14,2,4,9,0.959595788849726,0.959404214899982,0.962248322408718,0.00142925558406271,0,2.65018948272102,0.965188010297433,0.965187625896465,0.96816028377249,0.00167804676754069,0,0,59.9999937660327,59.9999930308482,60.2225625148156,0.168420713265839,0.0285029038502458,0,16.5066204388695,59.9999944662808,59.9999937866105,60.2221696062338,0.168266620034146,0.0865200618137967,0,16.5981558231928,821.976188999109,807.906320823154,825.835536760442,-9.37493747548058,43.6266753165716,33.4269078738254,43.6266901016509,-9.44083758203031
load_decrease_B26_F035,load_decrease,67,30,38,2,9,9,1.04990040987001,1.04918292531071,1.05175094374493,0.000195006974584189,0,1.66748775612019,1.02650112277428,1.02582852444095,1.03365540500365,0.00139795914421637,0,2.45485595167031,59.9999937660327,59.9999930308482,60.2225625148156,0.168420713265839,0.0285029038502458,0,16.5066204388695,59.9999948530335,59.9999937595388,60.2247762688392,0.168325930818007,0.224203906450622,0,16.5066204388695,821.976188999109,807.906320823154,825.835536760442,-9.37493747548058,43.6266753165716,33.4269078738254,43.6266901016509,-9.44083758203031
load_decrease_B26_F035,load_decrease,68,16,30,3,8,9,0.991037366929576,0.991036940258187,0.994712311729871,0.00216884488106295,0,0,1.04990040987001,1.04918292531071,1.05175094374493,0.000195006974584189,0,1.66748775612019,59.9999938740924,59.9999931528418,60.2223596124215,0.16840939218978,0.0400164933672615,0,16.5066204388695,59.9999936918416,59.9999929808452,60.2216679495711,0.168454774710732,0.204175592357171,0,16.4608527467079,821.976188999109,807.906320823154,825.835536760442,-9.37493747548058,43.6266753165716,33.4269078738254,43.6266901016509,-9.44083758203031
load_decrease_B26_F035,load_decrease,69,8,16,4,8,9,0.954598516570043,0.954227852127181,0.956968795665786,0.00130990666056496,0,2.65018948272102,0.991037366929576,0.991036940258187,0.994712311729871,0.00216884488106295,0,0,59.9999944662808,59.9999937866105,60.2221696062338,0.168266620034146,0.0865200618137967,0,16.5981558231928,59.9999936918416,59.9999929808452,60.2216679495711,0.168454774710732,0.204175592357171,0,16.4608527467079,821.976188999109,807.906320823154,825.835536760442,-9.37493747548058,43.6266753165716,33.4269078738254,43.6266901016509,-9.44083758203031
load_decrease_B26_F035,load_decrease,70,1,29,5,9,9,1.02689638912936,1.02541165785026,1.02781035395455,0.000114011308137929,0,1.66748775612019,1.02109303516246,1.02109257282773,1.02885836272585,0.00271600676969719,0,0,59.9999949130723,59.9999943446027,60.2258511567381,0.168127179928042,0.00921028732631199,0,16.6564849485737,59.9999948530335,59.9999937595388,60.2247762688392,0.168325930818007,0.224203906450622,0,16.5066204388695,821.976188999109,807.906320823154,825.835536760442,-9.37493747548058,43.6266753165716,33.4269078738254,43.6266901016509,-9.44083758203031
load_decrease_B26_F035,load_decrease,71,19,32,6,10,9,0.990604210848697,0.990378098166484,0.994415556496845,0.00173086990303262,0,2.78041183675484,0.984100548431793,0.98410020178925,0.986738876650909,0.00121516588367288,0,0,59.9999943494354,59.9999939661539,60.222481837741,0.168281630626495,0.0665926222939975,0,16.5981558231928,59.9999918043979,59.9999905544695,60.2218157877773,0.168895383685637,0.0154258963826364,0,16.1540227204201,821.976188999109,807.906320823154,825.835536760442,-9.37493747548058,43.6266753165716,33.4269078738254,43.6266901016509,-9.44083758203031
load_decrease_B26_F035,load_decrease,72,10,23,9,10,9,0.965720649152829,0.965720272081748,0.968529097966617,0.00151871893356526,0,0,1.02167685351485,1.02167644552061,1.02474428986966,0.00176496578752117,0,0,59.9999948530335,59.9999937595388,60.2247762688392,0.168325930818007,0.224203906450622,0,16.5066204388695,59.9999918043979,59.9999905544695,60.2218157877773,0.168895383685637,0.0154258963826364,0,16.1540227204201,821.976188999109,807.906320823154,825.835536760442,-9.37493747548058,43.6266753165716,33.4269078738254,43.6266901016509,-9.44083758203031
load_decrease_B26_F035,load_decrease,73,3,22,1,7,10,0.994475020133488,0.994364254078245,0.997352015186044,0.00135720646081949,0,2.65018948272102,1.0229600920912,1.02295968149004,1.02606142785645,0.00174133778098762,0,0,59.9999934559826,59.9999929154556,60.2213596575525,0.168479627828276,0.338633308988312,0,16.4150850545462,59.9999944671441,59.9999939609786,60.2223149520823,0.168283467581965,0.0762743522664591,0,16.5523881310312,950.434923998617,887.804623579956,955.958294384219,-6.34663708196092,226.715283095974,221.667194705256,236.16051881547,-1.64801182764685
load_decrease_B26_F035,load_decrease,74,23,28,2,4,10,1.02167685351485,1.02167644552061,1.02474428986966,0.00176496578752117,0,0,1.01980319076653,1.01980273929526,1.02767875321063,0.00324831540054626,0,0,59.9999937660327,59.9999930308482,60.2225625148156,0.168420713265839,0.0285029038502458,0,16.5066204388695,59.9999944662808,59.9999937866105,60.2221696062338,0.168266620034146,0.0865200618137967,0,16.5981558231928,950.434923998617,887.804623579956,955.958294384219,-6.34663708196092,226.715283095974,221.667194705256,236.16051881547,-1.64801182764685
load_decrease_B26_F035,load_decrease,75,12,34,2,10,10,0.945223588050834,0.945223215958439,0.947982071328694,0.00150585955451976,0,0,1.01230116063239,1.01175629650903,1.01690537621069,0.00200180023726482,0,2.78041183675484,59.9999937660327,59.9999930308482,60.2225625148156,0.168420713265839,0.0285029038502458,0,16.5066204388695,59.9999918043979,59.9999905544695,60.2218157877773,0.168895383685637,0.0154258963826364,0,16.1540227204201,950.434923998617,887.804623579956,955.958294384219,-6.34663708196092,226.715283095974,221.667194705256,236.16051881547,-1.64801182764685
load_decrease_B26_F035,load_decrease,76,5,19,3,9,10,0.958759400236745,0.958569872233791,0.961388658693543,0.001433684591162,0,2.65018948272102,0.990604210848697,0.990378098166484,0.994415556496845,0.00173086990303262,0,2.78041183675484,59.9999938740924,59.9999931528418,60.2223596124215,0.16840939218978,0.0400164933672615,0,16.5066204388695,59.9999948530335,59.9999937595388,60.2247762688392,0.168325930818007,0.224203906450622,0,16.5066204388695,950.434923998617,887.804623579956,955.958294384219,-6.34663708196092,226.715283095974,221.667194705256,236.16051881547,-1.64801182764685
load_decrease_B26_F035,load_decrease,77,27,39,4,8,10,1.0020543707611,1.00205397218291,1.00788522932909,0.00339195616528354,0,0,1.03000013409431,1.02961491089773,1.03029342801759,0.00011738122052396,0,1.66748775612019,59.9999944662808,59.9999937866105,60.2221696062338,0.168266620034146,0.0865200618137967,0,16.5981558231928,59.9999936918416,59.9999929808452,60.2216679495711,0.168454774710732,0.204175592357171,0,16.4608527467079,950.434923998617,887.804623579956,955.958294384219,-6.34663708196092,226.715283095974,221.667194705256,236.16051881547,-1.64801182764685
load_decrease_B26_F035,load_decrease,78,15,24,5,9,10,0.973079105652974,0.973078694472808,0.976501007169456,0.00199589000022182,0,0,0.999264074901395,0.999263645090658,1.00291175290285,0.00217385936039394,0,0,59.9999949130723,59.9999943446027,60.2258511567381,0.168127179928042,0.00921028732631199,0,16.6564849485737,59.9999948530335,59.9999937595388,60.2247762688392,0.168325930818007,0.224203906450622,0,16.5066204388695,950.434923998617,887.804623579956,955.958294384219,-6.34663708196092,226.715283095974,221.667194705256,236.16051881547,-1.64801182764685
load_decrease_B26_F035,load_decrease,79,7,19,7,8,10,0.953428494064471,0.95310864291414,0.955885923883542,0.00134798242952827,0,2.65018948272102,0.990604210848697,0.990378098166484,0.994415556496845,0.00173086990303262,0,2.78041183675484,59.9999944671441,59.9999939609786,60.2223149520823,0.168283467581965,0.0762743522664591,0,16.5523881310312,59.9999936918416,59.9999929808452,60.2216679495711,0.168454774710732,0.204175592357171,0,16.4608527467079,950.434923998617,887.804623579956,955.958294384219,-6.34663708196092,226.715283095974,221.667194705256,236.16051881547,-1.64801182764685
load_decrease_B26_F035,load_decrease,80,38,39,9,10,10,1.02650112277428,1.02582852444095,1.03365540500365,0.00139795914421637,0,2.45485595167031,1.03000013409431,1.02961491089773,1.03029342801759,0.00011738122052396,0,1.66748775612019,59.9999948530335,59.9999937595388,60.2247762688392,0.168325930818007,0.224203906450622,0,16.5066204388695,59.9999918043979,59.9999905544695,60.2218157877773,0.168895383685637,0.0154258963826364,0,16.1540227204201,950.434923998617,887.804623579956,955.958294384219,-6.34663708196092,226.715283095974,221.667194705256,236.16051881547,-1.64801182764685
load_decrease_B39_F020,load_decrease,1,1,2,1,2,1,1.02689638912936,1.02689613197341,1.04690356320414,0.0144171523107539,0,0.34345087319216,1.02001684293784,1.02001650365959,1.03908996925997,0.0110111569854481,0,0,59.9999934559826,59.9999929154556,62.4334893546801,1.84580748829699,0.550269491467009,0,28.4353410092805,59.9999937660327,59.9999930308482,62.4311360931887,1.84502868347895,0.130586944235113,0,28.4150502043275,247.351644502021,153.742510678715,247.351919448914,-80.2095729399507,178.513910467193,127.153869304728,178.514465299017,-49.3386412791066
load_decrease_B39_F020,load_decrease,2,18,25,1,7,1,0.993422297824962,0.993421901286815,1.01581966680266,0.0126930918159114,0,0.706242761715734,1.02838004290673,1.0269068124472,1.04015980386653,0.00293409996763128,0,8.0669471034148,59.9999934559826,59.9999929154556,62.4334893546801,1.84580748829699,0.550269491467009,0,28.4353410092805,59.9999944671441,59.9999939609786,62.4671379770143,1.85351186610504,0.0444648734568594,0,28.5461719050644,247.351644502021,153.742510678715,247.351919448914,-80.2095729399507,178.513910467193,127.153869304728,178.514465299017,-49.3386412791066
load_decrease_B39_F020,load_decrease,3,9,25,2,5,1,1.02020766358892,1.02020741569325,1.04029414529005,0.0128024399113265,0,0.34345087319216,1.02838004290673,1.0269068124472,1.04015980386653,0.00293409996763128,0,8.0669471034148,59.9999937660327,59.9999930308482,62.4311360931887,1.84502868347895,0.130586944235113,0,28.4150502043275,59.9999949130723,59.9994163311401,62.4962564713504,1.86087009046749,-0.02514322711384,0.0482492305427897,28.6089302372728,247.351644502021,153.742510678715,247.351919448914,-80.2095729399507,178.513910467193,127.153869304728,178.514465299017,-49.3386412791066
load_decrease_B39_F020,load_decrease,4,2,31,3,4,1,1.02001684293784,1.02001650365959,1.03908996925997,0.0110111569854481,0,0,0.982000570674875,0.982000194217386,1.00882487262114,0.011245020448276,0,1.62330350715622,59.9999938740924,59.9999931528418,62.4354616681451,1.84626407468775,0.126304059630962,0,28.4631462471873,59.9999944662808,59.9999937866105,62.4643826876087,1.8533312530171,0.0466396159990352,0,28.5461719050644,247.351644502021,153.742510678715,247.351919448914,-80.2095729399507,178.513910467193,127.153869304728,178.514465299017,-49.3386412791066
load_decrease_B39_F020,load_decrease,5,21,33,3,9,1,0.997579594018811,0.99757917147838,1.02161528282111,0.0148924024090918,0,1.57510540228088,0.997200971921189,0.99638084228844,1.02087212117099,0.00942515976114411,0,2.93376178988517,59.9999938740924,59.9999931528418,62.4354616681451,1.84626407468775,0.126304059630962,0,28.4631462471873,59.9999948530335,59.9999937595388,62.4640060138857,1.85172941178694,0.0113054169213066,0,28.5461719050644,247.351644502021,153.742510678715,247.351919448914,-80.2095729399507,178.513910467193,127.153869304728,178.514465299017,-49.3386412791066
load_decrease_B39_F020,load_decrease,6,11,33,4,9,1,0.96248990465261,0.962489524218583,0.98738623410955,0.0141645659590178,0,1.66631919251172,0.997200971921189,0.99638084228844,1.02087212117099,0.00942515976114411,0,2.93376178988517,59.9999944662808,59.9999937866105,62.4643826876087,1.8533312530171,0.0466396159990352,0,28.5461719050644,59.9999948530335,59.9999937595388,62.4640060138857,1.85172941178694,0.0113054169213066,0,28.5461719050644,247.351644502021,153.742510678715,247.351919448914,-80.2095729399507,178.513910467193,127.153869304728,178.514465299017,-49.3386412791066
load_decrease_B39_F020,load_decrease,7,4,25,5,10,1,0.960053104706681,0.96005272883502,0.983194551024686,0.0130478944570245,0,0.727802330127357,1.02838004290673,1.0269068124472,1.04015980386653,0.00293409996763128,0,8.0669471034148,59.9999949130723,59.9994163311401,62.4962564713504,1.86087009046749,-0.02514322711384,0.0482492305427897,28.6089302372728,59.9999918043979,59.9999905544695,62.4254996393517,1.82731820744541,1.23154897996218,0,28.4631462471873,247.351644502021,153.742510678715,247.351919448914,-80.2095729399507,178.513910467193,127.153869304728,178.514465299017,-49.3386412791066
load_decrease_B39_F020,load_decrease,8,25,37,7,8,1,1.02838004290673,1.0269068124472,1.04015980386653,0.00293409996763128,0,8.0669471034148,1.02750054732654,1.02750028868048,1.03796093256032,0.00633973309722102,0,0,59.9999944671441,59.9999939609786,62.4671379770143,1.85351186610504,0.0444648734568594,0,28.5461719050644,59.9999936918416,59.9999929808452,62.432105288845,1.84589506165906,0.199619584074734,0,28.4353410092805,247.351644502021,153.742510678715,247.351919448914,-80.2095729399507,178.513910467193,127.153869304728,178.514465299017,-49.3386412791066
load_decrease_B39_F020,load_decrease,9,14,21,1,2,2,0.965188010297433,0.965187625896465,0.988779757489912,0.0133498186602968,0,1.57510540228088,0.997579594018811,0.99757917147838,1.02161528282111,0.0148924024090918,0,1.57510540228088,59.9999934559826,59.9999929154556,62.4334893546801,1.84580748829699,0.550269491467009,0,28.4353410092805,59.9999937660327,59.9999930308482,62.4311360931887,1.84502868347895,0.130586944235113,0,28.4150502043275,699.11655373899,624.792414062809,699.116650101119,-66.2696034951925,156.180710399892,124.119288249363,156.18077075031,-24.6450049447399
load_decrease_B39_F020,load_decrease,10,6,24,1,8,2,0.959595788849726,0.959595405388814,0.984939287515915,0.0144215822508768,0,1.66631919251172,0.999264074901395,0.999263645090658,1.02410356534937,0.0150029222863342,0,1.59920445471855,59.9999934559826,59.9999929154556,62.4334893546801,1.84580748829699,0.550269491467009,0,28.4353410092805,59.9999936918416,59.9999929808452,62.432105288845,1.84589506165906,0.199619584074734,0,28.4353410092805,699.11655373899,624.792414062809,699.116650101119,-66.2696034951925,156.180710399892,124.119288249363,156.18077075031,-24.6450049447399
load_decrease_B39_F020,load_decrease,11,32,33,2,5,2,0.984100548431793,0.98410020178925,1.00741087626313,0.0119894588207501,0,1.55100634984321,0.997200971921189,0.99638084228844,1.02087212117099,0.00942515976114411,0,2.93376178988517,59.9999937660327,59.9999930308482,62.4311360931887,1.84502868347895,0.130586944235113,0,28.4150502043275,59.9999949130723,59.9994163311401,62.4962564713504,1.86087009046749,-0.02514322711384,0.0482492305427897,28.6089302372728,699.11655373899,624.792414062809,699.116650101119,-66.2696034951925,156.180710399892,124.119288249363,156.18077075031,-24.6450049447399
load_decrease_B39_F020,load_decrease,12,17,18,3,4,2,0.99507019283339,0.99506978189358,1.01836106122331,0.0132301121506228,0,0.727802330127357,0.993422297824962,0.993421901286815,1.01581966680266,0.0126930918159114,0,0.706242761715734,59.9999938740924,59.9999931528418,62.4354616681451,1.84626407468775,0.126304059630962,0,28.4631462471873,59.9999944662808,59.9999937866105,62.4643826876087,1.8533312530171,0.0466396159990352,0,28.5461719050644,699.11655373899,624.792414062809,699.116650101119,-66.2696034951925,156.180710399892,124.119288249363,156.18077075031,-24.6450049447399
load_decrease_B39_F020,load_decrease,13,8,26,3,10,2,0.954598516570043,0.954598142528851,0.979036100142475,0.0142377207423183,0,1.66631919251172,1.01926696898686,1.0192665756457,1.0399319278806,0.00945031697214405,0,0.598444919657623,59.9999938740924,59.9999931528418,62.4354616681451,1.84626407468775,0.126304059630962,0,28.4631462471873,59.9999918043979,59.9999905544695,62.4254996393517,1.82731820744541,1.23154897996218,0,28.4631462471873,699.11655373899,624.792414062809,699.116650101119,-66.2696034951925,156.180710399892,124.119288249363,156.18077075031,-24.6450049447399
load_decrease_B39_F020,load_decrease,14,1,39,4,10,2,1.02689638912936,1.02689613197341,1.04690356320414,0.0144171523107539,0,0.34345087319216,1.03000013409431,1.03000005001758,1.04624805697023,0.013615841509502,0,0,59.9999944662808,59.9999937866105,62.4643826876087,1.8533312530171,0.0466396159990352,0,28.5461719050644,59.9999918043979,59.9999905544695,62.4254996393517,1.82731820744541,1.23154897996218,0,28.4631462471873,699.11655373899,624.792414062809,699.116650101119,-66.2696034951925,156.180710399892,124.119288249363,156.18077075031,-24.6450049447399
load_decrease_B39_F020,load_decrease,15,20,23,5,10,2,0.987464538640993,0.987464063594078,1.01710891397499,0.0159263902946944,0,1.66631919251172,1.02167685351485,1.02167644552061,1.04369083531827,0.0140132490331308,0,0.684683193304112,59.9999949130723,59.9994163311401,62.4962564713504,1.86087009046749,-0.02514322711384,0.0482492305427897,28.6089302372728,59.9999918043979,59.9999905544695,62.4254996393517,1.82731820744541,1.23154897996218,0,28.4631462471873,699.11655373899,624.792414062809,699.116650101119,-66.2696034951925,156.180710399892,124.119288249363,156.18077075031,-24.6450049447399
load_decrease_B39_F020,load_decrease,16,10,33,7,9,2,0.965720649152829,0.965720272081748,0.990224858407029,0.0138059252594347,0,1.64240976842097,0.997200971921189,0.99638084228844,1.02087212117099,0.00942515976114411,0,2.93376178988517,59.9999944671441,59.9999939609786,62.4671379770143,1.85351186610504,0.0444648734568594,0,28.5461719050644,59.9999948530335,59.9999937595388,62.4640060138857,1.85172941178694,0.0113054169213066,0,28.5461719050644,699.11655373899,624.792414062809,699.116650101119,-66.2696034951925,156.180710399892,124.119288249363,156.18077075031,-24.6450049447399
load_decrease_B39_F020,load_decrease,17,3,32,1,3,3,0.994475020133488,0.99447465088492,1.01542354213145,0.011728792421422,0,0.641564056480867,0.984100548431793,0.98410020178925,1.00741087626313,0.0119894588207501,0,1.55100634984321,59.9999934559826,59.9999929154556,62.4334893546801,1.84580748829699,0.550269491467009,0,28.4353410092805,59.9999938740924,59.9999931528418,62.4354616681451,1.84626407468775,0.126304059630962,0,28.4631462471873,672.46804441793,522.37173201263,672.468208792161,-98.2516677994479,138.262054035867,116.229291976827,138.262231281765,-21.8568799113372
load_decrease_B39_F020,load_decrease,18,23,38,1,8,3,1.02167685351485,1.02167644552061,1.04369083531827,0.0140132490331308,0,0.684683193304112,1.02650112277428,1.0265006552755,1.05320694370868,0.00921641451102584,0,1.57510540228088,59.9999934559826,59.9999929154556,62.4334893546801,1.84580748829699,0.550269491467009,0,28.4353410092805,59.9999936918416,59.9999929808452,62.432105288845,1.84589506165906,0.199619584074734,0,28.4353410092805,672.46804441793,522.37173201263,672.468208792161,-98.2516677994479,138.262054035867,116.229291976827,138.262231281765,-21.8568799113372
load_decrease_B39_F020,load_decrease,19,13,18,2,6,3,0.964270739573376,0.964270361507435,0.988414803021517,0.013587898947058,0,1.62330350715622,0.993422297824962,0.993421901286815,1.01581966680266,0.0126930918159114,0,0.706242761715734,59.9999937660327,59.9999930308482,62.4311360931887,1.84502868347895,0.130586944235113,0,28.4150502043275,59.9999943494354,59.9999939661539,62.4668532877345,1.85393636041306,0.0266637396065336,0,28.5461719050644,672.46804441793,522.37173201263,672.468208792161,-98.2516677994479,138.262054035867,116.229291976827,138.262231281765,-21.8568799113372
load_decrease_B39_F020,load_decrease,20,5,29,3,5,3,0.958759400236745,0.958759018711514,0.983671602690808,0.0142202469226418,0,1.66631919251172,1.02109303516246,1.02109257282773,1.0477536273284,0.0112950707433674,0,1.59920445471855,59.9999938740924,59.9999931528418,62.4354616681451,1.84626407468775,0.126304059630962,0,28.4631462471873,59.9999949130723,59.9994163311401,62.4962564713504,1.86087009046749,-0.02514322711384,0.0482492305427897,28.6089302372728,672.46804441793,522.37173201263,672.468208792161,-98.2516677994479,138.262054035867,116.229291976827,138.262231281765,-21.8568799113372
load_decrease_B39_F020,load_decrease,21,28,38,3,10,3,1.01980319076653,1.01980273929526,1.04558200506147,0.0114298494402949,0,1.57510540228088,1.02650112277428,1.0265006552755,1.05320694370868,0.00921641451102584,0,1.57510540228088,59.9999938740924,59.9999931528418,62.4354616681451,1.84626407468775,0.126304059630962,0,28.4631462471873,59.9999918043979,59.9999905544695,62.4254996393517,1.82731820744541,1.23154897996218,0,28.4631462471873,672.46804441793,522.37173201263,672.468208792161,-98.2516677994479,138.262054035867,116.229291976827,138.262231281765,-21.8568799113372
load_decrease_B39_F020,load_decrease,22,15,34,4,10,3,0.973079105652974,0.973078694472808,0.997048857710866,0.0139578329935566,0,1.57510540228088,1.01230116063239,1.0123006520705,1.04544330547756,0.0182690266091698,0,28.718947537513,59.9999944662808,59.9999937866105,62.4643826876087,1.8533312530171,0.0466396159990352,0,28.5461719050644,59.9999918043979,59.9999905544695,62.4254996393517,1.82731820744541,1.23154897996218,0,28.4631462471873,672.46804441793,522.37173201263,672.468208792161,-98.2516677994479,138.262054035867,116.229291976827,138.262231281765,-21.8568799113372
load_decrease_B39_F020,load_decrease,23,7,29,6,7,3,0.953428494064471,0.953428116387122,0.978209028756678,0.0143913741737167,0,1.66631919251172,1.02109303516246,1.02109257282773,1.0477536273284,0.0112950707433674,0,1.59920445471855,59.9999943494354,59.9999939661539,62.4668532877345,1.85393636041306,0.0266637396065336,0,28.5461719050644,59.9999944671441,59.9999939609786,62.4671379770143,1.85351186610504,0.0444648734568594,0,28.5461719050644,672.46804441793,522.37173201263,672.468208792161,-98.2516677994479,138.262054035867,116.229291976827,138.262231281765,-21.8568799113372
load_decrease_B39_F020,load_decrease,24,1,11,7,10,3,1.02689638912936,1.02689613197341,1.04690356320414,0.0144171523107539,0,0.34345087319216,0.96248990465261,0.962489524218583,0.98738623410955,0.0141645659590178,0,1.66631919251172,59.9999944671441,59.9999939609786,62.4671379770143,1.85351186610504,0.0444648734568594,0,28.5461719050644,59.9999918043979,59.9999905544695,62.4254996393517,1.82731820744541,1.23154897996218,0,28.4631462471873,672.46804441793,522.37173201263,672.468208792161,-98.2516677994479,138.262054035867,116.229291976827,138.262231281765,-21.8568799113372
load_decrease_B39_F020,load_decrease,25,18,34,1,3,4,0.993422297824962,0.993421901286815,1.01581966680266,0.0126930918159114,0,0.706242761715734,1.01230116063239,1.0123006520705,1.04544330547756,0.0182690266091698,0,28.718947537513,59.9999934559826,59.9999929154556,62.4334893546801,1.84580748829699,0.550269491467009,0,28.4353410092805,59.9999938740924,59.9999931528418,62.4354616681451,1.84626407468775,0.126304059630962,0,28.4631462471873,653.081286728971,577.702512564131,653.081399449671,-58.2634344021494,44.6481487675236,5.30703371743557,44.648332965707,-33.6490182798595
load_decrease_B39_F020,load_decrease,26,9,34,1,9,4,1.02020766358892,1.02020741569325,1.04029414529005,0.0128024399113265,0,0.34345087319216,1.01230116063239,1.0123006520705,1.04544330547756,0.0182690266091698,0,28.718947537513,59.9999934559826,59.9999929154556,62.4334893546801,1.84580748829699,0.550269491467009,0,28.4353410092805,59.9999948530335,59.9999937595388,62.4640060138857,1.85172941178694,0.0113054169213066,0,28.5461719050644,653.081286728971,577.702512564131,653.081399449671,-58.2634344021494,44.6481487675236,5.30703371743557,44.648332965707,-33.6490182798595
load_decrease_B39_F020,load_decrease,27,3,4,2,7,4,0.994475020133488,0.99447465088492,1.01542354213145,0.011728792421422,0,0.641564056480867,0.960053104706681,0.96005272883502,0.983194551024686,0.0130478944570245,0,0.727802330127357,59.9999937660327,59.9999930308482,62.4311360931887,1.84502868347895,0.130586944235113,0,28.4150502043275,59.9999944671441,59.9999939609786,62.4671379770143,1.85351186610504,0.0444648734568594,0,28.5461719050644,653.081286728971,577.702512564131,653.081399449671,-58.2634344021494,44.6481487675236,5.30703371743557,44.648332965707,-33.6490182798595
load_decrease_B39_F020,load_decrease,28,22,26,3,5,4,1.0229600920912,1.02295968149004,1.04520266080397,0.0137896639787882,0,0.684683193304112,1.01926696898686,1.0192665756457,1.0399319278806,0.00945031697214405,0,0.598444919657623,59.9999938740924,59.9999931528418,62.4354616681451,1.84626407468775,0.126304059630962,0,28.4631462471873,59.9999949130723,59.9994163311401,62.4962564713504,1.86087009046749,-0.02514322711384,0.0482492305427897,28.6089302372728,653.081286728971,577.702512564131,653.081399449671,-58.2634344021494,44.6481487675236,5.30703371743557,44.648332965707,-33.6490182798595
load_decrease_B39_F020,load_decrease,29,12,15,4,5,4,0.945223588050834,0.945223215958439,0.969272167368306,0.013602668420565,0,1.62330350715622,0.973079105652974,0.973078694472808,0.997048857710866,0.0139578329935566,0,1.57510540228088,59.9999944662808,59.9999937866105,62.4643826876087,1.8533312530171,0.0466396159990352,0,28.5461719050644,59.9999949130723,59.9994163311401,62.4962564713504,1.86087009046749,-0.02514322711384,0.0482492305427897,28.6089302372728,653.081286728971,577.702512564131,653.081399449671,-58.2634344021494,44.6481487675236,5.30703371743557,44.648332965707,-33.6490182798595
load_decrease_B39_F020,load_decrease,30,4,34,5,6,4,0.960053104706681,0.96005272883502,0.983194551024686,0.0130478944570245,0,0.727802330127357,1.01230116063239,1.0123006520705,1.04544330547756,0.0182690266091698,0,28.718947537513,59.9999949130723,59.9994163311401,62.4962564713504,1.86087009046749,-0.02514322711384,0.0482492305427897,28.6089302372728,59.9999943494354,59.9999939661539,62.4668532877345,1.85393636041306,0.0266637396065336,0,28.5461719050644,653.081286728971,577.702512564131,653.081399449671,-58.2634344021494,44.6481487675236,5.30703371743557,44.648332965707,-33.6490182798595
load_decrease_B39_F020,load_decrease,31,26,33,6,7,4,1.01926696898686,1.0192665756457,1.0399319278806,0.00945031697214405,0,0.598444919657623,0.997200971921189,0.99638084228844,1.02087212117099,0.00942515976114411,0,2.93376178988517,59.9999943494354,59.9999939661539,62.4668532877345,1.85393636041306,0.0266637396065336,0,28.5461719050644,59.9999944671441,59.9999939609786,62.4671379770143,1.85351186610504,0.0444648734568594,0,28.5461719050644,653.081286728971,577.702512564131,653.081399449671,-58.2634344021494,44.6481487675236,5.30703371743557,44.648332965707,-33.6490182798595
load_decrease_B39_F020,load_decrease,32,14,30,7,10,4,0.965188010297433,0.965187625896465,0.988779757489912,0.0133498186602968,0,1.57510540228088,1.04990040987001,1.04990017057094,1.06219747529092,0.00293445942489212,0,0,59.9999944671441,59.9999939609786,62.4671379770143,1.85351186610504,0.0444648734568594,0,28.5461719050644,59.9999918043979,59.9999905544695,62.4254996393517,1.82731820744541,1.23154897996218,0,28.4631462471873,653.081286728971,577.702512564131,653.081399449671,-58.2634344021494,44.6481487675236,5.30703371743557,44.648332965707,-33.6490182798595
load_decrease_B39_F020,load_decrease,33,6,33,1,4,5,0.959595788849726,0.959595405388814,0.984939287515915,0.0144215822508768,0,1.66631919251172,0.997200971921189,0.99638084228844,1.02087212117099,0.00942515976114411,0,2.93376178988517,59.9999934559826,59.9999929154556,62.4334893546801,1.84580748829699,0.550269491467009,0,28.4353410092805,59.9999944662808,59.9999937866105,62.4643826876087,1.8533312530171,0.0466396159990352,0,28.5461719050644,517.000719945857,432.033108476914,527.772450079766,-63.849142662267,137.308688158259,134.512201075839,159.053964570013,12.9573848989379
load_decrease_B39_F020,load_decrease,34,33,36,1,9,5,0.997200971921189,0.99638084228844,1.02087212117099,0.00942515976114411,0,2.93376178988517,1.0636010753349,1.06360071622983,1.08000909004569,0.0102261155766077,0,0,59.9999934559826,59.9999929154556,62.4334893546801,1.84580748829699,0.550269491467009,0,28.4353410092805,59.9999948530335,59.9999937595388,62.4640060138857,1.85172941178694,0.0113054169213066,0,28.5461719050644,517.000719945857,432.033108476914,527.772450079766,-63.849142662267,137.308688158259,134.512201075839,159.053964570013,12.9573848989379
load_decrease_B39_F020,load_decrease,35,17,27,2,7,5,0.99507019283339,0.99506978189358,1.01836106122331,0.0132301121506228,0,0.727802330127357,1.0020543707611,1.00205397218291,1.02373941147861,0.011070601430087,0,0.66312362489249,59.9999937660327,59.9999930308482,62.4311360931887,1.84502868347895,0.130586944235113,0,28.4150502043275,59.9999944671441,59.9999939609786,62.4671379770143,1.85351186610504,0.0444648734568594,0,28.5461719050644,517.000719945857,432.033108476914,527.772450079766,-63.849142662267,137.308688158259,134.512201075839,159.053964570013,12.9573848989379
load_decrease_B39_F020,load_decrease,36,8,36,3,6,5,0.954598516570043,0.954598142528851,0.979036100142475,0.0142377207423183,0,1.66631919251172,1.0636010753349,1.06360071622983,1.08000909004569,0.0102261155766077,0,0,59.9999938740924,59.9999931528418,62.4354616681451,1.84626407468775,0.126304059630962,0,28.4631462471873,59.9999943494354,59.9999939661539,62.4668532877345,1.85393636041306,0.0266637396065336,0,28.5461719050644,517.000719945857,432.033108476914,527.772450079766,-63.849142662267,137.308688158259,134.512201075839,159.053964570013,12.9573848989379
load_decrease_B39_F020,load_decrease,37,2,11,4,6,5,1.02001684293784,1.02001650365959,1.03908996925997,0.0110111569854481,0,0,0.96248990465261,0.962489524218583,0.98738623410955,0.0141645659590178,0,1.66631919251172,59.9999944662808,59.9999937866105,62.4643826876087,1.8533312530171,0.0466396159990352,0,28.5461719050644,59.9999943494354,59.9999939661539,62.4668532877345,1.85393636041306,0.0266637396065336,0,28.5461719050644,517.000719945857,432.033108476914,527.772450079766,-63.849142662267,137.308688158259,134.512201075839,159.053964570013,12.9573848989379
load_decrease_B39_F020,load_decrease,38,20,32,5,6,5,0.987464538640993,0.987464063594078,1.01710891397499,0.0159263902946944,0,1.66631919251172,0.984100548431793,0.98410020178925,1.00741087626313,0.0119894588207501,0,1.55100634984321,59.9999949130723,59.9994163311401,62.4962564713504,1.86087009046749,-0.02514322711384,0.0482492305427897,28.6089302372728,59.9999943494354,59.9999939661539,62.4668532877345,1.85393636041306,0.0266637396065336,0,28.5461719050644,517.000719945857,432.033108476914,527.772450079766,-63.849142662267,137.308688158259,134.512201075839,159.053964570013,12.9573848989379
load_decrease_B39_F020,load_decrease,39,11,14,6,8,5,0.96248990465261,0.962489524218583,0.98738623410955,0.0141645659590178,0,1.66631919251172,0.965188010297433,0.965187625896465,0.988779757489912,0.0133498186602968,0,1.57510540228088,59.9999943494354,59.9999939661539,62.4668532877345,1.85393636041306,0.0266637396065336,0,28.5461719050644,59.9999936918416,59.9999929808452,62.432105288845,1.84589506165906,0.199619584074734,0,28.4353410092805,517.000719945857,432.033108476914,527.772450079766,-63.849142662267,137.308688158259,134.512201075839,159.053964570013,12.9573848989379
load_decrease_B39_F020,load_decrease,40,4,6,8,9,5,0.960053104706681,0.96005272883502,0.983194551024686,0.0130478944570245,0,0.727802330127357,0.959595788849726,0.959595405388814,0.984939287515915,0.0144215822508768,0,1.66631919251172,59.9999936918416,59.9999929808452,62.432105288845,1.84589506165906,0.199619584074734,0,28.4353410092805,59.9999948530335,59.9999937595388,62.4640060138857,1.85172941178694,0.0113054169213066,0,28.5461719050644,517.000719945857,432.033108476914,527.772450079766,-63.849142662267,137.308688158259,134.512201075839,159.053964570013,12.9573848989379
load_decrease_B39_F020,load_decrease,41,24,32,1,4,6,0.999264074901395,0.999263645090658,1.02410356534937,0.0150029222863342,0,1.59920445471855,0.984100548431793,0.98410020178925,1.00741087626313,0.0119894588207501,0,1.55100634984321,59.9999934559826,59.9999929154556,62.4334893546801,1.84580748829699,0.550269491467009,0,28.4353410092805,59.9999944662808,59.9999937866105,62.4643826876087,1.8533312530171,0.0466396159990352,0,28.5461719050644,646.129526212919,489.167270090256,646.129856362282,-96.5083738226895,221.895491666939,192.099498456133,221.895634079564,-28.3902928967705
load_decrease_B39_F020,load_decrease,42,13,27,1,10,6,0.964270739573376,0.964270361507435,0.988414803021517,0.013587898947058,0,1.62330350715622,1.0020543707611,1.00205397218291,1.02373941147861,0.011070601430087,0,0.66312362489249,59.9999934559826,59.9999929154556,62.4334893546801,1.84580748829699,0.550269491467009,0,28.4353410092805,59.9999918043979,59.9999905544695,62.4254996393517,1.82731820744541,1.23154897996218,0,28.4631462471873,646.129526212919,489.167270090256,646.129856362282,-96.5083738226895,221.895491666939,192.099498456133,221.895634079564,-28.3902928967705
load_decrease_B39_F020,load_decrease,43,5,38,2,8,6,0.958759400236745,0.958759018711514,0.983671602690808,0.0142202469226418,0,1.66631919251172,1.02650112277428,1.0265006552755,1.05320694370868,0.00921641451102584,0,1.57510540228088,59.9999937660327,59.9999930308482,62.4311360931887,1.84502868347895,0.130586944235113,0,28.4150502043275,59.9999936918416,59.9999929808452,62.432105288845,1.84589506165906,0.199619584074734,0,28.4353410092805,646.129526212919,489.167270090256,646.129856362282,-96.5083738226895,221.895491666939,192.099498456133,221.895634079564,-28.3902928967705
load_decrease_B39_F020,load_decrease,44,29,38,3,6,6,1.02109303516246,1.02109257282773,1.0477536273284,0.0112950707433674,0,1.59920445471855,1.02650112277428,1.0265006552755,1.05320694370868,0.00921641451102584,0,1.57510540228088,59.9999938740924,59.9999931528418,62.4354616681451,1.84626407468775,0.126304059630962,0,28.4631462471873,59.9999943494354,59.9999939661539,62.4668532877345,1.85393636041306,0.0266637396065336,0,28.5461719050644,646.129526212919,489.167270090256,646.129856362282,-96.5083738226895,221.895491666939,192.099498456133,221.895634079564,-28.3902928967705
load_decrease_B39_F020,load_decrease,45,16,20,4,6,6,0.991037366929576,0.991036940258187,1.01576469192304,0.0145590737110004,0,1.59920445471855,0.987464538640993,0.987464063594078,1.01710891397499,0.0159263902946944,0,1.66631919251172,59.9999944662808,59.9999937866105,62.4643826876087,1.8533312530171,0.0466396159990352,0,28.5461719050644,59.9999943494354,59.9999939661539,62.4668532877345,1.85393636041306,0.0266637396065336,0,28.5461719050644,646.129526212919,489.167270090256,646.129856362282,-96.5083738226895,221.895491666939,192.099498456133,221.895634079564,-28.3902928967705
load_decrease_B39_F020,load_decrease,46,7,38,5,7,6,0.953428494064471,0.953428116387122,0.978209028756678,0.0143913741737167,0,1.66631919251172,1.02650112277428,1.0265006552755,1.05320694370868,0.00921641451102584,0,1.57510540228088,59.9999949130723,59.9994163311401,62.4962564713504,1.86087009046749,-0.02514322711384,0.0482492305427897,28.6089302372728,59.9999944671441,59.9999939609786,62.4671379770143,1.85351186610504,0.0444648734568594,0,28.5461719050644,646.129526212919,489.167270090256,646.129856362282,-96.5083738226895,221.895491666939,192.099498456133,221.895634079564,-28.3902928967705
load_decrease_B39_F020,load_decrease,47,1,20,6,9,6,1.02689638912936,1.02689613197341,1.04690356320414,0.0144171523107539,0,0.34345087319216,0.987464538640993,0.987464063594078,1.01710891397499,0.0159263902946944,0,1.66631919251172,59.9999943494354,59.9999939661539,62.4668532877345,1.85393636041306,0.0266637396065336,0,28.5461719050644,59.9999948530335,59.9999937595388,62.4640060138857,1.85172941178694,0.0113054169213066,0,28.5461719050644,646.129526212919,489.167270090256,646.129856362282,-96.5083738226895,221.895491666939,192.099498456133,221.895634079564,-28.3902928967705
load_decrease_B39_F020,load_decrease,48,19,23,8,9,6,0.990604210848697,0.990603758590716,1.01749724217893,0.0138384927664142,0,1.62330350715622,1.02167685351485,1.02167644552061,1.04369083531827,0.0140132490331308,0,0.684683193304112,59.9999936918416,59.9999929808452,62.432105288845,1.84589506165906,0.199619584074734,0,28.4353410092805,59.9999948530335,59.9999937595388,62.4640060138857,1.85172941178694,0.0113054169213066,0,28.5461719050644,646.129526212919,489.167270090256,646.129856362282,-96.5083738226895,221.895491666939,192.099498456133,221.895634079564,-28.3902928967705
load_decrease_B39_F020,load_decrease,49,10,14,1,5,7,0.965720649152829,0.965720272081748,0.990224858407029,0.0138059252594347,0,1.64240976842097,0.965188010297433,0.965187625896465,0.988779757489912,0.0133498186602968,0,1.57510540228088,59.9999934559826,59.9999929154556,62.4334893546801,1.84580748829699,0.550269491467009,0,28.4353410092805,59.9999949130723,59.9994163311401,62.4962564713504,1.86087009046749,-0.02514322711384,0.0482492305427897,28.6089302372728,525.642776165619,430.169823404308,525.643092250139,-80.0035932451787,188.546381008994,155.190953687119,188.546577690938,-22.1531011789554
load_decrease_B39_F020,load_decrease,50,3,13,2,3,7,0.994475020133488,0.99447465088492,1.01542354213145,0.011728792421422,0,0.641564056480867,0.964270739573376,0.964270361507435,0.988414803021517,0.013587898947058,0,1.62330350715622,59.9999937660327,59.9999930308482,62.4311360931887,1.84502868347895,0.130586944235113,0,28.4150502043275,59.9999938740924,59.9999931528418,62.4354616681451,1.84626407468775,0.126304059630962,0,28.4631462471873,525.642776165619,430.169823404308,525.643092250139,-80.0035932451787,188.546381008994,155.190953687119,188.546577690938,-22.1531011789554
load_decrease_B39_F020,load_decrease,51,22,35,2,8,7,1.0229600920912,1.02295968149004,1.04520266080397,0.0137896639787882,0,0.684683193304112,1.04940121508332,1.04940082684498,1.0687853680425,0.0107947433724422,0,0,59.9999937660327,59.9999930308482,62.4311360931887,1.84502868347895,0.130586944235113,0,28.4150502043275,59.9999936918416,59.9999929808452,62.432105288845,1.84589506165906,0.199619584074734,0,28.4353410092805,525.642776165619,430.169823404308,525.643092250139,-80.0035932451787,188.546381008994,155.190953687119,188.546577690938,-22.1531011789554
load_decrease_B39_F020,load_decrease,52,12,25,3,7,7,0.945223588050834,0.945223215958439,0.969272167368306,0.013602668420565,0,1.62330350715622,1.02838004290673,1.0269068124472,1.04015980386653,0.00293409996763128,0,8.0669471034148,59.9999938740924,59.9999931528418,62.4354616681451,1.84626407468775,0.126304059630962,0,28.4631462471873,59.9999944671441,59.9999939609786,62.4671379770143,1.85351186610504,0.0444648734568594,0,28.5461719050644,525.642776165619,430.169823404308,525.643092250139,-80.0035932451787,188.546381008994,155.190953687119,188.546577690938,-22.1531011789554
load_decrease_B39_F020,load_decrease,53,5,9,4,7,7,0.958759400236745,0.958759018711514,0.983671602690808,0.0142202469226418,0,1.66631919251172,1.02020766358892,1.02020741569325,1.04029414529005,0.0128024399113265,0,0.34345087319216,59.9999944662808,59.9999937866105,62.4643826876087,1.8533312530171,0.0466396159990352,0,28.5461719050644,59.9999944671441,59.9999939609786,62.4671379770143,1.85351186610504,0.0444648734568594,0,28.5461719050644,525.642776165619,430.169823404308,525.643092250139,-80.0035932451787,188.546381008994,155.190953687119,188.546577690938,-22.1531011789554
load_decrease_B39_F020,load_decrease,54,27,30,5,7,7,1.0020543707611,1.00205397218291,1.02373941147861,0.011070601430087,0,0.66312362489249,1.04990040987001,1.04990017057094,1.06219747529092,0.00293445942489212,0,0,59.9999949130723,59.9994163311401,62.4962564713504,1.86087009046749,-0.02514322711384,0.0482492305427897,28.6089302372728,59.9999944671441,59.9999939609786,62.4671379770143,1.85351186610504,0.0444648734568594,0,28.5461719050644,525.642776165619,430.169823404308,525.643092250139,-80.0035932451787,188.546381008994,155.190953687119,188.546577690938,-22.1531011789554
load_decrease_B39_F020,load_decrease,55,14,39,6,9,7,0.965188010297433,0.965187625896465,0.988779757489912,0.0133498186602968,0,1.57510540228088,1.03000013409431,1.03000005001758,1.04624805697023,0.013615841509502,0,0,59.9999943494354,59.9999939661539,62.4668532877345,1.85393636041306,0.0266637396065336,0,28.5461719050644,59.9999948530335,59.9999937595388,62.4640060138857,1.85172941178694,0.0113054169213066,0,28.5461719050644,525.642776165619,430.169823404308,525.643092250139,-80.0035932451787,188.546381008994,155.190953687119,188.546577690938,-22.1531011789554
load_decrease_B39_F020,load_decrease,56,7,10,8,10,7,0.953428494064471,0.953428116387122,0.978209028756678,0.0143913741737167,0,1.66631919251172,0.965720649152829,0.965720272081748,0.990224858407029,0.0138059252594347,0,1.64240976842097,59.9999936918416,59.9999929808452,62.432105288845,1.84589506165906,0.199619584074734,0,28.4353410092805,59.9999918043979,59.9999905544695,62.4254996393517,1.82731820744541,1.23154897996218,0,28.4631462471873,525.642776165619,430.169823404308,525.643092250139,-80.0035932451787,188.546381008994,155.190953687119,188.546577690938,-22.1531011789554
load_decrease_B39_F020,load_decrease,57,35,36,1,5,8,1.04940121508332,1.04940082684498,1.0687853680425,0.0107947433724422,0,0,1.0636010753349,1.06360071622983,1.08000909004569,0.0102261155766077,0,0,59.9999934559826,59.9999929154556,62.4334893546801,1.84580748829699,0.550269491467009,0,28.4353410092805,59.9999949130723,59.9994163311401,62.4962564713504,1.86087009046749,-0.02514322711384,0.0482492305427897,28.6089302372728,535.98704469732,471.8647349527,535.987115098243,-57.7786740181792,13.8483715662576,4.25660511296146,27.3243787938567,9.92448964008012
load_decrease_B39_F020,load_decrease,58,17,36,2,3,8,0.99507019283339,0.99506978189358,1.01836106122331,0.0132301121506228,0,0.727802330127357,1.0636010753349,1.06360071622983,1.08000909004569,0.0102261155766077,0,0,59.9999937660327,59.9999930308482,62.4311360931887,1.84502868347895,0.130586944235113,0,28.4150502043275,59.9999938740924,59.9999931528418,62.4354616681451,1.84626407468775,0.126304059630962,0,28.4631462471873,535.98704469732,471.8647349527,535.987115098243,-57.7786740181792,13.8483715662576,4.25660511296146,27.3243787938567,9.92448964008012
load_decrease_B39_F020,load_decrease,59,9,15,2,9,8,1.02020766358892,1.02020741569325,1.04029414529005,0.0128024399113265,0,0.34345087319216,0.973079105652974,0.973078694472808,0.997048857710866,0.0139578329935566,0,1.57510540228088,59.9999937660327,59.9999930308482,62.4311360931887,1.84502868347895,0.130586944235113,0,28.4150502043275,59.9999948530335,59.9999937595388,62.4640060138857,1.85172941178694,0.0113054169213066,0,28.5461719050644,535.98704469732,471.8647349527,535.987115098243,-57.7786740181792,13.8483715662576,4.25660511296146,27.3243787938567,9.92448964008012
load_decrease_B39_F020,load_decrease,60,2,21,3,8,8,1.02001684293784,1.02001650365959,1.03908996925997,0.0110111569854481,0,0,0.997579594018811,0.99757917147838,1.02161528282111,0.0148924024090918,0,1.57510540228088,59.9999938740924,59.9999931528418,62.4354616681451,1.84626407468775,0.126304059630962,0,28.4631462471873,59.9999936918416,59.9999929808452,62.432105288845,1.84589506165906,0.199619584074734,0,28.4353410092805,535.98704469732,471.8647349527,535.987115098243,-57.7786740181792,13.8483715662576,4.25660511296146,27.3243787938567,9.92448964008012
load_decrease_B39_F020,load_decrease,61,21,23,4,7,8,0.997579594018811,0.99757917147838,1.02161528282111,0.0148924024090918,0,1.57510540228088,1.02167685351485,1.02167644552061,1.04369083531827,0.0140132490331308,0,0.684683193304112,59.9999944662808,59.9999937866105,62.4643826876087,1.8533312530171,0.0466396159990352,0,28.5461719050644,59.9999944671441,59.9999939609786,62.4671379770143,1.85351186610504,0.0444648734568594,0,28.5461719050644,535.98704469732,471.8647349527,535.987115098243,-57.7786740181792,13.8483715662576,4.25660511296146,27.3243787938567,9.92448964008012
load_decrease_B39_F020,load_decrease,62,11,23,5,8,8,0.96248990465261,0.962489524218583,0.98738623410955,0.0141645659590178,0,1.66631919251172,1.02167685351485,1.02167644552061,1.04369083531827,0.0140132490331308,0,0.684683193304112,59.9999949130723,59.9994163311401,62.4962564713504,1.86087009046749,-0.02514322711384,0.0482492305427897,28.6089302372728,59.9999936918416,59.9999929808452,62.432105288845,1.84589506165906,0.199619584074734,0,28.4353410092805,535.98704469732,471.8647349527,535.987115098243,-57.7786740181792,13.8483715662576,4.25660511296146,27.3243787938567,9.92448964008012
load_decrease_B39_F020,load_decrease,63,4,15,6,10,8,0.960053104706681,0.96005272883502,0.983194551024686,0.0130478944570245,0,0.727802330127357,0.973079105652974,0.973078694472808,0.997048857710866,0.0139578329935566,0,1.57510540228088,59.9999943494354,59.9999939661539,62.4668532877345,1.85393636041306,0.0266637396065336,0,28.5461719050644,59.9999918043979,59.9999905544695,62.4254996393517,1.82731820744541,1.23154897996218,0,28.4631462471873,535.98704469732,471.8647349527,535.987115098243,-57.7786740181792,13.8483715662576,4.25660511296146,27.3243787938567,9.92448964008012
load_decrease_B39_F020,load_decrease,64,25,27,8,10,8,1.02838004290673,1.0269068124472,1.04015980386653,0.00293409996763128,0,8.0669471034148,1.0020543707611,1.00205397218291,1.02373941147861,0.011070601430087,0,0.66312362489249,59.9999936918416,59.9999929808452,62.432105288845,1.84589506165906,0.199619584074734,0,28.4353410092805,59.9999918043979,59.9999905544695,62.4254996393517,1.82731820744541,1.23154897996218,0,28.4631462471873,535.98704469732,471.8647349527,535.987115098243,-57.7786740181792,13.8483715662576,4.25660511296146,27.3243787938567,9.92448964008012
load_decrease_B39_F020,load_decrease,65,13,36,1,6,9,0.964270739573376,0.964270361507435,0.988414803021517,0.013587898947058,0,1.62330350715622,1.0636010753349,1.06360071622983,1.08000909004569,0.0102261155766077,0,0,59.9999934559826,59.9999929154556,62.4334893546801,1.84580748829699,0.550269491467009,0,28.4353410092805,59.9999943494354,59.9999939661539,62.4668532877345,1.85393636041306,0.0266637396065336,0,28.5461719050644,821.976188999109,663.841038717107,821.976456109469,-96.6999935552465,43.6266753165716,19.3268235434854,43.6266901016509,-20.3614965054946
load_decrease_B39_F020,load_decrease,66,6,14,2,4,9,0.959595788849726,0.959595405388814,0.984939287515915,0.0144215822508768,0,1.66631919251172,0.965188010297433,0.965187625896465,0.988779757489912,0.0133498186602968,0,1.57510540228088,59.9999937660327,59.9999930308482,62.4311360931887,1.84502868347895,0.130586944235113,0,28.4150502043275,59.9999944662808,59.9999937866105,62.4643826876087,1.8533312530171,0.0466396159990352,0,28.5461719050644,821.976188999109,663.841038717107,821.976456109469,-96.6999935552465,43.6266753165716,19.3268235434854,43.6266901016509,-20.3614965054946
load_decrease_B39_F020,load_decrease,67,30,38,2,9,9,1.04990040987001,1.04990017057094,1.06219747529092,0.00293445942489212,0,0,1.02650112277428,1.0265006552755,1.05320694370868,0.00921641451102584,0,1.57510540228088,59.9999937660327,59.9999930308482,62.4311360931887,1.84502868347895,0.130586944235113,0,28.4150502043275,59.9999948530335,59.9999937595388,62.4640060138857,1.85172941178694,0.0113054169213066,0,28.5461719050644,821.976188999109,663.841038717107,821.976456109469,-96.6999935552465,43.6266753165716,19.3268235434854,43.6266901016509,-20.3614965054946
load_decrease_B39_F020,load_decrease,68,16,30,3,8,9,0.991037366929576,0.991036940258187,1.01576469192304,0.0145590737110004,0,1.59920445471855,1.04990040987001,1.04990017057094,1.06219747529092,0.00293445942489212,0,0,59.9999938740924,59.9999931528418,62.4354616681451,1.84626407468775,0.126304059630962,0,28.4631462471873,59.9999936918416,59.9999929808452,62.432105288845,1.84589506165906,0.199619584074734,0,28.4353410092805,821.976188999109,663.841038717107,821.976456109469,-96.6999935552465,43.6266753165716,19.3268235434854,43.6266901016509,-20.3614965054946
load_decrease_B39_F020,load_decrease,69,8,16,4,8,9,0.954598516570043,0.954598142528851,0.979036100142475,0.0142377207423183,0,1.66631919251172,0.991037366929576,0.991036940258187,1.01576469192304,0.0145590737110004,0,1.59920445471855,59.9999944662808,59.9999937866105,62.4643826876087,1.8533312530171,0.0466396159990352,0,28.5461719050644,59.9999936918416,59.9999929808452,62.432105288845,1.84589506165906,0.199619584074734,0,28.4353410092805,821.976188999109,663.841038717107,821.976456109469,-96.6999935552465,43.6266753165716,19.3268235434854,43.6266901016509,-20.3614965054946
load_decrease_B39_F020,load_decrease,70,1,29,5,9,9,1.02689638912936,1.02689613197341,1.04690356320414,0.0144171523107539,0,0.34345087319216,1.02109303516246,1.02109257282773,1.0477536273284,0.0112950707433674,0,1.59920445471855,59.9999949130723,59.9994163311401,62.4962564713504,1.86087009046749,-0.02514322711384,0.0482492305427897,28.6089302372728,59.9999948530335,59.9999937595388,62.4640060138857,1.85172941178694,0.0113054169213066,0,28.5461719050644,821.976188999109,663.841038717107,821.976456109469,-96.6999935552465,43.6266753165716,19.3268235434854,43.6266901016509,-20.3614965054946
load_decrease_B39_F020,load_decrease,71,19,32,6,10,9,0.990604210848697,0.990603758590716,1.01749724217893,0.0138384927664142,0,1.62330350715622,0.984100548431793,0.98410020178925,1.00741087626313,0.0119894588207501,0,1.55100634984321,59.9999943494354,59.9999939661539,62.4668532877345,1.85393636041306,0.0266637396065336,0,28.5461719050644,59.9999918043979,59.9999905544695,62.4254996393517,1.82731820744541,1.23154897996218,0,28.4631462471873,821.976188999109,663.841038717107,821.976456109469,-96.6999935552465,43.6266753165716,19.3268235434854,43.6266901016509,-20.3614965054946
load_decrease_B39_F020,load_decrease,72,10,23,9,10,9,0.965720649152829,0.965720272081748,0.990224858407029,0.0138059252594347,0,1.64240976842097,1.02167685351485,1.02167644552061,1.04369083531827,0.0140132490331308,0,0.684683193304112,59.9999948530335,59.9999937595388,62.4640060138857,1.85172941178694,0.0113054169213066,0,28.5461719050644,59.9999918043979,59.9999905544695,62.4254996393517,1.82731820744541,1.23154897996218,0,28.4631462471873,821.976188999109,663.841038717107,821.976456109469,-96.6999935552465,43.6266753165716,19.3268235434854,43.6266901016509,-20.3614965054946
load_decrease_B39_F020,load_decrease,73,3,22,1,7,10,0.994475020133488,0.99447465088492,1.01542354213145,0.011728792421422,0,0.641564056480867,1.0229600920912,1.02295968149004,1.04520266080397,0.0137896639787882,0,0.684683193304112,59.9999934559826,59.9999929154556,62.4334893546801,1.84580748829699,0.550269491467009,0,28.4353410092805,59.9999944671441,59.9999939609786,62.4671379770143,1.85351186610504,0.0444648734568594,0,28.5461719050644,950.434923998617,125.221049003129,1061.68648954839,-108.6905716418,226.715283095974,-37.0932514418651,226.717022777616,-227.810710637776
load_decrease_B39_F020,load_decrease,74,23,28,2,4,10,1.02167685351485,1.02167644552061,1.04369083531827,0.0140132490331308,0,0.684683193304112,1.01980319076653,1.01980273929526,1.04558200506147,0.0114298494402949,0,1.57510540228088,59.9999937660327,59.9999930308482,62.4311360931887,1.84502868347895,0.130586944235113,0,28.4150502043275,59.9999944662808,59.9999937866105,62.4643826876087,1.8533312530171,0.0466396159990352,0,28.5461719050644,950.434923998617,125.221049003129,1061.68648954839,-108.6905716418,226.715283095974,-37.0932514418651,226.717022777616,-227.810710637776
load_decrease_B39_F020,load_decrease,75,12,34,2,10,10,0.945223588050834,0.945223215958439,0.969272167368306,0.013602668420565,0,1.62330350715622,1.01230116063239,1.0123006520705,1.04544330547756,0.0182690266091698,0,28.718947537513,59.9999937660327,59.9999930308482,62.4311360931887,1.84502868347895,0.130586944235113,0,28.4150502043275,59.9999918043979,59.9999905544695,62.4254996393517,1.82731820744541,1.23154897996218,0,28.4631462471873,950.434923998617,125.221049003129,1061.68648954839,-108.6905716418,226.715283095974,-37.0932514418651,226.717022777616,-227.810710637776
load_decrease_B39_F020,load_decrease,76,5,19,3,9,10,0.958759400236745,0.958759018711514,0.983671602690808,0.0142202469226418,0,1.66631919251172,0.990604210848697,0.990603758590716,1.01749724217893,0.0138384927664142,0,1.62330350715622,59.9999938740924,59.9999931528418,62.4354616681451,1.84626407468775,0.126304059630962,0,28.4631462471873,59.9999948530335,59.9999937595388,62.4640060138857,1.85172941178694,0.0113054169213066,0,28.5461719050644,950.434923998617,125.221049003129,1061.68648954839,-108.6905716418,226.715283095974,-37.0932514418651,226.717022777616,-227.810710637776
load_decrease_B39_F020,load_decrease,77,27,39,4,8,10,1.0020543707611,1.00205397218291,1.02373941147861,0.011070601430087,0,0.66312362489249,1.03000013409431,1.03000005001758,1.04624805697023,0.013615841509502,0,0,59.9999944662808,59.9999937866105,62.4643826876087,1.8533312530171,0.0466396159990352,0,28.5461719050644,59.9999936918416,59.9999929808452,62.432105288845,1.84589506165906,0.199619584074734,0,28.4353410092805,950.434923998617,125.221049003129,1061.68648954839,-108.6905716418,226.715283095974,-37.0932514418651,226.717022777616,-227.810710637776
load_decrease_B39_F020,load_decrease,78,15,24,5,9,10,0.973079105652974,0.973078694472808,0.997048857710866,0.0139578329935566,0,1.57510540228088,0.999264074901395,0.999263645090658,1.02410356534937,0.0150029222863342,0,1.59920445471855,59.9999949130723,59.9994163311401,62.4962564713504,1.86087009046749,-0.02514322711384,0.0482492305427897,28.6089302372728,59.9999948530335,59.9999937595388,62.4640060138857,1.85172941178694,0.0113054169213066,0,28.5461719050644,950.434923998617,125.221049003129,1061.68648954839,-108.6905716418,226.715283095974,-37.0932514418651,226.717022777616,-227.810710637776
load_decrease_B39_F020,load_decrease,79,7,19,7,8,10,0.953428494064471,0.953428116387122,0.978209028756678,0.0143913741737167,0,1.66631919251172,0.990604210848697,0.990603758590716,1.01749724217893,0.0138384927664142,0,1.62330350715622,59.9999944671441,59.9999939609786,62.4671379770143,1.85351186610504,0.0444648734568594,0,28.5461719050644,59.9999936918416,59.9999929808452,62.432105288845,1.84589506165906,0.199619584074734,0,28.4353410092805,950.434923998617,125.221049003129,1061.68648954839,-108.6905716418,226.715283095974,-37.0932514418651,226.717022777616,-227.810710637776
load_decrease_B39_F020,load_decrease,80,38,39,9,10,10,1.02650112277428,1.0265006552755,1.05320694370868,0.00921641451102584,0,1.57510540228088,1.03000013409431,1.03000005001758,1.04624805697023,0.013615841509502,0,0,59.9999948530335,59.9999937595388,62.4640060138857,1.85172941178694,0.0113054169213066,0,28.5461719050644,59.9999918043979,59.9999905544695,62.4254996393517,1.82731820744541,1.23154897996218,0,28.4631462471873,950.434923998617,125.221049003129,1061.68648954839,-108.6905716418,226.715283095974,-37.0932514418651,226.717022777616,-227.810710637776
fault_B04,fault,1,1,2,1,2,1,1.02689638912936,0.827219037475405,1.05360735901531,0.00205532349123461,0.347036394657583,12.3470584890773,1.02001684293784,0.660359065270083,1.06892163319142,0.00243649775867727,0.374562070457542,12.3856561226655,59.9999934559826,59.9027045530351,60.7977678511736,-0.00924229249933006,5.62836973530291,2.74333381753768,23.38175834825,59.9999937660327,59.7309776840601,61.0973683206043,-0.0107163436746092,13.2537937976592,2.95306397998888,24.9439674099613,247.351644502021,-67.8371453244327,374.658820642903,-2.56617283386902,178.513910467193,147.604058072232,745.86857311077,-4.61424366724069
fault_B04,fault,2,18,25,1,7,1,0.993422297824962,0.511340862985915,1.05290493643531,0.00276376404283862,0.49624241194818,13.4603557327697,1.02838004290673,0.707212062277366,1.07268286561153,0.00172926082799751,0.0833401593298941,9.18561824301834,59.9999934559826,59.9027045530351,60.7977678511736,-0.00924229249933006,5.62836973530291,2.74333381753768,23.38175834825,59.9999944671441,59.7197285130944,61.1916006347253,-0.014387701434103,6.49509346375619,1.84071853158101,28.3422379369352,247.351644502021,-67.8371453244327,374.658820642903,-2.56617283386902,178.513910467193,147.604058072232,745.86857311077,-4.61424366724069
fault_B04,fault,3,9,25,2,5,1,1.02020766358892,0.68081920459006,1.05298284829331,0.00198006618479507,0.4245480760492,11.3462699934253,1.02838004290673,0.707212062277366,1.07268286561153,0.00172926082799751,0.0833401593298941,9.18561824301834,59.9999937660327,59.7309776840601,61.0973683206043,-0.0107163436746092,13.2537937976592,2.95306397998888,24.9439674099613,59.9999949130723,59.4288703064906,61.4626934942767,-0.0189459702314849,7.16380006941104,2.85792411244782,28.7698762875137,247.351644502021,-67.8371453244327,374.658820642903,-2.56617283386902,178.513910467193,147.604058072232,745.86857311077,-4.61424366724069
fault_B04,fault,4,2,31,3,4,1,1.02001684293784,0.660359065270083,1.06892163319142,0.00243649775867727,0.374562070457542,12.3856561226655,0.982000570674875,0.438288284304277,1.07440424882467,0.00289071077824665,0.578798457451333,13.4603557327697,59.9999938740924,59.6899703861482,60.9579033837805,-0.0113784892840485,11.5839151783858,2.93648222085377,28.1801873787873,59.9999944662808,59.6651494934929,61.1270141036734,-0.014999297457237,7.61234447849322,2.81252952231208,28.3792289294833,247.351644502021,-67.8371453244327,374.658820642903,-2.56617283386902,178.513910467193,147.604058072232,745.86857311077,-4.61424366724069
fault_B04,fault,5,21,33,3,9,1,0.997579594018811,0.64515552024323,1.06345694339666,0.00275738824799576,0.444039835540866,12.3856561226655,0.997200971921189,0.734780382670688,1.07184529664841,0.00269770138219427,0.264459367257705,12.3856561226655,59.9999938740924,59.6899703861482,60.9579033837805,-0.0113784892840485,11.5839151783858,2.93648222085377,28.1801873787873,59.9999948530335,59.5592102322652,61.2454333097702,-0.0144631287716308,6.61986804082223,2.81252952231208,28.3422379369352,247.351644502021,-67.8371453244327,374.658820642903,-2.56617283386902,178.513910467193,147.604058072232,745.86857311077,-4.61424366724069
fault_B04,fault,6,11,33,4,9,1,0.96248990465261,0.277511097353887,1.03600918352572,0.00283714003240254,0.986451434467253,13.4603557327697,0.997200971921189,0.734780382670688,1.07184529664841,0.00269770138219427,0.264459367257705,12.3856561226655,59.9999944662808,59.6651494934929,61.1270141036734,-0.014999297457237,7.61234447849322,2.81252952231208,28.3792289294833,59.9999948530335,59.5592102322652,61.2454333097702,-0.0144631287716308,6.61986804082223,2.81252952231208,28.3422379369352,247.351644502021,-67.8371453244327,374.658820642903,-2.56617283386902,178.513910467193,147.604058072232,745.86857311077,-4.61424366724069
fault_B04,fault,7,4,25,5,10,1,0.960053104706681,0,1.02579614996652,0.00276206009016933,1.00691703939145,13.4603557327697,1.02838004290673,0.707212062277366,1.07268286561153,0.00172926082799751,0.0833401593298941,9.18561824301834,59.9999949130723,59.4288703064906,61.4626934942767,-0.0189459702314849,7.16380006941104,2.85792411244782,28.7698762875137,59.9999918043979,59.752101841328,61.0954701138687,0.000519848232237052,0.192752937739829,3.33611110597767,28.3422379369352,247.351644502021,-67.8371453244327,374.658820642903,-2.56617283386902,178.513910467193,147.604058072232,745.86857311077,-4.61424366724069
fault_B04,fault,8,25,37,7,8,1,1.02838004290673,0.707212062277366,1.07268286561153,0.00172926082799751,0.0833401593298941,9.18561824301834,1.02750054732654,0.77518184243481,1.07629475333708,0.00147465248552758,0.0833401593298941,8.09282669390137,59.9999944671441,59.7197285130944,61.1916006347253,-0.014387701434103,6.49509346375619,1.84071853158101,28.3422379369352,59.9999936918416,59.917126282184,60.8341734489931,-0.0100580590730743,5.53917921596675,2.70873596515048,24.4351968456372,247.351644502021,-67.8371453244327,374.658820642903,-2.56617283386902,178.513910467193,147.604058072232,745.86857311077,-4.61424366724069
fault_B04,fault,9,14,21,1,2,2,0.965188010297433,0.215197199045666,1.03399532284321,0.0027857628732082,0.903359319613429,13.4603557327697,0.997579594018811,0.64515552024323,1.06345694339666,0.00275738824799576,0.444039835540866,12.3856561226655,59.9999934559826,59.9027045530351,60.7977678511736,-0.00924229249933006,5.62836973530291,2.74333381753768,23.38175834825,59.9999937660327,59.7309776840601,61.0973683206043,-0.0107163436746092,13.2537937976592,2.95306397998888,24.9439674099613,699.11655373899,162.964893282364,840.720171802029,-2.63867572828576,156.180710399892,141.272298208302,382.971437609134,-0.709004694457434
fault_B04,fault,10,6,24,1,8,2,0.959595788849726,0.248707352314164,1.03181154802245,0.0029188195700377,1.10314484050862,13.4603557327697,0.999264074901395,0.601267117078082,1.06624387447611,0.00290099194964699,0.444039835540866,13.4603557327697,59.9999934559826,59.9027045530351,60.7977678511736,-0.00924229249933006,5.62836973530291,2.74333381753768,23.38175834825,59.9999936918416,59.917126282184,60.8341734489931,-0.0100580590730743,5.53917921596675,2.70873596515048,24.4351968456372,699.11655373899,162.964893282364,840.720171802029,-2.63867572828576,156.180710399892,141.272298208302,382.971437609134,-0.709004694457434
fault_B04,fault,11,32,33,2,5,2,0.984100548431793,0.482332234373059,1.06737153703853,0.00244661012647718,0.512504026886193,11.3462699934253,0.997200971921189,0.734780382670688,1.07184529664841,0.00269770138219427,0.264459367257705,12.3856561226655,59.9999937660327,59.7309776840601,61.0973683206043,-0.0107163436746092,13.2537937976592,2.95306397998888,24.9439674099613,59.9999949130723,59.4288703064906,61.4626934942767,-0.0189459702314849,7.16380006941104,2.85792411244782,28.7698762875137,699.11655373899,162.964893282364,840.720171802029,-2.63867572828576,156.180710399892,141.272298208302,382.971437609134,-0.709004694457434
fault_B04,fault,12,17,18,3,4,2,0.99507019283339,0.56008964115869,1.05647019117392,0.00282360020720818,0.466500165332564,13.4603557327697,0.993422297824962,0.511340862985915,1.05290493643531,0.00276376404283862,0.49624241194818,13.4603557327697,59.9999938740924,59.6899703861482,60.9579033837805,-0.0113784892840485,11.5839151783858,2.93648222085377,28.1801873787873,59.9999944662808,59.6651494934929,61.1270141036734,-0.014999297457237,7.61234447849322,2.81252952231208,28.3792289294833,699.11655373899,162.964893282364,840.720171802029,-2.63867572828576,156.180710399892,141.272298208302,382.971437609134,-0.709004694457434
fault_B04,fault,13,8,26,3,10,2,0.954598516570043,0.283454293684627,1.01970287272147,0.00288725844948989,1.4593532440947,13.4603557327697,1.01926696898686,0.697140724005663,1.07269071051359,0.00255070288618842,0.239009956023468,12.3856561226655,59.9999938740924,59.6899703861482,60.9579033837805,-0.0113784892840485,11.5839151783858,2.93648222085377,28.1801873787873,59.9999918043979,59.752101841328,61.0954701138687,0.000519848232237052,0.192752937739829,3.33611110597767,28.3422379369352,699.11655373899,162.964893282364,840.720171802029,-2.63867572828576,156.180710399892,141.272298208302,382.971437609134,-0.709004694457434
fault_B04,fault,14,1,39,4,10,2,1.02689638912936,0.827219037475405,1.05360735901531,0.00205532349123461,0.347036394657583,12.3470584890773,1.03000013409431,0.942869329488733,1.03892710430891,0.000668205625236284,0,4.87743697886931,59.9999944662808,59.6651494934929,61.1270141036734,-0.014999297457237,7.61234447849322,2.81252952231208,28.3792289294833,59.9999918043979,59.752101841328,61.0954701138687,0.000519848232237052,0.192752937739829,3.33611110597767,28.3422379369352,699.11655373899,162.964893282364,840.720171802029,-2.63867572828576,156.180710399892,141.272298208302,382.971437609134,-0.709004694457434
fault_B04,fault,15,20,23,5,10,2,0.987464538640993,0.715928404685805,1.06625998501335,0.00332959492903084,0.610692521453863,14.522637412656,1.02167685351485,0.727459676341169,1.0865235679461,0.00248146509611757,0.0833401593298941,12.3470584890773,59.9999949130723,59.4288703064906,61.4626934942767,-0.0189459702314849,7.16380006941104,2.85792411244782,28.7698762875137,59.9999918043979,59.752101841328,61.0954701138687,0.000519848232237052,0.192752937739829,3.33611110597767,28.3422379369352,699.11655373899,162.964893282364,840.720171802029,-2.63867572828576,156.180710399892,141.272298208302,382.971437609134,-0.709004694457434
fault_B04,fault,16,10,33,7,9,2,0.965720649152829,0.2940134423839,1.03989342702121,0.00277759979528647,0.872058570750364,13.4603557327697,0.997200971921189,0.734780382670688,1.07184529664841,0.00269770138219427,0.264459367257705,12.3856561226655,59.9999944671441,59.7197285130944,61.1916006347253,-0.014387701434103,6.49509346375619,1.84071853158101,28.3422379369352,59.9999948530335,59.5592102322652,61.2454333097702,-0.0144631287716308,6.61986804082223,2.81252952231208,28.3422379369352,699.11655373899,162.964893282364,840.720171802029,-2.63867572828576,156.180710399892,141.272298208302,382.971437609134,-0.709004694457434
fault_B04,fault,17,3,32,1,3,3,0.994475020133488,0.435752132827095,1.05106562164385,0.00262544323639557,0.49624241194818,13.4087487017396,0.984100548431793,0.482332234373059,1.06737153703853,0.00244661012647718,0.512504026886193,11.3462699934253,59.9999934559826,59.9027045530351,60.7977678511736,-0.00924229249933006,5.62836973530291,2.74333381753768,23.38175834825,59.9999938740924,59.6899703861482,60.9579033837805,-0.0113784892840485,11.5839151783858,2.93648222085377,28.1801873787873,672.46804441793,118.466573044552,813.466567907801,-2.53417383348631,138.262054035867,126.732077732903,487.900348263635,-2.02508821397942
fault_B04,fault,18,23,38,1,8,3,1.02167685351485,0.727459676341169,1.0865235679461,0.00248146509611757,0.0833401593298941,12.3470584890773,1.02650112277428,0.870362953968508,1.10311104617543,0.00281074979086537,0.0833401593298941,12.3856561226655,59.9999934559826,59.9027045530351,60.7977678511736,-0.00924229249933006,5.62836973530291,2.74333381753768,23.38175834825,59.9999936918416,59.917126282184,60.8341734489931,-0.0100580590730743,5.53917921596675,2.70873596515048,24.4351968456372,672.46804441793,118.466573044552,813.466567907801,-2.53417383348631,138.262054035867,126.732077732903,487.900348263635,-2.02508821397942
fault_B04,fault,19,13,18,2,6,3,0.964270739573376,0.270199870278552,1.03676751110413,0.00277027356513759,0.91013049013063,13.4603557327697,0.993422297824962,0.511340862985915,1.05290493643531,0.00276376404283862,0.49624241194818,13.4603557327697,59.9999937660327,59.7309776840601,61.0973683206043,-0.0107163436746092,13.2537937976592,2.95306397998888,24.9439674099613,59.9999943494354,59.7671088235176,61.0958970270579,-0.0143294957442208,8.05977854752336,2.91990046171866,28.3422379369352,672.46804441793,118.466573044552,813.466567907801,-2.53417383348631,138.262054035867,126.732077732903,487.900348263635,-2.02508821397942
fault_B04,fault,20,5,29,3,5,3,0.958759400236745,0.218071065159511,1.02903525571287,0.00289789863515622,1.13197342213427,13.4603557327697,1.02109303516246,0.811430723988503,1.09061020108457,0.00290872179979229,0.0833401593298941,12.4242537562536,59.9999938740924,59.6899703861482,60.9579033837805,-0.0113784892840485,11.5839151783858,2.93648222085377,28.1801873787873,59.9999949130723,59.4288703064906,61.4626934942767,-0.0189459702314849,7.16380006941104,2.85792411244782,28.7698762875137,672.46804441793,118.466573044552,813.466567907801,-2.53417383348631,138.262054035867,126.732077732903,487.900348263635,-2.02508821397942
fault_B04,fault,21,28,38,3,10,3,1.01980319076653,0.78333341984922,1.08621159317302,0.00287578408359335,0.0833401593298941,12.4242537562536,1.02650112277428,0.870362953968508,1.10311104617543,0.00281074979086537,0.0833401593298941,12.3856561226655,59.9999938740924,59.6899703861482,60.9579033837805,-0.0113784892840485,11.5839151783858,2.93648222085377,28.1801873787873,59.9999918043979,59.752101841328,61.0954701138687,0.000519848232237052,0.192752937739829,3.33611110597767,28.3422379369352,672.46804441793,118.466573044552,813.466567907801,-2.53417383348631,138.262054035867,126.732077732903,487.900348263635,-2.02508821397942
fault_B04,fault,22,15,34,4,10,3,0.973079105652974,0.462820292828493,1.03911650765373,0.002860373318746,0.865807182299337,13.4603557327697,1.01230116063239,0.776659736246162,1.09825887336978,0.00363850547801814,0.268826939611361,15.5631382031147,59.9999944662808,59.6651494934929,61.1270141036734,-0.014999297457237,7.61234447849322,2.81252952231208,28.3792289294833,59.9999918043979,59.752101841328,61.0954701138687,0.000519848232237052,0.192752937739829,3.33611110597767,28.3422379369352,672.46804441793,118.466573044552,813.466567907801,-2.53417383348631,138.262054035867,126.732077732903,487.900348263635,-2.02508821397942
fault_B04,fault,23,7,29,6,7,3,0.953428494064471,0.269711299992802,1.02083788205283,0.00290497998906991,1.43851265667608,13.4603557327697,1.02109303516246,0.811430723988503,1.09061020108457,0.00290872179979229,0.0833401593298941,12.4242537562536,59.9999943494354,59.7671088235176,61.0958970270579,-0.0143294957442208,8.05977854752336,2.91990046171866,28.3422379369352,59.9999944671441,59.7197285130944,61.1916006347253,-0.014387701434103,6.49509346375619,1.84071853158101,28.3422379369352,672.46804441793,118.466573044552,813.466567907801,-2.53417383348631,138.262054035867,126.732077732903,487.900348263635,-2.02508821397942
fault_B04,fault,24,1,11,7,10,3,1.02689638912936,0.827219037475405,1.05360735901531,0.00205532349123461,0.347036394657583,12.3470584890773,0.96248990465261,0.277511097353887,1.03600918352572,0.00283714003240254,0.986451434467253,13.4603557327697,59.9999944671441,59.7197285130944,61.1916006347253,-0.014387701434103,6.49509346375619,1.84071853158101,28.3422379369352,59.9999918043979,59.752101841328,61.0954701138687,0.000519848232237052,0.192752937739829,3.33611110597767,28.3422379369352,672.46804441793,118.466573044552,813.466567907801,-2.53417383348631,138.262054035867,126.732077732903,487.900348263635,-2.02508821397942
fault_B04,fault,25,18,34,1,3,4,0.993422297824962,0.511340862985915,1.05290493643531,0.00276376404283862,0.49624241194818,13.4603557327697,1.01230116063239,0.776659736246162,1.09825887336978,0.00363850547801814,0.268826939611361,15.5631382031147,59.9999934559826,59.9027045530351,60.7977678511736,-0.00924229249933006,5.62836973530291,2.74333381753768,23.38175834825,59.9999938740924,59.6899703861482,60.9579033837805,-0.0113784892840485,11.5839151783858,2.93648222085377,28.1801873787873,653.081286728971,343.819322154023,780.859874652842,-4.46094096211766,44.6481487675236,10.9189376037279,255.306401419124,-2.90788132446188
fault_B04,fault,26,9,34,1,9,4,1.02020766358892,0.68081920459006,1.05298284829331,0.00198006618479507,0.4245480760492,11.3462699934253,1.01230116063239,0.776659736246162,1.09825887336978,0.00363850547801814,0.268826939611361,15.5631382031147,59.9999934559826,59.9027045530351,60.7977678511736,-0.00924229249933006,5.62836973530291,2.74333381753768,23.38175834825,59.9999948530335,59.5592102322652,61.2454333097702,-0.0144631287716308,6.61986804082223,2.81252952231208,28.3422379369352,653.081286728971,343.819322154023,780.859874652842,-4.46094096211766,44.6481487675236,10.9189376037279,255.306401419124,-2.90788132446188
fault_B04,fault,27,3,4,2,7,4,0.994475020133488,0.435752132827095,1.05106562164385,0.00262544323639557,0.49624241194818,13.4087487017396,0.960053104706681,0,1.02579614996652,0.00276206009016933,1.00691703939145,13.4603557327697,59.9999937660327,59.7309776840601,61.0973683206043,-0.0107163436746092,13.2537937976592,2.95306397998888,24.9439674099613,59.9999944671441,59.7197285130944,61.1916006347253,-0.014387701434103,6.49509346375619,1.84071853158101,28.3422379369352,653.081286728971,343.819322154023,780.859874652842,-4.46094096211766,44.6481487675236,10.9189376037279,255.306401419124,-2.90788132446188
fault_B04,fault,28,22,26,3,5,4,1.0229600920912,0.727420886682554,1.08752516177937,0.00250698765935997,0.0833401593298941,12.3856561226655,1.01926696898686,0.697140724005663,1.07269071051359,0.00255070288618842,0.239009956023468,12.3856561226655,59.9999938740924,59.6899703861482,60.9579033837805,-0.0113784892840485,11.5839151783858,2.93648222085377,28.1801873787873,59.9999949130723,59.4288703064906,61.4626934942767,-0.0189459702314849,7.16380006941104,2.85792411244782,28.7698762875137,653.081286728971,343.819322154023,780.859874652842,-4.46094096211766,44.6481487675236,10.9189376037279,255.306401419124,-2.90788132446188
fault_B04,fault,29,12,15,4,5,4,0.945223588050834,0.268690766533611,1.01685357541426,0.00275075102478561,1.44833393833638,13.4603557327697,0.973079105652974,0.462820292828493,1.03911650765373,0.002860373318746,0.865807182299337,13.4603557327697,59.9999944662808,59.6651494934929,61.1270141036734,-0.014999297457237,7.61234447849322,2.81252952231208,28.3792289294833,59.9999949130723,59.4288703064906,61.4626934942767,-0.0189459702314849,7.16380006941104,2.85792411244782,28.7698762875137,653.081286728971,343.819322154023,780.859874652842,-4.46094096211766,44.6481487675236,10.9189376037279,255.306401419124,-2.90788132446188
fault_B04,fault,30,4,34,5,6,4,0.960053104706681,0,1.02579614996652,0.00276206009016933,1.00691703939145,13.4603557327697,1.01230116063239,0.776659736246162,1.09825887336978,0.00363850547801814,0.268826939611361,15.5631382031147,59.9999949130723,59.4288703064906,61.4626934942767,-0.0189459702314849,7.16380006941104,2.85792411244782,28.7698762875137,59.9999943494354,59.7671088235176,61.0958970270579,-0.0143294957442208,8.05977854752336,2.91990046171866,28.3422379369352,653.081286728971,343.819322154023,780.859874652842,-4.46094096211766,44.6481487675236,10.9189376037279,255.306401419124,-2.90788132446188
fault_B04,fault,31,26,33,6,7,4,1.01926696898686,0.697140724005663,1.07269071051359,0.00255070288618842,0.239009956023468,12.3856561226655,0.997200971921189,0.734780382670688,1.07184529664841,0.00269770138219427,0.264459367257705,12.3856561226655,59.9999943494354,59.7671088235176,61.0958970270579,-0.0143294957442208,8.05977854752336,2.91990046171866,28.3422379369352,59.9999944671441,59.7197285130944,61.1916006347253,-0.014387701434103,6.49509346375619,1.84071853158101,28.3422379369352,653.081286728971,343.819322154023,780.859874652842,-4.46094096211766,44.6481487675236,10.9189376037279,255.306401419124,-2.90788132446188
fault_B04,fault,32,14,30,7,10,4,0.965188010297433,0.215197199045666,1.03399532284321,0.0027857628732082,0.903359319613429,13.4603557327697,1.04990040987001,0.821995725903908,1.09321997487107,0.00161809128482271,0.0833401593298941,8.09282669390137,59.9999944671441,59.7197285130944,61.1916006347253,-0.014387701434103,6.49509346375619,1.84071853158101,28.3422379369352,59.9999918043979,59.752101841328,61.0954701138687,0.000519848232237052,0.192752937739829,3.33611110597767,28.3422379369352,653.081286728971,343.819322154023,780.859874652842,-4.46094096211766,44.6481487675236,10.9189376037279,255.306401419124,-2.90788132446188
fault_B04,fault,33,6,33,1,4,5,0.959595788849726,0.248707352314164,1.03181154802245,0.0029188195700377,1.10314484050862,13.4603557327697,0.997200971921189,0.734780382670688,1.07184529664841,0.00269770138219427,0.264459367257705,12.3856561226655,59.9999934559826,59.9027045530351,60.7977678511736,-0.00924229249933006,5.62836973530291,2.74333381753768,23.38175834825,59.9999944662808,59.6651494934929,61.1270141036734,-0.014999297457237,7.61234447849322,2.81252952231208,28.3792289294833,517.000719945857,266.51725345143,675.554035376788,-5.75692163205014,137.308688158259,93.1461980470219,281.972618869693,1.83810955183424
fault_B04,fault,34,33,36,1,9,5,0.997200971921189,0.734780382670688,1.07184529664841,0.00269770138219427,0.264459367257705,12.3856561226655,1.0636010753349,0.844135366190942,1.12563193286188,0.0018427468996054,0.0833401593298941,9.15729215271867,59.9999934559826,59.9027045530351,60.7977678511736,-0.00924229249933006,5.62836973530291,2.74333381753768,23.38175834825,59.9999948530335,59.5592102322652,61.2454333097702,-0.0144631287716308,6.61986804082223,2.81252952231208,28.3422379369352,517.000719945857,266.51725345143,675.554035376788,-5.75692163205014,137.308688158259,93.1461980470219,281.972618869693,1.83810955183424
fault_B04,fault,35,17,27,2,7,5,0.99507019283339,0.56008964115869,1.05647019117392,0.00282360020720818,0.466500165332564,13.4603557327697,1.0020543707611,0.630354937380073,1.05813440514473,0.00265372500526118,0.444039835540866,12.3856561226655,59.9999937660327,59.7309776840601,61.0973683206043,-0.0107163436746092,13.2537937976592,2.95306397998888,24.9439674099613,59.9999944671441,59.7197285130944,61.1916006347253,-0.014387701434103,6.49509346375619,1.84071853158101,28.3422379369352,517.000719945857,266.51725345143,675.554035376788,-5.75692163205014,137.308688158259,93.1461980470219,281.972618869693,1.83810955183424
fault_B04,fault,36,8,36,3,6,5,0.954598516570043,0.283454293684627,1.01970287272147,0.00288725844948989,1.4593532440947,13.4603557327697,1.0636010753349,0.844135366190942,1.12563193286188,0.0018427468996054,0.0833401593298941,9.15729215271867,59.9999938740924,59.6899703861482,60.9579033837805,-0.0113784892840485,11.5839151783858,2.93648222085377,28.1801873787873,59.9999943494354,59.7671088235176,61.0958970270579,-0.0143294957442208,8.05977854752336,2.91990046171866,28.3422379369352,517.000719945857,266.51725345143,675.554035376788,-5.75692163205014,137.308688158259,93.1461980470219,281.972618869693,1.83810955183424
fault_B04,fault,37,2,11,4,6,5,1.02001684293784,0.660359065270083,1.06892163319142,0.00243649775867727,0.374562070457542,12.3856561226655,0.96248990465261,0.277511097353887,1.03600918352572,0.00283714003240254,0.986451434467253,13.4603557327697,59.9999944662808,59.6651494934929,61.1270141036734,-0.014999297457237,7.61234447849322,2.81252952231208,28.3792289294833,59.9999943494354,59.7671088235176,61.0958970270579,-0.0143294957442208,8.05977854752336,2.91990046171866,28.3422379369352,517.000719945857,266.51725345143,675.554035376788,-5.75692163205014,137.308688158259,93.1461980470219,281.972618869693,1.83810955183424
fault_B04,fault,38,20,32,5,6,5,0.987464538640993,0.715928404685805,1.06625998501335,0.00332959492903084,0.610692521453863,14.522637412656,0.984100548431793,0.482332234373059,1.06737153703853,0.00244661012647718,0.512504026886193,11.3462699934253,59.9999949130723,59.4288703064906,61.4626934942767,-0.0189459702314849,7.16380006941104,2.85792411244782,28.7698762875137,59.9999943494354,59.7671088235176,61.0958970270579,-0.0143294957442208,8.05977854752336,2.91990046171866,28.3422379369352,517.000719945857,266.51725345143,675.554035376788,-5.75692163205014,137.308688158259,93.1461980470219,281.972618869693,1.83810955183424
fault_B04,fault,39,11,14,6,8,5,0.96248990465261,0.277511097353887,1.03600918352572,0.00283714003240254,0.986451434467253,13.4603557327697,0.965188010297433,0.215197199045666,1.03399532284321,0.0027857628732082,0.903359319613429,13.4603557327697,59.9999943494354,59.7671088235176,61.0958970270579,-0.0143294957442208,8.05977854752336,2.91990046171866,28.3422379369352,59.9999936918416,59.917126282184,60.8341734489931,-0.0100580590730743,5.53917921596675,2.70873596515048,24.4351968456372,517.000719945857,266.51725345143,675.554035376788,-5.75692163205014,137.308688158259,93.1461980470219,281.972618869693,1.83810955183424
fault_B04,fault,40,4,6,8,9,5,0.960053104706681,0,1.02579614996652,0.00276206009016933,1.00691703939145,13.4603557327697,0.959595788849726,0.248707352314164,1.03181154802245,0.0029188195700377,1.10314484050862,13.4603557327697,59.9999936918416,59.917126282184,60.8341734489931,-0.0100580590730743,5.53917921596675,2.70873596515048,24.4351968456372,59.9999948530335,59.5592102322652,61.2454333097702,-0.0144631287716308,6.61986804082223,2.81252952231208,28.3422379369352,517.000719945857,266.51725345143,675.554035376788,-5.75692163205014,137.308688158259,93.1461980470219,281.972618869693,1.83810955183424
fault_B04,fault,41,24,32,1,4,6,0.999264074901395,0.601267117078082,1.06624387447611,0.00290099194964699,0.444039835540866,13.4603557327697,0.984100548431793,0.482332234373059,1.06737153703853,0.00244661012647718,0.512504026886193,11.3462699934253,59.9999934559826,59.9027045530351,60.7977678511736,-0.00924229249933006,5.62836973530291,2.74333381753768,23.38175834825,59.9999944662808,59.6651494934929,61.1270141036734,-0.014999297457237,7.61234447849322,2.81252952231208,28.3792289294833,646.129526212919,267.545506443168,782.547993048575,-4.61347208720395,221.895491666939,196.84735892576,506.278513098798,-2.62799405349895
fault_B04,fault,42,13,27,1,10,6,0.964270739573376,0.270199870278552,1.03676751110413,0.00277027356513759,0.91013049013063,13.4603557327697,1.0020543707611,0.630354937380073,1.05813440514473,0.00265372500526118,0.444039835540866,12.3856561226655,59.9999934559826,59.9027045530351,60.7977678511736,-0.00924229249933006,5.62836973530291,2.74333381753768,23.38175834825,59.9999918043979,59.752101841328,61.0954701138687,0.000519848232237052,0.192752937739829,3.33611110597767,28.3422379369352,646.129526212919,267.545506443168,782.547993048575,-4.61347208720395,221.895491666939,196.84735892576,506.278513098798,-2.62799405349895
fault_B04,fault,43,5,38,2,8,6,0.958759400236745,0.218071065159511,1.02903525571287,0.00289789863515622,1.13197342213427,13.4603557327697,1.02650112277428,0.870362953968508,1.10311104617543,0.00281074979086537,0.0833401593298941,12.3856561226655,59.9999937660327,59.7309776840601,61.0973683206043,-0.0107163436746092,13.2537937976592,2.95306397998888,24.9439674099613,59.9999936918416,59.917126282184,60.8341734489931,-0.0100580590730743,5.53917921596675,2.70873596515048,24.4351968456372,646.129526212919,267.545506443168,782.547993048575,-4.61347208720395,221.895491666939,196.84735892576,506.278513098798,-2.62799405349895
fault_B04,fault,44,29,38,3,6,6,1.02109303516246,0.811430723988503,1.09061020108457,0.00290872179979229,0.0833401593298941,12.4242537562536,1.02650112277428,0.870362953968508,1.10311104617543,0.00281074979086537,0.0833401593298941,12.3856561226655,59.9999938740924,59.6899703861482,60.9579033837805,-0.0113784892840485,11.5839151783858,2.93648222085377,28.1801873787873,59.9999943494354,59.7671088235176,61.0958970270579,-0.0143294957442208,8.05977854752336,2.91990046171866,28.3422379369352,646.129526212919,267.545506443168,782.547993048575,-4.61347208720395,221.895491666939,196.84735892576,506.278513098798,-2.62799405349895
fault_B04,fault,45,16,20,4,6,6,0.991037366929576,0.577478187789937,1.05747051666658,0.00291520254369149,0.598620417896936,13.4603557327697,0.987464538640993,0.715928404685805,1.06625998501335,0.00332959492903084,0.610692521453863,14.522637412656,59.9999944662808,59.6651494934929,61.1270141036734,-0.014999297457237,7.61234447849322,2.81252952231208,28.3792289294833,59.9999943494354,59.7671088235176,61.0958970270579,-0.0143294957442208,8.05977854752336,2.91990046171866,28.3422379369352,646.129526212919,267.545506443168,782.547993048575,-4.61347208720395,221.895491666939,196.84735892576,506.278513098798,-2.62799405349895
fault_B04,fault,46,7,38,5,7,6,0.953428494064471,0.269711299992802,1.02083788205283,0.00290497998906991,1.43851265667608,13.4603557327697,1.02650112277428,0.870362953968508,1.10311104617543,0.00281074979086537,0.0833401593298941,12.3856561226655,59.9999949130723,59.4288703064906,61.4626934942767,-0.0189459702314849,7.16380006941104,2.85792411244782,28.7698762875137,59.9999944671441,59.7197285130944,61.1916006347253,-0.014387701434103,6.49509346375619,1.84071853158101,28.3422379369352,646.129526212919,267.545506443168,782.547993048575,-4.61347208720395,221.895491666939,196.84735892576,506.278513098798,-2.62799405349895
fault_B04,fault,47,1,20,6,9,6,1.02689638912936,0.827219037475405,1.05360735901531,0.00205532349123461,0.347036394657583,12.3470584890773,0.987464538640993,0.715928404685805,1.06625998501335,0.00332959492903084,0.610692521453863,14.522637412656,59.9999943494354,59.7671088235176,61.0958970270579,-0.0143294957442208,8.05977854752336,2.91990046171866,28.3422379369352,59.9999948530335,59.5592102322652,61.2454333097702,-0.0144631287716308,6.61986804082223,2.81252952231208,28.3422379369352,646.129526212919,267.545506443168,782.547993048575,-4.61347208720395,221.895491666939,196.84735892576,506.278513098798,-2.62799405349895
fault_B04,fault,48,19,23,8,9,6,0.990604210848697,0.685163508165451,1.06501341895896,0.00307736951907556,0.547764744770412,13.4603557327697,1.02167685351485,0.727459676341169,1.0865235679461,0.00248146509611757,0.0833401593298941,12.3470584890773,59.9999936918416,59.917126282184,60.8341734489931,-0.0100580590730743,5.53917921596675,2.70873596515048,24.4351968456372,59.9999948530335,59.5592102322652,61.2454333097702,-0.0144631287716308,6.61986804082223,2.81252952231208,28.3422379369352,646.129526212919,267.545506443168,782.547993048575,-4.61347208720395,221.895491666939,196.84735892576,506.278513098798,-2.62799405349895
fault_B04,fault,49,10,14,1,5,7,0.965720649152829,0.2940134423839,1.03989342702121,0.00277759979528647,0.872058570750364,13.4603557327697,0.965188010297433,0.215197199045666,1.03399532284321,0.0027857628732082,0.903359319613429,13.4603557327697,59.9999934559826,59.9027045530351,60.7977678511736,-0.00924229249933006,5.62836973530291,2.74333381753768,23.38175834825,59.9999949130723,59.4288703064906,61.4626934942767,-0.0189459702314849,7.16380006941104,2.85792411244782,28.7698762875137,525.642776165619,263.528752651208,633.05645840036,-3.81960949822098,188.546381008994,137.928376911908,371.892052700098,-2.78440580664991
fault_B04,fault,50,3,13,2,3,7,0.994475020133488,0.435752132827095,1.05106562164385,0.00262544323639557,0.49624241194818,13.4087487017396,0.964270739573376,0.270199870278552,1.03676751110413,0.00277027356513759,0.91013049013063,13.4603557327697,59.9999937660327,59.7309776840601,61.0973683206043,-0.0107163436746092,13.2537937976592,2.95306397998888,24.9439674099613,59.9999938740924,59.6899703861482,60.9579033837805,-0.0113784892840485,11.5839151783858,2.93648222085377,28.1801873787873,525.642776165619,263.528752651208,633.05645840036,-3.81960949822098,188.546381008994,137.928376911908,371.892052700098,-2.78440580664991
fault_B04,fault,51,22,35,2,8,7,1.0229600920912,0.727420886682554,1.08752516177937,0.00250698765935997,0.0833401593298941,12.3856561226655,1.04940121508332,0.809624089300392,1.11038404250323,0.0021659643472236,0.0833401593298941,11.2543234635772,59.9999937660327,59.7309776840601,61.0973683206043,-0.0107163436746092,13.2537937976592,2.95306397998888,24.9439674099613,59.9999936918416,59.917126282184,60.8341734489931,-0.0100580590730743,5.53917921596675,2.70873596515048,24.4351968456372,525.642776165619,263.528752651208,633.05645840036,-3.81960949822098,188.546381008994,137.928376911908,371.892052700098,-2.78440580664991
fault_B04,fault,52,12,25,3,7,7,0.945223588050834,0.268690766533611,1.01685357541426,0.00275075102478561,1.44833393833638,13.4603557327697,1.02838004290673,0.707212062277366,1.07268286561153,0.00172926082799751,0.0833401593298941,9.18561824301834,59.9999938740924,59.6899703861482,60.9579033837805,-0.0113784892840485,11.5839151783858,2.93648222085377,28.1801873787873,59.9999944671441,59.7197285130944,61.1916006347253,-0.014387701434103,6.49509346375619,1.84071853158101,28.3422379369352,525.642776165619,263.528752651208,633.05645840036,-3.81960949822098,188.546381008994,137.928376911908,371.892052700098,-2.78440580664991
fault_B04,fault,53,5,9,4,7,7,0.958759400236745,0.218071065159511,1.02903525571287,0.00289789863515622,1.13197342213427,13.4603557327697,1.02020766358892,0.68081920459006,1.05298284829331,0.00198006618479507,0.4245480760492,11.3462699934253,59.9999944662808,59.6651494934929,61.1270141036734,-0.014999297457237,7.61234447849322,2.81252952231208,28.3792289294833,59.9999944671441,59.7197285130944,61.1916006347253,-0.014387701434103,6.49509346375619,1.84071853158101,28.3422379369352,525.642776165619,263.528752651208,633.05645840036,-3.81960949822098,188.546381008994,137.928376911908,371.892052700098,-2.78440580664991
fault_B04,fault,54,27,30,5,7,7,1.0020543707611,0.630354937380073,1.05813440514473,0.00265372500526118,0.444039835540866,12.3856561226655,1.04990040987001,0.821995725903908,1.09321997487107,0.00161809128482271,0.0833401593298941,8.09282669390137,59.9999949130723,59.4288703064906,61.4626934942767,-0.0189459702314849,7.16380006941104,2.85792411244782,28.7698762875137,59.9999944671441,59.7197285130944,61.1916006347253,-0.014387701434103,6.49509346375619,1.84071853158101,28.3422379369352,525.642776165619,263.528752651208,633.05645840036,-3.81960949822098,188.546381008994,137.928376911908,371.892052700098,-2.78440580664991
fault_B04,fault,55,14,39,6,9,7,0.965188010297433,0.215197199045666,1.03399532284321,0.0027857628732082,0.903359319613429,13.4603557327697,1.03000013409431,0.942869329488733,1.03892710430891,0.000668205625236284,0,4.87743697886931,59.9999943494354,59.7671088235176,61.0958970270579,-0.0143294957442208,8.05977854752336,2.91990046171866,28.3422379369352,59.9999948530335,59.5592102322652,61.2454333097702,-0.0144631287716308,6.61986804082223,2.81252952231208,28.3422379369352,525.642776165619,263.528752651208,633.05645840036,-3.81960949822098,188.546381008994,137.928376911908,371.892052700098,-2.78440580664991
fault_B04,fault,56,7,10,8,10,7,0.953428494064471,0.269711299992802,1.02083788205283,0.00290497998906991,1.43851265667608,13.4603557327697,0.965720649152829,0.2940134423839,1.03989342702121,0.00277759979528647,0.872058570750364,13.4603557327697,59.9999936918416,59.917126282184,60.8341734489931,-0.0100580590730743,5.53917921596675,2.70873596515048,24.4351968456372,59.9999918043979,59.752101841328,61.0954701138687,0.000519848232237052,0.192752937739829,3.33611110597767,28.3422379369352,525.642776165619,263.528752651208,633.05645840036,-3.81960949822098,188.546381008994,137.928376911908,371.892052700098,-2.78440580664991
fault_B04,fault,57,35,36,1,5,8,1.04940121508332,0.809624089300392,1.11038404250323,0.0021659643472236,0.0833401593298941,11.2543234635772,1.0636010753349,0.844135366190942,1.12563193286188,0.0018427468996054,0.0833401593298941,9.15729215271867,59.9999934559826,59.9027045530351,60.7977678511736,-0.00924229249933006,5.62836973530291,2.74333381753768,23.38175834825,59.9999949130723,59.4288703064906,61.4626934942767,-0.0189459702314849,7.16380006941104,2.85792411244782,28.7698762875137,535.98704469732,325.821460234173,638.579862771559,-1.88857308681531,13.8483715662576,-5.3485879767815,272.123214806135,-1.40306893680869
fault_B04,fault,58,17,36,2,3,8,0.99507019283339,0.56008964115869,1.05647019117392,0.00282360020720818,0.466500165332564,13.4603557327697,1.0636010753349,0.844135366190942,1.12563193286188,0.0018427468996054,0.0833401593298941,9.15729215271867,59.9999937660327,59.7309776840601,61.0973683206043,-0.0107163436746092,13.2537937976592,2.95306397998888,24.9439674099613,59.9999938740924,59.6899703861482,60.9579033837805,-0.0113784892840485,11.5839151783858,2.93648222085377,28.1801873787873,535.98704469732,325.821460234173,638.579862771559,-1.88857308681531,13.8483715662576,-5.3485879767815,272.123214806135,-1.40306893680869
fault_B04,fault,59,9,15,2,9,8,1.02020766358892,0.68081920459006,1.05298284829331,0.00198006618479507,0.4245480760492,11.3462699934253,0.973079105652974,0.462820292828493,1.03911650765373,0.002860373318746,0.865807182299337,13.4603557327697,59.9999937660327,59.7309776840601,61.0973683206043,-0.0107163436746092,13.2537937976592,2.95306397998888,24.9439674099613,59.9999948530335,59.5592102322652,61.2454333097702,-0.0144631287716308,6.61986804082223,2.81252952231208,28.3422379369352,535.98704469732,325.821460234173,638.579862771559,-1.88857308681531,13.8483715662576,-5.3485879767815,272.123214806135,-1.40306893680869
fault_B04,fault,60,2,21,3,8,8,1.02001684293784,0.660359065270083,1.06892163319142,0.00243649775867727,0.374562070457542,12.3856561226655,0.997579594018811,0.64515552024323,1.06345694339666,0.00275738824799576,0.444039835540866,12.3856561226655,59.9999938740924,59.6899703861482,60.9579033837805,-0.0113784892840485,11.5839151783858,2.93648222085377,28.1801873787873,59.9999936918416,59.917126282184,60.8341734489931,-0.0100580590730743,5.53917921596675,2.70873596515048,24.4351968456372,535.98704469732,325.821460234173,638.579862771559,-1.88857308681531,13.8483715662576,-5.3485879767815,272.123214806135,-1.40306893680869
fault_B04,fault,61,21,23,4,7,8,0.997579594018811,0.64515552024323,1.06345694339666,0.00275738824799576,0.444039835540866,12.3856561226655,1.02167685351485,0.727459676341169,1.0865235679461,0.00248146509611757,0.0833401593298941,12.3470584890773,59.9999944662808,59.6651494934929,61.1270141036734,-0.014999297457237,7.61234447849322,2.81252952231208,28.3792289294833,59.9999944671441,59.7197285130944,61.1916006347253,-0.014387701434103,6.49509346375619,1.84071853158101,28.3422379369352,535.98704469732,325.821460234173,638.579862771559,-1.88857308681531,13.8483715662576,-5.3485879767815,272.123214806135,-1.40306893680869
fault_B04,fault,62,11,23,5,8,8,0.96248990465261,0.277511097353887,1.03600918352572,0.00283714003240254,0.986451434467253,13.4603557327697,1.02167685351485,0.727459676341169,1.0865235679461,0.00248146509611757,0.0833401593298941,12.3470584890773,59.9999949130723,59.4288703064906,61.4626934942767,-0.0189459702314849,7.16380006941104,2.85792411244782,28.7698762875137,59.9999936918416,59.917126282184,60.8341734489931,-0.0100580590730743,5.53917921596675,2.70873596515048,24.4351968456372,535.98704469732,325.821460234173,638.579862771559,-1.88857308681531,13.8483715662576,-5.3485879767815,272.123214806135,-1.40306893680869
fault_B04,fault,63,4,15,6,10,8,0.960053104706681,0,1.02579614996652,0.00276206009016933,1.00691703939145,13.4603557327697,0.973079105652974,0.462820292828493,1.03911650765373,0.002860373318746,0.865807182299337,13.4603557327697,59.9999943494354,59.7671088235176,61.0958970270579,-0.0143294957442208,8.05977854752336,2.91990046171866,28.3422379369352,59.9999918043979,59.752101841328,61.0954701138687,0.000519848232237052,0.192752937739829,3.33611110597767,28.3422379369352,535.98704469732,325.821460234173,638.579862771559,-1.88857308681531,13.8483715662576,-5.3485879767815,272.123214806135,-1.40306893680869
fault_B04,fault,64,25,27,8,10,8,1.02838004290673,0.707212062277366,1.07268286561153,0.00172926082799751,0.0833401593298941,9.18561824301834,1.0020543707611,0.630354937380073,1.05813440514473,0.00265372500526118,0.444039835540866,12.3856561226655,59.9999936918416,59.917126282184,60.8341734489931,-0.0100580590730743,5.53917921596675,2.70873596515048,24.4351968456372,59.9999918043979,59.752101841328,61.0954701138687,0.000519848232237052,0.192752937739829,3.33611110597767,28.3422379369352,535.98704469732,325.821460234173,638.579862771559,-1.88857308681531,13.8483715662576,-5.3485879767815,272.123214806135,-1.40306893680869
fault_B04,fault,65,13,36,1,6,9,0.964270739573376,0.270199870278552,1.03676751110413,0.00277027356513759,0.91013049013063,13.4603557327697,1.0636010753349,0.844135366190942,1.12563193286188,0.0018427468996054,0.0833401593298941,9.15729215271867,59.9999934559826,59.9027045530351,60.7977678511736,-0.00924229249933006,5.62836973530291,2.74333381753768,23.38175834825,59.9999943494354,59.7671088235176,61.0958970270579,-0.0143294957442208,8.05977854752336,2.91990046171866,28.3422379369352,821.976188999109,495.603671395604,969.132078749263,-4.76492008761659,43.6266753165716,22.2707822471299,328.897078456981,-1.16461335134327
fault_B04,fault,66,6,14,2,4,9,0.959595788849726,0.248707352314164,1.03181154802245,0.0029188195700377,1.10314484050862,13.4603557327697,0.965188010297433,0.215197199045666,1.03399532284321,0.0027857628732082,0.903359319613429,13.4603557327697,59.9999937660327,59.7309776840601,61.0973683206043,-0.0107163436746092,13.2537937976592,2.95306397998888,24.9439674099613,59.9999944662808,59.6651494934929,61.1270141036734,-0.014999297457237,7.61234447849322,2.81252952231208,28.3792289294833,821.976188999109,495.603671395604,969.132078749263,-4.76492008761659,43.6266753165716,22.2707822471299,328.897078456981,-1.16461335134327
fault_B04,fault,67,30,38,2,9,9,1.04990040987001,0.821995725903908,1.09321997487107,0.00161809128482271,0.0833401593298941,8.09282669390137,1.02650112277428,0.870362953968508,1.10311104617543,0.00281074979086537,0.0833401593298941,12.3856561226655,59.9999937660327,59.7309776840601,61.0973683206043,-0.0107163436746092,13.2537937976592,2.95306397998888,24.9439674099613,59.9999948530335,59.5592102322652,61.2454333097702,-0.0144631287716308,6.61986804082223,2.81252952231208,28.3422379369352,821.976188999109,495.603671395604,969.132078749263,-4.76492008761659,43.6266753165716,22.2707822471299,328.897078456981,-1.16461335134327
fault_B04,fault,68,16,30,3,8,9,0.991037366929576,0.577478187789937,1.05747051666658,0.00291520254369149,0.598620417896936,13.4603557327697,1.04990040987001,0.821995725903908,1.09321997487107,0.00161809128482271,0.0833401593298941,8.09282669390137,59.9999938740924,59.6899703861482,60.9579033837805,-0.0113784892840485,11.5839151783858,2.93648222085377,28.1801873787873,59.9999936918416,59.917126282184,60.8341734489931,-0.0100580590730743,5.53917921596675,2.70873596515048,24.4351968456372,821.976188999109,495.603671395604,969.132078749263,-4.76492008761659,43.6266753165716,22.2707822471299,328.897078456981,-1.16461335134327
fault_B04,fault,69,8,16,4,8,9,0.954598516570043,0.283454293684627,1.01970287272147,0.00288725844948989,1.4593532440947,13.4603557327697,0.991037366929576,0.577478187789937,1.05747051666658,0.00291520254369149,0.598620417896936,13.4603557327697,59.9999944662808,59.6651494934929,61.1270141036734,-0.014999297457237,7.61234447849322,2.81252952231208,28.3792289294833,59.9999936918416,59.917126282184,60.8341734489931,-0.0100580590730743,5.53917921596675,2.70873596515048,24.4351968456372,821.976188999109,495.603671395604,969.132078749263,-4.76492008761659,43.6266753165716,22.2707822471299,328.897078456981,-1.16461335134327
fault_B04,fault,70,1,29,5,9,9,1.02689638912936,0.827219037475405,1.05360735901531,0.00205532349123461,0.347036394657583,12.3470584890773,1.02109303516246,0.811430723988503,1.09061020108457,0.00290872179979229,0.0833401593298941,12.4242537562536,59.9999949130723,59.4288703064906,61.4626934942767,-0.0189459702314849,7.16380006941104,2.85792411244782,28.7698762875137,59.9999948530335,59.5592102322652,61.2454333097702,-0.0144631287716308,6.61986804082223,2.81252952231208,28.3422379369352,821.976188999109,495.603671395604,969.132078749263,-4.76492008761659,43.6266753165716,22.2707822471299,328.897078456981,-1.16461335134327
fault_B04,fault,71,19,32,6,10,9,0.990604210848697,0.685163508165451,1.06501341895896,0.00307736951907556,0.547764744770412,13.4603557327697,0.984100548431793,0.482332234373059,1.06737153703853,0.00244661012647718,0.512504026886193,11.3462699934253,59.9999943494354,59.7671088235176,61.0958970270579,-0.0143294957442208,8.05977854752336,2.91990046171866,28.3422379369352,59.9999918043979,59.752101841328,61.0954701138687,0.000519848232237052,0.192752937739829,3.33611110597767,28.3422379369352,821.976188999109,495.603671395604,969.132078749263,-4.76492008761659,43.6266753165716,22.2707822471299,328.897078456981,-1.16461335134327
fault_B04,fault,72,10,23,9,10,9,0.965720649152829,0.2940134423839,1.03989342702121,0.00277759979528647,0.872058570750364,13.4603557327697,1.02167685351485,0.727459676341169,1.0865235679461,0.00248146509611757,0.0833401593298941,12.3470584890773,59.9999948530335,59.5592102322652,61.2454333097702,-0.0144631287716308,6.61986804082223,2.81252952231208,28.3422379369352,59.9999918043979,59.752101841328,61.0954701138687,0.000519848232237052,0.192752937739829,3.33611110597767,28.3422379369352,821.976188999109,495.603671395604,969.132078749263,-4.76492008761659,43.6266753165716,22.2707822471299,328.897078456981,-1.16461335134327
fault_B04,fault,73,3,22,1,7,10,0.994475020133488,0.435752132827095,1.05106562164385,0.00262544323639557,0.49624241194818,13.4087487017396,1.0229600920912,0.727420886682554,1.08752516177937,0.00250698765935997,0.0833401593298941,12.3856561226655,59.9999934559826,59.9027045530351,60.7977678511736,-0.00924229249933006,5.62836973530291,2.74333381753768,23.38175834825,59.9999944671441,59.7197285130944,61.1916006347253,-0.014387701434103,6.49509346375619,1.84071853158101,28.3422379369352,950.434923998617,-515.740229742134,2570.42299315025,60.9388981811801,226.715283095974,38.0818185344277,1586.95128192688,-14.6379581604315
fault_B04,fault,74,23,28,2,4,10,1.02167685351485,0.727459676341169,1.0865235679461,0.00248146509611757,0.0833401593298941,12.3470584890773,1.01980319076653,0.78333341984922,1.08621159317302,0.00287578408359335,0.0833401593298941,12.4242537562536,59.9999937660327,59.7309776840601,61.0973683206043,-0.0107163436746092,13.2537937976592,2.95306397998888,24.9439674099613,59.9999944662808,59.6651494934929,61.1270141036734,-0.014999297457237,7.61234447849322,2.81252952231208,28.3792289294833,950.434923998617,-515.740229742134,2570.42299315025,60.9388981811801,226.715283095974,38.0818185344277,1586.95128192688,-14.6379581604315
fault_B04,fault,75,12,34,2,10,10,0.945223588050834,0.268690766533611,1.01685357541426,0.00275075102478561,1.44833393833638,13.4603557327697,1.01230116063239,0.776659736246162,1.09825887336978,0.00363850547801814,0.268826939611361,15.5631382031147,59.9999937660327,59.7309776840601,61.0973683206043,-0.0107163436746092,13.2537937976592,2.95306397998888,24.9439674099613,59.9999918043979,59.752101841328,61.0954701138687,0.000519848232237052,0.192752937739829,3.33611110597767,28.3422379369352,950.434923998617,-515.740229742134,2570.42299315025,60.9388981811801,226.715283095974,38.0818185344277,1586.95128192688,-14.6379581604315
fault_B04,fault,76,5,19,3,9,10,0.958759400236745,0.218071065159511,1.02903525571287,0.00289789863515622,1.13197342213427,13.4603557327697,0.990604210848697,0.685163508165451,1.06501341895896,0.00307736951907556,0.547764744770412,13.4603557327697,59.9999938740924,59.6899703861482,60.9579033837805,-0.0113784892840485,11.5839151783858,2.93648222085377,28.1801873787873,59.9999948530335,59.5592102322652,61.2454333097702,-0.0144631287716308,6.61986804082223,2.81252952231208,28.3422379369352,950.434923998617,-515.740229742134,2570.42299315025,60.9388981811801,226.715283095974,38.0818185344277,1586.95128192688,-14.6379581604315
fault_B04,fault,77,27,39,4,8,10,1.0020543707611,0.630354937380073,1.05813440514473,0.00265372500526118,0.444039835540866,12.3856561226655,1.03000013409431,0.942869329488733,1.03892710430891,0.000668205625236284,0,4.87743697886931,59.9999944662808,59.6651494934929,61.1270141036734,-0.014999297457237,7.61234447849322,2.81252952231208,28.3792289294833,59.9999936918416,59.917126282184,60.8341734489931,-0.0100580590730743,5.53917921596675,2.70873596515048,24.4351968456372,950.434923998617,-515.740229742134,2570.42299315025,60.9388981811801,226.715283095974,38.0818185344277,1586.95128192688,-14.6379581604315
fault_B04,fault,78,15,24,5,9,10,0.973079105652974,0.462820292828493,1.03911650765373,0.002860373318746,0.865807182299337,13.4603557327697,0.999264074901395,0.601267117078082,1.06624387447611,0.00290099194964699,0.444039835540866,13.4603557327697,59.9999949130723,59.4288703064906,61.4626934942767,-0.0189459702314849,7.16380006941104,2.85792411244782,28.7698762875137,59.9999948530335,59.5592102322652,61.2454333097702,-0.0144631287716308,6.61986804082223,2.81252952231208,28.3422379369352,950.434923998617,-515.740229742134,2570.42299315025,60.9388981811801,226.715283095974,38.0818185344277,1586.95128192688,-14.6379581604315
fault_B04,fault,79,7,19,7,8,10,0.953428494064471,0.269711299992802,1.02083788205283,0.00290497998906991,1.43851265667608,13.4603557327697,0.990604210848697,0.685163508165451,1.06501341895896,0.00307736951907556,0.547764744770412,13.4603557327697,59.9999944671441,59.7197285130944,61.1916006347253,-0.014387701434103,6.49509346375619,1.84071853158101,28.3422379369352,59.9999936918416,59.917126282184,60.8341734489931,-0.0100580590730743,5.53917921596675,2.70873596515048,24.4351968456372,950.434923998617,-515.740229742134,2570.42299315025,60.9388981811801,226.715283095974,38.0818185344277,1586.95128192688,-14.6379581604315
fault_B04,fault,80,38,39,9,10,10,1.02650112277428,0.870362953968508,1.10311104617543,0.00281074979086537,0.0833401593298941,12.3856561226655,1.03000013409431,0.942869329488733,1.03892710430891,0.000668205625236284,0,4.87743697886931,59.9999948530335,59.5592102322652,61.2454333097702,-0.0144631287716308,6.61986804082223,2.81252952231208,28.3422379369352,59.9999918043979,59.752101841328,61.0954701138687,0.000519848232237052,0.192752937739829,3.33611110597767,28.3422379369352,950.434923998617,-515.740229742134,2570.42299315025,60.9388981811801,226.715283095974,38.0818185344277,1586.95128192688,-14.6379581604315
fault_B08,fault,1,1,2,1,2,1,1.02689638912936,0.868934082728781,1.04982551853796,0.00167303945575936,0.083372959699592,10.1666468036603,1.02001684293784,0.790250378230352,1.06055744217453,0.00198615717718087,0.083372959699592,10.1666468036603,59.9999934559826,59.9240280800299,60.6366103776411,-0.00573855847641624,5.17238785282066,3.68484118043236,22.2242943313373,59.9999937660327,59.7006433954808,61.1650421467305,-0.00668494295795341,14.0547338469496,2.95577041087827,24.4918817769761,247.351644502021,-42.3021243738413,353.433501752273,-1.98363750818538,178.513910467193,145.02826785796,572.785665243101,-3.78326675212779
fault_B08,fault,2,18,25,1,7,1,0.993422297824962,0.686875704392459,1.04459307380324,0.00225181353460724,0.409569057848032,11.233267536682,1.02838004290673,0.822305045039875,1.06421638169642,0.00141597991141151,0.083372959699592,8.05364470782157,59.9999934559826,59.9240280800299,60.6366103776411,-0.00573855847641624,5.17238785282066,3.68484118043236,22.2242943313373,59.9999944671441,59.7138618045573,60.9242671178335,-0.00832800022411817,4.63672661100737,1.84670413262977,28.2199519467161,247.351644502021,-42.3021243738413,353.433501752273,-1.98363750818538,178.513910467193,145.02826785796,572.785665243101,-3.78326675212779
fault_B08,fault,3,9,25,2,5,1,1.02020766358892,0.563601975241503,1.05026694062541,0.00159487335517028,0.301216719790314,10.1666468036603,1.02838004290673,0.822305045039875,1.06421638169642,0.00141597991141151,0.083372959699592,8.05364470782157,59.9999937660327,59.7006433954808,61.1650421467305,-0.00668494295795341,14.0547338469496,2.95577041087827,24.4918817769761,59.9999949130723,59.4512838912927,61.2787132448741,-0.0104859815033507,4.99439332746555,2.81293646803516,28.7366680025621,247.351644502021,-42.3021243738413,353.433501752273,-1.98363750818538,178.513910467193,145.02826785796,572.785665243101,-3.78326675212779
fault_B08,fault,4,2,31,3,4,1,1.02001684293784,0.790250378230352,1.06055744217453,0.00198615717718087,0.083372959699592,10.1666468036603,0.982000570674875,0.413692290383689,1.07164393414108,0.00228298667688587,0.483307038489412,11.778810046927,59.9999938740924,59.653166479708,60.8695629595394,-0.00709645959666716,10.4819935580992,1.77716863440482,23.3802632385632,59.9999944662808,59.7293383774926,60.9210305695849,-0.00858549805009545,5.53698222588193,2.78500206164453,28.2459516599566,247.351644502021,-42.3021243738413,353.433501752273,-1.98363750818538,178.513910467193,145.02826785796,572.785665243101,-3.78326675212779
fault_B08,fault,5,21,33,3,9,1,0.997579594018811,0.76159666593518,1.05359409540602,0.00224619839602513,0.124578315908694,11.233267536682,0.997200971921189,0.820112047766133,1.06044014263243,0.00222200786645399,0.083372959699592,9.19734099617303,59.9999938740924,59.653166479708,60.8695629595394,-0.00709645959666716,10.4819935580992,1.77716863440482,23.3802632385632,59.9999948530335,59.526873278073,61.0768910696166,-0.00817643159069092,4.55415436759742,2.78500206164453,27.1890865752599,247.351644502021,-42.3021243738413,353.433501752273,-1.98363750818538,178.513910467193,145.02826785796,572.785665243101,-3.78326675212779
fault_B08,fault,6,11,33,4,9,1,0.96248990465261,0.314998203878757,1.03130131106058,0.00226533230887704,0.724497223687121,11.2820787596042,0.997200971921189,0.820112047766133,1.06044014263243,0.00222200786645399,0.083372959699592,9.19734099617303,59.9999944662808,59.7293383774926,60.9210305695849,-0.00858549805009545,5.53698222588193,2.78500206164453,28.2459516599566,59.9999948530335,59.526873278073,61.0768910696166,-0.00817643159069092,4.55415436759742,2.78500206164453,27.1890865752599,247.351644502021,-42.3021243738413,353.433501752273,-1.98363750818538,178.513910467193,145.02826785796,572.785665243101,-3.78326675212779
fault_B08,fault,7,4,25,5,10,1,0.960053104706681,0.386763813322131,1.02010535801932,0.00221972762226719,0.717187704494361,11.2820787596042,1.02838004290673,0.822305045039875,1.06421638169642,0.00141597991141151,0.083372959699592,8.05364470782157,59.9999949130723,59.4512838912927,61.2787132448741,-0.0104859815033507,4.99439332746555,2.81293646803516,28.7366680025621,59.9999918043979,59.7787349820977,60.8797569549079,-0.00087415669561608,0.0724081734492046,3.34435474656095,28.167952520235,247.351644502021,-42.3021243738413,353.433501752273,-1.98363750818538,178.513910467193,145.02826785796,572.785665243101,-3.78326675212779
fault_B08,fault,8,25,37,7,8,1,1.02838004290673,0.822305045039875,1.06421638169642,0.00141597991141151,0.083372959699592,8.05364470782157,1.02750054732654,0.8658024671326,1.06560819258091,0.00120770394460101,0.083372959699592,4.85137756297576,59.9999944671441,59.7138618045573,60.9242671178335,-0.00832800022411817,4.63672661100737,1.84670413262977,28.2199519467161,59.9999936918416,59.92475052511,60.6465724921775,-0.00613315104006062,4.05793366002122,2.95577041087827,23.2956373650761,247.351644502021,-42.3021243738413,353.433501752273,-1.98363750818538,178.513910467193,145.02826785796,572.785665243101,-3.78326675212779
fault_B08,fault,9,14,21,1,2,2,0.965188010297433,0.432096565433818,1.02793543712464,0.00223835001521333,0.653051976128299,11.2820787596042,0.997579594018811,0.76159666593518,1.05359409540602,0.00224619839602513,0.124578315908694,11.233267536682,59.9999934559826,59.9240280800299,60.6366103776411,-0.00573855847641624,5.17238785282066,3.68484118043236,22.2242943313373,59.9999937660327,59.7006433954808,61.1650421467305,-0.00668494295795341,14.0547338469496,2.95577041087827,24.4918817769761,699.11655373899,129.343970081282,885.978115473681,-1.84768640060702,156.180710399892,100.51145030806,377.635738982277,-0.61878050332362
fault_B08,fault,10,6,24,1,8,2,0.959595788849726,0.211789122067233,1.02760880669993,0.00233050038681148,0.769219285448179,11.3308899825264,0.999264074901395,0.732888143975246,1.05695203428793,0.00236443795985397,0.303131431176489,11.2820787596042,59.9999934559826,59.9240280800299,60.6366103776411,-0.00573855847641624,5.17238785282066,3.68484118043236,22.2242943313373,59.9999936918416,59.92475052511,60.6465724921775,-0.00613315104006062,4.05793366002122,2.95577041087827,23.2956373650761,699.11655373899,129.343970081282,885.978115473681,-1.84768640060702,156.180710399892,100.51145030806,377.635738982277,-0.61878050332362
fault_B08,fault,11,32,33,2,5,2,0.984100548431793,0.534742242792311,1.06259427771297,0.00194023776343966,0.454899360868968,10.1666468036603,0.997200971921189,0.820112047766133,1.06044014263243,0.00222200786645399,0.083372959699592,9.19734099617303,59.9999937660327,59.7006433954808,61.1650421467305,-0.00668494295795341,14.0547338469496,2.95577041087827,24.4918817769761,59.9999949130723,59.4512838912927,61.2787132448741,-0.0104859815033507,4.99439332746555,2.81293646803516,28.7366680025621,699.11655373899,129.343970081282,885.978115473681,-1.84768640060702,156.180710399892,100.51145030806,377.635738982277,-0.61878050332362
fault_B08,fault,12,17,18,3,4,2,0.99507019283339,0.712665981659089,1.04843124285335,0.00230420065546033,0.383627432208516,11.233267536682,0.993422297824962,0.686875704392459,1.04459307380324,0.00225181353460724,0.409569057848032,11.233267536682,59.9999938740924,59.653166479708,60.8695629595394,-0.00709645959666716,10.4819935580992,1.77716863440482,23.3802632385632,59.9999944662808,59.7293383774926,60.9210305695849,-0.00858549805009545,5.53698222588193,2.78500206164453,28.2459516599566,699.11655373899,129.343970081282,885.978115473681,-1.84768640060702,156.180710399892,100.51145030806,377.635738982277,-0.61878050332362
fault_B08,fault,13,8,26,3,10,2,0.954598516570043,0,1.01556289553991,0.00230993622849507,0.980343153690964,13.3653795267701,1.01926696898686,0.813528854281525,1.06559757972567,0.00210540110611035,0.083372959699592,9.19734099617303,59.9999938740924,59.653166479708,60.8695629595394,-0.00709645959666716,10.4819935580992,1.77716863440482,23.3802632385632,59.9999918043979,59.7787349820977,60.8797569549079,-0.00087415669561608,0.0724081734492046,3.34435474656095,28.167952520235,699.11655373899,129.343970081282,885.978115473681,-1.84768640060702,156.180710399892,100.51145030806,377.635738982277,-0.61878050332362
fault_B08,fault,14,1,39,4,10,2,1.02689638912936,0.868934082728781,1.04982551853796,0.00167303945575936,0.083372959699592,10.1666468036603,1.03000013409431,0.930766361344731,1.03778563387484,0.000543083488057317,0,3.71989823442448,59.9999944662808,59.7293383774926,60.9210305695849,-0.00858549805009545,5.53698222588193,2.78500206164453,28.2459516599566,59.9999918043979,59.7787349820977,60.8797569549079,-0.00087415669561608,0.0724081734492046,3.34435474656095,28.167952520235,699.11655373899,129.343970081282,885.978115473681,-1.84768640060702,156.180710399892,100.51145030806,377.635738982277,-0.61878050332362
fault_B08,fault,15,20,23,5,10,2,0.987464538640993,0.806222873206658,1.05642234235644,0.00274271329270948,0.248194384535998,12.3584103415912,1.02167685351485,0.823985609390459,1.0759689058969,0.00202312230299162,0.083372959699592,9.13744348290182,59.9999949130723,59.4512838912927,61.2787132448741,-0.0104859815033507,4.99439332746555,2.81293646803516,28.7366680025621,59.9999918043979,59.7787349820977,60.8797569549079,-0.00087415669561608,0.0724081734492046,3.34435474656095,28.167952520235,699.11655373899,129.343970081282,885.978115473681,-1.84768640060702,156.180710399892,100.51145030806,377.635738982277,-0.61878050332362
fault_B08,fault,16,10,33,7,9,2,0.965720649152829,0.366443667907516,1.03492117251848,0.00221784987578744,0.636975873603761,11.2820787596042,0.997200971921189,0.820112047766133,1.06044014263243,0.00222200786645399,0.083372959699592,9.19734099617303,59.9999944671441,59.7138618045573,60.9242671178335,-0.00832800022411817,4.63672661100737,1.84670413262977,28.2199519467161,59.9999948530335,59.526873278073,61.0768910696166,-0.00817643159069092,4.55415436759742,2.78500206164453,27.1890865752599,699.11655373899,129.343970081282,885.978115473681,-1.84768640060702,156.180710399892,100.51145030806,377.635738982277,-0.61878050332362
fault_B08,fault,17,3,32,1,3,3,0.994475020133488,0.648045198711498,1.04319743453478,0.00213284633870903,0.409569057848032,10.2125195858101,0.984100548431793,0.534742242792311,1.06259427771297,0.00194023776343966,0.454899360868968,10.1666468036603,59.9999934559826,59.9240280800299,60.6366103776411,-0.00573855847641624,5.17238785282066,3.68484118043236,22.2242943313373,59.9999938740924,59.653166479708,60.8695629595394,-0.00709645959666716,10.4819935580992,1.77716863440482,23.3802632385632,672.46804441793,167.732884092402,860.071238540148,-1.70384039694022,138.262054035867,122.437100721285,486.826647908091,-1.63834627602881
fault_B08,fault,18,23,38,1,8,3,1.02167685351485,0.823985609390459,1.0759689058969,0.00202312230299162,0.083372959699592,9.13744348290182,1.02650112277428,0.930507736649272,1.09666859436979,0.0023514687263313,0,12.305090462532,59.9999934559826,59.9240280800299,60.6366103776411,-0.00573855847641624,5.17238785282066,3.68484118043236,22.2242943313373,59.9999936918416,59.92475052511,60.6465724921775,-0.00613315104006062,4.05793366002122,2.95577041087827,23.2956373650761,672.46804441793,167.732884092402,860.071238540148,-1.70384039694022,138.262054035867,122.437100721285,486.826647908091,-1.63834627602881
fault_B08,fault,19,13,18,2,6,3,0.964270739573376,0.382205280930095,1.03162654831938,0.0022155623765544,0.66172035736124,11.2820787596042,0.993422297824962,0.686875704392459,1.04459307380324,0.00225181353460724,0.409569057848032,11.233267536682,59.9999937660327,59.7006433954808,61.1650421467305,-0.00668494295795341,14.0547338469496,2.95577041087827,24.4918817769761,59.9999943494354,59.7854378381956,60.8483012176116,-0.00824679356867364,5.77863804509547,2.97613051207676,28.2199519467161,672.46804441793,167.732884092402,860.071238540148,-1.70384039694022,138.262054035867,122.437100721285,486.826647908091,-1.63834627602881
fault_B08,fault,20,5,29,3,5,3,0.958759400236745,0.200888480766031,1.02468705101357,0.00231631199903892,0.769219285448179,11.3308899825264,1.02109303516246,0.890834684169122,1.08487755816356,0.00242479318234179,0.0518898657520666,12.3317504020616,59.9999938740924,59.653166479708,60.8695629595394,-0.00709645959666716,10.4819935580992,1.77716863440482,23.3802632385632,59.9999949130723,59.4512838912927,61.2787132448741,-0.0104859815033507,4.99439332746555,2.81293646803516,28.7366680025621,672.46804441793,167.732884092402,860.071238540148,-1.70384039694022,138.262054035867,122.437100721285,486.826647908091,-1.63834627602881
fault_B08,fault,21,28,38,3,10,3,1.01980319076653,0.871701453442327,1.07975412364921,0.00239403820268835,0.083372959699592,12.3317504020616,1.02650112277428,0.930507736649272,1.09666859436979,0.0023514687263313,0,12.305090462532,59.9999938740924,59.653166479708,60.8695629595394,-0.00709645959666716,10.4819935580992,1.77716863440482,23.3802632385632,59.9999918043979,59.7787349820977,60.8797569549079,-0.00087415669561608,0.0724081734492046,3.34435474656095,28.167952520235,672.46804441793,167.732884092402,860.071238540148,-1.70384039694022,138.262054035867,122.437100721285,486.826647908091,-1.63834627602881
fault_B08,fault,22,15,34,4,10,3,0.973079105652974,0.622264642093527,1.03068970365293,0.00232258083618531,0.502657665336164,11.2820787596042,1.01230116063239,0.855870636038219,1.08844140709787,0.0030064069713307,0.083372959699592,12.390364800858,59.9999944662808,59.7293383774926,60.9210305695849,-0.00858549805009545,5.53698222588193,2.78500206164453,28.2459516599566,59.9999918043979,59.7787349820977,60.8797569549079,-0.00087415669561608,0.0724081734492046,3.34435474656095,28.167952520235,672.46804441793,167.732884092402,860.071238540148,-1.70384039694022,138.262054035867,122.437100721285,486.826647908091,-1.63834627602881
fault_B08,fault,23,7,29,6,7,3,0.953428494064471,0.0704745468959646,1.01669668695199,0.00232267168781153,0.982176580642315,13.3653795267701,1.02109303516246,0.890834684169122,1.08487755816356,0.00242479318234179,0.0518898657520666,12.3317504020616,59.9999943494354,59.7854378381956,60.8483012176116,-0.00824679356867364,5.77863804509547,2.97613051207676,28.2199519467161,59.9999944671441,59.7138618045573,60.9242671178335,-0.00832800022411817,4.63672661100737,1.84670413262977,28.2199519467161,672.46804441793,167.732884092402,860.071238540148,-1.70384039694022,138.262054035867,122.437100721285,486.826647908091,-1.63834627602881
fault_B08,fault,24,1,11,7,10,3,1.02689638912936,0.868934082728781,1.04982551853796,0.00167303945575936,0.083372959699592,10.1666468036603,0.96248990465261,0.314998203878757,1.03130131106058,0.00226533230887704,0.724497223687121,11.2820787596042,59.9999944671441,59.7138618045573,60.9242671178335,-0.00832800022411817,4.63672661100737,1.84670413262977,28.2199519467161,59.9999918043979,59.7787349820977,60.8797569549079,-0.00087415669561608,0.0724081734492046,3.34435474656095,28.167952520235,672.46804441793,167.732884092402,860.071238540148,-1.70384039694022,138.262054035867,122.437100721285,486.826647908091,-1.63834627602881
fault_B08,fault,25,18,34,1,3,4,0.993422297824962,0.686875704392459,1.04459307380324,0.00225181353460724,0.409569057848032,11.233267536682,1.01230116063239,0.855870636038219,1.08844140709787,0.0030064069713307,0.083372959699592,12.390364800858,59.9999934559826,59.9240280800299,60.6366103776411,-0.00573855847641624,5.17238785282066,3.68484118043236,22.2242943313373,59.9999938740924,59.653166479708,60.8695629595394,-0.00709645959666716,10.4819935580992,1.77716863440482,23.3802632385632,653.081286728971,422.410777539843,746.167524866033,-3.55835275573349,44.6481487675236,12.9979528300836,194.994773726787,-2.34017871191357
fault_B08,fault,26,9,34,1,9,4,1.02020766358892,0.563601975241503,1.05026694062541,0.00159487335517028,0.301216719790314,10.1666468036603,1.01230116063239,0.855870636038219,1.08844140709787,0.0030064069713307,0.083372959699592,12.390364800858,59.9999934559826,59.9240280800299,60.6366103776411,-0.00573855847641624,5.17238785282066,3.68484118043236,22.2242943313373,59.9999948530335,59.526873278073,61.0768910696166,-0.00817643159069092,4.55415436759742,2.78500206164453,27.1890865752599,653.081286728971,422.410777539843,746.167524866033,-3.55835275573349,44.6481487675236,12.9979528300836,194.994773726787,-2.34017871191357
fault_B08,fault,27,3,4,2,7,4,0.994475020133488,0.648045198711498,1.04319743453478,0.00213284633870903,0.409569057848032,10.2125195858101,0.960053104706681,0.386763813322131,1.02010535801932,0.00221972762226719,0.717187704494361,11.2820787596042,59.9999937660327,59.7006433954808,61.1650421467305,-0.00668494295795341,14.0547338469496,2.95577041087827,24.4918817769761,59.9999944671441,59.7138618045573,60.9242671178335,-0.00832800022411817,4.63672661100737,1.84670413262977,28.2199519467161,653.081286728971,422.410777539843,746.167524866033,-3.55835275573349,44.6481487675236,12.9979528300836,194.994773726787,-2.34017871191357
fault_B08,fault,28,22,26,3,5,4,1.0229600920912,0.824642081296489,1.0769596568346,0.00204254063431653,0.083372959699592,9.13744348290182,1.01926696898686,0.813528854281525,1.06559757972567,0.00210540110611035,0.083372959699592,9.19734099617303,59.9999938740924,59.653166479708,60.8695629595394,-0.00709645959666716,10.4819935580992,1.77716863440482,23.3802632385632,59.9999949130723,59.4512838912927,61.2787132448741,-0.0104859815033507,4.99439332746555,2.81293646803516,28.7366680025621,653.081286728971,422.410777539843,746.167524866033,-3.55835275573349,44.6481487675236,12.9979528300836,194.994773726787,-2.34017871191357
fault_B08,fault,29,12,15,4,5,4,0.945223588050834,0.341889884257294,1.01202329781434,0.00219809465196674,1.09503570145634,11.2820787596042,0.973079105652974,0.622264642093527,1.03068970365293,0.00232258083618531,0.502657665336164,11.2820787596042,59.9999944662808,59.7293383774926,60.9210305695849,-0.00858549805009545,5.53698222588193,2.78500206164453,28.2459516599566,59.9999949130723,59.4512838912927,61.2787132448741,-0.0104859815033507,4.99439332746555,2.81293646803516,28.7366680025621,653.081286728971,422.410777539843,746.167524866033,-3.55835275573349,44.6481487675236,12.9979528300836,194.994773726787,-2.34017871191357
fault_B08,fault,30,4,34,5,6,4,0.960053104706681,0.386763813322131,1.02010535801932,0.00221972762226719,0.717187704494361,11.2820787596042,1.01230116063239,0.855870636038219,1.08844140709787,0.0030064069713307,0.083372959699592,12.390364800858,59.9999949130723,59.4512838912927,61.2787132448741,-0.0104859815033507,4.99439332746555,2.81293646803516,28.7366680025621,59.9999943494354,59.7854378381956,60.8483012176116,-0.00824679356867364,5.77863804509547,2.97613051207676,28.2199519467161,653.081286728971,422.410777539843,746.167524866033,-3.55835275573349,44.6481487675236,12.9979528300836,194.994773726787,-2.34017871191357
fault_B08,fault,31,26,33,6,7,4,1.01926696898686,0.813528854281525,1.06559757972567,0.00210540110611035,0.083372959699592,9.19734099617303,0.997200971921189,0.820112047766133,1.06044014263243,0.00222200786645399,0.083372959699592,9.19734099617303,59.9999943494354,59.7854378381956,60.8483012176116,-0.00824679356867364,5.77863804509547,2.97613051207676,28.2199519467161,59.9999944671441,59.7138618045573,60.9242671178335,-0.00832800022411817,4.63672661100737,1.84670413262977,28.2199519467161,653.081286728971,422.410777539843,746.167524866033,-3.55835275573349,44.6481487675236,12.9979528300836,194.994773726787,-2.34017871191357
fault_B08,fault,32,14,30,7,10,4,0.965188010297433,0.432096565433818,1.02793543712464,0.00223835001521333,0.653051976128299,11.2820787596042,1.04990040987001,0.90442814634392,1.08387346014763,0.00131446009007252,0,5.90820119972308,59.9999944671441,59.7138618045573,60.9242671178335,-0.00832800022411817,4.63672661100737,1.84670413262977,28.2199519467161,59.9999918043979,59.7787349820977,60.8797569549079,-0.00087415669561608,0.0724081734492046,3.34435474656095,28.167952520235,653.081286728971,422.410777539843,746.167524866033,-3.55835275573349,44.6481487675236,12.9979528300836,194.994773726787,-2.34017871191357
fault_B08,fault,33,6,33,1,4,5,0.959595788849726,0.211789122067233,1.02760880669993,0.00233050038681148,0.769219285448179,11.3308899825264,0.997200971921189,0.820112047766133,1.06044014263243,0.00222200786645399,0.083372959699592,9.19734099617303,59.9999934559826,59.9240280800299,60.6366103776411,-0.00573855847641624,5.17238785282066,3.68484118043236,22.2242943313373,59.9999944662808,59.7293383774926,60.9210305695849,-0.00858549805009545,5.53698222588193,2.78500206164453,28.2459516599566,517.000719945857,276.786306606517,673.827223941011,-4.7243162697448,137.308688158259,81.5340074988483,246.408453331571,1.56511606739309
fault_B08,fault,34,33,36,1,9,5,0.997200971921189,0.820112047766133,1.06044014263243,0.00222200786645399,0.083372959699592,9.19734099617303,1.0636010753349,0.914053380522277,1.11418018344841,0.0015124856114086,0,6.47252669142813,59.9999934559826,59.9240280800299,60.6366103776411,-0.00573855847641624,5.17238785282066,3.68484118043236,22.2242943313373,59.9999948530335,59.526873278073,61.0768910696166,-0.00817643159069092,4.55415436759742,2.78500206164453,27.1890865752599,517.000719945857,276.786306606517,673.827223941011,-4.7243162697448,137.308688158259,81.5340074988483,246.408453331571,1.56511606739309
fault_B08,fault,35,17,27,2,7,5,0.99507019283339,0.712665981659089,1.04843124285335,0.00230420065546033,0.383627432208516,11.233267536682,1.0020543707611,0.762661042477368,1.05093761931614,0.00217923838597089,0.156625783525224,10.1666468036603,59.9999937660327,59.7006433954808,61.1650421467305,-0.00668494295795341,14.0547338469496,2.95577041087827,24.4918817769761,59.9999944671441,59.7138618045573,60.9242671178335,-0.00832800022411817,4.63672661100737,1.84670413262977,28.2199519467161,517.000719945857,276.786306606517,673.827223941011,-4.7243162697448,137.308688158259,81.5340074988483,246.408453331571,1.56511606739309
fault_B08,fault,36,8,36,3,6,5,0.954598516570043,0,1.01556289553991,0.00230993622849507,0.980343153690964,13.3653795267701,1.0636010753349,0.914053380522277,1.11418018344841,0.0015124856114086,0,6.47252669142813,59.9999938740924,59.653166479708,60.8695629595394,-0.00709645959666716,10.4819935580992,1.77716863440482,23.3802632385632,59.9999943494354,59.7854378381956,60.8483012176116,-0.00824679356867364,5.77863804509547,2.97613051207676,28.2199519467161,517.000719945857,276.786306606517,673.827223941011,-4.7243162697448,137.308688158259,81.5340074988483,246.408453331571,1.56511606739309
fault_B08,fault,37,2,11,4,6,5,1.02001684293784,0.790250378230352,1.06055744217453,0.00198615717718087,0.083372959699592,10.1666468036603,0.96248990465261,0.314998203878757,1.03130131106058,0.00226533230887704,0.724497223687121,11.2820787596042,59.9999944662808,59.7293383774926,60.9210305695849,-0.00858549805009545,5.53698222588193,2.78500206164453,28.2459516599566,59.9999943494354,59.7854378381956,60.8483012176116,-0.00824679356867364,5.77863804509547,2.97613051207676,28.2199519467161,517.000719945857,276.786306606517,673.827223941011,-4.7243162697448,137.308688158259,81.5340074988483,246.408453331571,1.56511606739309
fault_B08,fault,38,20,32,5,6,5,0.987464538640993,0.806222873206658,1.05642234235644,0.00274271329270948,0.248194384535998,12.3584103415912,0.984100548431793,0.534742242792311,1.06259427771297,0.00194023776343966,0.454899360868968,10.1666468036603,59.9999949130723,59.4512838912927,61.2787132448741,-0.0104859815033507,4.99439332746555,2.81293646803516,28.7366680025621,59.9999943494354,59.7854378381956,60.8483012176116,-0.00824679356867364,5.77863804509547,2.97613051207676,28.2199519467161,517.000719945857,276.786306606517,673.827223941011,-4.7243162697448,137.308688158259,81.5340074988483,246.408453331571,1.56511606739309
fault_B08,fault,39,11,14,6,8,5,0.96248990465261,0.314998203878757,1.03130131106058,0.00226533230887704,0.724497223687121,11.2820787596042,0.965188010297433,0.432096565433818,1.02793543712464,0.00223835001521333,0.653051976128299,11.2820787596042,59.9999943494354,59.7854378381956,60.8483012176116,-0.00824679356867364,5.77863804509547,2.97613051207676,28.2199519467161,59.9999936918416,59.92475052511,60.6465724921775,-0.00613315104006062,4.05793366002122,2.95577041087827,23.2956373650761,517.000719945857,276.786306606517,673.827223941011,-4.7243162697448,137.308688158259,81.5340074988483,246.408453331571,1.56511606739309
fault_B08,fault,40,4,6,8,9,5,0.960053104706681,0.386763813322131,1.02010535801932,0.00221972762226719,0.717187704494361,11.2820787596042,0.959595788849726,0.211789122067233,1.02760880669993,0.00233050038681148,0.769219285448179,11.3308899825264,59.9999936918416,59.92475052511,60.6465724921775,-0.00613315104006062,4.05793366002122,2.95577041087827,23.2956373650761,59.9999948530335,59.526873278073,61.0768910696166,-0.00817643159069092,4.55415436759742,2.78500206164453,27.1890865752599,517.000719945857,276.786306606517,673.827223941011,-4.7243162697448,137.308688158259,81.5340074988483,246.408453331571,1.56511606739309
fault_B08,fault,41,24,32,1,4,6,0.999264074901395,0.732888143975246,1.05695203428793,0.00236443795985397,0.303131431176489,11.2820787596042,0.984100548431793,0.534742242792311,1.06259427771297,0.00194023776343966,0.454899360868968,10.1666468036603,59.9999934559826,59.9240280800299,60.6366103776411,-0.00573855847641624,5.17238785282066,3.68484118043236,22.2242943313373,59.9999944662808,59.7293383774926,60.9210305695849,-0.00858549805009545,5.53698222588193,2.78500206164453,28.2459516599566,646.129526212919,371.309471421969,777.583952550553,-3.60856258023966,221.895491666939,195.648997607855,429.15850650528,-2.12468573410706
fault_B08,fault,42,13,27,1,10,6,0.964270739573376,0.382205280930095,1.03162654831938,0.0022155623765544,0.66172035736124,11.2820787596042,1.0020543707611,0.762661042477368,1.05093761931614,0.00217923838597089,0.156625783525224,10.1666468036603,59.9999934559826,59.9240280800299,60.6366103776411,-0.00573855847641624,5.17238785282066,3.68484118043236,22.2242943313373,59.9999918043979,59.7787349820977,60.8797569549079,-0.00087415669561608,0.0724081734492046,3.34435474656095,28.167952520235,646.129526212919,371.309471421969,777.583952550553,-3.60856258023966,221.895491666939,195.648997607855,429.15850650528,-2.12468573410706
fault_B08,fault,43,5,38,2,8,6,0.958759400236745,0.200888480766031,1.02468705101357,0.00231631199903892,0.769219285448179,11.3308899825264,1.02650112277428,0.930507736649272,1.09666859436979,0.0023514687263313,0,12.305090462532,59.9999937660327,59.7006433954808,61.1650421467305,-0.00668494295795341,14.0547338469496,2.95577041087827,24.4918817769761,59.9999936918416,59.92475052511,60.6465724921775,-0.00613315104006062,4.05793366002122,2.95577041087827,23.2956373650761,646.129526212919,371.309471421969,777.583952550553,-3.60856258023966,221.895491666939,195.648997607855,429.15850650528,-2.12468573410706
fault_B08,fault,44,29,38,3,6,6,1.02109303516246,0.890834684169122,1.08487755816356,0.00242479318234179,0.0518898657520666,12.3317504020616,1.02650112277428,0.930507736649272,1.09666859436979,0.0023514687263313,0,12.305090462532,59.9999938740924,59.653166479708,60.8695629595394,-0.00709645959666716,10.4819935580992,1.77716863440482,23.3802632385632,59.9999943494354,59.7854378381956,60.8483012176116,-0.00824679356867364,5.77863804509547,2.97613051207676,28.2199519467161,646.129526212919,371.309471421969,777.583952550553,-3.60856258023966,221.895491666939,195.648997607855,429.15850650528,-2.12468573410706
fault_B08,fault,45,16,20,4,6,6,0.991037366929576,0.714293674294226,1.0485717498302,0.00237675543223648,0.383627432208516,11.2820787596042,0.987464538640993,0.806222873206658,1.05642234235644,0.00274271329270948,0.248194384535998,12.3584103415912,59.9999944662808,59.7293383774926,60.9210305695849,-0.00858549805009545,5.53698222588193,2.78500206164453,28.2459516599566,59.9999943494354,59.7854378381956,60.8483012176116,-0.00824679356867364,5.77863804509547,2.97613051207676,28.2199519467161,646.129526212919,371.309471421969,777.583952550553,-3.60856258023966,221.895491666939,195.648997607855,429.15850650528,-2.12468573410706
fault_B08,fault,46,7,38,5,7,6,0.953428494064471,0.0704745468959646,1.01669668695199,0.00232267168781153,0.982176580642315,13.3653795267701,1.02650112277428,0.930507736649272,1.09666859436979,0.0023514687263313,0,12.305090462532,59.9999949130723,59.4512838912927,61.2787132448741,-0.0104859815033507,4.99439332746555,2.81293646803516,28.7366680025621,59.9999944671441,59.7138618045573,60.9242671178335,-0.00832800022411817,4.63672661100737,1.84670413262977,28.2199519467161,646.129526212919,371.309471421969,777.583952550553,-3.60856258023966,221.895491666939,195.648997607855,429.15850650528,-2.12468573410706
fault_B08,fault,47,1,20,6,9,6,1.02689638912936,0.868934082728781,1.04982551853796,0.00167303945575936,0.083372959699592,10.1666468036603,0.987464538640993,0.806222873206658,1.05642234235644,0.00274271329270948,0.248194384535998,12.3584103415912,59.9999943494354,59.7854378381956,60.8483012176116,-0.00824679356867364,5.77863804509547,2.97613051207676,28.2199519467161,59.9999948530335,59.526873278073,61.0768910696166,-0.00817643159069092,4.55415436759742,2.78500206164453,27.1890865752599,646.129526212919,371.309471421969,777.583952550553,-3.60856258023966,221.895491666939,195.648997607855,429.15850650528,-2.12468573410706
fault_B08,fault,48,19,23,8,9,6,0.990604210848697,0.786000312053471,1.05476226682851,0.00252771029023469,0.206989028326896,12.3317504020616,1.02167685351485,0.823985609390459,1.0759689058969,0.00202312230299162,0.083372959699592,9.13744348290182,59.9999936918416,59.92475052511,60.6465724921775,-0.00613315104006062,4.05793366002122,2.95577041087827,23.2956373650761,59.9999948530335,59.526873278073,61.0768910696166,-0.00817643159069092,4.55415436759742,2.78500206164453,27.1890865752599,646.129526212919,371.309471421969,777.583952550553,-3.60856258023966,221.895491666939,195.648997607855,429.15850650528,-2.12468573410706
fault_B08,fault,49,10,14,1,5,7,0.965720649152829,0.366443667907516,1.03492117251848,0.00221784987578744,0.636975873603761,11.2820787596042,0.965188010297433,0.432096565433818,1.02793543712464,0.00223835001521333,0.653051976128299,11.2820787596042,59.9999934559826,59.9240280800299,60.6366103776411,-0.00573855847641624,5.17238785282066,3.68484118043236,22.2242943313373,59.9999949130723,59.4512838912927,61.2787132448741,-0.0104859815033507,4.99439332746555,2.81293646803516,28.7366680025621,525.642776165619,330.114349550268,626.616549020938,-2.97175047114263,188.546381008994,135.448683046799,315.661004930074,-2.21311152492297
fault_B08,fault,50,3,13,2,3,7,0.994475020133488,0.648045198711498,1.04319743453478,0.00213284633870903,0.409569057848032,10.2125195858101,0.964270739573376,0.382205280930095,1.03162654831938,0.0022155623765544,0.66172035736124,11.2820787596042,59.9999937660327,59.7006433954808,61.1650421467305,-0.00668494295795341,14.0547338469496,2.95577041087827,24.4918817769761,59.9999938740924,59.653166479708,60.8695629595394,-0.00709645959666716,10.4819935580992,1.77716863440482,23.3802632385632,525.642776165619,330.114349550268,626.616549020938,-2.97175047114263,188.546381008994,135.448683046799,315.661004930074,-2.21311152492297
fault_B08,fault,51,22,35,2,8,7,1.0229600920912,0.824642081296489,1.0769596568346,0.00204254063431653,0.083372959699592,9.13744348290182,1.04940121508332,0.888168255582253,1.09955047843947,0.00176520984924489,0.0444400733896437,9.07754596963061,59.9999937660327,59.7006433954808,61.1650421467305,-0.00668494295795341,14.0547338469496,2.95577041087827,24.4918817769761,59.9999936918416,59.92475052511,60.6465724921775,-0.00613315104006062,4.05793366002122,2.95577041087827,23.2956373650761,525.642776165619,330.114349550268,626.616549020938,-2.97175047114263,188.546381008994,135.448683046799,315.661004930074,-2.21311152492297
fault_B08,fault,52,12,25,3,7,7,0.945223588050834,0.341889884257294,1.01202329781434,0.00219809465196674,1.09503570145634,11.2820787596042,1.02838004290673,0.822305045039875,1.06421638169642,0.00141597991141151,0.083372959699592,8.05364470782157,59.9999938740924,59.653166479708,60.8695629595394,-0.00709645959666716,10.4819935580992,1.77716863440482,23.3802632385632,59.9999944671441,59.7138618045573,60.9242671178335,-0.00832800022411817,4.63672661100737,1.84670413262977,28.2199519467161,525.642776165619,330.114349550268,626.616549020938,-2.97175047114263,188.546381008994,135.448683046799,315.661004930074,-2.21311152492297
fault_B08,fault,53,5,9,4,7,7,0.958759400236745,0.200888480766031,1.02468705101357,0.00231631199903892,0.769219285448179,11.3308899825264,1.02020766358892,0.563601975241503,1.05026694062541,0.00159487335517028,0.301216719790314,10.1666468036603,59.9999944662808,59.7293383774926,60.9210305695849,-0.00858549805009545,5.53698222588193,2.78500206164453,28.2459516599566,59.9999944671441,59.7138618045573,60.9242671178335,-0.00832800022411817,4.63672661100737,1.84670413262977,28.2199519467161,525.642776165619,330.114349550268,626.616549020938,-2.97175047114263,188.546381008994,135.448683046799,315.661004930074,-2.21311152492297
fault_B08,fault,54,27,30,5,7,7,1.0020543707611,0.762661042477368,1.05093761931614,0.00217923838597089,0.156625783525224,10.1666468036603,1.04990040987001,0.90442814634392,1.08387346014763,0.00131446009007252,0,5.90820119972308,59.9999949130723,59.4512838912927,61.2787132448741,-0.0104859815033507,4.99439332746555,2.81293646803516,28.7366680025621,59.9999944671441,59.7138618045573,60.9242671178335,-0.00832800022411817,4.63672661100737,1.84670413262977,28.2199519467161,525.642776165619,330.114349550268,626.616549020938,-2.97175047114263,188.546381008994,135.448683046799,315.661004930074,-2.21311152492297
fault_B08,fault,55,14,39,6,9,7,0.965188010297433,0.432096565433818,1.02793543712464,0.00223835001521333,0.653051976128299,11.2820787596042,1.03000013409431,0.930766361344731,1.03778563387484,0.000543083488057317,0,3.71989823442448,59.9999943494354,59.7854378381956,60.8483012176116,-0.00824679356867364,5.77863804509547,2.97613051207676,28.2199519467161,59.9999948530335,59.526873278073,61.0768910696166,-0.00817643159069092,4.55415436759742,2.78500206164453,27.1890865752599,525.642776165619,330.114349550268,626.616549020938,-2.97175047114263,188.546381008994,135.448683046799,315.661004930074,-2.21311152492297
fault_B08,fault,56,7,10,8,10,7,0.953428494064471,0.0704745468959646,1.01669668695199,0.00232267168781153,0.982176580642315,13.3653795267701,0.965720649152829,0.366443667907516,1.03492117251848,0.00221784987578744,0.636975873603761,11.2820787596042,59.9999936918416,59.92475052511,60.6465724921775,-0.00613315104006062,4.05793366002122,2.95577041087827,23.2956373650761,59.9999918043979,59.7787349820977,60.8797569549079,-0.00087415669561608,0.0724081734492046,3.34435474656095,28.167952520235,525.642776165619,330.114349550268,626.616549020938,-2.97175047114263,188.546381008994,135.448683046799,315.661004930074,-2.21311152492297
fault_B08,fault,57,35,36,1,5,8,1.04940121508332,0.888168255582253,1.09955047843947,0.00176520984924489,0.0444400733896437,9.07754596963061,1.0636010753349,0.914053380522277,1.11418018344841,0.0015124856114086,0,6.47252669142813,59.9999934559826,59.9240280800299,60.6366103776411,-0.00573855847641624,5.17238785282066,3.68484118043236,22.2242943313373,59.9999949130723,59.4512838912927,61.2787132448741,-0.0104859815033507,4.99439332746555,2.81293646803516,28.7366680025621,535.98704469732,375.599285340156,603.075585690674,-1.48635266888016,13.8483715662576,5.15482453903469,192.913139152727,-1.14260240119132
fault_B08,fault,58,17,36,2,3,8,0.99507019283339,0.712665981659089,1.04843124285335,0.00230420065546033,0.383627432208516,11.233267536682,1.0636010753349,0.914053380522277,1.11418018344841,0.0015124856114086,0,6.47252669142813,59.9999937660327,59.7006433954808,61.1650421467305,-0.00668494295795341,14.0547338469496,2.95577041087827,24.4918817769761,59.9999938740924,59.653166479708,60.8695629595394,-0.00709645959666716,10.4819935580992,1.77716863440482,23.3802632385632,535.98704469732,375.599285340156,603.075585690674,-1.48635266888016,13.8483715662576,5.15482453903469,192.913139152727,-1.14260240119132
fault_B08,fault,59,9,15,2,9,8,1.02020766358892,0.563601975241503,1.05026694062541,0.00159487335517028,0.301216719790314,10.1666468036603,0.973079105652974,0.622264642093527,1.03068970365293,0.00232258083618531,0.502657665336164,11.2820787596042,59.9999937660327,59.7006433954808,61.1650421467305,-0.00668494295795341,14.0547338469496,2.95577041087827,24.4918817769761,59.9999948530335,59.526873278073,61.0768910696166,-0.00817643159069092,4.55415436759742,2.78500206164453,27.1890865752599,535.98704469732,375.599285340156,603.075585690674,-1.48635266888016,13.8483715662576,5.15482453903469,192.913139152727,-1.14260240119132
fault_B08,fault,60,2,21,3,8,8,1.02001684293784,0.790250378230352,1.06055744217453,0.00198615717718087,0.083372959699592,10.1666468036603,0.997579594018811,0.76159666593518,1.05359409540602,0.00224619839602513,0.124578315908694,11.233267536682,59.9999938740924,59.653166479708,60.8695629595394,-0.00709645959666716,10.4819935580992,1.77716863440482,23.3802632385632,59.9999936918416,59.92475052511,60.6465724921775,-0.00613315104006062,4.05793366002122,2.95577041087827,23.2956373650761,535.98704469732,375.599285340156,603.075585690674,-1.48635266888016,13.8483715662576,5.15482453903469,192.913139152727,-1.14260240119132
fault_B08,fault,61,21,23,4,7,8,0.997579594018811,0.76159666593518,1.05359409540602,0.00224619839602513,0.124578315908694,11.233267536682,1.02167685351485,0.823985609390459,1.0759689058969,0.00202312230299162,0.083372959699592,9.13744348290182,59.9999944662808,59.7293383774926,60.9210305695849,-0.00858549805009545,5.53698222588193,2.78500206164453,28.2459516599566,59.9999944671441,59.7138618045573,60.9242671178335,-0.00832800022411817,4.63672661100737,1.84670413262977,28.2199519467161,535.98704469732,375.599285340156,603.075585690674,-1.48635266888016,13.8483715662576,5.15482453903469,192.913139152727,-1.14260240119132
fault_B08,fault,62,11,23,5,8,8,0.96248990465261,0.314998203878757,1.03130131106058,0.00226533230887704,0.724497223687121,11.2820787596042,1.02167685351485,0.823985609390459,1.0759689058969,0.00202312230299162,0.083372959699592,9.13744348290182,59.9999949130723,59.4512838912927,61.2787132448741,-0.0104859815033507,4.99439332746555,2.81293646803516,28.7366680025621,59.9999936918416,59.92475052511,60.6465724921775,-0.00613315104006062,4.05793366002122,2.95577041087827,23.2956373650761,535.98704469732,375.599285340156,603.075585690674,-1.48635266888016,13.8483715662576,5.15482453903469,192.913139152727,-1.14260240119132
fault_B08,fault,63,4,15,6,10,8,0.960053104706681,0.386763813322131,1.02010535801932,0.00221972762226719,0.717187704494361,11.2820787596042,0.973079105652974,0.622264642093527,1.03068970365293,0.00232258083618531,0.502657665336164,11.2820787596042,59.9999943494354,59.7854378381956,60.8483012176116,-0.00824679356867364,5.77863804509547,2.97613051207676,28.2199519467161,59.9999918043979,59.7787349820977,60.8797569549079,-0.00087415669561608,0.0724081734492046,3.34435474656095,28.167952520235,535.98704469732,375.599285340156,603.075585690674,-1.48635266888016,13.8483715662576,5.15482453903469,192.913139152727,-1.14260240119132
fault_B08,fault,64,25,27,8,10,8,1.02838004290673,0.822305045039875,1.06421638169642,0.00141597991141151,0.083372959699592,8.05364470782157,1.0020543707611,0.762661042477368,1.05093761931614,0.00217923838597089,0.156625783525224,10.1666468036603,59.9999936918416,59.92475052511,60.6465724921775,-0.00613315104006062,4.05793366002122,2.95577041087827,23.2956373650761,59.9999918043979,59.7787349820977,60.8797569549079,-0.00087415669561608,0.0724081734492046,3.34435474656095,28.167952520235,535.98704469732,375.599285340156,603.075585690674,-1.48635266888016,13.8483715662576,5.15482453903469,192.913139152727,-1.14260240119132
fault_B08,fault,65,13,36,1,6,9,0.964270739573376,0.382205280930095,1.03162654831938,0.0022155623765544,0.66172035736124,11.2820787596042,1.0636010753349,0.914053380522277,1.11418018344841,0.0015124856114086,0,6.47252669142813,59.9999934559826,59.9240280800299,60.6366103776411,-0.00573855847641624,5.17238785282066,3.68484118043236,22.2242943313373,59.9999943494354,59.7854378381956,60.8483012176116,-0.00824679356867364,5.77863804509547,2.97613051207676,28.2199519467161,821.976188999109,552.188759428984,972.042224422114,-4.10479223670939,43.6266753165716,25.949565174502,243.319488604666,-0.921387934372447
fault_B08,fault,66,6,14,2,4,9,0.959595788849726,0.211789122067233,1.02760880669993,0.00233050038681148,0.769219285448179,11.3308899825264,0.965188010297433,0.432096565433818,1.02793543712464,0.00223835001521333,0.653051976128299,11.2820787596042,59.9999937660327,59.7006433954808,61.1650421467305,-0.00668494295795341,14.0547338469496,2.95577041087827,24.4918817769761,59.9999944662808,59.7293383774926,60.9210305695849,-0.00858549805009545,5.53698222588193,2.78500206164453,28.2459516599566,821.976188999109,552.188759428984,972.042224422114,-4.10479223670939,43.6266753165716,25.949565174502,243.319488604666,-0.921387934372447
fault_B08,fault,67,30,38,2,9,9,1.04990040987001,0.90442814634392,1.08387346014763,0.00131446009007252,0,5.90820119972308,1.02650112277428,0.930507736649272,1.09666859436979,0.0023514687263313,0,12.305090462532,59.9999937660327,59.7006433954808,61.1650421467305,-0.00668494295795341,14.0547338469496,2.95577041087827,24.4918817769761,59.9999948530335,59.526873278073,61.0768910696166,-0.00817643159069092,4.55415436759742,2.78500206164453,27.1890865752599,821.976188999109,552.188759428984,972.042224422114,-4.10479223670939,43.6266753165716,25.949565174502,243.319488604666,-0.921387934372447
fault_B08,fault,68,16,30,3,8,9,0.991037366929576,0.714293674294226,1.0485717498302,0.00237675543223648,0.383627432208516,11.2820787596042,1.04990040987001,0.90442814634392,1.08387346014763,0.00131446009007252,0,5.90820119972308,59.9999938740924,59.653166479708,60.8695629595394,-0.00709645959666716,10.4819935580992,1.77716863440482,23.3802632385632,59.9999936918416,59.92475052511,60.6465724921775,-0.00613315104006062,4.05793366002122,2.95577041087827,23.2956373650761,821.976188999109,552.188759428984,972.042224422114,-4.10479223670939,43.6266753165716,25.949565174502,243.319488604666,-0.921387934372447
fault_B08,fault,69,8,16,4,8,9,0.954598516570043,0,1.01556289553991,0.00230993622849507,0.980343153690964,13.3653795267701,0.991037366929576,0.714293674294226,1.0485717498302,0.00237675543223648,0.383627432208516,11.2820787596042,59.9999944662808,59.7293383774926,60.9210305695849,-0.00858549805009545,5.53698222588193,2.78500206164453,28.2459516599566,59.9999936918416,59.92475052511,60.6465724921775,-0.00613315104006062,4.05793366002122,2.95577041087827,23.2956373650761,821.976188999109,552.188759428984,972.042224422114,-4.10479223670939,43.6266753165716,25.949565174502,243.319488604666,-0.921387934372447
fault_B08,fault,70,1,29,5,9,9,1.02689638912936,0.868934082728781,1.04982551853796,0.00167303945575936,0.083372959699592,10.1666468036603,1.02109303516246,0.890834684169122,1.08487755816356,0.00242479318234179,0.0518898657520666,12.3317504020616,59.9999949130723,59.4512838912927,61.2787132448741,-0.0104859815033507,4.99439332746555,2.81293646803516,28.7366680025621,59.9999948530335,59.526873278073,61.0768910696166,-0.00817643159069092,4.55415436759742,2.78500206164453,27.1890865752599,821.976188999109,552.188759428984,972.042224422114,-4.10479223670939,43.6266753165716,25.949565174502,243.319488604666,-0.921387934372447
fault_B08,fault,71,19,32,6,10,9,0.990604210848697,0.786000312053471,1.05476226682851,0.00252771029023469,0.206989028326896,12.3317504020616,0.984100548431793,0.534742242792311,1.06259427771297,0.00194023776343966,0.454899360868968,10.1666468036603,59.9999943494354,59.7854378381956,60.8483012176116,-0.00824679356867364,5.77863804509547,2.97613051207676,28.2199519467161,59.9999918043979,59.7787349820977,60.8797569549079,-0.00087415669561608,0.0724081734492046,3.34435474656095,28.167952520235,821.976188999109,552.188759428984,972.042224422114,-4.10479223670939,43.6266753165716,25.949565174502,243.319488604666,-0.921387934372447
fault_B08,fault,72,10,23,9,10,9,0.965720649152829,0.366443667907516,1.03492117251848,0.00221784987578744,0.636975873603761,11.2820787596042,1.02167685351485,0.823985609390459,1.0759689058969,0.00202312230299162,0.083372959699592,9.13744348290182,59.9999948530335,59.526873278073,61.0768910696166,-0.00817643159069092,4.55415436759742,2.78500206164453,27.1890865752599,59.9999918043979,59.7787349820977,60.8797569549079,-0.00087415669561608,0.0724081734492046,3.34435474656095,28.167952520235,821.976188999109,552.188759428984,972.042224422114,-4.10479223670939,43.6266753165716,25.949565174502,243.319488604666,-0.921387934372447
fault_B08,fault,73,3,22,1,7,10,0.994475020133488,0.648045198711498,1.04319743453478,0.00213284633870903,0.409569057848032,10.2125195858101,1.0229600920912,0.824642081296489,1.0769596568346,0.00204254063431653,0.083372959699592,9.13744348290182,59.9999934559826,59.9240280800299,60.6366103776411,-0.00573855847641624,5.17238785282066,3.68484118043236,22.2242943313373,59.9999944671441,59.7138618045573,60.9242671178335,-0.00832800022411817,4.63672661100737,1.84670413262977,28.2199519467161,950.434923998617,-341.787978172962,2345.49965439062,48.6970667659417,226.715283095974,57.5239694790172,1748.79637906608,-11.8329065262699
fault_B08,fault,74,23,28,2,4,10,1.02167685351485,0.823985609390459,1.0759689058969,0.00202312230299162,0.083372959699592,9.13744348290182,1.01980319076653,0.871701453442327,1.07975412364921,0.00239403820268835,0.083372959699592,12.3317504020616,59.9999937660327,59.7006433954808,61.1650421467305,-0.00668494295795341,14.0547338469496,2.95577041087827,24.4918817769761,59.9999944662808,59.7293383774926,60.9210305695849,-0.00858549805009545,5.53698222588193,2.78500206164453,28.2459516599566,950.434923998617,-341.787978172962,2345.49965439062,48.6970667659417,226.715283095974,57.5239694790172,1748.79637906608,-11.8329065262699
fault_B08,fault,75,12,34,2,10,10,0.945223588050834,0.341889884257294,1.01202329781434,0.00219809465196674,1.09503570145634,11.2820787596042,1.01230116063239,0.855870636038219,1.08844140709787,0.0030064069713307,0.083372959699592,12.390364800858,59.9999937660327,59.7006433954808,61.1650421467305,-0.00668494295795341,14.0547338469496,2.95577041087827,24.4918817769761,59.9999918043979,59.7787349820977,60.8797569549079,-0.00087415669561608,0.0724081734492046,3.34435474656095,28.167952520235,950.434923998617,-341.787978172962,2345.49965439062,48.6970667659417,226.715283095974,57.5239694790172,1748.79637906608,-11.8329065262699
fault_B08,fault,76,5,19,3,9,10,0.958759400236745,0.200888480766031,1.02468705101357,0.00231631199903892,0.769219285448179,11.3308899825264,0.990604210848697,0.786000312053471,1.05476226682851,0.00252771029023469,0.206989028326896,12.3317504020616,59.9999938740924,59.653166479708,60.8695629595394,-0.00709645959666716,10.4819935580992,1.77716863440482,23.3802632385632,59.9999948530335,59.526873278073,61.0768910696166,-0.00817643159069092,4.55415436759742,2.78500206164453,27.1890865752599,950.434923998617,-341.787978172962,2345.49965439062,48.6970667659417,226.715283095974,57.5239694790172,1748.79637906608,-11.8329065262699
fault_B08,fault,77,27,39,4,8,10,1.0020543707611,0.762661042477368,1.05093761931614,0.00217923838597089,0.156625783525224,10.1666468036603,1.03000013409431,0.930766361344731,1.03778563387484,0.000543083488057317,0,3.71989823442448,59.9999944662808,59.7293383774926,60.9210305695849,-0.00858549805009545,5.53698222588193,2.78500206164453,28.2459516599566,59.9999936918416,59.92475052511,60.6465724921775,-0.00613315104006062,4.05793366002122,2.95577041087827,23.2956373650761,950.434923998617,-341.787978172962,2345.49965439062,48.6970667659417,226.715283095974,57.5239694790172,1748.79637906608,-11.8329065262699
fault_B08,fault,78,15,24,5,9,10,0.973079105652974,0.622264642093527,1.03068970365293,0.00232258083618531,0.502657665336164,11.2820787596042,0.999264074901395,0.732888143975246,1.05695203428793,0.00236443795985397,0.303131431176489,11.2820787596042,59.9999949130723,59.4512838912927,61.2787132448741,-0.0104859815033507,4.99439332746555,2.81293646803516,28.7366680025621,59.9999948530335,59.526873278073,61.0768910696166,-0.00817643159069092,4.55415436759742,2.78500206164453,27.1890865752599,950.434923998617,-341.787978172962,2345.49965439062,48.6970667659417,226.715283095974,57.5239694790172,1748.79637906608,-11.8329065262699
fault_B08,fault,79,7,19,7,8,10,0.953428494064471,0.0704745468959646,1.01669668695199,0.00232267168781153,0.982176580642315,13.3653795267701,0.990604210848697,0.786000312053471,1.05476226682851,0.00252771029023469,0.206989028326896,12.3317504020616,59.9999944671441,59.7138618045573,60.9242671178335,-0.00832800022411817,4.63672661100737,1.84670413262977,28.2199519467161,59.9999936918416,59.92475052511,60.6465724921775,-0.00613315104006062,4.05793366002122,2.95577041087827,23.2956373650761,950.434923998617,-341.787978172962,2345.49965439062,48.6970667659417,226.715283095974,57.5239694790172,1748.79637906608,-11.8329065262699
fault_B08,fault,80,38,39,9,10,10,1.02650112277428,0.930507736649272,1.09666859436979,0.0023514687263313,0,12.305090462532,1.03000013409431,0.930766361344731,1.03778563387484,0.000543083488057317,0,3.71989823442448,59.9999948530335,59.526873278073,61.0768910696166,-0.00817643159069092,4.55415436759742,2.78500206164453,27.1890865752599,59.9999918043979,59.7787349820977,60.8797569549079,-0.00087415669561608,0.0724081734492046,3.34435474656095,28.167952520235,950.434923998617,-341.787978172962,2345.49965439062,48.6970667659417,226.715283095974,57.5239694790172,1748.79637906608,-11.8329065262699
fault_B17,fault,1,1,2,1,2,1,1.02689638912936,0.770455702397131,1.05835679529827,0.00086507488807186,0.859011949291059,14.6607184494068,1.02001684293784,0.579895199195484,1.0818977545235,0.000970662484032658,0.842553134586734,14.6916078954046,59.9999934559826,59.6263189423537,61.3794744215791,-0.0222678530486959,5.00229469567923,2.82527407230621,28.4463446794849,59.9999937660327,59.7103240710085,61.7567744595818,-0.0285677484461786,7.85305151415164,7.37757660248818,28.5784460225969,247.351644502021,-32.7769261088605,537.465405839956,-2.00626117551042,178.513910467193,147.536294018929,824.466912236732,-1.70376846670962
fault_B17,fault,2,18,25,1,7,1,0.993422297824962,0.144692130293051,1.0620000142876,0.00104481415085067,1.07066189001697,15.739876786797,1.02838004290673,0.587046459174955,1.08669268913289,0.000653601775958856,0.487648374420113,12.5323703253098,59.9999934559826,59.6263189423537,61.3794744215791,-0.0222678530486959,5.00229469567923,2.82527407230621,28.4463446794849,59.9999944671441,59.5031124366757,61.7009135020223,-0.0375344264354638,10.2875492596586,2.90205446381957,28.6206779053004,247.351644502021,-32.7769261088605,537.465405839956,-2.00626117551042,178.513910467193,147.536294018929,824.466912236732,-1.70376846670962
fault_B17,fault,3,9,25,2,5,1,1.02020766358892,0.751891186184501,1.05309967991405,0.000867407987897417,0.912261488172374,14.6130264699648,1.02838004290673,0.587046459174955,1.08669268913289,0.000653601775958856,0.487648374420113,12.5323703253098,59.9999937660327,59.7103240710085,61.7567744595818,-0.0285677484461786,7.85305151415164,7.37757660248818,28.5784460225969,59.9999949130723,59.2867152400789,61.8125235803609,-0.0474400314124779,11.3556606418962,1.92035627405381,28.6788565085016,247.351644502021,-32.7769261088605,537.465405839956,-2.00626117551042,178.513910467193,147.536294018929,824.466912236732,-1.70376846670962
fault_B17,fault,4,2,31,3,4,1,1.02001684293784,0.579895199195484,1.0818977545235,0.000970662484032658,0.842553134586734,14.6916078954046,0.982000570674875,0.675395136740451,1.08385306493771,0.00138685072837719,1.11374465928016,15.7711338438894,59.9999938740924,59.7385506596733,61.5403873442379,-0.0293756165757273,7.82993191044812,2.82527407230621,28.5784460225969,59.9999944662808,59.55323211019,61.5976256457747,-0.0383519615164332,11.7298583332778,2.94595608924927,28.649767206901,247.351644502021,-32.7769261088605,537.465405839956,-2.00626117551042,178.513910467193,147.536294018929,824.466912236732,-1.70376846670962
fault_B17,fault,5,21,33,3,9,1,0.997579594018811,0.383249317586492,1.0758775164468,0.000991332160025227,1.00805972267324,15.739876786797,0.997200971921189,0.552475097650513,1.09105165450522,0.000827749077491724,0.866358968683081,14.7224973414024,59.9999938740924,59.7385506596733,61.5403873442379,-0.0293756165757273,7.82993191044812,2.82527407230621,28.5784460225969,59.9999948530335,59.4097232076828,61.4734680597117,-0.0351737134466106,11.044286931167,3.01918873561691,28.6206779053004,247.351644502021,-32.7769261088605,537.465405839956,-2.00626117551042,178.513910467193,147.536294018929,824.466912236732,-1.70376846670962
fault_B17,fault,6,11,33,4,9,1,0.96248990465261,0.557729240249081,1.04297150809445,0.00120985763268078,1.56676645844253,15.7711338438894,0.997200971921189,0.552475097650513,1.09105165450522,0.000827749077491724,0.866358968683081,14.7224973414024,59.9999944662808,59.55323211019,61.5976256457747,-0.0383519615164332,11.7298583332778,2.94595608924927,28.649767206901,59.9999948530335,59.4097232076828,61.4734680597117,-0.0351737134466106,11.044286931167,3.01918873561691,28.6206779053004,247.351644502021,-32.7769261088605,537.465405839956,-2.00626117551042,178.513910467193,147.536294018929,824.466912236732,-1.70376846670962
fault_B17,fault,7,4,25,5,10,1,0.960053104706681,0.474680340973693,1.03177195778056,0.00114998883026241,1.75408106650654,15.7711338438894,1.02838004290673,0.587046459174955,1.08669268913289,0.000653601775958856,0.487648374420113,12.5323703253098,59.9999949130723,59.2867152400789,61.8125235803609,-0.0474400314124779,11.3556606418962,1.92035627405381,28.6788565085016,59.9999918043979,59.7033269751795,61.5393199899669,0.010007431456188,0.221487202501214,3.41166780862934,28.6206779053004,247.351644502021,-32.7769261088605,537.465405839956,-2.00626117551042,178.513910467193,147.536294018929,824.466912236732,-1.70376846670962
fault_B17,fault,8,25,37,7,8,1,1.02838004290673,0.587046459174955,1.08669268913289,0.000653601775958856,0.487648374420113,12.5323703253098,1.02750054732654,0.68117599138267,1.09491944654307,0.000545062713238176,0.362893275100519,11.4179449095697,59.9999944671441,59.5031124366757,61.7009135020223,-0.0375344264354638,10.2875492596586,2.90205446381957,28.6206779053004,59.9999936918416,59.7351850232214,61.4710357415059,-0.0241488082851475,7.51338215237324,2.90205446381957,28.5016452402181,247.351644502021,-32.7769261088605,537.465405839956,-2.00626117551042,178.513910467193,147.536294018929,824.466912236732,-1.70376846670962
fault_B17,fault,9,14,21,1,2,2,0.965188010297433,0.466190400458656,1.04073202221984,0.00113931209558904,1.37502831604291,15.7711338438894,0.997579594018811,0.383249317586492,1.0758775164468,0.000991332160025227,1.00805972267324,15.739876786797,59.9999934559826,59.6263189423537,61.3794744215791,-0.0222678530486959,5.00229469567923,2.82527407230621,28.4463446794849,59.9999937660327,59.7103240710085,61.7567744595818,-0.0285677484461786,7.85305151415164,7.37757660248818,28.5784460225969,699.11655373899,327.996197869522,975.63249850481,-2.61153841739656,156.180710399892,154.365418172234,348.707363337567,-0.0934233753779097
fault_B17,fault,10,6,24,1,8,2,0.959595788849726,0.564744663864075,1.03726241756897,0.00127672686418934,1.85938914883942,15.7941723828332,0.999264074901395,0.303137982456164,1.07679801042264,0.00104945893247299,1.00805972267324,15.7711338438894,59.9999934559826,59.6263189423537,61.3794744215791,-0.0222678530486959,5.00229469567923,2.82527407230621,28.4463446794849,59.9999936918416,59.7351850232214,61.4710357415059,-0.0241488082851475,7.51338215237324,2.90205446381957,28.5016452402181,699.11655373899,327.996197869522,975.63249850481,-2.61153841739656,156.180710399892,154.365418172234,348.707363337567,-0.0934233753779097
fault_B17,fault,11,32,33,2,5,2,0.984100548431793,0.677251195730249,1.07898925443735,0.000995436130058036,1.01703739628221,15.739876786797,0.997200971921189,0.552475097650513,1.09105165450522,0.000827749077491724,0.866358968683081,14.7224973414024,59.9999937660327,59.7103240710085,61.7567744595818,-0.0285677484461786,7.85305151415164,7.37757660248818,28.5784460225969,59.9999949130723,59.2867152400789,61.8125235803609,-0.0474400314124779,11.3556606418962,1.92035627405381,28.6788565085016,699.11655373899,327.996197869522,975.63249850481,-2.61153841739656,156.180710399892,154.365418172234,348.707363337567,-0.0934233753779097
fault_B17,fault,12,17,18,3,4,2,0.99507019283339,0,1.06755736451778,0.00104067851269252,1.07066189001697,15.739876786797,0.993422297824962,0.144692130293051,1.0620000142876,0.00104481415085067,1.07066189001697,15.739876786797,59.9999938740924,59.7385506596733,61.5403873442379,-0.0293756165757273,7.82993191044812,2.82527407230621,28.5784460225969,59.9999944662808,59.55323211019,61.5976256457747,-0.0383519615164332,11.7298583332778,2.94595608924927,28.649767206901,699.11655373899,327.996197869522,975.63249850481,-2.61153841739656,156.180710399892,154.365418172234,348.707363337567,-0.0934233753779097
fault_B17,fault,13,8,26,3,10,2,0.954598516570043,0.582963424003088,1.02282016327654,0.0012617485198011,2.47516411985484,16.7830238598651,1.01926696898686,0.397602540170734,1.09300165424147,0.000892155939616002,0.832027621922758,14.7224973414024,59.9999938740924,59.7385506596733,61.5403873442379,-0.0293756165757273,7.82993191044812,2.82527407230621,28.5784460225969,59.9999918043979,59.7033269751795,61.5393199899669,0.010007431456188,0.221487202501214,3.41166780862934,28.6206779053004,699.11655373899,327.996197869522,975.63249850481,-2.61153841739656,156.180710399892,154.365418172234,348.707363337567,-0.0934233753779097
fault_B17,fault,14,1,39,4,10,2,1.02689638912936,0.770455702397131,1.05835679529827,0.00086507488807186,0.859011949291059,14.6607184494068,1.03000013409431,0.931998849820788,1.03924789616132,0.000287056279266951,0,8.18616022241809,59.9999944662808,59.55323211019,61.5976256457747,-0.0383519615164332,11.7298583332778,2.94595608924927,28.649767206901,59.9999918043979,59.7033269751795,61.5393199899669,0.010007431456188,0.221487202501214,3.41166780862934,28.6206779053004,699.11655373899,327.996197869522,975.63249850481,-2.61153841739656,156.180710399892,154.365418172234,348.707363337567,-0.0934233753779097
fault_B17,fault,15,20,23,5,10,2,0.987464538640993,0.517035971381934,1.08499073773755,0.00105346288874664,1.2342588059118,16.8260349471051,1.02167685351485,0.51368588035021,1.10000840934637,0.00086434886813791,0.418480468080742,14.6916078954046,59.9999949130723,59.2867152400789,61.8125235803609,-0.0474400314124779,11.3556606418962,1.92035627405381,28.6788565085016,59.9999918043979,59.7033269751795,61.5393199899669,0.010007431456188,0.221487202501214,3.41166780862934,28.6206779053004,699.11655373899,327.996197869522,975.63249850481,-2.61153841739656,156.180710399892,154.365418172234,348.707363337567,-0.0934233753779097
fault_B17,fault,16,10,33,7,9,2,0.965720649152829,0.557002304304013,1.04749588925014,0.00116947376069509,1.29100211469158,15.7711338438894,0.997200971921189,0.552475097650513,1.09105165450522,0.000827749077491724,0.866358968683081,14.7224973414024,59.9999944671441,59.5031124366757,61.7009135020223,-0.0375344264354638,10.2875492596586,2.90205446381957,28.6206779053004,59.9999948530335,59.4097232076828,61.4734680597117,-0.0351737134466106,11.044286931167,3.01918873561691,28.6206779053004,699.11655373899,327.996197869522,975.63249850481,-2.61153841739656,156.180710399892,154.365418172234,348.707363337567,-0.0934233753779097
fault_B17,fault,17,3,32,1,3,3,0.994475020133488,0.379836424067619,1.05743265568166,0.00103496332504405,1.06343110764083,15.739876786797,0.984100548431793,0.677251195730249,1.07898925443735,0.000995436130058036,1.01703739628221,15.739876786797,59.9999934559826,59.6263189423537,61.3794744215791,-0.0222678530486959,5.00229469567923,2.82527407230621,28.4463446794849,59.9999938740924,59.7385506596733,61.5403873442379,-0.0293756165757273,7.82993191044812,2.82527407230621,28.5784460225969,672.46804441793,292.24691994731,854.29238032109,-1.29335922361395,138.262054035867,128.145374344936,437.127407029909,-1.05643498443956
fault_B17,fault,18,23,38,1,8,3,1.02167685351485,0.51368588035021,1.10000840934637,0.00086434886813791,0.418480468080742,14.6916078954046,1.02650112277428,0.708090440744363,1.12831573771639,0.000881467642778855,0.504529920023563,15.1585082169396,59.9999934559826,59.6263189423537,61.3794744215791,-0.0222678530486959,5.00229469567923,2.82527407230621,28.4463446794849,59.9999936918416,59.7351850232214,61.4710357415059,-0.0241488082851475,7.51338215237324,2.90205446381957,28.5016452402181,672.46804441793,292.24691994731,854.29238032109,-1.29335922361395,138.262054035867,128.145374344936,437.127407029909,-1.05643498443956
fault_B17,fault,19,13,18,2,6,3,0.964270739573376,0.530225684062809,1.04411465069967,0.00115788903122971,1.34064162016319,15.7711338438894,0.993422297824962,0.144692130293051,1.0620000142876,0.00104481415085067,1.07066189001697,15.739876786797,59.9999937660327,59.7103240710085,61.7567744595818,-0.0285677484461786,7.85305151415164,7.37757660248818,28.5784460225969,59.9999943494354,59.5449378076993,61.6824674644565,-0.0377398820450523,12.1716171766048,2.87646099998178,28.6206779053004,672.46804441793,292.24691994731,854.29238032109,-1.29335922361395,138.262054035867,128.145374344936,437.127407029909,-1.05643498443956
fault_B17,fault,20,5,29,3,5,3,0.958759400236745,0.554536538743499,1.03409715907624,0.00126002120346203,1.92260367981523,15.7941723828332,1.02109303516246,0.602891101501125,1.11590702635012,0.000940040333404779,0.74396112064143,16.7615183162451,59.9999938740924,59.7385506596733,61.5403873442379,-0.0293756165757273,7.82993191044812,2.82527407230621,28.5784460225969,59.9999949130723,59.2867152400789,61.8125235803609,-0.0474400314124779,11.3556606418962,1.92035627405381,28.6788565085016,672.46804441793,292.24691994731,854.29238032109,-1.29335922361395,138.262054035867,128.145374344936,437.127407029909,-1.05643498443956
fault_B17,fault,21,28,38,3,10,3,1.01980319076653,0.552394940301697,1.1098062484079,0.000945000112605454,0.791426666118246,15.1428683479597,1.02650112277428,0.708090440744363,1.12831573771639,0.000881467642778855,0.504529920023563,15.1585082169396,59.9999938740924,59.7385506596733,61.5403873442379,-0.0293756165757273,7.82993191044812,2.82527407230621,28.5784460225969,59.9999918043979,59.7033269751795,61.5393199899669,0.010007431456188,0.221487202501214,3.41166780862934,28.6206779053004,672.46804441793,292.24691994731,854.29238032109,-1.29335922361395,138.262054035867,128.145374344936,437.127407029909,-1.05643498443956
fault_B17,fault,22,15,34,4,10,3,0.973079105652974,0.319774647204707,1.04531033931509,0.00107626857595167,1.32534766206111,15.7711338438894,1.01230116063239,0.602384314858536,1.12157677497675,0.00110310723594242,0.860975952093963,17.9175011273929,59.9999944662808,59.55323211019,61.5976256457747,-0.0383519615164332,11.7298583332778,2.94595608924927,28.649767206901,59.9999918043979,59.7033269751795,61.5393199899669,0.010007431456188,0.221487202501214,3.41166780862934,28.6206779053004,672.46804441793,292.24691994731,854.29238032109,-1.29335922361395,138.262054035867,128.145374344936,437.127407029909,-1.05643498443956
fault_B17,fault,23,7,29,6,7,3,0.953428494064471,0.574712310705893,1.02463541087775,0.00127020398480571,2.50507527413181,15.7941723828332,1.02109303516246,0.602891101501125,1.11590702635012,0.000940040333404779,0.74396112064143,16.7615183162451,59.9999943494354,59.5449378076993,61.6824674644565,-0.0377398820450523,12.1716171766048,2.87646099998178,28.6206779053004,59.9999944671441,59.5031124366757,61.7009135020223,-0.0375344264354638,10.2875492596586,2.90205446381957,28.6206779053004,672.46804441793,292.24691994731,854.29238032109,-1.29335922361395,138.262054035867,128.145374344936,437.127407029909,-1.05643498443956
fault_B17,fault,24,1,11,7,10,3,1.02689638912936,0.770455702397131,1.05835679529827,0.00086507488807186,0.859011949291059,14.6607184494068,0.96248990465261,0.557729240249081,1.04297150809445,0.00120985763268078,1.56676645844253,15.7711338438894,59.9999944671441,59.5031124366757,61.7009135020223,-0.0375344264354638,10.2875492596586,2.90205446381957,28.6206779053004,59.9999918043979,59.7033269751795,61.5393199899669,0.010007431456188,0.221487202501214,3.41166780862934,28.6206779053004,672.46804441793,292.24691994731,854.29238032109,-1.29335922361395,138.262054035867,128.145374344936,437.127407029909,-1.05643498443956
fault_B17,fault,25,18,34,1,3,4,0.993422297824962,0.144692130293051,1.0620000142876,0.00104481415085067,1.07066189001697,15.739876786797,1.01230116063239,0.602384314858536,1.12157677497675,0.00110310723594242,0.860975952093963,17.9175011273929,59.9999934559826,59.6263189423537,61.3794744215791,-0.0222678530486959,5.00229469567923,2.82527407230621,28.4463446794849,59.9999938740924,59.7385506596733,61.5403873442379,-0.0293756165757273,7.82993191044812,2.82527407230621,28.5784460225969,653.081286728971,187.242969744431,863.195878319457,-2.06025753694973,44.6481487675236,12.2376256345543,348.626785974061,-1.35955555026873
fault_B17,fault,26,9,34,1,9,4,1.02020766358892,0.751891186184501,1.05309967991405,0.000867407987897417,0.912261488172374,14.6130264699648,1.01230116063239,0.602384314858536,1.12157677497675,0.00110310723594242,0.860975952093963,17.9175011273929,59.9999934559826,59.6263189423537,61.3794744215791,-0.0222678530486959,5.00229469567923,2.82527407230621,28.4463446794849,59.9999948530335,59.4097232076828,61.4734680597117,-0.0351737134466106,11.044286931167,3.01918873561691,28.6206779053004,653.081286728971,187.242969744431,863.195878319457,-2.06025753694973,44.6481487675236,12.2376256345543,348.626785974061,-1.35955555026873
fault_B17,fault,27,3,4,2,7,4,0.994475020133488,0.379836424067619,1.05743265568166,0.00103496332504405,1.06343110764083,15.739876786797,0.960053104706681,0.474680340973693,1.03177195778056,0.00114998883026241,1.75408106650654,15.7711338438894,59.9999937660327,59.7103240710085,61.7567744595818,-0.0285677484461786,7.85305151415164,7.37757660248818,28.5784460225969,59.9999944671441,59.5031124366757,61.7009135020223,-0.0375344264354638,10.2875492596586,2.90205446381957,28.6206779053004,653.081286728971,187.242969744431,863.195878319457,-2.06025753694973,44.6481487675236,12.2376256345543,348.626785974061,-1.35955555026873
fault_B17,fault,28,22,26,3,5,4,1.0229600920912,0.511392960431968,1.10252805656703,0.00088213803312831,0.418480468080742,14.6916078954046,1.01926696898686,0.397602540170734,1.09300165424147,0.000892155939616002,0.832027621922758,14.7224973414024,59.9999938740924,59.7385506596733,61.5403873442379,-0.0293756165757273,7.82993191044812,2.82527407230621,28.5784460225969,59.9999949130723,59.2867152400789,61.8125235803609,-0.0474400314124779,11.3556606418962,1.92035627405381,28.6788565085016,653.081286728971,187.242969744431,863.195878319457,-2.06025753694973,44.6481487675236,12.2376256345543,348.626785974061,-1.35955555026873
fault_B17,fault,29,12,15,4,5,4,0.945223588050834,0.533697536812677,1.02386183934407,0.00116154094092646,2.66444699088741,15.7711338438894,0.973079105652974,0.319774647204707,1.04531033931509,0.00107626857595167,1.32534766206111,15.7711338438894,59.9999944662808,59.55323211019,61.5976256457747,-0.0383519615164332,11.7298583332778,2.94595608924927,28.649767206901,59.9999949130723,59.2867152400789,61.8125235803609,-0.0474400314124779,11.3556606418962,1.92035627405381,28.6788565085016,653.081286728971,187.242969744431,863.195878319457,-2.06025753694973,44.6481487675236,12.2376256345543,348.626785974061,-1.35955555026873
fault_B17,fault,30,4,34,5,6,4,0.960053104706681,0.474680340973693,1.03177195778056,0.00114998883026241,1.75408106650654,15.7711338438894,1.01230116063239,0.602384314858536,1.12157677497675,0.00110310723594242,0.860975952093963,17.9175011273929,59.9999949130723,59.2867152400789,61.8125235803609,-0.0474400314124779,11.3556606418962,1.92035627405381,28.6788565085016,59.9999943494354,59.5449378076993,61.6824674644565,-0.0377398820450523,12.1716171766048,2.87646099998178,28.6206779053004,653.081286728971,187.242969744431,863.195878319457,-2.06025753694973,44.6481487675236,12.2376256345543,348.626785974061,-1.35955555026873
fault_B17,fault,31,26,33,6,7,4,1.01926696898686,0.397602540170734,1.09300165424147,0.000892155939616002,0.832027621922758,14.7224973414024,0.997200971921189,0.552475097650513,1.09105165450522,0.000827749077491724,0.866358968683081,14.7224973414024,59.9999943494354,59.5449378076993,61.6824674644565,-0.0377398820450523,12.1716171766048,2.87646099998178,28.6206779053004,59.9999944671441,59.5031124366757,61.7009135020223,-0.0375344264354638,10.2875492596586,2.90205446381957,28.6206779053004,653.081286728971,187.242969744431,863.195878319457,-2.06025753694973,44.6481487675236,12.2376256345543,348.626785974061,-1.35955555026873
fault_B17,fault,32,14,30,7,10,4,0.965188010297433,0.466190400458656,1.04073202221984,0.00113931209558904,1.37502831604291,15.7711338438894,1.04990040987001,0.770872172814775,1.10918055660822,0.000674033765380999,0.0833779660340714,11.4179449095697,59.9999944671441,59.5031124366757,61.7009135020223,-0.0375344264354638,10.2875492596586,2.90205446381957,28.6206779053004,59.9999918043979,59.7033269751795,61.5393199899669,0.010007431456188,0.221487202501214,3.41166780862934,28.6206779053004,653.081286728971,187.242969744431,863.195878319457,-2.06025753694973,44.6481487675236,12.2376256345543,348.626785974061,-1.35955555026873
fault_B17,fault,33,6,33,1,4,5,0.959595788849726,0.564744663864075,1.03726241756897,0.00127672686418934,1.85938914883942,15.7941723828332,0.997200971921189,0.552475097650513,1.09105165450522,0.000827749077491724,0.866358968683081,14.7224973414024,59.9999934559826,59.6263189423537,61.3794744215791,-0.0222678530486959,5.00229469567923,2.82527407230621,28.4463446794849,59.9999944662808,59.55323211019,61.5976256457747,-0.0383519615164332,11.7298583332778,2.94595608924927,28.649767206901,517.000719945857,123.337862580804,742.956389264884,-2.25257893622006,137.308688158259,61.9899458701423,317.718250156772,0.289280861369321
fault_B17,fault,34,33,36,1,9,5,0.997200971921189,0.552475097650513,1.09105165450522,0.000827749077491724,0.866358968683081,14.7224973414024,1.0636010753349,0.695420543322215,1.14345737673157,0.000558835503295052,0.0833779660340714,11.4820566151565,59.9999934559826,59.6263189423537,61.3794744215791,-0.0222678530486959,5.00229469567923,2.82527407230621,28.4463446794849,59.9999948530335,59.4097232076828,61.4734680597117,-0.0351737134466106,11.044286931167,3.01918873561691,28.6206779053004,517.000719945857,123.337862580804,742.956389264884,-2.25257893622006,137.308688158259,61.9899458701423,317.718250156772,0.289280861369321
fault_B17,fault,35,17,27,2,7,5,0.99507019283339,0,1.06755736451778,0.00104067851269252,1.07066189001697,15.739876786797,1.0020543707611,0.213530056287476,1.07487057995269,0.000950672098933625,0.97971287714394,14.7224973414024,59.9999937660327,59.7103240710085,61.7567744595818,-0.0285677484461786,7.85305151415164,7.37757660248818,28.5784460225969,59.9999944671441,59.5031124366757,61.7009135020223,-0.0375344264354638,10.2875492596586,2.90205446381957,28.6206779053004,517.000719945857,123.337862580804,742.956389264884,-2.25257893622006,137.308688158259,61.9899458701423,317.718250156772,0.289280861369321
fault_B17,fault,36,8,36,3,6,5,0.954598516570043,0.582963424003088,1.02282016327654,0.0012617485198011,2.47516411985484,16.7830238598651,1.0636010753349,0.695420543322215,1.14345737673157,0.000558835503295052,0.0833779660340714,11.4820566151565,59.9999938740924,59.7385506596733,61.5403873442379,-0.0293756165757273,7.82993191044812,2.82527407230621,28.5784460225969,59.9999943494354,59.5449378076993,61.6824674644565,-0.0377398820450523,12.1716171766048,2.87646099998178,28.6206779053004,517.000719945857,123.337862580804,742.956389264884,-2.25257893622006,137.308688158259,61.9899458701423,317.718250156772,0.289280861369321
fault_B17,fault,37,2,11,4,6,5,1.02001684293784,0.579895199195484,1.0818977545235,0.000970662484032658,0.842553134586734,14.6916078954046,0.96248990465261,0.557729240249081,1.04297150809445,0.00120985763268078,1.56676645844253,15.7711338438894,59.9999944662808,59.55323211019,61.5976256457747,-0.0383519615164332,11.7298583332778,2.94595608924927,28.649767206901,59.9999943494354,59.5449378076993,61.6824674644565,-0.0377398820450523,12.1716171766048,2.87646099998178,28.6206779053004,517.000719945857,123.337862580804,742.956389264884,-2.25257893622006,137.308688158259,61.9899458701423,317.718250156772,0.289280861369321
fault_B17,fault,38,20,32,5,6,5,0.987464538640993,0.517035971381934,1.08499073773755,0.00105346288874664,1.2342588059118,16.8260349471051,0.984100548431793,0.677251195730249,1.07898925443735,0.000995436130058036,1.01703739628221,15.739876786797,59.9999949130723,59.2867152400789,61.8125235803609,-0.0474400314124779,11.3556606418962,1.92035627405381,28.6788565085016,59.9999943494354,59.5449378076993,61.6824674644565,-0.0377398820450523,12.1716171766048,2.87646099998178,28.6206779053004,517.000719945857,123.337862580804,742.956389264884,-2.25257893622006,137.308688158259,61.9899458701423,317.718250156772,0.289280861369321
fault_B17,fault,39,11,14,6,8,5,0.96248990465261,0.557729240249081,1.04297150809445,0.00120985763268078,1.56676645844253,15.7711338438894,0.965188010297433,0.466190400458656,1.04073202221984,0.00113931209558904,1.37502831604291,15.7711338438894,59.9999943494354,59.5449378076993,61.6824674644565,-0.0377398820450523,12.1716171766048,2.87646099998178,28.6206779053004,59.9999936918416,59.7351850232214,61.4710357415059,-0.0241488082851475,7.51338215237324,2.90205446381957,28.5016452402181,517.000719945857,123.337862580804,742.956389264884,-2.25257893622006,137.308688158259,61.9899458701423,317.718250156772,0.289280861369321
fault_B17,fault,40,4,6,8,9,5,0.960053104706681,0.474680340973693,1.03177195778056,0.00114998883026241,1.75408106650654,15.7711338438894,0.959595788849726,0.564744663864075,1.03726241756897,0.00127672686418934,1.85938914883942,15.7941723828332,59.9999936918416,59.7351850232214,61.4710357415059,-0.0241488082851475,7.51338215237324,2.90205446381957,28.5016452402181,59.9999948530335,59.4097232076828,61.4734680597117,-0.0351737134466106,11.044286931167,3.01918873561691,28.6206779053004,517.000719945857,123.337862580804,742.956389264884,-2.25257893622006,137.308688158259,61.9899458701423,317.718250156772,0.289280861369321
fault_B17,fault,41,24,32,1,4,6,0.999264074901395,0.303137982456164,1.07679801042264,0.00104945893247299,1.00805972267324,15.7711338438894,0.984100548431793,0.677251195730249,1.07898925443735,0.000995436130058036,1.01703739628221,15.739876786797,59.9999934559826,59.6263189423537,61.3794744215791,-0.0222678530486959,5.00229469567923,2.82527407230621,28.4463446794849,59.9999944662808,59.55323211019,61.5976256457747,-0.0383519615164332,11.7298583332778,2.94595608924927,28.649767206901,646.129526212919,81.3664415076009,836.860366284253,-2.14457650247573,221.895491666939,185.87102573681,607.164535791677,-1.09882293792506
fault_B17,fault,42,13,27,1,10,6,0.964270739573376,0.530225684062809,1.04411465069967,0.00115788903122971,1.34064162016319,15.7711338438894,1.0020543707611,0.213530056287476,1.07487057995269,0.000950672098933625,0.97971287714394,14.7224973414024,59.9999934559826,59.6263189423537,61.3794744215791,-0.0222678530486959,5.00229469567923,2.82527407230621,28.4463446794849,59.9999918043979,59.7033269751795,61.5393199899669,0.010007431456188,0.221487202501214,3.41166780862934,28.6206779053004,646.129526212919,81.3664415076009,836.860366284253,-2.14457650247573,221.895491666939,185.87102573681,607.164535791677,-1.09882293792506
fault_B17,fault,43,5,38,2,8,6,0.958759400236745,0.554536538743499,1.03409715907624,0.00126002120346203,1.92260367981523,15.7941723828332,1.02650112277428,0.708090440744363,1.12831573771639,0.000881467642778855,0.504529920023563,15.1585082169396,59.9999937660327,59.7103240710085,61.7567744595818,-0.0285677484461786,7.85305151415164,7.37757660248818,28.5784460225969,59.9999936918416,59.7351850232214,61.4710357415059,-0.0241488082851475,7.51338215237324,2.90205446381957,28.5016452402181,646.129526212919,81.3664415076009,836.860366284253,-2.14457650247573,221.895491666939,185.87102573681,607.164535791677,-1.09882293792506
fault_B17,fault,44,29,38,3,6,6,1.02109303516246,0.602891101501125,1.11590702635012,0.000940040333404779,0.74396112064143,16.7615183162451,1.02650112277428,0.708090440744363,1.12831573771639,0.000881467642778855,0.504529920023563,15.1585082169396,59.9999938740924,59.7385506596733,61.5403873442379,-0.0293756165757273,7.82993191044812,2.82527407230621,28.5784460225969,59.9999943494354,59.5449378076993,61.6824674644565,-0.0377398820450523,12.1716171766048,2.87646099998178,28.6206779053004,646.129526212919,81.3664415076009,836.860366284253,-2.14457650247573,221.895491666939,185.87102573681,607.164535791677,-1.09882293792506
fault_B17,fault,45,16,20,4,6,6,0.991037366929576,0.266579454292937,1.06743019119076,0.00105715176794841,1.08967272637898,15.7711338438894,0.987464538640993,0.517035971381934,1.08499073773755,0.00105346288874664,1.2342588059118,16.8260349471051,59.9999944662808,59.55323211019,61.5976256457747,-0.0383519615164332,11.7298583332778,2.94595608924927,28.649767206901,59.9999943494354,59.5449378076993,61.6824674644565,-0.0377398820450523,12.1716171766048,2.87646099998178,28.6206779053004,646.129526212919,81.3664415076009,836.860366284253,-2.14457650247573,221.895491666939,185.87102573681,607.164535791677,-1.09882293792506
fault_B17,fault,46,7,38,5,7,6,0.953428494064471,0.574712310705893,1.02463541087775,0.00127020398480571,2.50507527413181,15.7941723828332,1.02650112277428,0.708090440744363,1.12831573771639,0.000881467642778855,0.504529920023563,15.1585082169396,59.9999949130723,59.2867152400789,61.8125235803609,-0.0474400314124779,11.3556606418962,1.92035627405381,28.6788565085016,59.9999944671441,59.5031124366757,61.7009135020223,-0.0375344264354638,10.2875492596586,2.90205446381957,28.6206779053004,646.129526212919,81.3664415076009,836.860366284253,-2.14457650247573,221.895491666939,185.87102573681,607.164535791677,-1.09882293792506
fault_B17,fault,47,1,20,6,9,6,1.02689638912936,0.770455702397131,1.05835679529827,0.00086507488807186,0.859011949291059,14.6607184494068,0.987464538640993,0.517035971381934,1.08499073773755,0.00105346288874664,1.2342588059118,16.8260349471051,59.9999943494354,59.5449378076993,61.6824674644565,-0.0377398820450523,12.1716171766048,2.87646099998178,28.6206779053004,59.9999948530335,59.4097232076828,61.4734680597117,-0.0351737134466106,11.044286931167,3.01918873561691,28.6206779053004,646.129526212919,81.3664415076009,836.860366284253,-2.14457650247573,221.895491666939,185.87102573681,607.164535791677,-1.09882293792506
fault_B17,fault,48,19,23,8,9,6,0.990604210848697,0.462785530407437,1.08113137599327,0.00100636788722341,1.03700805284445,16.7830238598651,1.02167685351485,0.51368588035021,1.10000840934637,0.00086434886813791,0.418480468080742,14.6916078954046,59.9999936918416,59.7351850232214,61.4710357415059,-0.0241488082851475,7.51338215237324,2.90205446381957,28.5016452402181,59.9999948530335,59.4097232076828,61.4734680597117,-0.0351737134466106,11.044286931167,3.01918873561691,28.6206779053004,646.129526212919,81.3664415076009,836.860366284253,-2.14457650247573,221.895491666939,185.87102573681,607.164535791677,-1.09882293792506
fault_B17,fault,49,10,14,1,5,7,0.965720649152829,0.557002304304013,1.04749588925014,0.00116947376069509,1.29100211469158,15.7711338438894,0.965188010297433,0.466190400458656,1.04073202221984,0.00113931209558904,1.37502831604291,15.7711338438894,59.9999934559826,59.6263189423537,61.3794744215791,-0.0222678530486959,5.00229469567923,2.82527407230621,28.4463446794849,59.9999949130723,59.2867152400789,61.8125235803609,-0.0474400314124779,11.3556606418962,1.92035627405381,28.6788565085016,525.642776165619,132.230932583883,678.48275716862,-1.9480010758499,188.546381008994,127.867096165102,473.707240284029,-1.37300623724394
fault_B17,fault,50,3,13,2,3,7,0.994475020133488,0.379836424067619,1.05743265568166,0.00103496332504405,1.06343110764083,15.739876786797,0.964270739573376,0.530225684062809,1.04411465069967,0.00115788903122971,1.34064162016319,15.7711338438894,59.9999937660327,59.7103240710085,61.7567744595818,-0.0285677484461786,7.85305151415164,7.37757660248818,28.5784460225969,59.9999938740924,59.7385506596733,61.5403873442379,-0.0293756165757273,7.82993191044812,2.82527407230621,28.5784460225969,525.642776165619,132.230932583883,678.48275716862,-1.9480010758499,188.546381008994,127.867096165102,473.707240284029,-1.37300623724394
fault_B17,fault,51,22,35,2,8,7,1.0229600920912,0.511392960431968,1.10252805656703,0.00088213803312831,0.418480468080742,14.6916078954046,1.04940121508332,0.636995269005465,1.13005708698974,0.0007448400473411,0.0833779660340714,13.5968135668079,59.9999937660327,59.7103240710085,61.7567744595818,-0.0285677484461786,7.85305151415164,7.37757660248818,28.5784460225969,59.9999936918416,59.7351850232214,61.4710357415059,-0.0241488082851475,7.51338215237324,2.90205446381957,28.5016452402181,525.642776165619,132.230932583883,678.48275716862,-1.9480010758499,188.546381008994,127.867096165102,473.707240284029,-1.37300623724394
fault_B17,fault,52,12,25,3,7,7,0.945223588050834,0.533697536812677,1.02386183934407,0.00116154094092646,2.66444699088741,15.7711338438894,1.02838004290673,0.587046459174955,1.08669268913289,0.000653601775958856,0.487648374420113,12.5323703253098,59.9999938740924,59.7385506596733,61.5403873442379,-0.0293756165757273,7.82993191044812,2.82527407230621,28.5784460225969,59.9999944671441,59.5031124366757,61.7009135020223,-0.0375344264354638,10.2875492596586,2.90205446381957,28.6206779053004,525.642776165619,132.230932583883,678.48275716862,-1.9480010758499,188.546381008994,127.867096165102,473.707240284029,-1.37300623724394
fault_B17,fault,53,5,9,4,7,7,0.958759400236745,0.554536538743499,1.03409715907624,0.00126002120346203,1.92260367981523,15.7941723828332,1.02020766358892,0.751891186184501,1.05309967991405,0.000867407987897417,0.912261488172374,14.6130264699648,59.9999944662808,59.55323211019,61.5976256457747,-0.0383519615164332,11.7298583332778,2.94595608924927,28.649767206901,59.9999944671441,59.5031124366757,61.7009135020223,-0.0375344264354638,10.2875492596586,2.90205446381957,28.6206779053004,525.642776165619,132.230932583883,678.48275716862,-1.9480010758499,188.546381008994,127.867096165102,473.707240284029,-1.37300623724394
fault_B17,fault,54,27,30,5,7,7,1.0020543707611,0.213530056287476,1.07487057995269,0.000950672098933625,0.97971287714394,14.7224973414024,1.04990040987001,0.770872172814775,1.10918055660822,0.000674033765380999,0.0833779660340714,11.4179449095697,59.9999949130723,59.2867152400789,61.8125235803609,-0.0474400314124779,11.3556606418962,1.92035627405381,28.6788565085016,59.9999944671441,59.5031124366757,61.7009135020223,-0.0375344264354638,10.2875492596586,2.90205446381957,28.6206779053004,525.642776165619,132.230932583883,678.48275716862,-1.9480010758499,188.546381008994,127.867096165102,473.707240284029,-1.37300623724394
fault_B17,fault,55,14,39,6,9,7,0.965188010297433,0.466190400458656,1.04073202221984,0.00113931209558904,1.37502831604291,15.7711338438894,1.03000013409431,0.931998849820788,1.03924789616132,0.000287056279266951,0,8.18616022241809,59.9999943494354,59.5449378076993,61.6824674644565,-0.0377398820450523,12.1716171766048,2.87646099998178,28.6206779053004,59.9999948530335,59.4097232076828,61.4734680597117,-0.0351737134466106,11.044286931167,3.01918873561691,28.6206779053004,525.642776165619,132.230932583883,678.48275716862,-1.9480010758499,188.546381008994,127.867096165102,473.707240284029,-1.37300623724394
fault_B17,fault,56,7,10,8,10,7,0.953428494064471,0.574712310705893,1.02463541087775,0.00127020398480571,2.50507527413181,15.7941723828332,0.965720649152829,0.557002304304013,1.04749588925014,0.00116947376069509,1.29100211469158,15.7711338438894,59.9999936918416,59.7351850232214,61.4710357415059,-0.0241488082851475,7.51338215237324,2.90205446381957,28.5016452402181,59.9999918043979,59.7033269751795,61.5393199899669,0.010007431456188,0.221487202501214,3.41166780862934,28.6206779053004,525.642776165619,132.230932583883,678.48275716862,-1.9480010758499,188.546381008994,127.867096165102,473.707240284029,-1.37300623724394
fault_B17,fault,57,35,36,1,5,8,1.04940121508332,0.636995269005465,1.13005708698974,0.0007448400473411,0.0833779660340714,13.5968135668079,1.0636010753349,0.695420543322215,1.14345737673157,0.000558835503295052,0.0833779660340714,11.4820566151565,59.9999934559826,59.6263189423537,61.3794744215791,-0.0222678530486959,5.00229469567923,2.82527407230621,28.4463446794849,59.9999949130723,59.2867152400789,61.8125235803609,-0.0474400314124779,11.3556606418962,1.92035627405381,28.6788565085016,535.98704469732,267.245303934838,721.15697582839,-1.33456463345055,13.8483715662576,-15.0955078795607,334.575077100656,-0.641438308841021
fault_B17,fault,58,17,36,2,3,8,0.99507019283339,0,1.06755736451778,0.00104067851269252,1.07066189001697,15.739876786797,1.0636010753349,0.695420543322215,1.14345737673157,0.000558835503295052,0.0833779660340714,11.4820566151565,59.9999937660327,59.7103240710085,61.7567744595818,-0.0285677484461786,7.85305151415164,7.37757660248818,28.5784460225969,59.9999938740924,59.7385506596733,61.5403873442379,-0.0293756165757273,7.82993191044812,2.82527407230621,28.5784460225969,535.98704469732,267.245303934838,721.15697582839,-1.33456463345055,13.8483715662576,-15.0955078795607,334.575077100656,-0.641438308841021
fault_B17,fault,59,9,15,2,9,8,1.02020766358892,0.751891186184501,1.05309967991405,0.000867407987897417,0.912261488172374,14.6130264699648,0.973079105652974,0.319774647204707,1.04531033931509,0.00107626857595167,1.32534766206111,15.7711338438894,59.9999937660327,59.7103240710085,61.7567744595818,-0.0285677484461786,7.85305151415164,7.37757660248818,28.5784460225969,59.9999948530335,59.4097232076828,61.4734680597117,-0.0351737134466106,11.044286931167,3.01918873561691,28.6206779053004,535.98704469732,267.245303934838,721.15697582839,-1.33456463345055,13.8483715662576,-15.0955078795607,334.575077100656,-0.641438308841021
fault_B17,fault,60,2,21,3,8,8,1.02001684293784,0.579895199195484,1.0818977545235,0.000970662484032658,0.842553134586734,14.6916078954046,0.997579594018811,0.383249317586492,1.0758775164468,0.000991332160025227,1.00805972267324,15.739876786797,59.9999938740924,59.7385506596733,61.5403873442379,-0.0293756165757273,7.82993191044812,2.82527407230621,28.5784460225969,59.9999936918416,59.7351850232214,61.4710357415059,-0.0241488082851475,7.51338215237324,2.90205446381957,28.5016452402181,535.98704469732,267.245303934838,721.15697582839,-1.33456463345055,13.8483715662576,-15.0955078795607,334.575077100656,-0.641438308841021
fault_B17,fault,61,21,23,4,7,8,0.997579594018811,0.383249317586492,1.0758775164468,0.000991332160025227,1.00805972267324,15.739876786797,1.02167685351485,0.51368588035021,1.10000840934637,0.00086434886813791,0.418480468080742,14.6916078954046,59.9999944662808,59.55323211019,61.5976256457747,-0.0383519615164332,11.7298583332778,2.94595608924927,28.649767206901,59.9999944671441,59.5031124366757,61.7009135020223,-0.0375344264354638,10.2875492596586,2.90205446381957,28.6206779053004,535.98704469732,267.245303934838,721.15697582839,-1.33456463345055,13.8483715662576,-15.0955078795607,334.575077100656,-0.641438308841021
fault_B17,fault,62,11,23,5,8,8,0.96248990465261,0.557729240249081,1.04297150809445,0.00120985763268078,1.56676645844253,15.7711338438894,1.02167685351485,0.51368588035021,1.10000840934637,0.00086434886813791,0.418480468080742,14.6916078954046,59.9999949130723,59.2867152400789,61.8125235803609,-0.0474400314124779,11.3556606418962,1.92035627405381,28.6788565085016,59.9999936918416,59.7351850232214,61.4710357415059,-0.0241488082851475,7.51338215237324,2.90205446381957,28.5016452402181,535.98704469732,267.245303934838,721.15697582839,-1.33456463345055,13.8483715662576,-15.0955078795607,334.575077100656,-0.641438308841021
fault_B17,fault,63,4,15,6,10,8,0.960053104706681,0.474680340973693,1.03177195778056,0.00114998883026241,1.75408106650654,15.7711338438894,0.973079105652974,0.319774647204707,1.04531033931509,0.00107626857595167,1.32534766206111,15.7711338438894,59.9999943494354,59.5449378076993,61.6824674644565,-0.0377398820450523,12.1716171766048,2.87646099998178,28.6206779053004,59.9999918043979,59.7033269751795,61.5393199899669,0.010007431456188,0.221487202501214,3.41166780862934,28.6206779053004,535.98704469732,267.245303934838,721.15697582839,-1.33456463345055,13.8483715662576,-15.0955078795607,334.575077100656,-0.641438308841021
fault_B17,fault,64,25,27,8,10,8,1.02838004290673,0.587046459174955,1.08669268913289,0.000653601775958856,0.487648374420113,12.5323703253098,1.0020543707611,0.213530056287476,1.07487057995269,0.000950672098933625,0.97971287714394,14.7224973414024,59.9999936918416,59.7351850232214,61.4710357415059,-0.0241488082851475,7.51338215237324,2.90205446381957,28.5016452402181,59.9999918043979,59.7033269751795,61.5393199899669,0.010007431456188,0.221487202501214,3.41166780862934,28.6206779053004,535.98704469732,267.245303934838,721.15697582839,-1.33456463345055,13.8483715662576,-15.0955078795607,334.575077100656,-0.641438308841021
fault_B17,fault,65,13,36,1,6,9,0.964270739573376,0.530225684062809,1.04411465069967,0.00115788903122971,1.34064162016319,15.7711338438894,1.0636010753349,0.695420543322215,1.14345737673157,0.000558835503295052,0.0833779660340714,11.4820566151565,59.9999934559826,59.6263189423537,61.3794744215791,-0.0222678530486959,5.00229469567923,2.82527407230621,28.4463446794849,59.9999943494354,59.5449378076993,61.6824674644565,-0.0377398820450523,12.1716171766048,2.87646099998178,28.6206779053004,821.976188999109,301.888602907997,982.562867589331,-1.3572948828039,43.6266753165716,6.63254421819065,492.373393172948,-0.53715185928759
fault_B17,fault,66,6,14,2,4,9,0.959595788849726,0.564744663864075,1.03726241756897,0.00127672686418934,1.85938914883942,15.7941723828332,0.965188010297433,0.466190400458656,1.04073202221984,0.00113931209558904,1.37502831604291,15.7711338438894,59.9999937660327,59.7103240710085,61.7567744595818,-0.0285677484461786,7.85305151415164,7.37757660248818,28.5784460225969,59.9999944662808,59.55323211019,61.5976256457747,-0.0383519615164332,11.7298583332778,2.94595608924927,28.649767206901,821.976188999109,301.888602907997,982.562867589331,-1.3572948828039,43.6266753165716,6.63254421819065,492.373393172948,-0.53715185928759
fault_B17,fault,67,30,38,2,9,9,1.04990040987001,0.770872172814775,1.10918055660822,0.000674033765380999,0.0833779660340714,11.4179449095697,1.02650112277428,0.708090440744363,1.12831573771639,0.000881467642778855,0.504529920023563,15.1585082169396,59.9999937660327,59.7103240710085,61.7567744595818,-0.0285677484461786,7.85305151415164,7.37757660248818,28.5784460225969,59.9999948530335,59.4097232076828,61.4734680597117,-0.0351737134466106,11.044286931167,3.01918873561691,28.6206779053004,821.976188999109,301.888602907997,982.562867589331,-1.3572948828039,43.6266753165716,6.63254421819065,492.373393172948,-0.53715185928759
fault_B17,fault,68,16,30,3,8,9,0.991037366929576,0.266579454292937,1.06743019119076,0.00105715176794841,1.08967272637898,15.7711338438894,1.04990040987001,0.770872172814775,1.10918055660822,0.000674033765380999,0.0833779660340714,11.4179449095697,59.9999938740924,59.7385506596733,61.5403873442379,-0.0293756165757273,7.82993191044812,2.82527407230621,28.5784460225969,59.9999936918416,59.7351850232214,61.4710357415059,-0.0241488082851475,7.51338215237324,2.90205446381957,28.5016452402181,821.976188999109,301.888602907997,982.562867589331,-1.3572948828039,43.6266753165716,6.63254421819065,492.373393172948,-0.53715185928759
fault_B17,fault,69,8,16,4,8,9,0.954598516570043,0.582963424003088,1.02282016327654,0.0012617485198011,2.47516411985484,16.7830238598651,0.991037366929576,0.266579454292937,1.06743019119076,0.00105715176794841,1.08967272637898,15.7711338438894,59.9999944662808,59.55323211019,61.5976256457747,-0.0383519615164332,11.7298583332778,2.94595608924927,28.649767206901,59.9999936918416,59.7351850232214,61.4710357415059,-0.0241488082851475,7.51338215237324,2.90205446381957,28.5016452402181,821.976188999109,301.888602907997,982.562867589331,-1.3572948828039,43.6266753165716,6.63254421819065,492.373393172948,-0.53715185928759
fault_B17,fault,70,1,29,5,9,9,1.02689638912936,0.770455702397131,1.05835679529827,0.00086507488807186,0.859011949291059,14.6607184494068,1.02109303516246,0.602891101501125,1.11590702635012,0.000940040333404779,0.74396112064143,16.7615183162451,59.9999949130723,59.2867152400789,61.8125235803609,-0.0474400314124779,11.3556606418962,1.92035627405381,28.6788565085016,59.9999948530335,59.4097232076828,61.4734680597117,-0.0351737134466106,11.044286931167,3.01918873561691,28.6206779053004,821.976188999109,301.888602907997,982.562867589331,-1.3572948828039,43.6266753165716,6.63254421819065,492.373393172948,-0.53715185928759
fault_B17,fault,71,19,32,6,10,9,0.990604210848697,0.462785530407437,1.08113137599327,0.00100636788722341,1.03700805284445,16.7830238598651,0.984100548431793,0.677251195730249,1.07898925443735,0.000995436130058036,1.01703739628221,15.739876786797,59.9999943494354,59.5449378076993,61.6824674644565,-0.0377398820450523,12.1716171766048,2.87646099998178,28.6206779053004,59.9999918043979,59.7033269751795,61.5393199899669,0.010007431456188,0.221487202501214,3.41166780862934,28.6206779053004,821.976188999109,301.888602907997,982.562867589331,-1.3572948828039,43.6266753165716,6.63254421819065,492.373393172948,-0.53715185928759
fault_B17,fault,72,10,23,9,10,9,0.965720649152829,0.557002304304013,1.04749588925014,0.00116947376069509,1.29100211469158,15.7711338438894,1.02167685351485,0.51368588035021,1.10000840934637,0.00086434886813791,0.418480468080742,14.6916078954046,59.9999948530335,59.4097232076828,61.4734680597117,-0.0351737134466106,11.044286931167,3.01918873561691,28.6206779053004,59.9999918043979,59.7033269751795,61.5393199899669,0.010007431456188,0.221487202501214,3.41166780862934,28.6206779053004,821.976188999109,301.888602907997,982.562867589331,-1.3572948828039,43.6266753165716,6.63254421819065,492.373393172948,-0.53715185928759
fault_B17,fault,73,3,22,1,7,10,0.994475020133488,0.379836424067619,1.05743265568166,0.00103496332504405,1.06343110764083,15.739876786797,1.0229600920912,0.511392960431968,1.10252805656703,0.00088213803312831,0.418480468080742,14.6916078954046,59.9999934559826,59.6263189423537,61.3794744215791,-0.0222678530486959,5.00229469567923,2.82527407230621,28.4463446794849,59.9999944671441,59.5031124366757,61.7009135020223,-0.0375344264354638,10.2875492596586,2.90205446381957,28.6206779053004,950.434923998617,-698.784231928342,2974.32469267542,27.3586020602162,226.715283095974,28.604048412815,1735.1811157322,-6.35423469739726
fault_B17,fault,74,23,28,2,4,10,1.02167685351485,0.51368588035021,1.10000840934637,0.00086434886813791,0.418480468080742,14.6916078954046,1.01980319076653,0.552394940301697,1.1098062484079,0.000945000112605454,0.791426666118246,15.1428683479597,59.9999937660327,59.7103240710085,61.7567744595818,-0.0285677484461786,7.85305151415164,7.37757660248818,28.5784460225969,59.9999944662808,59.55323211019,61.5976256457747,-0.0383519615164332,11.7298583332778,2.94595608924927,28.649767206901,950.434923998617,-698.784231928342,2974.32469267542,27.3586020602162,226.715283095974,28.604048412815,1735.1811157322,-6.35423469739726
fault_B17,fault,75,12,34,2,10,10,0.945223588050834,0.533697536812677,1.02386183934407,0.00116154094092646,2.66444699088741,15.7711338438894,1.01230116063239,0.602384314858536,1.12157677497675,0.00110310723594242,0.860975952093963,17.9175011273929,59.9999937660327,59.7103240710085,61.7567744595818,-0.0285677484461786,7.85305151415164,7.37757660248818,28.5784460225969,59.9999918043979,59.7033269751795,61.5393199899669,0.010007431456188,0.221487202501214,3.41166780862934,28.6206779053004,950.434923998617,-698.784231928342,2974.32469267542,27.3586020602162,226.715283095974,28.604048412815,1735.1811157322,-6.35423469739726
fault_B17,fault,76,5,19,3,9,10,0.958759400236745,0.554536538743499,1.03409715907624,0.00126002120346203,1.92260367981523,15.7941723828332,0.990604210848697,0.462785530407437,1.08113137599327,0.00100636788722341,1.03700805284445,16.7830238598651,59.9999938740924,59.7385506596733,61.5403873442379,-0.0293756165757273,7.82993191044812,2.82527407230621,28.5784460225969,59.9999948530335,59.4097232076828,61.4734680597117,-0.0351737134466106,11.044286931167,3.01918873561691,28.6206779053004,950.434923998617,-698.784231928342,2974.32469267542,27.3586020602162,226.715283095974,28.604048412815,1735.1811157322,-6.35423469739726
fault_B17,fault,77,27,39,4,8,10,1.0020543707611,0.213530056287476,1.07487057995269,0.000950672098933625,0.97971287714394,14.7224973414024,1.03000013409431,0.931998849820788,1.03924789616132,0.000287056279266951,0,8.18616022241809,59.9999944662808,59.55323211019,61.5976256457747,-0.0383519615164332,11.7298583332778,2.94595608924927,28.649767206901,59.9999936918416,59.7351850232214,61.4710357415059,-0.0241488082851475,7.51338215237324,2.90205446381957,28.5016452402181,950.434923998617,-698.784231928342,2974.32469267542,27.3586020602162,226.715283095974,28.604048412815,1735.1811157322,-6.35423469739726
fault_B17,fault,78,15,24,5,9,10,0.973079105652974,0.319774647204707,1.04531033931509,0.00107626857595167,1.32534766206111,15.7711338438894,0.999264074901395,0.303137982456164,1.07679801042264,0.00104945893247299,1.00805972267324,15.7711338438894,59.9999949130723,59.2867152400789,61.8125235803609,-0.0474400314124779,11.3556606418962,1.92035627405381,28.6788565085016,59.9999948530335,59.4097232076828,61.4734680597117,-0.0351737134466106,11.044286931167,3.01918873561691,28.6206779053004,950.434923998617,-698.784231928342,2974.32469267542,27.3586020602162,226.715283095974,28.604048412815,1735.1811157322,-6.35423469739726
fault_B17,fault,79,7,19,7,8,10,0.953428494064471,0.574712310705893,1.02463541087775,0.00127020398480571,2.50507527413181,15.7941723828332,0.990604210848697,0.462785530407437,1.08113137599327,0.00100636788722341,1.03700805284445,16.7830238598651,59.9999944671441,59.5031124366757,61.7009135020223,-0.0375344264354638,10.2875492596586,2.90205446381957,28.6206779053004,59.9999936918416,59.7351850232214,61.4710357415059,-0.0241488082851475,7.51338215237324,2.90205446381957,28.5016452402181,950.434923998617,-698.784231928342,2974.32469267542,27.3586020602162,226.715283095974,28.604048412815,1735.1811157322,-6.35423469739726
fault_B17,fault,80,38,39,9,10,10,1.02650112277428,0.708090440744363,1.12831573771639,0.000881467642778855,0.504529920023563,15.1585082169396,1.03000013409431,0.931998849820788,1.03924789616132,0.000287056279266951,0,8.18616022241809,59.9999948530335,59.4097232076828,61.4734680597117,-0.0351737134466106,11.044286931167,3.01918873561691,28.6206779053004,59.9999918043979,59.7033269751795,61.5393199899669,0.010007431456188,0.221487202501214,3.41166780862934,28.6206779053004,950.434923998617,-698.784231928342,2974.32469267542,27.3586020602162,226.715283095974,28.604048412815,1735.1811157322,-6.35423469739726
fault_B23,fault,1,1,2,1,2,1,1.02689638912936,0.897109171058754,1.04701294553168,0.00188700947941234,0.0988774692773389,11.2791152669987,1.02001684293784,0.82679814767738,1.05871477595733,0.0022242787305935,0.149331501432978,11.2791152669987,59.9999934559826,59.6810688961598,60.7075383799168,-0.00656148202247664,3.59319020685311,2.78722459333186,23.3357145093642,59.9999937660327,59.732892406829,60.9313153790877,-0.0070719564441788,4.20318574449227,2.92998762760428,25.4865145753542,247.351644502021,46.1329775932744,425.095927730255,-2.4042292933716,178.513910467193,140.7721397672,517.360271264175,-4.22973951123095
fault_B23,fault,2,18,25,1,7,1,0.993422297824962,0.635407621685646,1.04353087597401,0.00253406855875804,0.445963909264995,12.371136931239,1.02838004290673,0.83838443747664,1.06048694375762,0.00158393262740963,0.0834131885814189,9.08668691805513,59.9999934559826,59.6810688961598,60.7075383799168,-0.00656148202247664,3.59319020685311,2.78722459333186,23.3357145093642,59.9999944671441,59.537790675667,61.2214310806402,-0.00977805442236956,14.6796863963898,2.69309539464856,28.2742015066596,247.351644502021,46.1329775932744,425.095927730255,-2.4042292933716,178.513910467193,140.7721397672,517.360271264175,-4.22973951123095
fault_B23,fault,3,9,25,2,5,1,1.02020766358892,0.886772502106555,1.03996969881375,0.00185086403041335,0.164795782128898,11.2284301617315,1.02838004290673,0.83838443747664,1.06048694375762,0.00158393262740963,0.0834131885814189,9.08668691805513,59.9999937660327,59.732892406829,60.9313153790877,-0.0070719564441788,4.20318574449227,2.92998762760428,25.4865145753542,59.9999949130723,59.3102681705053,60.9233255548115,-0.0134515719908705,7.33142359320718,1.79977664153884,28.3537872105413,247.351644502021,46.1329775932744,425.095927730255,-2.4042292933716,178.513910467193,140.7721397672,517.360271264175,-4.22973951123095
fault_B23,fault,4,2,31,3,4,1,1.02001684293784,0.82679814767738,1.05871477595733,0.0022242787305935,0.149331501432978,11.2791152669987,0.982000570674875,0.812322199230942,1.04713821025577,0.00274112870133514,0.462467646989659,12.371136931239,59.9999938740924,59.8120643580199,60.7892053905882,-0.0083362809119194,4.27305760908577,2.82801403169541,23.9163426570003,59.9999944662808,59.586918940005,61.028134338538,-0.0104988259261205,7.08392430676395,2.80761931251363,28.3007300746201,247.351644502021,46.1329775932744,425.095927730255,-2.4042292933716,178.513910467193,140.7721397672,517.360271264175,-4.22973951123095
fault_B23,fault,5,21,33,3,9,1,0.997579594018811,0.340934394068566,1.06159095374911,0.00253666894302873,0.394454477040308,11.3125532012332,0.997200971921189,0.668202670991583,1.06351086485749,0.00246514979712431,0.248208970710317,11.3125532012332,59.9999938740924,59.8120643580199,60.7892053905882,-0.0083362809119194,4.27305760908577,2.82801403169541,23.9163426570003,59.9999948530335,59.6090858906147,60.998961470634,-0.00992983369194178,4.90958628721105,2.86880347005896,28.247672938699,247.351644502021,46.1329775932744,425.095927730255,-2.4042292933716,178.513910467193,140.7721397672,517.360271264175,-4.22973951123095
fault_B23,fault,6,11,33,4,9,1,0.96248990465261,0.735718947100699,1.01541741238637,0.0026703860290207,0.841263177610181,12.371136931239,0.997200971921189,0.668202670991583,1.06351086485749,0.00246514979712431,0.248208970710317,11.3125532012332,59.9999944662808,59.586918940005,61.028134338538,-0.0104988259261205,7.08392430676395,2.80761931251363,28.3007300746201,59.9999948530335,59.6090858906147,60.998961470634,-0.00992983369194178,4.90958628721105,2.86880347005896,28.247672938699,247.351644502021,46.1329775932744,425.095927730255,-2.4042292933716,178.513910467193,140.7721397672,517.360271264175,-4.22973951123095
fault_B23,fault,7,4,25,5,10,1,0.960053104706681,0.7028160828012,1.0087774901967,0.00257859797349824,0.864947196136507,12.371136931239,1.02838004290673,0.83838443747664,1.06048694375762,0.00158393262740963,0.0834131885814189,9.08668691805513,59.9999949130723,59.3102681705053,60.9233255548115,-0.0134515719908705,7.33142359320718,1.79977664153884,28.3537872105413,59.9999918043979,59.7324496609557,60.925442424104,-0.000691382154236919,0.160652276490085,3.29707124935888,28.2742015066596,247.351644502021,46.1329775932744,425.095927730255,-2.4042292933716,178.513910467193,140.7721397672,517.360271264175,-4.22973951123095
fault_B23,fault,8,25,37,7,8,1,1.02838004290673,0.83838443747664,1.06048694375762,0.00158393262740963,0.0834131885814189,9.08668691805513,1.02750054732654,0.877856774978549,1.06277290599186,0.00135241298373989,0.0834131885814189,8.04903441757986,59.9999944671441,59.537790675667,61.2214310806402,-0.00977805442236956,14.6796863963898,2.69309539464856,28.2742015066596,59.9999936918416,59.7489677538486,60.7034065883964,-0.00713751555500863,3.50637159013317,2.80761931251363,23.3793790650417,247.351644502021,46.1329775932744,425.095927730255,-2.4042292933716,178.513910467193,140.7721397672,517.360271264175,-4.22973951123095
fault_B23,fault,9,14,21,1,2,2,0.965188010297433,0.674177528080932,1.01728558424008,0.00260420721294363,0.782452398817939,12.371136931239,0.997579594018811,0.340934394068566,1.06159095374911,0.00253666894302873,0.394454477040308,11.3125532012332,59.9999934559826,59.6810688961598,60.7075383799168,-0.00656148202247664,3.59319020685311,2.78722459333186,23.3357145093642,59.9999937660327,59.732892406829,60.9313153790877,-0.0070719564441788,4.20318574449227,2.92998762760428,25.4865145753542,699.11655373899,505.605779362964,844.13306393993,-2.7203179025023,156.180710399892,154.654079366653,281.398163547817,-0.617609684599017
fault_B23,fault,10,6,24,1,8,2,0.959595788849726,0.743896992659108,1.01069508299835,0.002743993604157,0.912823051454441,12.371136931239,0.999264074901395,0.416198027877726,1.06133271251658,0.00266467541438553,0.403729614939761,12.371136931239,59.9999934559826,59.6810688961598,60.7075383799168,-0.00656148202247664,3.59319020685311,2.78722459333186,23.3357145093642,59.9999936918416,59.7489677538486,60.7034065883964,-0.00713751555500863,3.50637159013317,2.80761931251363,23.3793790650417,699.11655373899,505.605779362964,844.13306393993,-2.7203179025023,156.180710399892,154.654079366653,281.398163547817,-0.617609684599017
fault_B23,fault,11,32,33,2,5,2,0.984100548431793,0.808489863934789,1.04297787383878,0.00233081947437774,0.380045596413435,11.2284301617315,0.997200971921189,0.668202670991583,1.06351086485749,0.00246514979712431,0.248208970710317,11.3125532012332,59.9999937660327,59.732892406829,60.9313153790877,-0.0070719564441788,4.20318574449227,2.92998762760428,25.4865145753542,59.9999949130723,59.3102681705053,60.9233255548115,-0.0134515719908705,7.33142359320718,1.79977664153884,28.3537872105413,699.11655373899,505.605779362964,844.13306393993,-2.7203179025023,156.180710399892,154.654079366653,281.398163547817,-0.617609684599017
fault_B23,fault,12,17,18,3,4,2,0.99507019283339,0.585416649267817,1.04910459462199,0.00258449959018026,0.413004752839215,12.371136931239,0.993422297824962,0.635407621685646,1.04353087597401,0.00253406855875804,0.445963909264995,12.371136931239,59.9999938740924,59.8120643580199,60.7892053905882,-0.0083362809119194,4.27305760908577,2.82801403169541,23.9163426570003,59.9999944662808,59.586918940005,61.028134338538,-0.0104988259261205,7.08392430676395,2.80761931251363,28.3007300746201,699.11655373899,505.605779362964,844.13306393993,-2.7203179025023,156.180710399892,154.654079366653,281.398163547817,-0.617609684599017
fault_B23,fault,13,8,26,3,10,2,0.954598516570043,0.753651901891113,0.998879617714322,0.00270954846998117,1.20941973087856,12.371136931239,1.01926696898686,0.761695495163742,1.06694598634832,0.00229070729979908,0.0834131885814189,11.2791152669987,59.9999938740924,59.8120643580199,60.7892053905882,-0.0083362809119194,4.27305760908577,2.82801403169541,23.9163426570003,59.9999918043979,59.7324496609557,60.925442424104,-0.000691382154236919,0.160652276490085,3.29707124935888,28.2742015066596,699.11655373899,505.605779362964,844.13306393993,-2.7203179025023,156.180710399892,154.654079366653,281.398163547817,-0.617609684599017
fault_B23,fault,14,1,39,4,10,2,1.02689638912936,0.897109171058754,1.04701294553168,0.00188700947941234,0.0988774692773389,11.2791152669987,1.03000013409431,0.980056409669668,1.03560499700886,0.000619854912851547,0,4.76888706239481,59.9999944662808,59.586918940005,61.028134338538,-0.0104988259261205,7.08392430676395,2.80761931251363,28.3007300746201,59.9999918043979,59.7324496609557,60.925442424104,-0.000691382154236919,0.160652276490085,3.29707124935888,28.2742015066596,699.11655373899,505.605779362964,844.13306393993,-2.7203179025023,156.180710399892,154.654079366653,281.398163547817,-0.617609684599017
fault_B23,fault,15,20,23,5,10,2,0.987464538640993,0.641096822305401,1.06355686170529,0.00301975973720903,0.571966086514728,13.4423251925163,1.02167685351485,0,1.08776128251651,0.00228839276503301,0.182290657858758,10.218704628205,59.9999949130723,59.3102681705053,60.9233255548115,-0.0134515719908705,7.33142359320718,1.79977664153884,28.3537872105413,59.9999918043979,59.7324496609557,60.925442424104,-0.000691382154236919,0.160652276490085,3.29707124935888,28.2742015066596,699.11655373899,505.605779362964,844.13306393993,-2.7203179025023,156.180710399892,154.654079366653,281.398163547817,-0.617609684599017
fault_B23,fault,16,10,33,7,9,2,0.965720649152829,0.734015970922534,1.01936774636376,0.00261657296683604,0.807183845893161,12.371136931239,0.997200971921189,0.668202670991583,1.06351086485749,0.00246514979712431,0.248208970710317,11.3125532012332,59.9999944671441,59.537790675667,61.2214310806402,-0.00977805442236956,14.6796863963898,2.69309539464856,28.2742015066596,59.9999948530335,59.6090858906147,60.998961470634,-0.00992983369194178,4.90958628721105,2.86880347005896,28.247672938699,699.11655373899,505.605779362964,844.13306393993,-2.7203179025023,156.180710399892,154.654079366653,281.398163547817,-0.617609684599017
fault_B23,fault,17,3,32,1,3,3,0.994475020133488,0.719622703770116,1.03894717657309,0.00241472319765401,0.413004752839215,12.3188832766837,0.984100548431793,0.808489863934789,1.04297787383878,0.00233081947437774,0.380045596413435,11.2284301617315,59.9999934559826,59.6810688961598,60.7075383799168,-0.00656148202247664,3.59319020685311,2.78722459333186,23.3357145093642,59.9999938740924,59.8120643580199,60.7892053905882,-0.0083362809119194,4.27305760908577,2.82801403169541,23.9163426570003,672.46804441793,459.94625440492,760.009244132291,-2.81541103662357,138.262054035867,126.823364050718,337.524677696061,-1.8390725585252
fault_B23,fault,18,23,38,1,8,3,1.02167685351485,0,1.08776128251651,0.00228839276503301,0.182290657858758,10.218704628205,1.02650112277428,0.897472388667827,1.10125060539907,0.00245003092955498,0.00180857063040141,11.2284301617315,59.9999934559826,59.6810688961598,60.7075383799168,-0.00656148202247664,3.59319020685311,2.78722459333186,23.3357145093642,59.9999936918416,59.7489677538486,60.7034065883964,-0.00713751555500863,3.50637159013317,2.80761931251363,23.3793790650417,672.46804441793,459.94625440492,760.009244132291,-2.81541103662357,138.262054035867,126.823364050718,337.524677696061,-1.8390725585252
fault_B23,fault,19,13,18,2,6,3,0.964270739573376,0.715918077420473,1.01728189998127,0.00260473360563918,0.807183845893161,12.371136931239,0.993422297824962,0.635407621685646,1.04353087597401,0.00253406855875804,0.445963909264995,12.371136931239,59.9999937660327,59.732892406829,60.9313153790877,-0.0070719564441788,4.20318574449227,2.92998762760428,25.4865145753542,59.9999943494354,59.4970946441677,61.3203585441429,-0.00971658831106481,11.4446249016771,2.72447179420966,28.2742015066596,672.46804441793,459.94625440492,760.009244132291,-2.81541103662357,138.262054035867,126.823364050718,337.524677696061,-1.8390725585252
fault_B23,fault,20,5,29,3,5,3,0.958759400236745,0.739444629343661,1.00838964880719,0.00272130519156744,0.980060505298923,12.371136931239,1.02109303516246,0.849867497293999,1.09051818938374,0.00255124206328916,0.0834131885814189,12.3188832766837,59.9999938740924,59.8120643580199,60.7892053905882,-0.0083362809119194,4.27305760908577,2.82801403169541,23.9163426570003,59.9999949130723,59.3102681705053,60.9233255548115,-0.0134515719908705,7.33142359320718,1.79977664153884,28.3537872105413,672.46804441793,459.94625440492,760.009244132291,-2.81541103662357,138.262054035867,126.823364050718,337.524677696061,-1.8390725585252
fault_B23,fault,21,28,38,3,10,3,1.01980319076653,0.827748960899039,1.08463235956666,0.00253439592654536,0.0834131885814189,12.3188832766837,1.02650112277428,0.897472388667827,1.10125060539907,0.00245003092955498,0.00180857063040141,11.2284301617315,59.9999938740924,59.8120643580199,60.7892053905882,-0.0083362809119194,4.27305760908577,2.82801403169541,23.9163426570003,59.9999918043979,59.7324496609557,60.925442424104,-0.000691382154236919,0.160652276490085,3.29707124935888,28.2742015066596,672.46804441793,459.94625440492,760.009244132291,-2.81541103662357,138.262054035867,126.823364050718,337.524677696061,-1.8390725585252
fault_B23,fault,22,15,34,4,10,3,0.973079105652974,0.535655996001826,1.0300228905193,0.00263934251725717,0.753398531742939,12.371136931239,1.01230116063239,0.706520839586995,1.09912573367017,0.00328471421317134,0.314127283561876,13.492541842593,59.9999944662808,59.586918940005,61.028134338538,-0.0104988259261205,7.08392430676395,2.80761931251363,28.3007300746201,59.9999918043979,59.7324496609557,60.925442424104,-0.000691382154236919,0.160652276490085,3.29707124935888,28.2742015066596,672.46804441793,459.94625440492,760.009244132291,-2.81541103662357,138.262054035867,126.823364050718,337.524677696061,-1.8390725585252
fault_B23,fault,23,7,29,6,7,3,0.953428494064471,0.747986018866051,0.999805885178186,0.00272758808035645,1.23742616940466,12.371136931239,1.02109303516246,0.849867497293999,1.09051818938374,0.00255124206328916,0.0834131885814189,12.3188832766837,59.9999943494354,59.4970946441677,61.3203585441429,-0.00971658831106481,11.4446249016771,2.72447179420966,28.2742015066596,59.9999944671441,59.537790675667,61.2214310806402,-0.00977805442236956,14.6796863963898,2.69309539464856,28.2742015066596,672.46804441793,459.94625440492,760.009244132291,-2.81541103662357,138.262054035867,126.823364050718,337.524677696061,-1.8390725585252
fault_B23,fault,24,1,11,7,10,3,1.02689638912936,0.897109171058754,1.04701294553168,0.00188700947941234,0.0988774692773389,11.2791152669987,0.96248990465261,0.735718947100699,1.01541741238637,0.0026703860290207,0.841263177610181,12.371136931239,59.9999944671441,59.537790675667,61.2214310806402,-0.00977805442236956,14.6796863963898,2.69309539464856,28.2742015066596,59.9999918043979,59.7324496609557,60.925442424104,-0.000691382154236919,0.160652276490085,3.29707124935888,28.2742015066596,672.46804441793,459.94625440492,760.009244132291,-2.81541103662357,138.262054035867,126.823364050718,337.524677696061,-1.8390725585252
fault_B23,fault,25,18,34,1,3,4,0.993422297824962,0.635407621685646,1.04353087597401,0.00253406855875804,0.445963909264995,12.371136931239,1.01230116063239,0.706520839586995,1.09912573367017,0.00328471421317134,0.314127283561876,13.492541842593,59.9999934559826,59.6810688961598,60.7075383799168,-0.00656148202247664,3.59319020685311,2.78722459333186,23.3357145093642,59.9999938740924,59.8120643580199,60.7892053905882,-0.0083362809119194,4.27305760908577,2.82801403169541,23.9163426570003,653.081286728971,370.022493565252,777.507061512107,-4.00262582727987,44.6481487675236,13.7072989026545,297.163539474028,-2.60658687085439
fault_B23,fault,26,9,34,1,9,4,1.02020766358892,0.886772502106555,1.03996969881375,0.00185086403041335,0.164795782128898,11.2284301617315,1.01230116063239,0.706520839586995,1.09912573367017,0.00328471421317134,0.314127283561876,13.492541842593,59.9999934559826,59.6810688961598,60.7075383799168,-0.00656148202247664,3.59319020685311,2.78722459333186,23.3357145093642,59.9999948530335,59.6090858906147,60.998961470634,-0.00992983369194178,4.90958628721105,2.86880347005896,28.247672938699,653.081286728971,370.022493565252,777.507061512107,-4.00262582727987,44.6481487675236,13.7072989026545,297.163539474028,-2.60658687085439
fault_B23,fault,27,3,4,2,7,4,0.994475020133488,0.719622703770116,1.03894717657309,0.00241472319765401,0.413004752839215,12.3188832766837,0.960053104706681,0.7028160828012,1.0087774901967,0.00257859797349824,0.864947196136507,12.371136931239,59.9999937660327,59.732892406829,60.9313153790877,-0.0070719564441788,4.20318574449227,2.92998762760428,25.4865145753542,59.9999944671441,59.537790675667,61.2214310806402,-0.00977805442236956,14.6796863963898,2.69309539464856,28.2742015066596,653.081286728971,370.022493565252,777.507061512107,-4.00262582727987,44.6481487675236,13.7072989026545,297.163539474028,-2.60658687085439
fault_B23,fault,28,22,26,3,5,4,1.0229600920912,0.204984781373358,1.08965264812294,0.00231112751412832,0.182290657858758,11.2791152669987,1.01926696898686,0.761695495163742,1.06694598634832,0.00229070729979908,0.0834131885814189,11.2791152669987,59.9999938740924,59.8120643580199,60.7892053905882,-0.0083362809119194,4.27305760908577,2.82801403169541,23.9163426570003,59.9999949130723,59.3102681705053,60.9233255548115,-0.0134515719908705,7.33142359320718,1.79977664153884,28.3537872105413,653.081286728971,370.022493565252,777.507061512107,-4.00262582727987,44.6481487675236,13.7072989026545,297.163539474028,-2.60658687085439
fault_B23,fault,29,12,15,4,5,4,0.945223588050834,0.712135314179696,0.997175981755218,0.00258770885282766,1.32382486898584,12.371136931239,0.973079105652974,0.535655996001826,1.0300228905193,0.00263934251725717,0.753398531742939,12.371136931239,59.9999944662808,59.586918940005,61.028134338538,-0.0104988259261205,7.08392430676395,2.80761931251363,28.3007300746201,59.9999949130723,59.3102681705053,60.9233255548115,-0.0134515719908705,7.33142359320718,1.79977664153884,28.3537872105413,653.081286728971,370.022493565252,777.507061512107,-4.00262582727987,44.6481487675236,13.7072989026545,297.163539474028,-2.60658687085439
fault_B23,fault,30,4,34,5,6,4,0.960053104706681,0.7028160828012,1.0087774901967,0.00257859797349824,0.864947196136507,12.371136931239,1.01230116063239,0.706520839586995,1.09912573367017,0.00328471421317134,0.314127283561876,13.492541842593,59.9999949130723,59.3102681705053,60.9233255548115,-0.0134515719908705,7.33142359320718,1.79977664153884,28.3537872105413,59.9999943494354,59.4970946441677,61.3203585441429,-0.00971658831106481,11.4446249016771,2.72447179420966,28.2742015066596,653.081286728971,370.022493565252,777.507061512107,-4.00262582727987,44.6481487675236,13.7072989026545,297.163539474028,-2.60658687085439
fault_B23,fault,31,26,33,6,7,4,1.01926696898686,0.761695495163742,1.06694598634832,0.00229070729979908,0.0834131885814189,11.2791152669987,0.997200971921189,0.668202670991583,1.06351086485749,0.00246514979712431,0.248208970710317,11.3125532012332,59.9999943494354,59.4970946441677,61.3203585441429,-0.00971658831106481,11.4446249016771,2.72447179420966,28.2742015066596,59.9999944671441,59.537790675667,61.2214310806402,-0.00977805442236956,14.6796863963898,2.69309539464856,28.2742015066596,653.081286728971,370.022493565252,777.507061512107,-4.00262582727987,44.6481487675236,13.7072989026545,297.163539474028,-2.60658687085439
fault_B23,fault,32,14,30,7,10,4,0.965188010297433,0.674177528080932,1.01728558424008,0.00260420721294363,0.782452398817939,12.371136931239,1.04990040987001,0.927491576837001,1.08244891136657,0.00147457207221069,0,8.04903441757986,59.9999944671441,59.537790675667,61.2214310806402,-0.00977805442236956,14.6796863963898,2.69309539464856,28.2742015066596,59.9999918043979,59.7324496609557,60.925442424104,-0.000691382154236919,0.160652276490085,3.29707124935888,28.2742015066596,653.081286728971,370.022493565252,777.507061512107,-4.00262582727987,44.6481487675236,13.7072989026545,297.163539474028,-2.60658687085439
fault_B23,fault,33,6,33,1,4,5,0.959595788849726,0.743896992659108,1.01069508299835,0.002743993604157,0.912823051454441,12.371136931239,0.997200971921189,0.668202670991583,1.06351086485749,0.00246514979712431,0.248208970710317,11.3125532012332,59.9999934559826,59.6810688961598,60.7075383799168,-0.00656148202247664,3.59319020685311,2.78722459333186,23.3357145093642,59.9999944662808,59.586918940005,61.028134338538,-0.0104988259261205,7.08392430676395,2.80761931251363,28.3007300746201,517.000719945857,261.85107421752,711.174160626924,-4.91834620713985,137.308688158259,58.8140491833653,287.084654749219,1.59110087843513
fault_B23,fault,34,33,36,1,9,5,0.997200971921189,0.668202670991583,1.06351086485749,0.00246514979712431,0.248208970710317,11.3125532012332,1.0636010753349,0.353372671291432,1.13051057990352,0.0017072845945163,0.0834131885814189,8.07598803115459,59.9999934559826,59.6810688961598,60.7075383799168,-0.00656148202247664,3.59319020685311,2.78722459333186,23.3357145093642,59.9999948530335,59.6090858906147,60.998961470634,-0.00992983369194178,4.90958628721105,2.86880347005896,28.247672938699,517.000719945857,261.85107421752,711.174160626924,-4.91834620713985,137.308688158259,58.8140491833653,287.084654749219,1.59110087843513
fault_B23,fault,35,17,27,2,7,5,0.99507019283339,0.585416649267817,1.04910459462199,0.00258449959018026,0.413004752839215,12.371136931239,1.0020543707611,0.676593576997172,1.05176226568026,0.00240436810481515,0.347086439987656,11.2791152669987,59.9999937660327,59.732892406829,60.9313153790877,-0.0070719564441788,4.20318574449227,2.92998762760428,25.4865145753542,59.9999944671441,59.537790675667,61.2214310806402,-0.00977805442236956,14.6796863963898,2.69309539464856,28.2742015066596,517.000719945857,261.85107421752,711.174160626924,-4.91834620713985,137.308688158259,58.8140491833653,287.084654749219,1.59110087843513
fault_B23,fault,36,8,36,3,6,5,0.954598516570043,0.753651901891113,0.998879617714322,0.00270954846998117,1.20941973087856,12.371136931239,1.0636010753349,0.353372671291432,1.13051057990352,0.0017072845945163,0.0834131885814189,8.07598803115459,59.9999938740924,59.8120643580199,60.7892053905882,-0.0083362809119194,4.27305760908577,2.82801403169541,23.9163426570003,59.9999943494354,59.4970946441677,61.3203585441429,-0.00971658831106481,11.4446249016771,2.72447179420966,28.2742015066596,517.000719945857,261.85107421752,711.174160626924,-4.91834620713985,137.308688158259,58.8140491833653,287.084654749219,1.59110087843513
fault_B23,fault,37,2,11,4,6,5,1.02001684293784,0.82679814767738,1.05871477595733,0.0022242787305935,0.149331501432978,11.2791152669987,0.96248990465261,0.735718947100699,1.01541741238637,0.0026703860290207,0.841263177610181,12.371136931239,59.9999944662808,59.586918940005,61.028134338538,-0.0104988259261205,7.08392430676395,2.80761931251363,28.3007300746201,59.9999943494354,59.4970946441677,61.3203585441429,-0.00971658831106481,11.4446249016771,2.72447179420966,28.2742015066596,517.000719945857,261.85107421752,711.174160626924,-4.91834620713985,137.308688158259,58.8140491833653,287.084654749219,1.59110087843513
fault_B23,fault,38,20,32,5,6,5,0.987464538640993,0.641096822305401,1.06355686170529,0.00301975973720903,0.571966086514728,13.4423251925163,0.984100548431793,0.808489863934789,1.04297787383878,0.00233081947437774,0.380045596413435,11.2284301617315,59.9999949130723,59.3102681705053,60.9233255548115,-0.0134515719908705,7.33142359320718,1.79977664153884,28.3537872105413,59.9999943494354,59.4970946441677,61.3203585441429,-0.00971658831106481,11.4446249016771,2.72447179420966,28.2742015066596,517.000719945857,261.85107421752,711.174160626924,-4.91834620713985,137.308688158259,58.8140491833653,287.084654749219,1.59110087843513
fault_B23,fault,39,11,14,6,8,5,0.96248990465261,0.735718947100699,1.01541741238637,0.0026703860290207,0.841263177610181,12.371136931239,0.965188010297433,0.674177528080932,1.01728558424008,0.00260420721294363,0.782452398817939,12.371136931239,59.9999943494354,59.4970946441677,61.3203585441429,-0.00971658831106481,11.4446249016771,2.72447179420966,28.2742015066596,59.9999936918416,59.7489677538486,60.7034065883964,-0.00713751555500863,3.50637159013317,2.80761931251363,23.3793790650417,517.000719945857,261.85107421752,711.174160626924,-4.91834620713985,137.308688158259,58.8140491833653,287.084654749219,1.59110087843513
fault_B23,fault,40,4,6,8,9,5,0.960053104706681,0.7028160828012,1.0087774901967,0.00257859797349824,0.864947196136507,12.371136931239,0.959595788849726,0.743896992659108,1.01069508299835,0.002743993604157,0.912823051454441,12.371136931239,59.9999936918416,59.7489677538486,60.7034065883964,-0.00713751555500863,3.50637159013317,2.80761931251363,23.3793790650417,59.9999948530335,59.6090858906147,60.998961470634,-0.00992983369194178,4.90958628721105,2.86880347005896,28.247672938699,517.000719945857,261.85107421752,711.174160626924,-4.91834620713985,137.308688158259,58.8140491833653,287.084654749219,1.59110087843513
fault_B23,fault,41,24,32,1,4,6,0.999264074901395,0.416198027877726,1.06133271251658,0.00266467541438553,0.403729614939761,12.371136931239,0.984100548431793,0.808489863934789,1.04297787383878,0.00233081947437774,0.380045596413435,11.2284301617315,59.9999934559826,59.6810688961598,60.7075383799168,-0.00656148202247664,3.59319020685311,2.78722459333186,23.3357145093642,59.9999944662808,59.586918940005,61.028134338538,-0.0104988259261205,7.08392430676395,2.80761931251363,28.3007300746201,646.129526212919,114.452345763274,928.337642666206,-4.32072098370816,221.895491666939,163.467232355676,569.483287289137,-2.40567042518893
fault_B23,fault,42,13,27,1,10,6,0.964270739573376,0.715918077420473,1.01728189998127,0.00260473360563918,0.807183845893161,12.371136931239,1.0020543707611,0.676593576997172,1.05176226568026,0.00240436810481515,0.347086439987656,11.2791152669987,59.9999934559826,59.6810688961598,60.7075383799168,-0.00656148202247664,3.59319020685311,2.78722459333186,23.3357145093642,59.9999918043979,59.7324496609557,60.925442424104,-0.000691382154236919,0.160652276490085,3.29707124935888,28.2742015066596,646.129526212919,114.452345763274,928.337642666206,-4.32072098370816,221.895491666939,163.467232355676,569.483287289137,-2.40567042518893
fault_B23,fault,43,5,38,2,8,6,0.958759400236745,0.739444629343661,1.00838964880719,0.00272130519156744,0.980060505298923,12.371136931239,1.02650112277428,0.897472388667827,1.10125060539907,0.00245003092955498,0.00180857063040141,11.2284301617315,59.9999937660327,59.732892406829,60.9313153790877,-0.0070719564441788,4.20318574449227,2.92998762760428,25.4865145753542,59.9999936918416,59.7489677538486,60.7034065883964,-0.00713751555500863,3.50637159013317,2.80761931251363,23.3793790650417,646.129526212919,114.452345763274,928.337642666206,-4.32072098370816,221.895491666939,163.467232355676,569.483287289137,-2.40567042518893
fault_B23,fault,44,29,38,3,6,6,1.02109303516246,0.849867497293999,1.09051818938374,0.00255124206328916,0.0834131885814189,12.3188832766837,1.02650112277428,0.897472388667827,1.10125060539907,0.00245003092955498,0.00180857063040141,11.2284301617315,59.9999938740924,59.8120643580199,60.7892053905882,-0.0083362809119194,4.27305760908577,2.82801403169541,23.9163426570003,59.9999943494354,59.4970946441677,61.3203585441429,-0.00971658831106481,11.4446249016771,2.72447179420966,28.2742015066596,646.129526212919,114.452345763274,928.337642666206,-4.32072098370816,221.895491666939,163.467232355676,569.483287289137,-2.40567042518893
fault_B23,fault,45,16,20,4,6,6,0.991037366929576,0.48397462153079,1.05147785409967,0.00267573514375052,0.503769219485209,12.371136931239,0.987464538640993,0.641096822305401,1.06355686170529,0.00301975973720903,0.571966086514728,13.4423251925163,59.9999944662808,59.586918940005,61.028134338538,-0.0104988259261205,7.08392430676395,2.80761931251363,28.3007300746201,59.9999943494354,59.4970946441677,61.3203585441429,-0.00971658831106481,11.4446249016771,2.72447179420966,28.2742015066596,646.129526212919,114.452345763274,928.337642666206,-4.32072098370816,221.895491666939,163.467232355676,569.483287289137,-2.40567042518893
fault_B23,fault,46,7,38,5,7,6,0.953428494064471,0.747986018866051,0.999805885178186,0.00272758808035645,1.23742616940466,12.371136931239,1.02650112277428,0.897472388667827,1.10125060539907,0.00245003092955498,0.00180857063040141,11.2284301617315,59.9999949130723,59.3102681705053,60.9233255548115,-0.0134515719908705,7.33142359320718,1.79977664153884,28.3537872105413,59.9999944671441,59.537790675667,61.2214310806402,-0.00977805442236956,14.6796863963898,2.69309539464856,28.2742015066596,646.129526212919,114.452345763274,928.337642666206,-4.32072098370816,221.895491666939,163.467232355676,569.483287289137,-2.40567042518893
fault_B23,fault,47,1,20,6,9,6,1.02689638912936,0.897109171058754,1.04701294553168,0.00188700947941234,0.0988774692773389,11.2791152669987,0.987464538640993,0.641096822305401,1.06355686170529,0.00301975973720903,0.571966086514728,13.4423251925163,59.9999943494354,59.4970946441677,61.3203585441429,-0.00971658831106481,11.4446249016771,2.72447179420966,28.2742015066596,59.9999948530335,59.6090858906147,60.998961470634,-0.00992983369194178,4.90958628721105,2.86880347005896,28.247672938699,646.129526212919,114.452345763274,928.337642666206,-4.32072098370816,221.895491666939,163.467232355676,569.483287289137,-2.40567042518893
fault_B23,fault,48,19,23,8,9,6,0.990604210848697,0.60593977875105,1.05923179915623,0.00280545137633714,0.479504133324829,12.371136931239,1.02167685351485,0,1.08776128251651,0.00228839276503301,0.182290657858758,10.218704628205,59.9999936918416,59.7489677538486,60.7034065883964,-0.00713751555500863,3.50637159013317,2.80761931251363,23.3793790650417,59.9999948530335,59.6090858906147,60.998961470634,-0.00992983369194178,4.90958628721105,2.86880347005896,28.247672938699,646.129526212919,114.452345763274,928.337642666206,-4.32072098370816,221.895491666939,163.467232355676,569.483287289137,-2.40567042518893
fault_B23,fault,49,10,14,1,5,7,0.965720649152829,0.734015970922534,1.01936774636376,0.00261657296683604,0.807183845893161,12.371136931239,0.965188010297433,0.674177528080932,1.01728558424008,0.00260420721294363,0.782452398817939,12.371136931239,59.9999934559826,59.6810688961598,60.7075383799168,-0.00656148202247664,3.59319020685311,2.78722459333186,23.3357145093642,59.9999949130723,59.3102681705053,60.9233255548115,-0.0134515719908705,7.33142359320718,1.79977664153884,28.3537872105413,525.642776165619,8.43628782382053,774.633977148478,-3.55210113530541,188.546381008994,139.528978620437,485.131112836615,-2.53872777714724
fault_B23,fault,50,3,13,2,3,7,0.994475020133488,0.719622703770116,1.03894717657309,0.00241472319765401,0.413004752839215,12.3188832766837,0.964270739573376,0.715918077420473,1.01728189998127,0.00260473360563918,0.807183845893161,12.371136931239,59.9999937660327,59.732892406829,60.9313153790877,-0.0070719564441788,4.20318574449227,2.92998762760428,25.4865145753542,59.9999938740924,59.8120643580199,60.7892053905882,-0.0083362809119194,4.27305760908577,2.82801403169541,23.9163426570003,525.642776165619,8.43628782382053,774.633977148478,-3.55210113530541,188.546381008994,139.528978620437,485.131112836615,-2.53872777714724
fault_B23,fault,51,22,35,2,8,7,1.0229600920912,0.204984781373358,1.08965264812294,0.00231112751412832,0.182290657858758,11.2791152669987,1.04940121508332,0.387520525722634,1.11765039164412,0.00199979119975624,0.0834131885814189,9.14958515956776,59.9999937660327,59.732892406829,60.9313153790877,-0.0070719564441788,4.20318574449227,2.92998762760428,25.4865145753542,59.9999936918416,59.7489677538486,60.7034065883964,-0.00713751555500863,3.50637159013317,2.80761931251363,23.3793790650417,525.642776165619,8.43628782382053,774.633977148478,-3.55210113530541,188.546381008994,139.528978620437,485.131112836615,-2.53872777714724
fault_B23,fault,52,12,25,3,7,7,0.945223588050834,0.712135314179696,0.997175981755218,0.00258770885282766,1.32382486898584,12.371136931239,1.02838004290673,0.83838443747664,1.06048694375762,0.00158393262740963,0.0834131885814189,9.08668691805513,59.9999938740924,59.8120643580199,60.7892053905882,-0.0083362809119194,4.27305760908577,2.82801403169541,23.9163426570003,59.9999944671441,59.537790675667,61.2214310806402,-0.00977805442236956,14.6796863963898,2.69309539464856,28.2742015066596,525.642776165619,8.43628782382053,774.633977148478,-3.55210113530541,188.546381008994,139.528978620437,485.131112836615,-2.53872777714724
fault_B23,fault,53,5,9,4,7,7,0.958759400236745,0.739444629343661,1.00838964880719,0.00272130519156744,0.980060505298923,12.371136931239,1.02020766358892,0.886772502106555,1.03996969881375,0.00185086403041335,0.164795782128898,11.2284301617315,59.9999944662808,59.586918940005,61.028134338538,-0.0104988259261205,7.08392430676395,2.80761931251363,28.3007300746201,59.9999944671441,59.537790675667,61.2214310806402,-0.00977805442236956,14.6796863963898,2.69309539464856,28.2742015066596,525.642776165619,8.43628782382053,774.633977148478,-3.55210113530541,188.546381008994,139.528978620437,485.131112836615,-2.53872777714724
fault_B23,fault,54,27,30,5,7,7,1.0020543707611,0.676593576997172,1.05176226568026,0.00240436810481515,0.347086439987656,11.2791152669987,1.04990040987001,0.927491576837001,1.08244891136657,0.00147457207221069,0,8.04903441757986,59.9999949130723,59.3102681705053,60.9233255548115,-0.0134515719908705,7.33142359320718,1.79977664153884,28.3537872105413,59.9999944671441,59.537790675667,61.2214310806402,-0.00977805442236956,14.6796863963898,2.69309539464856,28.2742015066596,525.642776165619,8.43628782382053,774.633977148478,-3.55210113530541,188.546381008994,139.528978620437,485.131112836615,-2.53872777714724
fault_B23,fault,55,14,39,6,9,7,0.965188010297433,0.674177528080932,1.01728558424008,0.00260420721294363,0.782452398817939,12.371136931239,1.03000013409431,0.980056409669668,1.03560499700886,0.000619854912851547,0,4.76888706239481,59.9999943494354,59.4970946441677,61.3203585441429,-0.00971658831106481,11.4446249016771,2.72447179420966,28.2742015066596,59.9999948530335,59.6090858906147,60.998961470634,-0.00992983369194178,4.90958628721105,2.86880347005896,28.247672938699,525.642776165619,8.43628782382053,774.633977148478,-3.55210113530541,188.546381008994,139.528978620437,485.131112836615,-2.53872777714724
fault_B23,fault,56,7,10,8,10,7,0.953428494064471,0.747986018866051,0.999805885178186,0.00272758808035645,1.23742616940466,12.371136931239,0.965720649152829,0.734015970922534,1.01936774636376,0.00261657296683604,0.807183845893161,12.371136931239,59.9999936918416,59.7489677538486,60.7034065883964,-0.00713751555500863,3.50637159013317,2.80761931251363,23.3793790650417,59.9999918043979,59.7324496609557,60.925442424104,-0.000691382154236919,0.160652276490085,3.29707124935888,28.2742015066596,525.642776165619,8.43628782382053,774.633977148478,-3.55210113530541,188.546381008994,139.528978620437,485.131112836615,-2.53872777714724
fault_B23,fault,57,35,36,1,5,8,1.04940121508332,0.387520525722634,1.11765039164412,0.00199979119975624,0.0834131885814189,9.14958515956776,1.0636010753349,0.353372671291432,1.13051057990352,0.0017072845945163,0.0834131885814189,8.07598803115459,59.9999934559826,59.6810688961598,60.7075383799168,-0.00656148202247664,3.59319020685311,2.78722459333186,23.3357145093642,59.9999949130723,59.3102681705053,60.9233255548115,-0.0134515719908705,7.33142359320718,1.79977664153884,28.3537872105413,535.98704469732,401.889100601078,625.294981825131,-1.69191916897137,13.8483715662576,6.05623147703577,178.773950859671,-1.27451036124879
fault_B23,fault,58,17,36,2,3,8,0.99507019283339,0.585416649267817,1.04910459462199,0.00258449959018026,0.413004752839215,12.371136931239,1.0636010753349,0.353372671291432,1.13051057990352,0.0017072845945163,0.0834131885814189,8.07598803115459,59.9999937660327,59.732892406829,60.9313153790877,-0.0070719564441788,4.20318574449227,2.92998762760428,25.4865145753542,59.9999938740924,59.8120643580199,60.7892053905882,-0.0083362809119194,4.27305760908577,2.82801403169541,23.9163426570003,535.98704469732,401.889100601078,625.294981825131,-1.69191916897137,13.8483715662576,6.05623147703577,178.773950859671,-1.27451036124879
fault_B23,fault,59,9,15,2,9,8,1.02020766358892,0.886772502106555,1.03996969881375,0.00185086403041335,0.164795782128898,11.2284301617315,0.973079105652974,0.535655996001826,1.0300228905193,0.00263934251725717,0.753398531742939,12.371136931239,59.9999937660327,59.732892406829,60.9313153790877,-0.0070719564441788,4.20318574449227,2.92998762760428,25.4865145753542,59.9999948530335,59.6090858906147,60.998961470634,-0.00992983369194178,4.90958628721105,2.86880347005896,28.247672938699,535.98704469732,401.889100601078,625.294981825131,-1.69191916897137,13.8483715662576,6.05623147703577,178.773950859671,-1.27451036124879
fault_B23,fault,60,2,21,3,8,8,1.02001684293784,0.82679814767738,1.05871477595733,0.0022242787305935,0.149331501432978,11.2791152669987,0.997579594018811,0.340934394068566,1.06159095374911,0.00253666894302873,0.394454477040308,11.3125532012332,59.9999938740924,59.8120643580199,60.7892053905882,-0.0083362809119194,4.27305760908577,2.82801403169541,23.9163426570003,59.9999936918416,59.7489677538486,60.7034065883964,-0.00713751555500863,3.50637159013317,2.80761931251363,23.3793790650417,535.98704469732,401.889100601078,625.294981825131,-1.69191916897137,13.8483715662576,6.05623147703577,178.773950859671,-1.27451036124879
fault_B23,fault,61,21,23,4,7,8,0.997579594018811,0.340934394068566,1.06159095374911,0.00253666894302873,0.394454477040308,11.3125532012332,1.02167685351485,0,1.08776128251651,0.00228839276503301,0.182290657858758,10.218704628205,59.9999944662808,59.586918940005,61.028134338538,-0.0104988259261205,7.08392430676395,2.80761931251363,28.3007300746201,59.9999944671441,59.537790675667,61.2214310806402,-0.00977805442236956,14.6796863963898,2.69309539464856,28.2742015066596,535.98704469732,401.889100601078,625.294981825131,-1.69191916897137,13.8483715662576,6.05623147703577,178.773950859671,-1.27451036124879
fault_B23,fault,62,11,23,5,8,8,0.96248990465261,0.735718947100699,1.01541741238637,0.0026703860290207,0.841263177610181,12.371136931239,1.02167685351485,0,1.08776128251651,0.00228839276503301,0.182290657858758,10.218704628205,59.9999949130723,59.3102681705053,60.9233255548115,-0.0134515719908705,7.33142359320718,1.79977664153884,28.3537872105413,59.9999936918416,59.7489677538486,60.7034065883964,-0.00713751555500863,3.50637159013317,2.80761931251363,23.3793790650417,535.98704469732,401.889100601078,625.294981825131,-1.69191916897137,13.8483715662576,6.05623147703577,178.773950859671,-1.27451036124879
fault_B23,fault,63,4,15,6,10,8,0.960053104706681,0.7028160828012,1.0087774901967,0.00257859797349824,0.864947196136507,12.371136931239,0.973079105652974,0.535655996001826,1.0300228905193,0.00263934251725717,0.753398531742939,12.371136931239,59.9999943494354,59.4970946441677,61.3203585441429,-0.00971658831106481,11.4446249016771,2.72447179420966,28.2742015066596,59.9999918043979,59.7324496609557,60.925442424104,-0.000691382154236919,0.160652276490085,3.29707124935888,28.2742015066596,535.98704469732,401.889100601078,625.294981825131,-1.69191916897137,13.8483715662576,6.05623147703577,178.773950859671,-1.27451036124879
fault_B23,fault,64,25,27,8,10,8,1.02838004290673,0.83838443747664,1.06048694375762,0.00158393262740963,0.0834131885814189,9.08668691805513,1.0020543707611,0.676593576997172,1.05176226568026,0.00240436810481515,0.347086439987656,11.2791152669987,59.9999936918416,59.7489677538486,60.7034065883964,-0.00713751555500863,3.50637159013317,2.80761931251363,23.3793790650417,59.9999918043979,59.7324496609557,60.925442424104,-0.000691382154236919,0.160652276490085,3.29707124935888,28.2742015066596,535.98704469732,401.889100601078,625.294981825131,-1.69191916897137,13.8483715662576,6.05623147703577,178.773950859671,-1.27451036124879
fault_B23,fault,65,13,36,1,6,9,0.964270739573376,0.715918077420473,1.01728189998127,0.00260473360563918,0.807183845893161,12.371136931239,1.0636010753349,0.353372671291432,1.13051057990352,0.0017072845945163,0.0834131885814189,8.07598803115459,59.9999934559826,59.6810688961598,60.7075383799168,-0.00656148202247664,3.59319020685311,2.78722459333186,23.3357145093642,59.9999943494354,59.4970946441677,61.3203585441429,-0.00971658831106481,11.4446249016771,2.72447179420966,28.2742015066596,821.976188999109,582.040269616716,929.376000991842,-3.88622503218835,43.6266753165716,25.2483738777583,277.319662563232,-1.09654169506641
fault_B23,fault,66,6,14,2,4,9,0.959595788849726,0.743896992659108,1.01069508299835,0.002743993604157,0.912823051454441,12.371136931239,0.965188010297433,0.674177528080932,1.01728558424008,0.00260420721294363,0.782452398817939,12.371136931239,59.9999937660327,59.732892406829,60.9313153790877,-0.0070719564441788,4.20318574449227,2.92998762760428,25.4865145753542,59.9999944662808,59.586918940005,61.028134338538,-0.0104988259261205,7.08392430676395,2.80761931251363,28.3007300746201,821.976188999109,582.040269616716,929.376000991842,-3.88622503218835,43.6266753165716,25.2483738777583,277.319662563232,-1.09654169506641
fault_B23,fault,67,30,38,2,9,9,1.04990040987001,0.927491576837001,1.08244891136657,0.00147457207221069,0,8.04903441757986,1.02650112277428,0.897472388667827,1.10125060539907,0.00245003092955498,0.00180857063040141,11.2284301617315,59.9999937660327,59.732892406829,60.9313153790877,-0.0070719564441788,4.20318574449227,2.92998762760428,25.4865145753542,59.9999948530335,59.6090858906147,60.998961470634,-0.00992983369194178,4.90958628721105,2.86880347005896,28.247672938699,821.976188999109,582.040269616716,929.376000991842,-3.88622503218835,43.6266753165716,25.2483738777583,277.319662563232,-1.09654169506641
fault_B23,fault,68,16,30,3,8,9,0.991037366929576,0.48397462153079,1.05147785409967,0.00267573514375052,0.503769219485209,12.371136931239,1.04990040987001,0.927491576837001,1.08244891136657,0.00147457207221069,0,8.04903441757986,59.9999938740924,59.8120643580199,60.7892053905882,-0.0083362809119194,4.27305760908577,2.82801403169541,23.9163426570003,59.9999936918416,59.7489677538486,60.7034065883964,-0.00713751555500863,3.50637159013317,2.80761931251363,23.3793790650417,821.976188999109,582.040269616716,929.376000991842,-3.88622503218835,43.6266753165716,25.2483738777583,277.319662563232,-1.09654169506641
fault_B23,fault,69,8,16,4,8,9,0.954598516570043,0.753651901891113,0.998879617714322,0.00270954846998117,1.20941973087856,12.371136931239,0.991037366929576,0.48397462153079,1.05147785409967,0.00267573514375052,0.503769219485209,12.371136931239,59.9999944662808,59.586918940005,61.028134338538,-0.0104988259261205,7.08392430676395,2.80761931251363,28.3007300746201,59.9999936918416,59.7489677538486,60.7034065883964,-0.00713751555500863,3.50637159013317,2.80761931251363,23.3793790650417,821.976188999109,582.040269616716,929.376000991842,-3.88622503218835,43.6266753165716,25.2483738777583,277.319662563232,-1.09654169506641
fault_B23,fault,70,1,29,5,9,9,1.02689638912936,0.897109171058754,1.04701294553168,0.00188700947941234,0.0988774692773389,11.2791152669987,1.02109303516246,0.849867497293999,1.09051818938374,0.00255124206328916,0.0834131885814189,12.3188832766837,59.9999949130723,59.3102681705053,60.9233255548115,-0.0134515719908705,7.33142359320718,1.79977664153884,28.3537872105413,59.9999948530335,59.6090858906147,60.998961470634,-0.00992983369194178,4.90958628721105,2.86880347005896,28.247672938699,821.976188999109,582.040269616716,929.376000991842,-3.88622503218835,43.6266753165716,25.2483738777583,277.319662563232,-1.09654169506641
fault_B23,fault,71,19,32,6,10,9,0.990604210848697,0.60593977875105,1.05923179915623,0.00280545137633714,0.479504133324829,12.371136931239,0.984100548431793,0.808489863934789,1.04297787383878,0.00233081947437774,0.380045596413435,11.2284301617315,59.9999943494354,59.4970946441677,61.3203585441429,-0.00971658831106481,11.4446249016771,2.72447179420966,28.2742015066596,59.9999918043979,59.7324496609557,60.925442424104,-0.000691382154236919,0.160652276490085,3.29707124935888,28.2742015066596,821.976188999109,582.040269616716,929.376000991842,-3.88622503218835,43.6266753165716,25.2483738777583,277.319662563232,-1.09654169506641
fault_B23,fault,72,10,23,9,10,9,0.965720649152829,0.734015970922534,1.01936774636376,0.00261657296683604,0.807183845893161,12.371136931239,1.02167685351485,0,1.08776128251651,0.00228839276503301,0.182290657858758,10.218704628205,59.9999948530335,59.6090858906147,60.998961470634,-0.00992983369194178,4.90958628721105,2.86880347005896,28.247672938699,59.9999918043979,59.7324496609557,60.925442424104,-0.000691382154236919,0.160652276490085,3.29707124935888,28.2742015066596,821.976188999109,582.040269616716,929.376000991842,-3.88622503218835,43.6266753165716,25.2483738777583,277.319662563232,-1.09654169506641
fault_B23,fault,73,3,22,1,7,10,0.994475020133488,0.719622703770116,1.03894717657309,0.00241472319765401,0.413004752839215,12.3188832766837,1.0229600920912,0.204984781373358,1.08965264812294,0.00231112751412832,0.182290657858758,11.2791152669987,59.9999934559826,59.6810688961598,60.7075383799168,-0.00656148202247664,3.59319020685311,2.78722459333186,23.3357145093642,59.9999944671441,59.537790675667,61.2214310806402,-0.00977805442236956,14.6796863963898,2.69309539464856,28.2742015066596,950.434923998617,-374.254750267869,2405.49434308935,55.8939020419488,226.715283095974,88.4284462739724,1051.39287808063,-13.534501733836
fault_B23,fault,74,23,28,2,4,10,1.02167685351485,0,1.08776128251651,0.00228839276503301,0.182290657858758,10.218704628205,1.01980319076653,0.827748960899039,1.08463235956666,0.00253439592654536,0.0834131885814189,12.3188832766837,59.9999937660327,59.732892406829,60.9313153790877,-0.0070719564441788,4.20318574449227,2.92998762760428,25.4865145753542,59.9999944662808,59.586918940005,61.028134338538,-0.0104988259261205,7.08392430676395,2.80761931251363,28.3007300746201,950.434923998617,-374.254750267869,2405.49434308935,55.8939020419488,226.715283095974,88.4284462739724,1051.39287808063,-13.534501733836
fault_B23,fault,75,12,34,2,10,10,0.945223588050834,0.712135314179696,0.997175981755218,0.00258770885282766,1.32382486898584,12.371136931239,1.01230116063239,0.706520839586995,1.09912573367017,0.00328471421317134,0.314127283561876,13.492541842593,59.9999937660327,59.732892406829,60.9313153790877,-0.0070719564441788,4.20318574449227,2.92998762760428,25.4865145753542,59.9999918043979,59.7324496609557,60.925442424104,-0.000691382154236919,0.160652276490085,3.29707124935888,28.2742015066596,950.434923998617,-374.254750267869,2405.49434308935,55.8939020419488,226.715283095974,88.4284462739724,1051.39287808063,-13.534501733836
fault_B23,fault,76,5,19,3,9,10,0.958759400236745,0.739444629343661,1.00838964880719,0.00272130519156744,0.980060505298923,12.371136931239,0.990604210848697,0.60593977875105,1.05923179915623,0.00280545137633714,0.479504133324829,12.371136931239,59.9999938740924,59.8120643580199,60.7892053905882,-0.0083362809119194,4.27305760908577,2.82801403169541,23.9163426570003,59.9999948530335,59.6090858906147,60.998961470634,-0.00992983369194178,4.90958628721105,2.86880347005896,28.247672938699,950.434923998617,-374.254750267869,2405.49434308935,55.8939020419488,226.715283095974,88.4284462739724,1051.39287808063,-13.534501733836
fault_B23,fault,77,27,39,4,8,10,1.0020543707611,0.676593576997172,1.05176226568026,0.00240436810481515,0.347086439987656,11.2791152669987,1.03000013409431,0.980056409669668,1.03560499700886,0.000619854912851547,0,4.76888706239481,59.9999944662808,59.586918940005,61.028134338538,-0.0104988259261205,7.08392430676395,2.80761931251363,28.3007300746201,59.9999936918416,59.7489677538486,60.7034065883964,-0.00713751555500863,3.50637159013317,2.80761931251363,23.3793790650417,950.434923998617,-374.254750267869,2405.49434308935,55.8939020419488,226.715283095974,88.4284462739724,1051.39287808063,-13.534501733836
fault_B23,fault,78,15,24,5,9,10,0.973079105652974,0.535655996001826,1.0300228905193,0.00263934251725717,0.753398531742939,12.371136931239,0.999264074901395,0.416198027877726,1.06133271251658,0.00266467541438553,0.403729614939761,12.371136931239,59.9999949130723,59.3102681705053,60.9233255548115,-0.0134515719908705,7.33142359320718,1.79977664153884,28.3537872105413,59.9999948530335,59.6090858906147,60.998961470634,-0.00992983369194178,4.90958628721105,2.86880347005896,28.247672938699,950.434923998617,-374.254750267869,2405.49434308935,55.8939020419488,226.715283095974,88.4284462739724,1051.39287808063,-13.534501733836
fault_B23,fault,79,7,19,7,8,10,0.953428494064471,0.747986018866051,0.999805885178186,0.00272758808035645,1.23742616940466,12.371136931239,0.990604210848697,0.60593977875105,1.05923179915623,0.00280545137633714,0.479504133324829,12.371136931239,59.9999944671441,59.537790675667,61.2214310806402,-0.00977805442236956,14.6796863963898,2.69309539464856,28.2742015066596,59.9999936918416,59.7489677538486,60.7034065883964,-0.00713751555500863,3.50637159013317,2.80761931251363,23.3793790650417,950.434923998617,-374.254750267869,2405.49434308935,55.8939020419488,226.715283095974,88.4284462739724,1051.39287808063,-13.534501733836
fault_B23,fault,80,38,39,9,10,10,1.02650112277428,0.897472388667827,1.10125060539907,0.00245003092955498,0.00180857063040141,11.2284301617315,1.03000013409431,0.980056409669668,1.03560499700886,0.000619854912851547,0,4.76888706239481,59.9999948530335,59.6090858906147,60.998961470634,-0.00992983369194178,4.90958628721105,2.86880347005896,28.247672938699,59.9999918043979,59.7324496609557,60.925442424104,-0.000691382154236919,0.160652276490085,3.29707124935888,28.2742015066596,950.434923998617,-374.254750267869,2405.49434308935,55.8939020419488,226.715283095974,88.4284462739724,1051.39287808063,-13.534501733836
fault_B27,fault,1,1,2,1,2,1,1.02689638912936,0.857670060948557,1.05155418638687,0.00187517496991618,0.187232849710947,11.2449795986211,1.02001684293784,0.669966111951598,1.06641441730244,0.00221327452412856,0.246666434439844,11.2449795986211,59.9999934559826,59.8900256003874,60.6884924208283,-0.0062332222603132,4.36024239055122,1.82096463770155,23.3245478055784,59.9999937660327,59.7363376705092,60.9499545434373,-0.00623099131565397,5.15868815002404,2.76975784075715,25.5121765457952,247.351644502021,3.17802017605131,378.687903739865,-2.36900136275156,178.513910467193,143.65860872801,723.622102751691,-4.21027906807595
fault_B27,fault,2,18,25,1,7,1,0.993422297824962,0.483173061074712,1.04507206907453,0.00251841592478586,0.424654141270271,12.304300057662,1.02838004290673,0.62303162246365,1.06967230850741,0.00158128257825663,0.0833806001135091,9.06622841406185,59.9999934559826,59.8900256003874,60.6884924208283,-0.0062332222603132,4.36024239055122,1.82096463770155,23.3245478055784,59.9999944671441,59.6573385079093,61.100666644416,-0.00873672431187345,6.28403325064728,2.78906149424771,28.2338995197685,247.351644502021,3.17802017605131,378.687903739865,-2.36900136275156,178.513910467193,143.65860872801,723.622102751691,-4.21027906807595
fault_B27,fault,3,9,25,2,5,1,1.02020766358892,0.887563213466495,1.04324969713198,0.00185315503015238,0.187715742524944,10.2123154644352,1.02838004290673,0.62303162246365,1.06967230850741,0.00158128257825663,0.0833806001135091,9.06622841406185,59.9999937660327,59.7363376705092,60.9499545434373,-0.00623099131565397,5.15868815002404,2.76975784075715,25.5121765457952,59.9999949130723,59.3746511477812,61.2560706817623,-0.0113982784379303,7.0771010453803,2.88557976170052,28.7189126786467,247.351644502021,3.17802017605131,378.687903739865,-2.36900136275156,178.513910467193,143.65860872801,723.622102751691,-4.21027906807595
fault_B27,fault,4,2,31,3,4,1,1.02001684293784,0.669966111951598,1.06641441730244,0.00221327452412856,0.246666434439844,11.2449795986211,0.982000570674875,0.792159728062165,1.04616659086857,0.00277465762639229,0.463278896847607,12.355335051609,59.9999938740924,59.7559471310779,60.919395276766,-0.00710556643509364,5.22235742995732,2.73333312248931,25.4873791785487,59.9999944662808,59.6509189480569,60.980888559642,-0.00918019248732804,7.39064624160249,2.78906149424771,28.2621773040192,247.351644502021,3.17802017605131,378.687903739865,-2.36900136275156,178.513910467193,143.65860872801,723.622102751691,-4.21027906807595
fault_B27,fault,5,21,33,3,9,1,0.997579594018811,0.633701505115192,1.05469474269882,0.00251136306499189,0.246666434439844,11.2862855785515,0.997200971921189,0.72581721392676,1.06356938614605,0.00243014932043994,0.0833806001135091,11.2862855785515,59.9999938740924,59.7559471310779,60.919395276766,-0.00710556643509364,5.22235742995732,2.73333312248931,25.4873791785487,59.9999948530335,59.581432797457,61.0634852803153,-0.0089461027865454,12.7466119174701,1.80236666332401,28.2338995197685,247.351644502021,3.17802017605131,378.687903739865,-2.36900136275156,178.513910467193,143.65860872801,723.622102751691,-4.21027906807595
fault_B27,fault,6,11,33,4,9,1,0.96248990465261,0.713223435017962,1.01647142317849,0.0026886321140871,0.95295085003738,12.355335051609,0.997200971921189,0.72581721392676,1.06356938614605,0.00243014932043994,0.0833806001135091,11.2862855785515,59.9999944662808,59.6509189480569,60.980888559642,-0.00918019248732804,7.39064624160249,2.78906149424771,28.2621773040192,59.9999948530335,59.581432797457,61.0634852803153,-0.0089461027865454,12.7466119174701,1.80236666332401,28.2338995197685,247.351644502021,3.17802017605131,378.687903739865,-2.36900136275156,178.513910467193,143.65860872801,723.622102751691,-4.21027906807595
fault_B27,fault,7,4,25,5,10,1,0.960053104706681,0.656138601708094,1.00940581814177,0.00258555332601529,0.975697913142404,12.355335051609,1.02838004290673,0.62303162246365,1.06967230850741,0.00158128257825663,0.0833806001135091,9.06622841406185,59.9999949130723,59.3746511477812,61.2560706817623,-0.0113982784379303,7.0771010453803,2.88557976170052,28.7189126786467,59.9999918043979,59.7811252516748,60.9298551200784,-0.00188798854927086,0.190398989552207,3.32498449707972,28.2338995197685,247.351644502021,3.17802017605131,378.687903739865,-2.36900136275156,178.513910467193,143.65860872801,723.622102751691,-4.21027906807595
fault_B27,fault,8,25,37,7,8,1,1.02838004290673,0.62303162246365,1.06967230850741,0.00158128257825663,0.0833806001135091,9.06622841406185,1.02750054732654,0.709316645549464,1.07328207994877,0.00135291165749951,0.0833806001135091,8.03048491589365,59.9999944671441,59.6573385079093,61.100666644416,-0.00873672431187345,6.28403325064728,2.78906149424771,28.2338995197685,59.9999936918416,59.8820084046447,60.7750591357602,-0.00666029028783299,7.55021849704234,2.95638043801079,23.3727556568518,247.351644502021,3.17802017605131,378.687903739865,-2.36900136275156,178.513910467193,143.65860872801,723.622102751691,-4.21027906807595
fault_B27,fault,9,14,21,1,2,2,0.965188010297433,0.660603511027349,1.01699850734033,0.00261145292913523,0.816173590885864,12.355335051609,0.997579594018811,0.633701505115192,1.05469474269882,0.00251136306499189,0.246666434439844,11.2862855785515,59.9999934559826,59.8900256003874,60.6884924208283,-0.0062332222603132,4.36024239055122,1.82096463770155,23.3245478055784,59.9999937660327,59.7363376705092,60.9499545434373,-0.00623099131565397,5.15868815002404,2.76975784075715,25.5121765457952,699.11655373899,481.90745794507,829.453133439657,-2.89310761502202,156.180710399892,154.369297313107,298.493155007614,-0.583769331590588
fault_B27,fault,10,6,24,1,8,2,0.959595788849726,0.714892641442076,1.01215155303629,0.00276090098579451,1.0001580863371,12.355335051609,0.999264074901395,0.58923062383894,1.05690937620993,0.00263894466621473,0.320801891672833,12.355335051609,59.9999934559826,59.8900256003874,60.6884924208283,-0.0062332222603132,4.36024239055122,1.82096463770155,23.3245478055784,59.9999936918416,59.8820084046447,60.7750591357602,-0.00666029028783299,7.55021849704234,2.95638043801079,23.3727556568518,699.11655373899,481.90745794507,829.453133439657,-2.89310761502202,156.180710399892,154.369297313107,298.493155007614,-0.583769331590588
fault_B27,fault,11,32,33,2,5,2,0.984100548431793,0.795966352805035,1.04351065575532,0.00236407259883675,0.335503764176926,10.7316243927213,0.997200971921189,0.72581721392676,1.06356938614605,0.00243014932043994,0.0833806001135091,11.2862855785515,59.9999937660327,59.7363376705092,60.9499545434373,-0.00623099131565397,5.15868815002404,2.76975784075715,25.5121765457952,59.9999949130723,59.3746511477812,61.2560706817623,-0.0113982784379303,7.0771010453803,2.88557976170052,28.7189126786467,699.11655373899,481.90745794507,829.453133439657,-2.89310761502202,156.180710399892,154.369297313107,298.493155007614,-0.583769331590588
fault_B27,fault,12,17,18,3,4,2,0.99507019283339,0.41884560857768,1.05002514751138,0.00256491344119081,0.394937348905823,12.304300057662,0.993422297824962,0.483173061074712,1.04507206907453,0.00251841592478586,0.424654141270271,12.304300057662,59.9999938740924,59.7559471310779,60.919395276766,-0.00710556643509364,5.22235742995732,2.73333312248931,25.4873791785487,59.9999944662808,59.6509189480569,60.980888559642,-0.00918019248732804,7.39064624160249,2.78906149424771,28.2621773040192,699.11655373899,481.90745794507,829.453133439657,-2.89310761502202,156.180710399892,154.369297313107,298.493155007614,-0.583769331590588
fault_B27,fault,13,8,26,3,10,2,0.954598516570043,0.723454076943196,1.00156357055724,0.0027224237150768,1.18741121184456,12.4063700455559,1.01926696898686,0.271558480503792,1.08156873458778,0.00228058236689188,0.335816811533189,11.2862855785515,59.9999938740924,59.7559471310779,60.919395276766,-0.00710556643509364,5.22235742995732,2.73333312248931,25.4873791785487,59.9999918043979,59.7811252516748,60.9298551200784,-0.00188798854927086,0.190398989552207,3.32498449707972,28.2338995197685,699.11655373899,481.90745794507,829.453133439657,-2.89310761502202,156.180710399892,154.369297313107,298.493155007614,-0.583769331590588
fault_B27,fault,14,1,39,4,10,2,1.02689638912936,0.857670060948557,1.05155418638687,0.00187517496991618,0.187232849710947,11.2449795986211,1.03000013409431,0.98041677744169,1.03654418322413,0.000618237461039506,0,3.78648172604897,59.9999944662808,59.6509189480569,60.980888559642,-0.00918019248732804,7.39064624160249,2.78906149424771,28.2621773040192,59.9999918043979,59.7811252516748,60.9298551200784,-0.00188798854927086,0.190398989552207,3.32498449707972,28.2338995197685,699.11655373899,481.90745794507,829.453133439657,-2.89310761502202,156.180710399892,154.369297313107,298.493155007614,-0.583769331590588
fault_B27,fault,15,20,23,5,10,2,0.987464538640993,0.705346441266927,1.05921395072084,0.00296030154055449,0.335503764176926,13.38156691082,1.02167685351485,0.717365629537087,1.07794240717291,0.00226640504533671,0.0833806001135091,11.2449795986211,59.9999949130723,59.3746511477812,61.2560706817623,-0.0113982784379303,7.0771010453803,2.88557976170052,28.7189126786467,59.9999918043979,59.7811252516748,60.9298551200784,-0.00188798854927086,0.190398989552207,3.32498449707972,28.2338995197685,699.11655373899,481.90745794507,829.453133439657,-2.89310761502202,156.180710399892,154.369297313107,298.493155007614,-0.583769331590588
fault_B27,fault,16,10,33,7,9,2,0.965720649152829,0.714731140765243,1.02025261777261,0.00263577957469285,0.802908515385372,12.355335051609,0.997200971921189,0.72581721392676,1.06356938614605,0.00243014932043994,0.0833806001135091,11.2862855785515,59.9999944671441,59.6573385079093,61.100666644416,-0.00873672431187345,6.28403325064728,2.78906149424771,28.2338995197685,59.9999948530335,59.581432797457,61.0634852803153,-0.0089461027865454,12.7466119174701,1.80236666332401,28.2338995197685,699.11655373899,481.90745794507,829.453133439657,-2.89310761502202,156.180710399892,154.369297313107,298.493155007614,-0.583769331590588
fault_B27,fault,17,3,32,1,3,3,0.994475020133488,0.591818288620185,1.04090984032489,0.00240635903790176,0.394937348905823,12.304300057662,0.984100548431793,0.795966352805035,1.04351065575532,0.00236407259883675,0.335503764176926,10.7316243927213,59.9999934559826,59.8900256003874,60.6884924208283,-0.0062332222603132,4.36024239055122,1.82096463770155,23.3245478055784,59.9999938740924,59.7559471310779,60.919395276766,-0.00710556643509364,5.22235742995732,2.73333312248931,25.4873791785487,672.46804441793,413.581483335285,790.267670544891,-3.06253587862284,138.262054035867,127.60528253158,353.871847453058,-1.80400610381793
fault_B27,fault,18,23,38,1,8,3,1.02167685351485,0.717365629537087,1.07794240717291,0.00226640504533671,0.0833806001135091,11.2449795986211,1.02650112277428,0.640296680336822,1.12170474462491,0.00244265950223688,0.321114939029096,11.7878208916781,59.9999934559826,59.8900256003874,60.6884924208283,-0.0062332222603132,4.36024239055122,1.82096463770155,23.3245478055784,59.9999936918416,59.8820084046447,60.7750591357602,-0.00666029028783299,7.55021849704234,2.95638043801079,23.3727556568518,672.46804441793,413.581483335285,790.267670544891,-3.06253587862284,138.262054035867,127.60528253158,353.871847453058,-1.80400610381793
fault_B27,fault,19,13,18,2,6,3,0.964270739573376,0.698281343803731,1.01792126717943,0.00262104961519616,0.858706484547612,12.355335051609,0.993422297824962,0.483173061074712,1.04507206907453,0.00251841592478586,0.424654141270271,12.304300057662,59.9999937660327,59.7363376705092,60.9499545434373,-0.00623099131565397,5.15868815002404,2.76975784075715,25.5121765457952,59.9999943494354,59.7203588965809,60.9994095990979,-0.00866217538712988,7.81505680943424,2.76975784075715,28.2338995197685,672.46804441793,413.581483335285,790.267670544891,-3.06253587862284,138.262054035867,127.60528253158,353.871847453058,-1.80400610381793
fault_B27,fault,20,5,29,3,5,3,0.958759400236745,0.707718894164218,1.00996382657044,0.00273639896826672,1.05707592341302,12.355335051609,1.02109303516246,0.515596719292576,1.10888134001877,0.00254193034314665,0.365533603897637,13.38156691082,59.9999938740924,59.7559471310779,60.919395276766,-0.00710556643509364,5.22235742995732,2.73333312248931,25.4873791785487,59.9999949130723,59.3746511477812,61.2560706817623,-0.0113982784379303,7.0771010453803,2.88557976170052,28.7189126786467,672.46804441793,413.581483335285,790.267670544891,-3.06253587862284,138.262054035867,127.60528253158,353.871847453058,-1.80400610381793
fault_B27,fault,21,28,38,3,10,3,1.01980319076653,0.455538320322935,1.10239718390932,0.00252462468447257,0.365533603897637,13.38156691082,1.02650112277428,0.640296680336822,1.12170474462491,0.00244265950223688,0.321114939029096,11.7878208916781,59.9999938740924,59.7559471310779,60.919395276766,-0.00710556643509364,5.22235742995732,2.73333312248931,25.4873791785487,59.9999918043979,59.7811252516748,60.9298551200784,-0.00188798854927086,0.190398989552207,3.32498449707972,28.2338995197685,672.46804441793,413.581483335285,790.267670544891,-3.06253587862284,138.262054035867,127.60528253158,353.871847453058,-1.80400610381793
fault_B27,fault,22,15,34,4,10,3,0.973079105652974,0.587245745401355,1.02512432678784,0.00262358564218379,0.623769094458089,12.355335051609,1.01230116063239,0.766287026049663,1.09246109317515,0.00320818550155977,0.0833806001135091,14.5070254805119,59.9999944662808,59.6509189480569,60.980888559642,-0.00918019248732804,7.39064624160249,2.78906149424771,28.2621773040192,59.9999918043979,59.7811252516748,60.9298551200784,-0.00188798854927086,0.190398989552207,3.32498449707972,28.2338995197685,672.46804441793,413.581483335285,790.267670544891,-3.06253587862284,138.262054035867,127.60528253158,353.871847453058,-1.80400610381793
fault_B27,fault,23,7,29,6,7,3,0.953428494064471,0.718203136974854,1.00211470626744,0.00274171225928788,1.18741121184456,12.4063700455559,1.02109303516246,0.515596719292576,1.10888134001877,0.00254193034314665,0.365533603897637,13.38156691082,59.9999943494354,59.7203588965809,60.9994095990979,-0.00866217538712988,7.81505680943424,2.76975784075715,28.2338995197685,59.9999944671441,59.6573385079093,61.100666644416,-0.00873672431187345,6.28403325064728,2.78906149424771,28.2338995197685,672.46804441793,413.581483335285,790.267670544891,-3.06253587862284,138.262054035867,127.60528253158,353.871847453058,-1.80400610381793
fault_B27,fault,24,1,11,7,10,3,1.02689638912936,0.857670060948557,1.05155418638687,0.00187517496991618,0.187232849710947,11.2449795986211,0.96248990465261,0.713223435017962,1.01647142317849,0.0026886321140871,0.95295085003738,12.355335051609,59.9999944671441,59.6573385079093,61.100666644416,-0.00873672431187345,6.28403325064728,2.78906149424771,28.2338995197685,59.9999918043979,59.7811252516748,60.9298551200784,-0.00188798854927086,0.190398989552207,3.32498449707972,28.2338995197685,672.46804441793,413.581483335285,790.267670544891,-3.06253587862284,138.262054035867,127.60528253158,353.871847453058,-1.80400610381793
fault_B27,fault,25,18,34,1,3,4,0.993422297824962,0.483173061074712,1.04507206907453,0.00251841592478586,0.424654141270271,12.304300057662,1.01230116063239,0.766287026049663,1.09246109317515,0.00320818550155977,0.0833806001135091,14.5070254805119,59.9999934559826,59.8900256003874,60.6884924208283,-0.0062332222603132,4.36024239055122,1.82096463770155,23.3245478055784,59.9999938740924,59.7559471310779,60.919395276766,-0.00710556643509364,5.22235742995732,2.73333312248931,25.4873791785487,653.081286728971,357.752496929604,771.301562993378,-3.85198521111397,44.6481487675236,16.0456840364165,262.723545721313,-2.53543533061484
fault_B27,fault,26,9,34,1,9,4,1.02020766358892,0.887563213466495,1.04324969713198,0.00185315503015238,0.187715742524944,10.2123154644352,1.01230116063239,0.766287026049663,1.09246109317515,0.00320818550155977,0.0833806001135091,14.5070254805119,59.9999934559826,59.8900256003874,60.6884924208283,-0.0062332222603132,4.36024239055122,1.82096463770155,23.3245478055784,59.9999948530335,59.581432797457,61.0634852803153,-0.0089461027865454,12.7466119174701,1.80236666332401,28.2338995197685,653.081286728971,357.752496929604,771.301562993378,-3.85198521111397,44.6481487675236,16.0456840364165,262.723545721313,-2.53543533061484
fault_B27,fault,27,3,4,2,7,4,0.994475020133488,0.591818288620185,1.04090984032489,0.00240635903790176,0.394937348905823,12.304300057662,0.960053104706681,0.656138601708094,1.00940581814177,0.00258555332601529,0.975697913142404,12.355335051609,59.9999937660327,59.7363376705092,60.9499545434373,-0.00623099131565397,5.15868815002404,2.76975784075715,25.5121765457952,59.9999944671441,59.6573385079093,61.100666644416,-0.00873672431187345,6.28403325064728,2.78906149424771,28.2338995197685,653.081286728971,357.752496929604,771.301562993378,-3.85198521111397,44.6481487675236,16.0456840364165,262.723545721313,-2.53543533061484
fault_B27,fault,28,22,26,3,5,4,1.0229600920912,0.717202524735732,1.07911521195058,0.00228813636223157,0.0833806001135091,11.2449795986211,1.01926696898686,0.271558480503792,1.08156873458778,0.00228058236689188,0.335816811533189,11.2862855785515,59.9999938740924,59.7559471310779,60.919395276766,-0.00710556643509364,5.22235742995732,2.73333312248931,25.4873791785487,59.9999949130723,59.3746511477812,61.2560706817623,-0.0113982784379303,7.0771010453803,2.88557976170052,28.7189126786467,653.081286728971,357.752496929604,771.301562993378,-3.85198521111397,44.6481487675236,16.0456840364165,262.723545721313,-2.53543533061484
fault_B27,fault,29,12,15,4,5,4,0.945223588050834,0.692439327790089,0.99801495681277,0.00260466496416234,1.32328704036218,12.355335051609,0.973079105652974,0.587245745401355,1.02512432678784,0.00262358564218379,0.623769094458089,12.355335051609,59.9999944662808,59.6509189480569,60.980888559642,-0.00918019248732804,7.39064624160249,2.78906149424771,28.2621773040192,59.9999949130723,59.3746511477812,61.2560706817623,-0.0113982784379303,7.0771010453803,2.88557976170052,28.7189126786467,653.081286728971,357.752496929604,771.301562993378,-3.85198521111397,44.6481487675236,16.0456840364165,262.723545721313,-2.53543533061484
fault_B27,fault,30,4,34,5,6,4,0.960053104706681,0.656138601708094,1.00940581814177,0.00258555332601529,0.975697913142404,12.355335051609,1.01230116063239,0.766287026049663,1.09246109317515,0.00320818550155977,0.0833806001135091,14.5070254805119,59.9999949130723,59.3746511477812,61.2560706817623,-0.0113982784379303,7.0771010453803,2.88557976170052,28.7189126786467,59.9999943494354,59.7203588965809,60.9994095990979,-0.00866217538712988,7.81505680943424,2.76975784075715,28.2338995197685,653.081286728971,357.752496929604,771.301562993378,-3.85198521111397,44.6481487675236,16.0456840364165,262.723545721313,-2.53543533061484
fault_B27,fault,31,26,33,6,7,4,1.01926696898686,0.271558480503792,1.08156873458778,0.00228058236689188,0.335816811533189,11.2862855785515,0.997200971921189,0.72581721392676,1.06356938614605,0.00243014932043994,0.0833806001135091,11.2862855785515,59.9999943494354,59.7203588965809,60.9994095990979,-0.00866217538712988,7.81505680943424,2.76975784075715,28.2338995197685,59.9999944671441,59.6573385079093,61.100666644416,-0.00873672431187345,6.28403325064728,2.78906149424771,28.2338995197685,653.081286728971,357.752496929604,771.301562993378,-3.85198521111397,44.6481487675236,16.0456840364165,262.723545721313,-2.53543533061484
fault_B27,fault,32,14,30,7,10,4,0.965188010297433,0.660603511027349,1.01699850734033,0.00261145292913523,0.816173590885864,12.355335051609,1.04990040987001,0.828001595005532,1.08936811067251,0.00146684230854577,0.0833806001135091,8.03048491589365,59.9999944671441,59.6573385079093,61.100666644416,-0.00873672431187345,6.28403325064728,2.78906149424771,28.2338995197685,59.9999918043979,59.7811252516748,60.9298551200784,-0.00188798854927086,0.190398989552207,3.32498449707972,28.2338995197685,653.081286728971,357.752496929604,771.301562993378,-3.85198521111397,44.6481487675236,16.0456840364165,262.723545721313,-2.53543533061484
fault_B27,fault,33,6,33,1,4,5,0.959595788849726,0.714892641442076,1.01215155303629,0.00276090098579451,1.0001580863371,12.355335051609,0.997200971921189,0.72581721392676,1.06356938614605,0.00243014932043994,0.0833806001135091,11.2862855785515,59.9999934559826,59.8900256003874,60.6884924208283,-0.0062332222603132,4.36024239055122,1.82096463770155,23.3245478055784,59.9999944662808,59.6509189480569,60.980888559642,-0.00918019248732804,7.39064624160249,2.78906149424771,28.2621773040192,517.000719945857,270.713909591076,667.790499397143,-4.60652649819087,137.308688158259,84.9987263983361,281.706813985085,1.50025302071128
fault_B27,fault,34,33,36,1,9,5,0.997200971921189,0.72581721392676,1.06356938614605,0.00243014932043994,0.0833806001135091,11.2862855785515,1.0636010753349,0.837138275046828,1.11659146807824,0.00169625859519007,0.0833806001135091,8.05930671923583,59.9999934559826,59.8900256003874,60.6884924208283,-0.0062332222603132,4.36024239055122,1.82096463770155,23.3245478055784,59.9999948530335,59.581432797457,61.0634852803153,-0.0089461027865454,12.7466119174701,1.80236666332401,28.2338995197685,517.000719945857,270.713909591076,667.790499397143,-4.60652649819087,137.308688158259,84.9987263983361,281.706813985085,1.50025302071128
fault_B27,fault,35,17,27,2,7,5,0.99507019283339,0.41884560857768,1.05002514751138,0.00256491344119081,0.394937348905823,12.304300057662,1.0020543707611,0,1.06031471087232,0.00239025654355962,0.38023547640173,11.2862855785515,59.9999937660327,59.7363376705092,60.9499545434373,-0.00623099131565397,5.15868815002404,2.76975784075715,25.5121765457952,59.9999944671441,59.6573385079093,61.100666644416,-0.00873672431187345,6.28403325064728,2.78906149424771,28.2338995197685,517.000719945857,270.713909591076,667.790499397143,-4.60652649819087,137.308688158259,84.9987263983361,281.706813985085,1.50025302071128
fault_B27,fault,36,8,36,3,6,5,0.954598516570043,0.723454076943196,1.00156357055724,0.0027224237150768,1.18741121184456,12.4063700455559,1.0636010753349,0.837138275046828,1.11659146807824,0.00169625859519007,0.0833806001135091,8.05930671923583,59.9999938740924,59.7559471310779,60.919395276766,-0.00710556643509364,5.22235742995732,2.73333312248931,25.4873791785487,59.9999943494354,59.7203588965809,60.9994095990979,-0.00866217538712988,7.81505680943424,2.76975784075715,28.2338995197685,517.000719945857,270.713909591076,667.790499397143,-4.60652649819087,137.308688158259,84.9987263983361,281.706813985085,1.50025302071128
fault_B27,fault,37,2,11,4,6,5,1.02001684293784,0.669966111951598,1.06641441730244,0.00221327452412856,0.246666434439844,11.2449795986211,0.96248990465261,0.713223435017962,1.01647142317849,0.0026886321140871,0.95295085003738,12.355335051609,59.9999944662808,59.6509189480569,60.980888559642,-0.00918019248732804,7.39064624160249,2.78906149424771,28.2621773040192,59.9999943494354,59.7203588965809,60.9994095990979,-0.00866217538712988,7.81505680943424,2.76975784075715,28.2338995197685,517.000719945857,270.713909591076,667.790499397143,-4.60652649819087,137.308688158259,84.9987263983361,281.706813985085,1.50025302071128
fault_B27,fault,38,20,32,5,6,5,0.987464538640993,0.705346441266927,1.05921395072084,0.00296030154055449,0.335503764176926,13.38156691082,0.984100548431793,0.795966352805035,1.04351065575532,0.00236407259883675,0.335503764176926,10.7316243927213,59.9999949130723,59.3746511477812,61.2560706817623,-0.0113982784379303,7.0771010453803,2.88557976170052,28.7189126786467,59.9999943494354,59.7203588965809,60.9994095990979,-0.00866217538712988,7.81505680943424,2.76975784075715,28.2338995197685,517.000719945857,270.713909591076,667.790499397143,-4.60652649819087,137.308688158259,84.9987263983361,281.706813985085,1.50025302071128
fault_B27,fault,39,11,14,6,8,5,0.96248990465261,0.713223435017962,1.01647142317849,0.0026886321140871,0.95295085003738,12.355335051609,0.965188010297433,0.660603511027349,1.01699850734033,0.00261145292913523,0.816173590885864,12.355335051609,59.9999943494354,59.7203588965809,60.9994095990979,-0.00866217538712988,7.81505680943424,2.76975784075715,28.2338995197685,59.9999936918416,59.8820084046447,60.7750591357602,-0.00666029028783299,7.55021849704234,2.95638043801079,23.3727556568518,517.000719945857,270.713909591076,667.790499397143,-4.60652649819087,137.308688158259,84.9987263983361,281.706813985085,1.50025302071128
fault_B27,fault,40,4,6,8,9,5,0.960053104706681,0.656138601708094,1.00940581814177,0.00258555332601529,0.975697913142404,12.355335051609,0.959595788849726,0.714892641442076,1.01215155303629,0.00276090098579451,1.0001580863371,12.355335051609,59.9999936918416,59.8820084046447,60.7750591357602,-0.00666029028783299,7.55021849704234,2.95638043801079,23.3727556568518,59.9999948530335,59.581432797457,61.0634852803153,-0.0089461027865454,12.7466119174701,1.80236666332401,28.2338995197685,517.000719945857,270.713909591076,667.790499397143,-4.60652649819087,137.308688158259,84.9987263983361,281.706813985085,1.50025302071128
fault_B27,fault,41,24,32,1,4,6,0.999264074901395,0.58923062383894,1.05690937620993,0.00263894466621473,0.320801891672833,12.355335051609,0.984100548431793,0.795966352805035,1.04351065575532,0.00236407259883675,0.335503764176926,10.7316243927213,59.9999934559826,59.8900256003874,60.6884924208283,-0.0062332222603132,4.36024239055122,1.82096463770155,23.3245478055784,59.9999944662808,59.6509189480569,60.980888559642,-0.00918019248732804,7.39064624160249,2.78906149424771,28.2621773040192,646.129526212919,281.431421126322,782.098399593678,-4.18200405832192,221.895491666939,198.107063250474,511.309624859088,-2.3680705483882
fault_B27,fault,42,13,27,1,10,6,0.964270739573376,0.698281343803731,1.01792126717943,0.00262104961519616,0.858706484547612,12.355335051609,1.0020543707611,0,1.06031471087232,0.00239025654355962,0.38023547640173,11.2862855785515,59.9999934559826,59.8900256003874,60.6884924208283,-0.0062332222603132,4.36024239055122,1.82096463770155,23.3245478055784,59.9999918043979,59.7811252516748,60.9298551200784,-0.00188798854927086,0.190398989552207,3.32498449707972,28.2338995197685,646.129526212919,281.431421126322,782.098399593678,-4.18200405832192,221.895491666939,198.107063250474,511.309624859088,-2.3680705483882
fault_B27,fault,43,5,38,2,8,6,0.958759400236745,0.707718894164218,1.00996382657044,0.00273639896826672,1.05707592341302,12.355335051609,1.02650112277428,0.640296680336822,1.12170474462491,0.00244265950223688,0.321114939029096,11.7878208916781,59.9999937660327,59.7363376705092,60.9499545434373,-0.00623099131565397,5.15868815002404,2.76975784075715,25.5121765457952,59.9999936918416,59.8820084046447,60.7750591357602,-0.00666029028783299,7.55021849704234,2.95638043801079,23.3727556568518,646.129526212919,281.431421126322,782.098399593678,-4.18200405832192,221.895491666939,198.107063250474,511.309624859088,-2.3680705483882
fault_B27,fault,44,29,38,3,6,6,1.02109303516246,0.515596719292576,1.10888134001877,0.00254193034314665,0.365533603897637,13.38156691082,1.02650112277428,0.640296680336822,1.12170474462491,0.00244265950223688,0.321114939029096,11.7878208916781,59.9999938740924,59.7559471310779,60.919395276766,-0.00710556643509364,5.22235742995732,2.73333312248931,25.4873791785487,59.9999943494354,59.7203588965809,60.9994095990979,-0.00866217538712988,7.81505680943424,2.76975784075715,28.2338995197685,646.129526212919,281.431421126322,782.098399593678,-4.18200405832192,221.895491666939,198.107063250474,511.309624859088,-2.3680705483882
fault_B27,fault,45,16,20,4,6,6,0.991037366929576,0.565458821728316,1.04795125057792,0.0026503284186199,0.394937348905823,12.355335051609,0.987464538640993,0.705346441266927,1.05921395072084,0.00296030154055449,0.335503764176926,13.38156691082,59.9999944662808,59.6509189480569,60.980888559642,-0.00918019248732804,7.39064624160249,2.78906149424771,28.2621773040192,59.9999943494354,59.7203588965809,60.9994095990979,-0.00866217538712988,7.81505680943424,2.76975784075715,28.2338995197685,646.129526212919,281.431421126322,782.098399593678,-4.18200405832192,221.895491666939,198.107063250474,511.309624859088,-2.3680705483882
fault_B27,fault,46,7,38,5,7,6,0.953428494064471,0.718203136974854,1.00211470626744,0.00274171225928788,1.18741121184456,12.4063700455559,1.02650112277428,0.640296680336822,1.12170474462491,0.00244265950223688,0.321114939029096,11.7878208916781,59.9999949130723,59.3746511477812,61.2560706817623,-0.0113982784379303,7.0771010453803,2.88557976170052,28.7189126786467,59.9999944671441,59.6573385079093,61.100666644416,-0.00873672431187345,6.28403325064728,2.78906149424771,28.2338995197685,646.129526212919,281.431421126322,782.098399593678,-4.18200405832192,221.895491666939,198.107063250474,511.309624859088,-2.3680705483882
fault_B27,fault,47,1,20,6,9,6,1.02689638912936,0.857670060948557,1.05155418638687,0.00187517496991618,0.187232849710947,11.2449795986211,0.987464538640993,0.705346441266927,1.05921395072084,0.00296030154055449,0.335503764176926,13.38156691082,59.9999943494354,59.7203588965809,60.9994095990979,-0.00866217538712988,7.81505680943424,2.76975784075715,28.2338995197685,59.9999948530335,59.581432797457,61.0634852803153,-0.0089461027865454,12.7466119174701,1.80236666332401,28.2338995197685,646.129526212919,281.431421126322,782.098399593678,-4.18200405832192,221.895491666939,198.107063250474,511.309624859088,-2.3680705483882
fault_B27,fault,48,19,23,8,9,6,0.990604210848697,0.674365518188156,1.05718983270262,0.00276136174981789,0.291085099308385,12.355335051609,1.02167685351485,0.717365629537087,1.07794240717291,0.00226640504533671,0.0833806001135091,11.2449795986211,59.9999936918416,59.8820084046447,60.7750591357602,-0.00666029028783299,7.55021849704234,2.95638043801079,23.3727556568518,59.9999948530335,59.581432797457,61.0634852803153,-0.0089461027865454,12.7466119174701,1.80236666332401,28.2338995197685,646.129526212919,281.431421126322,782.098399593678,-4.18200405832192,221.895491666939,198.107063250474,511.309624859088,-2.3680705483882
fault_B27,fault,49,10,14,1,5,7,0.965720649152829,0.714731140765243,1.02025261777261,0.00263577957469285,0.802908515385372,12.355335051609,0.965188010297433,0.660603511027349,1.01699850734033,0.00261145292913523,0.816173590885864,12.355335051609,59.9999934559826,59.8900256003874,60.6884924208283,-0.0062332222603132,4.36024239055122,1.82096463770155,23.3245478055784,59.9999949130723,59.3746511477812,61.2560706817623,-0.0113982784379303,7.0771010453803,2.88557976170052,28.7189126786467,525.642776165619,278.010043321168,662.937245857781,-3.45818397236064,188.546381008994,146.014356531795,380.21204523739,-2.48587638015778
fault_B27,fault,50,3,13,2,3,7,0.994475020133488,0.591818288620185,1.04090984032489,0.00240635903790176,0.394937348905823,12.304300057662,0.964270739573376,0.698281343803731,1.01792126717943,0.00262104961519616,0.858706484547612,12.355335051609,59.9999937660327,59.7363376705092,60.9499545434373,-0.00623099131565397,5.15868815002404,2.76975784075715,25.5121765457952,59.9999938740924,59.7559471310779,60.919395276766,-0.00710556643509364,5.22235742995732,2.73333312248931,25.4873791785487,525.642776165619,278.010043321168,662.937245857781,-3.45818397236064,188.546381008994,146.014356531795,380.21204523739,-2.48587638015778
fault_B27,fault,51,22,35,2,8,7,1.0229600920912,0.717202524735732,1.07911521195058,0.00228813636223157,0.0833806001135091,11.2449795986211,1.04940121508332,0.801050860965502,1.10237867354606,0.00198061980306941,0.0833806001135091,9.11533229671646,59.9999937660327,59.7363376705092,60.9499545434373,-0.00623099131565397,5.15868815002404,2.76975784075715,25.5121765457952,59.9999936918416,59.8820084046447,60.7750591357602,-0.00666029028783299,7.55021849704234,2.95638043801079,23.3727556568518,525.642776165619,278.010043321168,662.937245857781,-3.45818397236064,188.546381008994,146.014356531795,380.21204523739,-2.48587638015778
fault_B27,fault,52,12,25,3,7,7,0.945223588050834,0.692439327790089,0.99801495681277,0.00260466496416234,1.32328704036218,12.355335051609,1.02838004290673,0.62303162246365,1.06967230850741,0.00158128257825663,0.0833806001135091,9.06622841406185,59.9999938740924,59.7559471310779,60.919395276766,-0.00710556643509364,5.22235742995732,2.73333312248931,25.4873791785487,59.9999944671441,59.6573385079093,61.100666644416,-0.00873672431187345,6.28403325064728,2.78906149424771,28.2338995197685,525.642776165619,278.010043321168,662.937245857781,-3.45818397236064,188.546381008994,146.014356531795,380.21204523739,-2.48587638015778
fault_B27,fault,53,5,9,4,7,7,0.958759400236745,0.707718894164218,1.00996382657044,0.00273639896826672,1.05707592341302,12.355335051609,1.02020766358892,0.887563213466495,1.04324969713198,0.00185315503015238,0.187715742524944,10.2123154644352,59.9999944662808,59.6509189480569,60.980888559642,-0.00918019248732804,7.39064624160249,2.78906149424771,28.2621773040192,59.9999944671441,59.6573385079093,61.100666644416,-0.00873672431187345,6.28403325064728,2.78906149424771,28.2338995197685,525.642776165619,278.010043321168,662.937245857781,-3.45818397236064,188.546381008994,146.014356531795,380.21204523739,-2.48587638015778
fault_B27,fault,54,27,30,5,7,7,1.0020543707611,0,1.06031471087232,0.00239025654355962,0.38023547640173,11.2862855785515,1.04990040987001,0.828001595005532,1.08936811067251,0.00146684230854577,0.0833806001135091,8.03048491589365,59.9999949130723,59.3746511477812,61.2560706817623,-0.0113982784379303,7.0771010453803,2.88557976170052,28.7189126786467,59.9999944671441,59.6573385079093,61.100666644416,-0.00873672431187345,6.28403325064728,2.78906149424771,28.2338995197685,525.642776165619,278.010043321168,662.937245857781,-3.45818397236064,188.546381008994,146.014356531795,380.21204523739,-2.48587638015778
fault_B27,fault,55,14,39,6,9,7,0.965188010297433,0.660603511027349,1.01699850734033,0.00261145292913523,0.816173590885864,12.355335051609,1.03000013409431,0.98041677744169,1.03654418322413,0.000618237461039506,0,3.78648172604897,59.9999943494354,59.7203588965809,60.9994095990979,-0.00866217538712988,7.81505680943424,2.76975784075715,28.2338995197685,59.9999948530335,59.581432797457,61.0634852803153,-0.0089461027865454,12.7466119174701,1.80236666332401,28.2338995197685,525.642776165619,278.010043321168,662.937245857781,-3.45818397236064,188.546381008994,146.014356531795,380.21204523739,-2.48587638015778
fault_B27,fault,56,7,10,8,10,7,0.953428494064471,0.718203136974854,1.00211470626744,0.00274171225928788,1.18741121184456,12.4063700455559,0.965720649152829,0.714731140765243,1.02025261777261,0.00263577957469285,0.802908515385372,12.355335051609,59.9999936918416,59.8820084046447,60.7750591357602,-0.00666029028783299,7.55021849704234,2.95638043801079,23.3727556568518,59.9999918043979,59.7811252516748,60.9298551200784,-0.00188798854927086,0.190398989552207,3.32498449707972,28.2338995197685,525.642776165619,278.010043321168,662.937245857781,-3.45818397236064,188.546381008994,146.014356531795,380.21204523739,-2.48587638015778
fault_B27,fault,57,35,36,1,5,8,1.04940121508332,0.801050860965502,1.10237867354606,0.00198061980306941,0.0833806001135091,9.11533229671646,1.0636010753349,0.837138275046828,1.11659146807824,0.00169625859519007,0.0833806001135091,8.05930671923583,59.9999934559826,59.8900256003874,60.6884924208283,-0.0062332222603132,4.36024239055122,1.82096463770155,23.3245478055784,59.9999949130723,59.3746511477812,61.2560706817623,-0.0113982784379303,7.0771010453803,2.88557976170052,28.7189126786467,535.98704469732,271.597859110042,669.424379149528,-1.68160229022294,13.8483715662576,-18.3232503154405,319.285492634592,-1.25940777740389
fault_B27,fault,58,17,36,2,3,8,0.99507019283339,0.41884560857768,1.05002514751138,0.00256491344119081,0.394937348905823,12.304300057662,1.0636010753349,0.837138275046828,1.11659146807824,0.00169625859519007,0.0833806001135091,8.05930671923583,59.9999937660327,59.7363376705092,60.9499545434373,-0.00623099131565397,5.15868815002404,2.76975784075715,25.5121765457952,59.9999938740924,59.7559471310779,60.919395276766,-0.00710556643509364,5.22235742995732,2.73333312248931,25.4873791785487,535.98704469732,271.597859110042,669.424379149528,-1.68160229022294,13.8483715662576,-18.3232503154405,319.285492634592,-1.25940777740389
fault_B27,fault,59,9,15,2,9,8,1.02020766358892,0.887563213466495,1.04324969713198,0.00185315503015238,0.187715742524944,10.2123154644352,0.973079105652974,0.587245745401355,1.02512432678784,0.00262358564218379,0.623769094458089,12.355335051609,59.9999937660327,59.7363376705092,60.9499545434373,-0.00623099131565397,5.15868815002404,2.76975784075715,25.5121765457952,59.9999948530335,59.581432797457,61.0634852803153,-0.0089461027865454,12.7466119174701,1.80236666332401,28.2338995197685,535.98704469732,271.597859110042,669.424379149528,-1.68160229022294,13.8483715662576,-18.3232503154405,319.285492634592,-1.25940777740389
fault_B27,fault,60,2,21,3,8,8,1.02001684293784,0.669966111951598,1.06641441730244,0.00221327452412856,0.246666434439844,11.2449795986211,0.997579594018811,0.633701505115192,1.05469474269882,0.00251136306499189,0.246666434439844,11.2862855785515,59.9999938740924,59.7559471310779,60.919395276766,-0.00710556643509364,5.22235742995732,2.73333312248931,25.4873791785487,59.9999936918416,59.8820084046447,60.7750591357602,-0.00666029028783299,7.55021849704234,2.95638043801079,23.3727556568518,535.98704469732,271.597859110042,669.424379149528,-1.68160229022294,13.8483715662576,-18.3232503154405,319.285492634592,-1.25940777740389
fault_B27,fault,61,21,23,4,7,8,0.997579594018811,0.633701505115192,1.05469474269882,0.00251136306499189,0.246666434439844,11.2862855785515,1.02167685351485,0.717365629537087,1.07794240717291,0.00226640504533671,0.0833806001135091,11.2449795986211,59.9999944662808,59.6509189480569,60.980888559642,-0.00918019248732804,7.39064624160249,2.78906149424771,28.2621773040192,59.9999944671441,59.6573385079093,61.100666644416,-0.00873672431187345,6.28403325064728,2.78906149424771,28.2338995197685,535.98704469732,271.597859110042,669.424379149528,-1.68160229022294,13.8483715662576,-18.3232503154405,319.285492634592,-1.25940777740389
fault_B27,fault,62,11,23,5,8,8,0.96248990465261,0.713223435017962,1.01647142317849,0.0026886321140871,0.95295085003738,12.355335051609,1.02167685351485,0.717365629537087,1.07794240717291,0.00226640504533671,0.0833806001135091,11.2449795986211,59.9999949130723,59.3746511477812,61.2560706817623,-0.0113982784379303,7.0771010453803,2.88557976170052,28.7189126786467,59.9999936918416,59.8820084046447,60.7750591357602,-0.00666029028783299,7.55021849704234,2.95638043801079,23.3727556568518,535.98704469732,271.597859110042,669.424379149528,-1.68160229022294,13.8483715662576,-18.3232503154405,319.285492634592,-1.25940777740389
fault_B27,fault,63,4,15,6,10,8,0.960053104706681,0.656138601708094,1.00940581814177,0.00258555332601529,0.975697913142404,12.355335051609,0.973079105652974,0.587245745401355,1.02512432678784,0.00262358564218379,0.623769094458089,12.355335051609,59.9999943494354,59.7203588965809,60.9994095990979,-0.00866217538712988,7.81505680943424,2.76975784075715,28.2338995197685,59.9999918043979,59.7811252516748,60.9298551200784,-0.00188798854927086,0.190398989552207,3.32498449707972,28.2338995197685,535.98704469732,271.597859110042,669.424379149528,-1.68160229022294,13.8483715662576,-18.3232503154405,319.285492634592,-1.25940777740389
fault_B27,fault,64,25,27,8,10,8,1.02838004290673,0.62303162246365,1.06967230850741,0.00158128257825663,0.0833806001135091,9.06622841406185,1.0020543707611,0,1.06031471087232,0.00239025654355962,0.38023547640173,11.2862855785515,59.9999936918416,59.8820084046447,60.7750591357602,-0.00666029028783299,7.55021849704234,2.95638043801079,23.3727556568518,59.9999918043979,59.7811252516748,60.9298551200784,-0.00188798854927086,0.190398989552207,3.32498449707972,28.2338995197685,535.98704469732,271.597859110042,669.424379149528,-1.68160229022294,13.8483715662576,-18.3232503154405,319.285492634592,-1.25940777740389
fault_B27,fault,65,13,36,1,6,9,0.964270739573376,0.698281343803731,1.01792126717943,0.00262104961519616,0.858706484547612,12.355335051609,1.0636010753349,0.837138275046828,1.11659146807824,0.00169625859519007,0.0833806001135091,8.05930671923583,59.9999934559826,59.8900256003874,60.6884924208283,-0.0062332222603132,4.36024239055122,1.82096463770155,23.3245478055784,59.9999943494354,59.7203588965809,60.9994095990979,-0.00866217538712988,7.81505680943424,2.76975784075715,28.2338995197685,821.976188999109,229.002332670778,986.449349192881,-3.84908487805683,43.6266753165716,25.204039745042,533.370697625759,-1.08065275463772
fault_B27,fault,66,6,14,2,4,9,0.959595788849726,0.714892641442076,1.01215155303629,0.00276090098579451,1.0001580863371,12.355335051609,0.965188010297433,0.660603511027349,1.01699850734033,0.00261145292913523,0.816173590885864,12.355335051609,59.9999937660327,59.7363376705092,60.9499545434373,-0.00623099131565397,5.15868815002404,2.76975784075715,25.5121765457952,59.9999944662808,59.6509189480569,60.980888559642,-0.00918019248732804,7.39064624160249,2.78906149424771,28.2621773040192,821.976188999109,229.002332670778,986.449349192881,-3.84908487805683,43.6266753165716,25.204039745042,533.370697625759,-1.08065275463772
fault_B27,fault,67,30,38,2,9,9,1.04990040987001,0.828001595005532,1.08936811067251,0.00146684230854577,0.0833806001135091,8.03048491589365,1.02650112277428,0.640296680336822,1.12170474462491,0.00244265950223688,0.321114939029096,11.7878208916781,59.9999937660327,59.7363376705092,60.9499545434373,-0.00623099131565397,5.15868815002404,2.76975784075715,25.5121765457952,59.9999948530335,59.581432797457,61.0634852803153,-0.0089461027865454,12.7466119174701,1.80236666332401,28.2338995197685,821.976188999109,229.002332670778,986.449349192881,-3.84908487805683,43.6266753165716,25.204039745042,533.370697625759,-1.08065275463772
fault_B27,fault,68,16,30,3,8,9,0.991037366929576,0.565458821728316,1.04795125057792,0.0026503284186199,0.394937348905823,12.355335051609,1.04990040987001,0.828001595005532,1.08936811067251,0.00146684230854577,0.0833806001135091,8.03048491589365,59.9999938740924,59.7559471310779,60.919395276766,-0.00710556643509364,5.22235742995732,2.73333312248931,25.4873791785487,59.9999936918416,59.8820084046447,60.7750591357602,-0.00666029028783299,7.55021849704234,2.95638043801079,23.3727556568518,821.976188999109,229.002332670778,986.449349192881,-3.84908487805683,43.6266753165716,25.204039745042,533.370697625759,-1.08065275463772
fault_B27,fault,69,8,16,4,8,9,0.954598516570043,0.723454076943196,1.00156357055724,0.0027224237150768,1.18741121184456,12.4063700455559,0.991037366929576,0.565458821728316,1.04795125057792,0.0026503284186199,0.394937348905823,12.355335051609,59.9999944662808,59.6509189480569,60.980888559642,-0.00918019248732804,7.39064624160249,2.78906149424771,28.2621773040192,59.9999936918416,59.8820084046447,60.7750591357602,-0.00666029028783299,7.55021849704234,2.95638043801079,23.3727556568518,821.976188999109,229.002332670778,986.449349192881,-3.84908487805683,43.6266753165716,25.204039745042,533.370697625759,-1.08065275463772
fault_B27,fault,70,1,29,5,9,9,1.02689638912936,0.857670060948557,1.05155418638687,0.00187517496991618,0.187232849710947,11.2449795986211,1.02109303516246,0.515596719292576,1.10888134001877,0.00254193034314665,0.365533603897637,13.38156691082,59.9999949130723,59.3746511477812,61.2560706817623,-0.0113982784379303,7.0771010453803,2.88557976170052,28.7189126786467,59.9999948530335,59.581432797457,61.0634852803153,-0.0089461027865454,12.7466119174701,1.80236666332401,28.2338995197685,821.976188999109,229.002332670778,986.449349192881,-3.84908487805683,43.6266753165716,25.204039745042,533.370697625759,-1.08065275463772
fault_B27,fault,71,19,32,6,10,9,0.990604210848697,0.674365518188156,1.05718983270262,0.00276136174981789,0.291085099308385,12.355335051609,0.984100548431793,0.795966352805035,1.04351065575532,0.00236407259883675,0.335503764176926,10.7316243927213,59.9999943494354,59.7203588965809,60.9994095990979,-0.00866217538712988,7.81505680943424,2.76975784075715,28.2338995197685,59.9999918043979,59.7811252516748,60.9298551200784,-0.00188798854927086,0.190398989552207,3.32498449707972,28.2338995197685,821.976188999109,229.002332670778,986.449349192881,-3.84908487805683,43.6266753165716,25.204039745042,533.370697625759,-1.08065275463772
fault_B27,fault,72,10,23,9,10,9,0.965720649152829,0.714731140765243,1.02025261777261,0.00263577957469285,0.802908515385372,12.355335051609,1.02167685351485,0.717365629537087,1.07794240717291,0.00226640504533671,0.0833806001135091,11.2449795986211,59.9999948530335,59.581432797457,61.0634852803153,-0.0089461027865454,12.7466119174701,1.80236666332401,28.2338995197685,59.9999918043979,59.7811252516748,60.9298551200784,-0.00188798854927086,0.190398989552207,3.32498449707972,28.2338995197685,821.976188999109,229.002332670778,986.449349192881,-3.84908487805683,43.6266753165716,25.204039745042,533.370697625759,-1.08065275463772
fault_B27,fault,73,3,22,1,7,10,0.994475020133488,0.591818288620185,1.04090984032489,0.00240635903790176,0.394937348905823,12.304300057662,1.0229600920912,0.717202524735732,1.07911521195058,0.00228813636223157,0.0833806001135091,11.2449795986211,59.9999934559826,59.8900256003874,60.6884924208283,-0.0062332222603132,4.36024239055122,1.82096463770155,23.3245478055784,59.9999944671441,59.6573385079093,61.100666644416,-0.00873672431187345,6.28403325064728,2.78906149424771,28.2338995197685,950.434923998617,-375.710729455374,2420.68565539174,55.4018141311315,226.715283095974,78.5948092840994,1045.86135804961,-13.478383135135
fault_B27,fault,74,23,28,2,4,10,1.02167685351485,0.717365629537087,1.07794240717291,0.00226640504533671,0.0833806001135091,11.2449795986211,1.01980319076653,0.455538320322935,1.10239718390932,0.00252462468447257,0.365533603897637,13.38156691082,59.9999937660327,59.7363376705092,60.9499545434373,-0.00623099131565397,5.15868815002404,2.76975784075715,25.5121765457952,59.9999944662808,59.6509189480569,60.980888559642,-0.00918019248732804,7.39064624160249,2.78906149424771,28.2621773040192,950.434923998617,-375.710729455374,2420.68565539174,55.4018141311315,226.715283095974,78.5948092840994,1045.86135804961,-13.478383135135
fault_B27,fault,75,12,34,2,10,10,0.945223588050834,0.692439327790089,0.99801495681277,0.00260466496416234,1.32328704036218,12.355335051609,1.01230116063239,0.766287026049663,1.09246109317515,0.00320818550155977,0.0833806001135091,14.5070254805119,59.9999937660327,59.7363376705092,60.9499545434373,-0.00623099131565397,5.15868815002404,2.76975784075715,25.5121765457952,59.9999918043979,59.7811252516748,60.9298551200784,-0.00188798854927086,0.190398989552207,3.32498449707972,28.2338995197685,950.434923998617,-375.710729455374,2420.68565539174,55.4018141311315,226.715283095974,78.5948092840994,1045.86135804961,-13.478383135135
fault_B27,fault,76,5,19,3,9,10,0.958759400236745,0.707718894164218,1.00996382657044,0.00273639896826672,1.05707592341302,12.355335051609,0.990604210848697,0.674365518188156,1.05718983270262,0.00276136174981789,0.291085099308385,12.355335051609,59.9999938740924,59.7559471310779,60.919395276766,-0.00710556643509364,5.22235742995732,2.73333312248931,25.4873791785487,59.9999948530335,59.581432797457,61.0634852803153,-0.0089461027865454,12.7466119174701,1.80236666332401,28.2338995197685,950.434923998617,-375.710729455374,2420.68565539174,55.4018141311315,226.715283095974,78.5948092840994,1045.86135804961,-13.478383135135
fault_B27,fault,77,27,39,4,8,10,1.0020543707611,0,1.06031471087232,0.00239025654355962,0.38023547640173,11.2862855785515,1.03000013409431,0.98041677744169,1.03654418322413,0.000618237461039506,0,3.78648172604897,59.9999944662808,59.6509189480569,60.980888559642,-0.00918019248732804,7.39064624160249,2.78906149424771,28.2621773040192,59.9999936918416,59.8820084046447,60.7750591357602,-0.00666029028783299,7.55021849704234,2.95638043801079,23.3727556568518,950.434923998617,-375.710729455374,2420.68565539174,55.4018141311315,226.715283095974,78.5948092840994,1045.86135804961,-13.478383135135
fault_B27,fault,78,15,24,5,9,10,0.973079105652974,0.587245745401355,1.02512432678784,0.00262358564218379,0.623769094458089,12.355335051609,0.999264074901395,0.58923062383894,1.05690937620993,0.00263894466621473,0.320801891672833,12.355335051609,59.9999949130723,59.3746511477812,61.2560706817623,-0.0113982784379303,7.0771010453803,2.88557976170052,28.7189126786467,59.9999948530335,59.581432797457,61.0634852803153,-0.0089461027865454,12.7466119174701,1.80236666332401,28.2338995197685,950.434923998617,-375.710729455374,2420.68565539174,55.4018141311315,226.715283095974,78.5948092840994,1045.86135804961,-13.478383135135
fault_B27,fault,79,7,19,7,8,10,0.953428494064471,0.718203136974854,1.00211470626744,0.00274171225928788,1.18741121184456,12.4063700455559,0.990604210848697,0.674365518188156,1.05718983270262,0.00276136174981789,0.291085099308385,12.355335051609,59.9999944671441,59.6573385079093,61.100666644416,-0.00873672431187345,6.28403325064728,2.78906149424771,28.2338995197685,59.9999936918416,59.8820084046447,60.7750591357602,-0.00666029028783299,7.55021849704234,2.95638043801079,23.3727556568518,950.434923998617,-375.710729455374,2420.68565539174,55.4018141311315,226.715283095974,78.5948092840994,1045.86135804961,-13.478383135135
fault_B27,fault,80,38,39,9,10,10,1.02650112277428,0.640296680336822,1.12170474462491,0.00244265950223688,0.321114939029096,11.7878208916781,1.03000013409431,0.98041677744169,1.03654418322413,0.000618237461039506,0,3.78648172604897,59.9999948530335,59.581432797457,61.0634852803153,-0.0089461027865454,12.7466119174701,1.80236666332401,28.2338995197685,59.9999918043979,59.7811252516748,60.9298551200784,-0.00188798854927086,0.190398989552207,3.32498449707972,28.2338995197685,950.434923998617,-375.710729455374,2420.68565539174,55.4018141311315,226.715283095974,78.5948092840994,1045.86135804961,-13.478383135135
