time,P_gen_01_MW,P_gen_02_MW,P_gen_03_MW,P_gen_04_MW,P_gen_05_MW,P_gen_06_MW,P_gen_07_MW,P_gen_08_MW,P_gen_09_MW,P_gen_10_MW,Q_gen_01_Mvar,Q_gen_02_Mvar,Q_gen_03_Mvar,Q_gen_04_Mvar,Q_gen_05_Mvar,Q_gen_06_Mvar,Q_gen_07_Mvar,Q_gen_08_Mvar,Q_gen_09_Mvar,Q_gen_10_Mvar,V_bus_01,V_bus_02,V_bus_03,V_bus_04,V_bus_05,V_bus_06,V_bus_07,V_bus_08,V_bus_09,V_bus_10,V_bus_11,V_bus_12,V_bus_13,V_bus_14,V_bus_15,V_bus_16,V_bus_17,V_bus_18,V_bus_19,V_bus_20,V_bus_21,V_bus_22,V_bus_23,V_bus_24,V_bus_25,V_bus_26,V_bus_27,V_bus_28,V_bus_29,V_bus_30,V_bus_31,V_bus_32,V_bus_33,V_bus_34,V_bus_35,V_bus_36,V_bus_37,V_bus_38,V_bus_39,f_gen_01,f_gen_02,f_gen_03,f_gen_04,f_gen_05,f_gen_06,f_gen_07,f_gen_08,f_gen_09,f_gen_10
0,247.352261273966,699.116952392246,672.468436689094,653.082058117456,517.001575315051,646.130159821521,525.643122908954,535.987289333204,821.977002538217,950.42814425992,178.514463804071,156.180960293536,138.262339677886,44.6487567663441,137.308386721733,221.895608855346,188.546916430546,13.8484055552004,43.6269834569362,226.716692479406,1.02689619675705,1.02001666624597,0.99447483961839,0.960052914488354,0.958759194400415,0.959595583265732,0.953428280202794,0.95459830027182,1.02020748978919,0.965720464430389,0.96248971145941,0.945223402898302,0.964270555325827,0.965187824060215,0.973078921276371,0.991037183180515,0.995070011903285,0.993422115057645,0.990604030237737,0.987464309584295,0.997579428206033,1.02295995468122,1.02167673627957,0.999263896725713,1.02837994251279,1.01926682520478,1.00205421142613,1.01980305097993,1.02109290474891,1.04990032627657,0.982000407484284,0.984100409692964,0.997200872807602,1.01230087613236,1.04940108840344,1.06360108401266,1.02750044803667,1.02650102943883,1.0300000719806,60,60,60,60,60,60,60,60,60,60
0.2,247.352147745071,699.116875730087,672.468339706033,653.081739041182,517.001256606137,646.130016465863,525.643241488003,535.987282931208,821.976581197761,950.431725245661,178.514127017439,156.180854278296,138.262193264818,44.6484893727895,137.308618915998,221.895644835238,188.546756533802,13.8483873878241,43.6269131685302,226.715712880076,1.02689634378284,1.02001685759086,0.994475040116049,0.960053108719427,0.95875938752272,0.959595776101752,0.953428472315214,0.954598491454614,1.02020762188374,0.965720652071003,0.962489901630435,0.945223589244182,0.964270745017948,0.965188021132473,0.973079138955677,0.991037411654313,0.99507023484134,0.993422330404824,0.990604276065881,0.987464585016073,0.997579651095649,1.02296017059666,1.0216769419533,0.999264124040779,1.02838009875034,1.01926704806138,1.00205443309992,1.01980331134105,1.02109317049967,1.04990045693871,0.982000579005199,0.984100570900671,0.997201083025544,1.01230119020072,1.04940130699953,1.06360124211743,1.02750060259845,1.02650129160951,1.03000011870622,59.9999979038618,59.999997571694,59.9999975493403,59.9999970162923,59.9999967670842,59.9999973615192,59.9999974020685,59.9999976695916,59.9999969668573,59.9999987836974
0.4,247.352218092851,699.116723760728,672.468164854075,653.081361639069,517.000884414698,646.129809866064,525.643137139853,535.987186002709,821.976092568697,950.435484704017,178.513762703417,156.180753131528,138.262044059416,44.6482250024715,137.308789170982,221.895577278759,188.546543677481,13.8483413713596,43.6268219703308,226.714758639993,1.02689648089711,1.0200170221294,0.994475214203374,0.960053285264132,0.958759568883695,0.959595957779237,0.953428654400047,0.954598673034264,1.02020775024188,0.965720825861157,0.962490078889232,0.94522376174441,0.964270919399559,0.965188199058754,0.97307932626899,0.991037604366685,0.995070424180451,0.993422515063769,0.990604478408985,0.98746481063787,0.997579833734196,1.02296033924555,1.02167710315841,0.999264314759182,1.02838021901172,1.01926723217719,1.00205461843999,1.01980352857608,1.02109339171522,1.04990055558314,0.982000744034681,0.984100719918018,0.997201250466193,1.01230144479778,1.04940146607249,1.06360134982795,1.02750071619575,1.02650150633936,1.03000016337049,59.9999957145334,59.9999955577163,59.9999955509847,59.9999950637978,59.9999946636475,59.9999952629817,59.9999951590603,59.9999956783764,59.9999950999276,59.9999970049888
0.6,247.35190462781,699.116568182073,672.468013607168,653.081187704122,517.000629309251,646.129569637328,525.642814456399,535.987081091968,821.975900788041,950.437540087147,178.513622771089,156.180693553986,138.261969631768,44.6480807357574,137.308816669092,221.895462063568,188.546354615397,13.8483055509414,43.6267205643762,226.714392626111,1.02689652586455,1.02001704629394,0.994475239185839,0.960053319651259,0.958759612541999,0.959596001863173,0.953428701879723,0.954598721623847,1.02020779355855,0.965720861934769,0.962490118067935,0.945223797966544,0.964270954063293,0.965188230987169,0.973079348359209,0.991037621773341,0.995070441989751,0.993422536206915,0.990604487500228,0.987464827011134,0.997579844401366,1.022960337746,1.02167709880461,0.999264330623479,1.02838021859646,1.01926723232162,1.00205462629739,1.01980351649809,1.02109337440733,1.04990055784362,0.982000780813263,0.984100745404836,0.997201240088831,1.01230146760403,1.04940145199876,1.06360130764405,1.02750070980737,1.02650147541243,1.03000017857566,59.9999940338879,59.9999943974097,59.9999944514378,59.9999946360277,59.9999944932387,59.9999943612691,59.9999942497888,59.9999944082486,59.9999949527771,59.9999943586762
0.8,247.351644502021,699.11655373899,672.46804441793,653.081286728971,517.000719945857,646.129526212919,525.642776165619,535.98704469732,821.976188999109,950.434923998617,178.513910467193,156.180710399892,138.262054035867,44.6481487675236,137.308688158259,221.895491666939,188.546381008994,13.8483715662576,43.6266753165716,226.715283095974,1.02689638912936,1.02001684293784,0.994475020133488,0.960053104706681,0.958759400236745,0.959595788849726,0.953428494064471,0.954598516570043,1.02020766358892,0.965720649152829,0.96248990465261,0.945223588050834,0.964270739573376,0.965188010297433,0.973079105652974,0.991037366929576,0.99507019283339,0.993422297824962,0.990604210848697,0.987464538640993,0.997579594018811,1.0229600920912,1.02167685351485,0.999264074901395,1.02838004290673,1.01926696898686,1.0020543707611,1.01980319076653,1.02109303516246,1.04990040987001,0.982000570674875,0.984100548431793,0.997200971921189,1.01230116063239,1.04940121508332,1.0636010753349,1.02750054732654,1.02650112277428,1.03000013409431,59.9999934559826,59.9999937660327,59.9999938740924,59.9999944662808,59.9999949130723,59.9999943494354,59.9999944671441,59.9999936918416,59.9999948530335,59.9999918043979
1,247.351919448914,699.116650101119,672.468208792161,653.081399449671,517.000997704739,646.129856362282,525.643092250139,535.987115098243,821.976456109469,950.428913480958,178.514465299017,156.18077075031,138.262231281765,44.648332965707,137.308465454197,221.895634079564,188.546577690938,13.8484934426564,43.6266901016509,226.717022777616,1.02689613197341,1.02001650365959,0.99447465088492,0.96005272883502,0.958759018711514,0.959595405388814,0.953428116387122,0.954598142528851,1.02020741569325,0.965720272081748,0.962489524218583,0.945223215958439,0.964270361507435,0.965187625896465,0.973078694472808,0.991036940258187,0.99506978189358,0.993421901286815,0.990603758590716,0.987464063594078,0.99757917147838,1.02295968149004,1.02167644552061,0.999263645090658,1.02837976212162,1.0192665756457,1.00205397218291,1.01980273929526,1.02109257282773,1.04990017057094,0.982000194217386,0.98410020178925,0.997200544261644,1.0123006520705,1.04940082684498,1.06360071622983,1.02750028868048,1.0265006552755,1.03000005001758,59.9999929154556,59.9999930308482,59.9999931528418,59.9999937866105,59.9999943446027,59.9999939661539,59.9999939609786,59.9999929808452,59.9999937595388,59.9999905544695
1.00006529206147,341.757089934676,779.907829724876,0,684.99468714256,523.163759377279,677.539754241393,551.508649040521,558.335291765499,831.578874851011,1118.54614249543,202.735260997379,149.269262838465,0,63.4677939188545,138.943618188878,240.906762312071,209.238368511806,26.1451513262021,57.9113529280319,262.56665530048,1.02013701392834,1.00497324736947,0.974347716194066,0.936418777667022,0.933971126608356,0.933741955751028,0.93018931096523,0.932450764187416,1.01043685727576,0.934227184487983,0.933246416252631,0.916476266490742,0.934916336044235,0.939680975433635,0.95006247572255,0.969730122716306,0.974656843457661,0.973090845759356,0.971325105884732,0.968752353117346,0.977367230191241,1.0045775492762,1.00350188048069,0.978039975684145,1.01443262616055,1.00192988243428,0.983247735165037,1.00367636188898,1.00562882508751,1.03853996394244,0.949582578730978,0.934227184487983,0.980374782208794,0.994126686463838,1.03352608911309,1.05024320821919,1.01567377846179,1.01298561025037,1.02729484287458,59.9998828453926,59.9998624606771,59.9999931528418,59.9999391442663,59.9999827370657,59.9999497672155,59.9999459828525,59.9999479448019,59.9999801294282,59.999974089277
1.00015005508682,340.837126273981,779.958071028898,0,685.052251924719,523.182715062429,677.600411284966,551.555382664602,558.515565629798,831.659771003573,1118.88514739225,202.842508616857,149.255730485798,0,63.4822847683246,138.935612989588,240.917561617305,209.257692785424,26.1143982586153,57.901947165303,262.53430231757,1.02014506775976,1.00497818998704,0.974346396952984,0.936410984403823,0.933961163750849,0.933731382085406,0.930179879253445,0.932441830088525,1.01043361591861,0.93421681474642,0.933235988688792,0.916466093780945,0.934906030404624,0.93967081127339,0.950049594549137,0.969716134847408,0.974646735046171,0.973083779638651,0.971308518167174,0.968734734279905,0.9773519105312,1.00456219341873,1.00348683287337,0.978025349571592,1.0144457137914,1.00192412572128,0.98324020745727,1.00366032649243,1.00561048815352,1.0385721272515,0.949565126422162,0.93421681474642,0.980359837135234,0.994107763982697,1.03351171487967,1.05023191345212,1.01567578874474,1.01296469354355,1.02729550416684,59.9997406472537,59.9996929000333,59.9999931528418,59.9998681429016,59.999967644832,59.999892332182,59.9998836407725,59.9998892425984,59.999962360111,59.9999526923929
1.00023481811217,339.935327813305,780.007220042747,0,685.108625135213,523.201296710039,677.659842920866,551.60117415672,558.692257799803,831.739064595891,1119.21756384121,202.948310932735,149.242429415348,0,63.4964696972396,138.927723370385,240.928148840284,209.27661468493,26.0842182985832,57.8927097641245,262.502589811112,1.0201529596367,1.00498302712223,0.974345092392962,0.936403334616121,0.933951388994961,0.933721008612817,0.930170625848185,0.93243306472821,1.01043043466928,0.934206639770889,0.933225757488734,0.916456112139944,0.934895917809949,0.939660836050573,0.950036951011551,0.969702404190995,0.974636809488131,0.973076838340326,0.97129222968587,0.968717430118153,0.977336874806353,1.00454712228974,1.00347206297114,0.978010993137685,1.01445853356586,1.00191846624433,0.983232811860862,1.00364458730013,1.00559249187469,1.03860365410023,0.949548007576504,0.934206639770889,0.980345157037251,0.994089175114641,1.03349760745545,1.05022081892259,1.01567775091452,1.01294416699156,1.02729615118434,59.9995998279564,59.999523235123,59.9999931528418,59.9997970149722,59.9999525067065,59.9998347875038,59.9998211873549,59.9998300734591,59.9999444432166,59.9999312528251
1.0003756243292,338.476539623773,780.08651783227,0,685.199707443948,523.231362001372,677.7559343618,551.675215151975,558.978093369645,831.867346000011,1119.75558552482,203.121032549583,149.220830928936,0,63.5193731966005,138.91486437818,240.945279386855,209.307181146881,26.0353252433748,57.8777219198421,262.451295907104,1.02016574978473,1.00499098894196,0.974343029179973,0.936390966592619,0.933935575124385,0.933704225112601,0.930155654195642,0.932418882478361,1.01042528414995,0.934190177047582,0.933209203919048,0.916439962215536,0.934879555910632,0.939644696479716,0.950016480014512,0.969680168268867,0.974620748884479,0.973065623132196,0.971265823657412,0.968689368125382,0.977312522236053,1.00452270768085,1.00344813347492,0.977987742657175,1.01447935379452,1.00190932101757,0.983220851193364,1.00361910607784,1.00556335152112,1.03865520876645,0.94952029637193,0.934190177047582,0.980321345286303,0.994059017734743,1.0334747515943,1.05020282333504,1.01568096228819,1.01291092065105,1.02729719655099,59.9993688703896,59.9992411681809,59.9999931528418,59.9996785869471,59.999927260836,59.9997389598445,59.9997172017675,59.9997307781222,59.9999143624566,59.9998955460292
1.00107965541434,331.85264477347,780.44260103534,0,685.611160196241,523.367980501805,678.191249297555,552.010690468057,560.275357670769,832.449810456205,1122.20311922974,203.928189425898,149.121432940732,0,63.6226328012177,138.854802586935,241.023135276848,209.445197465055,25.812237259271,57.8090062327355,262.218490959938,1.02022389310178,1.00502774865036,0.974333653618129,0.936334597357431,0.933863563038334,0.93362780646452,0.930087476926469,0.932354294577415,1.01040178231955,0.934115172452293,0.933133800662761,0.916366382755848,0.934804995404966,0.939571109137114,0.949923001945763,0.969578577548711,0.974547372294026,0.973014406313072,0.97114486353275,0.968560682024231,0.977201298864626,1.00441117599149,1.00333876775764,0.977881528389655,1.01457413250252,1.00186742953509,0.983166135349688,1.00350275167613,1.00543030889382,1.03889252932624,0.949394123553893,0.934115172452293,0.980212073697622,0.993920536649929,1.03337033304009,1.05012024536836,1.01569555052518,1.01275912020714,1.02730190622495,59.9982648938657,59.9978270398991,59.9999931528418,59.9990818107449,59.9997993389352,59.9992557918459,59.9991931813037,59.9992171015611,59.9997585202774,59.9997154356067
1.00253961655978,321.100091695617,780.999448609605,0,686.268009209085,523.590681041373,678.89276928682,552.551432874577,562.376782765607,833.39541401054,1126.19927572057,205.318819036474,148.954269281114,0,63.7868127283443,138.748988156573,241.150008706629,209.665478126787,25.4467154615856,57.6946900494997,261.841336158858,1.02031845160526,1.00508956110616,0.974318056583991,0.9362420524994,0.933745773855338,0.933502869362189,0.929975975511905,0.932248637480185,1.01036313670425,0.933992267502347,0.933010334362927,0.91624581307908,0.934682726021956,0.939450196692896,0.949768667503464,0.969410573390501,0.974425923578488,0.97292963433505,0.970943319350987,0.968345558730979,0.977017587553972,1.00422685661764,1.00315778479899,0.977705948836624,1.01472856905666,1.00179736058542,0.98307511774657,1.00331049440176,1.00521062790339,1.03929041412712,0.949188032393474,0.933992267502347,0.980029074173148,0.993688110664411,1.03319774332964,1.04998198703319,1.0157189758228,1.01250847871828,1.02730937706461,59.9962020878975,59.9948780426834,59.9999931528418,59.9978238322134,59.9995264989095,59.9982359630253,59.998088356655,59.9980753084607,59.9994111019333,59.9993348819313
1.00399957770522,313.491117496704,781.361806306911,0,686.716653721867,523.750251364432,679.381835227754,552.928321874602,563.854865150267,834.064801007378,1129.05925293978,206.361693759018,148.829370926538,0,63.8986181152621,138.66271203278,241.240625289075,209.816309128428,25.1863734342547,57.6108501051161,261.57566010176,1.02038496780587,1.00513282744632,0.974305030040684,0.936174783084866,0.933661221749953,0.93341332335941,0.929896009644197,0.93217282741124,1.01033519514805,0.933903672398537,0.932921500882326,0.916158901348261,0.934594422029412,0.939362437659705,0.949655709125958,0.969287253884466,0.974336212542848,0.972866538450012,0.970793638975585,0.968184853267916,0.976883198340453,1.00409199274318,1.00302504294084,0.977577219570333,1.01483633712368,1.00174394974265,0.983006907330621,1.00316926680703,1.00504965772072,1.03957656470025,0.949041156050208,0.933903672398537,0.979892014799209,0.993513248304446,1.03307148465996,1.04987851964573,1.01573402615084,1.01232511051406,1.02731442704987,59.9943786811999,59.9919124359728,59.9999931528418,59.9965447159661,59.9992456088486,59.9971974170159,59.9969645274763,59.9968528687131,59.9990380586971,59.9989468209788
1.00545953885067,308.101421939828,781.583251231112,0,687.017185024149,523.866451106214,679.720928654362,553.189223745162,564.891249727451,834.540220744765,1131.12127100325,207.130245186913,148.735420392121,0,63.9735925626205,138.589767262007,241.305675603103,209.918104391284,25.002002237219,57.5487973700862,261.388032184678,1.0204318028059,1.00516317836556,0.974294041979369,0.93612578928946,0.933600721354553,0.933349386504953,0.929838882214854,0.932118640052605,1.01031507324533,0.933839826596928,0.932857675498682,0.916096268658486,0.934530593140663,0.939298502369073,0.949572187237104,0.969195632155203,0.974269050795164,0.972818918643599,0.970680618034497,0.968062517135531,0.976783766001217,1.00399216146613,1.00292647852653,0.977481714824018,1.01491124573143,1.00170229452454,0.982954857068936,1.00306392791062,1.00492996863832,1.03978409589351,0.948937175813066,0.933839826596928,0.979787432474155,0.99337887242352,1.03297802655234,1.04979970321743,1.01574328559148,1.01218903144312,1.0273178227455,59.9927247747248,59.9889362801663,59.9999931528418,59.9952512857816,59.9989589112221,59.9961458559513,59.9958275008466,59.9955737781943,59.9986468519925,59.998553370573
1.00722745989977,303.609061426838,781.717105908539,0,687.24381695456,523.969122500225,679.994179658306,553.398484196457,565.73929140551,834.939642103446,1132.89323316714,207.78996451264,148.651407797137,0,64.0306985052737,138.512941300894,241.360922637707,209.996342503831,24.8495553054553,57.4937051734352,261.23099511355,1.02047062333535,1.00518820567955,0.974282858487471,0.936083796241457,0.933550319420609,0.933296303698935,0.929791438026352,0.932073608876562,1.01029824230547,0.933785925643774,0.932804081241799,0.916043391848668,0.934476416227613,0.939243485210402,0.94949832097578,0.969113923009673,0.974208556124285,0.972775639641101,0.97057739699917,0.967949450272672,0.976695568016828,1.00390352711496,1.00283859808056,0.977396700651327,1.01497187081363,1.00166257357385,0.98290668086404,1.00296902728859,1.00482259161617,1.03996308367235,0.948852118973585,0.933785925643774,0.979690601081821,0.993253018465305,1.03289503028391,1.04972696874081,1.01574931444929,1.01206726496909,1.02732049610824,59.990878001952,59.9853245709136,59.9999931528418,59.9936728444826,59.9986061582547,59.9948608352788,59.994438869388,59.9939734676901,59.9981563225974,59.9980718432937
1.00899538094887,300.638590161939,781.744366167034,0,687.365777661432,524.045070073095,680.164451748238,553.527333310462,566.279170470066,835.208276895142,1134.12871294354,208.231183944635,148.59127723708,0,64.0626416445067,138.443987529062,241.398401563691,210.040705132566,24.7508152897163,57.4537438618969,261.124709067482,1.02049540443118,1.00520034888068,0.974271531567485,0.936054529288106,0.933517343406115,0.933261845368387,0.929760639437523,0.932044349216259,1.01028730299106,0.933749728804258,0.932768475347561,0.916007882779661,0.934439647708476,0.939205150909857,0.949444618449806,0.969053778541864,0.974162908096115,0.972742053528927,0.970499203841205,0.967862397576639,0.976631316008465,1.0038389883054,1.00277423655037,0.977334348457288,1.01500721183953,1.00162953479049,0.982868560645537,1.00289760915641,1.00474247422567,1.04007242591457,0.948799069264595,0.933749728804258,0.979616037634722,0.993154417997819,1.03283463562914,1.04967127668433,1.01575006550024,1.01197705343639,1.02732213985625,59.9891490757954,59.9817093386933,59.9999931528418,59.9920863720104,59.9982488509333,59.9935673866937,59.9930418005749,59.9923352917572,59.9976529639148,59.9975863283448
1.0111834309809,298.291753470226,781.676576097457,0,687.423172526782,524.11895371789,680.285998644099,553.616391955651,566.676828621048,835.430020365656,1135.20307594417,208.583039333412,148.539700002995,0,64.0801735460316,138.364100711796,241.42895260011,210.065874963395,24.6758409065196,57.4169806184436,261.03439064164,1.02051503004346,1.00520906824752,0.974260072343568,0.93603140790222,0.933493785764917,0.933237553837891,0.92973898525893,0.932023758434543,1.01027972268088,0.933722315602006,0.932742093433487,0.915980990438646,0.934411216749016,0.939174023094347,0.94939686041878,0.968999026039057,0.974120662242248,0.97271071604238,0.97042450675637,0.967777294850519,0.976573325005741,1.0037805796519,1.00271554817321,0.977277755148383,1.0150321463398,1.0015957940736,0.98283143972377,1.00283002216405,1.00466716340407,1.04016381388029,0.948764286117263,0.933722315602006,0.979543327749742,0.993055773972647,1.032779887145,1.04961747983094,1.0157483299226,1.01189261084037,1.02732346456456,59.987113239688,59.97723608458,59.9999931528418,59.9901178203591,59.9978019051499,59.9919597132489,59.9913060431225,59.9902761645291,59.9970183364379,59.9969816450654
1.01337148101294,296.864907850862,781.527978071991,0,687.412724546365,524.182178543332,680.345852075307,553.655951265195,566.882233455832,835.577710322232,1135.97510656138,208.791775569757,148.506559948892,0,64.0824484224187,138.286556277499,241.448144353215,210.070133635323,24.6338146948787,57.3887836319642,260.968948069088,1.02052654859044,1.00520949509334,0.974248918119147,0.936017624813682,0.933483195262644,0.93322712522354,0.929729801062758,0.932015012686932,1.01027684943059,0.93370774993268,0.932728877606768,0.915966701532073,0.934395306711756,0.939154601467483,0.949362057180804,0.968957741358482,0.974087692786288,0.972685585949676,0.970364966005576,0.967707531362495,0.976530216569129,1.00373710208236,1.00267145638598,0.977235294433933,1.015041405435,1.00156564596483,0.982800280449166,1.00277567526417,1.00460726435837,1.04020920599668,0.948753605686033,0.93370774993268,0.979484150240867,0.992972756074781,1.03273908545118,1.04957429686212,1.01574349824997,1.01182606263444,1.02732442509413,59.9851512071292,59.972768698208,59.9999931528418,59.988148013865,59.9973506333469,59.9903477983836,59.989566390946,59.9881966774541,59.9963749370358,59.9963739318559
1.01620080320245,295.780281886074,781.252115802567,0,687.338752380033,524.2612114612,680.373356526352,553.665611785612,566.984744224279,835.713643562836,1136.74936222807,208.94356919352,148.48291850224,0,64.0726984092534,138.185527529589,241.46290708948,210.057973705114,24.606712323405,57.3584827786387,260.898731032743,1.02053616613587,1.00520799712516,0.974237686096188,0.936010380042001,0.933483530500823,0.933228553020158,0.929731417549398,0.932016550038063,1.01027842421527,0.933702583458202,0.932725848002535,0.91596163321828,0.934388002908547,0.939141762016271,0.949329252638514,0.968916556300187,0.974054173636526,0.972660187012668,0.97030071616422,0.967629692997008,0.976487590917496,1.00369382277864,1.00262711826003,0.977193070423696,1.01504359097094,1.00153072440978,0.982766140217056,1.00271611606165,1.0045419988038,1.04024533464828,0.948765126965629,0.933702583458202,0.979418959375037,0.992877440070122,1.03269824777479,1.04952762886779,1.01573672464547,1.01175379266858,1.02732568264984,59.9826777274778,59.9670068934846,59.9999931528418,59.9856041809951,59.9967612998371,59.9882608570852,59.9873150764773,59.9854942991769,59.9955342704665,59.995584829431
1.01903012539197,295.166218470705,780.904063003083,0,687.22174165875,524.345228825788,680.370522996518,553.648419221491,566.978434324793,835.821451760635,1137.41166209386,209.016099912582,148.476139458251,0,64.0550035683915,138.081078513437,241.470633096518,210.034285205076,24.596518178423,57.3311931139326,260.829960224945,1.02054264670901,1.00520274914142,0.97422803357011,0.936011317499217,0.933495285992099,0.933242171524954,0.929744125382397,0.932028669783664,1.01028461964473,0.933708244535643,0.932734078181083,0.91596718673557,0.93439108828439,0.93913820647682,0.949304702518066,0.968883239782107,0.974026272860827,0.972639052255207,0.970244319500802,0.967558999572158,0.976453452119566,1.00365893252294,1.00259102366266,0.977159039588884,1.01503800083986,1.00149722032875,0.982735192281515,1.00266172831576,1.00448274758801,1.04025587183054,0.948798045632509,0.933708244535643,0.979360847491804,0.992788521265996,1.0326651138722,1.04948700586339,1.0157290674915,1.01168849819964,1.02732725637094,59.9802473190563,59.961266963026,59.9999931528418,59.983067620276,59.9961653158297,59.9861732305864,59.9850642798029,59.9827877324782,59.9946861353665,59.9947926788868
1.02299295490104,294.661185627554,780.321881104573,0,687.014868409963,524.480503001992,680.345559319139,553.602294682189,566.875306793399,835.964597827342,1138.31285137377,209.055927892155,148.488943862445,0,64.0240602820279,137.926089266484,241.474587050863,209.991392838767,24.5948944401831,57.2933527831405,260.720322667463,1.02055140301338,1.00519723365179,0.974219471741032,0.936024119026445,0.933527212292278,0.9332776716102,0.92977696090959,0.932060025797004,1.01029980573532,0.933730521729362,0.932760613499685,0.9159890406443,0.934409091033876,0.939145226033188,0.949279195977933,0.968844259089836,0.973993423363959,0.972615294693626,0.970171528454178,0.967464534753032,0.97641348325738,1.00361755106888,1.00254787611839,0.977119232504248,1.01502731151461,1.00145197071275,0.982695444033191,1.00258791547084,1.00440225362048,1.04026347758235,0.94887252812572,0.933730521729362,0.97928506193219,0.992666727583428,1.03262535145197,1.04943553960197,1.0157200426491,1.01159960833059,1.02733037235727,59.9768831345355,59.9532731400737,59.9999931528418,59.9795320210816,59.9953180370214,59.9832505514116,59.9819157239769,59.9790035604991,59.9934874530081,59.9936785238839
1.02695578441011,294.333038302464,779.643334730821,0,686.773659259436,524.640917567442,680.311831483617,553.542655410875,566.70832153208,836.119120626085,1139.26853340081,209.057387937581,148.524762331193,0,63.9898713802469,137.759523364389,241.473203603205,209.942315821717,24.5994893394778,57.2535173858671,260.586083634865,1.02056142440981,1.00519246509953,0.974215193090725,0.936047838805297,0.933574284427682,0.933329298408591,0.929824628128142,0.93210559130494,1.01032169260198,0.933766545873608,0.932801653853129,0.916024380309,0.934440075901773,0.939163290933599,0.949260591815979,0.968810578601676,0.973964881759579,0.972595906142518,0.970101988974934,0.967371251270879,0.976378780895461,1.00358110235519,1.00250966116586,0.977084804010114,1.01501494814591,1.00140662543382,0.982657491334982,1.00251261823561,1.004319952428,1.04026074591975,0.948975434189569,0.933766545873608,0.97921234914134,0.992543825323306,1.03258984446798,1.04938779289465,1.01571262403551,1.01150851718008,1.02733472845788,59.9735488206717,59.9453412519191,59.9999931528418,59.9760201559909,59.9944538698042,59.9803305367787,59.9787736553457,59.9752359549229,59.9922760135763,59.9925588509403
1.03316987292498,293.906595558675,778.404056368024,0,686.345879323551,524.947543051719,680.25926055571,553.436147660382,566.373709342424,836.407599675044,1140.97371915426,209.027855511248,148.622955044778,0,63.9342887119344,137.473777471996,241.463573367456,209.858938022836,24.6094735902849,57.1844034700366,260.317948095339,1.02058267664495,1.00519202330237,0.974218670397511,0.93610543971613,0.933675937881465,0.933439835156608,0.92992664747166,0.932203193678959,1.01036848915593,0.933848047873887,0.932892477567676,0.916104333716413,0.934512208659442,0.939211448970622,0.949242208567144,0.968765054686684,0.973926892356439,0.972573576909467,0.969995261156084,0.967222915774613,0.976331060604827,1.00352986480124,1.00245574891639,0.977038039146175,1.01499881888886,1.00133508824164,0.982600644301753,1.00238787626571,1.00418279029739,1.04026017439691,0.949188632555205,0.933848047873887,0.979100719577165,0.992344188657523,1.03253893307849,1.04931755067888,1.01570630323107,1.0113558251274,1.02734421329306,59.9683630972418,59.9330511003504,59.9999931528418,59.9705687618946,59.9930569500423,59.9757578290303,59.9738625012938,59.9693762405136,59.990346591299,59.9907907002058
1.04113081883101,293.35852206732,776.518533770888,0,685.723689205381,525.438603153672,680.20153978048,553.284587253394,565.848601650713,836.870652327671,1143.5765486311,208.956528072188,148.820360264607,0,63.8625185750425,137.064330738383,241.440205160624,209.744259595833,24.6214311672036,57.0827274773338,259.868307371418,1.02062052603469,1.00520233926243,0.974239674257546,0.936212995998608,0.93385258494356,0.933630795968754,0.930102889599974,0.932371917739975,1.01044944267575,0.933993920059607,0.933052808259015,0.91624743423669,0.934643542836842,0.939305645534297,0.949235221955744,0.96871712440636,0.973888072890521,0.972557357413334,0.969860124162007,0.967026805107614,0.976279224103752,1.00347228741669,1.002394961358,0.976988347843435,1.01498458610358,1.00124126564953,0.982530843596814,1.00221369248904,1.00398990608713,1.04026284812511,0.949548769902284,0.933993920059607,0.978959801858932,0.992073834293474,1.03248001883846,1.04923415848196,1.01570698566742,1.01113973566772,1.02736106549134,59.9617906874958,59.9176146765816,59.9999931528418,59.9636966003224,59.9911758396076,59.9699099296378,59.9676024867062,59.9619752776595,59.9878100816968,59.9884997853254
1.05397183810775,292.349690180666,772.806519455869,0,684.569722654398,526.450717559,680.132427905028,553.01021976321,564.811108400065,837.836592227824,1148.77479118504,208.786627494724,149.299013613863,0,63.748679470379,136.307142062141,241.37997226847,209.544029125809,24.6341302477992,56.8884937664314,258.902630087937,1.02070654997955,1.00524555183527,0.974311323880606,0.936461469806148,0.934240301073696,0.934048075139621,0.930487954882842,0.932740710624173,1.01062619808191,0.934320968769042,0.933408758542179,0.916568268810089,0.934941521588374,0.939529484550461,0.949260163961585,0.968662212107488,0.973847055115394,0.972558868689388,0.969644519952919,0.966695656482472,0.976215638054814,1.00339683980945,1.00231482544592,0.976930214246914,1.01497868614137,1.00108494468385,0.982424771784474,1.00189890004244,1.0036383674906,1.04028475774524,0.950322477920947,0.934320968769042,0.978736300522686,0.991603860458953,1.03239872974062,1.04911423349377,1.01572833811856,1.01074297776722,1.02739868181861,59.9513730795463,59.8936081183925,59.9999931528418,59.9529166598811,59.9878635507291,59.9604972843039,59.9575899945573,59.950348559286,59.9835202681515,59.9847294311756
1.07051435142088,290.806736286657,766.879932779433,0,682.85533759633,528.112965783212,680.067601813134,552.601142827148,563.168403653612,839.442849287245,1157.19852562392,208.482926175906,150.183200259957,0,63.6087808929369,135.174128635536,241.267179391146,209.26045421277,24.6375930255039,56.5892328494092,257.264466310077,1.0208584653412,1.00534512848477,0.974466021692546,0.936904959844654,0.934908634287981,0.934765156256091,0.931149377534587,0.933374235613869,1.01092847372451,0.934893214815051,0.934027350828082,0.917129641812835,0.935467140371371,0.939936355488403,0.949352795568616,0.968629555355758,0.973830499402795,0.972606914207572,0.969371743055861,0.966245780062268,0.97616872481838,1.00333093682662,1.00224360170674,0.976893053775929,1.0149991553639,1.00087510870872,0.982299011532518,1.00143689239949,1.00311810337556,1.04034328170588,0.951636877925688,0.934893214815051,0.978456054806099,0.990943915170053,1.03231963779928,1.04898628083814,1.01578845774845,1.01015163149503,1.02746380606272,59.9383405892631,59.8646628561231,59.9999931528418,59.9396639596249,59.9829594010827,59.9484014978299,59.9448677876452,59.9360585621357,59.9775340500485,59.9797033192518
1.08705686473401,289.006080967414,759.782527215994,0,680.949195346434,530.112870496499,679.996898966044,552.124934634621,561.236220502296,841.394589444841,1167.40648431124,208.100375587231,151.329293745054,0,63.4799753596648,133.892476292072,241.122443280713,208.950159092191,24.6268819376448,56.244519340163,255.252504078649,1.02104939309219,1.00548671136151,0.974680806373992,0.937466891362282,0.935738614997193,0.935654142745164,0.931968731385594,0.934158837128444,1.01129987984002,0.935610291037417,0.934799397692057,0.917833093125361,0.936128906416256,0.940457409094079,0.949505290773183,0.968635818217131,0.973850203897044,0.972700198439648,0.969105913623933,0.965775816985918,0.976159161643592,1.00329971835892,1.00220760820543,0.976894945670068,1.01504578679231,1.00065685046978,0.982184111991729,1.00092002012504,1.00253247503459,1.04043136791037,0.953256792315044,0.935610291037417,0.97818579696071,0.990234160640221,1.03227032658531,1.04888809234756,1.01587846204217,1.00948272624233,1.0275439962439,59.9258166089418,59.8383972218488,59.9999931528418,59.9272128778496,59.9771832601165,59.9363396230141,59.9323748568677,59.9226878255726,59.9709123578397,59.9744461712816
1.09940210157004,287.507179978398,753.811150457478,0,679.445729254841,531.778796628511,679.917028209089,551.722510836427,559.645384115117,843.031529492897,1176.07015215789,207.774749292581,152.326286190718,0,63.3928708920521,132.859611089567,240.998339303271,208.702410316657,24.609899221591,55.964410168202,253.556743542756,1.0212122134823,1.00561456939199,0.974873143652003,0.937948959206293,0.936443179310528,0.93640817690954,0.932663106017697,0.934823494407474,1.01161166940793,0.936222044510719,0.935456626267462,0.918433222888783,0.936694902743011,0.940907076991324,0.949652336412464,0.968663127277318,0.973885400893576,0.972794683375612,0.968913139671966,0.965416515083033,0.976174899721588,1.00329854482242,1.00220305164575,0.976919432583883,1.01509389496782,1.00048952803708,0.982104655270463,1.00050514352679,1.00206074184276,1.04051311368606,0.954627591993128,0.936222044510719,0.977991615696744,0.989680430987701,1.0322534009124,1.04883398375393,1.01596037868125,1.00894249718303,1.02761107254363,59.9168447728817,59.8208041042774,59.9999931528418,59.9184848052048,59.972221601308,59.9273665512982,59.9232216850423,59.9133866229291,59.9654929837924,59.9703482829605
1.11174733840608,285.888746801304,747.352845591079,0,677.912401707289,533.550471858256,679.793514331153,551.277201574802,557.964996504747,844.781257142089,1185.51566890207,207.423899459447,153.417947014452,0,63.3142059255931,131.780407205761,240.863759312529,208.441501770371,24.5850701994437,55.6703935963515,251.737244629698,1.02138813864365,1.00575717225434,0.975087008103507,0.938472163976831,0.937202950329139,0.937220938697684,0.93341091047969,0.935538969794176,1.0119441394647,0.936883864129645,0.936166673102531,0.919082467508855,0.93730819661805,0.94139706681547,0.9498231637035,0.968707867814424,0.973935867726119,0.972906837052141,0.968726765984495,0.965054700364295,0.976209279656266,1.00331613183919,1.00221726258582,0.976962011232185,1.01515048381714,1.00032010614368,0.982030544053934,1.00007226900596,1.00156746573571,1.04060584293778,0.956103731581136,0.936883864129645,0.97780526032254,0.989114592994934,1.03225402096785,1.04879621813524,1.01605101189134,1.00837671506852,1.02768216762917,59.9082266989888,59.8051224726338,59.9999931528418,59.9102594403486,59.9666497627633,59.9184295937826,59.9142323685658,59.9047149905629,59.9596233748686,59.9660828480004
1.12409257524211,284.162279258988,740.489368697747,0,676.381850875556,535.388807142095,679.60765027544,550.786044416955,556.22843024385,846.604595495629,1195.63796104606,207.057406213695,154.584196867714,0,63.2450420567811,130.673374639225,240.722157992124,208.168436237832,24.5532078122123,55.3693612193721,249.838445795309,1.0215726553245,1.005909952697,0.975316101256879,0.939023732474503,0.938000153977972,0.938073555476926,0.934194522278062,0.93628824699546,1.01228813660429,0.93758007435315,0.936912841271781,0.919765449283718,0.937954142034123,0.941915349476262,0.950012523511346,0.968767409413601,0.973998685188025,0.973032486089708,0.968547479076256,0.964693965909766,0.976260644775398,1.00335157819608,1.00224921692001,0.977020321470462,1.01521225443653,1.00014943035018,0.98196097655559,0.999627140988513,1.00105953414274,1.04070657403906,0.957652457944814,0.93758007435315,0.977627291818856,0.988543526808274,1.03227199629613,1.04877413639482,1.01614639247793,1.00779367670938,1.02775500856954,59.8999882193704,59.7914910627774,59.9999931528418,59.9025418292132,59.9604376497141,59.9095446446141,59.9054237341383,59.8967018860141,59.953279532932,59.9616363885795
1.13984938851367,281.830626280116,731.318781194451,0,674.489758051387,537.773629394785,679.257707175265,550.092644088637,553.991282211641,848.982162329568,1209.35800737743,206.570176573623,156.126279535171,0,63.1657052429215,129.243919254437,240.529567648869,207.800186232543,24.4976642351706,54.9744141580631,247.330123044865,1.02181807069699,1.00611840772023,0.975628209616676,0.939758900935552,0.939055929766457,0.939202252959968,0.935230778593226,0.937278515403674,1.01273710433856,0.938505188982352,0.937902959188696,0.920672986145627,0.938813855133791,0.942609047117958,0.95028072551604,0.968867692572103,0.97409931999363,0.973213160563357,0.968336876011227,0.964248126696516,0.976354117400585,1.00342617293057,1.00231901997986,0.977120541029367,1.01529916058817,0.999938107299004,0.981884566561645,0.999057330058313,1.00040768662941,1.04084596684404,0.959699503470295,0.938505188982352,0.977419245893788,0.987825742407062,1.03232360002899,1.04877137607859,1.01627312112898,1.00704365228358,1.02784923217895,59.8900607342072,59.7772441018097,59.9999931528418,59.8934167073607,59.9515535431433,59.8983142624512,59.8944718079532,59.8874535607707,59.9444724606728,59.9556796708719
1.15560620178523,279.379758228639,721.862483123472,0,672.71932088102,540.128335028527,678.750455929716,549.319982329889,551.792692052815,851.340366147012,1223.75918299257,206.078941728327,157.699211814169,0,63.0973583406775,127.833601572298,240.329310774411,207.411816178604,24.4279778004075,54.5821840743893,244.813987302957,1.02206591526168,1.00633344889586,0.975950538913539,0.94050450885136,0.940120336999802,0.94033990246936,0.936273531884383,0.938274040214026,1.01317968700155,0.939441042714447,0.938903219539214,0.921591058054375,0.939684911758975,0.943315728008694,0.950568627863811,0.96899019873669,0.974217447261015,0.97340876631424,0.968148316912168,0.963825841180202,0.976475443040991,1.00353145872548,1.00241895706208,0.977245102892888,1.01538911282811,0.999736200063796,0.981820849546115,0.998497397365037,0.99976585351091,1.04099182866457,0.961761977398314,0.939441042714447,0.977233862364336,0.987133923865133,1.0324062695847,1.04879541240876,1.01639848652247,1.00630378415858,1.02794053428846,59.8808257577132,59.7666605640428,59.9999931528418,59.8850694439966,59.9415984547541,59.8872543762995,59.8838789160417,59.8793004592885,59.9348670393543,59.9493909871814
1.17467302491894,276.315294586237,710.387054023444,0,670.823360395878,542.831121944409,677.894052596789,548.280058702167,549.286882439328,854.059622056077,1241.73066044321,205.487928527468,159.571511466326,0,63.0209279498313,126.203252647119,240.074656711574,206.913008095019,24.3204554428772,54.1180234457576,241.834010633743,1.02236254095025,1.00659830423232,0.976347379903756,0.94139847835521,0.941385507269917,0.941691484202325,0.937510037575354,0.939453239453227,1.0136914945582,0.940558695737369,0.94009549581146,0.922687474950625,0.9407274915897,0.9441680226403,0.95093972048707,0.96917073227682,0.974386023015577,0.973664305439849,0.96796222462321,0.96336813743725,0.976662687820533,1.00370333714111,1.00258341705376,0.977431158349685,1.01550141371805,0.999518116981345,0.981769381096814,0.997861557786513,0.999034243058411,1.04117397389954,0.964206748516279,0.940558695737368,0.977050657410768,0.986363580705823,1.03255135511117,1.04886294794212,1.01654445609617,1.00545681234344,1.0280439764855,59.8706173672948,59.7588402385068,59.9999931528418,59.8759146317261,59.9281720344736,59.8741911367955,59.8715958731517,59.87084442432,59.9222129065635,59.9413188995448
1.18986627131612,273.837703029824,701.460826428696,0,669.553518219172,544.801098589855,677.005640708249,547.371515779233,547.477093375383,856.049748425967,1256.22286712615,205.024581235549,160.998170463517,0,62.9582638796742,124.998874578507,239.859862177205,206.491726601887,24.2141180147619,53.7614502656127,239.558644820325,1.0225923037138,1.0068108837572,0.976665084412768,0.942090357749828,0.942353735649004,0.942725091344771,0.938453757626724,0.940352167638522,1.01407126164642,0.941419115931004,0.941011127160932,0.923531546606419,0.941532367305677,0.944832255952338,0.951251362682835,0.969342068345936,0.974542497740492,0.973882570653079,0.967855926659396,0.963060324455893,0.976845836703331,1.00387734423199,1.00275068219507,0.977609311184608,1.0155938645762,0.99937471744231,0.981754887030033,0.997407376400295,0.998508464203971,1.04132198601366,0.966068669286814,0.941419115931004,0.97694460846143,0.985824100940029,1.03270431216349,1.04894856179497,1.0166545469306,1.00484368487794,1.0281190089034,59.8632570429686,59.7564851498217,59.9999931528418,59.8692739100044,59.9164596291239,59.8641032764393,59.8622650913839,59.8651403150519,59.9113718961664,59.9345173310055
1.20933176417887,270.695269385339,690.710604914379,0,668.296385632703,546.989160452988,675.592310586121,546.113439451969,545.49238388218,858.267742674607,1274.60935140059,204.442727246554,162.685916711426,0,62.8628832853291,123.629228455802,239.563331626195,205.919515355515,24.0469664400075,53.3271236616913,236.827599602652,1.02287416169586,1.00708457176903,0.977071287031188,0.942933591587027,0.943514829489207,0.943963018316892,0.939581767179385,0.941425365846325,1.01451115178917,0.942459399710417,0.942114363234134,0.924552064324676,0.942509312030123,0.945649046749744,0.951671111125329,0.969602434753909,0.974777028355363,0.97418353580804,0.967789564544292,0.96276409232029,0.977128969296054,1.00415204255059,1.00301563731782,0.977881346627309,1.01571876996113,0.999247276534201,0.981782569010063,0.996925055355744,0.997943550108216,1.0415143611736,0.968279914381183,0.942459399710416,0.976873636912167,0.985263721284947,1.03295163824652,1.04910236581266,1.01678724947805,1.00417551135339,1.02820392569394,59.8548334746245,59.7582640937909,59.9999931528418,59.8614419285919,59.9003031391273,59.8517155710078,59.8509590747484,59.8590038619467,59.8966240111316,59.9253240206879
1.22879725704163,267.669467529668,681.11032861168,0,667.485907521072,548.71969063109,673.880813278917,544.764608788402,543.953744364284,860.026968850529,1292.40816826859,203.870197439211,164.17235059023,0,62.7355658756287,122.498497169898,239.234789525717,205.309529432249,23.8409832598739,52.9209614875303,234.336557042219,1.02314048700974,1.00736209944552,0.97747749261827,0.943718173367832,0.944567881193929,0.94508320483415,0.940600276447038,0.942393145478631,1.01489334949909,0.943414788248756,0.943122164521863,0.925489299865641,0.943411951338633,0.946418624892533,0.952116571343932,0.969915569753519,0.975057121235221,0.974513401788609,0.967817598029829,0.962601827844271,0.977471766900154,1.00448869378743,1.00334139579221,0.978208977303367,1.01585588367267,0.999200606036284,0.981875314009779,0.996584861613655,0.997533595717196,1.04171086161408,0.970249898583114,0.943414788248756,0.976889160458416,0.98488271101497,1.03325913581389,1.0493087288704,1.016913219427,1.00367413701783,1.02827597142647,59.847515616531,59.7650110590314,59.9999931528418,59.8541729647192,59.8830691857623,59.8400516374778,59.8404312718492,59.8539640930862,59.8810770663685,59.9156034906816
1.24826274990438,264.856667413936,673.058301757546,0,667.130426334928,549.921450243621,671.903529289433,543.347868774092,542.916476195668,861.249376811464,1309.22079091567,203.299139847511,165.421241348239,0,62.5596055152225,121.64666785799,238.865132551411,204.662179179586,23.5928592929037,52.5443595507209,232.102160837419,1.02339168911822,1.00764772718531,0.977886734222878,0.944437513764758,0.945498838628097,0.946069895828722,0.941495815834314,0.943243193588664,1.01521626664716,0.944274294737164,0.944022018379667,0.926332475177496,0.944230827103517,0.947135426280958,0.952591705925463,0.970288861427671,0.975390959127392,0.974878430629308,0.967956189487964,0.962596804472951,0.977879038204362,1.00489014424326,1.00373102731396,0.978598838254047,1.01601159964253,0.999252764211853,0.982046924480359,0.996416671316769,0.997310827510489,1.04191356279998,0.971939622898443,0.944274294737163,0.977004876384538,0.98471231639929,1.03362792179379,1.04957002163285,1.01703706178271,1.003373631448,1.02833599863315,59.8412462628049,59.7760775722548,59.9999931528418,59.8472371513981,59.8650394221074,59.8292382841567,59.8307271472797,59.8497388369446,59.8649497323361,59.9053788778039
1.26772824276714,262.351129663922,666.885894893382,0,667.206512798628,550.545039192459,669.712906744077,541.891426023537,542.405203554378,861.878635464124,1324.69676890625,202.720164567179,166.405978175838,0,62.319690729813,121.102557825251,238.446749892911,203.980464329342,23.3014458463687,52.1982247734533,230.125332479169,1.02362962371228,1.0079464840232,0.978302835694323,0.945088557778242,0.946299586292369,0.946913756279972,0.942260907661695,0.943968976946651,1.01548154669309,0.945031729254093,0.944806726519781,0.927075517950804,0.944960760833856,0.947796857955181,0.953099962502159,0.970727921082533,0.97578523921825,0.975284229064803,0.968217978373856,0.962766714449694,0.978353337785833,1.00535680552178,1.00418527963928,0.979055616701331,1.01619216724953,0.99941831404227,0.982308602781422,0.996443804922957,0.99730030333578,1.04212512201507,0.973323408561694,0.945031729254092,0.977231406519825,0.984775928971281,1.03405667868895,1.04988685338374,1.01716441129001,1.00330039487992,1.02838566815113,59.8359347281185,59.7906375589157,59.9999931528418,59.8404083860945,59.8465297604078,59.8193842889262,59.8218775112576,59.8460213686512,59.8484897246054,59.8946842605342
1.28719373562989,260.243795431556,662.849895783064,0,667.661261333009,550.562638108199,667.379061249655,540.428228366328,542.413565939911,861.880291914314,1338.54093443416,202.124883464264,167.108968940808,0,62.0037767336761,120.882715269598,237.975214621872,203.270842888858,22.9686398321726,51.8838338238467,228.396984702347,1.02385679759572,1.00826280837057,0.978728724716223,0.945669720865429,0.946965637096134,0.94760947853554,0.942891812220207,0.94456754559206,1.01569270370168,0.945683463207784,0.945472120184015,0.927714868539626,0.945598668240464,0.948401236333406,0.953642542344311,0.971235018751413,0.976243553299828,0.975734102253776,0.96861044519327,0.96312189530273,0.978893707408819,1.0058856669925,1.00470156707619,0.979580565460025,1.01640237660336,0.999706631608776,0.982667291279387,0.996681164333585,0.997518048681613,1.04234780911967,0.974384381334729,0.945683463207784,0.977574898582305,0.985087144136565,1.0345409500905,1.05025731067123,1.01730076099134,1.00347140396029,1.02842704235461,59.8314578744525,59.8077217287597,59.9999931528418,59.8334800555455,59.827878103692,59.8105723567508,59.8138957545701,59.8424989793064,59.8319644955847,59.8835631493908
1.30665922849264,258.615886792001,661.112927807671,0,668.415390858892,549.967257754235,664.985556356462,538.994454771347,542.905225675873,861.241399473997,1350.51945881723,201.508300154595,167.5173490567,0,61.6045164357606,120.991348474555,237.450615204599,202.543561995292,22.5998633113136,51.6038996827884,226.905453676598,1.0240754756769,1.00859938003505,0.979164980562419,0.946178937439968,0.947493828360727,0.948153413162582,0.943386199845131,0.945037224312484,1.01585348309406,0.946226272201837,0.946014835212772,0.928247363813123,0.946141471596004,0.948945876769498,0.954216979830811,0.971807872988032,0.976765095757545,0.976227702176113,0.96913466196568,0.963664022064775,0.979494805121668,1.00646969533771,1.00527333736988,0.980170386228835,1.01664451179173,1.00012059336798,0.983124362829095,0.997133850057048,0.997969690989751,1.04258286127609,0.975112031102021,0.946226272201837,0.978035975853543,0.985648389422905,1.03507279470963,1.05067648127477,1.01745050743681,1.00389295268821,1.02846209313007,59.8276624199562,59.8262580672867,59.9999931528418,59.8262793522012,59.8094323397858,59.8028524722,59.8067756730502,59.8388713510952,59.8156519390837,59.8720667835818
1.3261247213554,257.535402417013,661.737231755969,0,669.36862626196,548.771815153163,662.624862397852,537.62817151388,543.817012301187,859.970066856967,1360.46247879205,200.870437182727,167.621807030201,0,61.1203591331745,121.420501319074,236.878362105987,201.812705596989,22.2042456963521,51.3629998350013,225.641617140916,1.02428702156561,1.0089562470695,0.979608848145393,0.946612345415007,0.947880731142059,0.948541918432899,0.943741549911362,0.945376032739631,1.01596674755296,0.94665587188772,0.946430789134795,0.928668800828194,0.946584694523621,0.949425834604712,0.954816290699648,0.97243896440896,0.977343899869227,0.976760183356667,0.969784609155515,0.96438549028023,0.980146488893946,1.00709761518138,1.00588981873917,0.980816620517375,1.01691764932217,1.00065585621407,0.983674876030101,0.99779649424737,0.998649816955157,1.04282989986552,0.975499518358488,0.94665587188772,0.978609168650077,0.986450367244611,1.03564073996112,1.05113625515437,1.01761621018611,1.00456007507083,1.02849235566354,59.824369006651,59.8451190411019,59.9999931528418,59.8186794176297,59.7915387946183,59.7962371056174,59.8004900954042,59.8348677090306,59.7998312556062,59.860252300732
1.34559021421815,257.052651671531,664.680245038265,0,670.406634342602,547.008208788715,660.393462641017,536.367949747082,545.063874396897,858.095156454619,1368.26536664043,200.217208725431,167.415442431715,0,60.556081045098,122.150726644575,236.269348431369,201.095798752557,21.7943076435163,51.1675774551082,224.602390502034,1.02449145614691,1.00933038497756,0.980053868470127,0.946963785430077,0.948121981808804,0.948770672204025,0.943954434213543,0.94558095619303,1.01603379930248,0.946966354669085,0.946714578905587,0.92897338423662,0.94692193697238,0.949833473073251,0.955428814321287,0.973115472590432,0.977968701943299,0.97732198378307,0.970547107382817,0.965269500756611,0.980833948493557,1.00775415767472,1.00653623578944,0.981505647462593,1.01721743279984,1.001300781532,0.984307465513283,0.998653299905147,0.999542031743234,1.04308667786873,0.975542914723264,0.946966354669085,0.979282869827682,0.987472294715133,1.03623011024799,1.05162547750382,1.01779819754008,1.00545661510073,1.02851869258324,59.8213776442828,59.8631712507137,59.9999931528418,59.8106083155915,59.7745311922565,59.7906984133228,59.794990270635,59.8302615492052,59.7847739566734,59.848180849584
1.36505570708091,257.196986050084,669.796807189961,0,671.409208563667,544.726373037708,658.386881922395,535.25151011572,546.545149877322,855.666050325369,1373.88788343535,199.560367652571,166.894707713453,0,59.9227235935949,123.152144359376,235.639479916978,200.413023145321,21.3852308300005,51.0254329914692,223.791701413144,1.02468730542531,1.00971570011452,0.980490134563097,0.94722513942551,0.948212574985371,0.94883497435875,0.944020752050459,0.94564815056025,1.01605429259025,0.947150551745674,0.946859825088776,0.929154081449979,0.947145253385606,0.950158876635978,0.956038750801644,0.973819833041099,0.97862343688649,0.977899236553042,0.971402370680083,0.966290855009412,0.981538363795839,1.00842074389595,1.00719446294568,0.982219279244066,1.01753630440868,1.00203701355545,0.985004876258696,0.99967881643998,1.00061975463927,1.04334908000591,0.975241546486657,0.947150551745674,0.980039809525162,0.988682951429411,1.03682369120213,1.05213042431909,1.01799450711795,1.006555984394,1.02854122136993,59.81847450124,59.8793257273581,59.9999931528418,59.8020541237236,59.7587201351024,59.786167526478,59.7902060210905,59.824882000496,59.770734969814,59.8359156964051
1.39105856730683,258.370748799133,679.557349000803,0,672.484062272685,540.997062194025,656.217514888526,534.04820061112,548.691099810179,851.690181202016,1378.05491461578,198.707847748436,165.71667548371,0,59.0000404194642,124.840171534211,234.801848456218,199.593356780371,20.8701116684666,50.9329843008999,223.081921787002,1.02493021616352,1.01023183572455,0.981036755093603,0.94741870683446,0.948092425338755,0.948659475852134,0.943875914765017,0.945518226887867,1.01600664154046,0.947188212642653,0.946828430691131,0.929191026765285,0.947252370461054,0.950446482128002,0.956815670748191,0.974765616569356,0.979508666617691,0.978663256992664,0.972642977770243,0.967810005149203,0.982466374684424,1.00928907990634,1.00805506979567,0.983171625059888,1.01797361521172,1.00311877168253,0.985997132217275,1.00124925577405,1.00228298499586,1.0436979576001,0.974313898589044,0.947188212642653,0.981140285532855,0.990520703843103,1.03758912135556,1.05280122560269,1.01827169778114,1.00827436619544,1.0285643299387,59.8143346653094,59.8961738025009,59.9999931528418,59.7899791297552,59.7399578477384,59.7814786700669,59.7847604576744,59.81631247539,59.7539770171755,59.8193443825443
1.41706142753275,260.609030733028,691.950439898314,0,673.053710796852,536.668931737383,654.788072116885,533.238036191542,550.805684397986,847.075638877531,1378.59854861727,197.926927711599,164.01378220384,0,58.0361966958986,126.828555464318,234.015668836188,198.924056344113,20.4251593199512,50.9664882646309,222.822728088087,1.025143396325,1.01072677268762,0.981513079561818,0.94741903828669,0.947694851943796,0.948185718823204,0.943463682589714,0.945135981251856,1.01586980378695,0.946978584935429,0.946533383383591,0.92898538211915,0.947128771843588,0.950545863929847,0.957507482813932,0.97566798428994,0.980359530067103,0.979379015763815,0.973933084067136,0.969426178004123,0.983331338248302,1.01008710098766,1.00884984843141,0.984073524621278,1.01839907066757,1.00425316773985,0.987004875155525,1.00296259573106,1.0041107117718,1.04403037779432,0.972816759800761,0.946978584935429,0.982288377696161,0.992511060774226,1.03828354118486,1.05343377343161,1.01855362745953,1.01018529194969,1.02857724422347,59.8094519929831,59.9059417964,59.9999931528418,59.7774143864372,59.7243467023241,59.7780269539853,59.7801566388227,59.8061163606663,59.7398785450519,59.8026860984947
1.44306428775867,263.776391480881,705.995853102601,0,672.952765123525,531.984733288272,654.23277330517,532.879442656351,552.66180152742,842.097889893041,1375.88514905263,197.266516679932,161.853774098727,0,57.0894957651923,128.99078466143,233.333386453376,198.449857128691,20.0832512998171,51.1346870509484,223.029114469385,1.02531684505553,1.01117411451423,0.981889727823,0.947220428339873,0.947035016211005,0.947432858906663,0.942799698401618,0.944515262694798,1.01564417249164,0.946526758338504,0.94598431043304,0.928542140518021,0.946774992885213,0.950445799886134,0.95807159720873,0.976473465280808,0.981124892485515,0.980003305844734,0.975198631531023,0.971043983709525,0.984081774014538,1.01076741868519,1.00953175782609,0.984871461143828,1.01878534476324,1.0053696307098,0.987966072306181,1.00471291075737,1.00599034807401,1.04432977238538,0.970822823186453,0.946526758338505,0.98341953715101,0.994534320557682,1.03886596825985,1.05399165312948,1.01882525627201,1.01217229591332,1.02857741749106,59.8033626856455,59.9072349350214,59.9999931528418,59.7647629532813,59.7122545227828,59.7753662361344,59.7760785323791,59.794410830051,59.7287428804116,59.7860754774398
1.46906714798459,267.665335388905,720.622331452226,0,672.11494116503,527.217827368434,654.626292881937,533.010584702464,554.0864826091,837.078074752043,1370.40525756808,196.767632339025,159.354952909432,0,56.2186576864064,131.193667339455,232.799531132497,198.203301208109,19.865513108523,51.4337758688084,223.683379188235,1.02544240296092,1.01155083922392,0.982146645632982,0.946836438528721,0.946153420063584,0.946447004952064,0.941923927681724,0.943693004677662,1.01533924376819,0.945861315169859,0.945215455955891,0.92788934119772,0.94621390290228,0.950154368598295,0.958477440364108,0.97713745313976,0.981761841503183,0.980501604593489,0.976369395882428,0.972571351702367,0.984675795378852,1.01129213606604,1.01006289328846,0.985521113458906,1.01911016415162,1.00640160216451,0.988824463437635,1.00639438631512,1.0078082358968,1.04458199538274,0.968452178940128,0.94586131516986,0.984472275273578,0.996473294781639,1.03930435088803,1.05444489012371,1.01907275972434,1.01411573929448,1.028563574107,59.7956834362428,59.8993215021231,59.9999931528418,59.752506636625,59.7038533928904,59.7729894223397,59.7721744580644,59.7814741816137,59.7207021501746,59.7696304291275
1.50043284579374,272.915223454141,737.474437413707,0,670.204721095394,521.777909965922,656.362017618448,533.834610542899,555.092359424059,831.475993838193,1360.95836066173,196.417228516286,156.142226640932,0,55.3463559357187,133.714510798644,232.396551783679,198.229356818558,19.7749285606965,51.9407394141886,224.972991826239,1.02552414284058,1.01188847182361,0.982289316245226,0.946182227474712,0.944898272576852,0.945061709814179,0.940686655251308,0.942527632849959,1.0148981810474,0.944858069441648,0.944089035426228,0.926905157783266,0.945335030397525,0.949596354930454,0.958738748250558,0.977707679713415,0.982318133788681,0.980906152376528,0.977569644565288,0.974176962368526,0.985146150922225,1.01168466771188,1.01046898569288,0.986065826625016,1.01940103250436,1.00745338971414,0.989659584385817,1.00819065024725,1.0097658151796,1.04481021554564,0.965345255982622,0.944858069441649,0.98556209334331,0.99854817994126,1.03961452057876,1.05482382959945,1.01932452839546,1.01623713681488,1.02852986407284,59.7839269507556,59.8775719088582,59.9999931528418,59.7389545483607,59.6985390033866,59.7697222648836,59.7671542092449,59.7648098559521,59.7150033214938,59.7501532037307
1.53179854360288,278.277296742874,751.957571342838,0,667.587091381608,517.124409099388,659.355103943399,535.353174983705,555.306301592959,826.923299696001,1349.37932384222,196.349438439432,153.053500112076,0,54.7353453719332,135.897806005359,232.274943996374,198.598431582846,19.8529254806051,52.5530019144276,226.624978671579,1.02553155231088,1.01208869740311,0.98226631959818,0.945416714027457,0.94358873777154,0.943630489169587,0.93940282731866,0.94131545793518,1.01443239112245,0.94376822097563,0.942889293728769,0.925836017139482,0.944356163813905,0.94890308634946,0.958764092632575,0.978009511822212,0.982626424140584,0.981092032784219,0.978471965414306,0.9754281706392,0.985335746517116,1.01180597239755,1.01060897312192,0.986334336390886,1.01957812988784,1.0082327911459,0.990233862326458,1.00960910833237,1.01132798263471,1.04495079777872,0.96231011279744,0.943768220975632,0.986396154406321,1.00020460920453,1.03968112669328,1.055008114179,1.01951747530982,1.01796126587579,1.02848389637252,59.7692741429693,59.8436710605077,59.9999931528418,59.7273766003293,59.6980144898777,59.7652055797714,59.7612111026035,59.7476875394773,59.7131970493478,59.7311803177967
1.55665479502614,282.242333066839,760.889933843307,0,665.294148315286,514.275415925201,662.463952044891,536.993096032411,554.983180780731,824.411180481002,1339.34399148919,196.484116237998,150.951556207689,0,54.471020959465,137.277104875127,232.373817714236,199.107625914498,20.0076988320792,53.0659651182409,228.027537690194,1.0254905055189,1.01215156881898,0.982155174145501,0.944813359127198,0.942634968765973,0.942595798744709,0.938471740502466,0.940434904534764,1.01409252484429,0.942950444072484,0.94200183938696,0.925033778524886,0.943608721625413,0.948335981776381,0.958642811393922,0.978063867758692,0.982699411279726,0.981096254671906,0.978947325747859,0.976122760076143,0.985295595536099,1.01171971687238,1.01053997597821,0.986357792914911,1.01964461171546,1.00863108531921,0.99049106139522,1.01039955926942,1.01221060086069,1.04500249217368,0.960213212196874,0.942950444072486,0.986850208872331,1.00115475112437,1.03957204509512,1.0550195122745,1.01962791189319,1.01895976361161,1.02844543053358,59.755649469561,59.809614087207,59.9999931528418,59.7198808891898,59.7004464915341,59.760237917225,59.7554700442313,59.7342584382675,59.7139871925647,59.7165552006243
1.57590684250122,284.947363177582,765.909048543095,0,663.573866269492,512.70313189262,665.199784608759,538.479253190293,554.507030550461,823.286500310479,1331.37384984398,196.691458281369,149.665969949583,0,54.4139604886644,138.084517836186,232.560628120782,199.611153173228,20.1663655001522,53.4541629074926,229.078492405982,1.02543448285282,1.01214526029625,0.982028623848532,0.944392737319463,0.942011672988423,0.941923974938449,0.937865714195877,0.939861168896251,1.01387261657935,0.942402074378662,0.941413937255839,0.924495828209256,0.943100209298046,0.947929112355552,0.95848146366265,0.978002412225523,0.982659551688256,0.981023367522235,0.979161756020925,0.976464870609505,0.985159835763481,1.01155376197587,1.01038808863794,0.986270495464118,1.01965731786061,1.00879884257852,0.99056911966587,1.01078369843932,1.01264859404647,1.04500908362905,0.958908122807139,0.942402074378663,0.987068723056004,1.00164632464118,1.03940088904716,1.05495288188005,1.01968809276424,1.01947427493829,1.02841838538943,59.7439873336725,59.7799233072473,59.9999931528418,59.7151354182071,59.7036518148022,59.755325977199,59.7502190600964,59.7241563631347,59.7155518680018,59.7054921598692
1.5951588899763,287.202465196698,769.099060473303,0,662.054185265055,511.751110182712,668.11108251005,540.104036506939,553.908059784228,822.957938222272,1323.43927410825,196.979857773294,148.760065792008,0,54.4933554183192,138.639198702424,232.834987156258,200.189141045262,20.3459363650187,53.8173102569036,230.038982946595,1.02536036921456,1.01209354091903,0.981877814958996,0.944041030823763,0.941528775089688,0.941407696235285,0.937398782547217,0.939418725497777,1.01370661792488,0.941963452709423,0.940950601423541,0.924065540634488,0.942686435726064,0.947578016316248,0.958275113442741,0.977858987638362,0.98254284505793,0.980892681272513,0.979239795069834,0.976630029216127,0.984943473648613,1.01131275296249,1.01016109855668,0.98610041513077,1.01964077880145,1.00884178058304,0.990543452402445,1.01095693688528,1.01285792438601,1.04498871090439,0.957961128502454,0.941963452709423,0.987168817031512,1.00191415148439,1.039165509735,1.05482720890253,1.01972614441494,1.01974513256656,1.02839634995148,59.7315072870912,59.7482926662143,59.9999931528418,59.7112479240147,59.7076374798833,59.7493708494689,59.7441617750028,59.7144294604779,59.7175874377805,59.6946629679741
1.61441093745138,288.91599245614,770.386415487127,0,660.859267279023,511.452098862359,671.092450545206,541.816191511742,553.257300665596,823.458869580619,1315.68451918193,197.343609724969,148.28373245949,0,54.7134250125567,138.92892768268,233.18929074936,200.822604053496,20.5372964305708,54.144654929855,230.871373486441,1.02527014076017,1.01199784352676,0.981709677240819,0.943775037050511,0.941209587758084,0.941071867086125,0.937093718305796,0.939129326237962,1.01360432300923,0.941655615391709,0.940634102055495,0.923763552424223,0.942387193855028,0.947299336107557,0.958033379923267,0.977640480277842,0.982355033167255,0.980710350721862,0.979181438619652,0.976616394685962,0.984655920929448,1.01100703592396,1.00986877354142,0.985855349609051,1.01959786076592,1.0087599506386,0.990416565523023,1.01091426794487,1.0128322834485,1.0449426392517,0.957418232899068,0.94165561539171,0.987150308529682,1.00195423366389,1.03887629899111,1.05464876807837,1.01974126932434,1.01976407468754,1.02838093232483,59.7183818562154,59.7156177773783,59.9999931528418,59.7080846049025,59.7120469241053,59.7423208468593,59.737237143857,59.7051311805742,59.719752113625,59.6840646270638
1.62948802621125,289.835695949223,770.054241128464,0,660.218222725781,511.681183914448,673.409002455183,543.183309818294,552.755299167737,824.432098930055,1309.80715762931,197.67942787239,148.228715361896,0,54.9857303370255,138.967741966788,233.518486389053,201.345979641849,20.691504844735,54.3720955687881,231.420581325052,1.02518882035809,1.01189227361976,0.981568143318357,0.943631982111754,0.941081338948678,0.940942771689571,0.936975103269986,0.939016506384778,1.01357188559453,0.941512608222766,0.940495881624518,0.923623262483775,0.942239210980521,0.947137168581349,0.957823262932972,0.977420236955798,0.982160852186299,0.980533912999468,0.979040733193868,0.97648064247422,0.984386165869233,1.01072837211027,1.00959981609655,0.985615026456544,1.01954654270565,1.00860908394215,0.990247808222706,1.01072909096006,1.01264676331475,1.04488883218862,0.957289896410683,0.941512608222766,0.987053060297507,1.00182582108604,1.03861831614173,1.05447579867476,1.01973595164571,1.01960100271069,1.02837396832621,59.7077753176834,59.6898707665455,59.9999931528418,59.7059965964234,59.715566547404,59.7360277137303,59.7311869669916,59.6981584908473,59.7213196043982,59.675921844694
1.64963637234269,290.444214547968,767.813616624622,0,659.848701895334,512.611314894726,676.376664419881,544.988885723191,552.157748669518,826.498651066376,1302.2956305379,198.198419716723,148.594759083233,0,55.487076106245,138.764481261762,234.023888391084,202.066068773341,20.9006983710337,54.6349899010921,232.012127817072,1.02506537904711,1.01170813115861,0.981365431535915,0.943529660402506,0.941075495365391,0.940952372304103,0.936980264687733,0.939020622945872,1.01359340988014,0.941455049502609,0.94046038579385,0.923566797416403,0.942159167686103,0.946997275848128,0.957516364286133,0.977062003966093,0.98183905932745,0.980253376391,0.978723206334714,0.976128943660083,0.983971249996369,1.01031037881635,1.00919324899844,0.985232069618632,1.01945302083561,1.00828986228131,0.989928900957843,1.01027619877928,1.01217489626922,1.0447920677824,0.957522538155248,0.941455049502609,0.986809906272492,1.00143682399324,1.03823902274486,1.05420421787979,1.01970256409641,1.01914208758815,1.02837146123806,59.6933654121026,59.6561409363947,59.9999931528418,59.7035080739806,59.7199995873252,59.7265921199056,59.7222395146808,59.6892399445539,59.7229015858942,59.6652468254663
1.66978471847414,290.331544993937,763.616218165653,0,660.088393314676,514.220955357756,679.100952822478,546.711421840796,551.696982774156,829.377070333847,1295.21522830435,198.800852883631,149.443727648217,0,56.1439192890466,138.279364834626,234.600106285888,202.79480266457,21.1139651900879,54.8536265789911,232.455420379269,1.02492435890888,1.0114727315614,0.981143538726911,0.943518794542524,0.941243974822404,0.941154120668894,0.937158065764999,0.939188055865911,1.01368314370279,0.941537182502512,0.94058148696221,0.92364736983775,0.942201748284995,0.946935999446438,0.957178027132559,0.976632111995812,0.981446425862481,0.979920540154852,0.978258409301976,0.975584990245525,0.983499046191883,1.00984699595065,1.00873915597558,0.984781086482075,1.0193286636798,1.0078383574707,0.989504598864063,1.00959524846103,1.01145486879967,1.0446656702372,0.958186877059225,0.941537182502512,0.986437344006964,1.00080365387959,1.03782754663316,1.05389076879559,1.01963558804563,1.01841667026559,1.02837569683988,59.6789130784715,59.6240662744926,59.9999931528418,59.7010923120215,59.7237664173398,59.7160600208445,59.7123366122345,59.6807175767082,59.7235718063129,59.6547973184989
1.68993306460558,289.514875250106,757.638648964707,0,660.961821007212,516.449556939178,681.479814854427,548.283727873015,551.419010640943,832.960994548624,1288.57346261385,199.496688256482,150.728021148849,0,56.9500123818384,137.531561545141,235.24540241499,203.519241381026,21.3366197698203,55.0403250154195,232.800814460037,1.0247614473895,1.01118050209741,0.980892768411395,0.943577451659317,0.941556150518865,0.94151536342143,0.93747871021779,0.939490324445089,1.013827692861,0.941731732939307,0.940830151339951,0.923838223688946,0.942341494947213,0.946932687135902,0.956800769724736,0.976128410576816,0.980979553744462,0.979529604656975,0.977646776579011,0.974851933015272,0.982971402508656,1.0093423437403,1.00824129568247,0.984261258906809,1.01916696304038,1.00725572588935,0.988974067502484,1.0086960824572,1.01049859083466,1.04450547655307,0.959223849100822,0.941731732939306,0.985935361171124,0.999932644248827,1.0373890289941,1.05353776210286,1.01952888131034,1.01743915834796,1.02838374449217,59.6646769336304,59.5945889761398,59.9999931528418,59.6984196222323,59.7264849364237,59.704560067475,59.7015475603419,59.6724933203315,59.7229932708705,59.6445602654215
1.71594307986319,287.526805825606,747.732567639818,0,662.985907908701,520.105038560004,683.915344397881,549.995713288824,551.373110374213,838.407318509431,1280.59088296115,200.540440402016,152.898424741425,0,58.1936236322541,136.221139904074,236.172108458137,204.42877435759,21.6458425932081,55.2521989750707,233.171340860014,1.02451621292267,1.01071657814024,0.980513521751652,0.943715003027778,0.942110582313799,0.942151827514906,0.938044463725386,0.940023467071576,1.01407112854931,0.942095845513262,0.941282474994663,0.924195417890893,0.942616441137728,0.946975788879486,0.956245662461379,0.975369124463836,0.980266309364406,0.978933808130311,0.976646137197257,0.97363860267021,0.982213676110329,1.00863800859448,1.00754183622387,0.983490374912993,1.01889653231755,1.00632170045981,0.988138512843568,1.00724500174593,1.00895172482093,1.04424691348792,0.960986501891026,0.942095845513261,0.985099218340207,0.998476741868597,1.03679157738555,1.05302953727841,1.01932669136867,1.0158464990474,1.02839585245725,59.6470259628022,59.5617532773847,59.9999931528418,59.6940345463627,59.7278784082693,59.6885749609662,59.6864951499555,59.6621094385998,59.7199315243445,59.6316379327572
1.7419530951208,284.661117830822,735.945833354427,0,665.881811004913,524.449557242537,685.54156760168,551.25903830188,551.67787986194,844.478185170331,1273.14293565449,201.757713085838,155.492278110329,0,59.6341960930653,134.580760497305,237.195854872548,205.293601324233,21.9936978301499,55.4571669819362,233.580321989786,1.02422721976371,1.01015180437352,0.980052921407991,0.943860388167211,0.942742579361024,0.942879772498215,0.938690110084835,0.940630736600517,1.01433901857504,0.942506528287153,0.941795756679891,0.924598297428,0.942923597492246,0.947014497248571,0.955597688824144,0.97448646559065,0.979427102056519,0.978227606755056,0.975420388802006,0.972146773160933,0.981373921580369,1.00788087051563,1.00678536559291,0.982608249253787,1.01854778194676,1.00520056759832,0.987142575004732,1.00551405636374,1.00710690305815,1.04392682013866,0.963033822995582,0.942506528287153,0.984059977398663,0.996680929681086,1.03616557391181,1.05246822987565,1.01904586903193,1.01394288403034,1.02840319123133,59.630589943239,59.536035090999,59.9999931528418,59.688030590651,59.7263654165551,59.6716922530459,59.67044958698,59.6517394670972,59.7138729727109,59.619025354489
1.76796311037841,281.189246804024,723.10703241216,0,669.414769383229,529.252728370186,686.322183473046,552.005718730772,552.289992787801,850.821431406212,1266.02251132015,203.143162779129,158.30383302931,0,61.2228413809329,132.686487181979,238.297809711183,206.100564999458,22.3899859255857,55.6824452578669,234.1435545195,1.02389282249197,1.00949154272787,0.97949967866152,0.943954427096882,0.943358116247451,0.943597382344729,0.939323400339862,0.941224410359744,1.01459279113012,0.942883673058411,0.942282881228962,0.924968276206035,0.94318996738762,0.946994218015721,0.954848120926311,0.973488579943368,0.978470036598196,0.977412100214121,0.973995769998628,0.970414312744556,0.980461762494757,1.00708066500275,1.00598216726963,0.981623817593024,1.01811778755222,1.00392483249095,0.986008089354908,1.00357249845384,1.00504144515118,1.04354721146888,0.965161283996482,0.942883673058409,0.982838522901443,0.99459651267641,1.03551867920676,1.05186274420148,1.01868681495084,1.01181394021613,1.02839979558826,59.6157157639597,59.5183963089435,59.9999931528418,59.6798931643115,59.7215070506474,59.6543820887239,59.6537744468816,59.6411208680894,59.7045547760562,59.6067058179127
1.79397312563601,277.425017335615,710.138371221063,0,673.28323762204,534.277987856125,686.29884903713,552.211343053751,553.124511069041,857.091379082055,1258.98669349462,204.67073971497,161.139248330561,0,62.8975980160696,130.619620709784,239.447947219421,206.838629287061,22.8360018949972,55.945334508092,234.946187390389,1.02351716848555,1.00875278712925,0.978855885528093,0.943951544893979,0.943876018876328,0.94421578595839,0.939864111018185,0.941728405655081,1.01479978801361,0.943160808357028,0.942670171373261,0.925240145755636,0.943356351780068,0.946874457152317,0.954002229605259,0.972396916063407,0.977417099414871,0.976502222457502,0.972415898828968,0.968497613110949,0.979495756415947,1.00625288136302,1.00514869140131,0.980558047703183,1.01761402111677,1.002542426379,0.984771641926614,1.00150740967673,1.00285067374326,1.04311760693398,0.967178139769143,0.943160808357027,0.981471627625832,0.992294601117074,1.03486163641797,1.05122731109884,1.0182592894327,1.00956255773578,1.02838164809781,59.6026132067245,59.5092309945478,59.9999931528418,59.6692921418686,59.7130413798781,59.637114612813,59.6368673148216,59.6300423124272,59.6919132797297,59.5946713651136
1.82619667217106,272.877010309134,695.380346561091,0,678.028964568943,540.461267340465,685.34113245857,551.758671756219,554.292894729889,864.277674148178,1250.00438643447,206.682070122791,164.425034594822,0,64.9817127377791,127.949973906369,240.874958879056,207.643118273688,23.4419763862356,56.329713703102,236.328116207385,1.02301117499895,1.00777468502304,0.97796216927472,0.943778155139799,0.944296680149833,0.944748437152423,0.9403198323817,0.942147605815097,1.01495879033264,0.943301526770198,0.942937345333318,0.925378190429089,0.943370185492541,0.946560809881727,0.952856870505607,0.970972064365554,0.976038632484625,0.975292775218186,0.970340867904656,0.965985876839917,0.978269826912636,1.00522430748301,1.00411122687874,0.979179507216798,1.01691810265882,1.00077955203422,0.983179205274791,0.998935156811034,1.00013212873394,1.04254331513783,0.969288517004917,0.943301526770197,0.97966189133961,0.989283335479361,1.03405711281147,1.05043001914624,1.01766595140367,1.00678194141413,1.02833700224217,59.5888982658941,59.5091761776419,59.9999931528418,59.6526081233218,59.6974482642851,59.6164303918868,59.6162102243652,59.6154904034245,59.6718683177848,59.5801615977254
1.8584202187061,268.997531990708,683.586241672358,0,682.18620001757,546.250061364073,683.66457994884,550.654491057076,555.407959920943,870.390243583671,1240.36730636224,208.703607694187,167.235578372621,0,66.9489502773238,125.304699490758,242.218645933233,208.312130468235,24.0707183711019,56.7639283275784,238.112815279453,1.02248847375762,1.00679578008432,0.977021497986152,0.943419612562766,0.944429577500583,0.944970657744004,0.940493116521293,0.942297649860419,1.01499584931925,0.94319582650371,0.942937467338272,0.925274498535527,0.94315853934413,0.946075779759378,0.951673019329809,0.969554885634565,0.974667425047678,0.974071277255829,0.968271403014884,0.963481700455259,0.977079043519788,1.0042433153461,1.00312154113333,0.977818938427811,1.01619551294124,0.999087966837464,0.981630091522213,0.996534804825508,0.997607127251403,1.04196472281546,0.970798797435134,0.943195826503709,0.977845112552288,0.986281760868872,1.03329754685701,1.04966599994114,1.01705195841849,1.00421554010109,1.02827085317167,59.577745626426,59.5199847279143,59.9999931528418,59.6322692556727,59.6764039631419,59.597084589068,59.5964695407575,59.5999922701317,59.6475283449253,59.5661156837209
1.89064376524115,266.289762263625,676.133919837466,0,685.27175914168,551.317223563645,681.674384544789,549.117659989652,556.274242100574,875.078911176411,1229.80111192103,210.586050043318,169.391684463205,0,68.6690329747522,122.843770602894,243.383804979999,208.836319137295,24.6702547193761,57.2157542808898,240.202638642889,1.02198556363857,1.00589919195935,0.976114649568608,0.942911159859882,0.944270836335649,0.944871637052309,0.940376383679664,0.942172749883064,1.01491367606935,0.942858849673967,0.942677399346613,0.92494392448212,0.942744743234266,0.945463395350828,0.950544125928276,0.968254140722057,0.973413024100026,0.972937433370331,0.966372028627937,0.961176259419199,0.976005462371103,1.00337108676437,1.00224303999196,0.976577682649526,1.01551494322237,0.99761136002354,0.980253100983416,0.99450664520733,0.995485819450095,1.04143352518772,0.971601115366992,0.942858849673966,0.976170898097143,0.983511308958046,1.03262484843921,1.04898791022374,1.01647955952311,1.0020769686095,1.02819005707381,59.5686222034158,59.5387413829421,59.9999931528418,59.6089881567936,59.6504300906286,59.5794547971345,59.5781493263706,59.5837006680276,59.6197734091634,59.5525719311527
1.9228673117762,265.088547952011,673.878153230919,0,686.978846215866,555.397977153179,679.782276349573,547.415467907953,556.758576134866,878.12870381433,1218.21959401717,212.193206219486,170.769674374019,0,70.0372229158398,120.726089877394,244.293204567682,209.217469971286,25.1878340121456,57.6510186444339,242.47201627333,1.02153714664024,1.00516031259809,0.97532000758456,0.942302716080532,0.943844326614376,0.944471113834815,0.939989376631399,0.941792869988901,1.01472481974423,0.942328076106784,0.942188968362874,0.924423235953648,0.942171826191061,0.944780654133718,0.949561263271259,0.967171570293616,0.972376932022126,0.971984788135321,0.964799174596555,0.959253138089784,0.9751243203098,1.00266288504815,1.00153261636269,0.975549850608107,1.01494245197541,0.996476078206683,0.979163735194011,0.993019671716753,0.993944208806407,1.04099739249207,0.971655437600571,0.942328076106784,0.974783114131085,0.981186297471947,1.03207739404669,1.04844324832616,1.01600675497632,1.00054336889611,1.02810232858553,59.5607527158048,59.5616304096907,59.9999931528418,59.5838125029428,59.6203293580854,59.563634342217,59.5615283121401,59.5669322101797,59.5896895760057,59.5395773230022
1.96375985075521,265.905471197316,678.750243712402,0,687.045784448197,558.82773965946,678.085462574006,545.465324732252,556.766785900182,879.509596503544,1202.33526924454,213.689856602916,171.281426184061,0,71.1654547833019,118.777505108705,245.01482917367,209.524836900993,25.6617347024241,58.1457394399539,245.426157329472,1.02108719067558,1.00453091477799,0.974562776672525,0.941459237562574,0.942972740948384,0.943581844312363,0.93915895973391,0.940992135385707,1.01435470747475,0.941441167781471,0.941302009634956,0.923553179456723,0.941285261609475,0.943892329467919,0.9486300359362,0.966227266291389,0.971489874948521,0.971141769763736,0.963464416236455,0.957596976494642,0.974364645232503,1.00205784343847,1.00093179202938,0.974657874385401,1.01444817372928,0.99566224139909,0.978321178319757,0.992086698940991,0.993003672457127,1.04063332529206,0.970663626803944,0.941441167781471,0.973611799158199,0.979159510332569,1.03160334434721,1.04799474445694,1.01561428115004,0.999650057781447,1.02799068041516,59.5510843942463,59.5896917490038,59.9999931528418,59.5511207707461,59.577905394834,59.545830311408,59.5428722893748,59.5456278403564,59.5501277783502,59.523949089867
1.99578447665618,268.253216343346,688.039446490027,0,685.608821788524,559.99091289542,677.579114754504,544.374958826268,556.361400372499,878.68036810094,1189.41385007381,214.399901062128,170.674697887216,0,71.5518856344124,117.978152766446,245.242602149886,209.663304879336,25.8662958439349,58.4871685832211,247.712869564456,1.02084195820052,1.00430051611897,0.974192811489681,0.940773264044979,0.942064449803309,0.942621019639916,0.938273802061427,0.940144890294355,1.0139736727117,0.940612451513223,0.940431444631504,0.92274020933073,0.940498630545032,0.943211277935599,0.948181146640494,0.965859182977491,0.971163208939295,0.970798568745453,0.963010474352847,0.95701390576338,0.974071327888082,1.00182619459583,1.0007088671226,0.974312613682223,1.01426739078336,0.995552023796832,0.978118813590414,0.992146169499386,0.993106677777982,1.04051139448727,0.969098546845503,0.940612451513223,0.973225505868591,0.978425006336908,1.03141347674564,1.04784582075921,1.01548738494091,0.99981934126072,1.02790615027089,59.542742010975,59.6062872385512,59.9999931528418,59.526268864574,59.542741424645,59.5332031091752,59.5298906310162,59.5293674358626,59.51944115665,59.5124173034089
2.02780910255715,271.781540533198,700.963107423777,0,683.208551134383,559.717288745082,677.937749836707,543.879435379833,555.747270626514,876.31170927232,1176.7628531766,214.722487941501,169.21396419728,0,71.5267420104872,117.92494800974,245.212946963922,209.75727784371,25.9213429087403,58.8061245078303,249.902325589409,1.02069327950267,1.00429096241337,0.974015356486357,0.940085948079142,0.940998956430845,0.941473126407844,0.937222978954408,0.939142518915756,1.01352655537846,0.93969839515306,0.939442834656634,0.921843520629769,0.939659390263126,0.942561543244031,0.947976050638454,0.965810170561968,0.97115066988504,0.970726361363075,0.963086287622535,0.957087022882558,0.974030827089898,1.0017940781281,1.00068942953767,0.974268256916331,1.01426561712938,0.995885615674011,0.978303263313172,0.992866572241784,0.993911922893007,1.04052862403671,0.966936195096933,0.93969839515306,0.973316618522316,0.978490385946714,1.0313733947884,1.04786578857046,1.01551244588192,1.0007169624642,1.0278257779005,59.5328339696131,59.6142474213789,59.9999931528418,59.5031922013025,59.5073515024864,59.5211275929814,59.5178437030021,59.5138150809583,59.4903323051588,59.501513170108
2.05014509693138,274.727422542699,711.394908313972,0,681.183179091057,558.667848206546,678.706550494234,543.944123451965,555.292731117579,873.85883848947,1168.49820004495,214.744869494039,167.742326449394,0,71.294786549408,118.351332195375,245.068836577616,209.816836545509,25.8768913708872,59.0278471505182,251.333535676622,1.02064445345511,1.00440029913514,0.973994785649409,0.93961518995246,0.940188776145363,0.94059104828975,0.936418363867976,0.938376431668877,1.01318549561295,0.939028973323717,0.938705443185777,0.921186818246675,0.939058154721514,0.942133669597256,0.947964758251788,0.965946749352297,0.971309002392921,0.970820262895984,0.963432041638281,0.957509288181898,0.974135628164532,1.00187552544997,1.00078145467799,0.974397392581898,1.01436027454131,0.996351353165286,0.978635822690269,0.993715058184979,0.994841429375785,1.04061476205098,0.965144829756259,0.939028973323717,0.973644454771227,0.978996624199752,1.03142394227172,1.0479685039941,1.01560869597306,1.00172580380777,1.02777292567449,59.5246992957842,59.6134260952272,59.9999931528418,59.4884935378114,59.4832165285376,59.5127346685898,59.5097028699121,59.5034588940726,59.471492860472,59.494266202113
2.07248109130561,277.86595577234,722.294958380005,0,679.076796119251,556.939248890137,679.87334729841,544.365614807564,554.905935634515,870.879124739062,1161.06606451301,214.625407891775,165.979895727442,0,70.9191550086268,119.152134956503,244.848572517469,209.88360053452,25.7705295752283,59.2571538933338,252.633889182338,1.02063884477943,1.00459064180048,0.97405025560099,0.939167249998397,0.939358783685814,0.939681227227921,0.935590403008883,0.937589060108133,1.01283523726059,0.938360037472218,0.937959399292485,0.92053059260711,0.938466579285552,0.941739232687595,0.948050589287722,0.96620481665146,0.971585277271319,0.971017033535983,0.96398937642009,0.95820584418634,0.974333844812048,1.00202937009803,1.00094669561852,0.974639820412921,1.01452351755796,0.996975476917257,0.979108720831307,0.994795385973735,0.996017209940389,1.0407537176444,0.963211145378539,0.938360037472219,0.974163435343705,0.979848968099236,1.0315300828015,1.0481334362628,1.01575868137392,1.00299141116737,1.02772440950634,59.5154063531251,59.6067649201981,59.9999931528418,59.4750889978434,59.460087284669,59.504125586097,59.5015090628851,59.4934947822593,59.4542270086512,59.4872885937
2.0884692676309,280.137335039008,730.08276513773,0,677.611913069792,555.30991803113,680.929804713524,544.883688431463,554.708789278994,868.492162975725,1156.42808637678,214.463109238936,164.589344214134,0,70.5784503719159,119.941443010646,244.654534469845,209.938826632698,25.6593403499289,59.4274571490879,253.45194177558,1.02066098975755,1.004770425825,0.974133762441321,0.938871124834426,0.938773479859796,0.939036044122269,0.935004501107438,0.937032473079869,1.01258816775267,0.937897940554691,0.937438629142384,0.92007727582872,0.938063357078533,0.941486304993934,0.948167473130515,0.96645547953688,0.971846620866129,0.971214307391681,0.964502182635299,0.958854172671893,0.974526167582445,1.00217856082597,1.00110426257221,0.974874676822417,1.01467797520281,0.997502936975646,0.979520173187886,0.995683942140305,0.996980972309568,1.0408820702865,0.961790132375661,0.937897940554691,0.974637907816297,0.980650067178512,1.03163661490591,1.04828499593779,1.01589427555229,1.00402470519232,1.02769364712646,59.5080164031194,59.5983307829933,59.9999931528418,59.4662945687142,59.4443782242163,59.4977343578584,59.4954922774587,59.4865696700723,59.4429632021131,59.4824426333168
2.10093969636071,281.873945766948,735.990195335927,0,676.541044222365,553.831848840708,681.86640187809,545.407146958358,554.619101143041,866.525661057862,1153.29513823585,214.296569479321,163.460589261938,0,70.2799579771283,120.671006483491,244.48688919528,209.986491307874,25.5537417110233,59.5636743405004,254.0043173151,1.02069346649432,1.00493301203444,0.974223494937698,0.938661409460201,0.938335143826782,0.938550668619251,0.934564528818601,0.93661490957427,1.01240344064999,0.937557711818238,0.9370518465587,0.919743511657358,0.937769848617091,0.941312217115353,0.948289283428775,0.966685011637298,0.972083033821942,0.971397842202417,0.964959069819315,0.959435403133588,0.974702238397842,1.00231522879719,1.00124743829127,0.975089477396251,1.01481819506995,0.997952212926998,0.979876468383363,0.996428612894272,0.997787059643561,1.04099732483351,0.960691162647923,0.937557711818238,0.975059534394561,0.981371997209034,1.03173596577845,1.04842045000861,1.0160142487139,1.00488713740961,1.0276728392126,59.5018262685683,59.5896556836329,59.9999931528418,59.45987981582,59.4327287647709,59.4925712094478,59.4906504162814,59.4812602213077,59.4348649924024,59.478737809122
2.11620324687911,283.908060606132,742.866143441543,0,675.360870622687,551.803947690109,683.127127932862,546.178844035382,554.600923343073,864.04375915991,1150.13039758781,214.048704057113,162.063020150759,0,69.8849043847091,121.683260033534,244.266370903288,210.049185527647,25.4034406857173,59.7328006234248,254.553385104268,1.02075169419656,1.00515616861442,0.974362683404884,0.938439048925717,0.937836097878077,0.937995078756998,0.934062060675436,0.936138613478528,1.01219400561337,0.93717826798301,0.936615858132415,0.919371277499307,0.937447158570859,0.941134783692847,0.948474223396556,0.967002670504353,0.972407284713547,0.971655334683572,0.965576233178936,0.960223971063207,0.974946152953316,1.00250492348906,1.00144490811695,0.975386572966979,1.01501161985543,0.99853790661462,0.980347724015485,0.997385042482359,0.998820501640535,1.04115505207684,0.959393132843326,0.93717826798301,0.975628183786235,0.982355118175706,1.03187600730867,1.04860495683869,1.01617626143291,1.00599087806029,1.02765231683792,59.4937602813665,59.5766423678415,59.9999931528418,59.4525145601868,59.4192971561616,59.4859975339636,59.4844856520393,59.4748310327814,59.4258100096898,59.4742779221058
2.13146679739751,285.797629858957,749.219907339366,0,674.363494243001,549.570480255773,684.493807948906,547.080735647465,554.694985837673,861.534180492466,1147.78741145807,213.751739732647,160.680381465527,0,69.4646204995497,122.804402402936,244.030438249757,210.113293902352,25.2296736733826,59.8975280666345,254.92950956977,1.02083174583991,1.00540563773413,0.974536976698168,0.938266832078929,0.937397774762279,0.937502897553321,0.93361859841348,0.935719118938199,1.01201194501571,0.936856094815934,0.93623905496077,0.919055225835448,0.937179820301589,0.941008008248819,0.948700875604314,0.967359555196641,0.972768691293935,0.971949207627912,0.96624945184411,0.961086356204967,0.975221052999562,1.00271956433291,1.00166697655572,0.97572039196902,1.01522936588134,0.999156203632984,0.980853291961209,0.998376873397107,0.999889806241437,1.04133136904242,0.95818816147284,0.936856094815934,0.976247717843401,0.983432856343918,1.03203703886209,1.04880978542091,1.01635496146884,1.00713039147762,1.02763890034556,59.4851869772231,59.5611508819989,59.9999931528418,59.4456242138862,59.4068663663417,59.4791101332313,59.4780047149182,59.4684326045602,59.4177168735501,59.4698839779762
2.14673034791592,287.494992248705,754.898987643686,0,673.578144554686,547.16643552374,685.93674953931,548.090267891816,554.905337163842,859.045581693402,1146.34954557127,213.416710438584,159.371760869442,0,69.0322169309053,124.018641815185,243.786836956594,210.178781092239,25.0388708268963,60.0672133381634,255.124746463826,1.02093166624766,1.00567494200675,0.974741530495699,0.938147825265389,0.937029340817213,0.937084501489648,0.933243496381085,0.935365266939726,1.01186106601386,0.936597648701506,0.935929149853922,0.918801690357996,0.936973033477264,0.940933884562771,0.948963239566808,0.967746765532939,0.973158122703626,0.972271858771695,0.966962399179033,0.962001500888186,0.9755202591223,1.00295419749422,1.00190850242245,0.976082658584713,1.01546548808955,0.999791788061027,0.981380561521085,0.99938062804881,1.00097000276014,1.04152156536888,0.957102827323461,0.936597648701506,0.976903803918854,0.984578938254076,1.03221570780655,1.04903054305512,1.01654576655456,1.00827989072671,1.02763278824486,59.4761529654093,59.5434078714588,59.9999931528418,59.4391294976561,59.3955216555448,59.4718793558086,59.4711561703655,59.4620112326076,59.4105895746658,59.4655361822848
2.16199389843432,288.965762056408,759.803440233409,0,673.03291963006,544.645876486657,687.433862307484,549.186552201708,555.234881244155,856.647575306662,1145.89068552769,213.035322669111,158.161308313754,0,68.5918653008558,125.290856802167,243.532353653817,210.237754848334,24.8277087801456,60.224130193575,255.091311021185,1.02105488002479,1.00596767318224,0.974984031650403,0.938100647036079,0.936757302779058,0.936768210717875,0.93296284825591,0.935102096756696,1.01175379098302,0.936426353419894,0.935711138257365,0.918633649797009,0.936848631069486,0.940930168794509,0.949268837218293,0.968167795785925,0.973579052125177,0.972628326580552,0.967710912706035,0.962960995133227,0.975847799817725,1.00321290061334,1.00217345726696,0.976477106815968,1.01572395877441,1.00044206334318,0.981929567660444,1.00038580424289,1.00204870219023,1.04172877380373,0.956189173491374,0.936426353419894,0.97759243209767,0.985780094867779,1.03241578947852,1.04926981939231,1.01675182834865,1.00942459329409,1.02763652996297,59.466716096541,59.5236882276145,59.9999931528418,59.4329396064887,59.3853284549081,59.4642840751034,59.4638981321913,59.4555115468386,59.4044121570385,59.4612129397752
2.17725744895273,290.176399389251,763.832059442629,0,672.739580088918,542.058098313887,688.956214531828,550.342368465679,555.677394771792,854.395814786193,1146.47162825267,212.61152734129,157.092979268349,0,68.1521775411479,126.595963274782,243.2700481508,210.286270412269,24.5997019299966,60.3676474050539,254.812201884977,1.02120111577077,1.00628123754342,0.975263994571986,0.938132469195946,0.936594515201159,0.936568093349963,0.932789465084464,0.934941811027859,1.01169574804893,0.936352677831149,0.935596645018611,0.918561374091899,0.936815918700908,0.94100318660829,0.949616460986554,0.968618542083207,0.974027183535089,0.973015702783317,0.968483438635684,0.963948293691878,0.976201307690209,1.0034944651752,1.00246049670349,0.976900175272743,1.01600244975951,1.00109692279036,0.982492745714548,1.00137463905085,1.00310656351974,1.04195121678591,0.955477520551885,0.936352677831149,0.978303334984635,0.987014171140863,1.03263691435968,1.04952613490008,1.01697175905213,1.01054375187838,1.02765091727605,59.4569433583413,59.5023045675234,59.9999931528418,59.4269556480471,59.3763286415743,59.4563115771985,59.4561992934317,59.4488789317484,59.3991473632492,59.4568911127992
2.18906333012612,290.920196006322,766.30074228908,0,672.687386698153,540.043738319617,690.133962508563,551.259767793122,556.090287463487,852.789221067069,1147.66322645782,212.254869571761,156.385195343193,0,67.8163707107333,127.610471360994,243.062328217267,210.313225941287,24.4131119690527,60.4662306917571,254.415765893884,1.02133025302719,1.00653753015785,0.975507065985197,0.938216523910195,0.936552011777822,0.936502178015895,0.932737313677403,0.934896401591174,1.01168835410361,0.936369813792591,0.935586905590362,0.918578184459046,0.936860015355548,0.941117119848501,0.949914712633298,0.968986426007971,0.974391207793602,0.973336044247714,0.969091933847252,0.964722524680682,0.97649231265666,1.00372823061939,1.0026978983122,0.977246200893231,1.01623113481834,1.00160201900904,0.982934953882508,1.00211936116186,1.00390064692868,1.04213338767593,0.955084397891948,0.936369813792591,0.978863531987057,0.987979407672452,1.03282297497277,1.04973599582475,1.01715138809669,1.01138104374217,1.0276699489233,59.4491991679542,59.484832777074,59.9999931528418,59.4224066303073,59.3701992846122,59.449883736631,59.4499296921956,59.4436265592422,59.3956682549489,59.4535345322768
2.20086921129951,291.48685559781,768.174185365829,0,672.783910290817,538.048970670662,691.297047861683,552.181559982519,556.556229606906,851.329636432935,1149.52057275363,211.873200291125,155.795442314106,0,67.4867956460488,128.613182587723,242.850751513654,210.327824073852,24.2187085476786,60.5503665174377,253.853550095545,1.02147351475908,1.00680552781146,0.97577392068181,0.938356209875805,0.936588321850985,0.936520350669102,0.932762630943066,0.934925225352898,1.01171629023783,0.936456744340587,0.935651516809505,0.918663463271908,0.936969321979532,0.9412846509003,0.950239012018594,0.969370298215189,0.974769519853933,0.973674131473668,0.969705765836175,0.965499296801813,0.976798615984895,1.00397634497405,1.00294908403829,0.977608083249149,1.01647114322243,1.00210243822704,0.983380595721121,1.00283967735585,1.00466604657098,1.04232426019607,0.954841985578025,0.936456744340587,0.979428915246361,0.988944487536468,1.03302275162259,1.04995604902282,1.01733951771891,1.01218515313515,1.02769628693516,59.4413353258078,59.466742572153,59.9999931528418,59.4178731465535,59.3647950770137,59.4432299761582,59.4433806854732,59.4382434054616,59.3926687829771,59.4501526093403
2.21267509247291,291.871404056652,769.431691293166,0,673.02093801374,536.099060047181,692.431769799775,553.09281244812,557.064923980179,850.03816373668,1152.05286537609,211.468532310852,155.336320558027,0,67.1665966307222,129.593469195658,242.636163912478,210.327971152384,24.0188111186321,60.6202847732761,253.124997781552,1.02163029046794,1.00708388407354,0.976063637139583,0.938552523184861,0.936705825905038,0.936625289824624,0.932867786178443,0.935030503318733,1.01178037016166,0.936615268991418,0.935792562156221,0.918818975851701,0.937145351726569,0.941506552782172,0.950588199604062,0.969768209452678,0.975160039149974,0.974028311616306,0.970319964738895,0.966271252705975,0.977119177842755,1.00423836406236,1.00321356577567,0.977984165129552,1.01672106694402,1.00259398492666,0.983826409042748,1.00352862402971,1.00539522823988,1.04252280758117,0.954757158369741,0.936615268991418,0.97999504489801,0.989899354148136,1.03323617643336,1.05018576667632,1.01753547487829,1.01294804004192,1.02772992053393,59.4333900713152,59.4482121053111,59.9999931528418,59.4133102686709,59.3601055038364,59.436356003094,59.4365536516511,59.4327120442119,59.3901090111105,59.4467334605274
2.2244809736463,292.072677912026,770.063109878145,0,673.387096847582,534.221020847844,693.525305881017,553.978802326504,557.604968615613,848.935956729587,1155.2630262178,211.041424532084,155.015014351023,0,66.8574054558131,130.538008349948,242.418672547707,210.310972893168,23.8147560466005,60.6731257084416,252.228362037982,1.02180034523318,1.0073721796558,0.976376150497291,0.938806859011869,0.936906955213722,0.936819665386017,0.933055163029105,0.935214484624451,1.01188148208395,0.936847407999867,0.936012272155878,0.919046704068895,0.937389911679328,0.94178407948952,0.95096207101147,0.97017933615961,0.97556183670645,0.974397981630518,0.970931250109206,0.967033128637258,0.97745388590976,1.0045145922917,1.00349162612207,0.978373867201603,1.01698042744726,1.00307405604589,0.984270524217806,1.00418128483645,1.00608275220634,1.042728794252,0.954835944386071,0.936847407999867,0.980558927853678,0.990836460943182,1.03346372945584,1.05042522808932,1.01773934336095,1.01366368321608,1.02777092163661,59.4254022851931,59.4294242329333,59.9999931528418,59.4086761094739,59.356111177858,59.4292709405599,59.4294549895415,59.4270190080758,59.3879434498567,59.4432650952754
2.23376758376494,292.102836865955,770.117128664196,0,673.756527077354,532.811253760021,694.348625772358,554.64870886034,558.043858822695,848.213888248914,1158.2629175975,210.690355510489,154.862095456544,0,66.6224693770819,131.24748178163,242.245950800792,210.284060483259,23.6522635809296,60.7009605182362,251.405913592564,1.02194313159502,1.00760555294309,0.976637674617395,0.939047869455191,0.937124449483421,0.937036013305162,0.933260831902416,0.9354149620866,1.01198709302882,0.937082124218941,0.936240831785697,0.91927696052869,0.937630753171657,0.9420415938502,0.951273106520051,0.970511382552497,0.97588511708327,0.974699095067663,0.971408164801642,0.967622355322148,0.977726906628064,1.00474191369759,1.00371993933383,0.978689493343486,1.01719065878462,1.0034420936726,0.984617509329027,1.00466644594838,1.00659128524448,1.04289581236074,0.955014761746871,0.937082124218941,0.980999202984211,0.991556842209024,1.03365281495923,1.05062038981706,1.01790525862497,1.01419009446146,1.02780828354116,59.4191135432852,59.4145806787183,59.9999931528418,59.404956715228,59.3534402314715,59.4235569943591,59.4236870615223,59.4224212017638,59.3864854497983,59.4404947334455
2.24550749034605,291.982694916659,769.629093644266,0,674.310238808293,531.135713263247,695.331744700794,555.448471806868,558.603963208896,847.496379919822,1162.64550776322,210.229653739616,154.797243910901,0,66.3375310264376,132.093209241678,242.026221369813,210.231336466085,23.4464687808967,60.7185562510816,250.224186915547,1.02213413772534,1.00790768759637,0.976986644204203,0.939402772153676,0.937472750016726,0.93738811532773,0.933592931246376,0.935737331459339,1.01215254191411,0.937443139917363,0.93659863527979,0.91963111669641,0.9379949096845,0.942415128420424,0.951686083710813,0.970940356624314,0.976301094145933,0.975091108709722,0.972002722500146,0.968349515697586,0.978083387475309,1.00504149951739,1.00402019949884,0.979098501206955,1.01746294080922,1.00389244424086,0.985050809267903,1.00523991436789,1.00718888908643,1.04311237707558,0.955386983838705,0.937443139917363,0.98154859505642,0.992439502844144,1.03390441477284,1.05087525082526,1.01812142662122,1.0148046852323,1.02786163089945,59.4111904656244,59.3958977364872,59.9999931528418,59.4001320318123,59.350624765648,59.4161696493913,59.4161774064323,59.4164538797804,59.3849033078538,59.4369289305303
2.25724739692716,291.691415935198,768.527642514361,0,674.942550851008,529.600160087537,696.239711204796,556.183018278324,559.156960730059,847.007348180315,1167.67342927735,209.75236342437,154.87558694411,0,66.066911237924,132.872775312074,241.805895647825,210.156317920643,23.2423005646068,60.7158032783811,248.892233787675,1.02233581787835,1.00821652593686,0.977354461392716,0.939811538137562,0.937900300477709,0.937825234648884,0.934002901215059,0.9361340909885,1.01235206532869,0.937873464138854,0.937030767795517,0.920053264479828,0.938423318984741,0.942840057150754,0.952119386224247,0.971377979076774,0.976723465749403,0.975494093416283,0.972585158091834,0.969052732269878,0.978451578785381,1.00535422727336,1.00433295350773,0.97951726763114,1.017741170104,1.00432376712567,0.985476036724955,1.00576548942123,1.00773234045756,1.04333411934557,0.955918707736811,0.937873464138854,0.982087452786442,0.993285145734271,1.0341697960969,1.0511387531219,1.01834419536581,1.01535865383714,1.02792133769667,59.4033304118388,59.3774682069931,59.9999931528418,59.3951463763618,59.3483961623193,59.4086155343467,59.4084425802767,59.4103140945263,59.3835614305576,59.4332818483289
2.26898730350828,291.237488800315,766.82815677524,0,675.631373220794,528.225828966892,697.061058402082,556.838848135704,559.687890905101,846.754879025308,1173.32529281426,209.261474029183,155.094002879563,0,65.8120949075331,133.578016424233,241.585653724415,210.057570723428,23.0421824268497,60.6927955993811,247.421093707419,1.02254690242049,1.00853055456719,0.977738909982085,0.940270791887741,0.93840286819889,0.938342942756901,0.934486562248559,0.936601181317656,1.01258336604417,0.938369194674555,0.937533160819719,0.920539575815753,0.938912246340946,0.943313063857173,0.952570646631213,0.971822189080854,0.977150047381978,0.975905861597121,0.973152205945471,0.969727310909185,0.978830244202851,1.00567941570363,1.00465751937694,0.97994399865803,1.01802366766547,1.00473339222924,0.985890739434167,1.00623965731837,1.00821795816172,1.04356001438604,0.956603243014314,0.938369194674555,0.982612800863271,0.994087418410538,1.03444859673958,1.05141033863551,1.01857275465926,1.01584820283595,1.02798679419807,59.3955686570787,59.3594697370912,59.9999931528418,59.3899789129441,59.3467033286689,59.4009155020173,59.400507087725,59.4040072018466,59.3824003057331,59.429542300499
2.28072721008939,290.631448526636,764.552621151603,0,676.353018234395,527.032068967735,697.784977365166,557.403310544153,560.181908670596,846.743686889095,1179.57341012085,208.760340605051,155.446739805797,0,65.5738216982023,134.201037570575,241.366726338416,209.934146243431,22.8485613395729,60.6496259078205,245.825070483462,1.02276586343374,1.00884807278165,0.978137372812863,0.94077611084915,0.938974699416684,0.938935185834901,0.935038226741148,0.937133091353351,1.01284339239555,0.938925100245391,0.938100321850798,0.921084918822431,0.939456723760178,0.943829843832363,0.95303712756729,0.972270797674989,0.977578532588248,0.97632400090992,0.973701079960128,0.970369349029938,0.979217940632342,1.00601613633806,1.00499297935808,0.980376744736018,1.01830859866985,1.00511895435811,0.986292581540268,1.00665970395343,1.00864296527048,1.04378887989788,0.957430934730589,0.938925100245391,0.983122158491467,0.994841098793458,1.03474019145962,1.05168926930901,1.01880614946165,1.01627054575834,1.02805722263427,59.3879384412005,59.3420745750291,59.9999931528418,59.3846158761874,59.3454882239526,59.3930932668972,59.3923998180022,59.3975439738558,59.3813586631149,59.4256995334147
2.29488789254347,289.716901086983,761.08647061922,0,677.231002809337,525.85623358254,698.514168832618,557.945909971573,560.707640900436,847.051972519535,1187.85200970264,208.147350043898,156.037809332052,0,65.3096395076552,134.834105103826,241.105845498346,209.751438270426,22.6270426842467,60.5716611371883,243.756305599832,1.02303818741847,1.00923322166933,0.978632540335515,0.941439452327265,0.939746679189904,0.939738240180542,0.935784345578023,0.937851483482549,1.01319025389212,0.939666735988479,0.93886116185802,0.921812463010582,0.94017890842916,0.944504182200767,0.953615729172242,0.972814481577835,0.978094489868977,0.97683318256197,0.97433516940528,0.971095344186382,0.979695362929292,1.00643613387328,1.00541062997068,0.980903779200395,1.01865278217479,1.00554896872758,0.986756977973393,1.00709140125792,1.00907205716384,1.04406721267635,0.95860236336673,0.939666735988479,0.983711863770906,0.995678801804646,1.03510787573241,1.05203435083683,1.01909259151274,1.01668779306693,1.02814758958044,59.3789546038757,59.3221354214737,59.9999931528418,59.3778786682979,59.3445631511284,59.383534548016,59.382441137012,59.3895643940213,59.380170100624,59.4209121654796
2.31558025142789,288.071409781814,754.740983125062,0,678.439365529005,524.699706310034,699.265088595214,558.431978747478,561.290592036386,848.11740019259,1201.2525912266,207.250649044463,157.189780009241,0,64.9711198578496,135.510943905579,240.736725154409,209.418349463014,22.3360980766657,60.4121055831399,240.524849277629,1.02344501217402,1.00979240630177,0.979371934057483,0.942490728958904,0.941004419449209,0.941052229419203,0.937001698359398,0.939021745752465,1.01374622224464,0.940861443947938,0.940093388900626,0.922984470749752,0.941335674939881,0.945566756108157,0.954479379464349,0.973604460677512,0.978836851600351,0.977575812169112,0.975198335655778,0.972050472697293,0.980405069734185,1.00707168676995,1.00604121250307,0.981675041831481,1.01914843552759,1.0061013625025,0.98738740066809,1.00757029877632,1.0095309173499,1.04447280706137,0.960597534017572,0.940861443947938,0.984517730702964,0.996749490421589,1.03567233188082,1.05255154025463,1.01951561461129,1.01711341273632,1.0282863992805,59.366354597117,59.295589882828,59.9999931528418,59.3675245016836,59.344017207512,59.3694317241002,59.3676730731166,59.3776277295865,59.3783456827123,59.4135841824276
2.33627261031231,286.132782535701,747.094760552384,0,679.451076892385,524.242835850298,699.609812419734,558.519203707936,561.602295655455,849.867435198532,1215.96411772849,206.372610425488,158.620224389969,0,64.6916166338683,135.883298946747,240.387628930119,209.008768838841,22.0937486899903,60.207081773488,237.142000876913,1.02385338064463,1.01033784994017,0.980113780395609,0.943606878623571,0.942371926438495,0.942486178421392,0.938326382858861,0.940293135132322,1.0143388911926,0.942148337729432,0.941426704301354,0.924246912721013,0.942575671750834,0.946689686464015,0.95534767304427,0.974377460050184,0.979553587449213,0.978303281100318,0.975977609880731,0.972870248648395,0.981120049227081,1.00772609802272,1.0066889496961,0.982436769559637,1.01962540466318,1.00655703179121,0.987951779115662,1.00786775385749,1.00979040429007,1.04487062966077,0.962848535697017,0.942148337729432,0.985249706314253,0.997626678243541,1.03626336253039,1.05307894259454,1.01993713569038,1.01732259151017,1.02842828172083,59.3544823801297,59.2727274039542,59.9999931528418,59.3566357282512,59.3440805236857,59.3553185638461,59.3528415170863,59.3654981535357,59.3761477153753,59.4058246676323
2.36161651263294,283.499240939647,736.440068047412,0,680.254023332575,524.643248965463,699.439539968896,558.046123524535,561.550171016132,852.815951078029,1235.27256246187,205.356135865612,160.629145808511,0,64.4317216198777,135.925631991245,239.996460348347,208.411178823208,21.8759583774424,59.9126155633289,232.966642212603,1.02434000089105,1.01097137239748,0.980997323179468,0.94500265070074,0.944113887031453,0.944318186635543,0.940013911851462,0.941910095465637,1.01507582717729,0.943776555843781,0.943119388716125,0.925844193643442,0.944138807546294,0.9480898476885,0.956387987220273,0.975281848604318,0.980377423093316,0.979151151335537,0.976807545131736,0.973680536953751,0.981986915696829,1.00853996566183,1.00749260639841,0.983338413088008,1.02016757536763,1.00697764453165,0.988541543054604,1.00799384694948,1.00984901993098,1.0453363186596,0.965799958826059,0.943776555843781,0.986036804247881,0.998428776027854,1.03701206523278,1.0537292237497,1.02043892722453,1.01730068474757,1.02859765093015,59.3410659756743,59.2506136746406,59.9999931528418,59.3427894933492,59.3443472913412,59.3383088224934,59.3349618124804,59.3506682003579,59.3725085766466,59.395680629321
2.38123007265791,281.358159746998,727.583610394636,0,680.458329785782,525.647936975643,698.847814348251,557.235391325223,561.160400533855,855.594001607544,1250.82087563311,204.634189778222,162.292182945699,0,64.2927884171334,135.659514213559,239.726125475307,207.884436582454,21.7721540214769,59.6659542457481,229.823943381785,1.02469659567249,1.0114262373388,0.981644671463687,0.946065626757047,0.945458080241886,0.945735050880929,0.941315406608525,0.943155153462438,1.01562943274159,0.945027518683876,0.94442289385853,0.927071387383985,0.945336751476597,0.949154796855034,0.957157350512025,0.975938527817433,0.980963416042668,0.979761524583872,0.97735257190521,0.974160648309872,0.982640997904684,1.00917013857005,1.00811354952004,0.984001586456011,1.02054585750181,1.00719960682402,0.988916814748243,1.00792434672178,1.00971435091095,1.04567398280156,0.968127651390827,0.945027518683875,0.986560668534977,0.998846075318177,1.03760214377062,1.05422930995775,1.02080820338779,1.01709287140463,1.02872007062795,59.331587360337,59.2383547838357,59.9999931528418,59.3318861765582,59.3442795517008,59.3255540414548,59.3215958070697,59.3394227371871,59.3687290521446,59.3873222847964
2.40084363268288,279.216335545156,718.592235817792,0,680.245501338667,527.196475540146,697.859894775929,556.05024445494,560.469334416216,858.677237325686,1266.50974963101,203.982673254306,163.97208679596,0,64.2057876122934,135.15764758874,239.485702315808,207.311442600747,21.7245846477274,59.4156698074246,226.850745869836,1.02502838805974,1.01184393236182,0.98224708806519,0.94708074796587,0.946751615713176,0.947100550934013,0.942566688510131,0.944350475283803,1.01614826176559,0.946228908612159,0.945676286259886,0.928249950130243,0.946485683746578,0.950172046976994,0.957881639544242,0.976550014166016,0.981497844608508,0.980322970011778,0.977814266197018,0.974518391823155,0.983272745352528,1.00979306508092,1.00872633058657,0.984626938729822,1.02088195814155,1.00733720516005,0.989221852290605,1.00772955481056,1.00944633198637,1.04598729556518,0.970399957894025,0.946228908612158,0.987011678141025,0.999096591912277,1.03819425096922,1.05472144869698,1.02115441311858,1.01674583275414,1.02883101084051,59.3229180607127,59.2305374001978,59.9999931528418,59.3210479684156,59.3435927991211,59.3133527912779,59.3088865302349,59.328590670785,59.3639198489644,59.3785086552042
2.42045719270785,277.143571143394,709.827695651979,0,679.602880001886,529.205933595073,696.496477303996,554.520643640856,559.503548599128,861.941250002007,1281.98525036007,203.408723502483,165.606954464124,0,64.1665115530204,134.452735668933,239.274304025942,206.702412272522,21.7285815066035,59.1719850378539,224.111093854653,1.02533083930458,1.01222157308926,0.982796825562394,0.948024668380857,0.947959730334205,0.948377307099872,0.94373377228372,0.945463738704081,1.0166186597274,0.947350412991891,0.946846995115851,0.929350145204662,0.947557565413998,0.951119342018928,0.958552440468068,0.97711295636643,0.981978565151007,0.980831282108399,0.978198141789923,0.974764779807672,0.983877424921069,1.01040331114309,1.00932575459968,0.985210612534022,1.02117354336998,1.00740059388569,0.989461510647006,1.00743396371287,1.00907257896878,1.04627410145906,0.972545902521852,0.947350412991891,0.987394803185972,0.99919755777764,1.03878260251373,1.05520206194277,1.0214734451484,1.01629040559826,1.02892816119911,59.3150456449986,59.2271425086372,59.9999931528418,59.3104932106258,59.341998891748,59.3018710225906,59.2970352616229,59.3183472707742,59.357973062601,59.3692408189969
2.44007075273282,275.202666159743,701.652876388716,0,678.549268406942,531.573355513481,694.793265448995,552.691896739474,558.309286534444,865.25763719652,1296.89201114572,202.914298898167,167.144333981254,0,64.1689578460722,133.585683623263,239.088751847981,206.068687433223,21.7757781841053,58.9434151649191,221.650203864434,1.02560142838704,1.0125587595896,0.983289859507563,0.948879921161907,0.949055133390632,0.949535757298653,0.944790114079206,0.946469887244076,1.01703141942639,0.948368544358115,0.94790959098081,0.930348931419472,0.948530862552697,0.951980119724162,0.959165037963077,0.97762699303196,0.982406779090343,0.981285724063538,0.978513206924347,0.974915634357636,0.98445226912002,1.01099668023191,1.00990789175834,0.985751422470608,1.02142121670007,1.00740403944981,0.989644439107858,1.00706705856319,1.00862581693379,1.04653383508717,0.974506226794162,0.948368544358114,0.987718019212951,0.999172524938817,1.03936213864183,1.05566861339396,1.0217628813754,1.01576244846144,1.02901040628288,59.3079342536607,59.2279738668327,59.9999931528418,59.3004384911469,59.3392623180402,59.291262613643,59.2862217607064,59.3088457031251,59.3508348479111,59.3595302989899
2.45968431275779,273.446093687814,694.409281841206,0,677.133221006148,534.181024504443,692.800533666604,550.622897482563,556.949629171034,868.49962110759,1310.88527119838,202.496607571864,168.540973823284,0,64.2054923205748,132.604328423458,238.924042165609,205.422537104215,21.8548356500276,58.7365903421585,219.4949763101,1.02583954071859,1.01285741752071,0.983725705475542,0.949634937007469,0.950018201811007,0.950554405118409,0.945716764991132,0.9473512392161,1.01738160116359,0.949266768291752,0.948845951411229,0.931230088520057,0.949390637033748,0.952743510831262,0.959718229855483,0.978094524827459,0.982786739844647,0.981688773233814,0.978771560716117,0.974991007386508,0.984996374001659,1.01157020148758,1.01047006783267,0.986250669148138,1.0216283880512,1.00736524263857,0.989782569697735,1.00666209696592,1.00814254582655,1.04676750505122,0.976234955689856,0.949266768291751,0.987991947697661,0.99905057065947,1.03992856962777,1.05611962059143,1.02202210603521,1.01520140331491,1.02907774016564,59.3015276455938,59.2326627446065,59.9999931528418,59.2910828371203,59.3352101738413,59.2816630194574,59.2765961550057,59.3002059250468,59.3425060763791,59.3493989275165
2.47929787278276,271.916269007587,688.402224511736,0,675.429528859988,536.902389930531,690.582152139239,548.383914786505,555.500499497703,871.547245942103,1323.64136262405,202.148972230775,169.762997682367,0,64.2674348298597,131.561815876887,238.773976400767,204.777111066588,21.9525445150869,58.55630459916,217.655760248937,1.026046204633,1.0131213045122,0.984106773861472,0.950283408810923,0.950836379366708,0.951419216451823,0.946501776655913,0.948096893027492,1.01766804489906,0.95003487996628,0.949644644045044,0.931983605578194,0.950127916965972,0.953403693430282,0.960213670419492,0.978520084450813,0.983125042297824,0.982045433691917,0.978987621334,0.975014179207828,0.985510259441416,1.01212183997363,1.01101057377706,0.986711567082254,1.02180077395692,1.00730424825769,0.989890190523938,1.00625448423122,1.00766131309058,1.04697732826565,0.97769844138193,0.95003487996628,0.988229194503227,0.998865022634805,1.04047820524547,1.05655444765057,1.02225215053701,1.0146485064002,1.02913110246501,59.295752815741,59.2406820004141,59.9999931528418,59.2825932646296,59.3297389611151,59.2731832155953,59.2682719547176,59.2925056472203,59.3330406566322,59.3388783799644
2.49891143280774,270.644881769385,683.884080777059,0,673.533706671446,539.608169103794,688.213919869578,546.053787708555,554.04568694725,874.291731850763,1334.86786254973,201.862153864154,170.784373707833,0,64.3457343370021,130.514655136646,238.632017963237,204.146395668159,22.0550771356431,58.405858886706,216.12989890192,1.0262236533915,1.01335537015804,0.984437494497333,0.950823252145818,0.951503041933651,0.952122465441026,0.947139054937688,0.948701582098999,1.01789249087515,0.950667905641866,0.950299810372605,0.932604603358296,0.950738616797408,0.953958860395226,0.9606549822025,0.978909523389806,0.983429706486034,0.982362335617101,0.979177171493913,0.975010406247093,0.985995291547709,1.01265010256512,1.01152826902401,0.987138502636831,1.02194570766473,1.00724211415239,0.989982791432827,1.00587989127568,1.00722073442898,1.04716634070974,0.978874145286527,0.950667905641866,0.988443539246236,0.998651860734907,1.04100770731173,1.05697300891874,1.02245539870808,1.01414477395035,1.02917210735191,59.2905236642066,59.2513676857993,59.9999931528418,59.2750926690592,59.3228179658914,59.2659042040987,59.2613204883681,59.2857740164815,59.3225418006071,59.3280094045025
2.51852499283271,269.653485880456,681.041583101378,0,671.555142026671,542.172278846111,685.781287383019,543.71676330708,552.671219280001,876.638909467002,1344.31209811947,201.625839373752,171.585483120362,0,64.4317634054073,129.520451608487,238.492219002441,203.545170231449,22.1493035313117,58.2875720689931,214.905977720956,1.02637480233426,1.01356500226909,0.984723289594541,0.951255335161855,0.952016065073968,0.952661265136151,0.947626924222282,0.949164252083326,1.01805855529928,0.951164733585457,0.950809764980587,0.933091991250968,0.951222200677234,0.954409963860087,0.961046714888242,0.979269060651285,0.983709117001293,0.98264668952485,0.97935622503732,0.975005422208092,0.986452992928663,1.0131535516874,1.01202208844035,0.987536160487568,1.0220712874021,1.00719942464564,0.990075757800741,1.00557223788094,1.00685739057423,1.047337902149,0.979748697235608,0.951164733585456,0.988648968536259,0.998447801513461,1.04151377146239,1.0573753833989,1.02263515084096,1.01372888989918,1.02920273333295,59.2857446878755,59.2639479198121,59.9999931528418,59.2686509153983,59.3144892099529,59.2598723584725,59.2557670246229,59.279988516675,59.3111565983216,59.3168407771247
2.53813855285768,268.954267923249,679.986310958408,0,669.609496114299,544.477327271481,683.376620385071,541.459176301967,551.459650436994,878.511813129423,1351.76831563399,201.430162985715,172.151688345127,0,64.5180992109098,128.635367504889,238.350114802952,202.988912666437,22.2239849481514,58.2033595143838,213.968222544923,1.02650270662214,1.01375527834657,0.984969568207411,0.951582239475846,0.952376416644708,0.953036124915059,0.94796671242426,0.949486656667151,1.0181707081854,0.951526775994718,0.951175624733462,0.933447154621217,0.951580377625366,0.95475949236778,0.961393322385031,0.979604328350764,0.98397096365191,0.982905250942869,0.979539817610457,0.975023799483778,0.986884347709787,1.01363030932739,1.0124905361566,0.987908645882298,1.02218549048095,1.00719479450635,0.990183058477286,1.00536168647661,1.00660374102864,1.0474952163646,0.980316077113403,0.951526775994718,0.988858636501276,0.998288176437334,1.04199279737137,1.05776140150838,1.02279512166319,1.01343512068888,1.02922500932072,59.2813144335088,59.2775771942446,59.9999931528418,59.2632796663324,59.3048641457328,59.2550958383835,59.251588724036,59.2750753137938,59.299069277097,59.3054280259042
2.55775211288265,268.55126124855,680.749442774633,0,667.810939856326,546.419452910347,681.096093564001,539.366122378652,550.484639945058,879.852513369634,1357.08320464436,201.267040359968,172.472552255233,0,64.5992033481828,127.911417578813,238.203475793806,202.493613016954,22.2707366705466,58.1552660475281,213.300347357149,1.02661007058281,1.01393030693534,0.985180865608823,0.951807235869248,0.952587001021719,0.953249768820654,0.948161586324877,0.949672199211735,1.01823341117793,0.95175687052563,0.951400184632905,0.933672877207742,0.951816028836689,0.955010460045514,0.961698284628001,0.979919520771501,0.984221299813128,0.983143414259686,0.979740818540609,0.975087288372103,0.987289187075157,1.01407761922936,1.01293123403305,0.98825870351979,1.02229534640541,1.0072435007312,0.99031605657871,1.00527280895126,1.00648621865311,1.04764090251383,0.98057613976422,0.95175687052563,0.989083829671195,0.998204743285597,1.04244059927342,1.05813025410137,1.0229389338036,1.01329141186017,1.02924074139912,59.2771286029239,59.2913743186558,59.9999931528418,59.2589311824226,59.294117401592,59.2515422527888,59.2487144655909,59.2709129849459,59.2864934856704,59.2938319683277
2.57736567290762,268.441705898756,683.28072488894,0,666.26479501399,547.912410882376,679.036352534837,537.518279059853,549.806252233996,880.623360357955,1360.15983938556,201.131166939153,172.541804639079,0,64.6719140345831,127.393743108568,238.052823495929,202.075461058756,22.2846620324671,58.1458519544282,212.888355699487,1.02669886752929,1.01409274046895,0.985360239204374,0.951933629641682,0.952651941966819,0.953306409697939,0.948215822313879,0.949725200950851,1.01825052787382,0.951858595745951,0.951487221140981,0.933772669583219,0.951932534949711,0.955165759573433,0.96196348852993,0.980216748986249,0.984463827460454,0.983364545150976,0.979968876385424,0.975213274912236,0.987665737893833,1.01449153318491,1.01334059168688,0.988587129934454,1.022406266501,1.00735637035717,0.990482563438207,1.0053230709355,1.00652364906963,1.04777667775803,0.980533822992693,0.951858595745951,0.989333032905468,0.998223601442316,1.04285220630372,1.05848017681508,1.02306967577105,1.0133177994506,1.02925131200726,59.2730827054335,59.3044619335113,59.9999931528418,59.2555010307182,59.282477974411,59.2491377022269,59.2470265068182,59.2673393265662,59.2736638914284,59.2821171092118
2.59697923293259,268.61745624537,687.451728949585,0,665.061043540942,548.890870603013,677.291049309108,535.98897722006,549.467279750073,880.807785162781,1360.95995049572,201.02056820792,172.358147836087,0,64.7356974158249,127.118043431776,237.901645957362,201.750388728355,22.2646150988168,58.1783556974961,212.721969271946,1.02677011247451,1.0142435112059,0.98550898287731,0.951964541762914,0.952576376194321,0.953211551565155,0.948134586767027,0.9496506707802,1.01822506971533,0.951836069190868,0.951441292695013,0.933750571047023,0.951933570976195,0.955227944777739,0.962188934290774,0.980495671632484,0.984699482839286,0.983569620403584,0.980229602417144,0.97541349936462,0.988010393270232,1.01486677026264,1.01371364794581,0.988892446996975,1.02252159902705,1.00753902467802,0.990686225174158,1.00552175673142,1.00672611981511,1.04790318149971,0.980199090414544,0.951836069190868,0.989611189457411,0.998363393342967,1.04322179088795,1.05880825169808,1.02318958016863,1.01352525498834,1.02925757297019,59.2690742230772,59.3160055226442,59.9999931528418,59.2528343713274,59.2702183060284,59.247767279014,59.2463638639081,59.264160714628,59.2608273121235,59.2703499470725
2.61659279295756,269.066260695992,693.063152257886,0,664.269064944897,549.312939527365,675.947355635671,534.841596997272,549.490810958044,880.410769426725,1359.50446904374,200.936653525294,171.92671016097,0,64.7926333509826,127.108358290249,237.756280504809,201.533464734763,22.2130890569581,58.2565929870254,212.794593243962,1.0268238085694,1.01438181472999,0.985626679219642,0.95190312133259,0.952366739890776,0.952972299057367,0.947924210073189,0.949454563104814,1.01815928389055,0.95169421468088,0.951268021392646,0.933611411863898,0.951823358391154,0.955199440350998,0.96237279161836,0.980753442167733,0.984926362602681,0.98375720671364,0.980524081308845,0.975693165203299,0.988317740275692,1.01519678002165,1.01404411611834,0.989170875805155,1.02264245200072,1.00779154488311,0.990926296523675,1.00586942035163,1.00709438718071,1.04801995866482,0.979587553432534,0.95169421468088,0.989919239383351,0.998633965638943,1.04354275037701,1.05911035713861,1.0232998619221,1.01391504980259,1.02925983930714,59.2650043022103,59.3252498895439,59.9999931528418,59.2507352788534,59.2576416870653,59.2472770592511,59.2465272482616,59.2611633296776,59.248233549662,59.2585972389571
2.63203819318537,269.602524787034,698.337163219424,0,663.965277789169,549.241361749158,675.221365112658,534.239983144828,549.767353022533,879.704121168114,1356.81661473719,200.892102071217,171.42004285537,0,64.8353918225053,127.295653836796,237.651342952217,201.447436577274,22.1538262626801,58.3530055186062,213.017698416075,1.02685317909249,1.01448049724682,0.985696360598534,0.951791909306812,0.952112242951406,0.952687809856649,0.947672455204909,0.949219005086982,1.01808016999773,0.951502236649272,0.951046250400755,0.933423081538462,0.951661391461431,0.955114762295852,0.962486210386058,0.980938385141947,0.985096089573235,0.983890412919438,0.980777727052892,0.975968602646541,0.988529162438849,1.01542007328029,1.01426975490905,0.989367588719101,1.02274091183753,1.00803645936844,0.991138020603293,1.00624338944439,1.00749619475823,1.04810418114101,0.978924278665023,0.951502236649272,0.990181066869326,0.998939848735447,1.04375677264829,1.05932674380703,1.02338006816925,1.01434554991233,1.02925872252676,59.2616965722637,59.3304971254208,59.9999931528418,59.2493411621779,59.2477159444512,59.2473934221302,59.2470934859428,59.2587907811617,59.2386411872027,59.2493935894889
2.64748359341317,270.290033285557,704.197014091172,0,663.956781061943,548.816093861219,674.825350375475,533.926803701236,550.263344224983,878.674640949446,1352.83851262832,200.869882267748,170.778164872544,0,64.8795799807594,127.654354552349,237.560452215587,201.442600324823,22.082377809656,58.4822061724147,213.384746767158,1.02687037968972,1.0145683952304,0.985744456387955,0.951627998136614,0.951784876316574,0.952325290189946,0.947350550677624,0.948917215447543,1.01797809279748,0.951244069088159,0.950754510724018,0.933169819327164,0.95143704459604,0.954977363151313,0.962569802467182,0.981103840702218,0.985254555836758,0.984008182881801,0.981046654487288,0.976288727475584,0.988709301182949,1.01560666874007,1.01446051132583,0.989540544122476,1.02284089929799,1.00831681668298,0.991365334819876,1.00669751180585,1.00798786953699,1.04818050574969,0.978117102662092,0.951244069088159,0.990456352298563,0.999323474476237,1.04393259954298,1.05952086164492,1.023454182766,1.01487609549079,1.02925483873681,59.2582487876466,59.3336545414463,59.9999931528418,59.2480417863811,59.2379510467216,59.2478334845189,59.2479055398456,59.2562854681316,59.2294642657938,59.2402702446723
2.66678499115005,271.346892014866,712.088126540443,0,664.358849003279,547.810978446342,674.834479412417,533.960340248079,551.165770814145,876.984576154414,1346.18758593276,200.879082195396,169.811002938045,0,64.9423650334866,128.332066943137,237.475146642887,201.557247676887,21.9832774134136,58.6919347733264,214.040270259859,1.02687346971275,1.01466013845779,0.985772279518501,0.951354417989231,0.95128435259436,0.951774855298745,0.94686028681089,0.948456782363247,1.01782044403073,0.950837057776583,0.950301401607348,0.932770541492384,0.951076473360557,0.954735981843984,0.962629179977893,0.981277400719647,0.985430987365378,0.98412928497611,0.981395893354446,0.97674126115569,0.988884131483761,1.01578207089951,1.01464368775122,0.989717210684755,1.02296505775674,1.00870660899187,0.991662904047893,1.00736076552919,1.00871049955602,1.0482629622057,0.976935019504029,0.950837057776583,0.990811804312945,0.99989956817327,1.04409322783927,1.05972723508687,1.02353748697536,1.01566096185767,1.02924574296851,59.2536794731614,59.3343646472725,59.9999931528418,59.2463612867378,59.2262180652995,59.2486527909636,59.2490572757835,59.252808987117,59.2187424003145,59.2290274990629
2.6913443798493,272.978290693733,722.548230345474,0,665.490890853336,545.852013258587,675.702964188297,534.697634947689,552.696023521228,874.306994654741,1335.33756281626,200.960982745991,168.376393677375,0,65.0458360947403,129.521612220238,237.427890022707,201.903583139987,21.8562912324143,59.0381127769267,215.17430955229,1.02684540306991,1.01474209917372,0.985752796002966,0.950909156468598,0.950526279953136,0.95094648612402,0.946119892059982,0.947760069924543,1.01757717244396,0.950204232146281,0.949605798305071,0.932149739956044,0.950506886061725,0.954328369638987,0.962627157488774,0.98143364126805,0.985609166450546,0.98423304713327,0.981841783540612,0.97737459128489,0.989014553217192,1.01590187279864,1.01477740932184,0.989867159334178,1.02311504484319,1.00924204484231,0.992044564567127,1.0083185452152,1.00976074827762,1.04834360706785,0.975217860135772,0.950204232146281,0.99126475608687,1.00075308202877,1.04419386272992,1.05992254193617,1.02362665156819,1.01681032009212,1.02922675130362,59.2473392090015,59.3297615460643,59.9999931528418,59.2437955914427,59.2124558526433,59.2497589268911,59.2503453316505,59.2475746442799,59.2065500678586,59.2150516240823
2.71590376854855,274.888593964737,732.879367859909,0,667.224311636258,543.272762459196,677.552235890645,536.197713316033,554.542802790142,871.218357171191,1322.25692406241,201.133639182206,166.806915694247,0,65.1901296028645,131.004726365305,237.467188206875,202.474697619323,21.746686486752,59.4714747543319,216.613235580726,1.02677901537724,1.01477864493095,0.985669826464599,0.950376290574422,0.949670942532199,0.950017217299181,0.945286152718838,0.946973873288727,1.01729580267962,0.9494742168406,0.948811903192849,0.931433595410932,0.949841202709268,0.953827056112329,0.962533940294685,0.981504394506242,0.985721426049731,0.984270868466892,0.982261803651782,0.978032331110717,0.989029724355271,1.01589498341102,1.01478862825103,0.989920265336797,1.02324724333716,1.00978863392256,0.992404673039251,1.00934703502379,1.0108959696183,1.04839308470129,0.97335629738746,0.949474216840601,0.991693567886409,1.00168747228554,1.04416968815927,1.06003193824582,1.02369458621631,1.01806345487992,1.02919907431026,59.24029262464,59.3189105513665,59.9999931528418,59.240379513915,59.2004349207252,59.2504670717244,59.250949525819,59.2411818372937,59.1962182954131,59.2015247547838
2.7404631572478,277.022791984309,742.448276773192,0,669.411556732137,540.277330227343,680.357248570407,538.406267128373,556.562176571047,867.950749216783,1307.49630374937,201.406135786639,165.225568047665,0,65.3896808098845,132.678560414714,237.60872265643,203.259748472619,21.6729505371296,59.9842104222453,218.302976257662,1.02667326823047,1.01476472094824,0.985524762261391,0.949786076123988,0.948769721791163,0.949043331814372,0.944408919300158,0.94614491032786,1.01699145181571,0.948690008668936,0.947966990003824,0.930664287699253,0.949118100537334,0.953259603185806,0.962348998666507,0.981478128501734,0.985754654865954,0.984235060013344,0.982624255209444,0.978665366561242,0.988920229407689,1.01575370141661,1.01466905928445,0.989865530548331,1.02335282915105,1.01030824048023,0.992715762539357,1.01037791966678,1.01204171790107,1.04840840209873,0.971471118772003,0.948690008668937,0.992069579586842,1.00263391808243,1.04401542656568,1.06004600166946,1.02373970365699,1.01934078348468,1.02916324038819,59.2324292363027,59.3020759764463,59.9999931528418,59.235771494971,59.1905251341289,59.2502526387091,59.2503513273068,59.2334420465602,59.1879071648115,59.1885190740046
2.75820342205908,278.670908717748,748.586155850018,0,671.178955629642,537.983561380566,682.938990122956,540.394953391877,558.046528770155,865.615624003025,1296.1010917221,201.66732091286,164.148439273189,0,65.5749757622037,133.943042982557,237.780134448851,203.948510297574,21.6503174216231,60.3964385504651,219.640768929593,1.02657288084473,1.01472183023032,0.985384007986963,0.949343037938519,0.948120960967985,0.948345611036568,0.943778161796919,0.945547742916556,1.01676747263646,0.948115952574779,0.947353434718983,0.930101139041088,0.948583779418227,0.95282613506391,0.962160399785668,0.981394669275579,0.985724253451458,0.984161112696601,0.982833880167449,0.979080327747415,0.988761066961506,1.0155665447034,1.0144994108035,0.989755255944225,1.02340866532062,1.01064680972203,0.992896294490937,1.01108676859868,1.01283498514074,1.04839741027354,0.970163937263702,0.948115952574779,0.992293531057478,1.00328615057727,1.04382272439062,1.05999333273393,1.0237578502741,1.02023430197805,1.02913310229712,59.2261937483237,59.2865055960547,59.9999931528418,59.2315664381585,59.1848063366291,59.2492535905365,59.2489162975249,59.2269641884603,59.183186474654,59.1794778172554
2.77594368687036,280.374891501885,753.857458588409,0,673.014690315881,535.698993758747,685.931853639893,542.658451698566,559.483722725892,863.41970506435,1284.35670094229,201.982156687527,163.185240659014,0,65.7989609739163,135.19810328187,238.011653332692,204.724826956541,21.6586721374592,60.8354469767523,221.039072862877,1.02645363019013,1.0146512862152,0.985216589779958,0.948902647234242,0.947500120148228,0.947680977140132,0.943175235244432,0.944975942336411,1.01654925131329,0.947557929700757,0.946761441198334,0.929553718961074,0.948059902930889,0.952388555296628,0.961929202766513,0.981255750901854,0.985645613504459,0.984046531538069,0.982987544787629,0.979438247795061,0.988535295428584,1.01530959257354,1.01426107276391,0.989584906120416,1.02344499308458,1.01093898983086,0.993029745826463,1.01173528161793,1.01356599310903,1.04836804297584,0.968960193915286,0.947557929700757,0.99246655011829,1.00387982945514,1.04356427760295,1.05988700714044,1.02376425805872,1.02106687934192,1.02910043059323,59.2194641979971,59.2684622472578,59.9999931528418,59.2265595950242,59.1803319273258,59.247338890997,59.2464546134421,59.21974601272,59.1795096023454,59.1707489180566
2.79825626883444,282.549286380765,759.044211442343,0,675.302468475613,533.002807233226,690.177044138781,545.803876261019,561.1413824217,861.011112543471,1269.4349108904,202.451547967027,162.208188257733,0,66.1401819681062,136.688073652285,238.387365884679,205.80080578049,21.7178320167275,61.4117088869385,222.828756455047,1.02627960654243,1.01452419156487,0.984973850285694,0.94837399644169,0.946791517961829,0.946927221721586,0.942488360721308,0.944323115598377,1.01629551873127,0.946907174243875,0.946078009063771,0.928915328276767,0.947441946695174,0.951852837242476,0.961584500675403,0.98100313399681,0.985477038517369,0.983846144434235,0.983087898495521,0.979781595843887,0.988160944770867,1.01489313481424,1.01386894466183,0.989287344104658,1.02346077540152,1.01122222806288,0.993119736089321,1.01242785905178,1.01435545196845,1.04830577987874,0.967661910448566,0.946907174243875,0.992599826139867,1.00450345132138,1.04315262757917,1.05967848923014,1.02375634936704,1.02198167503564,1.02905748096052,59.2102806411723,59.2429277105697,59.9999931528418,59.2191079807481,59.1764110793048,59.2433960297368,59.2417075835913,59.209685388736,59.1762428158513,59.1602229261595
2.82056885079853,284.698173663647,762.459612814541,0,677.444763896882,530.680381842555,694.818735864648,549.166015774645,562.553982833407,859.156399717623,1254.7061006593,202.998069401655,161.560760692442,0,66.5511747643028,138.001418858471,238.852933998018,206.955859552667,21.8338117494556,61.9981113287836,224.592578452507,1.02608254660301,1.01435617062431,0.984701997533513,0.947894821701827,0.946194887344937,0.946298858157851,0.94191200462167,0.943773684885809,1.0160778095935,0.946340978471478,0.945492307356816,0.928359890588637,0.946895264153655,0.951354088336816,0.961188299467072,0.980667255511941,0.985231782131685,0.983586198378262,0.983073438462154,0.97998189310835,0.987693822791734,1.01438274461198,1.01338313099517,0.98890203851501,1.02344175236357,1.01139447152992,0.993113609581861,1.01294686447724,1.01495939733906,1.048216765256,0.966668443211614,0.946340978471478,0.992629178144367,1.00495137449986,1.04265534440973,1.05939096569433,1.02373153887722,1.02270363775352,1.02901452064577,59.200295939756,59.2150737151872,59.9999931528418,59.2104192721174,59.1742207836987,59.2375377990335,59.2349695085029,59.198660149356,59.1742771131022,59.1502003285101
2.83807648305493,286.321900395943,763.830190734364,0,678.949062485007,529.232835455541,698.628841629111,551.868895187637,563.447445332424,858.187071574575,1243.51442181597,203.477279107754,161.319383315989,0,66.9241696549449,138.859636773291,239.276560955636,207.893586644521,21.9651178103034,62.4538438974054,225.920025723677,1.02591461545384,1.01419708528639,0.984472576733269,0.947565393254678,0.945822202221347,0.945911866841838,0.941553977389805,0.943431081525099,1.0159396899166,0.945971087558569,0.945117311313549,0.927997027841485,0.94653040598723,0.951000385887893,0.960847478048032,0.980349100957373,0.984987321640858,0.983343201591182,0.982976104512879,0.980025361251172,0.987269613828833,1.01392544079435,1.01294473097802,0.988543234660893,1.023401705948,1.01144201187803,0.993036586238509,1.01321081607444,1.01527897310113,1.04812931663048,0.966136066908111,0.945971087558569,0.992574611868146,1.0051572229368,1.04221466927494,1.05911479029925,1.02370061237715,1.02310771173443,1.02898215350927,59.1919145959879,59.1922234517981,59.9999931528418,59.2028067621403,59.1735343777686,59.231496651215,59.2282254282494,59.1894508062838,59.1734575887531,59.1426814990237
2.86174892086439,288.35429199446,763.832204096558,0,680.645416869427,527.948550705246,703.820065459472,555.467101707336,564.311919101154,857.67493127879,1229.21023993271,204.190649243112,161.394436817611,0,67.5005743991187,139.715675807687,239.921262973798,209.165230969229,22.1976314090143,63.0476145592362,227.589243925498,1.02567318350354,1.01394571716001,0.984144830621709,0.947196253826265,0.945466605648725,0.945552598341434,0.941216346520925,0.943105816527813,1.01580584568661,0.945588666031991,0.944742860748997,0.927621872570101,0.94613982072738,0.950586475443995,0.960353902690777,0.979850273616397,0.984588093395903,0.982964533180085,0.982719507278322,0.979909980333803,0.986629901230646,1.01324540356017,1.01228883792756,0.987989264002419,1.02331118085327,1.01137193629594,0.992826466444909,1.01334045372067,1.0154649820697,1.04798806662177,0.965788385191548,0.945588666031991,0.992388486781639,1.00520487897594,1.04156680831138,1.05868156736289,1.02364223209206,1.02339265809182,1.02894180411441,59.1798708238313,59.1609913236593,59.9999931528418,59.1915812187486,59.1736493373507,59.2212351142219,59.2170628718133,59.1764472838189,59.1729862455364,59.1329749206504
2.88542135867386,290.122310886077,761.77973880652,0,681.898787309753,527.546755219754,708.846802474881,558.850289084634,564.767541622312,858.155633292395,1216.1198892665,204.974846352368,161.930817092711,0,68.1601977510815,140.175741097746,240.636871913225,210.400593813771,22.4897920764569,63.6018519757054,229.081518997993,1.02541930304391,1.01365409544233,0.983799962390842,0.946917877032211,0.945283623627299,0.945383733480684,0.941049443234375,0.9429416871858,1.01573540920093,0.945344426819445,0.944523350004167,0.927382274059999,0.945870577562811,0.950250822707842,0.959830868145806,0.979281842349821,0.984115270272907,0.982532839053129,0.982318933401481,0.979586526609777,0.985931129117471,1.01251506209478,1.01158014950717,0.987368222218271,1.02317758315656,1.01114010894427,0.992492705670965,1.01319111312765,1.01534792986691,1.04782168788721,0.965866625490969,0.945344426819445,0.992073393483917,1.00497088614697,1.04088054909711,1.05819342806363,1.02356308170851,1.02335394060179,1.02890637686259,59.1670964281789,59.1304445778417,59.9999931528418,59.179512433517,59.1744640627626,59.2085949050288,59.2036437599066,59.1630668272379,59.1728117743311,59.1237629202203
2.90412757478651,291.278156390922,758.806127634145,0,682.559120315359,527.901587542734,712.550828653982,561.266971771882,564.845294943687,859.26003808808,1206.78444698066,205.642434569482,162.662572734297,0,68.7398637480571,140.23739544905,241.243554491185,211.32316659146,22.7594127203881,64.004643531214,230.123972970081,1.02521234868634,1.01339575468674,0.983516040946389,0.946759030104675,0.945254502838443,0.945377534232719,0.941032003499767,0.942920153527853,1.0157230534248,0.945244272281523,0.944453753660756,0.927284022522917,0.945739611657067,0.950039190924834,0.959401616759819,0.978790596893349,0.983693825938743,0.98215719584847,0.981902565276968,0.979182044602764,0.985350217301901,1.01191826729479,1.01099812625738,0.986839296610568,1.02304041544736,1.01083978088424,0.992141807009347,1.01286852154165,1.01503274230366,1.04767312280143,0.966210981857478,0.945244272281523,0.991735302688276,1.00458087666769,1.04032755122421,1.05778021048584,1.02348378179015,1.02308464415163,1.02888205566356,59.1565664071994,59.1075362583434,59.9999931528418,59.1695590587071,59.1752058808991,59.1970046671926,59.1915671412016,59.1524148766668,59.1725516308771,59.1168039277224
2.92283379089917,292.177432228297,754.770733145843,0,682.93599775267,528.857768522412,715.888988252012,563.372556985619,564.695540241907,860.989487922757,1198.42718659412,206.352046069298,163.639930977078,0,69.3707271425445,140.026523839034,241.883525032441,212.177944180513,23.0597412903319,64.3735451278781,231.047937958055,1.02500153907451,1.01311270098435,0.983220539775893,0.946645219715577,0.945312319084628,0.945467247166192,0.941101039069918,0.942980398766713,1.01574368083481,0.945213743533963,0.944462187444973,0.927254073844447,0.945669859190234,0.949867395716129,0.958960224434664,0.978267507190088,0.983233195263918,0.98175248758515,0.981401145256932,0.978648030110956,0.984754170164691,1.01131678403056,1.01040898240497,0.986283740034986,1.02287400381243,1.01043603411649,0.991715266309924,1.01236486419217,1.01452036010934,1.04750993876103,0.966769376707425,0.945213743533963,0.991321550615148,1.00401044845181,1.03977814873286,1.05735222198313,1.0233870387185,1.02260367037716,1.02886056368331,59.1457409655015,59.0863160344916,59.9999931528418,59.159399540281,59.1756668470572,59.1841325311871,59.1783532075921,59.1418513379133,59.1718875868382,59.1100982700173
2.94565680463031,292.882525860659,748.680346140583,0,683.060188349651,530.806467590712,719.322285143304,565.430464459132,564.258005927951,863.885494795977,1189.6179925903,207.266814908412,165.086478382864,0,70.2019567568057,139.406441100726,242.677588288376,213.09737236832,23.4590274656996,64.7730069830382,232.024620422728,1.02474086800899,1.01273649657121,0.982847565601876,0.94656065367291,0.945484859555075,0.945688980154738,0.941286746711804,0.943149954565472,1.01580757222963,0.9452594761768,0.944564804832648,0.927298937534521,0.94565839575414,0.949707789978834,0.958415899293278,0.977601859924185,0.982630116304572,0.981228233860687,0.980687917960917,0.977835349570642,0.984028781936841,1.01060198450099,1.00970522201622,0.98558795793734,1.02263280654212,1.00981242643058,0.991102748388402,1.01151727007457,1.01364076416338,1.04729196128849,0.967696815327112,0.9452594761768,0.990726659389966,1.00308521799087,1.03913815702565,1.05683000602023,1.02324362687893,1.02174261651924,1.02883754057738,59.1322728195316,59.0633814831899,59.9999931528418,59.1469215478955,59.1753681135474,59.1669485272459,59.1609747992071,59.1292629681214,59.1701572339327,59.1022175939396
2.96847981836145,293.118539179184,741.604110354721,0,682.883261666495,533.525221081928,721.911426519109,566.846736357016,563.606712799725,867.529087241831,1182.33256721415,208.235292704217,166.753085612836,0,71.0973949805784,138.417112219148,243.491071267983,213.865756646739,23.8876097295301,65.1212796674148,232.864067852686,1.02447846631615,1.01232687282926,0.982456115182239,0.94651145143316,0.945730109840956,0.94599124135471,0.941545447944859,0.943388579117327,1.01589890206251,0.945363325016422,0.944732663159037,0.927400813179465,0.945697964904818,0.949581416955032,0.957864256156262,0.976912604568351,0.981986530625916,0.980671733337126,0.979873295562521,0.976860074335718,0.983316978877257,1.00992210988671,1.00903187515936,0.9848808469845,1.02234889300502,1.00905414353341,0.990396256149286,1.01043227748229,1.01250234754641,1.04705473798034,0.968805917044358,0.945363325016422,0.990041894704804,1.00192772342079,1.03854531449729,1.05631955861915,1.02306847545094,1.02060291618933,1.02881640381953,59.1186881538947,59.0442784564777,59.9999931528418,59.1345353850358,59.1736334295846,59.1484896710753,59.1425798114553,59.1171622156333,59.1670475299883,59.0946199519215
2.99130283209259,292.867086645452,733.946878356858,0,682.504381681578,536.88016934769,723.548287652961,567.567148285707,562.827998150456,871.761250034205,1176.52030580225,209.246587725919,168.543316773245,0,72.0444024993582,137.103859219895,244.300975808381,214.463726687979,24.3336983039106,65.4206812854739,233.595653839334,1.02421672946543,1.01188871744105,0.982048476192488,0.946480707746944,0.946015369296838,0.94633794901599,0.941844692016411,0.943665562795553,1.01600463825122,0.945499699947575,0.944936805819797,0.927534596899146,0.945766359254713,0.949474727267913,0.957313966107587,0.976216153360983,0.981316581589259,0.980092914167106,0.978978789550824,0.975750556877194,0.982639393070901,1.00929938728798,1.00841092166726,0.984180473670023,1.02202616651111,1.00818177937576,0.989613553661411,1.00914429514558,1.0111423296055,1.04680117390394,0.970015201971312,0.945499699947575,0.989286320192983,1.0005743109907,1.03802075431067,1.05583965886563,1.02286087649843,1.01922394064662,1.02879574052709,59.1051837306166,59.0294585015413,59.9999931528418,59.1223936158694,59.1699956357615,59.1292003132114,59.1236091537626,59.1056713268679,59.1622194517245,59.0872539868191
3.01412584582373,292.132336428547,726.136547798884,0,682.031273388591,540.700935708466,724.173043829398,567.572868892605,562.010453504735,876.392919538307,1172.07542589021,210.286200133664,170.367029102795,0,73.026681459609,135.529243459738,245.088098093112,214.881287371125,24.7843556161016,65.6752038498133,234.249351426738,1.02395876264439,1.01142937699152,0.981628656922788,0.946451856904132,0.946307438423497,0.946692371781422,0.942151409168121,0.943949608847272,1.01611149475052,0.945642782048817,0.945147920013812,0.927674960348375,0.945841261806486,0.949374331039072,0.95677398512476,0.975529195921281,0.980636006027095,0.979503350437033,0.978029977684289,0.974542164231847,0.982014132271007,1.00875186534804,1.00786047351713,0.983504255649372,1.02167122383608,1.00722229296756,0.988776681536753,1.00769864714942,1.00960976975678,1.04653594877522,0.971240650821596,0.945642782048817,0.988482428907806,0.999071647049924,1.03758055008517,1.05540623806985,1.0226225495219,1.01765770423757,1.02877426867532,59.0919591179915,59.0191357331752,59.9999931528418,59.1105865946195,59.164088151845,59.1095682551758,59.1045273750961,59.0948508060373,59.1554207920692,59.0800710083196
3.03694885955488,290.946036277325,718.611100856558,0,681.570011983046,544.794854811282,723.78057687715,566.882375811615,561.237632257384,881.219234132249,1168.85059829299,211.333450033696,172.139824183849,0,74.022852869864,133.769163625287,245.831210295173,215.115935889726,25.2251975472239,65.888339599093,234.84915073746,1.02370866697264,1.0109595621166,0.981204355634027,0.946412804495112,0.946578275057838,0.947023170997226,0.942437413908242,0.944214083123153,1.01620828228485,0.945771626657403,0.945341738994608,0.927801356826447,0.945905047733225,0.949271037574003,0.956255850883202,0.974870358792942,0.979963668818262,0.978917953399822,0.977057630568971,0.973277843663195,0.981458217373669,1.00829465533281,1.00739596171455,0.982870555184531,1.02129422167843,1.00620946349294,0.987912889107795,1.00615096109001,1.00796467065308,1.04626570843851,0.972406948334546,0.945771626657402,0.987657162689458,0.997476612609468,1.03723682361518,1.05503318770984,1.02235861256413,1.01596754537275,1.02875119629298,59.0792062926955,59.0132780537312,59.9999931528418,59.0991404001094,59.1556646084117,59.0900987904566,59.0857985420771,59.0847003481312,59.1464978413937,59.073026650251
3.05977187328602,289.366026695418,711.792434410908,0,681.213943651633,548.960222730681,722.422010815073,565.55046388289,560.581157845479,886.032589841157,1166.67093212945,212.362070024968,173.787570910968,0,75.0067616239069,131.909360868605,246.507788728945,215.172608110183,25.6409447827989,66.0623707415459,235.410336071735,1.02347160289856,1.0104932072658,0.980786873973892,0.946356644865565,0.946806427609309,0.94730597506274,0.942680863442293,0.944438412116285,1.01628661186742,0.945871257030598,0.945500287329686,0.927899094158392,0.945945728327998,0.949160427822073,0.95577338808327,0.974259663204272,0.979321018305511,0.978354581144208,0.976096922977725,0.972006836651917,0.980986998828214,1.00793935028665,1.00702955618485,0.982298117173179,1.02090871421435,1.00518273929122,0.987053756286638,1.00456503712086,1.00627562858642,1.04599904970588,0.973450785931567,0.945871257030598,0.986841236103786,0.995854432396194,1.03699722456757,1.05473180807368,1.02207769582125,1.01422555535032,1.02872633266564,59.0670986340582,59.011608582479,59.9999931528418,59.0880211662018,59.1446093947585,59.0712871261319,59.0678620939197,59.0751647435358,59.1354003177762,59.0660820555819
3.08259488701716,287.475197416854,706.061640183065,0,681.034498838989,552.998756423826,720.202773404792,563.665180141366,560.095036309803,890.634210819227,1165.3482210117,213.341259768821,175.248204567699,0,75.9483513430504,130.041321769789,247.095011192463,215.063317593289,26.0162272234471,66.1981307307638,235.938365821378,1.02325365283546,1.01004688406388,0.980390515344574,0.946281668232822,0.9469776084269,0.947524055283504,0.94286688083182,0.94460867506215,1.01634118884376,0.945932962465555,0.94561229696263,0.927959627150325,0.945957134398053,0.949042758907197,0.955342033548487,0.973717724740019,0.978731165471676,0.977833220722185,0.975186164739257,0.970782768155324,0.980613610743032,1.00769367945055,1.00676980107986,0.981805343820577,1.02053101834449,1.00418547557434,0.986233806652645,1.00300998238163,1.00461674515451,1.04574614006923,0.974322935640704,0.945932962465555,0.986068057858562,0.994276036335685,1.03686476834168,1.05451048863565,1.02179160427044,1.01250931609467,1.02870010466003,59.0557804586236,59.0136216314016,59.9999931528418,59.0771454988058,59.1309396939686,59.0535908342285,59.0511100533733,59.0661442383461,59.1221801368005,59.0592045781035
3.1054179007483,285.377479498795,701.735535077665,0,681.074590783003,556.726226734467,717.277315257645,561.342928745498,559.812093688382,894.84352543677,1164.69516944077,214.237693546874,176.472129205966,0,76.8151825950499,128.257775037663,247.571235714377,214.806610871053,26.3365478264012,66.2953034273391,236.429655673246,1.02306148332153,1.00963878713543,0.980031441907182,0.946190526348666,0.947084188190344,0.947667861760146,0.942987127986057,0.944717187323264,1.01636960475058,0.945953615568813,0.945672591680024,0.927979887831279,0.945938170131271,0.948922069499115,0.954977702060524,0.97326461737095,0.978217537185068,0.97737470304302,0.97436496362323,0.96966104529406,0.980348373337075,1.0075613018859,1.00662136959599,0.98140932310035,1.02017915730149,1.00326258901509,0.985488604687173,1.00155666573671,1.00306386133477,1.04551811529225,0.974988316151651,0.945953615568813,0.985372163671409,0.992814611847775,1.03683793223921,1.05437453660104,1.02151454328358,1.01089801549796,1.02867346081196,59.0453575987975,59.0186123649772,59.9999931528418,59.066395636209,59.1147998598328,59.0374040452329,59.0358668785094,59.0575081802834,59.1069849277131,59.0523679965995
3.12824091447944,283.192685257529,699.047122477501,0,681.345137406531,559.980702096693,713.840722255105,558.722074343784,559.742571927884,898.504895740199,1164.53838719341,215.017915474335,177.421580236829,0,77.5744450503833,126.647959982705,247.917686506284,214.426765851785,26.589308895874,66.3531208484488,236.873593078468,1.02290187187541,1.00928744631744,0.979726237402343,0.946088950819991,0.947124092258894,0.947733926161047,0.94303879000028,0.944761516341701,1.01637183219631,0.945934464286168,0.945680912373979,0.927961100435282,0.945891575533478,0.948804877629135,0.954695453437173,0.972918595975043,0.977802319132906,0.976999180477418,0.973672012264695,0.968695786704497,0.980198264917415,1.00754180341985,1.00658500278532,0.981124783169701,1.01987152325656,1.00245786837374,0.984852563844889,1.00027378743747,1.00169041519401,1.04532628762397,0.975424976197393,0.945934464286168,0.984787329646529,0.991541597319601,1.03691103368446,1.05432617825534,1.02126202922877,1.00946823377566,1.02864770637208,59.0358898706454,59.0257187118403,59.9999931528418,59.0556376333228,59.096449516338,59.0230349842286,59.0223730417669,59.049110439743,59.0900474835817,59.0455522628866
3.15106392821058,281.049794161465,698.13155297717,0,681.824959199917,562.628248920142,710.117738054941,555.955494039829,559.875063771841,901.491827031504,1164.72971879925,215.650911242632,178.069722385485,0,78.1952852325998,125.29293103157,248.12013386892,213.952738925913,26.7647427818126,66.3712741912197,237.255093367524,1.02278118236904,1.00901033848045,0.97949040464313,0.945984349020842,0.947099484085867,0.947723533948233,0.943023342308098,0.944743287617812,1.01634960105802,0.94587976285173,0.945640559981852,0.927907438363262,0.94582254816663,0.948698785437034,0.954508159365745,0.972694818331115,0.977504869020171,0.976724566965023,0.973142681855566,0.967936520305913,0.980166509060454,1.00763087335573,1.00665761316919,0.980963084088356,1.01962544340625,1.00181119206316,0.984356684679383,0.999223863744851,1.00056322573708,1.04518129952694,0.975622607436752,0.94587976285173,0.984344520260378,0.990522409103269,1.03707482011282,1.05436468783233,1.02104963222974,1.00828968576946,1.02862431132869,59.027385983743,59.0339728605495,59.9999931528418,59.0447406151143,59.0762470010385,59.0106882728988,59.0107731693652,59.0408050185244,59.0716724199175,59.0387428332828
3.17388694194172,279.079446626466,699.018656387723,0,682.463910074205,564.56627803538,706.349809682754,553.202492337085,560.179518503613,903.709041807352,1165.15525558967,216.110482602942,178.400099047237,0,78.6511927366587,124.261202980673,248.170321750988,213.416853743974,26.8566285176058,66.3508290453848,237.557020370669,1.02270486784307,1.0088225700239,0.979337022091525,0.945884593720094,0.947015613515031,0.947641561252373,0.942945466448294,0.944667133248244,1.01630583658371,0.945795597074513,0.945557224449112,0.92782487178995,0.945737566194316,0.948611297646214,0.954425373579436,0.972604223663016,0.977340293816043,0.976565146536883,0.972806655507226,0.967424953914481,0.98025233215967,1.00782064253094,1.00683254084885,0.980931372575839,1.01945582540326,1.001355926578,0.984026461705422,0.998459469410817,0.999738550922039,1.04509231606759,0.975581213752453,0.945795597074513,0.984069864263415,0.989812278343556,1.03731720075274,1.05448660480092,1.02089170664033,1.00742124898969,1.02860473397188,59.019801371387,59.0423589265711,59.9999931528418,59.033595112151,59.0546297652751,59.0004531420598,59.0011092898985,59.0324602879492,59.0522211932601,59.0319296516535
3.19670995567286,277.405954477042,701.632508142723,0,683.18881520931,565.724986333764,702.780908435315,550.620484790907,560.611919716813,905.093038638467,1165.7416509919,216.377184661778,178.406817003441,0,78.922177489003,123.605040790356,248.066940451638,212.853256115442,26.8626937899959,66.2949484256269,237.761958011721,1.0226770686771,1.00873577707556,0.979275730745418,0.945797220411931,0.94688007892401,0.947495735458556,0.942812356073945,0.944540016780331,1.01624428509783,0.945689138028655,0.945438241771862,0.927720435534462,0.945643638616431,0.948549058725763,0.954452549941436,0.972652689455501,0.977318345824705,0.976530510762266,0.972685824172022,0.967192118734903,0.980450920781069,1.00810014769844,1.00709993460476,0.981031993071372,1.01937403926418,1.0011167503961,0.983880165193638,0.998020050513812,0.99925873730924,1.04506635343584,0.975310327965857,0.945689138028655,0.98398284077717,0.989452576352582,1.03762404001852,1.05468599733524,1.02080025145372,1.00690757696517,1.02859029217796,59.0130391997805,59.0498729364021,59.9999931528418,59.0221286630156,59.0320931370003,58.992298362608,58.9933194713309,59.023970531923,59.0320963860099,59.0251058698637
3.22472370686162,275.921416183345,706.919699646667,0,684.061194464426,566.031385921343,699.020770835464,547.906173118222,561.237834027692,905.609363554285,1166.64393757301,216.424823520263,177.983947920732,0,78.9856294768646,123.360041217701,247.740345912303,212.175283284947,26.7559460162731,66.1868193363538,237.854812007648,1.02271295088453,1.00877783874813,0.9793344080995,0.945717593336514,0.946658625626687,0.947246072421818,0.942588674308626,0.944328866356189,1.01615145527448,0.945540722615891,0.945257419944638,0.927574840110019,0.945527642154841,0.948515713126866,0.954637177819828,0.97290194790771,0.977491106879173,0.976664289623389,0.972848953145481,0.967312625660334,0.98083509803782,1.00854506388014,1.00753510172158,0.981331502324436,1.01940377537916,1.00113874861467,0.983965610036448,0.997958601672791,0.999177729386413,1.04512691154705,0.974695279648275,0.945540722615892,0.984148395173486,0.989524591471092,1.03806528433769,1.05502396757081,1.02079159729644,1.00680142425131,1.02858128109164,59.0056360248156,59.0565046220705,59.9999931528418,59.0075883784908,59.0039851731506,58.9848863821159,58.9860580146252,59.013248605569,59.0071264759543,59.0167079116119
3.25273745805037,275.201573205424,714.035080301201,0,684.759336063758,565.112564434669,696.273924884107,545.900419141688,561.879127278449,904.83309228989,1167.78606440274,216.162854929048,177.122101634992,0,78.7518382806035,123.745738557593,247.217772486309,211.565354980998,26.5334823264956,66.0491715300254,237.746000920477,1.0228268146609,1.00898649050464,0.979541641668219,0.945678942495689,0.946397378948602,0.946941583685378,0.942319441831804,0.94407681029012,1.01604855357645,0.945388369253337,0.945056244082997,0.927425381559393,0.945424144124984,0.948537228535233,0.95498145273477,0.973349666371626,0.977877616802654,0.976988430076147,0.973354889068439,0.967882264795766,0.981352779838479,1.009076185173,1.0080631723058,0.981810506069269,1.01957923981106,1.00151019353875,0.984341429597613,0.998429630245156,0.999663489688209,1.04529081910049,0.973820184841347,0.945388369253337,0.984614804616404,0.990166270935101,1.03855139973217,1.05544750930204,1.02090386776169,1.00728236400735,1.02858331326626,58.9988995759549,59.0589863552161,59.9999931528418,58.992606165702,58.9762975412692,58.979868706715,58.9808798776745,59.0021505982765,58.9825915646998,59.0082768590998
3.28075120923912,275.336650270576,722.342448117654,0,685.126960034721,563.035306022996,694.81626523955,544.776458784278,562.448028557858,902.835591970791,1169.28909633408,215.606889797477,175.891331516722,0,78.239766268832,124.73342819192,246.537541230978,211.072924108648,26.2122804730194,65.9010877705169,237.405611903127,1.02301627332963,1.00935542890564,0.979890931174891,0.945693237355819,0.946125382588077,0.946614754614551,0.942033952161211,0.943811561507806,1.01594763819339,0.94525292406281,0.944859266316757,0.927292509914639,0.94535029975881,0.948621439667564,0.955470130864179,0.97397372501195,0.978459113365139,0.977488385388767,0.974181341440297,0.968872863811969,0.981975234767591,1.00966294320071,1.00865413516715,0.982444226727237,1.01989372281336,1.00221049948298,0.984987922422771,0.999404846105752,1.00068686283672,1.04555396596342,0.972763138602352,0.94525292406281,0.985363800795081,0.991343324819229,1.03905425951163,1.05593481368519,1.02113620581843,1.00832263362511,1.02859769218469,58.9924218492198,59.0562572969831,59.9999931528418,58.9773696167816,58.9500069704295,58.976553105514,58.9771433987356,58.9907007295071,58.9592738893801,58.9997999569589
3.30876496042787,276.3390243554,731.126178727696,0,685.045762145652,559.932297144603,694.804135713783,544.633224265485,562.879598635603,899.754731925044,1171.3411470774,214.788812511682,174.3956001364,0,77.4878612849229,126.250170846646,245.746708295222,210.733247431274,25.8133762772143,65.7626885413405,236.801689678158,1.02327580381336,1.00986918750833,0.98036920666477,0.945774125772682,0.945878840542092,0.946306320250921,0.941768854437396,0.943567743343131,1.01586351133486,0.945160225706357,0.944697087465815,0.927201572886611,0.945327190372925,0.948777335254825,0.956082103301915,0.97474305030966,0.979206276150666,0.97814056145343,0.975284441419968,0.970226863264769,0.982670397363928,1.01027501898624,1.00927750766757,0.98320067965201,1.02033185970112,1.00319731025349,0.985868431214832,1.00082142577301,1.00218175339602,1.04590668326427,0.971624772037441,0.945160225706358,0.986358092387196,0.992983294954425,1.03954865421655,1.05646225934835,1.02147938720253,1.00985595745809,1.02862557708915,58.9857693942228,59.0477272536606,59.9999931528418,58.9621671443936,58.9260097150331,58.9741131544859,58.9740982411763,58.9789893615411,58.937893232994,58.9912579647684
3.33677871161662,278.138150210005,739.655634416926,0,684.45415030094,555.997317654985,696.25862759339,545.48512802332,563.13897814791,895.792386979933,1174.16885881153,213.752822611542,172.768125213133,0,76.5500592075415,128.185817409544,244.895941228881,210.563356069283,25.3593499497098,65.6518294397619,235.900523750921,1.02359739245002,1.01050505627545,0.980958984440443,0.945937529016939,0.945700262369511,0.94606415442603,0.94156718001784,0.943385995307988,1.01581342703919,0.94514096503395,0.944605908354201,0.927182678179359,0.945379987549418,0.949015986740109,0.956793169170473,0.975620935864395,0.980082560909835,0.978915239036827,0.976603291502936,0.971863391353247,0.983405923735861,1.01088497083939,1.00990497130892,0.984043964976895,1.02087192687433,1.00441121633829,0.986933458743459,1.00258844107309,1.0040517614719,1.04633497351006,0.970523956362185,0.94514096503395,0.987545148744343,0.994983233600183,1.04001429515045,1.0570061781966,1.02191738854879,1.01178397708636,1.02866807272604,58.9785238012026,59.0333104447476,59.9999931528418,58.9473529645261,58.9050693983869,58.9716654955553,58.9709494477118,58.9671501781014,58.919066108981,58.9826229393731
3.35826831748243,279.973333552678,745.613125768067,0,683.653315824961,552.55963249734,698.307492130712,546.775100288008,563.21751183856,892.307372800367,1177.00468042946,212.841285056333,171.521937818196,0,75.7428331454805,129.873256955456,244.232396671314,210.547508095862,24.9869910345977,65.5933231193451,234.987590626671,1.02388034740427,1.01105923373782,0.981475188312796,0.946129455377216,0.945637139657972,0.945954586010251,0.941483565304732,0.943315186419031,1.01580930061765,0.945196337132185,0.944607965912786,0.927236998172193,0.945488788282254,0.949262970336901,0.957390954402809,0.976344698856289,0.980818311509474,0.979572965007966,0.977718508761064,0.97325319021676,0.983979442105525,1.01133769266085,1.01037447089252,0.984727793978918,1.02134014593435,1.0054544307301,0.987841363682623,1.00411598505222,1.00567077475702,1.04670472619941,0.969782271526375,0.945196337132185,0.988549244296025,0.996688260612666,1.04034327811948,1.05742130177285,1.02230541654003,1.01345863195626,1.02871120565382,58.9723402575768,59.0184733195038,59.9999931528418,58.9364777695493,58.8914426377205,58.9692624377753,58.9679964764974,58.958072022173,58.9066509172182,58.9759140250292
3.37975792334823,282.095492222765,750.74043896439,0,682.582792452367,548.906564195744,701.052669055653,548.54425876779,563.201879160807,888.59411010648,1180.53184947743,211.857035879748,170.359206180907,0,74.8947482834104,131.657958804857,243.582841169562,210.620434294751,24.6042722238228,65.5610001947434,233.867995348425,1.02418910178884,1.01165545189798,0.982035973793888,0.946388144737688,0.945661698850029,0.945937704963015,0.941485457215498,0.943326387690139,1.01584429513107,0.945329990313602,0.944692861537383,0.92736811185713,0.945671303173205,0.949572238795396,0.95802189385937,0.977092598439029,0.981588286267936,0.980268543621194,0.978884422169252,0.974706972580749,0.984547986670165,1.01176895792248,1.01082440945785,0.98542598907425,1.02184136927817,1.0065559470702,0.98879702599407,1.00573079775332,1.00738349595869,1.04710080952553,0.969196097959726,0.945329990313602,0.989600216062301,0.99847367616336,1.04064416821396,1.05782500095151,1.02272677823694,1.01523388681122,1.02876386901752,58.9654594364316,59.0007522712913,59.9999931528418,58.9262141065257,58.8801504173382,58.96599287473,58.9642075426829,58.9490736830703,58.8961752276217,58.9691080436921
3.40124752921404,284.388553655344,754.813342060931,0,681.297039192098,545.179382199684,704.349374213592,550.697654489146,563.11084334349,884.804742102865,1184.82824115583,210.825590156996,169.34763833728,0,74.0371856591657,133.468456304386,242.964356098281,210.765153326748,24.2194095721272,65.5540088497742,232.53475594066,1.02451822619917,1.01227947710656,0.982631666355392,0.946720101755857,0.945791983959844,0.946033916382773,0.941591086215215,0.943436769330596,1.01592537218674,0.945555208660763,0.944876176880506,0.927589050910724,0.945938502334692,0.949948791640071,0.958676134898789,0.977848945500199,0.982374963160337,0.980987326341555,0.980067073490796,0.976178816331002,0.985103029430188,1.01217506213716,1.01125005725543,0.986125009797924,1.02236351483597,1.00768141208294,0.989773365501472,1.00737726290531,1.00913018497852,1.04751461806366,0.968817218794213,0.945555208660763,0.990668212954135,1.00027997807044,1.04091739837494,1.05821116703848,1.02317066192239,1.01704708965913,1.02882614390066,58.9577935323922,58.9806494032713,59.9999931528418,58.9166985967928,58.871285853083,58.9615633842422,58.9593172874577,58.9402115125361,58.8877162547017,58.9621814196771
3.42818557234513,287.297575644778,758.167313154431,0,679.500421444101,540.635710169315,708.97735406624,553.749524990371,562.928838895226,880.201688479947,1191.37634580459,209.506205586126,168.383383179396,0,72.9964779857513,135.663627449102,242.254371492204,211.011119347014,23.745677106852,65.574768551246,230.565500785881,1.02495018837178,1.01307811988643,0.983411668509777,0.947245174017906,0.946124830000961,0.946337454017227,0.941890526313734,0.943734422960695,1.01609926640319,0.945981149181726,0.945262151975858,0.928006898287531,0.946404445026431,0.950519719599484,0.95951461654478,0.978787023093992,0.983358882472254,0.981898911723952,0.981522609295926,0.977980636745082,0.985771007105256,1.01264833693933,1.01174732398798,0.986984573311199,1.02302901040776,1.00907350790688,0.990985472275414,1.00939981867313,1.01127495878806,1.04804461449561,0.968698555591421,0.945981149181726,0.991986380996267,1.00248432865987,1.04122697980578,1.05866493615191,1.02374182999851,1.01927561743214,1.02891720441396,58.9470211666855,58.9530691598139,59.9999931528418,58.9059776151979,58.8635887464379,58.9540409784293,58.9513298493029,58.9293585251553,58.8799507768032,58.9532871863077
3.45512361547622,290.009451984074,759.401885414068,0,677.65456963732,536.490832578129,713.805363483421,556.953051638166,562.717516967778,876.044396435773,1199.23589172099,208.199793129336,167.830822380647,0,72.0416334187186,137.662663034295,241.633504866206,211.280514127799,23.2931292204141,65.6163450616148,228.288538703382,1.02539268773027,1.01387038021572,0.98421057298936,0.947890790685058,0.946656797345917,0.946857268557412,0.942386667440819,0.944219248127659,1.01635608143703,0.946573130456078,0.945830254568043,0.928587631536598,0.947020252677641,0.951199245895557,0.960358919037421,0.979693808181166,0.984315111197603,0.982799637171637,0.982898778423886,0.979667053777994,0.986403909834916,1.01308745440373,1.01220796767167,0.987810530599314,1.02368755837651,1.0103915617058,0.992143390713011,1.01128828703032,1.01327470112114,1.04857229888891,0.969019401190373,0.946573130456078,0.993237955199404,1.00453388385537,1.04151215228279,1.05908376375421,1.02431153443689,1.02135344090057,1.02902115297718,58.9349964682756,58.9240717052907,59.9999931528418,58.8966734945875,58.8594931726333,58.9441335779731,58.941098951691,58.9188278751779,58.875179776372,58.9441103377782
3.48206165860731,292.277300719783,758.461762056252,0,675.935646290713,533.00250422805,718.431363714473,560.026929338824,562.523677203954,872.628889178052,1208.34455635816,206.950251578144,167.730363458966,0,71.222258061198,139.358050348541,241.126935879801,211.519606916272,22.8722888940477,65.6537286257961,225.756707776035,1.02583311400548,1.01463147591771,0.985007571020887,0.94864606377478,0.947382628211955,0.947589141745618,0.943074750573242,0.944886222778501,1.01669100548726,0.947323899328122,0.94657423259513,0.929324135314042,0.947777658565228,0.951976402753465,0.961191933818168,0.980549280055254,0.98521857854542,0.983666019741039,0.984146714405966,0.981172811280835,0.986999374533312,1.01350065795536,1.01263862211195,0.988588627300174,1.02432090592553,1.01158591988454,0.993208134168238,1.012960542835,1.01504035609353,1.04908417492816,0.969790737169551,0.947323899328122,0.994378760068902,1.00634425014301,1.04178726578927,1.05946919437203,1.02486252643308,1.02318496254703,1.02913501466635,58.9218751851187,58.8950970386344,59.9999931528418,58.888757035549,58.8585893581056,58.9318325374506,58.9286178862358,58.9086247801605,58.8730592915536,58.9345991071596
3.51819200384692,294.233579920215,753.998003530834,0,674.153463457944,529.758195929232,723.62350508796,563.444813118516,562.350513764591,869.630695032484,1222.18778332945,205.443240388967,168.299744828969,0,70.383672820024,141.002666089393,240.58094901209,211.684488690678,22.3864753847833,65.7035346906505,222.120579027701,1.02639372982094,1.01555220014924,0.986028223887269,0.949784459364612,0.948607386054299,0.948848724636568,0.944247469770182,0.946016903301707,1.01723614501352,0.948531010659373,0.947797234057766,0.93050831075609,0.948968524850589,0.953129291315955,0.962264614989004,0.981594852232912,0.986309472124149,0.984733333647461,0.98556534866731,0.98283156282162,0.987753649981119,1.01404970401309,1.01320078320216,0.989547462566674,1.02509058392449,1.01290634793764,0.99442409915475,1.01472298844636,1.01688903120573,1.04970844368673,0.971454305234978,0.948531010659373,0.995690117324968,1.00829206387853,1.04218756305236,1.0599538020051,1.02553675922683,1.02509330747212,1.02929489229522,58.9030779711179,58.8588622769906,59.9999931528418,58.8799934537584,58.8612312206385,58.9120538018651,58.9087949345712,58.8953942529094,58.8734100598538,58.9212335450116
3.54307947814045,294.718628119817,749.044278424723,0,673.389105072915,528.618933215644,726.200757650043,565.090493722734,562.302600381681,868.79791186319,1232.53245463377,204.55252143657,169.104085474259,0,70.0111195169536,141.66745210735,240.324933002895,211.657707676648,22.1125975763278,65.7040350545929,219.566932042064,1.0267468831661,1.01610129038742,0.986676357155652,0.950616930893683,0.949573049074099,0.949853780428457,0.94517724714021,0.946910169103032,1.01765347805087,0.949454688134655,0.948746413096491,0.931414437764522,0.94986637382986,0.953963359607873,0.962953460284706,0.982231498035509,0.986961486812223,0.985385163670263,0.986342372735777,0.98369735780302,0.988241941355732,1.01443103883873,1.01358400248267,0.990140493209584,1.02555456856457,1.01360200922548,0.995097305601778,1.01557678333919,1.01777285733319,1.05008862530181,0.97294217433425,0.949454688134655,0.996418730622933,1.00926975594803,1.04249396608013,1.06027041110274,1.02594629836042,1.02599513929667,1.0294042407366,58.8897002069235,58.8369561989693,59.9999931528418,58.8749144642576,58.8648471779923,58.8967052714612,58.8935233124409,58.8865317251297,58.8751325333481,58.9115843379457
3.56796695243398,294.419587157797,742.925396930118,0,673.080679510262,528.447707074064,727.72273203834,565.976606342051,562.308533595258,869.047064646738,1243.18609394943,203.81568643979,170.170659045017,0,69.816986833185,141.925987857314,240.155435540254,211.487507307163,21.9014911790126,65.6761988982059,217.092724559228,1.02706011924691,1.01656124499671,0.987255413221057,0.951446964843775,0.950581982765283,0.950911239961675,0.946151562053284,0.947844084152553,1.01807970228668,0.950403400896822,0.949729459727179,0.932345124373594,0.950780385779702,0.954790694958131,0.963582586459322,0.982788536781983,0.987515798877029,0.985949565868143,0.986940254155136,0.984318300550273,0.988705639453261,1.01482317698395,1.01397168796704,0.990671207580021,1.0259482820089,1.01409855470243,0.995615324572345,1.01610270210419,1.01830289759066,1.05041459729995,0.974605084744018,0.950403400896821,0.996990662756574,1.00992738950637,1.04283657167108,1.06057928744055,1.02629764613636,1.02652261187661,1.02950723355031,58.8763753476543,58.8185954670555,59.9999931528418,58.8702857333901,58.8691075366096,58.8805477843619,58.8775038841026,58.8778206054476,58.8773675500944,58.9015503819981
3.59285442672751,293.349543349826,736.035903169441,0,673.229522372611,529.230025721778,728.082419709547,566.017637190005,562.346703756107,870.358178026151,1253.79125120858,203.253003975405,171.418575952134,0,69.8011538085476,141.785934526975,240.067596693102,211.167768352682,21.7621438968686,65.6208775720058,214.799124119066,1.02732431214624,1.01692052454711,0.987747390247695,0.952237182412007,0.951582036619978,0.951965492881816,0.947119442463618,0.948769915048559,1.01849240239333,0.951330932427532,0.950697156096069,0.933255032208076,0.951667372478301,0.955575813459925,0.964135646278461,0.983256563362779,0.987961087545345,0.986412788372589,0.987352492225987,0.984689698526087,0.989140752516115,1.01522541764606,1.01436342279481,0.991132046465594,1.02626128872725,1.0143867589628,0.99596807662402,1.01629328057515,1.01847206564543,1.05067839564919,0.976343216096017,0.951330932427532,0.997399365189506,1.01026212678834,1.04321548140209,1.06088121430503,1.0265827455058,1.02666906007425,1.02959932931224,58.8634508348283,58.8043842317973,59.9999931528418,58.8658065233358,58.8733141253246,58.8641768551086,58.8613096422482,58.869227458404,58.8795254062223,58.8911268439335
3.61774190102104,291.576420875135,728.825981461052,0,673.789969721545,530.892908224756,727.257274473902,565.189922152969,562.386767442608,872.64287879359,1263.95220342592,202.87938164622,172.763223149861,0,69.955675260555,141.275019873639,240.054465414377,210.706883470661,21.7014240747295,65.5439629181575,212.778979743949,1.02753230621045,1.01717148534696,0.988137037604943,0.952951322911399,0.952521454936209,0.952961150005416,0.948030389588819,0.949639528217554,1.01887049273463,0.952191557703296,0.95160068880002,0.934099305049622,0.952484723990182,0.956284033070871,0.964597005564229,0.983626787286334,0.988288358360342,0.986763575920894,0.987578424222766,0.984815684570836,0.98953962850594,1.01563088699623,1.01475308068815,0.991514642222673,1.02648561013414,1.01446539514379,0.996151019926939,1.01615568573265,1.01828936634067,1.05087438803323,0.978054350215589,0.952191557703295,0.997643340547624,1.01028343787388,1.04362327508306,1.06117298714519,1.0267957275399,1.02644539046757,1.02967669145401,58.8512556981382,58.7946650286779,59.9999931528418,58.861190814784,58.876799399518,58.8482241742864,58.8455516901185,58.8607387038749,58.8810439346123,58.880322962807
3.64262937531457,289.22359846799,721.769764595137,0,674.67242123706,533.310440197325,725.311192991586,563.533785664283,562.393638716955,875.752009229475,1273.25160843761,202.701868282258,174.122705339785,0,70.2646741825426,140.439336376618,240.107382756682,210.127042753015,21.7229394031864,65.4549715918295,211.109841100827,1.02767938518728,1.01731109461507,0.988413335876978,0.953557478561138,0.95335337309243,0.953847851538865,0.948838742497468,0.950409546870527,1.01919607382917,0.952944065953925,0.952395922977545,0.934837515159071,0.953194177297286,0.956884593925759,0.964953310447253,0.983892033828868,0.988492020237417,0.986994392106172,0.987623736162025,0.984709543300005,0.989891731520541,1.0160271583915,1.01512938924005,0.991810745324379,1.0266165978862,1.01434194841609,0.996166031603466,1.01571198006855,1.01778002599766,1.05099966185818,0.979643269866115,0.952944065953925,0.997726611660497,1.01001322264076,1.04404560669162,1.06144766282562,1.02693347643091,1.0258799964817,1.02973653431571,58.8400759000374,58.7894938153051,59.9999931528418,58.8561971130798,58.8789669059495,58.8333114357024,58.8308342771842,58.8523658151392,58.8814239944199,58.8691631678561
3.6675168496081,286.457185488327,715.335056768702,0,675.755168574813,536.314171642989,722.391488964429,561.15203497143,562.334454014677,879.488857985682,1281.27238898923,202.719178815683,175.423614364659,0,70.7054180108412,139.34071892342,240.215732648333,209.462434186075,21.8258690246323,65.3654042235298,209.848625135428,1.02776364865078,1.0173413283402,0.988570565053439,0.954030458074595,0.954039066613438,0.954583726036429,0.949506833687332,0.951044359691658,1.01945571273264,0.95355469881836,0.953046506817087,0.935436545605959,0.953764585979352,0.957352998757199,0.965194923928249,0.984047906113839,0.988570876335596,0.987102427763272,0.98750099742933,0.98439386928149,0.990185048750163,1.01639776149969,1.01547736829145,0.992013475028003,1.02665373383686,1.0140328750298,0.996021990010779,1.0149985004821,1.01698464216223,1.0510544518119,0.981027613252939,0.95355469881836,0.997659316289371,1.00948549632024,1.04446275098612,1.06169563695021,1.02699601086406,1.02501758490394,1.02977733922519,58.8301324421434,58.7886343111876,59.9999931528418,58.8506533541703,58.8793259944056,58.8200043455332,58.8177096675363,58.8441462965082,58.8802593390511,58.857687476604
3.68659962943528,284.172247512718,711.080146221419,0,676.637588917838,538.896722260665,719.621401409676,558.925875672698,562.228402605324,882.643574177193,1286.31694447505,202.85886303346,176.343266467338,0,71.1158009435919,138.364149054001,240.329111609165,208.920879376668,21.956780887094,65.3035104937499,209.179684864263,1.02778610807241,1.01729431240729,0.988610210368619,0.954292244723613,0.954448086528871,0.955026493566635,0.949906890652339,0.951423365397755,1.01960479399711,0.953911627789181,0.953430868454807,0.93578669269611,0.954093918621339,0.957612169596279,0.965299339921706,0.984092765096785,0.98854884082965,0.987103318043149,0.987304414963496,0.984028327762085,0.99036303702932,1.01665356687612,1.01571504859305,0.992102968044159,1.02662076499604,1.01368469753115,0.995812985306325,1.01429743155794,1.01621275383814,1.05105059897076,0.981910720906015,0.953911627789181,0.997515248975465,1.00893293044342,1.04476552542707,1.06186129544695,1.02699481001778,1.02418965802481,1.02979552654802,58.8234355835947,58.7906062664025,59.9999931528418,58.8459719887312,58.8781516678252,58.8111771518283,58.8090080706372,58.8379824129182,58.8781368370322,58.8487064134106
3.70568240926245,281.855741895069,707.614767826949,0,677.491087066002,541.611521907383,716.530346538941,556.454179233305,562.062037617324,885.924732464774,1290.21149968677,203.099724687656,177.168123099771,0,71.5724530750697,137.313927916681,240.461787772864,208.376871349847,22.1276596007137,65.2529157996597,208.778513173485,1.02777352009601,1.01719181384074,0.988582006907412,0.954460987895464,0.95474513062,0.955352008004364,0.950199212225168,0.951699245773884,1.0197080137889,0.954163128938766,0.953706070944452,0.936033415161839,0.954321598356995,0.957779116021096,0.965333290591747,0.984074420996519,0.988459480917235,0.987036672506409,0.987032156492058,0.98357583588531,0.990494952511229,1.01687525712564,1.01591889225968,0.992134542542715,1.02653844209989,1.01325650190951,0.995529696005821,1.01349306940814,1.01533349505604,1.05100986471759,0.982611533288678,0.954163128938766,0.997302340136904,1.00828014878458,1.04504132372897,1.06200037509467,1.02695398604024,1.02325287955807,1.02980267651398,58.8175801888626,58.7944931163436,59.9999931528418,58.8409089243501,58.8755913969065,58.8037361893243,58.8016776774429,58.8319763886698,58.8748460889032,58.8396018502561
3.72476518908963,279.604323781783,705.069622212101,0,678.254850932863,544.359982630963,713.258428154523,553.839190825595,561.834684898367,889.222613476891,1292.81326483158,203.431573408926,177.87820374602,0,72.0597707539328,136.229905252883,240.60775525616,207.853693602381,22.3321993780128,65.2177365854897,208.645544617071,1.02772803303341,1.01704008832534,0.988490129265414,0.954535223821156,0.954925172685813,0.955554476720489,0.950378864070706,0.951867505553735,1.01976486638238,0.954305411748108,0.953867680948454,0.936172994506069,0.954444479185972,0.95785234135072,0.965298704937406,0.98399614484037,0.988308578183464,0.98690767718707,0.986698228800758,0.98305689295451,0.990577319803308,1.01705530103948,1.01608221172544,0.992109268330035,1.02641189493664,1.01276527836785,0.995184311773548,1.01261523200672,1.01437930957664,1.05093587940025,0.983114574446686,0.954305411748107,0.997032791708837,1.00755502753708,1.04528007029306,1.06210894008675,1.02687732732036,1.02224191707202,1.02979942090653,58.8125598352582,58.7998892019583,59.9999931528418,58.8354937146238,58.8715963437785,58.7977861236357,58.795822972091,58.8261635968556,58.8703517923505,58.8304087936416
3.74384796891681,277.512136717473,703.539739803345,0,678.87663110122,547.045528576961,709.954797944938,551.190604718898,561.551992546357,892.431941477427,1294.00393370959,203.842426377568,178.458056630174,0,72.5620175156666,135.152893371783,240.761259157724,207.374796478157,22.5628166058597,65.201137436628,208.775557266036,1.02765232894768,1.01684628527233,0.988340195084141,0.954516038945831,0.954986553536282,0.955631676887695,0.950444156463105,0.951926736435189,1.01977609032889,0.954337759014558,0.953914496242147,0.936204727153583,0.954462328882206,0.957832859145034,0.965199181210476,0.983862663626718,0.988103397208543,0.986722972481588,0.986318263712097,0.982493845568393,0.990607882360231,1.01718723833841,1.0161993570263,0.99202959516662,1.02624741800317,1.01222966349012,0.994790603760155,1.01169560883445,1.0133845216214,1.05083286244975,0.983410155752763,0.954337759014558,0.996720359742801,1.00678752808024,1.04547271742657,1.06218394309198,1.02676937135755,1.02119323827347,1.02978660920935,58.8083353994635,58.8063349261132,59.9999931528418,58.8297843295579,58.8661718785183,58.7933717159771,58.7914902969757,58.8205779146727,58.8646636680562,58.8211659896364
3.76768712536773,275.256622701709,703.126557619981,0,679.393140931472,550.169203708374,706.021544495341,548.011600908534,561.14105986518,896.165112874132,1293.37385760058,204.446272289223,178.981141247258,0,73.1866790829777,133.881002127895,240.955991544329,206.874225832337,22.8742271734504,65.2101368847837,209.292669662878,1.02751996105275,1.01655708158109,0.988081881509343,0.95436622035063,0.95489902061525,0.955554103682593,0.950367267194175,0.951849914624047,1.0197286441039,0.954227207536757,0.953814701101124,0.936096276225069,0.954341045581908,0.957683520617679,0.964991552739404,0.983627717658353,0.987784019697014,0.986426138678659,0.985804986404746,0.981765139120916,0.990571850280186,1.01727654989529,1.01627405867621,0.991859481228179,1.02599992026669,1.01152885999499,0.994254076003927,1.01053886532276,1.01213955053894,1.05067065455098,0.983483074067988,0.954227207536757,0.996292930543067,1.0058177971276,1.04563678951581,1.06222740419118,1.02659848890689,1.01988814025662,1.02975865629915,58.8040601401884,58.8150779297217,59.9999931528418,58.8223699953646,58.8574877181455,58.7899745803898,58.7881812391915,58.8139625652941,58.8559707090974,58.809615840518
3.79152628181864,273.52504597104,704.367548258113,0,679.582513453882,552.894543737917,702.556941747079,545.166602659135,560.698879998465,899.44625214217,1290.30562441223,205.1276943328,179.267894249962,0,73.7844231411311,132.758153265427,241.14767416859,206.517589407437,23.1962002931097,65.2548428479088,210.18257229125,1.02735081760123,1.01622892362301,0.987757491709098,0.954085953480738,0.954636787789846,0.95529076811146,0.950121502927066,0.951612552545395,1.01961696705134,0.953957249951233,0.953547122451251,0.935831448007366,0.954068797357982,0.957404509450144,0.964702096766404,0.98332892825719,0.987410353007927,0.986070474163257,0.985277787966023,0.98104850192453,0.990454259937925,1.01727624101934,1.0162645154421,0.991619273670863,1.02571897906539,1.0108266580469,0.993693981973746,1.0094280512597,1.01095092951179,1.05047946121924,0.983231958086813,0.953957249951233,0.995850071788115,1.00488881473913,1.04570616987924,1.06221386402115,1.02639680396298,1.01865050115089,1.0297190398899,58.800716573211,58.8237005754713,59.9999931528418,58.8148173807495,58.8468896978306,58.7887644434809,58.7870514438268,58.8077795199599,58.8456888254173,58.7981390627147
3.81536543826956,272.426454155358,707.158657916556,0,679.438752080199,555.089005336629,699.813501049927,542.84820680709,560.271969895108,902.144546092621,1284.77928908525,205.863053803151,179.312985843255,0,74.3336253789937,131.851595917596,241.332665408382,206.33859312705,23.5126280976185,65.3372494892083,211.419541429395,1.02715014278542,1.01587542108981,0.987381046995323,0.953688077800885,0.954212712841483,0.954854777284106,0.949718876603712,0.951226170962991,1.01944617416582,0.953540732119093,0.953124678841297,0.935422844282082,0.953658350505923,0.957008422095574,0.964343255669613,0.982979511356715,0.98699934239267,0.98567173884246,0.984766250966585,0.980384859870202,0.990257666303349,1.01718251682003,1.01616782106524,0.991318694200668,1.02541880403258,1.01015773111987,0.993137396148694,1.00841839157938,1.00987789940419,1.05026777651544,0.982672771907451,0.953540732119093,0.995418319369553,1.00405431188341,1.0456735904051,1.06214339285709,1.02617402283741,1.01754254311275,1.02966929371687,58.7980558880682,58.831249484186,59.9999931528418,58.8073331555523,58.8346958356134,58.7894334147149,58.787802710351,58.8020336137532,58.8340802101814,58.7868232985449
3.83920459472048,272.029051276827,711.298149438828,0,678.995545182508,556.651732763666,697.996707299138,541.217427136558,559.913572668392,904.16637618464,1276.8615128574,206.632398882245,179.122121835894,0,74.8194979327736,131.216804933908,241.511422909574,206.362694572406,23.8096785086144,65.4591033126058,212.976873181463,1.02692223954693,1.01550800546615,0.986965449487546,0.953187447411904,0.953643826190487,0.954263917316917,0.949175386285345,0.950705931048605,1.01922182524761,0.952993889534976,0.952564091854611,0.934886392058985,0.953125445543441,0.956509767216689,0.963927053463518,0.982591437247548,0.986565985446667,0.985244041766874,0.984294761772019,0.979807999985087,0.98998563389143,1.0169940030256,1.01598310265571,0.990966929695802,1.02511206154964,1.0095513268357,0.99260742983101,1.00755569621566,1.0089694971743,1.05004289449679,0.981832798826655,0.952993889534977,0.99501968874748,1.00335869497175,1.04553531459898,1.0620170182944,1.02593865020533,1.01661570279474,1.02961058257368,58.7957914802797,58.8368609352215,59.9999931528418,58.8001152397323,58.8213057673871,58.7915540771707,58.790016327738,58.7966928364483,58.8214669835522,58.7757553529869
3.85755740706483,272.219069537995,715.238892881004,0,678.490301053337,557.382489802916,697.321536531916,540.505716109725,559.717631210634,905.226641179953,1269.22280788082,207.238503402512,178.824574343426,0,75.1457996876446,130.938635600406,241.647283805033,206.529936814271,24.0186476867368,65.5809339095776,214.378194998147,1.02673015451445,1.01522099916343,0.986625543944255,0.952741653144463,0.953119328214033,0.953716373167523,0.948672442537567,0.950224988351356,1.01901609029509,0.95249530724696,0.952050123779829,0.934397283155432,0.952642424009479,0.95606533056336,0.963574020511393,0.982272232759905,0.986224465654287,0.98490207950376,0.983969923885213,0.979438200640112,0.989727000109123,1.01678435239617,1.01578105980492,0.990665892473028,1.02487774367044,1.00914078380935,0.992228503689934,1.00701279706673,1.00840489536766,1.04986425046541,0.981016770104051,0.95249530724696,0.994745264485915,1.00293785696372,1.04535614991673,1.06188228486272,1.02575303089825,1.01604925346089,1.029559736293,58.794133681947,58.8394134712339,59.9999931528418,58.7948431440764,58.810455958416,58.7938669407142,58.7924116128007,58.7928165692953,58.8112889608322,58.7674538434081
3.88076959908555,273.066771516585,720.878048154714,0,677.727474560674,557.691119925179,697.441066104532,540.348232144272,559.61320235014,905.932140412549,1257.82667680972,208.013071495426,178.28640616288,0,75.4995839512267,130.86876229267,241.823228828575,206.932312999274,24.2524510475291,65.7718456037292,216.376470370691,1.02646862724148,1.01485800764693,0.986178630667735,0.952117411218179,0.952368469196642,0.952930173605862,0.947950368048233,0.94953468772568,1.01872062513615,0.951786271930987,0.95131677144048,0.933701719966808,0.951957949607246,0.955441991484012,0.96309451599552,0.981848792731937,0.98578984269331,0.984461093400345,0.983614668170934,0.979074453031219,0.989341325811096,1.01643987715803,1.01545178838096,0.990252176455176,1.02459015059045,1.00870356993398,0.991795259033443,1.00649459509215,1.00787713521427,1.04963499563493,0.979814362544888,0.951786271930987,0.994446209937171,1.00256365919365,1.04503996083064,1.06166556952809,1.02551699668384,1.01553546353564,1.02948899028268,58.7918840596567,58.8399674733074,59.9999931528418,58.7886312345549,58.7964691072768,58.7971584036062,58.7958213299528,58.7881179874789,58.7981531693342,58.7572921399827
3.91292263106629,275.261298514536,729.281985182678,0,676.636765484676,557.007013017567,699.406012330831,541.525605555788,559.800776460627,905.780026262962,1239.35253471063,209.091646331485,177.319346947455,0,75.8972297249349,131.291090356826,242.091083534306,207.830646247183,24.5163318109225,66.1078700011155,219.502411086615,1.02607495770668,1.0143600530183,0.985539690745796,0.951172362039286,0.951212919853963,0.951717903750198,0.946835672220564,0.948468617156854,1.01825973062762,0.950699620445587,0.950190472574959,0.932635715558864,0.950911301842783,0.954495093511152,0.962380883105351,0.981231276188751,0.985189538207221,0.983842944975867,0.983224079605266,0.978761032928138,0.988703813193571,1.01582096835102,1.01486297146088,0.989623273903056,1.02421491984433,1.00825521008398,0.991286061584582,1.00609284190305,1.00749509308976,1.04931516675698,0.977931071587948,0.950699620445588,0.994120434696239,1.00233537005718,1.04444329126958,1.06127972454095,1.02519238673282,1.01520311585957,1.02938010609115,58.7880061681337,58.8352788651615,59.9999931528418,58.780936631673,58.7774284706262,58.8013993490885,58.8002393882912,58.7817435907479,58.7801025246351,58.7439487312188
3.94507566304702,278.436261926364,737.58672144816,0,675.762320595253,555.149930744236,703.309408273965,544.236572266057,560.426093208441,904.450625499735,1218.53601397021,210.174354949212,176.217701320064,0,76.2230341422739,132.266587696094,242.409904361947,209.086678132177,24.7149303305364,66.5308403743371,222.959868925135,1.02564747812198,1.01386843903718,0.984887835935304,0.950174419845425,0.949986146052116,0.95043073481718,0.945648828887854,0.94733212316858,1.01775806566415,0.949545705982027,0.948994501230675,0.931503726212913,0.949799792824029,0.953489248717301,0.961619983194658,0.980577813810658,0.984591242506717,0.983220016357121,0.982931268823632,0.978640017009525,0.987951004476349,1.01504496723202,1.01412519614621,0.988930812496011,1.02386863354453,1.00797706204095,0.990875067009759,1.00603174838186,1.0074893525636,1.04899433798017,0.975931933323758,0.949545705982027,0.993880579814345,1.00240560101369,1.04367436314316,1.06079205457603,1.0248723785321,1.01528078806057,1.02925988962554,58.7827134820033,58.8240829807841,59.9999931528418,58.774218189938,58.759759156471,58.8040542754592,58.8030554686513,58.7751657933457,58.7629664193764,58.7315669314621
3.97006728654857,281.392700949397,743.444642628112,0,675.403231596824,553.037838997148,707.479698000361,547.264157862859,561.223749965619,902.749299966233,1201.36062113385,211.019652245592,175.369410628399,0,76.458475696514,133.339566526214,242.707834312447,210.26667455484,24.8318466094187,66.9202704792888,225.80129756278,1.02529464007784,1.01348930493597,0.984378158445957,0.94939248404093,0.949031523385323,0.949430755880032,0.944723426485076,0.946444429347593,1.01735640490713,0.94864340600207,0.948061420977207,0.930618570513839,0.948928519851685,0.952695043990471,0.961001901220372,0.98004250783869,0.984123861529252,0.982732374107463,0.982746823197185,0.978642842473485,0.987290337113437,1.0143412641931,1.01345475443827,0.988348144603569,1.02361774894149,1.00785819103672,0.990610064925103,1.00618079345756,1.00770245896977,1.048744396303,0.974403477933821,0.94864340600207,0.993732490160966,1.00261740937471,1.04296977041381,1.0603412014331,1.02462656310471,1.01557953547154,1.02916027521651,58.7773176356347,58.811091719666,59.9999931528418,58.7695009079677,58.7475950161304,58.8042358843698,58.8033202231509,58.7696397808056,58.7507485734671,58.7226648479542
3.99505891005012,284.579309200825,748.379889460701,0,675.444173345648,550.520497779718,712.387016731579,550.905200443187,562.270066677892,900.637528811511,1183.9009578902,211.868877085567,174.618641229732,0,76.7077919311421,134.60056132411,243.058876754739,211.572029423524,24.9257343653178,67.3592557182652,228.697307228139,1.02492795670279,1.01311108626069,0.983870652806271,0.948631748247362,0.948118364352725,0.94847717732925,0.943837194157207,0.945592541335129,1.01696079979383,0.947772589017001,0.947164613560894,0.929764299612299,0.94808390672654,0.951915114393373,0.960366063223249,0.979480970987005,0.983649739642814,0.982240589733929,0.982572544910065,0.978687895260459,0.986570511716464,1.01356163521258,1.01270946266557,0.987727282209878,1.02337948080758,1.00779834092967,0.990375607831256,1.00645190554447,1.0080513159332,1.04849392133966,0.972989184055206,0.947772589017001,0.993593769713153,1.00290745453224,1.0421876710498,1.059829368457,1.02438259104831,1.01602850969256,1.02905754952665,58.7706261835503,58.7948396709544,59.9999931528418,58.7649744240848,58.7372261269691,58.802213731561,58.8013130014927,58.7635189525722,58.7398144589635,58.7144205767452
4.02005053355167,287.811112398026,752.13203969624,0,675.947440682155,547.793704320216,717.757635502297,554.945270980574,563.516085406782,898.297304090272,1166.67608427638,212.721339507899,174.038253047228,0,76.9946193503878,135.95454270006,243.466269625693,212.947232013467,25.0066595904952,67.8403153701675,231.569617475569,1.02455260074945,1.01273258961979,0.983369430919862,0.947914071868579,0.947281013384461,0.947607084227514,0.943024176323011,0.944808967760242,1.01658599991981,0.946962700007844,0.946335962449638,0.928969799015913,0.947292954361993,0.951170270467136,0.959718053974554,0.978892406016349,0.983164809341737,0.98174371547532,0.982382159073393,0.97873281053235,0.985801068634622,1.01272122419305,1.01190266931169,0.987070856240603,1.02315000947447,1.0077701758737,0.990154243065659,1.00679231473571,1.00847800082499,1.0482430850545,0.971761028412123,0.946962700007844,0.99344111507445,1.00321525274308,1.04134669345513,1.05926179085191,1.02413994633207,1.01656541465755,1.02895429757676,58.762578387528,58.7759787507997,59.9999931528418,58.7603549866854,58.7288778426788,58.7976522253473,58.796673919333,58.7566286738082,58.7303417006991,58.7068350464455
4.03747123931559,289.997650537136,753.954574788483,0,676.583402531946,545.877617554539,721.627929314893,557.87830062343,564.468700107856,896.629477575887,1155.06144324347,213.315948847146,173.765414813244,0,77.2263309830554,136.901523040953,243.78300353616,213.917025698376,25.0604561691149,68.1949444846314,233.516136938318,1.02428915924465,1.01246850368402,0.983026054863541,0.947449290978993,0.946757484149941,0.947066409025503,0.942516042731541,0.944317859389227,1.01634432104077,0.946447460022175,0.945812934633424,0.928464348921845,0.946785600643639,0.950681511336248,0.959262596714966,0.978466865409219,0.98281903636324,0.981394406368581,0.982227321172936,0.97874271995904,0.985241942348057,1.01210914848673,1.01131275069843,0.986594948092649,1.02299345866028,1.00775511113202,0.989998981719816,1.0070425914285,1.00879061935669,1.04806844902287,0.971045782478449,0.946447460022175,0.993315161839674,1.00340914729831,1.0407369543973,1.05883777675932,1.02397167495606,1.01695829483401,1.02888353501344,58.7561712943188,58.7616769661427,59.9999931528418,58.7569247481419,58.7243037978474,58.7928673322024,58.7917716001384,58.75130171787,58.7246485561821,58.701929357855
4.0548919450795,292.05729686404,755.083007306955,0,677.445746907854,544.042437773026,725.479076909507,560.805388857069,565.456569998902,895.01984279045,1143.96220609848,213.9067164238,173.616085339113,0,77.488676907978,137.805715763303,244.12861461206,214.871091602417,25.1146908881137,68.5523877603938,235.37874115113,1.02402813705482,1.01220586315648,0.982690722614509,0.947021642813105,0.946294659578238,0.946591800141877,0.94206735113899,0.943882963817519,1.01612475212193,0.945982741698725,0.945345396754802,0.928008460555799,0.946323782929092,0.950225611748143,0.958808087977012,0.978031033200835,0.98246755416217,0.981044284462798,0.98204593389448,0.978719598057851,0.984671059214449,1.0114848314697,1.01070904855694,0.986107889358969,1.02283984006378,1.00773463604585,0.98983797698795,1.0072834884896,1.00909329377174,1.04789584329411,0.970466960798012,0.945982741698725,0.993165496488334,1.00356259322854,1.04011799756472,1.05839588495341,1.02380560032652,1.0173415827661,1.02881532633176,58.7491416517724,58.746779068867,59.9999931528418,58.7531930756122,58.7207379991793,58.7867348724156,58.7854671831581,58.7455076422214,58.7197015192844,58.697324604036
4.07231265084342,293.933173997752,755.498749378823,0,678.513250842805,542.364167986678,729.209954066002,563.640851394584,566.445932273669,893.527110406547,1133.529364575,214.496644501831,173.605905523769,0,77.785950257137,138.636060326927,244.491782427989,215.78860500064,25.1759726538802,68.9229197151512,237.145215096945,1.02377041876449,1.01194201162943,0.982361898532044,0.946631939568211,0.945894379347985,0.946185262163945,0.941680087256885,0.943506226563259,1.01592843489983,0.945570167624059,0.944935091888948,0.927603725651461,0.945909005627465,0.949803787099947,0.958355391479895,0.977585325186876,0.982108002368969,0.980691361556409,0.981829817159937,0.978648911843707,0.984094403533454,1.01085740449605,1.01010001006024,0.98561195740016,1.0226847529013,1.00769492118022,0.989662344914242,1.00749016603446,1.00935904089021,1.0477229168479,0.970028157830209,0.945570167624059,0.99298475186093,1.00365389890595,1.03950054330966,1.05794185840011,1.02363953220216,1.01768662857265,1.02874992679899,58.7415386536144,58.7315904487702,59.9999931528418,58.7490612851291,58.7181211019178,58.7792782595164,58.7777866715705,58.7392363014864,58.7154681927304,58.6930053240064
4.08973335660734,295.578916381634,755.221804850885,0,679.755077107453,540.915673117644,732.729205234567,566.30589126597,567.404373701165,892.218297354647,1123.88911672257,215.078734033687,173.732777545085,0,78.1173891838945,139.356859017304,244.872615474805,216.650085847912,25.2443997089745,69.2903463945493,238.782744673047,1.0235203122348,1.01168013817363,0.982043433513025,0.946285669468808,0.945563014227932,0.94585333163879,0.941360702887723,0.943194037125472,1.01575975437096,0.945215853300539,0.944588263216375,0.927256143527206,0.945547259331244,0.949421742470103,0.957909552817138,0.977134234334902,0.981743428506385,0.980339035424125,0.981575946710251,0.978522438860539,0.983520173887995,1.0102368243695,1.00949540068676,0.985113021484802,1.0225299379105,1.00763172590846,0.989470994894016,1.00765053674255,1.00957399289839,1.04755253852303,0.969737435383088,0.945215853300539,0.992769920191339,1.00366892561149,1.03889460429009,1.05748295811593,1.02347601447688,1.01797753798541,1.02868885505813,58.7334277508715,58.7164167166093,59.9999931528418,58.7444427625591,58.7163559494113,58.7705579438135,58.7687974583878,58.7324955283649,58.7118922638948,58.6889524298428
4.10715406237126,296.952402064272,754.280894651579,0,681.129721424351,539.762992649883,735.949640071535,568.726195262004,568.298439450511,891.153949021818,1115.15363720465,215.650249262505,173.993385122821,0,78.4815644609168,139.938757592525,245.266058312481,217.438057586185,25.3223928757943,69.6484105717442,240.272450858365,1.02328060220388,1.01142114621663,0.981736593528566,0.945984180720004,0.945301420941623,0.945596714512308,0.941110197506188,0.94294751367806,1.01562022492653,0.944921028214875,0.944305968311503,0.926966920306944,0.945239948668635,0.949081349766842,0.957473782993763,0.976681147298616,0.981375162155863,0.979988680765715,0.981281126634386,0.978332039181782,0.982955962665157,1.00963284514318,1.00890472214729,0.984615979100898,1.02237469915089,1.00753816049565,0.989260599907523,1.00774955014704,1.00972129016808,1.04738542049843,0.969593221838606,0.944921028214875,0.992517887089273,1.00359392846677,1.038310353164,1.05702652181455,1.02331567365897,1.01819543753314,1.02863289538875,58.724888000248,58.7015525926948,59.9999931528418,58.7392675819062,58.7153103259924,58.7606681154669,58.7586049704534,58.7253109254683,58.7088930025553,58.6851437136936
4.13046108758617,298.307837768695,752.086133161817,0,683.087686906966,538.783242846146,739.65858979119,571.466421084508,569.336300367093,890.194350574983,1105.04325314291,216.390725280309,174.532862156637,0,79.0148167603675,140.45517475313,245.795913191102,218.347978718679,25.4441839660742,70.1051455343677,242.004452297312,1.02298139907212,1.01108191781346,0.981347547843774,0.945652285489564,0.945059332215434,0.945369319018005,0.940881744075248,0.942719729541842,1.01548068950772,0.944619919251118,0.944028819355152,0.926671532602214,0.944914927114976,0.948693868920481,0.956914137550877,0.976080623865788,0.980881501080806,0.979527421253299,0.980821485700402,0.977968435908415,0.982232764481858,1.00887040310597,1.00815552545911,0.983965348641477,1.02216610453238,1.00735617428741,0.988946171145865,1.00776359571847,1.00978720395616,1.04716881743291,0.969617931556476,0.944619919251119,0.99212097901676,1.00333517394866,1.03758270246021,1.0564354878589,1.0231078664177,1.0183443064043,1.02856733728636,58.7129606629349,58.6826482908599,59.9999931528418,58.7313902960931,58.7147302325357,58.7458447453431,58.7433521522198,58.7150889356899,58.7055918604814,58.6803838217982
4.14773456465682,298.930072311332,749.844688481562,0,684.563779377827,538.519521014426,741.89076633091,573.067783884715,569.955817645031,889.871288374288,1098.78780474133,216.918703911337,175.060011174862,0,79.4382436118556,140.62194177502,246.192912103865,218.904433535666,25.5486072911573,70.4151456621416,243.085247627206,1.02277829172151,1.01083748709962,0.981075783818747,0.945456487150448,0.944954107000797,0.945280228466366,0.940785974895718,0.942621439137605,1.01541098861322,0.944461507546308,0.943892833860725,0.926516130821741,0.944734123165339,0.948455029139054,0.956519130858685,0.975643581328729,0.980517030318288,0.979192744743618,0.980433019251941,0.977615401522189,0.981727242012224,1.00834767857029,1.00763927844084,0.983498818133092,1.02201092320877,1.0071759712674,0.988687817281265,1.00767792120687,1.00972934104713,1.04701495222843,0.969781362095812,0.944461507546309,0.991783039511823,1.00301930450984,1.03709179892114,1.05601925025095,1.02295989070704,1.01833791735957,1.02852605839283,58.7038657145602,58.6696464512047,59.9999931528418,58.7248231287565,58.7146845505585,58.7338623555177,58.7310544109913,58.7071345002258,58.7035325873968,58.6770727826584
4.16500804172748,299.212669645841,747.176364321405,0,685.997246701373,538.681437411247,743.627055299527,574.256979599715,570.420202159707,889.905862532792,1093.63707946435,217.424883192371,175.674922804857,0,79.8801249964235,140.589401796047,246.583066296388,219.348839282414,25.6656459118246,70.6972714390663,243.986331672156,1.02259346574575,1.01060059022532,0.98081945138543,0.945301277427665,0.944906516752764,0.945252479075456,0.940747397447592,0.942578178293219,1.01536855047047,0.944354377981439,0.943811321900647,0.926411036787572,0.944601409303956,0.948256278042384,0.956145035764796,0.975218974396425,0.980157165430936,0.978866917374282,0.980006561371479,0.977191098853237,0.981256466895626,1.00787140069333,1.0071665785576,0.983052432494392,1.02185513635151,1.00695433938784,0.988407804466431,1.00750251155051,1.0095715354239,1.0468676625656,0.97005149091639,0.944354377981439,0.991410066006879,1.00259447233449,1.03665237497504,1.05563060456528,1.0228177649813,1.01822166351234,1.02849130766995,58.6946746042608,58.6577485906945,59.9999931528418,58.7176391953867,58.7147265880667,58.7212348297525,58.7181368270678,58.6989453114067,58.7016515065735,58.6739133991808
4.18826060365845,299.05641178541,743.087034413568,0,687.76077610962,539.58341630475,745.125710554231,575.165186159187,570.7704311369,890.530029613526,1088.47217539144,218.066555602962,176.603980931161,0,80.4931667243659,140.221496078095,247.086952081933,219.761132956298,25.8423114226425,71.0256603310262,244.916412757351,1.02237630324362,1.01029618743292,0.980500167021003,0.945150406239484,0.944920789588248,0.945297854211698,0.940773255238534,0.942595083067936,1.01535006688846,0.94428159759832,0.94377659941469,0.926339639278581,0.944490616045589,0.948047689872937,0.955679549928932,0.974675055679036,0.979685459833738,0.978446375961447,0.979380261596955,0.976513307454079,0.980688479011692,1.00731570533466,1.00661127208524,0.982492507686463,1.0216448733441,1.00659047876971,0.987999004876986,1.00712110039271,1.00919682547766,1.04668142410213,0.970549632806765,0.94428159759832,0.990859596762049,1.00185444603141,1.0361534466975,1.05516225377166,1.02263663399804,1.01788590734261,1.02845479660959,58.682346044006,58.6437672876851,59.9999931528418,58.7070621943454,58.7145225850529,58.7035759906524,58.7001638146403,58.6877157450399,58.6991468695995,58.6698463674508
4.21151316558942,298.304789590511,738.63201861955,0,689.228700312669,541.241653425301,745.629491848473,575.261542429087,570.78538314748,891.795616369034,1085.30929262055,218.662364114229,177.616561991294,0,81.1148130869601,139.488374204748,247.561064674601,219.960119841581,26.0411887318168,71.2931075526251,245.544414492834,1.02219610063477,1.01000864673803,0.980207812936859,0.945052214294181,0.945001759134146,0.945412882054093,0.940865559950629,0.942676565251729,1.01536662605449,0.944271643059332,0.943806836060176,0.926329873879089,0.944440526580745,0.947894643234373,0.955258423821336,0.974167900261475,0.979231147718257,0.978047459853773,0.978703542245559,0.975723319940839,0.980202547085718,1.00686537013813,1.0061565679531,0.981985291908427,1.0214322630011,1.00615220895056,0.987555315650966,1.00657419235615,1.00863713815291,1.04650896651612,0.97114891984855,0.944271643059332,0.990262561778268,1.00093247316621,1.03576730070173,1.05476484453227,1.02246595443231,1.0173454346924,1.02842891942371,58.6702884048798,58.6323548713419,59.9999931528418,58.6955802341054,58.7135674448214,58.6855916322077,58.6819904840512,58.6764557881679,58.6963846331283,58.6659314023085
4.24051521539243,296.62354463747,733.020771515916,0,690.504829791246,544.252310048309,744.900064194838,574.29370875823,570.343279445241,894.188417596476,1084.02993395245,219.313523387154,178.865152967007,0,81.8731598241583,138.097757582202,248.06591714428,219.910160210807,26.3017414089638,71.5224911561628,245.897352761389,1.02203023524502,1.00968866736791,0.979897580842254,0.945008385425114,0.945188908580484,0.94564443092873,0.941065509092032,0.942861076049109,1.01543377482659,0.944346395713462,0.943931973823436,0.926403206187773,0.944464929257081,0.947790058117498,0.954819697758485,0.97361529258095,0.97871472571801,0.97760309434678,0.97782686798566,0.974624093045087,0.979736636469425,1.00647322491897,1.00575300819537,0.981454288881272,1.0211756197589,1.0055261887344,0.986978344798598,1.00569086229056,1.00771123053888,1.04632234593591,0.971998453391089,0.944346395713462,0.989486037405328,0.999577177500343,1.03546074307889,1.05438987716634,1.02227547497092,1.01641463344399,1.02841257238527,58.6559973867995,58.6218918448648,59.9999931528418,58.6803328071048,58.7105684763941,58.663488397112,58.6598783070135,58.6627468187883,58.6920891100341,58.661154413721
4.26951726519543,294.244191949718,727.738856631083,0,691.051445153719,548.074623490915,742.756919576464,572.230303928848,569.431871118606,897.296570312632,1085.42883359053,219.873514961284,180.061199578901,0,82.5877725538274,136.270707012258,248.47881477854,219.56749638679,26.5735170714261,71.6505200336972,245.871945055157,1.02192350728233,1.00940767481379,0.979636068485452,0.945014386232845,0.945414741960514,0.945912436456963,0.941303408661952,0.943083837978057,1.01552693667058,0.944468965033413,0.94410124721996,0.926523446611567,0.94454082354194,0.947746544396211,0.954467973771579,0.973152029606593,0.978254273942113,0.9772136519336,0.976942265241196,0.973441063544709,0.979420291673468,1.00625945393453,1.00552240628963,0.981034516529754,1.02092372828029,1.00482690089375,0.986383688377462,1.00461921701702,1.00657171996226,1.0461640934276,0.972842737649213,0.944468965033414,0.988701246538403,0.998053010340138,1.03533601235761,1.05414563422111,1.02210326142555,1.01524228666296,1.02840903872749,58.6428908876724,58.6155172192617,59.9999931528418,58.6645273117746,58.7048670014638,58.6425825520859,58.6392427810835,58.6498068681911,58.6863891979543,58.6563850000761
4.29851931499844,291.365397806591,723.240959616658,0,690.829641920264,552.386784107481,739.414646206311,569.280707653906,568.149604369247,900.868767368534,1089.10359436416,220.327584039489,181.110555324652,0,83.2243519060392,134.139842855889,248.770801740659,218.976400840458,26.8349825786501,71.6789485682395,245.528505902294,1.02187432498674,1.00917513004024,0.979431012173229,0.945059516923405,0.945653325852301,0.946188026078516,0.941552605716585,0.943319367130729,1.01563332179453,0.944620449506188,0.944292585271839,0.92667205278183,0.944652455099505,0.947756258747709,0.954214779577115,0.972796248082473,0.977869497582822,0.976894609719541,0.97610116002414,0.972247296679501,0.979257680471377,1.00621932652616,1.00546151608355,0.98073962758255,1.02068633113209,1.00409508622572,0.985802900190941,1.00342890067856,1.00529394458143,1.04603910005411,0.973614651694988,0.944620449506188,0.987954522487058,0.99645768319336,1.03538216652633,1.05403307871241,1.02195199808167,1.01390791205618,1.02841615930532,58.6312804760151,58.6128373415552,59.9999931528418,58.6487380712652,58.6959132453609,58.6237069069379,58.6209090303767,58.6380155404098,58.6789055586991,58.6515151441353
4.32752136480145,288.207943696735,719.880887308209,0,689.884543977996,556.814636146482,735.167939547758,565.713240218496,566.633393650204,904.611901457226,1094.57380600412,220.666327138851,181.951012595665,0,83.7484528588872,131.875360433535,248.924230575201,218.19705486507,27.0641124017931,71.6179345262514,244.940955345328,1.02187822553002,1.00899871912642,0.979287613640327,0.945131437792217,0.945879074080489,0.946443063202961,0.94178691587971,0.94354251997981,1.01573986340629,0.944781006268018,0.944483498839411,0.926829558861796,0.944782620951004,0.94780867774206,0.954066276755505,0.972560655668,0.977576952038937,0.976658341674916,0.975357452543045,0.971125102917148,0.979243362319171,1.00633635495418,1.00555565560821,0.980576354326962,1.02047379606201,1.00337770320518,0.985269674086105,1.00220403985965,1.00396948966542,1.04595127027048,0.9742532294108,0.944781006268018,0.987294426114713,0.99490560093189,1.03557610382511,1.05404379300016,1.02182391981358,1.01250913767155,1.02843120801406,58.6213677620133,58.6131628831967,59.9999931528418,58.6335367284873,58.6834503132607,58.6075362102588,58.6055018350819,58.6276468248904,58.6694311885532,58.6464560373175
4.34672135932137,286.074581864305,718.401408369892,0,688.912642616951,559.63247462686,732.020209199924,563.150395705163,565.573464707042,907.046557280712,1098.9458239252,220.821506071963,182.370690555134,0,84.0171763290598,130.389990760526,248.94195852672,217.607846988073,27.1871138873565,71.5330958664219,244.448840771312,1.0219078028593,1.00891688270427,0.979229891906454,0.945190440597785,0.946013427986013,0.946591706694979,0.941925482725157,0.943675386492502,1.01580609733047,0.944886222707074,0.944602682785605,0.926932776120865,0.944873828000343,0.947864015128033,0.954028657686643,0.972476567034034,0.977442172598378,0.976553768983465,0.974944866647359,0.970462650529764,0.979311821580199,1.00649101123133,1.00569487684711,0.980543315386001,1.02035284355782,1.00293515517065,0.984960174363892,1.00141760388337,1.00311422145807,1.04591561306024,0.974583073590439,0.944886222707074,0.98692845235178,0.993959697001982,1.03577336630669,1.0541134765154,1.02175384465187,1.01159790864361,1.02844450156789,58.6157860213547,58.6146293529543,59.9999931528418,58.6240366023076,58.6732729208372,58.598551802087,58.5971076998805,58.6216406618739,58.6620403870902,58.6429702767972
4.36592135384128,283.994394047116,717.574436336767,0,687.726449895301,562.220060180352,728.748557240208,560.544526464837,564.530277809764,909.336835433839,1103.72428112798,220.916694888296,182.670084863221,0,84.2111739487429,128.989143088898,248.888149748109,216.985542480049,27.2785050449301,71.4172398277928,243.895214848255,1.02195729731049,1.00886649139108,0.979204987317723,0.945257566861688,0.946132223668367,0.946720291632182,0.942047066234085,0.943792736148099,1.01586680995084,0.944988059765851,0.944713136850913,0.927032678209997,0.944966992940137,0.947934950545033,0.954041894601778,0.972454076478524,0.977360919294551,0.976495746038394,0.974616632651726,0.969897732987213,0.979438941867342,1.00669910843466,1.00588805858163,0.980571827078272,1.02025335554883,1.00253906419212,0.984699887897888,1.00068726292146,1.00231597657173,1.04589979815412,0.974829534648226,0.944988059765851,0.986637563495278,0.993126456318871,1.03601490945086,1.05422840526213,1.02169787515178,1.01074108829344,1.02845989423174,58.61098464111,58.6167227490813,59.9999931528418,58.6151451242412,58.6616623253986,58.5910534832494,58.5902293301912,58.6163339571381,58.6537978721967,58.6393568150152
4.37969921394397,282.57114380802,717.390188937075,0,686.775245362775,563.88109994005,726.388214956377,558.69768231384,563.817732922121,910.850496738542,1107.3248751638,220.945732121133,182.807763520711,0,84.2993584349921,128.066623230017,248.804169736775,216.529218492099,27.3211649456703,71.3166158292352,243.467161456381,1.02200447336408,1.00885127553049,0.97920878505302,0.945310921811359,0.94620741678525,0.946799643114747,0.942123272014179,0.943866815993984,1.01590658422374,0.945058802237336,0.944786664299818,0.927102076529013,0.945034904341035,0.947995589155265,0.954083709390014,0.972477503306309,0.977338267728034,0.976484962076434,0.974441408156794,0.969566159480924,0.979564653928014,1.00687780758663,1.00605668825807,0.980630737363137,1.02019779050676,1.0022922060729,0.984549547066396,1.00021307501349,1.00179492175142,1.04590151218515,0.97495346630911,0.945058802237336,0.986482435053963,0.992617648696109,1.0362109766586,1.05433667803237,1.02166765785917,1.01017737190837,1.02847208938549,58.6080055031596,58.6184449419215,59.9999931528418,58.6091912700544,58.6525259375327,58.5866083654705,58.5862296039398,58.6129464167158,58.6473957862735,58.6366796941129
4.397021522156,280.909067155028,717.637094786815,0,685.506582531846,565.671924957407,723.490225730183,556.466130619431,562.996114943555,912.548522086929,1111.95801658868,220.932832230459,182.888079500059,0,84.3444227889711,127.0430775899,248.644062048349,215.957408866548,27.3436687101992,71.1718666950605,242.899541851763,1.02207692610915,1.00885895579859,0.979241126056514,0.945384990293605,0.94629057690958,0.946884620667686,0.942206402630574,0.943948318280987,1.01595216254598,0.945145539545942,0.944872858095104,0.927187165772915,0.945122121918542,0.948084016611367,0.954175640973756,0.972555521989278,0.977355167512229,0.976510553863817,0.974302320156308,0.969253143169374,0.979761240452804,1.00713262530207,1.00629998667393,0.980750704494718,1.02015010988973,1.00203698445264,0.984411217976523,0.99969516427702,1.00122198644725,1.04592024462246,0.975047155370731,0.945145539545942,0.986359529228156,0.992107451808336,1.03647860312157,1.05450062881838,1.02164329724481,1.00955156683351,1.02848871660603,58.604778375205,58.6206515631445,59.9999931528418,58.6022581032281,58.6402245752746,58.5821216043174,58.5822798750575,58.6091536312142,58.6388394582271,58.6332097871673
4.41434383036804,279.4285263198,718.394927685935,0,684.202226033772,567.078194389372,720.747729033733,554.391173404665,562.28353045769,913.975691879998,1116.62686872085,220.863644363188,182.864429527885,0,84.3139115836724,126.207245579671,248.420844211245,215.399802065762,27.3292507450261,71.0147544536542,242.303811129045,1.02216329568896,1.00889766580058,0.979305519967104,0.945468243231866,0.946362886654445,0.946955076681824,0.942277117080396,0.944018469606605,1.01599346301649,0.945231387333344,0.944953778068367,0.927271382393261,0.94521282782062,0.94818715944684,0.954311947275444,0.972688314255114,0.977424515756649,0.976581386164397,0.974260193760285,0.96906748356589,0.979998248689964,1.0074167841672,1.00657415642217,0.98092139000836,1.02012944718707,1.00185099207315,0.984334612895465,0.99927853628261,1.00075597690758,1.04595777710112,0.975075524129918,0.945231387333344,0.986322586505804,0.991759009127636,1.03676483523451,1.05469297076631,1.02163534197289,1.00903470792543,1.02850680878388,58.6020825886708,58.6227020455586,59.9999931528418,58.5959630130405,58.6271791917365,58.5788238441073,58.5794722724259,58.6058334762669,58.6298034253012,58.6296222179352
4.42723277624946,278.46654222925,719.265597866401,0,683.236159237943,567.850464449617,718.854322035286,552.981129219115,561.839075643018,914.849278478679,1120.07247032237,220.771347671962,182.784541740231,0,84.2359819698419,125.716993968552,248.221234342267,215.000984724954,27.2912398687864,70.8772495927325,241.844709480157,1.02223660859879,1.00894881851206,0.97937580628382,0.94553658896815,0.946409936696216,0.946998353778562,0.942321927854174,0.944063546839142,1.01602160335627,0.945294845934285,0.945010751038345,0.927333635243768,0.945282725868617,0.948273603608065,0.954442648975671,0.972823818667034,0.977512579042849,0.976665457588544,0.974298612538665,0.969023350303309,0.980199336894963,1.0076441986623,1.00679550870681,0.981081612482857,1.02013521176544,1.00176634651559,0.98432372653555,0.999048853488978,1.00049422893583,1.045999834008,0.975054636729908,0.945294845934285,0.986357036354817,0.991621028882744,1.03698588012965,1.05485277410811,1.02164265001501,1.00873698005079,1.02852127016266,58.6003866605671,58.6240054070879,59.9999931528418,58.5916974011462,58.6171037574706,58.5771030681152,58.5780735630186,58.603633638123,58.6228283589311,58.6268764357285
4.44401437085145,277.422193511098,720.753981129746,0,682.02352987161,568.467692742542,716.641003234946,551.358545860337,561.385988008116,915.707212212872,1124.4672515081,220.601995097157,182.599852861051,0,84.0692556978776,125.28110860312,247.91087714448,214.51183981305,27.2084177040583,70.6954479156104,241.227960453398,1.02234267230385,1.00904309215346,0.979495860221282,0.945635935550223,0.94646644382531,0.947047265210169,0.942374086544815,0.944116721979491,1.01605646431584,0.945380110513221,0.945084321861521,0.927417279740801,0.945379621569834,0.948400399994937,0.954649564054286,0.97304557755518,0.97767290586579,0.976814389146534,0.9744371828848,0.969087196871379,0.980489818540584,1.00795722999547,1.00710235473402,0.981330556708816,1.02016916735846,1.00172546418507,0.984368470123684,0.998855295082432,1.00026559016437,1.04607109109586,0.974983100503479,0.945380110513221,0.986480283443882,0.991599757581845,1.03728080845825,1.05507970358275,1.02166845688434,1.0084650426751,1.02854150862802,58.5985151586291,58.6252587994169,59.9999931528418,58.586666846723,58.6036965619668,58.5757198176859,58.5770401855683,58.6010532702911,58.6135217039144,58.6232052979646
4.46079596545344,276.635612904632,722.593406275061,0,680.896733547267,568.626431597086,714.767030500407,550.011762139191,561.086808515637,916.236693630809,1128.70918211538,220.374512312494,182.328612789714,0,83.8272751015367,125.085070914211,247.548639829541,214.064373968357,27.0864350888707,70.5058967194984,240.588289366633,1.02246065973653,1.00917016118367,0.97964963889341,0.945749353983559,0.946521223659518,0.947091711526549,0.942422828191677,0.944167071384477,1.01609095977662,0.945471301274284,0.945160460055361,0.92750673781678,0.945485802423234,0.948545157633847,0.954898078179052,0.973318417217972,0.977886016806455,0.977009122534041,0.974678971075642,0.96929445873951,0.980810335625199,1.00828586447149,1.00742696660412,0.981624186782959,1.02023574653726,1.00176911934419,0.984483830353138,0.998791549678439,1.00017518114821,1.04616210771464,0.974869504922587,0.945471301274284,0.986694883104783,0.991767372349708,1.03757981991601,1.05532563527296,1.02171484501137,1.00833611352234,1.02856361862583,58.5969581066962,58.6258713656328,59.9999931528418,58.5822004708157,58.590157390726,58.5752061189726,58.5767860350603,58.598725575263,58.6040656285386,58.6194283643729
4.48429919491288,276.00269148301,725.611670273479,0,679.526622222689,568.056315662036,712.810962854376,548.647566950768,560.938028744732,916.413113840996,1134.30501877679,219.960374412375,181.836747032091,0,83.3647141538263,125.226464896833,246.974656029135,213.523495205198,26.8521993341806,70.2249540996085,239.662581898204,1.02264400568434,1.00940221035395,0.979918826357136,0.945930001581486,0.946595781053805,0.947147653924865,0.942486322886189,0.944233701114808,1.01613906907015,0.945607990183501,0.945271105441915,0.927640829550643,0.945648466127121,0.948774807632909,0.955308941160947,0.973778982205721,0.978268682476016,0.977354689143333,0.975188077231665,0.969826881828191,0.981299269609973,1.00876075322088,1.00790030103011,0.982102011633345,1.0203851960481,1.00197755199903,0.984765162147801,0.998932718877987,1.00029458711337,1.04632265815153,0.974647725442858,0.945607990183501,0.987146631645913,0.992325278648076,1.03799416856792,1.05569383296106,1.02181614426026,1.00841100032812,1.02859755112919,58.5951408515506,58.6253978117073,59.9999931528418,58.5767964042413,58.571432528818,58.5756753729316,58.577450132718,58.5957241836289,58.5908180391115,58.6139700586891
4.50780242437232,275.942701016876,728.985799672937,0,678.458455722822,566.565236622692,711.722830247535,547.93889471623,561.102793641698,915.921944460884,1139.43846350078,219.438741777114,181.226302715316,0,82.7729285440778,125.857818202689,246.329290858816,213.095193367194,26.5494157733829,69.94344037388,238.691678954265,1.02284740278263,1.00969590519517,0.980250501227733,0.946143566498986,0.946681965306363,0.947211807182611,0.942558318230416,0.94430915968081,1.01619310744198,0.945766223142384,0.945398953344934,0.927796055981406,0.945837023912001,0.949041704025443,0.955788990918869,0.974323565220309,0.978744362456365,0.977781745621263,0.97588407504348,0.970628241492694,0.981826153194517,1.00924387989603,1.00838650335697,0.982649411421609,1.02059992330485,1.00235510508088,0.985182481908578,0.999340504903585,1.00069922962454,1.04652019969861,0.974387633249399,0.945766223142384,0.987763954382932,0.993245195551188,1.03839591004743,1.05608254541835,1.02196080085766,1.00878348244108,1.02863581424252,58.5935434169555,58.6231564063318,59.9999931528418,58.5722374538637,58.5535254439156,58.5771687858367,58.5789344238644,58.592827651404,58.5778596146962,58.6083282258272
4.53907882058168,276.745199576647,733.641616691277,0,677.567536888939,563.252205405858,711.704689338567,548.038962246595,561.761428167669,914.292561574909,1145.49756358887,218.598149441855,180.30285388366,0,81.8231268565208,127.398702484956,245.404124009018,212.716170217203,26.059945919816,69.5829905839437,237.329923646865,1.02314404783522,1.01017205815835,0.98077685787774,0.946480092872396,0.946828763604077,0.947326445784713,0.942681993692608,0.944437049225965,1.01628032097372,0.946017704374428,0.945606162398654,0.928042758908085,0.946132713448233,0.949451860525654,0.956512591981521,0.97514963380638,0.979497555887599,0.978456568242075,0.977055671569997,0.972056932714342,0.982558555891126,1.00987462304647,1.00902820997382,0.983456812923087,1.02097894782493,1.00309888003959,0.985926593185405,1.00027095612432,1.00165406678858,1.04683427226008,0.974032514245715,0.946017704374428,0.988803325520197,0.994964763541443,1.03889091647629,1.05661066775503,1.02221811545407,1.00971647151851,1.02869367372433,58.5913218904832,58.6171994143716,59.9999931528418,58.5671157498696,58.532059094401,58.579914793039,58.5813666119177,58.5887437068189,58.5616678351546,58.6005665482004
4.57035521679103,278.480815692631,738.068177848139,0,677.277956654669,558.640375399876,713.289019117153,549.274194330151,562.822322367549,911.681625782193,1150.70471866627,217.624466507471,179.337715325385,0,80.7477623981652,129.607316272762,244.45509646078,212.558170007813,25.5023257840795,69.2617107134301,235.888158488779,1.02346320794118,1.01072760662203,0.981380850131157,0.946875787473157,0.947028335993866,0.947493778004284,0.942854523679961,0.944612230020725,1.0163917880922,0.946323733122746,0.945867225386331,0.928342972913101,0.946483653521159,0.949919417808938,0.957301457693514,0.976050298499193,0.98035084585766,0.979222270259704,0.978434238551273,0.973802001136047,0.983292705343126,1.01046404571137,1.00963536774442,0.984314987021917,1.02144720305552,1.00407287548751,0.986844602037868,1.00158015975418,1.00301743721084,1.04719562993592,0.973729878153171,0.946323733122746,0.990027175732996,0.997126120698263,1.03932126056617,1.05712589665449,1.02254123239937,1.01108234592207,1.02875941356893,58.5885151392742,58.6078730656673,59.9999931528418,58.5626353726565,58.5144034744661,58.5825615472977,58.5834059885326,58.5840171069479,58.5473053355461,58.592550367121
4.60163161300039,280.985096790989,741.8321807107,0,677.503405368942,553.098571467832,716.299763658589,551.48666107635,564.132918904106,908.316478383609,1155.17200673357,216.567460040552,178.430845080331,0,79.6245126137758,132.271467435141,243.543289269199,212.606385093492,24.9173816659991,69.003120238558,234.37422585394,1.02379492237503,1.01133577994766,0.98203404892401,0.947324557739888,0.947293561515282,0.947730191341411,0.943090126757345,0.944847815872299,1.01653253856774,0.946687867607329,0.946189847095038,0.928700188607979,0.946889241894655,0.950433017871785,0.958114154155302,0.976972327377192,0.981253581812401,0.980036346018624,0.979919292180545,0.975725640618909,0.983989084457156,1.010983278022,1.01017727721398,0.985174502997227,1.02197753674709,1.00520640203101,0.98787462769955,1.00316407695713,1.00467967818784,1.04758793259218,0.973544417256149,0.946687867607329,0.99134714512088,0.999549755718203,1.03966902169896,1.05759922828959,1.02291545878357,1.01277006233612,1.02883217966823,58.5846445176338,58.5955172560278,59.9999931528418,58.5583335913277,58.5015760479297,58.5840711383594,58.5841019269179,58.5783280078498,58.535372625983,58.5843169783609
4.62067197443987,282.795983945963,743.657374916739,0,677.834169520533,549.453076114798,718.71412932969,553.219206007718,564.983579645024,906.011223003606,1157.59345131984,215.905415110706,177.945422067579,0,78.9495364084367,134.016026377212,243.029155831835,212.724453728509,24.5649435812573,68.8837640084749,233.423288390195,1.0239986069779,1.01171959527352,0.982443045269524,0.947619648485702,0.947490122507996,0.947912164065621,0.943267988752817,0.945024006046031,1.0166335408603,0.946937524502888,0.946417444368077,0.928945101861899,0.947160914206839,0.95076226715826,0.958603410379665,0.97752231546256,0.981805762569094,0.980537307448549,0.980832584863132,0.976924020311938,0.984379844205944,1.01125543563636,1.01046476395413,0.985678696241363,1.02231816355057,1.00594173562841,0.98852859475076,1.0042133097316,1.00578548282964,1.04783449402672,0.973510557683179,0.946937524502888,0.992160022850695,1.00107412286936,1.03983543167184,1.05785628099485,1.02316098979696,1.01390145575596,1.02887932551858,58.5816124352958,58.5867460939539,59.9999931528418,58.5556487273387,58.4964152724194,58.5840709282505,58.5835470855804,58.5743168139349,58.5294806779598,58.5792110603656
4.63971233587934,284.73809964767,745.04430049411,0,678.252373477083,545.765165706006,721.450066613637,555.153819731318,565.81912893359,903.615740082259,1159.84523044728,215.247205779011,177.534585080444,0,78.3042494677442,135.771341024104,242.561602868761,212.895774914241,24.2278528011546,68.7967711791861,232.458234401469,1.02419997878607,1.01210373881334,0.982850334252411,0.94792672259564,0.947713123879481,0.948123588041388,0.943472267050472,0.945225187268369,1.01674577195969,0.947206089591603,0.946667329909831,0.929208564041023,0.947448105341579,0.951098369774435,0.959075801144756,0.978048004592109,0.98234359307218,0.981028259700944,0.981720546611754,0.978097049081235,0.984736233527107,1.01148948877668,1.01071454039615,0.986154687350583,1.02266198365488,1.0066845892922,0.989180715149008,1.00528554645988,1.00691827858315,1.04808094079463,0.973548081103273,0.947206089591603,0.992951392574691,1.00257390861787,1.0399663344043,1.05808350518637,1.02341365776797,1.01506580496821,1.02892793974481,58.5779857484731,58.5772692320545,59.9999931528418,58.552830826704,58.4933651543447,58.5831545847775,58.5820654692279,58.5698748687858,58.5247145361043,58.5740420059616
4.65875269731882,286.738602411215,745.955394106951,0,678.709406209854,542.167365719654,724.400462552386,557.212376746489,566.59984580026,901.21398248252,1161.96893335762,214.606269446017,177.212924274241,0,77.704839200562,137.474531528725,242.149707157598,213.107125702142,23.9146988193928,68.7426611945379,231.487134586297,1.02439622193077,1.01248055220332,0.983248149186397,0.948241566046855,0.947960937300269,0.948363258615942,0.943701696168915,0.945450045354105,1.01686828255091,0.947490719552655,0.946937194750884,0.929487785849578,0.947747435995677,0.951436544472064,0.959522587920163,0.97853884373018,0.982855525948806,0.981499078556735,0.982560445495792,0.979211749787774,0.985053137211449,1.01168387009127,1.01092443664099,0.986593610035147,1.02300118276114,1.00741457486299,0.98981443898657,1.006348745407,1.00804381485583,1.04832266657903,0.973661585493079,0.947490719552656,0.993701196939771,1.00400442094026,1.04006279389686,1.05827780309416,1.02366840782749,1.01622746359091,1.02897738598636,58.5737322826367,58.5673026022475,59.9999931528418,58.5498475938496,58.4924131642249,58.5812074132211,58.5795682171915,58.5650218773117,58.5210953410699,58.5688140703986
4.6777930587583,288.720591519416,746.370535621735,0,679.157383296733,538.793008256829,727.450747576713,559.312623354498,567.290117303512,898.892978098651,1164.00132780048,213.995622738462,176.990646619433,0,77.165425222819,139.065980966345,241.800617899716,213.343865865503,23.632950464202,68.7205316635167,230.520028334873,1.02458450664202,1.01284253971886,0.983628974487047,0.948559354688104,0.948230531123052,0.948628407867607,0.943953594395421,0.945695921577556,1.01699949788281,0.947787561961537,0.947223542159581,0.929778988061578,0.948054697587612,0.951771644061911,0.959935996361649,0.978985752390119,0.983331102378196,0.98194042080071,0.983331906221672,0.980238209866915,0.98532712046654,1.01183872440054,1.01109400792634,0.986988165479916,1.02332824899359,1.00811211745301,0.990414147607013,1.00737165882548,1.00912855833772,1.04855520072346,0.973852003965804,0.947787561961537,0.994391415116335,1.00532477192246,1.04012738886414,1.05843756964473,1.02392013973163,1.01735123232683,1.02902692896132,58.5688454911635,58.5570759979068,59.9999931528418,58.546690960987,58.4934730793311,58.5781603609387,58.5760104278853,58.5597998310335,58.5186083967847,58.5635303924829
4.69683342019777,290.606750689864,746.288954673196,0,679.552989341365,535.770047414881,730.483306033301,561.371357556544,567.8600769119,896.738448076892,1165.97119025633,213.427406764505,176.873510573171,0,76.697917769211,140.49156117498,241.519209164031,213.590570678756,23.3887184774236,68.7280404752514,229.568695266053,1.02476204844422,1.01318256763873,0.983985761946139,0.948874818365195,0.948517603999094,0.948914834019936,0.944223988498735,0.945958935749057,1.01713729361913,0.948091903009927,0.947521829312835,0.930077546434112,0.948365005964328,0.9520983251634,0.960309443794922,0.979381388662621,0.983761271805643,0.982344002274183,0.984017540195997,0.981150543866113,0.985556523725049,1.01195590182747,1.01122454710886,0.987332834609896,1.0236361924359,1.0087591139259,0.990965667250785,1.00832496566814,1.01014094702926,1.04877429153537,0.974116578867553,0.948091903009927,0.995006651340996,1.0064992374074,1.04016414139821,1.0585627690592,1.02416383756924,1.01840378753666,1.02907576016043,58.5633452316756,58.5468244166125,59.9999931528418,58.543375735803,58.4963861759604,58.5739922912087,58.5713925009165,58.5542701166467,58.5172026742773,58.5581931772609
4.72003033955493,292.66355952576,745.547430868515,0,679.912018736712,532.733018605486,733.980781776761,563.70293088699,568.359014437013,894.45863958451,1168.3120127409,212.809134529477,176.874071619277,0,76.2396717755009,141.935521155322,241.271687465744,213.881657640548,23.1486679890933,68.7720391925894,228.451631753665,1.02495974569162,1.0135572073064,0.984378248724934,0.949247409021813,0.948882471137314,0.949283926543349,0.944570363151838,0.946294737796458,1.01731000238998,0.948464356653173,0.947892867697734,0.930442923218352,0.948738757599679,0.952476614050558,0.960702435188208,0.979785872951577,0.984212821579802,0.982774067552668,0.984716027213515,0.982076385293502,0.985775777367769,1.01205272774123,1.01133508017928,0.987679786629785,1.02397605242641,1.0094550447816,0.991554037953469,1.00935294825547,1.0112340538375,1.04901711882555,0.974529031497734,0.948464356653173,0.995636381268675,1.00768917559686,1.04017902400146,1.05867076592265,1.0244425684706,1.01954469571462,1.0291329688098,58.5558881267346,58.534645617718,59.9999931528418,58.5391769031276,58.5020903676574,58.5674479411902,58.5644087800521,58.5472346886059,58.5168167147759,58.5516207405333
4.75413895802562,294.962645907276,743.335041827768,0,680.119037380342,529.882330344236,738.337481912312,566.511615401398,568.662604877221,892.044917156109,1171.6318739024,212.083319749037,177.142591307007,0,75.8118754703999,143.351088283058,241.097536552361,214.239010973314,22.9199340427218,68.8902454538646,226.952024034941,1.0252036127306,1.01400727603804,0.984850202571655,0.949749023159523,0.949422758540575,0.949839380507137,0.945088094530709,0.94679470791447,1.01756131260409,0.948990869850596,0.948428258809768,0.930959432326127,0.94925620781989,0.952972350857976,0.961142396593507,0.980213565524149,0.984711895537438,0.983263085911709,0.985435100633614,0.98301376694705,0.985984046972638,1.01212029832124,1.01141623981618,0.988038104786307,1.02438544261554,1.01024630963375,0.992216659105289,1.01051883773109,1.01247540724103,1.04931304793984,0.975273943510816,0.948990869850596,0.996292138190226,1.00888281998885,1.0401631539028,1.05875135008448,1.02479903185699,1.02084796918353,1.02920904188544,58.5437202792061,58.5181388817499,59.9999931528418,58.5328874275561,58.5136189328168,58.5552575793607,58.551832751338,58.5366344953826,58.5183998087756,58.5418216845149
4.78824757649631,296.155616219009,740.078930944628,0,679.925583490817,529.206846919597,741.345388446471,568.308812078107,568.457622879556,890.980107983398,1174.70726901751,211.612459531935,177.683163994273,0,75.6928844130309,143.835740116621,241.138242450838,214.459258975859,22.8420602243056,69.0507762516912,225.704719331854,1.02538035723088,1.01431450492283,0.985175062643988,0.950166029903143,0.94992927380871,0.950369580859598,0.945578625675591,0.9472663470113,1.01779202537656,0.949458291317064,0.948915533932196,0.931417972483905,0.949703593354116,0.95336952591837,0.961406852503357,0.980436023918901,0.984998739482242,0.983563370153538,0.985764617809622,0.983410802092823,0.986069324177952,1.01212258236414,1.01142311572573,0.988215816480651,1.02466742739743,1.01071811518737,0.992606844247195,1.01120090245267,1.01320247158369,1.0495223191873,0.976114737328656,0.949458291317063,0.996605624749059,1.0093637285384,1.04013002365064,1.05875657323247,1.02507231394547,1.02162060131062,1.02927105719222,58.530640152099,58.5041309850078,59.9999931528418,58.5267541656168,58.5271565621968,58.5407291621228,58.5372525776926,58.5261812403141,58.5217498712687,58.5318707959336
4.822356194967,296.069530995446,736.209649485894,0,679.403297791438,530.757903047769,742.661126199777,568.880471130189,567.81103177332,891.393812682895,1177.3021881571,211.431857311727,178.422139126223,0,75.8889922813568,143.371049661901,241.372219844704,214.504964858595,22.9105027439573,69.2344029407067,224.813813915562,1.02547740714721,1.01445710843778,0.985331300209216,0.950462944129817,0.950352819117919,0.950822139506248,0.945993851873166,0.947663599263082,1.0179801378906,0.949823975496199,0.949308936099124,0.931776708428334,0.950041402823709,0.953636597105638,0.961486462021244,0.98045159687319,0.985062466081066,0.983660162954927,0.985697869287671,0.983258684947236,0.986045295987646,1.01208164350717,1.01137733955844,0.988216588582533,1.0248037182152,1.01083988231875,0.992702618373351,1.01135024075367,1.01336221619805,1.04963118774819,0.976956573141823,0.949823975496199,0.99657047495913,1.00912032103303,1.04010332628275,1.05870529370756,1.02524119986457,1.02180488854695,1.02931377474665,58.5173790632707,58.4933291456055,59.9999931528418,58.5211013642019,58.5405136463713,58.5249721999556,58.5217641422907,58.5163756840371,58.5258000886733,58.5217867134462
4.85646481343769,294.691082449504,732.208304080376,0,678.712227374982,534.297500639314,742.152922369218,568.165395026568,566.849584572133,893.231220248039,1179.05908395372,211.564783547698,179.27471512146,0,76.3907963461611,142.038683280287,241.770370795899,214.37343396657,23.1128277781731,69.4318421341472,224.381209690853,1.02548428987892,1.01442121588258,0.985304105284433,0.950607208541224,0.950645040955338,0.951145161768573,0.946286251799155,0.947941066047772,1.01810450416554,0.950046831150665,0.949563919568914,0.931995329681958,0.950232020472823,0.953744797534247,0.9613763642052,0.98026397675796,0.984901222194424,0.98354687881812,0.985251325484088,0.982586995361385,0.985920105437721,1.01200748145145,1.01128969916425,0.988045865511613,1.02478329605791,1.01060676257799,0.992500483508479,1.01096401040975,1.01295195320351,1.04963015702235,0.977700727655476,0.950046831150665,0.996200746265288,1.00819715927364,1.04009089847917,1.05860943241972,1.02528871389496,1.02139742253425,1.02933256619623,58.5047245142755,58.4860540128793,59.9999931528418,58.5161493054299,58.5515895109667,58.5092765501586,58.5065962487741,58.507616993486,58.5294507958357,58.5116032692559
4.89057343190838,292.174046817181,728.550110724825,0,678.058724754513,539.343509495935,739.919532473707,566.26305682608,565.735678785448,896.265394060028,1179.53806093616,212.019947375939,180.156874271792,0,77.1719096847018,140.008828297387,242.29797412207,214.097254810517,23.4306362228223,69.6439974650764,224.494469349978,1.02539383290024,1.01420250224095,0.985087064789231,0.950573181242856,0.950764459846042,0.951293731850366,0.946414817519289,0.948059667227612,1.018147459718,0.95009241171995,0.949642687240877,0.932040044191115,0.950244366133638,0.953671624881738,0.961076518038323,0.979881384720913,0.984522034384084,0.983225627631476,0.984463178913425,0.98146082070754,0.985694450253318,1.0118955182912,1.01115761000857,0.987709672632724,1.02460352699626,1.01003944094657,0.992015229288255,1.01008435423864,1.01201808706524,1.04951507603113,0.978257029855305,0.950092411719949,0.995529519001899,1.00669022423811,1.04008217934138,1.0584713197787,1.02520427126662,1.02044771432937,1.02932397617467,58.4934199632319,58.4822199432163,59.9999931528418,58.5119539270942,58.5586373463319,58.494948841652,58.4929568672832,58.500151977945,58.531703260835,58.5013747019199
4.92468205037907,288.824734623888,725.648231316256,0,677.645869752883,545.252678459345,736.284864890398,563.423147275936,564.640476204783,900.137142978883,1178.27189187657,212.787807451912,180.993060028524,0,78.1856903765223,137.521529244941,242.915769264482,213.738898992834,23.8404118749788,69.8783914415758,225.214452785323,1.02520354338821,1.01380807197845,0.984684572166228,0.950346414199343,0.950682182368393,0.951235977817964,0.946350595149211,0.947991927835014,1.01809713979169,0.949938075859432,0.949519638130883,0.931888640811297,0.950058767137195,0.953404986938752,0.960594192941523,0.979318542954333,0.983942444598795,0.982709124200955,0.983393620682548,0.979978757936451,0.985364146775889,1.0117294549821,1.01096779162692,0.987216796749626,1.02427185812224,1.00918351628943,0.991280295666569,1.00879474034435,1.01065173262764,1.04928856043759,0.978554580463901,0.949938075859432,0.994609007618552,1.00474202434587,1.04005128281081,1.0582853905961,1.0249862076628,1.01905295236305,1.02928622600265,58.4840669231743,58.481363084161,59.9999931528418,58.5083876441178,58.5604660935594,58.4831432956336,58.481880965473,58.4940512399355,58.5317744136963,58.4911784588488
4.95879066884977,285.065853096224,723.808538142718,0,677.628399626344,551.321983904979,731.763574602006,560.017110321225,563.718820504186,904.413409507254,1174.82931623934,213.837755654976,181.720838608546,0,79.3635783884815,134.860986766988,243.581115864501,213.380715093144,24.314003506225,70.1436772466582,226.565774381347,1.02491663843136,1.01325755674657,0.984113711735458,0.94992696696145,0.950386089105842,0.950957492360928,0.946080709274898,0.947725807070407,1.01794899857808,0.949576940118505,0.949185466509053,0.931534366881892,0.949670764092587,0.952946645933308,0.959946925139982,0.978599557356252,0.98319231671344,0.982022505942432,0.982124219713415,0.978268774026168,0.984925303978624,1.01148773236543,1.01070239033963,0.98658245123699,1.02380702000058,1.00810727714297,0.990347308211473,1.00721296860308,1.00898059776038,1.04896098534996,0.978549002914373,0.949576940118504,0.993509937739241,1.00253321331233,1.03996411995831,1.05804280274312,1.02464365607459,1.0173485514187,1.02921950917943,58.477042756245,58.4827127172731,59.9999931528418,58.5051626656465,58.5565513024269,58.4747068040508,58.4740976801542,58.4892127959255,58.5291752704659,58.4811149713995
4.99289928732046,281.383641257542,723.199093008573,0,678.081078068478,556.886897501915,726.999744576514,556.494473203362,563.089644035483,908.650805855524,1168.87827375341,215.11827917746,182.293382105717,0,80.6179383711347,132.32372097048,244.250775667615,213.112494437779,24.8197483409318,70.4448587558722,228.532719852355,1.02454222553033,1.01258243108234,0.983404325485964,0.949330607407384,0.949882563755319,0.950463194999796,0.945610018355697,0.947266245434565,1.01770617752346,0.949019525795062,0.948648875596927,0.930987543789369,0.949092691590022,0.952313639528972,0.959163959221055,0.977759396267627,0.982313901393687,0.981203387841461,0.980753760497435,0.976479147124775,0.984379476020443,1.0111508591438,1.01034582442372,0.985830973210439,1.02323858605006,1.0068965708784,0.989283209626795,1.00548008825924,1.00715657574073,1.04855035471808,0.978225845028869,0.949019525795062,0.992317955088235,1.00026791136454,1.03978696432696,1.0577366307012,1.0241967596499,1.01549434320091,1.02912596245792,58.4724458417061,58.4852949373159,59.9999931528418,58.5018887400225,58.5470472351764,58.4700590767967,58.4699330825959,58.4853893778716,58.5237440233831,58.4713041921223
5.02700790579115,278.26520879075,723.83807627339,0,678.985803495277,561.39933691167,722.684188041197,553.328718162153,562.82422759244,912.451920395101,1160.24093796803,216.561438452136,182.681338669895,0,81.8509441458021,130.183711058953,244.885518765143,213.018916756795,25.3249145535756,70.7811579163719,231.061492250445,1.02409441602432,1.01182301968685,0.98259646111643,0.948587254765774,0.949195359697171,0.949776260228134,0.944960067323611,0.946634115426505,1.01737868681972,0.948292522489297,0.947935394694376,0.93027435401436,0.94835238964154,0.951536857948202,0.958284677822332,0.976842150886946,0.981358786174221,0.980299003230102,0.979389123911739,0.974763432565469,0.98373630832968,1.0107067546961,1.00988957102243,0.984995498947829,1.02260422540315,1.00564622117324,0.9881640726031,1.00374541824445,1.00533945071172,1.0480806538578,0.977600185140183,0.948292522489297,0.991125857135857,0.99815209273833,1.03949351303371,1.05736521046946,1.02367467079862,1.01365715289449,1.02900930321266,58.470076202212,58.4880546674405,59.9999931528418,58.4981508526197,58.5327115732637,58.469125918907,58.4692610287772,58.4822324077086,58.5156344131629,58.4618791055231
5.06111652426184,276.13483069662,725.60074706069,0,680.238204569724,564.476379678284,719.461264450401,550.959169745183,562.943018697948,915.506092669562,1148.93369293722,218.091291962037,182.874727706073,0,82.9683408795916,128.659469805211,245.455597270675,213.168676343337,25.7993704224315,71.1470530627645,234.067552315114,1.02359056695154,1.01102351335902,0.981735393203921,0.947736892437243,0.948361946163952,0.948934472330491,0.94416569527064,0.945862933448627,1.01698170443065,0.947434927239678,0.947083591465076,0.929433053626528,0.94748927158932,0.950656917415196,0.957353845021203,0.975895780533047,0.980381725953981,0.979360501042489,0.97813201561222,0.973261154836366,0.983012606337936,1.01015254970096,1.00933343681236,0.984114069234581,1.0219448836444,1.00444878714087,0.987066038201291,1.00214925240433,1.00367847238148,1.04757885490981,0.976713090386728,0.947434927239678,0.990022293619977,0.996367681919065,1.03906858644174,1.05693238938287,1.02311155627292,1.01199170007512,1.02887424418429,58.4694548617175,58.489980120687,59.9999931528418,58.4935896974528,58.5147670781499,58.4713376196824,58.4715090629647,58.4793439958848,58.5052676785821,58.4529768074067
5.09522514273253,275.297757121006,728.243433829519,0,681.670619575188,565.919948565108,717.839468084075,549.73605835383,563.420191391127,917.6120185048,1135.18734159132,219.634276297317,182.884432484761,0,83.8946427016303,127.888407943354,245.945350902789,213.606229944414,26.2195900635139,71.5354768354291,237.445192238276,1.02304920084866,1.01022610841872,0.980865396167558,0.946824002703665,0.947428314220765,0.947984986446903,0.943270230039236,0.944994244834039,1.01653353156589,0.94649258479598,0.946139689014265,0.928508616295919,0.946548789643617,0.949718414960742,0.956414925943278,0.974964731394329,0.979432803515852,0.97843574242164,0.977064374984203,0.972078215915668,0.98222856705507,1.00949313186309,1.00868369720149,0.983223363410519,1.02129900238813,1.00338271431266,0.986055176659368,1.00080600982828,1.00229466410795,1.04707129258583,0.975625869892326,0.94649258479598,0.989079280574393,0.995047542884325,1.03850835060521,1.05644510195242,1.02254155663924,1.01062266596605,1.02872588027135,58.4698799097021,58.4902143819003,59.9999931528418,58.4879688071217,58.4947289081772,58.4756951290975,58.4757196516586,58.4763283519322,58.4932604844693,58.4447280439954
5.12933376120322,275.899047648102,731.440304029867,0,683.085859425507,565.714103400089,718.120274966262,549.875480238635,564.193897269725,918.684332821622,1119.44523650607,221.128613718606,182.742072516267,0,84.5854411008922,127.912570698888,246.355227648737,214.34631317609,26.5717128814939,71.9412432513641,241.076102486632,1.02248827724626,1.00946578958427,0.980024004226647,0.945892030840347,0.946443537495728,0.946978776619217,0.942320465927604,0.944072841849694,1.01605377686977,0.945512570661205,0.945151975842326,0.927547223060699,0.945576792869104,0.948764201996211,0.955503674558916,0.974082929261252,0.978550268211367,0.977562705157678,0.976236299554221,0.971271868292854,0.981403293615231,1.00873825390043,1.00794998882879,0.982352470485931,1.02069734716906,1.00250252528635,0.985178802689845,0.999790993141631,1.00126705755731,1.04658039717337,0.974413145958422,0.945512570661206,0.988341742423419,0.994257252147722,1.03781851098964,1.05591005760235,1.02199403705166,1.00963094339053,1.02856924695862,58.4705123287439,58.4881413923105,59.9999931528418,58.4812161393929,58.4742229645288,58.4808960472001,58.4806602339736,58.4728354894679,58.4803414693067,58.4372462817813
5.16344237967391,277.902848792804,734.827279091152,0,684.29515472808,564.008389290291,720.356760537007,551.429805566146,565.17953417935,918.748720442455,1102.33956609981,222.530041153821,182.497000656538,0,85.0333250049342,128.677521929707,246.700222308048,215.371016019291,26.8525519323227,72.3628015324575,244.834657995009,1.02192433405389,1.00876712582802,0.979238390701781,0.944979296937922,0.945455269623435,0.945965939171754,0.941362491622609,0.943142837208432,1.0155621662563,0.944538770788834,0.944166301198304,0.926591926012988,0.944615192471552,0.947831253578287,0.954644205501384,0.973269703603146,0.977756356140094,0.976765537226299,0.975659911440336,0.970844217019183,0.980552041067602,1.00790053465194,1.0071433137206,0.981519247292284,1.02015987660044,1.00183337237775,0.984460573751787,0.999133337878581,1.00062541563809,1.0461226745058,0.97315565425099,0.944538770788834,0.987822011533828,0.993988177046282,1.03701258250313,1.05533176523259,1.02149037440159,1.00904641047596,1.02840917311218,58.4704806874925,58.4834377843149,59.9999931528418,58.4734334044627,58.4548132614991,58.4855027970476,58.4849695839603,58.4685925874332,58.4672666319093,58.4306174323088
5.1975509981446,281.095019855809,738.046988215133,0,685.153705647199,561.093351526361,724.348237421225,554.277552563411,566.283308161069,917.929858954938,1084.64833648921,223.812399674693,182.20990598549,0,85.2659522815428,130.043725513803,247.004827161613,216.629373115935,27.068120056512,72.8012937884064,248.589533705816,1.0213726448939,1.00814380260145,0.978524780429064,0.9441171848296,0.944506880873679,0.944992556323169,0.940438980463662,0.94224516301974,1.01507806621039,0.943609468372447,0.943223431375495,0.925680280941031,0.943699779400324,0.94694907015776,0.953848880249676,0.972530185683079,0.977057428914713,0.976054430932416,0.975310954376383,0.970745974553208,0.979686796818099,1.00699598791191,1.00627678281277,0.980730838320535,1.01969541548117,1.00137115058816,0.983900637060271,0.998816378583885,1.00035063298758,1.04570839200833,0.971933464380303,0.943609468372447,0.987500890821578,0.994163525887782,1.03611183757161,1.05471346030518,1.02104300299204,1.00884827453322,1.02825042258131,58.4689912602406,58.476086988802,59.9999931528418,58.4648723476755,58.4378492118752,58.4881287156792,58.4873233198162,58.4634212117957,58.4547405514646,58.4248912851901
5.22313588828303,284.067022526411,740.169360108628,0,685.518840554889,558.336967439254,728.262960035612,557.109227298504,567.135469775971,916.848981068306,1071.48885060576,224.688649276082,182.003899407418,0,85.3292814573184,131.34930297909,247.222435833123,217.681680632101,27.1936214595585,73.142141887865,251.324811304326,1.02097540796608,1.00772887805837,0.97804141985142,0.943518362819392,0.943843867037057,0.944312073306203,0.939791106478466,0.941614456901488,1.01473087694396,0.942960524892831,0.94256474489424,0.925043667805339,0.943060814443591,0.946334107496937,0.953296905926685,0.972021413817943,0.976592774642387,0.975577664237227,0.975169683415104,0.970839493218818,0.979035235259373,1.00628561316044,1.00559734674091,0.980169266619962,1.01939528866457,1.0011452416821,0.983574657762692,0.99877252606023,1.00035278659379,1.0454293894589,0.971082988331805,0.942960524892831,0.987366331011262,0.99451541437401,1.03539062630896,1.05422603084154,1.02074746884047,1.00891889026685,1.02813507227085,58.4665460248015,58.4689719661601,59.9999931528418,58.4581382150479,58.4273401701515,58.4881071367995,58.487136549152,58.4588800601905,58.4460533193844,58.4211962521785
5.24872077842146,287.308917070649,741.913486049987,0,685.640337142665,555.322788809602,732.691364195367,560.345120061444,567.967028920821,915.496604647301,1058.86566595498,225.488326925668,181.834334918604,0,85.3295534495794,132.779066836953,247.442356984536,218.77671598393,27.2945546967999,73.4915386388521,253.919708734931,1.02060000985918,1.00735937819814,0.97760440393284,0.94297107653216,0.943239059805493,0.943692079189816,0.939198711046656,0.941036823110534,1.01440669899346,0.942366928245704,0.941963005064425,0.924461349876739,0.942475587563981,0.945768958978182,0.952784102431394,0.971548737904142,0.976174501848573,0.97514730075737,0.975099944396754,0.971024282509328,0.978389899603418,1.00556309601155,1.00490578925037,0.979633739864552,1.01913447087484,1.00100278918489,0.983315723227457,0.998856778566389,1.00049182285823,1.04517906938769,0.970321694366232,0.942366928245703,0.987295889708591,0.994981446683846,1.03465031156373,1.05372417775505,1.02048660034289,1.00913309755954,1.02802558300275,58.4627495900884,58.4607091092806,59.9999931528418,58.4513264883184,58.4190734224463,58.4859352164233,58.4848390634218,58.4537670361095,58.438201331877,58.4180028758956
5.27430566855989,290.600956487154,743.206234090025,0,685.546280726143,552.264146684678,737.353717174859,563.782728717239,568.747437200561,913.997970492084,1047.14853959062,226.209849117828,181.720930630954,0,85.2964305304741,134.226906868836,247.670893917404,219.864398770422,27.3760699992072,73.8456155875595,256.312617432442,1.02025328123418,1.00703449277668,0.977214485975878,0.942482968557925,0.942704692436391,0.943145618023442,0.93867441987163,0.940524616931695,1.01411329737815,0.941839029569215,0.941429426414175,0.923943481615003,0.941953583263056,0.945260902446893,0.952311580221469,0.971110075364716,0.975798289783195,0.974761028956706,0.975072538749277,0.97125283651793,0.977761217810645,1.0048459980075,1.00421789676632,0.979126303597048,1.01891025789347,1.00092324341626,0.983110235259907,0.999030104782301,1.00072503924634,1.04495812666412,0.96967207478295,0.941839029569215,0.987264486750419,0.995493618637031,1.03391267909475,1.0532168767021,1.0202595561475,1.00944525747581,1.02792439900379,58.4575294827337,58.4515614224072,59.9999931528418,58.4445924446564,58.4131657548023,58.4813977650991,58.4802118230853,58.4481096066752,58.4313044426343,58.4152833906493
5.29989055869831,293.719706193121,744.006598209863,0,685.288858417856,549.375053811489,741.957186482976,567.2034751173,569.45089969639,912.485028463897,1036.68043676114,226.850728134207,181.676867495906,0,85.2573876751206,135.589353101717,247.910086878934,220.891968991232,27.4420875798631,74.1973784092764,258.442804015204,1.01994233938137,1.006753514823,0.97687277606744,0.942060970590293,0.942251175720449,0.942683664173167,0.938229066357873,0.940088539287172,1.01385803399416,0.941385934239346,0.940973714106362,0.923498995388163,0.941503303240574,0.944816901187207,0.951882078478787,0.970705707099942,0.97546133609197,0.974417623117481,0.97506041763509,0.971480496377927,0.97716321849167,1.00415607109007,1.00355379414956,0.978651860106705,1.01872019627416,1.0008860001783,0.982945258257898,0.999252158156809,1.00100806903376,1.04476732650858,0.969151159589443,0.941385934239346,0.98724868967792,0.995987447021468,1.03320337399453,1.05271737207744,1.02006536235346,1.0098074807144,1.02783405743549,58.4509152113221,58.4418288255721,59.9999931528418,58.4380642603169,58.4095749574953,58.4744389030061,58.4731908440898,58.4419578915525,58.4254108610028,58.4129963381643
5.32547544883674,296.453888627721,744.306337748927,0,684.937545039859,546.856146785304,746.216913624436,570.388451243049,570.055958125348,911.086671655311,1027.76248322924,227.407056913634,181.708141528325,0,85.2355106763092,136.772261399843,248.157459510994,221.807519884033,27.4950238332842,74.5371546879235,260.253240411106,1.01967431708417,1.00651630335982,0.976581135339006,0.94171133858917,0.94188690434364,0.942314904300549,0.937871431699561,0.939737361176989,1.01364752159549,0.941015412397456,0.940603932896742,0.923135513699834,0.941132218486104,0.944443663218725,0.951500340858793,0.970338831733731,0.975163078312712,0.974117536514301,0.975041005178306,0.971668829391421,0.976613176465364,1.00351837768824,1.00293717559621,0.978218423370005,1.01856257694104,1.00087224393993,0.982809875227225,0.999484515741753,1.00129842469988,1.04460772471489,0.968770032990288,0.941015412397456,0.987228771288006,0.99640659020611,1.03255071656458,1.05224283683055,1.01990335772021,1.01017349342374,1.02775705349777,58.4430362418137,58.4318275375184,59.9999931528418,58.4318290536375,58.408104288043,58.4651639253161,58.4638729844136,58.4353810693975,58.4204958395461,58.4110878856693
5.35106033897517,298.620147751026,744.127432899097,0,684.570109140747,544.881443169522,749.874497562914,573.133957991473,570.544754670413,909.920792762624,1020.64067852458,227.873628706019,181.813577624903,0,85.2480748397031,137.696170381302,248.406565954831,222.563753036437,27.5359273491483,74.8532924451023,261.69434895979,1.01945588289813,1.00632337954325,0.976342106596259,0.941439350175633,0.94161786605576,0.942045344130725,0.93760781082729,0.939477472828653,1.01348715425604,0.940733526208778,0.940326127934318,0.922858983530198,0.940846403082066,0.944147291006597,0.951172768820092,0.97001525316796,0.9749051927055,0.973862873157594,0.97499748279619,0.971787761578938,0.976130285150225,1.00295941897874,1.00239351658328,0.977836454599188,1.01843653282643,1.00086621011642,0.98269589933613,0.999693268608549,1.00155834965907,1.04448062110136,0.968533506916391,0.940733526208778,0.987189855731712,0.996705947375855,1.03198365449632,1.05181305002914,1.0197733383599,1.01050169501255,1.02769564172847,58.4341126897389,58.4218699713851,59.9999931528418,58.4259242871198,58.4084171601262,58.4538301468845,58.4525102344136,58.4284642231086,58.416465383505,58.4094936881995
5.3766452291136,300.076115789596,743.518006513569,0,684.262301384002,543.585922534779,752.713933942833,575.265837802114,570.902262576159,909.085372303294,1015.49548014682,228.244812642733,181.985713389197,0,85.306008424459,138.300557190009,248.648041414239,223.121584806619,27.5649088421652,75.1335530373571,262.727992568421,1.01929264153546,1.0061756897936,0.976158446515983,0.941248753528374,0.941447154427895,0.94187784346452,0.937441507197283,0.939312360664453,1.01338060337486,0.940544073028882,0.940143797676518,0.922673130082625,0.940649948022298,0.943932619283622,0.950906476424626,0.969742346354941,0.97469096013839,0.973656814574636,0.974919107849119,0.971816522967872,0.975733613140325,1.00250456374255,1.0019475497766,0.977517464160986,1.01834180420185,1.00085583222604,0.982597955590852,0.999850948709124,1.00175703917848,1.04438732645087,0.968440080188301,0.940544073028882,0.987122237028091,0.996853349619556,1.03152910756513,1.05144830610011,1.01967543425313,1.01075773822749,1.02765161166398,58.4244393988054,58.4122467177743,59.9999931528418,58.4203356726835,58.4100613907972,58.440828117219,58.4394930458033,58.4213057629302,58.4131646745702,58.4081412062038
5.40223011925202,300.730547898418,742.546832045246,0,684.077653906046,543.055748392463,754.573807124062,576.651393306971,571.115771560523,908.651018413304,1012.43446441647,228.515760482831,182.212243488549,0,85.4140020333799,138.546712533494,248.870954768471,223.453224641959,27.5817042044994,75.3666586730723,263.331100439127,1.01918852237833,1.00607416643633,0.976032435548096,0.941141131798309,0.941374519870852,0.941811708227255,0.93737238751552,0.939242144309692,1.01332937826558,0.940448000964195,0.940057366407791,0.922578883448916,0.940544320384615,0.94380242912097,0.950708013453869,0.969527599790816,0.974524245360314,0.973502722387237,0.974800816669641,0.971743661678894,0.975439712837617,1.0021751794128,1.00162041073077,0.977272207701692,1.01827829985566,1.00083290803746,0.98251311999214,0.999937784214377,1.00187215326204,1.04432881207854,0.968482207246556,0.940448000964195,0.987021072680663,0.996830064813109,1.03120909498147,1.05116691526218,1.01960980343821,1.01091637400172,1.02762607745593,58.4143646917835,58.4032115390867,59.9999931528418,58.4150019936763,58.412501754269,58.4266549293613,58.4253240429215,58.4140153431127,58.4103911379181,58.4069523642622
5.42781500939045,300.549372551555,741.297118602953,0,684.058778136611,543.322155475384,755.355697848061,577.208158385736,571.174938322589,908.655372587654,1011.48850564995,228.6836239232,182.477759226278,0,85.571012877657,138.419278005793,249.06412667379,223.544390375393,27.5861574758748,75.5437703821338,263.498197238512,1.01914528901109,1.006019260817,0.97596519819226,0.941115391865427,0.941396125581265,0.941842499719623,0.937396654624984,0.939263331357127,1.01333255936677,0.940442993938724,0.940063841405444,0.922573971560024,0.940527876945926,0.943756778713124,0.950582113462259,0.969377144833998,0.974408422888037,0.973403210677063,0.974642491022745,0.971566524664801,0.975260390397366,1.00198601656118,1.00142701021751,0.97710892749474,1.01824564391141,1.00079298169073,0.982440374622613,0.999942392877946,1.00189071192607,1.04430537832291,0.968646925424121,0.940442993938725,0.986885785640482,0.996630536269081,1.03103816337517,1.05098280554981,1.01957628026832,1.01096263551688,1.02761932645622,58.4042654164842,58.3949700719841,59.9999931528418,58.4098262904397,58.4151584926026,58.4118816938676,58.4105841700411,58.4067119503461,58.4079112114835,58.4058464242836
5.45339989952888,299.55743520891,739.860114427516,0,684.221368901827,544.359746304001,755.028840610032,576.909050805369,571.07250239932,909.100248711374,1012.61152700388,228.748391004958,182.765484775204,0,85.7709013243335,137.926506861056,249.217159303628,223.395421177435,27.5784643073458,75.6595527293799,263.242283070856,1.01916227710143,1.00601061271453,0.975956253111018,0.94116756722024,0.941504650528014,0.941962195959728,0.937506970676336,0.939368921130101,1.01338678762517,0.940523401812973,0.940156817087626,0.922652851632756,0.94059572086918,0.943792673456785,0.950530810095695,0.96929466869947,0.974345574384626,0.973359472671943,0.97444826233462,0.971290599210115,0.975201119748296,1.00194336753551,1.00137416284213,0.977032072272149,1.01824287811828,1.00073514826167,0.982380139215304,0.999862048703733,1.00180948322245,1.04431644581329,0.96891685726819,0.940523401812973,0.986719503042486,0.99626176773317,1.03102160508471,1.05090372676728,1.01957411102371,1.01089241587739,1.02763076145605,58.3945202194893,58.3876725349565,59.9999931528418,58.4046919883983,58.4174487867834,58.3971172610512,58.3958937681564,58.399521680451,58.4054795381578,58.4047429370396
5.4789847896673,297.835770505097,738.329015074622,0,684.551776269033,546.089382158487,753.631207803109,575.783733982949,570.805656734964,909.951878488908,1015.68382159197,228.713114883556,183.058764646507,0,86.0030258969324,137.099342605666,249.321029027569,223.02117926182,27.5590873943928,75.7126377232554,262.593777859828,1.01923642581289,1.00604696844076,0.976003440151312,0.941291049748358,0.941689811227472,0.942159770186943,0.937692994014069,0.939548920459392,1.01348654671795,0.940680615184449,0.94032691462309,0.922807077848829,0.940740012115411,0.943904214273378,0.950553154824905,0.969280984431214,0.974336180937492,0.97337105608468,0.974226104753711,0.970928979325642,0.975260438549361,1.00204436927089,1.00145984903561,0.97704179552161,1.01826843558311,1.00066192524059,0.982334059918154,0.999702621566784,1.00163494913157,1.04436054479164,0.969271550197503,0.940680615184449,0.986528752441333,0.995742635377297,1.03115481970843,1.05093042469936,1.01960187470142,1.01071249684908,1.02765895425749,58.3854830681508,58.3814104109632,59.9999931528418,58.399481851581,58.4188278428445,58.3829702256371,58.3818713083587,58.3925746842894,58.4028589462424,58.40356463488
5.51044078752272,294.924731414795,736.453528106222,0,685.120969132286,548.966401448071,750.61570213409,573.404734323824,570.25906470998,911.451066583336,1021.83785444176,228.541303631847,183.403619448765,0,86.3094328680234,135.706079351905,249.370042824241,222.297051109219,27.5195206289911,75.6960760094078,261.327941310247,1.01939796467142,1.00615045062652,0.976133094153085,0.941527502083835,0.942003697674995,0.9424895060631,0.938006517459191,0.939853768632902,1.01366071237519,0.940962754367619,0.9406242151345,0.923083856205613,0.941006889601954,0.944132546487588,0.950676092162826,0.969355734947251,0.974396675888658,0.973458418860525,0.973933577356435,0.970399483593278,0.975483244561039,1.00234705993929,1.00173844110334,0.977166431089699,1.01833592323107,1.00056058792978,0.982301809233348,0.999421211645595,1.00131815910988,1.04445676115465,0.969790480228462,0.940962754367619,0.986276702195846,0.994946280324672,1.03150167924204,1.05109843274985,1.01967412627069,1.01036892474413,1.02771335682604,58.3757961005933,58.3751712937036,59.9999931528418,58.3928278793363,58.4185763913626,58.3672809896335,58.3664112890176,58.3845641444851,58.3990652540033,58.4019058270221
5.54189678537813,291.431907590217,734.718149553389,0,685.756744830072,552.389327342428,746.464615674216,570.164831392098,569.494719522937,913.287456152321,1030.18566271768,228.240658619366,183.709170791586,0,86.6076994760923,134.019366784333,249.322774758352,221.35038583283,27.4617387209213,75.5992931994026,259.641041661957,1.01962547676432,1.00631484026403,0.976334490357153,0.941840977831725,0.942390401282116,0.942891581061521,0.93839105336901,0.940228724888048,1.01387806650884,0.941322887759016,0.940997670416194,0.923437146830555,0.941353549122237,0.944445333031737,0.950895003857256,0.969525208662522,0.974533835973659,0.973621953867944,0.973647139828697,0.969824282082698,0.975848087723399,1.00281377496778,1.00217753973009,0.977403352571929,1.01844028523895,1.00046347040338,0.982304685822829,0.999084250298074,1.00093181100643,1.04459496588335,0.970364543383916,0.941322887759016,0.986029067390558,0.994046514025936,1.03201239529902,1.05139470777774,1.01978470485465,1.00993769945896,1.02778515102253,58.368044049056,58.3704875464108,59.9999931528418,58.3858126931624,58.4156166499852,58.3542668176933,58.3537043952568,58.3773418868452,58.3943829424226,58.3999129701112
5.56172104376926,289.084536635178,733.749351469628,0,686.130344490137,554.682204109367,743.434380450674,567.815863601549,568.918644292504,914.532781536194,1036.34610317073,227.991121645933,183.873029937793,0,86.7750373413626,132.870793385165,249.239633650705,220.676090873846,27.4146893496097,75.5027182787845,258.409381579088,1.01979679694643,1.00644805104432,0.976495003739331,0.942070676739068,0.942661525555875,0.943171684034282,0.938659743009886,0.940491103461183,1.0140309007677,0.941580858774925,0.94126264611431,0.923690216231362,0.94160439806933,0.944678380470256,0.951077692088473,0.969677553920971,0.97465858923785,0.97376222514127,0.973485241355779,0.969464897926315,0.976138328459717,1.00317416007904,1.0025198630247,0.977603998774026,1.0185241565469,1.00041442205403,0.98232972385062,0.998865538395943,1.00067727684387,1.04470168440599,0.970739174382801,0.941580858774925,0.985888809912009,0.993465395611115,1.03239776103292,1.05163547696171,1.01987251197772,1.00964783160556,1.0278371950968,58.364262170608,58.368276664832,59.9999931528418,58.3811991958355,58.412190842338,58.3477327997947,58.3473959688942,58.3732792564085,58.3908953559602,58.3984453568608
5.5815453021604,286.749023277564,732.910513413737,0,686.433174517694,556.96137989867,740.240503162692,565.351424740408,568.289398307269,915.772401736024,1043.00776440552,227.699182015986,184.009290950417,0,86.9122665207155,131.71249115634,249.113215918212,219.972874578339,27.3573457988572,75.3839383446928,257.082895978074,1.01998525675823,1.0066033798982,0.976679665607642,0.942320413362312,0.942947297962774,0.943465589696558,0.938942120162011,0.940767069028338,1.01419173983055,0.941856865901543,0.941544290513904,0.923960979044936,0.941874637968788,0.944934318175543,0.95129211524251,0.969863444086276,0.974813022034543,0.973930571484376,0.973352143843495,0.969131896951326,0.976465298561294,1.00357116541871,1.00289923865855,0.977839889287063,1.0186222224099,1.00038435419542,0.982378159796719,0.998662124703223,1.00043664593105,1.04482243025925,0.971113836672578,0.941856865901543,0.985773487750724,0.992908149825807,1.03281522330358,1.05190836744115,1.01997357654817,1.00936857665213,1.02789300656539,58.3613626424359,58.3665692149567,59.9999931528418,58.3764642631866,58.4075128399604,58.3426371343536,58.3425401042312,58.3696469176347,58.3869692941304,58.3967901486812
5.60136956055153,284.520397924791,732.21945836768,0,686.629811213125,559.136883256308,737.011696254538,562.871373509337,567.627113004011,916.951610137218,1050.01300466186,227.367349594992,184.114817989277,0,87.0082245105853,130.589483247114,248.942354031716,219.264869256097,27.2874450393304,75.2465741913356,255.687939451847,1.0201875005222,1.00678049683769,0.976887501291445,0.942587140179232,0.943243542516384,0.943768941826106,0.939233888323898,0.941052380809778,1.01435774768849,0.942147113681105,0.94183862674955,0.924245711929876,0.942160658109295,0.945210012339743,0.951536539823063,0.97008207564668,0.974997697764906,0.974126926362992,0.973260042703889,0.968845262443662,0.976821601982724,1.00399369415603,1.00330527568879,0.97810798736526,1.01873517396143,1.0003815780018,0.982454948904706,0.99849078421793,1.000228414552,1.04495653330448,0.971482442296573,0.942147113681105,0.985693925971581,0.99240347286468,1.03325194314207,1.05220607983278,1.02008760536342,1.00911994694277,1.02795153615878,58.3593236336431,58.3652967458406,59.9999931528418,58.3716541404857,58.4016152501307,58.3390258148843,58.3391725038651,58.3664714999688,58.3826180622967,58.3949347320458
5.62119381894266,282.486959957762,731.688356532559,0,686.690760914053,561.123463037651,733.878549762769,560.475362643642,566.954910725607,918.017629334263,1057.20423113151,226.997715585335,184.187319094016,0,87.0522020808502,129.546366003785,248.726719017613,218.575270438389,27.2023841280823,75.0943592563483,254.248410304898,1.02040044433696,1.00697925121162,0.977117910816302,0.942868488354558,0.943546979212221,0.94407832525089,0.93953164500508,0.941343670230569,1.01452662811803,0.942448620280909,0.942142531725805,0.92454148971018,0.942459621134146,0.945503002345661,0.951809740752911,0.970333141158286,0.975213578286487,0.974351599386925,0.973221337241065,0.968625100530041,0.977200595940742,1.00443153734209,1.0037284207667,0.97840583990265,1.01886407646136,1.00041457617747,0.982565321605682,0.998368247670904,1.00007101515771,1.04510350419529,0.971840400667126,0.942448620280909,0.985661177246506,0.991980117074494,1.03369603892457,1.05252194033252,1.02021453872623,1.00892194290531,1.02801189296381,58.3580906404581,58.3643832600179,59.9999931528418,58.3668319478058,58.3945812327591,58.3368888268052,58.3372719736757,58.3637662589651,58.3778782621546,58.3928711863613
5.63637977024291,281.10902963072,731.393839878652,0,686.632410057348,562.470856604354,731.618707910563,558.754009748825,566.448372342219,918.729507254833,1062.74655683235,226.689994280933,184.219581926888,0,87.0447830672883,128.826823233072,248.531454474288,218.072330087897,27.1253146688781,74.9696644342477,253.128354701385,1.02056912864398,1.00714611494755,0.977309490836054,0.943092824709803,0.943782783791656,0.944317841809285,0.939762214205125,0.941569288667673,1.01465685544129,0.942685830949117,0.94238037318002,0.924774193223033,0.942696087530442,0.945738009495418,0.952037998913194,0.970547448760185,0.975400788473149,0.974543200969999,0.973235050542665,0.968513099225108,0.97750278889468,1.00477185927753,1.00405904775431,0.978652980844858,1.01897439897359,1.00046903356689,0.982675736942091,0.998316985824703,0.999995354653198,1.04522457392188,0.972105409628053,0.942685830949117,0.985674226174266,0.991727472371795,1.03403490447947,1.05277266883673,1.02032057226458,1.00881585767626,1.02805891985213,58.3576428732714,58.3638782739748,59.9999931528418,58.3631747519483,58.3884989596117,58.3362137024508,58.336766351312,58.3620120745059,58.3740180015648,58.3911473913064
5.65156572154316,279.92288650439,731.197878932199,0,686.47597792337,563.629478211835,729.543122121009,557.178190585754,565.962859650268,919.326228504602,1068.24254621916,226.362536677884,184.231268937871,0,86.9978483173544,128.198911442236,248.307844678582,217.601229084556,27.0368900666241,74.8429590022081,252.001825296409,1.02074139915188,1.0073253049276,0.977513847896331,0.943324080816248,0.944020568185432,0.944558574824371,0.939993961347662,0.941796100327543,1.01478723260692,0.942927595471269,0.942621689201554,0.925011364060055,0.942938184605391,0.945981429423055,0.952282323628624,0.970780768592685,0.975607295692155,0.974751787956203,0.973291417958951,0.968458469586587,0.977812782172325,1.00511263748095,1.00439167683753,0.978915677683844,1.01909507198614,1.00055194498069,0.982810536956714,0.998309030757404,0.999965705827526,1.04535241394197,0.972361255598041,0.942927595471269,0.985724923315921,0.991548847271438,1.03436833990512,1.05302855199227,1.02043401320003,1.00875711900119,1.02810637858171,58.3575718446163,58.3634994233847,59.9999931528418,58.359592744596,58.3818995442753,58.3363178626111,58.337024320113,58.3605266326005,58.3699970608283,58.3892995649021
5.67310386171762,278.616949131477,731.084998824496,0,686.082608518073,564.898347486566,727.009136223847,555.262780288809,565.334767077062,919.95155965215,1075.82621605827,225.863468050551,184.212637792643,0,86.8558280459909,127.489004620968,247.957763221922,217.003779977724,26.888777329651,74.6495986287154,250.414051512186,1.02098930806804,1.00760118151125,0.977825640257739,0.943662607425705,0.944359533446816,0.944900408046431,0.940322870139944,0.942118002571269,1.01497086802607,0.943276601293741,0.94296820277766,0.925353738550748,0.943289523629039,0.946339493498733,0.952655464343385,0.971144242625662,0.975934586071751,0.975077462952512,0.973455320899553,0.968497292991568,0.978260603115267,1.00558856574935,1.00485931968703,0.979313179626821,1.01928652188186,1.00072728309997,0.983049190564028,0.998388274619616,1.00002023046712,1.04554649595027,0.972707328517649,0.943276601293741,0.985870920566676,0.991448234054318,1.03482228083054,1.05339477465625,1.0206088227132,1.00877378386504,1.02817370401238,58.3579986600856,58.3631017056661,59.9999931528418,58.3547233681852,58.3718405732268,58.3376555385486,58.3385447261812,58.358851803528,58.3641027742069,58.3864703908756
5.69977039930407,277.67392250994,731.198978437,0,685.334344925154,565.780251372859,724.6853214675,553.517850513104,564.698832836474,920.315378718957,1084.66896955612,225.19731840012,184.134580236999,0,86.5544695855941,126.961915441726,247.462104191652,216.39937413031,26.6680561076273,74.4109990066673,248.482438342089,1.02129878767827,1.00797497540504,0.978244934165063,0.944096776330502,0.944780257896943,0.945322586393698,0.940728773315977,0.942515264544196,1.01519549917191,0.943716719217335,0.943402295715264,0.925785493950395,0.943735472008647,0.946801401566412,0.953158229972989,0.971645097946545,0.976394231671101,0.975527242794266,0.973801614333701,0.968747531026874,0.978822317082407,1.00615808200846,1.00542390258887,0.979842267434686,1.01955564398353,1.00104134064755,0.983423021873088,0.99864179012519,1.00025421469992,1.04580416878368,0.973107707641705,0.943716719217335,0.986178667663694,0.991592196333016,1.03534613446579,1.05384821594984,1.02084595673849,1.00896800369997,1.02825671021957,58.3591383045307,58.3627000965251,59.9999931528418,58.349184211956,58.3586507276579,58.3409020491694,58.3419474091026,58.3573979106301,58.3566721756208,58.3826436694994
5.72643693689052,277.509751472883,731.565203760242,0,684.341417825975,565.8369255533,723.390956541217,552.559406144376,564.267673591898,920.19865523343,1092.67880458022,224.485318248084,184.000474358928,0,86.1142853728822,126.862853517358,246.916013868865,215.963827798294,26.4054473115122,74.1755850610212,246.618205036653,1.02160641617683,1.00838092257902,0.978697339501142,0.944543907532679,0.94519925421498,0.945740863447674,0.941130424011451,0.942908321516546,1.01541548060165,0.944162213578561,0.943838748887532,0.926222523631944,0.944189821077565,0.947279578010199,0.953700896839012,0.972197490680854,0.976910888739543,0.976024947513614,0.974312073057684,0.96923473081198,0.979382899278418,1.00669454092683,1.00596153588517,0.980405883423144,1.01986041612837,1.00146734356612,0.983884866493831,0.999078770665897,1.00068548781724,1.0460790962994,0.973477080110456,0.944162213578561,0.986632054853202,0.992055326756991,1.03581669902868,1.05429308771947,1.02110491218179,1.00936930984144,1.02833847089602,58.3606223097477,58.3622383475065,59.9999931528418,58.3443536362429,58.3452050403809,58.3454009354131,58.3465135009533,58.3564918243067,58.3493406547463,58.3784849853775
5.7451248203454,277.855801878817,731.952055539607,0,683.536200225929,565.366698031914,723.139142337529,552.385606902852,564.109144380309,919.825805859574,1097.6913716146,223.965437340944,183.877071799336,0,85.728136759828,127.061232238695,246.512803736866,215.765044750033,26.1981109694263,74.0179265918252,245.366209385962,1.02181832932891,1.00868129130701,0.979030719901616,0.944862209397408,0.945489908446681,0.946029841138154,0.941407574432363,0.943179506362298,1.0155660170515,0.944475157221483,0.944143764767917,0.926529521144221,0.944510567745413,0.947621181796454,0.954100554211588,0.972610767943664,0.977303013487948,0.976398477459052,0.974765049085514,0.969716792359139,0.979769806682102,1.00704550047382,1.00631681837315,0.980816529434438,1.02009381230425,1.00183104751715,0.984258448979693,0.999494115395671,1.00110546122884,1.04627999322117,0.973717670553081,0.944475157221483,0.987034465136123,0.992571823063416,1.03611037963511,1.05459512290181,1.02129784033968,1.00977484413224,1.02839459363421,58.3616783160243,58.3617976743238,59.9999931528418,58.3414680602047,58.335958859582,58.3489892378091,58.3500921352416,58.3560906408134,58.3444043386416,58.3753910844388
5.76990344752101,278.855502305863,732.594944373859,0,682.398515089437,564.105403639541,723.637753374376,552.78455650101,564.099926309295,918.9793092816,1103.46895974226,223.262250330591,183.683721618513,0,85.1330455754036,127.661274515529,245.969307536306,215.636263249867,25.8991709954999,73.8255327546676,243.795574072007,1.02209065128011,1.00909289822994,0.979486244251673,0.945284909860967,0.945867586127693,0.946404043698999,0.941766002623047,0.943530165127261,1.01575931178189,0.944886094216714,0.944542576726375,0.926932650071965,0.944933473296609,0.948075963401551,0.954645822129111,0.973181943701695,0.977851772048628,0.976916495283108,0.975473659976763,0.970520823427297,0.980266900463463,1.0074723541682,1.00675333124191,0.981371232073313,1.02042401937895,1.00238735382972,0.984808281431557,1.00017307397727,1.00180147205498,1.04655269584476,0.974013516488895,0.944886094216714,0.987664380615392,0.99348595741723,1.03644961843404,1.05497621560712,1.02156458041595,1.01046088452464,1.02846674827368,58.3628374089251,58.3609679321157,59.9999931528418,58.3383474235111,58.3244046464203,58.353833292145,58.3548504341123,58.3557020680314,58.3383182975562,58.3710921360024
5.79468207469663,280.395936301405,733.351914393045,0,681.257031621789,562.164549814872,725.029734246892,553.856483216322,564.324087799764,917.776317442057,1108.19957387288,222.554023258943,183.462558821614,0,84.465026792743,128.617593676883,245.433517898583,215.651776284807,25.5789400294532,73.6522780283179,242.339507052398,1.02235015525003,1.00951329196151,0.979950162882713,0.945703570606608,0.94623376440253,0.946765621539951,0.942111785810044,0.943868378545165,1.0159444421775,0.945288580709229,0.944931582142082,0.927327489059114,0.94534929187706,0.948527190646423,0.955199155143373,0.973768698966709,0.978423211516326,0.977451399604833,0.9762859708116,0.971489145351592,0.980738727118482,1.00785095007188,1.0071453552439,0.981927770724376,1.02077348008529,1.00301641824082,0.985409238513383,1.00098173402715,1.00263883114925,1.04682922383512,0.974285032318018,0.945288580709229,0.988386864739168,0.994633160934947,1.03673022290083,1.05532932714278,1.02184065127596,1.01129865863893,1.02853583564197,58.3634970405439,58.3597867096063,59.9999931528418,58.3360506685502,58.3140972288007,58.3583391939706,58.3591906699386,58.3553197120455,58.3329341984758,58.3666022911394
5.82500872813114,282.836390667622,734.360223874382,0,679.98287045001,558.991799145244,727.760122208179,555.939128813614,564.892856073697,915.901407245299,1112.53005917969,221.724805099651,183.181747588905,0,83.5973540571354,130.208411803146,244.821634251652,215.84436382366,25.1838129363944,73.5049417539381,240.763296303083,1.02263986950813,1.01001613629049,0.980503673842064,0.946189225434193,0.94664909463502,0.947174185394241,0.942501989214193,0.944250019307906,1.01615224900115,0.945750010192868,0.945375604711342,0.927780151088364,0.945827970829032,0.94905161279932,0.955857606471793,0.974475716519136,0.979120490060981,0.978098590229118,0.977366578029367,0.972828435943947,0.981261850168908,1.00823750466495,1.0075515805635,0.98258268538805,1.02120573155698,1.0038418245175,0.986175545302865,1.00208873037771,1.00379455815477,1.04715717024727,0.974573598142659,0.945750010192868,0.989350407286546,0.99626883814549,1.03699103552187,1.0557091257076,1.02217569684285,1.01246979758061,1.02861345741431,58.3633094762459,58.3577813836436,59.9999931528418,58.3343110000918,58.3038650633322,58.3627202006538,58.3632711483654,58.3545974395806,58.3275647033934,58.3609070663451
5.85533538156565,285.659859291909,735.39999656373,0,678.974979044333,555.16690790061,731.343871178354,558.654777743644,565.736712217635,913.751025061355,1115.29762480155,220.956366645677,182.898653260489,0,82.7317339041602,132.131384504068,244.290236753869,216.184300876114,24.8001920920276,73.4134774249269,239.42572573525,1.02289471654306,1.01049295731787,0.981026790811853,0.946636165570267,0.947023575852352,0.947541320350816,0.942851992232056,0.944592280264402,1.01633768986578,0.946169947706161,0.945778170527633,0.928192109518562,0.94626513955786,0.949534402131356,0.956475496965715,0.975146506320622,0.97979190578455,0.978717359761842,0.978486063921966,0.974261626940228,0.981715019417152,1.00853825426769,1.00787375793185,0.983189050889187,1.02163198523452,1.00469381282384,0.986945987603139,1.0032708548084,1.00503666789799,1.04746737014087,0.974819524630349,0.946169947706161,0.990350737177991,0.998061542346231,1.03716647581079,1.05602396714751,1.02250103737605,1.01374139536356,1.0286826310528,58.3617866676254,58.3551176926598,59.9999931528418,58.3335972346575,58.2968615495834,58.3652566623897,58.3654182659525,58.3533386601195,58.3237493569094,58.3550570665513
5.88566203500016,288.587698039793,736.40240781662,0,678.342759311653,550.991306154777,735.406214026398,561.713965587212,566.769796640519,911.514000129454,1116.61495906562,220.289184509952,182.636526656705,0,81.9337684844305,134.230059250559,243.87093486677,216.618938292952,24.4557402690275,73.3935926000834,238.360591177763,1.02310632477164,1.01092037013627,0.981493880540798,0.947024738569595,0.947342398295346,0.947852766575088,0.943148389284078,0.944882096142606,1.01649417654954,0.94653084320772,0.946122807688815,0.928546147773267,0.946642175719794,0.949954116789701,0.957022730023913,0.975746953579587,0.98040167485161,0.979275670832714,0.979569968852271,0.975686748536561,0.982084037819648,1.00875187453618,1.00810823010463,0.983718965679937,1.0220295029888,1.00551701985371,0.98767378866931,1.0044448703923,1.00627687378316,1.04774568577714,0.975016376375762,0.946530843207721,0.991322702152971,0.99987828315289,1.03726471679526,1.05626578758325,1.02280188066882,1.01502269000896,1.02874097974127,58.358795720431,58.351794302867,59.9999931528418,58.3336500814813,58.2935299688986,58.3654954067814,58.3652070410802,58.3513219208413,58.3216074866619,58.3491209045874
5.91598868843467,291.349153178258,737.313448341101,0,678.147439248267,546.820753489822,739.54482193977,564.804455866986,567.884891342207,909.404631624896,1116.65029505543,219.754037004161,182.41246588467,0,81.2620739590957,136.326997924548,243.585903633602,217.089775297365,24.1738557821478,73.4453709703367,237.587649858563,1.02326878254431,1.01127917842382,0.981884147228348,0.947339887090397,0.947594776546385,0.94809825781,0.943381530897218,0.945110045477695,1.01661687764082,0.946819642775757,0.946397377162387,0.928829459963607,0.946945112907649,0.950294386111551,0.957475503356986,0.976249552133006,0.980919815214671,0.97974699307733,0.980548651930333,0.977004714392259,0.982362102741236,1.00888444960833,1.00825900569346,0.98415156050945,1.02237874551911,1.00625967148246,0.988316678656519,1.00552951528607,1.00742830069993,1.0479808659562,0.975161001654865,0.946819642775757,0.992204759450241,1.00158649069464,1.03730009733365,1.05643348155717,1.02306618824063,1.01622315779676,1.02878672893848,58.3543540227942,58.3478570200582,59.9999931528418,58.3341422017869,58.2940240526845,58.3632380462218,58.3624752281431,58.3484165265484,58.321123924298,58.3431608159934
5.94631534186918,293.7006188228,738.093327558323,0,678.389904477685,543.030441765819,743.367086005735,567.622222249177,568.967283281744,907.648885947985,1115.5996802384,219.371713800091,182.237495713054,0,80.7618528624161,138.24027632379,243.470337125561,217.545470914386,23.9707547372755,73.5419890895638,237.112735920923,1.02337916273983,1.01155667755951,0.982182860229734,0.94757118983648,0.947773728935096,0.94827125396951,0.94354529884139,0.945270148987223,1.01670275479872,0.947027471578651,0.946593766990138,0.929033339894351,0.947164317085158,0.950543590490136,0.95781567871447,0.976632797843196,0.98132328968775,0.980111456895935,0.981361842815913,0.978127609555402,0.982545628930654,1.00894312491926,1.00833196847424,0.984471252494103,1.02266637046379,1.00688073818058,0.988841430258062,1.00645745595826,1.00841817614146,1.04816716882445,0.97525287537173,0.947027471578652,0.992942960693227,1.00306651286005,1.03728543144605,1.05652842609583,1.02328655759303,1.01726533944107,1.02881881137734,58.3486181076267,58.3433870994731,59.9999931528418,58.3347216115139,58.2981757230066,58.3585458147327,58.3573276551906,58.3445959221808,58.3221366846122,58.3372307580449
5.9832279476085,295.730973674908,738.824782400347,0,679.203289638974,539.464759289493,747.097004335175,570.303176045547,570.072358088676,906.220394058892,1113.17962547904,219.146538304011,182.113121858597,0,80.4331635360278,140.101979922655,243.47611822901,217.989818509105,23.8591725494676,73.7825396694714,236.95152220952,1.0234365309538,1.01175873689031,0.982400276766513,0.947725629997035,0.94788194859454,0.94837383953988,0.943641525277091,0.945364203742837,1.01675236181168,0.947159836733607,0.946716377660248,0.929163190017365,0.94730639426195,0.9507111647453,0.958063301351437,0.976922014188686,0.981631899403133,0.980385071314695,0.982057701886262,0.979118484516427,0.982658194972971,1.0089516377508,1.00834952231951,0.984702576382124,1.02290200655813,1.00739661649018,0.989265916584001,1.00725066777716,1.00927102966122,1.04830714477005,0.975286203402606,0.947159836733607,0.99358507411577,1.00439936632924,1.03724749966819,1.05657254403445,1.02347493386429,1.01817988540085,1.02883733038752,58.3403194632801,58.3373926867719,59.9999931528418,58.3350537964598,58.3073743332815,58.3500404286182,58.3483636586154,58.338849435669,58.3249370771567,58.3301184817675
6.02014055334781,296.670276442372,739.297693011512,0,680.398863857356,537.507541639021,749.412831198701,571.865554797026,570.80621710793,905.830971094971,1109.79332201084,219.185678381096,182.085257895071,0,80.4271367839111,141.237396731033,243.712637521701,218.280562299616,23.8955097836418,74.0608380434093,237.2209204805,1.02341287941056,1.01181186034706,0.982454229880243,0.947739838317857,0.947871604414274,0.948360044929414,0.943626692685857,0.94534963473137,1.01674289569154,0.947160095806019,0.946712059956144,0.929163444167163,0.947311232994887,0.950727897442342,0.958120552898786,0.977005660865522,0.981729825065739,0.980464645229195,0.982384672238361,0.979623716757682,0.982651000157932,1.00889960009271,1.00829804556854,0.98475441058097,1.02300999537647,1.00762751357375,0.989438456795823,1.00763263715188,1.00969012787701,1.04835720799894,0.975241072928823,0.947160095806019,0.993902167614553,1.00511339280152,1.037195954407,1.05654506244032,1.02357594578658,1.01865159584341,1.02883383605206,58.3311878438262,58.3309980021444,59.9999931528418,58.3345607678552,58.3197506733096,58.3393495072378,58.3373909392907,58.3322183017812,58.3287708661187,58.3231775548369
6.05705315908712,296.468311463071,739.503731992437,0,681.738538986271,537.464893827133,750.083644789133,572.155954846205,571.073585904605,906.573422870256,1105.70266135499,219.494481516274,182.160412230317,0,80.7411189257351,141.521295555884,244.128439420516,218.392425466249,24.0811068054301,74.3806359079337,237.904694290898,1.02330899344406,1.01171001772976,0.982340474574142,0.947613303700722,0.947743284790207,0.948230610738165,0.943501595057388,0.945227207655378,1.01667454305958,0.94702887303268,0.946581479583589,0.929034714711017,0.947179414820213,0.950594250290461,0.957988097601421,0.976883635082968,0.981611593211851,0.980345301255705,0.982318387223101,0.979597481859566,0.982536843759762,1.00880702531933,1.00819756447839,0.984631157937686,1.02297872155007,1.00754547333377,0.989340936398104,1.00755408798695,1.00962161625515,1.04831184865407,0.97511879319052,0.94702887303268,0.993871338332776,1.00513796416257,1.03715181118592,1.05646563484014,1.02358050750381,1.01862175960441,1.02880829684012,58.3219628164314,58.3244427957535,59.9999931528418,58.332984329508,58.3334106038268,58.3276792996505,58.325674915811,58.3251785716614,58.3327480372332,58.3164543908756
6.09396576482643,295.235173772121,739.447888849529,0,682.975521607523,539.367413290296,749.117348581436,571.216206328923,570.861991286788,908.392037765058,1101.05747083364,220.065357764548,182.337904665795,0,81.3490782268404,140.928891710904,244.693035280638,218.347830788673,24.4023304073823,74.7275799037234,238.980141621025,1.02312824731749,1.01145703068581,0.982063389949982,0.947350994261368,0.94750185306132,0.947990434689909,0.943270911455781,0.945001474047337,1.01654956780935,0.946771341995854,0.94632971772945,0.928782076929604,0.94691620516802,0.950315741630192,0.957671946337287,0.976561571120116,0.98128252652391,0.980032177222451,0.981864327926597,0.97904141311923,0.982318784228271,1.00867467031545,1.00805051101922,0.98433789586662,1.02280720334453,1.00715419758713,0.988977715024181,1.00702064191227,1.00907120666108,1.04817258380495,0.974924049302655,0.946771341995854,0.993496096024798,1.00447019188761,1.03711118233393,1.05634091758077,1.0234848115553,1.01809508321738,1.02876148141046,58.3133648967738,58.3179697258337,59.9999931528418,58.3303029080168,58.3462751026571,58.3163342378419,58.3145404969515,58.3182695833995,58.3359599850454,58.3099839852312
6.13087837056574,293.213296551511,739.14568467316,0,683.912965699931,542.965314804743,746.752500267257,569.268064083464,570.242064460857,911.076927292032,1095.89444058508,220.881267001179,182.613633737804,0,82.2081217680884,139.541271183519,245.36931169669,218.204734705664,24.8348351617144,75.0974949360014,240.423451528018,1.02287539056724,1.01106368604638,0.981634073025888,0.946962041331851,0.947155074724868,0.947647168168021,0.942941871755018,0.944679469682395,1.01637152706481,0.946396027047357,0.945965009008155,0.928413893206698,0.946530416872088,0.949901959050793,0.957183420955604,0.976051278573244,0.980757460847712,0.979538866963061,0.981056158099247,0.978001840239516,0.981993569348312,1.00848966136176,1.00784657931814,0.983881693107745,1.02250226095237,1.00648310550954,0.988371799390046,1.00608275558977,1.00809330167466,1.04794493716112,0.974662713174566,0.946396027047357,0.992805408363213,1.00317096636726,1.03705324892686,1.0561681312414,1.02328859958683,1.01712817823597,1.02869463945867,58.3059969516952,58.3118125690244,59.9999931528418,58.3267111623716,58.3563798856838,58.3065259197607,58.3051711761638,58.3119985028064,58.3376030611161,58.3037961446296
6.16779097630505,290.73841151393,738.624412078669,0,684.445689686264,547.773916729002,743.421335301368,566.672451639012,569.353528093966,914.302270684154,1090.15254736079,221.912809649799,182.978678752843,0,83.2602537397575,137.535071810354,246.117756084566,218.044569572407,25.3449636430692,75.4905233054289,242.205780999049,1.02255718320728,1.01054862994132,0.981071688767037,0.946461121661558,0.946714844976941,0.947212440316196,0.942525401661044,0.944271823525271,1.01614580391763,0.945916188168926,0.945500073201994,0.927943171575847,0.946035847654215,0.949368136553963,0.956541373215857,0.975373277440777,0.980062440377867,0.978888967102218,0.979955545138379,0.976568448661441,0.981556464023529,1.00823140960148,1.00756841708048,0.983274969174787,1.02207992483244,1.00558667404153,0.9875651986209,1.00483247149256,1.00678724859689,1.04763921718482,0.974342930590474,0.945916188168926,0.991853466846087,1.00136207591201,1.03694630260717,1.0559389429781,1.02299723728637,1.01582545636732,1.02860967117033,58.3002693849054,58.306185692165,59.9999931528418,58.32255097176,58.3621525046761,58.2992022737065,58.2984401746723,58.3067529877152,58.3370886767995,58.2979213210414
6.20470358204436,288.188535116495,737.927167409257,0,684.579887461518,553.159416693354,739.687262548579,563.871596874697,568.379452429258,917.681889506118,1083.70860695949,223.115575764527,183.417830237065,0,84.4331842998455,135.162058843555,246.895917451243,217.955553573425,25.8919260487313,75.9070559294703,244.287360584148,1.02218330019873,1.00993916347911,0.980404876200179,0.945869994538155,0.946198473265639,0.946703117222478,0.94203732566435,0.943793932074109,1.01588020090935,0.945351361797038,0.944953563889433,0.927389077268669,0.945452912816591,0.94873702909624,0.955775094130237,0.974560148273485,0.979236545533674,0.978117727734442,0.978650995517843,0.974870499202007,0.98100842526782,1.00788094609255,1.00720050234833,0.982540163662152,1.02156645554857,1.00454142125878,0.98661804149588,1.00339482105471,1.00528744557937,1.0472713159284,0.973975720672345,0.945351361797038,0.990718414165951,0.999219182733907,1.03675814057174,1.05564608203198,1.02262384496086,1.01432771484963,1.02850934087622,58.2963553075065,58.3012711132941,59.9999931528418,58.3182125620102,58.3626194627226,58.2949157444219,58.2947939858708,58.3027364909559,58.3341159675627,58.2923950355214
6.24161618778367,285.932027911035,737.11223129935,0,684.423650704372,558.431600171073,736.160420478014,561.321027649591,567.507909277333,920.794039491487,1076.42784363167,224.447794902208,183.915045412366,0,85.6577046847425,132.745528670779,247.63694432335,218.016375236373,26.4419415123547,76.4003258167191,246.630893297439,1.02176289981246,1.00926128327563,0.979662512186465,0.945210462776597,0.945622395600675,0.946135022706404,0.941492519835867,0.943260294585153,1.01558203810497,0.944720897054687,0.944343671334229,0.926770591756647,0.944802116193538,0.94803219011233,0.954917602430636,0.97364959434544,0.97832133446094,0.977261950448471,0.977239035235809,0.973049188580435,0.980357607765728,1.00742803885222,1.00673506622495,0.981705394616158,1.02098632820589,1.00342119457999,0.985590144082795,1.00189038585039,1.00372389871941,1.04685439524957,0.973568357604805,0.944720897054687,0.989485798192058,0.996934307299482,1.036467339905,1.05528794970018,1.02218148071913,1.01277233206569,1.02839627507831,58.2941822104704,58.2972046702344,59.9999931528418,58.314031648307,58.3575197290667,58.2937539203737,58.2942049960515,58.2999409069081,58.3287116117274,58.287259917939
6.30189485899309,283.679928035804,735.796917603038,0,684.065972657801,565.212001591557,732.367223716507,558.754607617942,566.749304976483,924.614952151458,1062.52290878424,226.620000531604,184.736720085363,0,87.4585497202964,129.394639230142,248.776821306506,218.567206844991,27.1870916674086,77.0724008525656,250.737812373893,1.02104051981301,1.00816430227163,0.978452868442509,0.944115265036748,0.944657332232022,0.945182590540471,0.940576516815035,0.942362128376905,1.0150730275282,0.943667199943446,0.943323344420618,0.925736915575146,0.943715482154372,0.946858112009108,0.95349566388351,0.972147020140356,0.976848308692678,0.975878277650777,0.97509635153997,0.970363388610626,0.979167433435362,1.00649380756441,1.00579992278655,0.980290360297965,1.02006391013162,1.00177914544305,0.984027007350301,0.999797069651975,1.00156764542746,1.04617662815937,0.972884698861087,0.943667199943446,0.987609260933632,0.993630209294045,1.03574900266441,1.05459321024922,1.02143350336091,1.01065221504456,1.02820176023978,58.2933789639618,58.292490163479,59.9999931528418,58.3079267846173,58.3389237968366,58.2971133779979,58.2981278134047,58.2972528854141,58.3156857309962,58.2798560497476
6.36217353020251,283.722217263498,734.839500576893,0,684.199790647211,568.396702351642,732.155732135037,558.910633767529,567.04390726047,926.147348463507,1046.38925031708,228.622352597166,185.478977998738,0,88.8211730571579,127.673241508171,249.634824699255,219.693335770512,27.6950724848362,77.7923862429138,254.976013783551,1.02031956684782,1.00717481150403,0.97735521135615,0.943081331928568,0.94372227555812,0.944256537192068,0.939682384368371,0.941484300630446,1.01456482997676,0.942657550427572,0.942341255572652,0.924746450050087,0.942678731923265,0.94574933566568,0.952186029014801,0.970783976472348,0.975553913997694,0.974647520708843,0.973452082973463,0.968446133088624,0.977929468375585,1.00539591378094,1.00472381437185,0.978954374642024,1.0192595862456,1.00055827904435,0.982780077476632,0.998421054127026,1.00018499670754,1.04555415664323,0.972187712170008,0.942657550427572,0.98616395364397,0.991395832774439,1.03478983742574,1.0538206005081,1.02072700574774,1.00934219023729,1.02800648750637,58.2941383849221,58.2898835379555,59.9999931528418,58.3023900143111,58.3119334999113,58.3036691353286,58.304687396083,58.2954344128933,58.2995616979201,58.273839807133
6.4017255874291,285.053791592818,734.605545023693,0,684.795151250339,568.203937978489,734.203795654577,560.612888561573,567.807857248349,925.835580310194,1034.99631012294,229.725218880549,185.857006047528,0,89.3754087419001,127.660681972122,250.039566432104,220.69237787825,27.8704296904937,78.2287063306958,257.659791166809,1.01988188460215,1.00664866449487,0.97676493338157,0.942490257390413,0.943166034709348,0.943702546579725,0.939145301360382,0.94095638677596,1.01425203569239,0.942067297980685,0.941762993727223,0.9241674127797,0.942076786947026,0.945116156714748,0.951468418729331,0.970054866260947,0.974889638315043,0.974004217004408,0.972786627939449,0.967794773278909,0.977161467416062,1.00464195769213,1.00399508720864,0.978204513857164,1.01885867474023,1.00009289711462,0.982231965996106,0.998046596892831,0.999842171870009,1.04521900875137,0.971736598945357,0.942067297980685,0.985575483786666,0.990752428033347,1.03407573091868,1.05330650888452,1.02034265003655,1.00906843698804,1.02788640987012,58.2943469643187,58.2889768707065,59.9999931528418,58.298591123423,58.2926823206058,58.3074927599696,58.3082346770284,58.2938270753351,58.288679913363,58.2707246710761
6.44127764465569,287.219907410072,734.815113411761,0,685.802746194047,566.317951438951,737.730280643458,563.363726165197,568.883284974867,924.604286568192,1023.57588515879,230.611909099345,186.110904960363,0,89.6487254574817,128.514410188938,250.328398853145,221.801866162243,27.9336770880111,78.6437255081757,260.143998301266,1.0194944949417,1.00624609867465,0.976304374589406,0.941990414112563,0.942671585418643,0.943206485628212,0.938663075008745,0.940482119719338,1.01396585122937,0.941553985514639,0.941255463360174,0.923663853581212,0.941557971305814,0.944582319595521,0.950896218315444,0.96949157705981,0.97440144507442,0.973519882451027,0.972472531220682,0.967641930326828,0.976473014639233,1.00391017906544,1.00329332085105,0.977593240927021,1.01857793305238,0.999903969226428,0.981916323604861,0.998085282097819,0.999937577344303,1.04496030890219,0.971289654160029,0.941553985514639,0.985294039468281,0.990773134611915,1.03334751408598,1.05281297213592,1.02004716713398,1.00924650400554,1.02777784009439,58.2934691864139,58.2882518319167,59.9999931528418,58.2941290044607,58.2747735691797,58.3091570906383,58.3094923549669,58.2912746258573,58.2786495227966,58.2682986305659
6.47105854772795,289.229344365917,735.297505507885,0,686.755520631502,563.997087523772,741.080750805338,565.913662095493,569.795269251403,923.222454027404,1015.34421117879,231.128759518847,186.208664821271,0,89.6867815117731,129.622195018429,250.483193826523,222.649997271744,27.9222989013695,78.9365802626425,261.825937909379,1.01924481540499,1.00602793452936,0.976046210949131,0.941678281327833,0.942343681507964,0.942874608375963,0.938340042255621,0.940164432989232,1.01377164496182,0.941222310488978,0.940923845747656,0.923338480594414,0.941226427232197,0.944250619414314,0.950566130617837,0.969180325451922,0.974149929647549,0.973261403743218,0.972446326776567,0.967815413373349,0.976023339636085,1.00339719399705,1.00280377485391,0.977232091316372,1.01844499767583,0.999924480280752,0.981820721839731,0.998347202714221,1.00025499378226,1.04481919247951,0.970954625460513,0.941222310488978,0.985266263637285,0.991166052792826,1.03281807807164,1.05246676205974,1.01988829094249,1.00963276739012,1.02770576368231,58.2917944222959,58.2875598904801,59.9999931528418,58.2901155710273,58.2632146258363,58.3083336833279,58.3083339591994,58.2885538638472,58.2720756921985,58.2669188914982
6.50083945080021,291.377076873968,736.06123565391,0,687.762652569556,561.172018522964,744.710356459572,568.640386765892,570.697821042446,921.619351790247,1007.80336605356,231.516680940357,186.222350588596,0,89.6073730093427,130.989954560907,250.596120053755,223.451440706182,27.8755477494425,79.211041998612,263.295092455499,1.01903804966323,1.00588127176019,0.9758625204882,0.941422860732636,0.942056710567473,0.942581340985839,0.938054733351744,0.939884061347243,1.01359925187161,0.940940176535583,0.940638218168802,0.923061707367845,0.9409479488287,0.943981152309481,0.95032234725117,0.968963578260317,0.973991805329297,0.973089816779955,0.972566514077041,0.968177717550422,0.97564565798293,1.00293889719071,1.00236750621357,0.976958698444281,1.01837389536521,1.00005571616078,0.981827857338717,0.998754952364925,1.00072426317335,1.044724340418,0.970622553623823,0.940940176535583,0.985367166520868,0.991796508014843,1.03233251645374,1.05215464964885,1.01978420680524,1.01017265361094,1.02764379256278,58.2890967280853,58.2864996680729,59.9999931528418,58.2854342102762,58.2539803998314,58.3053720668856,58.3050617140469,58.2850956685773,58.2665899839647,58.2658981875579
6.53062035387247,293.490818814156,737.080671341245,0,688.707114494728,558.122023175736,748.317549717592,571.323685621029,571.512855641562,919.95987089983,1001.28507442745,231.779923663618,186.153375954188,0,89.4386354918928,132.472937633621,250.676487174145,224.156634525175,27.8060633190657,79.4626093522002,264.505571343185,1.01887955888271,1.00580240181827,0.975749976954804,0.941225428540021,0.941814297534013,0.942330561443689,0.937811355686334,0.939645298179928,1.0134526005295,0.940710379919519,0.940401734425059,0.922836277035445,0.940724967263146,0.943775378181201,0.950163001998122,0.968836947432085,0.973918931109206,0.972998979711351,0.972796355275395,0.968666705800305,0.975350991967669,1.0025553698603,1.00200288709336,0.976773776601976,1.01835749359177,1.00026708935461,0.981916820552537,0.999253223452769,1.00128523493674,1.04467431141793,0.970298933916797,0.940710379919519,0.9855650558164,0.99257404188865,1.03191594339386,1.05188913540019,1.01973243050674,1.01080232471594,1.02759360385655,58.2853489739996,58.2848710024321,59.9999931528418,58.2800897751574,58.2473933897727,58.3001828158102,58.2996226310548,58.2809435785554,58.2622886109162,58.2651981107487
6.55362135584931,294.996404521379,738.014808361895,0,689.322682017385,555.790666913725,750.906383237815,573.234519278264,572.042379470062,918.740616719994,997.144104808337,231.901235571324,186.046958183912,0,89.2646596165972,133.606554300058,250.720157204574,224.607094087491,27.743186550498,79.6373420189814,265.234806362521,1.01879323738044,1.00578519146031,0.975709673909851,0.941114051574458,0.941660920184535,0.942169563081779,0.937655797550587,0.939493090397798,1.01335993370847,0.940571371587209,0.940255687834057,0.922699909950774,0.940593068537959,0.943661552603427,0.950096791415361,0.968798283426502,0.973916054317641,0.972980323245854,0.973026326610252,0.969092772423857,0.975187304102456,1.00232305448889,1.00178213207461,0.976692172314417,1.01837774166423,1.00046632683576,0.982028692840536,0.999665839822641,1.00174404417428,1.04466518345925,0.970060709899448,0.940571371587209,0.985764800650153,0.993219351810762,1.03165702653243,1.05172467628746,1.01972606841041,1.01131042301041,1.02756400858569,58.28176877514,58.2831165532278,59.9999931528418,58.2755604750706,58.2441805238147,58.2947009702313,58.2940073968218,58.2773245375873,58.2597774126689,58.2648457240973
6.57662235782614,296.308727742333,739.04096901188,0,689.784767176212,553.633409074068,753.174164774916,574.89782015603,572.458573273225,917.660952540897,993.933555494511,231.954122935496,185.899672527954,0,89.0671292332722,134.65440642078,250.7495443846,224.953709395879,27.6763845594589,79.7902738021202,265.761434608178,1.01874056396993,1.00580351838101,0.975708297788402,0.941040281818799,0.941540870353664,0.942041194967044,0.937532603338618,0.939373013883882,1.01328811318321,0.94046896557788,0.940144956429452,0.922599449721513,0.940499032502636,0.943588858585545,0.950079550724351,0.968809185362117,0.973955725537576,0.973003481865602,0.973283541667807,0.96952967781421,0.975085276231461,1.00215710806572,1.00162446262636,0.976664610774887,1.01842284493069,1.00068146054996,0.982167692377594,1.00007446653528,1.00219430063423,1.04468054919508,0.969840074953412,0.94046896557788,0.985989500813985,0.993857821039416,1.03146579269409,1.05160355334679,1.01974669779932,1.01180434004862,1.02754332851539,58.2776610715156,58.2808550892795,59.9999931528418,58.2707673400137,58.242537535886,58.2880677400618,58.287303625207,58.2734265217666,58.2579228865719,58.2646239338178
6.59962335980297,297.366479966032,740.119229691287,0,690.058006409709,551.769549500527,755.01091125172,576.235206995373,572.74748014797,916.783547974318,991.763523337565,231.941469833384,185.718239487908,0,88.8574241024742,135.559326364902,250.764888402625,225.181676295003,27.6078694546884,79.9171336850691,266.067128716618,1.01872299300385,1.00585511648549,0.975744550802976,0.941006112107113,0.941458180901492,0.941949832357057,0.937446019915349,0.93928922875102,1.0132398486055,0.940406426560503,0.940073161991849,0.922538098985672,0.940445764998676,0.943559283073693,0.95011098505624,0.968868208308627,0.974034912518872,0.973066109038444,0.973553955772286,0.969953715685404,0.975049580205581,1.00206579016066,1.00153775753522,0.976691713040777,1.01848978605592,1.0009006916659,0.982325828022935,1.00045769093635,1.00261264144429,1.0447192475487,0.969645242416026,0.940406426560503,0.986227054263303,0.994454859316833,1.03135200711522,1.0515323846827,1.0197921027374,1.01225901417023,1.02753232002639,58.2731188712932,58.2780450207184,59.9999931528418,58.2658146060134,58.2423108471141,58.2804694849878,58.2797025150249,58.2693351994627,58.2566410437104,58.2644986624415
6.62262436177981,298.121745122193,741.203525413587,0,690.121528209058,550.299025316243,756.327442359661,577.184445104012,572.903206496988,916.159486457007,990.718461503633,231.866203608033,185.51115302698,0,88.6454256821805,136.274761115657,250.765462698437,225.280571469637,27.5387383251322,80.0135514739707,266.137257858474,1.01874136686517,1.00593773043685,0.975817226169209,0.941013657129965,0.94141714363322,0.941900157785076,0.937400509137963,0.939246070932852,1.01321773837284,0.940387199993975,0.940044146256203,0.922519237736253,0.940436314469588,0.943574863519623,0.950190722091679,0.968973909051464,0.974150908779587,0.973166074922757,0.973825834484339,0.970345413877342,0.975083741019004,1.00205556975088,1.00152827293543,0.976773721497303,1.01857589196937,1.0011142789289,0.982496422817567,1.00079793974407,1.00297985898215,1.04478002764733,0.969485519312332,0.940387199993975,0.986467331561138,0.994982210239981,1.03132327415596,1.05151681493435,1.01985996740013,1.01265368646196,1.02753159789052,58.2682577064706,58.2746694471559,59.9999931528418,58.2608234480308,58.2432732488317,58.2721430228201,58.2714414836751,58.2651434693804,58.2558189310844,58.2644324742196
6.65050134458518,298.586177599613,742.450912029565,0,689.912922860854,549.148719558251,757.136879349968,577.754590958213,572.91711715422,915.791776150942,991.035780184073,231.695936564815,185.240829899286,0,88.3975175347898,136.840368801227,250.744277352717,225.220516719586,27.4543124635843,80.0843769595702,265.893065187098,1.01881183124686,1.00607601726019,0.975952192994135,0.941081488591432,0.941429322079172,0.941902546265006,0.937406668605146,0.939254249022282,1.01322925015419,0.940426687930857,0.940071687236884,0.92255797537692,0.940487694784773,0.943656771530613,0.95035085823762,0.969161887367799,0.974336997084491,0.973334142863179,0.974143847197901,0.970755575056925,0.975221121052494,1.00215726157544,1.00162562910531,0.976945731429197,1.01870247137902,1.00135486316759,0.982712171375416,1.00113410355343,1.0033361226705,1.04488123111716,0.969353584391153,0.940426687930857,0.986750530091136,0.995497861999881,1.03140881062472,1.05157805002479,1.01996876115828,1.01302969457554,1.02754507471254,58.2621356995622,58.2698408687908,59.9999931528418,58.2549131602113,58.2456040253223,58.2614875951254,58.2609505937751,58.2600680212993,58.255236571428,58.2643722037094
6.6682416737142,298.613770233181,743.171481056095,0,689.624925357339,548.806949307196,757.180491781996,577.771779045605,572.831869749554,915.790701103401,992.156592224039,231.545013134109,185.065502128871,0,88.2494124403363,137.015391617284,250.717222747422,225.079880478256,27.3999135905342,80.101527392503,265.547357778341,1.01888365427859,1.00618417663792,0.976063815284059,0.941159109452908,0.941474868880725,0.941942548671753,0.937448100459683,0.939296368518728,1.01325957634137,0.940489473059331,0.94012712179993,0.922619567547386,0.94055777483109,0.943745633819934,0.950488038206531,0.969314128111583,0.974479617567846,0.973466357556251,0.97433503081516,0.970973060310874,0.975363115463861,1.00228769950604,1.00175041938835,0.977095547861028,1.01879427002298,1.00149408151433,0.982851885432087,1.00129904362,1.00350624859902,1.0449603053964,0.969311478430319,0.940489473059331,0.986922141723396,0.995746498470074,1.03153269871032,1.05166397522544,1.0200514782148,1.01320426175215,1.02756193485489,58.2582044083292,58.266374319283,59.9999931528418,58.2513170151435,58.2475314268522,58.2545883922498,58.2541993600707,58.2569025484976,58.2550017616017,58.2643173603601
6.68598200284323,298.433454275377,743.805760662203,0,689.231507738259,548.778121649905,756.852246012873,577.51876038952,572.68175577917,915.972655996888,993.98718815815,231.362425050661,184.892695018658,0,88.111757525822,137.042050031585,250.678746254924,224.862411828141,27.3439184398699,80.0950444306024,265.052977467202,1.01897586466569,1.00630706242004,0.976195038790088,0.941264838011793,0.941552453550053,0.942015410414785,0.937521328730179,0.939369673824541,1.01330880577961,0.940583619956489,0.940214388641323,0.922711925592917,0.940658728454404,0.943864161748635,0.950652019321104,0.969490506924202,0.974639992402321,0.973617380824404,0.974515113572975,0.97115379188237,0.975546474956185,1.0024683222655,1.00192332233319,0.97727558152506,1.01889416262213,1.0016212853593,0.982992336220185,1.00142415571539,1.00363047984123,1.04505012992932,0.969308746010552,0.940583619956489,0.987084896815611,0.995929773150051,1.031709559766,1.05178644326382,1.02014360368919,1.01332634884662,1.02758528271646,58.2543310224993,58.2626401135361,59.9999931528418,58.2479182469389,58.2496011543614,58.2477805958416,58.247566518074,58.253836903877,58.2547820266999,58.2642252589617
6.70372233197226,298.053168544481,744.327785314514,0,688.749897832233,549.05322583048,756.162482878883,577.004698884401,572.474761458585,916.327076665419,996.507899781351,231.152332771126,184.732213522695,0,87.9869170780935,136.925804002385,250.62625082173,224.57335126576,27.2870646424646,80.068319472242,264.418199998139,1.01908672670292,1.00644240971867,0.976343433812853,0.941396735903764,0.941660790101104,0.942119953146488,0.937625178382737,0.939472987026663,1.01337613974319,0.940707450245845,0.940331965609759,0.922833403026296,0.940788727281643,0.944010162534507,0.950839869377724,0.969688034979834,0.974815400869992,0.973784554094678,0.974681693968212,0.97129595361753,0.975768027816332,1.00269601983792,1.00214140063898,0.977482755359369,1.01900024684298,1.0017348100897,0.98313141192064,1.00150857460805,1.00370814192925,1.04514908568404,0.969345772563,0.940707450245845,0.987236739965524,0.996046485630487,1.03193635845769,1.05194374470638,1.02024313139869,1.01339552929469,1.02761467568395,58.2505806176073,58.2586822097782,59.9999931528418,58.2447620510772,58.2516542741152,58.2412065577021,58.2411874996573,58.250904785037,58.2545082744919,58.2640772378435
6.72146266110129,297.486723596987,744.719830674738,0,688.201312119448,549.613049624027,755.132183896566,576.246039460677,572.220066698651,916.839726694947,999.686333805185,230.915895814129,184.587291149203,0,87.8755205430341,136.674282421588,250.561201677483,224.21972312785,27.2280007153548,80.019608767948,263.647853418874,1.01921517660621,1.00658972870688,0.976508685437689,0.941555397528631,0.941801363915248,0.942257882546986,0.937761064788723,0.939607592871359,1.01346178000713,0.940862021530037,0.940481118347605,0.922985037355721,0.940948620350739,0.944183952633914,0.951050561067495,0.969905301653532,0.975005115995297,0.973967276668382,0.974835156605269,0.97140159489556,0.976024928463561,1.00296709845238,1.00240125720979,0.977715189277838,1.01911254032178,1.0018361745709,0.983269653724327,1.00155588425294,1.00374325082955,1.0452568110309,0.969427619358785,0.940862021530037,0.987377918454875,0.996100558959797,1.03220876802983,1.0521335440939,1.02034956843728,1.01341622407295,1.02764992095833,58.2470147141555,58.2545543723466,59.9999931528418,58.2418845859977,58.2535389423764,58.2350028813679,58.2351910410988,58.2481351754716,58.2541161426977,58.263855329224
6.74512126171636,296.479421291157,745.006965984595,0,687.408777020525,550.747937185805,753.285374915019,574.897816556719,571.824807028039,917.734930557289,1004.8642891005,230.56454090864,184.428276176611,0,87.7480082766954,136.152721868397,250.455977378794,223.66427049401,27.144918520742,79.9207701056707,262.430498721779,1.01941039430971,1.00680249269165,0.976752509145599,0.941806212896371,0.942037446176357,0.94249243696536,0.93799055194461,0.939834108654906,1.01360266806263,0.941113868587012,0.940727287260728,0.923232099157861,0.941206002402676,0.944455974830719,0.951362546811008,0.970220993966028,0.975277176174741,0.974232024058578,0.975020149541865,0.971490964827171,0.976414410041108,1.00338626724006,1.00280356311982,0.978058549176434,1.0192707438152,1.00195521412954,0.983452910810637,1.00156937237765,1.00373304646145,1.04541241860894,0.969608564739116,0.941113868587012,0.987550135573659,0.996085550515051,1.03263237081853,1.05243079161987,1.02050037102377,1.0133783982926,1.02770504637405,58.2426457114086,58.2488993859854,59.9999931528418,58.2385238934315,58.2555419194054,58.2275319458246,58.227999998186,58.2447356902876,58.2533058254805,58.2634140768234
6.76877986233143,295.238918973756,745.002331319937,0,686.599527177635,552.243377642637,750.99206061652,573.233222357673,571.38788866218,918.813937533017,1010.99698714396,230.174941817906,184.314532767425,0,87.6439898415818,135.456711608796,250.323128910459,223.032393813512,27.0549215684344,79.7908745591692,261.012938832757,1.01962996815707,1.00703243829158,0.977021551163309,0.942100767090851,0.942328883270024,0.942784861839512,0.938274906302687,0.940113915215779,1.01377303338827,0.94141722513733,0.941026980710555,0.923529691738359,0.941512861604044,0.944772384962049,0.951706702672914,0.970562798914868,0.975569145533123,0.97451902167447,0.975186196347605,0.971530994651849,0.976849594763439,1.00386110418148,1.00326002455064,0.978435047582104,1.0194382078618,1.00206050472379,0.983636784288283,1.0015374091738,1.00367031030711,1.04558017064649,0.969875636577812,0.94141722513733,0.987706838835806,0.995987263478632,1.03311344531055,1.05277197004305,1.02065997939712,1.01327983571869,1.02776875837464,58.2388136287934,58.2432185225297,59.9999931528418,58.2357291122936,58.2567220278805,58.2212000927412,58.2219344573941,58.2417055501724,58.2520714768974,58.2627754507967
6.79243846294651,293.836196613266,744.687940788415,0,685.830189237153,553.987965996491,748.373871008736,571.341037220936,570.933124950611,920.006655322764,1017.9199710814,229.753013781215,184.254791799235,0,87.5599854900889,134.636962555605,250.164272688943,222.351808388931,26.9567422055911,79.6336792534967,259.430305523401,1.01986883247763,1.0072771455315,0.977312210034002,0.942434324716545,0.942671068521142,0.943130631718609,0.938609443350401,0.940442277848019,1.01396915448929,0.941767104230277,0.94137535795177,0.923872922903215,0.941864071045427,0.945127705747006,0.95207661063456,0.970924510316966,0.975877439310324,0.974824559597381,0.975338576295711,0.971535880210824,0.977317801834934,1.00437541899715,1.0037553860309,0.978836268064327,1.01961421916517,1.00215936651375,0.98382388516988,1.00147774980006,1.00357496699975,1.04575813139611,0.970226720629805,0.941767104230277,0.987852469096358,0.995829859850308,1.03363412350104,1.05314601331234,1.02082678644116,1.01314250620643,1.02783947690023,58.2356021254266,58.2376890716885,59.9999931528418,58.2334925029984,58.2568680441837,58.21620950972,58.2171777733248,58.2390670841489,58.2503346376873,58.2619084216811
6.82147476349929,292.01520464356,743.881555039076,0,685.01606379742,556.282598353701,744.934669364905,568.863322995407,570.384377511992,921.507759902753,1027.20738373187,229.197368852002,184.260440179774,0,87.4751516228185,133.549285505391,249.933102570906,221.493348880248,26.822478935867,79.4127194745753,257.316308708437,1.02018114140284,1.00759530064377,0.977694223596616,0.942889738186963,0.943152226701766,0.94361964706207,0.939080262641625,0.940903305419177,1.01423903895722,0.942251868527744,0.941861224048835,0.924348476366777,0.942347513287994,0.94560878965624,0.952557549310887,0.971388206913469,0.97627465261167,0.975220953957866,0.975519129682072,0.971521075825596,0.977919405560227,1.00503658662832,1.00439389973385,0.979351379426686,1.0198421789948,1.00228587812145,0.984064390510054,1.00139771847991,1.00344797509928,1.04598823345158,0.970765084043604,0.942251868527744,0.98802639297485,0.995599924394096,1.03430056516479,1.05363367360801,1.02104022754408,1.01295890174909,1.02793354184941,58.2325810096985,58.2313869786233,59.9999931528418,58.2314426503359,58.2554489635934,58.2121092080754,58.2132963351014,58.2363695157806,58.2474616395627,58.2604956608139
6.85051106405208,290.223075998584,742.647643565485,0,684.407550718246,558.538411599742,741.501629727314,566.39499912278,569.878515787494,922.921317580983,1037.01774286198,228.606041596066,184.351535887016,0,87.3968328208022,132.471748447882,249.663154727896,220.657085129352,26.6703678816288,79.1706960309909,255.076470135897,1.0205067418209,1.00793120380447,0.978099717221539,0.943386476847042,0.943689087991706,0.944167791360611,0.939605540237161,0.941416505015087,1.01453336494668,0.942786418591778,0.94239983545228,0.924872869635394,0.942877776340832,0.946129265858588,0.953059665400353,0.971866708163179,0.97668991987181,0.975637415913578,0.975708899481592,0.97151697020315,0.978531549776386,1.00570489992855,1.00504172419542,0.979880358498997,1.02008436986358,1.00243517260337,0.984325464580366,1.00134681424026,1.0033506716231,1.0462292208784,0.97140705742996,0.942786418591778,0.988208912431676,0.99538243552652,1.03496835129597,1.05413518279959,1.02126299439227,1.0128031646436,1.02803298318541,58.2305888097836,58.2259102365922,59.9999931528418,58.2300343568803,58.2522229538788,58.2103085880241,58.2116215351646,58.2342450521431,58.2437858741639,58.2586717373668
6.87231601805226,288.982332182231,741.480833343257,0,684.111182029403,560.081833558944,739.0907483855,564.662257087497,569.544430936226,923.848263691602,1044.49856043754,228.141513821133,184.470892856545,0,87.3320120091483,131.731337041584,249.43631428101,220.07238813863,26.5428139735933,78.9813552347457,253.35170831857,1.02075538026108,1.00819432950557,0.978417210347572,0.943780276042174,0.944120321746563,0.944609356607771,0.940027148484568,0.941827718598199,1.01476529532789,0.94321266922398,0.942830751489221,0.925291021231303,0.943299191400422,0.946539286858784,0.953445956214838,0.972232392077071,0.9770126974497,0.975961738329519,0.975868926846226,0.971543122049292,0.9789873431634,1.00619657262134,1.0055202917871,0.980280792451926,1.02027667869886,1.00257339513186,0.984541008810056,1.00135089657995,1.00332276347164,1.04641637408969,0.971944545140341,0.94321266922398,0.988361400302476,0.995261501698863,1.03545404448274,1.0545107503673,1.02143673789392,1.01273248568862,1.02810958513322,58.2297428951916,58.2225073088323,59.9999931528418,58.2292999362452,58.2486684028055,58.2104310830056,58.2117715968103,58.2329983895767,58.2405462614914,58.2570223520539
6.89412097205245,287.898987807317,740.159667992953,0,683.959112908768,561.400623104355,736.956058074398,563.126044385503,569.261351229261,924.600281381571,1051.87810590422,227.66191410774,184.625977231029,0,87.2526879028652,131.098807387339,249.191307523538,219.546906213661,26.4029214169649,78.7910500539713,251.623859172929,1.02100390332655,1.00846614888157,0.978743728433237,0.944185876303063,0.944567279102046,0.945067780626297,0.940463634739632,0.942252904997227,1.01500195856235,0.94365264723311,0.943276382916594,0.925722639375033,0.943733347476502,0.946959588680092,0.953836479627655,0.972601198200119,0.977344286785698,0.976294763394037,0.976053669854274,0.971612438824064,0.979431721077837,1.00666828873267,1.00598146700359,0.98067967285265,1.02047885206994,1.00274280116722,0.984778064346182,1.00140950621691,1.00335383324026,1.0466080908182,0.97251578448525,0.94365264723311,0.988535408671487,0.995204449251117,1.03591370183446,1.05487770029522,1.02161647006268,1.01272373430268,1.02818652978945,58.2293995951474,58.2198299950781,59.9999931528418,58.2287478548299,58.2442665089995,58.2117104235464,58.2130221436988,58.2320158461095,58.2369724661103,58.255132559042
6.91592592605264,287.021857346791,738.740342967902,0,683.944074647916,562.429122729266,735.195663148964,561.855703853559,569.036441456601,925.13766488289,1058.99148870824,227.169543564506,184.80742771054,0,87.1511826281508,130.608996337548,248.931240288126,219.096185837769,26.2504758260586,78.6040927542439,249.920808504374,1.02124940535583,1.00874593396451,0.979077279858176,0.944597670219957,0.945022023161843,0.945534647957199,0.940907065128704,0.942684389201748,1.01523927174659,0.944099254330637,0.94372921188425,0.926160760650209,0.944173567679213,0.947384557927523,0.954228257267776,0.972971437604631,0.977684148479062,0.976635347007617,0.976270488491994,0.971738318500492,0.979858938199354,1.00711215083237,1.0064177190762,0.981073904359875,1.02069140472105,1.00294957711189,0.985039959947208,1.00153556648709,1.00345821937866,1.04680366841845,0.973106863088051,0.944099254330637,0.988737233964291,0.995231434458595,1.03633872098699,1.05523047564032,1.0218025041619,1.01279263907474,1.02826274873926,58.2294870606883,58.2179470824374,59.9999931528418,58.2282967139128,58.2391788536119,58.2139940971892,58.2152264603365,58.2312603127208,58.2331563803226,58.2530083572908
6.93773088005283,286.389107402376,737.286779679038,0,684.048688623069,563.117915484821,733.88924765493,560.908149706104,568.874404304626,925.430581226413,1065.68435262656,226.66741930749,185.004397518395,0,87.0210457035987,130.288950599115,248.660400127781,218.732343200349,26.0859821599065,78.4248701289822,248.269191569056,1.02148913786175,1.0090325203501,0.979415471150781,0.945009644399172,0.945476097623584,0.946000979888969,0.941349041702142,0.943114076283355,1.01547312649269,0.944544941148683,0.944181234137435,0.926597979131782,0.944612759327254,0.9478082534023,0.954618195728266,0.973341311955009,0.978031284711184,0.976981920174991,0.976525002098876,0.971931033335034,0.980264121108339,1.00752170797362,1.00682281112616,0.981460600707259,1.02091431581358,1.00319798176474,0.985328728944005,1.00173857694428,1.00364656412835,1.04700219267334,0.973702597790767,0.944544941148683,0.988971690701687,0.995357959784867,1.03672231842239,1.05556432106729,1.02199483189295,1.01295108614686,1.02833722561163,58.2299164247632,58.2168946944005,59.9999931528418,58.2278722033852,58.2336036751488,58.2170868278922,58.2181984132821,58.2306905505408,58.2292066521316,58.2506609745352
6.95488280075306,286.080378287643,736.162149039397,0,684.199437829459,563.400160319855,733.217799558283,560.416873901628,568.792794218612,925.477267967853,1070.56466692198,226.268003563208,185.16289079852,0,86.8955228903801,130.168331655138,248.44308584838,218.512645765902,25.9489009967968,78.2919826844034,247.022035180677,1.0216720065234,1.00926167120621,0.979682955946018,0.945329847969494,0.945827290104413,0.946361568382726,0.941690238782491,0.943445575539873,1.01565209141931,0.944889937333604,0.944531001896247,0.926936420167126,0.944952863112226,0.948136732710885,0.95492153642015,0.973630680605184,0.978308440893112,0.977257414219028,0.976753930665365,0.972133857853087,0.980564723048146,1.00781650765406,1.00711635077683,0.981757679636108,1.02109652725732,1.00342399799175,0.985575125361936,1.00195601329025,1.0038579102661,1.04715967246841,0.974164491205142,0.944889937333604,0.989180961267909,0.995533985404371,1.03699173800751,1.05581105411274,1.02215026735096,1.0131434590328,1.02839397753375,58.2304312946338,58.2166530781111,59.9999931528418,58.2275170181096,58.2290152261591,58.2199463432544,58.2209409281332,58.2303455183801,58.2260808764367,58.2486674628138
6.9781977775091,285.941469851861,734.732084707568,0,684.468942458904,563.402592887421,732.841477111112,560.13393520568,568.746906003744,925.273832680131,1076.53000779028,225.724349130679,185.371383211701,0,86.6899682353041,130.198590926679,248.148297736947,218.312551594315,25.7540748339656,78.1273487745626,245.425352786257,1.02190975561544,1.00957575038471,0.980044807156872,0.945752613535736,0.946286822262777,0.946832979266497,0.94213568931879,0.943878164713284,1.01588406901312,0.945342508859321,0.94498930294009,0.927380392542449,0.945399549745838,0.94856956961744,0.955325007934626,0.97401883140723,0.978688140140023,0.97763274182006,0.977106216912404,0.972483935144262,0.980943898094889,1.00817447432414,1.00747567663456,0.982148128486864,1.02135218483954,1.00377370760956,0.985935618648224,1.00233420228981,1.00423601610679,1.04737385327778,0.974766154590501,0.945342508859321,0.989500966447272,0.99588503134761,1.03730874932532,1.0561203052302,1.02236620371012,1.01350303840114,1.02846752332129,58.2312696643433,58.2171165440932,59.9999931528418,58.2269560150159,58.2227358281373,58.2241804218277,58.2249977457468,58.2299762164214,58.2219347365305,58.2457705888145
7.00151275426513,286.12563951902,733.482686775906,0,684.776295768573,562.971433854325,733.087519155949,560.300994696517,568.774296702245,924.77032908345,1081.61913415109,225.187467807661,185.564519605744,0,86.4443488557625,130.450887304967,247.861541197541,218.226477648524,25.5530249589706,77.9849099064599,243.967148754022,1.02213222648865,1.00988895610587,0.980399373032435,0.946152227493756,0.946714464647702,0.947270823654368,0.942549001417724,0.944279455404959,1.01609821730937,0.945765830987733,0.945416973930213,0.927795671272089,0.945818381680524,0.94897809102097,0.955712808626702,0.974396713107443,0.979066777589035,0.978004266679266,0.977502845477207,0.972916382753272,0.981285378211359,1.00847999392707,1.00778580769166,0.982518940833202,1.02161407776343,1.0041684340451,0.986321419106764,1.00280357784894,1.00471486329739,1.04758569006106,0.975317380942992,0.945765830987733,0.9898593984715,0.996361203979423,1.03756701562427,1.05639603165198,1.02258536183687,1.01397224348309,1.02853585720574,58.2321496846903,58.2184165025786,59.9999931528418,58.2262757951629,58.216663469943,58.2285404049096,58.2291723983057,58.22967473398,58.2180409827683,58.2426834295031
7.02482773102116,286.617165310573,732.503547336389,0,685.080391745154,562.132983594046,733.929928537728,560.904154320816,568.871027449461,923.985710707396,1085.73282884172,224.665851945415,185.715504336465,0,86.1644997559275,130.911795273772,247.593625156658,218.249476674387,25.3502869711682,77.871695477728,242.670089980154,1.02233620351926,1.0101968328012,0.980742175190104,0.946523654097904,0.947104377568538,0.947669069083096,0.942924493298315,0.944643948855011,1.01629171552435,0.946154439402258,0.945808378160819,0.928176895882351,0.946204063710543,0.949357394761916,0.956080855220383,0.974760282635622,0.979439608470463,0.97836733671534,0.97793756146146,0.973422365464222,0.981586669993219,1.00873172463121,1.00804492468432,0.982866481100402,1.02187826105364,1.00460057945006,0.986726207491645,1.00335346148178,1.00528336266921,1.04779249060136,0.975809955804603,0.946154439402258,0.990250617277649,0.996950856900086,1.03776667279128,1.05663559976956,1.02280486786287,1.01454024391763,1.02859807470829,58.2329387877991,58.2204210162447,59.9999931528418,58.2254651903586,58.2110826441191,58.2327150558255,58.2331670742199,58.2293886915188,58.2145476775101,58.2394383944946
7.04334580675711,287.206676123089,731.949880072115,0,685.294120138944,561.206231840303,734.987581777418,561.67089044149,568.993585112621,923.18577116863,1088.26418813014,224.270927780179,185.809282777316,0,85.9216897732874,131.411587612838,247.399774368423,218.340402081422,25.1921848971423,77.8040933463544,241.772327388846,1.02248285816787,1.01043307961759,0.981000204933146,0.94679010229131,0.94737678987679,0.947946217914434,0.943185785434937,0.944897678613606,1.01642644368818,0.946428637538454,0.946083301560602,0.928445884077443,0.946477446199018,0.949629510037592,0.956353143653488,0.975033737554806,0.979725978860303,0.978643992747212,0.978302779473043,0.973866936926029,0.981794445358976,1.0088919988273,1.00821263349819,0.983121460829086,1.02208585672436,1.00496332858752,0.987054737008112,1.00383796128361,1.00578878291886,1.04795033169946,0.976141112884896,0.946428637538454,0.990578675331565,0.997487534646269,1.03788366495874,1.05679788580229,1.02297657102954,1.0150518507749,1.02864223554465,58.2334214732144,58.2224067139371,59.9999931528418,58.2247356263209,58.2071687217833,58.2357107675062,58.2360305725912,58.2291409443022,58.2121453289211,58.236770908965
7.0664134938485,288.148133535862,731.585999075023,0,685.498302627273,559.786471255296,736.709728784232,562.931188576205,569.196379249183,922.012704243128,1090.47498362581,223.813586377978,185.881679815887,0,85.6039723455428,132.169924296749,247.190711177689,218.531793583746,25.0044508394737,77.7517053146482,240.835315046514,1.02264366598618,1.01071129478906,0.981297988169808,0.947080610721822,0.947663536647793,0.948236363687394,0.94345939028452,0.945163535313088,1.01656789794619,0.946721274423301,0.946374888114879,0.928732960673083,0.946771037394611,0.949926459176983,0.956662036057714,0.975349798907449,0.980063871455858,0.978967655827361,0.978770666510088,0.97445663271051,0.982012430691521,1.00904319976369,1.00837439129175,0.983408560969679,1.02233622416967,1.00542731741942,0.987462923679705,1.0044824581248,1.00646586518273,1.04813549162645,0.976470383103831,0.946721274423301,0.990998542634609,0.998217900954224,1.03798064008726,1.05696396242103,1.02318307000368,1.01574438584039,1.02868986272598,58.2337496084722,58.2251938748768,59.9999931528418,58.2237494129901,58.2031338591176,58.2388194921796,58.2389938715457,58.2287676505945,58.2097141193681,58.2333687763727
7.09441680097024,289.523894357117,731.665585252607,0,685.626774873734,557.775480239788,739.255039997108,564.812939132512,569.505539810478,920.405672584173,1091.75464038963,223.32747135626,185.897007700739,0,85.2138075936981,133.237420644778,246.996836818466,218.85809947555,24.7992824169105,77.7390154934658,239.990259920722,1.0228022241401,1.01101539962722,0.98161416335209,0.947361813939216,0.94792321237874,0.948496197473501,0.943704715080992,0.945402300743789,1.01669592351282,0.946993665195509,0.946642992328264,0.929000175845259,0.947047625193572,0.950214705470178,0.956982657564429,0.97568735919945,0.980434456692276,0.979318375536092,0.97933655272622,0.975195115057649,0.982214069699707,1.00915706119912,1.00850193994887,0.983704404011229,1.0226186716178,1.00598749340268,0.987939857567084,1.0052935171741,1.00732418156432,1.04833733435115,0.976732210466065,0.946993665195508,0.99150641825946,0.999155140576459,1.03803169458379,1.05711073431682,1.02341570855255,1.01663203941838,1.0287353881631,58.2336305912963,58.2287501579909,59.9999931528418,58.2225025396787,58.1997127149603,58.2413986782179,58.2414286122572,58.2281680028409,58.2077090359579,58.2291695809609
7.12898976481243,291.413999776508,732.558556577038,0,685.589225997126,555.088955219204,742.766075916762,567.439652884795,569.957611001337,918.318099803172,1091.29476914623,222.863150206817,185.802746434825,0,84.7633795627033,134.661151078241,246.865546980603,219.35435513145,24.5964447035267,77.8030986467674,239.41741993271,1.0229360027855,1.01132221314241,0.981918483087972,0.947586823164352,0.948097397645822,0.948664564797114,0.943864511953001,0.945558692136552,1.0167822031187,0.947191440783658,0.946831101112462,0.929194193569954,0.947255001146036,0.950447435672415,0.957281041074533,0.976017784856265,0.980811149248129,0.979667993147903,0.979989112121863,0.976078480014734,0.982366848334267,1.0092009455321,1.00856207739338,0.983978405170018,1.0229175980502,1.00663230930412,0.988467572264641,1.00627169911054,1.00836775868548,1.04854115806086,0.976833125747966,0.947191440783657,0.992093416426299,1.00030401549608,1.03800904900096,1.05721042757995,1.02366233432443,1.017724993604,1.02877105500521,58.2325683975065,58.2328312490262,59.9999931528418,58.22103064486,58.197972274763,58.242452099985,58.2423494700323,58.2271319630143,58.2067737869604,58.2239704286501
7.17050549117845,293.670416395932,734.668247092777,0,685.304049404474,551.994390362383,746.935590944415,570.603661579472,570.555445192584,915.985800452885,1088.06174180605,222.550730594836,185.537567500846,0,84.33535774244,136.315084108854,246.884265499899,219.996122454994,24.4503017251033,77.9916512726206,239.433410070927,1.02299796523168,1.01156306187497,0.982133574118136,0.947665002887253,0.94808530974444,0.948637580318054,0.94384121185605,0.945538210677153,1.01677723900643,0.947216935317668,0.946839625249961,0.929219203691568,0.947297453055537,0.95053366202767,0.957477331250084,0.976265200514952,0.981113887626026,0.979937180488999,0.980632168497371,0.976989519951895,0.982415394759815,1.0091352145672,1.00851187648742,0.984160285167277,1.02317654271611,1.00726628507695,0.988957441054503,1.00729464777079,1.00947060367539,1.04870335325769,0.97663222772288,0.947216935317669,0.992675977386115,1.00152354313501,1.03788955108981,1.05722127252315,1.02387799416925,1.01889985313828,1.02878180104105,58.229891307642,58.2363344306431,59.9999931528418,58.2195958404879,58.1995513936494,58.2404396962313,58.2402287945427,58.2253722308195,58.2078648863672,58.2178518370719
7.21202121754448,295.591362627632,737.611108453299,0,684.890214897416,549.529198564712,750.412699664297,573.286299318191,571.154547046426,914.218287820886,1082.40254760533,222.544350108041,185.145606057993,0,84.1007982028801,137.677861049624,247.100141593522,220.587072515637,24.4297903405329,78.284365905694,240.192149345927,1.02294795113289,1.01164078330648,0.982166365556721,0.947533893406784,0.947843424557805,0.948374252889034,0.943595525482384,0.945302134791543,1.01665827234321,0.947018549803094,0.946620435703142,0.929024587629705,0.947119929584966,0.950409276738803,0.957485342021838,0.976332675104676,0.981226841975715,0.980018650421868,0.981047450437659,0.977624936131309,0.9823318211257,1.00897400863552,1.00835916725376,0.984175354301786,1.02330140231364,1.00767315380134,0.989236886945532,1.00802533307932,1.01027202640109,1.04876140085296,0.976117864933972,0.947018549803094,0.993059835996896,1.00241305398737,1.03771204226692,1.05713415276341,1.02398623062853,1.01977824843511,1.02875715681356,58.2258149341068,58.2373883339131,59.9999931528418,58.218710453607,58.2046834366315,58.23515543562,58.2348718904694,58.2230127073467,58.2110393145933,58.2120209183245
7.25353694391051,296.906631463807,740.92509679891,0,684.545853510045,548.121534410967,752.654990312186,575.056836322102,571.693549578304,913.352247398074,1074.96437253782,222.861257019339,184.694627681204,0,84.1156943755327,138.550907818496,247.499003191982,221.04230599115,24.5435470344068,78.6518237282464,241.612396151835,1.02278856903394,1.01154243447462,0.982012051368901,0.947213104434634,0.947407564047829,0.947913710385351,0.94316339720602,0.944884757747989,1.01644086104222,0.946626040271885,0.946206285473802,0.928639536032488,0.946749182342715,0.950093394934506,0.957306792075603,0.976214800948057,0.981136148559648,0.979901978511699,0.981176868203168,0.977894478581102,0.982137963650848,1.00875445768264,1.00813964183609,0.984027583244547,1.02327655794731,1.00779467869326,0.989266899678227,1.00835694001182,1.01065497323745,1.04870796233173,0.975369145943584,0.946626040271885,0.99319355700953,1.0028454734706,1.03751879704956,1.05697676324137,1.02397455747506,1.02023321037672,1.02869949570161,58.2206911123939,58.2353631600566,59.9999931528418,58.2184035374366,58.2123497538427,58.2274429964284,58.2271123933576,58.2200875029134,58.2156229504282,58.2066088853025
7.29505267027654,297.471183854603,744.075503934272,0,684.465928568297,548.019899712834,753.371003204091,575.671130930822,572.119572657105,913.585688892599,1066.42072105765,223.491650575854,184.272655640454,0,84.4071802671903,138.816900802651,248.050624539754,221.319411426309,24.7869805170856,79.0610382096721,243.565326456451,1.02252990813164,1.01127013705564,0.981681287126384,0.946739223469606,0.946832810808244,0.947315037779204,0.942599378201511,0.944338357113909,1.0161500166887,0.946087309176016,0.945648639716772,0.928111041174367,0.946229539079563,0.949621305314523,0.956955757802134,0.975917609870931,0.980843363774707,0.979592129194698,0.980991503134301,0.977750445782358,0.981854128758259,1.00850418811048,1.00788121829336,0.983728236213762,1.02309964868728,1.00760270569456,0.98903223833597,1.0082295324944,1.01055241436241,1.04854476999188,0.974494883582202,0.946087309176016,0.993050764398423,1.00275148343129,1.03733713245129,1.05677393393528,1.02384075158983,1.02018960099802,1.02861394081766,58.2150264929755,58.2301447286987,59.9999931528418,58.2184897052579,58.2211207484634,58.2185284474979,58.2181849937503,58.2167051849235,58.2206945179205,58.2017057873299
7.32570793216724,297.394726906667,746.003495969693,0,684.655841307177,548.81432554664,752.898106290504,575.356615038278,572.338924611779,914.487508523977,1059.75444323334,224.141254436091,184.033772445876,0,84.7998235118175,138.603431141916,248.534449316609,221.41060657695,25.0418232640533,79.3734813196919,245.262438803062,1.02228378777148,1.01096539475085,0.98133587354533,0.946316685283746,0.946355259214508,0.946822632298149,0.942133734996863,0.943886166020487,1.01590494250369,0.945627454353553,0.94517863983954,0.927659923889308,0.945779982692095,0.949196927744178,0.95659753603223,0.975590089902091,0.980504504200416,0.979248263638202,0.980650757985778,0.977373604619087,0.981594213455861,1.00830667384201,1.00767337953779,0.983417352030283,1.02287604470222,1.00725957145778,0.988692067114727,1.00783337626205,1.0101557243881,1.0483588416436,0.973836472296825,0.945627454353553,0.992765459645182,1.0023354366058,1.03721473891492,1.05660392576774,1.02366693676193,1.0198251380755,1.02853671926128,58.2108124550811,58.2244448754803,59.9999931528418,58.2186111171825,58.2274097702573,58.2119427544308,58.2116239606332,58.2140051038091,58.2241784821231,58.1984423980903
7.34927146241853,297.077495713881,747.120279511673,0,684.963456080093,549.891129637006,752.010989308054,574.71138579788,572.445259226281,915.571874386078,1054.58236023437,224.733304074643,183.919064339242,0,85.1966317690501,138.213723461032,248.938136534058,221.427152663794,25.2745400025205,79.6126067081545,246.666104994954,1.02206832317217,1.0106782921236,0.981020460772176,0.94596427292693,0.945976590350532,0.946435269987551,0.94176619083995,0.943528518023829,1.01570821801301,0.945255213769932,0.944801803266693,0.92729475611623,0.945412466663336,0.948840515765904,0.956272148590708,0.975280779974085,0.980179331215306,0.978924518233096,0.980276819165851,0.976935277462009,0.981366749774221,1.00814655378695,1.00750363029759,0.983130339620083,1.02265546006744,1.00688687708721,0.988341042101718,1.00736337775348,1.00967450687568,1.0481824610745,0.973357398541602,0.945255213769932,0.992446817486026,1.0018250409863,1.03712410922993,1.05646311313554,1.02349375752239,1.01936149259065,1.02847153579978,58.2077162193935,58.2192220199351,59.9999931528418,58.2186086486794,58.2316706547603,58.2072718255078,58.2069991343864,58.2118704438125,58.2264081488696,58.1961474645223
7.37283499266982,296.575212759924,747.851063207046,0,685.405389599125,551.313313958053,750.75503004205,573.781518813382,572.49629355403,916.941947987668,1049.45917171988,225.39302258754,183.876107469892,0,85.6650106142075,137.651280910533,249.354618603337,221.410937075035,25.5334315297624,79.8518897993048,248.122174219795,1.02183437419707,1.01035199959945,0.980669624624497,0.945599293837875,0.945602172808916,0.946055256552375,0.941404241901891,0.943175553582609,1.01551093939481,0.944879810152394,0.944425192150143,0.92692648541409,0.945038403092304,0.948468849725703,0.955910319116517,0.974927070951581,0.979804777730951,0.978556384880104,0.979815123420761,0.976380672244807,0.981116434657462,1.00797759923581,1.0073242136644,0.982805806084593,1.02239752101985,1.00642930221536,0.987920731093322,1.00676360299234,1.00905487287494,1.04798093654354,0.972926479237426,0.944879810152394,0.99204996556005,1.001165715445,1.03703264159802,1.05631417415043,1.02328992827999,1.01875337783335,1.02840299526187,58.2048453274088,58.2135007564499,59.9999931528418,58.2184244513587,58.2351322704097,58.2031871633104,58.2029883620762,58.2097300988846,58.2280557964153,58.1940382264904
7.40272342133556,295.746262604982,748.149091246225,0,686.118910208254,553.492387316982,748.791992468349,572.31919466545,572.485740782057,918.995726964504,1043.12201669216,226.30615091488,183.955107579235,0,86.3415358321774,136.735415243286,249.909712630876,221.378689359875,25.8872849127928,80.1358094398606,249.998036285272,1.0215187408862,1.00989430107751,0.980184045954835,0.945127284444283,0.945143081694666,0.945593682279618,0.940962775721574,0.942744024868929,1.01526606252622,0.944407998995831,0.943957015469235,0.926463638968164,0.944563138432743,0.947983444535629,0.955404271888885,0.974419235009552,0.979268045265748,0.978035367393875,0.979121036623154,0.9755369283168,0.980759833226132,1.00773755039555,1.00707114778727,0.982341370860804,1.02202786949062,1.00575156768123,0.987305938036773,1.00585590461287,1.00811226561855,1.04769760919822,0.972461318781683,0.944407998995831,0.991448971591559,1.00015255904338,1.03689782876174,1.05610566440979,1.02299590125346,1.01781809894007,1.02831359626659,58.2016355755796,58.2059247826647,59.9999931528418,58.2178091591891,58.2380368015682,58.1991063794955,58.1990426304725,58.207070977693,58.2290928227661,58.1916251335742
7.4326118500013,294.797486376355,747.746424372122,0,686.948120474553,555.934852833369,746.627481172756,570.707260222956,572.401331014438,921.24928422105,1037.03246258701,227.28159282528,184.174940715767,0,87.0818359055686,135.665029110478,250.449060232581,221.35723992664,26.2610366390154,80.4279667113067,251.870502089399,1.02118784967524,1.00939929112175,0.979667028340914,0.944661187917332,0.944719178772527,0.945173059884927,0.940557714128459,0.942346620468112,1.01503474940632,0.943958252771296,0.94351696249548,0.926022438214397,0.94410388364808,0.9474985852334,0.954860152124903,0.973859266095468,0.978677558494626,0.977468587247979,0.978332522855288,0.974571676677128,0.980364799278135,1.0074686864887,1.00679026351881,0.98182908740822,1.02161890424689,1.00498631867115,0.986618596759654,1.00481666744487,1.00702957588762,1.04738922635787,0.972113612355419,0.943958252771296,0.990762565060259,0.998986727575042,1.03673870489363,1.05587854066293,1.02266828393057,1.01673623617415,1.02822343858068,58.198986215117,58.1984600064754,59.9999931528418,58.2166686251039,58.2390174068018,58.196430589883,58.1965437974559,58.2045392603957,58.2287884673801,58.189496643664
7.45644601202058,294.023907512833,746.936973568427,0,687.637610221978,557.954257360406,744.917098946511,569.439294595975,572.294436778515,923.107805955275,1032.37639371285,228.07618275267,184.452403453886,0,87.6933072559713,134.741687772968,250.892504082953,221.379875936992,26.5561787588583,80.622261380168,253.320697690182,1.0209216935487,1.00899458887312,0.979246427646196,0.944302970031398,0.944413380040851,0.944873650840007,0.940267411981247,0.942060782528788,1.0148646565284,0.943622973353152,0.943193458139519,0.925693529318061,0.943756979361505,0.947120981580266,0.954408373091591,0.973385255178261,0.978183513371918,0.976998810656582,0.9776621041491,0.973752161949397,0.980019713815133,1.00722305974031,1.00653714743611,0.981392237659565,1.02128176167956,1.00434920492186,0.986045289048602,1.00394922977169,1.00612482533281,1.04713728663527,0.971922889064726,0.943622973353152,0.990175860592989,0.997997524177736,1.03657846792208,1.05567692671404,1.02239610699292,1.01582913116736,1.02815328039535,58.1973013255877,58.1929189381034,59.9999931528418,58.215341547,58.2383109744744,58.1953481614407,58.1956265046023,58.202650894921,58.2275169515033,58.1879957083824
7.48838840602004,293.069704201346,745.281466268518,0,688.51957633227,560.566411451786,742.888325161851,567.955335216102,572.117846318659,925.482471442216,1026.42573349917,229.14322175056,184.946318837871,0,88.5066150371285,133.512624634202,251.444839300639,221.485916943128,26.9418739450224,80.891150028949,255.191438652296,1.02056637513818,1.00844900679763,0.978682671700953,0.943848375717317,0.944051183250826,0.944524674625842,0.939926018084574,0.941723100571553,1.01465779403519,0.943210968936321,0.942802006052979,0.925289353250411,0.943324628476436,0.946635414660647,0.953792335031712,0.972728686975786,0.977505889405757,0.976359205597681,0.976741239084198,0.972631145350281,0.979523977590486,1.00685417700287,1.00616139013545,0.980781460517031,1.02082144631192,1.00348185471582,0.985262838819403,1.00277157449198,1.00489662790933,1.04679584487715,0.971782294845816,0.943210968936321,0.989367282534782,0.996648188128188,1.0363188010791,1.05538414244843,1.02202131915604,1.01459631194999,1.02806249257488,58.1956201314334,58.1865473488808,59.9999931528418,58.2129848902481,58.2352898280143,58.1952644973314,58.1957813395705,58.200343932984,58.2243877641583,58.1862442385383
7.52864617493274,292.146398377874,742.534331914448,0,689.437446376616,563.42394457279,741.102244874274,566.700849903889,571.890502385908,928.057262729124,1019.36086081596,230.428929161003,185.712815252689,0,89.4574669981795,132.108487917454,252.081640059799,221.782790269628,27.378977980765,81.2000320190498,257.3796073396,1.02013735652801,1.00779211696525,0.978004100754386,0.943330116300033,0.943672428933856,0.94416783438077,0.939572287568745,0.941370929886222,1.01443333403851,0.942758152263015,0.942380337835375,0.924845140385311,0.942840928271154,0.946071494008392,0.953028683641891,0.971902442671523,0.976669431585799,0.975575745065992,0.975619548464743,0.971282670787096,0.978858663869156,1.00632351586387,1.00562873866917,0.979999329136624,1.02026331919338,1.00244778897128,0.984317967947911,1.00138780379459,1.00345651841137,1.04638316170241,0.971759998177705,0.942758152263015,0.988377925896941,0.995039841402091,1.0359079046809,1.05497862105573,1.02156028734388,1.01315314186975,1.02795648823322,58.1943121718689,58.1808469641245,59.9999931528418,58.2091972303855,58.2284008377162,58.1969484585902,58.1977576919846,58.1978250652893,58.2183431423125,58.1844394480821
7.56890394384543,291.662897542866,739.476808340866,0,690.037751695622,565.514094728179,740.470532719638,566.358820990059,571.717605550603,929.914217279771,1012.72246983458,231.584246606488,186.550988179711,0,90.2575244478312,131.020506738538,252.629387687117,222.273208225842,27.7324298086028,81.4780008625003,259.344839970266,1.01974550777214,1.00720563649958,0.977394380936433,0.942881727010719,0.943370585563053,0.943890320893859,0.93929268021771,0.941090432387008,1.01424621218078,0.942378112040087,0.942033467686799,0.924472321171251,0.942427984293352,0.945573476593327,0.952316179836429,0.971123741030033,0.975901847349048,0.974861031981668,0.974626957500602,0.97011743841321,0.978177020090727,1.00573679168667,1.00504761197037,0.979244108376026,1.01976492570782,1.00156057374687,0.983486250555473,1.00023757694993,1.00226545858888,1.04601324918797,0.971851714123743,0.942378112040088,0.987498248856977,0.993674823370474,1.0354144098122,1.05454535685583,1.02113949737517,1.01196582445571,1.02786211591918,58.193658696909,58.1781974033653,59.9999931528418,58.2047589462347,58.2187458439398,58.19983009608,58.2008759423247,58.1957086577515,58.210427701999,58.1830590112735
7.60916171275813,291.680814528005,736.600789323714,0,690.27639663771,566.61592353708,741.109799183379,567.014606983234,571.648438604384,930.839558671671,1006.46027382777,232.572861789893,187.389203003643,0,90.8642256193393,130.394875957899,253.079510460408,222.941066473167,27.9912973896963,81.7653161087582,261.10578779727,1.01939966722826,1.00671075348319,0.976868691135197,0.942488190158293,0.943107421525757,0.943649140793917,0.939048617848909,0.940845162680726,1.01408075738472,0.942042728820947,0.941728485558064,0.924143310442039,0.942062495689189,0.945130458819774,0.951675627275349,0.970425324990309,0.975235673279418,0.974241282494429,0.973827004597738,0.969218930291158,0.977504570373696,1.00511424693462,1.00443721944859,0.978546260097652,1.01934616500079,1.00087485399107,0.982812598668984,0.999408094149795,1.00141741629903,1.04569960619916,0.97195060395325,0.942042728820948,0.986786168566913,0.99265954284364,1.0348563030812,1.05409654200826,1.02077559049779,1.01113448062755,1.02777844916725,58.1933183729117,58.1786762971796,59.9999931528418,58.2000321525509,58.2073532282208,58.2028534241563,58.2040319714507,58.1938964361472,58.2013651623052,58.1820784876686
7.64941948167082,292.191588930157,734.497734325706,0,690.236805881538,566.709829869765,742.957253338181,568.597462739218,571.738650219332,930.877866270429,1000.59396065034,233.281993383098,188.009976098902,0,91.2118962234758,130.2264556203,253.407051538179,223.701805429989,28.1045562458634,81.9205722753498,262.5286969781,1.01913109491724,1.00636706574838,0.976495510355641,0.94220486702673,0.942922799459315,0.943482215157047,0.938875830156596,0.9406700183891,1.01395480898178,0.941801335652568,0.941511127851502,0.92390650390699,0.941797261145455,0.944803777828522,0.951188598870283,0.969893565228227,0.974756794380999,0.973796651041632,0.973317691694704,0.968698525017696,0.976921629541423,1.00452837357134,1.00386817790074,0.977991058238701,1.01906921205126,1.00049163035682,0.982391010844782,0.999023036528604,1.00103835869174,1.04548200815837,0.972067657280166,0.941801335652568,0.986328045993654,0.992120217308291,1.03429836721159,1.05368112905496,1.02051822661263,1.01078089579644,1.02771346247723,58.192930095469,58.181800086289,59.9999931528418,58.1953577159804,58.195391404622,58.2049310711486,58.2061139753964,58.1922238759758,58.1919595716728,58.1814743277433
7.68967725058352,293.089787902501,733.459555032999,0,690.012470620061,565.810787375906,745.665535026625,570.834826912088,571.975011509779,929.976396280303,995.236295317294,233.761889657399,188.442370262153,0,91.3412727914996,130.571506534997,253.63264735994,224.490707972058,28.114909369778,82.0955592691301,263.720299694626,1.01892911438099,1.00614962468699,0.976239357848553,0.941971788132869,0.942738285738527,0.94330631459913,0.938698608487866,0.940492730474359,1.01383555531328,0.941582613664,0.941306222991807,0.923691937776349,0.9415649100452,0.944536327424564,0.9508252370718,0.969508995342361,0.974437802467851,0.973496714350887,0.973069506187751,0.968519689190312,0.976429739635371,1.00399429941837,1.00335235755349,0.977565598311754,1.01890510461169,1.00036666367543,0.982184531450009,0.999026863501039,1.00107227215437,1.04534456129142,0.97205340852259,0.941582613664,0.986100929440088,0.992013502683319,1.03376656381935,1.05330366746363,1.02034843296743,1.0108536103738,1.02766040296375,58.1921742214444,58.1866406248988,59.9999931528418,58.1909823361441,58.1840348975349,58.2051511999759,58.2062104623397,58.1904995940735,58.1830237792438,58.1812189553192
7.74117508363266,294.576209828976,734.027843921096,0,689.714161489047,563.581142490693,749.644573828832,574.048693493064,572.454994735889,927.817496840627,989.511903815852,234.006202697802,188.5847295539,0,91.2164153716179,131.5677622971,253.770740373281,225.362092763154,27.9807233032,82.2552811065829,264.8151566312,1.01878486769003,1.0060718705431,0.976107190847842,0.941770409424965,0.942517748828641,0.943082205754705,0.938479337017761,0.940276690122155,1.01370123129384,0.941357423490805,0.941081441225776,0.923471026362763,0.941339460290055,0.944309973990573,0.950584516360606,0.969277308959424,0.974296192033036,0.973354922043174,0.973128992509257,0.968760167920729,0.976012026365178,1.00348209798343,1.00286053586706,0.97726779782504,1.01887467516989,1.0005768599822,0.982244281623385,0.999558997038246,1.00167127088468,1.04529767030919,0.971834337872277,0.941357423490804,0.986144480471054,0.992451811445211,1.03322664254796,1.0529383891121,1.02027545868887,1.01151578867818,1.02761421087221,58.190310990079,58.1933535344289,59.9999931528418,58.1859740485887,58.1720626287627,58.2018784240103,58.2026371651229,58.1879428316356,58.1734700840945,58.181334257184
7.78132763794047,295.802519632472,735.906004269565,0,689.611372930569,561.333640372324,752.579045640945,576.374200422248,572.90877689309,925.631879581169,986.288119264472,233.931701729265,188.361463423412,0,90.9454109707236,132.615921159001,253.777849751358,225.831598865697,27.7881160613608,82.3467095883516,265.298258283019,1.0187633722619,1.00615470266564,0.976147104097346,0.941687057495086,0.942358650580126,0.942909128771717,0.938315766101198,0.940118439224656,1.01361342211535,0.941224998251582,0.940936010022622,0.923341117288056,0.941220071873051,0.944223723971004,0.950570946773859,0.969297126087019,0.97438086632025,0.973421832205831,0.973417828377979,0.969231824714551,0.975879102386933,1.00326137454831,1.00265031389271,0.977235506816039,1.01897514541513,1.000972034144,0.982505361450504,1.00028125742623,1.00245863066579,1.04535484991584,0.971506238837451,0.941224998251582,0.986394404338843,0.993126382557397,1.03296931785695,1.05277515109241,1.02032251190384,1.01235598987958,1.0275960798807,58.188040844154,58.1975331664087,59.9999931528418,58.1824647820854,58.1655181943558,58.1964470147172,58.1969239457751,58.185539033951,58.1680662027392,58.1817041448139
7.82148019224827,296.906164611041,738.763058331278,0,689.696684654781,559.039778515539,754.827631494711,578.124931262159,573.354123640032,923.36515893672,984.559007907987,233.656282984146,187.877456764721,0,90.5787091747501,133.701843441137,253.70770861603,226.034326303866,27.5473252589562,82.39446755451,265.409644805466,1.01882079517362,1.00634460263831,0.976299148230144,0.941673187683465,0.942226929800118,0.942755581875519,0.938175774597768,0.939985638998447,1.01354980931541,0.941142445106614,0.940830703981637,0.923260132706217,0.941160228422119,0.944221763229662,0.950704441226978,0.96948219198231,0.974615883851429,0.973626543422701,0.973856706502553,0.969856240273565,0.975934343974813,1.00323423951428,1.00262668759118,0.977377906432025,1.01916322697147,1.00150027509856,0.982905978146754,1.001151644118,1.00339563338603,1.04548292329467,0.971080293651157,0.941142445106614,0.986778775424366,0.993958687841465,1.03290138181259,1.05274566418711,1.0204476659602,1.01334219178071,1.02759512735664,58.1850716832688,58.199488709062,59.9999931528418,58.1791264535389,58.1617911213646,58.1888655685264,58.1891000937556,58.1827241714127,58.1647556309856,58.1822320482755
7.86163274655608,297.750696697432,742.156559712741,0,689.948018616193,557.051087991132,756.050521163693,579.049434365817,573.719763295204,921.329939562493,984.670475946082,233.21688072238,187.203169767551,0,90.1640974332293,134.652724740425,253.572753238327,225.936740094242,27.2835295625308,82.394621037198,265.10065124037,1.01895391370629,1.00662080243573,0.976548186972725,0.941737999315025,0.942149225727603,0.942651469659519,0.938087078965638,0.939904845281136,1.01352421276628,0.941129172257969,0.940788285688645,0.92324711205014,0.941175991489502,0.944311662264891,0.95097269879499,0.96981265233317,0.974974353260908,0.973946500900157,0.974384132492098,0.970542128539258,0.976178172579225,1.00341378095717,1.00280191643062,0.977681847038705,1.01941646298286,1.00209251384746,0.983395411852943,1.00205295722888,1.00435559935251,1.04566920180992,0.970626827156633,0.941129172257969,0.987243385221874,0.994823909728422,1.03304210568183,1.05286182775422,1.02063558403256,1.01434037667013,1.02761313510771,58.1815415886395,58.1984572463436,59.9999931528418,58.1757726180574,58.1607393339126,58.1798766569982,58.1799776117424,58.1795522308952,58.1634862344921,58.1828172162302
7.90178530086388,298.246691681381,745.548343251508,0,690.271507899159,555.662200804838,756.069471006482,579.036096019928,573.945197730518,919.8020616597,986.882225901232,232.651570657437,186.439719578386,0,89.7404461535606,135.325698075804,253.383189864637,225.543262126677,27.0177443322124,82.3366269056855,264.330179251258,1.01915679466208,1.00696155811846,0.976878202510804,0.941893613411515,0.942159184399638,0.942634622790099,0.938084312830759,0.939909063514296,1.01355271498185,0.941209472075927,0.940837369507092,0.923325886119713,0.94128734474215,0.944502489105504,0.951358779566152,0.970262376203978,0.975426075577065,0.974356581139287,0.974944439884508,0.971210126298946,0.976595686468538,1.00379297153405,1.00316920283538,0.97812476390133,1.0197126466854,1.00268532183409,0.98392476408453,1.00288118725982,1.00522651395122,1.04589985115619,0.970237552600697,0.941209472075927,0.987739004132812,0.995615802750381,1.03338869817685,1.0531220646618,1.02086998927617,1.01523232747742,1.02765169220624,58.1776700964935,58.1941659016824,59.9999931528418,58.1722778607636,58.1618417078951,58.1704527042416,58.1705759878311,58.1761594051221,58.1639441072431,58.1833406669266
7.94193785517169,298.350874307398,748.391293992948,0,690.529792506782,555.059797763777,754.89854440803,578.127928871579,573.993077482694,918.970610505566,991.31064245843,231.998973312866,185.70476184751,0,89.3359098027648,135.631563152916,253.149120284937,224.897185164851,26.7652847596187,82.2143004940186,263.078019123668,1.01942051766477,1.00734550025652,0.977272579674153,0.942151284246345,0.942290523744692,0.942743237593547,0.938201989555079,0.940030979018325,1.01365009057181,0.941406926762604,0.941006205163994,0.923519589039914,0.941513216785149,0.944801371747523,0.951841082214633,0.970800010521978,0.975939278523802,0.974830332200902,0.975492581688807,0.971800778867499,0.977156257938751,1.00434312697739,1.00370111137784,0.978675258353146,1.02003152295515,1.00322700980493,0.984451133666529,1.00355634944462,1.00592279613805,1.04616107036922,0.970010209208512,0.941406926762604,0.988225780447103,0.996258362247269,1.03391408684836,1.05350901301582,1.02113471067929,1.01592811370976,1.02771156580686,58.1737244290258,58.1868850535636,59.9999931528418,58.1686387028589,58.164293550065,58.1616420515842,58.161952161172,58.1727430488191,58.1656067360278,58.1836721092449
7.9820904094795,298.071704801759,750.215840083826,0,690.583285280706,555.291033106071,752.731448746738,576.505007538959,573.855061231873,918.912687656664,997.881301684022,231.295696028843,185.113721358045,0,88.9676655378587,135.547039981975,252.880537286691,224.073229337458,26.5354507076886,82.0261546508431,261.359658704278,1.01973283191464,1.00775258427295,0.977714075053862,0.942516802411022,0.942568751371261,0.943006841145157,0.938466146748839,0.94029493937666,1.01382568895956,0.941737763689121,0.941315273015243,0.923844139851437,0.941865594011683,0.945209518346884,0.952394002517526,0.971391225348771,0.976482808203582,0.975341375499713,0.975997731457001,0.972280210499104,0.977816448735587,1.00501718934499,1.00435265908035,0.979295585861279,1.02035584396991,1.00368256525143,0.984941346639403,1.00403130029209,1.00639497653472,1.04643954122784,0.97002971910518,0.941737763689121,0.988676457267689,0.996713895159199,1.03457054635153,1.05399145371387,1.02141455450936,1.01637672631888,1.0277919790873,58.169984010275,58.1773947380721,59.9999931528418,58.1649975745729,58.1671507327917,58.1544061792847,58.155032139932,58.1695291941571,58.1678299187436,58.1836800146895
8.0222429637873,297.460952680333,750.704605918534,0,690.333711788287,556.255986866673,749.908965250165,574.448158618275,573.553766327031,919.581967769779,1006.30720964681,230.57552781025,184.758709364438,0,88.6428884628129,135.117152344539,252.588131409993,223.16624459824,26.3317909555702,81.7782873961075,259.235354341224,1.02007845981049,1.00816487914857,0.97818479924547,0.942986257832708,0.943003404310261,0.943437777998127,0.93888659674415,0.940709575241238,1.01408001781514,0.942204696637929,0.941770374314762,0.924302200773195,0.942344112099334,0.945718707901401,0.952989201175569,0.972001618545215,0.977028327001275,0.975864824687814,0.976444585334661,0.972641587738357,0.978525426399206,1.00575645315536,1.00506775825401,0.979945449582024,1.02067211871404,1.00403592239472,0.985374194364637,1.0042949873689,1.00663317678166,1.04672312030739,0.970349553472945,0.942204696637928,0.989077505897076,0.996984728095207,1.03529688957286,1.05452902191552,1.02169608330196,1.01656982846508,1.02789016381388,58.1667060687403,58.1668702545633,59.9999931528418,58.1616219662513,58.1694968967817,58.1494760208416,58.1504740430668,58.1667351380311,58.1699511935977,58.1832437752962
8.0530445147177,296.818602178437,750.090385823366,0,689.915976047939,557.363904319045,747.553984931913,572.77339708486,573.239694751723,920.4996191689,1013.74388770791,230.029548765661,184.680494176486,0,88.422890035419,134.612849254738,252.354353851871,222.474680010503,26.1928481002238,81.5550481676512,257.392200178372,1.02035572071386,1.00847534987653,0.97855473014028,0.943407927679645,0.943437377412477,0.943877044630029,0.939309642678805,0.941124065786781,1.0143230461544,0.942647481974495,0.94221176149482,0.924736572903286,0.94278809950605,0.946166795342328,0.95345689673785,0.9724637843492,0.977433704793259,0.976261359718341,0.976746862193351,0.972848370628453,0.979071250468043,1.0063306201436,1.0056239456957,0.980440654496125,1.02090336870491,1.00423830109994,0.985661542642061,1.0043662936762,1.00667200751031,1.04693763143221,0.970806799281449,0.942647481974495,0.989350604340188,0.997088577118254,1.0358623064689,1.05495284673908,1.02190641739937,1.01656197050855,1.02797472844697,58.1646334416048,58.1589278741744,59.9999931528418,58.159411819144,58.1704929974909,58.1475210228846,58.1487873503191,58.164984796918,58.1711524655939,58.1825476367502
8.0838460656481,296.082635377884,748.649256565825,0,689.324747874518,558.634524666815,745.276386171313,571.190535138586,572.887570888363,921.6495738065,1021.69192931921,229.502101273951,184.776525091762,0,88.224424828818,134.03069756242,252.119391869237,221.83693437469,26.0666186139609,81.3125919755572,255.434904066791,1.02063406874257,1.0087743095182,0.978923040483159,0.943869618223142,0.943943668097416,0.944395407424381,0.939804995863902,0.941607512346607,1.01459826999028,0.943148784705627,0.94271823282093,0.925228350559703,0.943284035341682,0.946650184815952,0.953919611913841,0.97290679586884,0.977818225845889,0.976643927086178,0.977019315040885,0.973012133139883,0.979594071384919,1.00688061082047,1.00615782954053,0.980915310486208,1.02112172527357,1.00438965733174,0.985910969628643,1.00434866567226,1.00661407679651,1.0471449228267,0.971431877669612,0.943148784705627,0.989598323848245,0.997134579437431,1.03640251665968,1.05536515629478,1.0221074553439,1.01645014275209,1.02806414306037,58.1630240135686,58.1518466767395,59.9999931528418,58.1577038843612,58.1705289621031,58.1472039439982,58.1486762078969,58.163638592963,58.1717462041486,58.1815003196007
8.1146476165785,295.308729576005,746.501638378969,0,688.613503266906,559.912801114328,743.270767753647,569.834385695402,572.530342509688,922.90620125872,1029.80462378323,229.001941017553,185.031334693193,0,88.0424749515843,133.445124521678,251.889122174933,221.288656667377,25.9501581767963,81.0605393301415,253.43819231995,1.02090526480267,1.00905750238831,0.97928198059027,0.944355102037884,0.944500872691863,0.944970407045902,0.940351272463406,0.942139105943683,1.01489382066661,0.943688893089068,0.94326920597569,0.92575819653613,0.943813083492575,0.947152233098737,0.9543657044339,0.973321507053775,0.978176460807358,0.977006073231066,0.977270661856657,0.973154498039275,0.980076321310906,1.00738450353438,1.00664845940784,0.981357325621726,1.02132617601721,1.00450310819117,0.986127669118908,1.00427303732124,1.0064940403993,1.04734185397561,0.97219110523929,0.943688893089068,0.989828229562505,0.997158760758777,1.03689417094296,1.0557501816752,1.0222967213184,1.01627255223402,1.02815511407805,58.1619133062816,58.1462161062513,59.9999931528418,58.1566156032048,58.1695250578375,58.1484118729877,58.1499960996367,58.1627169316328,58.1716127227632,58.1800861686531
8.13371956964384,294.834296030803,744.890455190667,0,688.14271137181,560.645510530898,742.235258420744,569.154652018792,572.320179544146,923.685289128679,1034.75922148926,228.70866762828,185.256610290538,0,87.9357052246679,133.111522815797,251.751423811073,221.005501003964,25.8815936560622,80.9036630065958,252.214209533596,1.02106643647106,1.00922365700283,0.979496610908976,0.944660099349653,0.944860815007816,0.945343601074306,0.940704472882973,0.942482162750282,1.01508147069924,0.944033292396284,0.943622632414289,0.926096052035035,0.944148338123621,0.947464927979911,0.954629371427886,0.973561342084859,0.978383734053477,0.977218074838772,0.977419935804039,0.973241473906663,0.980348929583649,1.0076662374211,1.00692370740531,0.981610879476598,1.0214458201491,1.00456080365592,0.986248555326218,1.00421129882256,1.00640433371257,1.04745760168221,0.972709858835742,0.944033292396284,0.989965298039586,0.997178284608397,1.03716663517251,1.05596964125932,1.02240740540661,1.01614682960264,1.02821082915765,58.1614796092423,58.1436602465928,59.9999931528418,58.156283677168,58.1683952165651,58.1498371206225,58.1514351675936,58.1623568995448,58.1711449078325,58.179025720185
8.15279152270919,294.381350818087,743.136376944207,0,687.675122309185,561.287980028784,741.401168829157,568.624342152625,572.128077882857,924.423848406863,1039.54224985407,228.429732943157,185.521175398453,0,87.8317749605616,132.82266128338,251.61960896943,220.771573412363,25.8147977411378,80.7497293891872,251.024637087321,1.02122017589928,1.00938199542352,0.979703280020807,0.944962182321472,0.945223046152421,0.945720192959124,0.941060013366337,0.942827077785848,1.01526810974283,0.944377272365645,0.94397686283093,0.926433496163558,0.944481954778836,0.947772874686817,0.954880536314777,0.973786658228691,0.978579270597395,0.977419506237303,0.977567596470806,0.973334645025844,0.980598413584953,1.00792068242713,1.00717313142455,0.981846885336268,1.02156034042338,1.00461415085427,0.986362017698928,1.00414945134177,1.00631545109642,1.04756800512151,0.973248925916582,0.944377272365645,0.990101139403632,0.997212712350855,1.03741026455894,1.05617140344504,1.02251286627255,1.0160229515694,1.02826500618327,58.1612351685244,58.1419331094804,59.9999931528418,58.1562212664067,58.166920621573,58.1516863703891,58.15325363574,58.1621484584248,58.1703888899185,58.1778275836206
8.17186347577454,293.963222497002,741.299770964922,0,687.231677533534,561.810331941811,740.790337780271,568.256072223449,571.960189680412,925.092104880737,1044.0644446621,228.167486602453,185.817466727121,0,87.7308908829223,132.594939671402,251.494759191051,220.589607595934,25.7499680050316,80.604969103601,249.888874078738,1.02136476162787,1.00953134043372,0.979899458369013,0.945254980285792,0.945578502837429,0.946090508677998,0.941408969257865,0.943165295370806,1.01544964417516,0.94471278644428,0.944323331606496,0.92676263525373,0.944806409154658,0.948069871966706,0.955116175323176,0.973995707046021,0.978761837369049,0.977608638978603,0.97771478239613,0.973437577727742,0.980822446157929,1.00814530663138,1.00739420985601,0.982063363940467,1.02166912708996,1.00466576094466,0.986469027015314,1.00409409296079,1.00623486057026,1.04767215006225,0.973790948935633,0.94471278644428,0.990236657437325,0.997268327534699,1.03762270864191,1.05635337626893,1.02261240762176,1.01590930862928,1.02831679030502,58.1611701178375,58.1410891981015,59.9999931528418,58.1564210621633,58.1651587502046,58.1538717932802,58.1553654168937,58.1620789666979,58.1693664535753,58.1764979475499
8.19617260034007,293.500950028395,738.966098747566,0,686.736785101829,562.267156452207,740.357919245028,568.032549356404,571.791124118436,925.810547394081,1049.30671726268,227.85404129969,186.206168112438,0,87.6004198665693,132.406705145285,251.350132585178,220.432628764508,25.6664977985417,80.4228927776708,248.546510672561,1.02153395119117,1.00971072762855,0.980135755142475,0.945611787893122,0.946015452414345,0.946546550345668,0.94183760449869,0.943580247420303,1.01566964853096,0.945123335344632,0.94474821669124,0.927165383465634,0.94520249529116,0.948429985470052,0.955395334759941,0.97424134771465,0.978979603413771,0.97783481873836,0.977908793194506,0.973593928702354,0.981072283978649,1.0083884642214,1.00763503048679,0.982313255372247,1.02180293807004,1.00474026176947,0.986604153684123,1.00405192026934,1.00616457896258,1.04779728953036,0.974472671930862,0.945123335344632,0.990415224528868,0.997385265600003,1.03784773601276,1.05655613103551,1.02273307372199,1.01580067017452,1.02837830574375,58.1613225590645,58.1413199301788,59.9999931528418,58.1570236372366,58.162617341657,58.1569855486332,58.1583307953779,58.1621641669039,58.1677318435975,58.1746275034333
8.2204817249056,293.137844585676,736.746317915069,0,686.350210745591,562.456993959762,740.315220265321,568.081473139547,571.677903246792,926.332609442298,1053.82430555587,227.573439190119,186.60651557333,0,87.4742088592638,132.356267350412,251.224730689416,220.359937444206,25.5864714405529,80.2680096318124,247.357688971677,1.02168287869715,1.00987288674369,0.980348173819888,0.945933351404161,0.946411578539806,0.946960455575778,0.942226059037002,0.943956052429813,1.01586770376584,0.945494104490573,0.945132580457455,0.927529107751286,0.945559564296157,0.948752973636005,0.95564146237395,0.974457176095428,0.97917440064464,0.97803726032085,0.978105683830795,0.973776228492982,0.98127691199617,1.00857925316185,1.00782567314738,0.982527795837433,1.02192679758924,1.00482245891252,0.986734006119884,1.0040438555742,1.00613410799732,1.04791027527158,0.975100451966458,0.945494104490573,0.990596204533678,0.997553910199537,1.03801892418462,1.05672240311164,1.02284316183854,1.01573781708152,1.0284330934866,58.1617030799143,58.1429798259233,59.9999931528418,58.157960714159,58.1599022767376,58.160282629249,58.161430968819,58.1624077550541,58.1658069905867,58.1725817562473
8.24479084947114,292.894215347045,734.810246362853,0,686.104670764394,562.368334959204,740.651513517861,568.390671700234,571.627759676422,926.639034014565,1057.47362267677,227.317822622918,186.964805632568,0,87.344504966855,132.443628809815,251.117882823674,220.361675441342,25.5044444291665,80.1227204048183,246.341555240019,1.02181088263668,1.0100222060492,0.980541693838679,0.946221430050317,0.946765680085704,0.947330633936914,0.94257258905236,0.944290947526303,1.01604206771703,0.945825409364452,0.945476137830813,0.927854117627098,0.94587851960365,0.949041195510075,0.955860385320091,0.97465005706293,0.979353793177849,0.978222570538474,0.978313214091315,0.97399394664869,0.981442969213615,1.0087237717988,1.00797199900999,0.982713850535993,1.0220463360019,1.0049256489875,0.986869425301083,1.00408996544598,1.00616476085607,1.04801419199431,0.975668362470354,0.945825409364452,0.99078661229444,0.997785689668897,1.03814181237656,1.05685576324101,1.02294689480447,1.01574284622629,1.02848066496782,58.1622632405086,58.1459482316609,59.9999931528418,58.1591514803522,58.1572049506827,58.163558107079,58.1644787664828,58.1627643512159,58.1636995330532,58.1703897779546
8.26289107049091,292.798077624648,733.605763925569,0,686.021237518031,562.119945710403,741.125853166768,568.773249787635,571.631284792617,926.711973666736,1059.56336266172,227.151438578518,187.208431594793,0,87.2511188677631,132.602821192472,251.055743879873,220.409308002351,25.4462256198433,80.0358340723778,245.718986514732,1.02189040513771,1.01012111592385,0.980667247304771,0.946402966049101,0.946987371877629,0.947562281349788,0.942789203738266,0.944500219043456,1.01615061858449,0.946033016183068,0.945691312383396,0.928057779782468,0.946078501893901,0.949222237958313,0.955998973775251,0.974773641921598,0.979472174740659,0.978343851172553,0.97846925904913,0.974173542894465,0.981538079838895,1.00879908268804,1.0080496918065,0.982829221135486,1.02212869686062,1.00501221343012,0.98696941264856,1.00415667633264,1.00622483973768,1.04808291904757,0.976024664866286,0.946033016183068,0.990929517975235,0.997993588230143,1.03820091431323,1.05693129856971,1.02301710267119,1.01578896137116,1.02851028396436,58.1627657316392,58.1488981779872,59.9999931528418,58.1601492800832,58.1553193082339,58.1658723546915,58.1666148648785,58.1630759861334,58.1620788560949,58.1686815064122
8.28099129151069,292.780108604631,732.659880593393,0,686.026095973863,561.724832329143,741.766336520888,569.26785280121,571.66904572819,926.649972849671,1061.07463452979,227.00643448265,187.421349974901,0,87.1608908071642,132.836612528857,251.010962674364,220.491398832944,25.3908757616024,79.9656952376164,245.221448590049,1.02195559645786,1.01020910788135,0.980776040579737,0.946553439440229,0.947168729909028,0.947751540142734,0.942965994683876,0.944670976087297,1.01623889324798,0.946203429790466,0.945867644853037,0.928224955419064,0.946242953748653,0.949371930277216,0.956115986185776,0.974880054985353,0.979577505401896,0.978450484793224,0.978625553838745,0.974366453628929,0.98160978032712,1.00884833625651,1.00810202175372,0.982925080874406,1.02220521200314,1.00510802201213,0.987069166670905,1.00425328695178,1.00631932317066,1.04814397565133,0.976314969599175,0.946203429790466,0.991072460352243,0.998229410165493,1.03823425796654,1.0569870674381,1.02308123882853,1.01587436605792,1.02853449479141,58.1633124120294,58.1523614892252,59.9999931528418,58.161193352172,58.1536314995095,58.1679955155274,58.1685621721692,58.1634039052454,58.160475334944,58.1669258652997
8.30357744794654,292.871849010231,731.90697610432,0,686.155169720721,561.051587669844,742.759423432627,570.014502314068,571.7631098935,926.393977898521,1062.11475870909,226.853958978076,187.618758416463,0,87.053107473576,133.220279137011,250.974173890669,220.631491467947,25.3253012724914,79.8994396495152,244.779368264943,1.02201676855101,1.01030447067445,0.980889804046547,0.946698805937674,0.9473388355346,0.947928522399179,0.943130950500213,0.944830223155812,1.01632053075268,0.946364818378213,0.946033910826478,0.928383277522364,0.946399421930578,0.949516285450894,0.956234222347713,0.974991270594809,0.979692717605569,0.978564924687318,0.978819335604462,0.974621631369236,0.981670973214904,1.00887887949639,1.00813697618285,0.983020532564421,1.0222933043609,1.00524136505555,0.987194678823462,1.00441582920471,1.00648532558273,1.04821004640341,0.976583576016081,0.946364818378213,0.991249426125741,0.998555708336933,1.03824595138758,1.05703246815793,1.02315348149994,1.01603558353626,1.02855708287077,58.1640152030885,58.1572004047616,59.9999931528418,58.1624944579763,58.151915655106,58.1702811959392,58.1706441255087,58.1638055345571,58.1585793549275,58.1646940423788
8.33223076851823,293.166249695021,731.678343176192,0,686.489925055643,559.9679698716,744.23345393871,571.104640714589,571.947628682211,925.802419375148,1062.06305869766,226.718095649812,187.766619736719,0,86.9327368438257,133.824208507707,250.972378275532,220.858704462494,25.2547735985247,79.8596410261196,244.528389672389,1.02205922150841,1.01039628388512,0.980990532880514,0.946802934402907,0.947449375332833,0.948042196490224,0.943236422682614,0.944932013540446,1.01637207365309,0.946473207608726,0.946143890040087,0.928489607287682,0.946506196819087,0.949619314683707,0.956331286885398,0.975090677385464,0.979805038371673,0.978672262833832,0.979050622971085,0.974951327875291,0.98170051448959,1.00886807185528,1.00813219601811,0.983097148895002,1.02238714717017,1.00542263860536,0.987346455006119,1.00467667855813,1.00676007262731,1.04827374172447,0.976747006795144,0.946473207608726,0.991460503443673,0.998998535609037,1.0382148163294,1.05704979467021,1.02322832496328,1.01631528187454,1.02857216591311,58.164863704828,58.1637511030271,59.9999931528418,58.1640300627108,58.1505330500308,58.1724674555421,58.1726162890477,58.1642520169949,58.1564808353072,58.1618449571879
8.36088408908991,293.649613294166,732.285418744489,0,686.975378083441,558.7215566245,745.82950986471,572.276260858858,572.192925250917,924.966149868205,1060.50418045832,226.652841049617,187.786857454824,0,86.8365894570208,134.509329573087,251.028311800869,221.123832483527,25.2026412927689,79.8642304616684,244.631380141708,1.02206105586673,1.0104522460864,0.981039260215323,0.946814254452753,0.947438882659002,0.948028478163556,0.94322263914676,0.944918635721178,1.01636377213853,0.946470749538308,0.946137778295315,0.928487195923664,0.946507401554236,0.949630013362054,0.956366931192357,0.97514107890177,0.97987598563383,0.978733914327951,0.979253877745351,0.975268481377627,0.98167891382854,1.00880739170904,1.00807739762069,0.983123289816368,1.02245749017325,1.00560880700198,0.9874834007575,1.00498462542708,1.00709154563574,1.04831298641006,0.976706716867,0.946470749538308,0.991646168228394,0.999446003095591,1.03813951044268,1.05702472129982,1.02328207823502,1.01666347419501,1.02857155051778,58.1655745596024,58.170235823659,59.9999931528418,58.1653221702219,58.1501898966596,58.1737519496784,58.1737536851286,58.1645742325473,58.1548750363602,58.1590344682617
8.3895374096616,294.299120271756,733.692679794638,0,687.555435377095,557.430240091349,747.41724407549,573.443437825822,572.483300608001,923.953997025584,1057.53266504079,226.666070564943,187.670584770688,0,86.776262060521,135.221298410982,251.131781147556,221.403975799489,25.1747333699996,79.9220557703058,245.082124471693,1.02202166088995,1.01046817239253,0.981033284128434,0.946733943357973,0.947310501420502,0.947890887346072,0.943092812895824,0.944793135648462,1.01629684474061,0.946360067740467,0.946018495382352,0.928378617155151,0.946405354852646,0.949549885425619,0.956340673097908,0.975140691235817,0.979901316211569,0.978746323783114,0.979412705012611,0.975545438039115,0.981611645815414,1.00870664424968,1.00798148449398,0.983099531857286,1.02249886154018,1.00578378915368,0.987594493739753,1.00531195678038,1.0074498396443,1.04832519128038,0.976470082491336,0.946360067740467,0.991791840688728,0.999857851591909,1.03803232874407,1.0569636331551,1.02331092601124,1.0170488048711,1.02855525451369,58.1660559127379,58.1760682107659,59.9999931528418,58.1662772538312,58.1509721638607,58.1740919288471,58.1740242662214,58.1647238052573,58.1538929529521,58.1563254045278
8.41819073023328,295.078437596561,735.782058932374,0,688.163448463095,556.216814595434,748.877416426196,574.526873896066,572.800442567597,922.848266548376,1053.30234632322,226.767922665799,187.433860582761,0,86.7618348340589,135.898161957117,251.289613851272,221.684539199402,25.1775451843242,80.0327097473768,245.870290078466,1.02194045287534,1.01043868102083,0.980968070980958,0.946562248092273,0.947067689676315,0.947633450455475,0.942850641988794,0.944559010922671,1.01617275228478,0.946143352749357,0.945788818369712,0.92816601989217,0.946201663920517,0.949379059410276,0.956249200888097,0.975084703458806,0.979874203190669,0.978703562603614,0.97951045180476,0.975755581069814,0.981499753816204,1.00857035943636,1.00784846320663,0.983022981467665,1.02250503845012,1.00592985262082,0.987666640459796,1.00562925295412,1.00780336796978,1.04830714328629,0.97604744934401,0.946143352749357,0.991882909607513,1.00019625526162,1.03789966571456,1.05686912534762,1.02331044792424,1.01743843613357,1.02852330176832,58.1662312927475,58.1807157326788,59.9999931528418,58.1668485769975,58.1528659995049,58.1735233620475,58.1734647734754,58.1646675511795,58.1536185141419,58.153775254884
8.43978725694233,295.72529481321,737.705454377587,0,688.601895487447,555.422612592088,749.827505336362,575.24570313293,573.045371342286,922.001732466319,1049.39969088313,226.911298808793,187.199262873861,0,86.7905092284862,136.354658636705,251.441451854258,221.888366922115,25.2052888816009,80.1598181251144,246.676734029872,1.02185131871087,1.01038187546394,0.980875721061088,0.946371904359662,0.946811011852351,0.94736257059255,0.942596125077524,0.944312932321995,1.01604269245098,0.945910851852903,0.945544124745048,0.927937936653437,0.945981426152167,0.949189686996453,0.956133937142205,0.975001554904831,0.979813267650264,0.978629722809611,0.979532284614515,0.975852256997751,0.981385557266113,1.00844621285041,1.00772544389604,0.982927419520671,1.0224808873024,1.00600646150461,0.987684568998612,1.00583864676714,1.00804198935432,1.04827052647544,0.975612666002492,0.945910851852903,0.991905314430477,1.00037834555969,1.0377862764283,1.05677729819578,1.02328661689482,1.01770943953096,1.0284890146593,58.166127726293,58.1831806679216,59.9999931528418,58.1670242668125,58.1549686774511,58.1725527408362,58.1725480592992,58.1644786289359,58.153901578994,58.1519876771459
8.46138378365137,296.398311883699,739.842537731248,0,688.997835197918,554.790453978841,750.610101461929,575.854679763674,573.289271989133,921.209799301403,1044.99422140878,227.105654443646,186.907375135074,0,86.8487161192366,136.727864358934,251.631754663945,222.081879992118,25.2512868115263,80.2943848888457,247.640197006947,1.02174047984397,1.01029875192933,0.980752285327137,0.946141981126573,0.946508537181968,0.947044343223104,0.94229672810739,0.944023197936039,1.01588813330113,0.945634678164465,0.945254614691423,0.927667010449192,0.945718668397136,0.948960605398487,0.955985242831586,0.974887161651781,0.979721513775605,0.978524872125235,0.979509675556315,0.975892805599252,0.981249406164194,1.00830681520573,1.00758615091032,0.982803299201005,1.02243558800663,1.00605519540461,0.987673378414464,1.00601899774749,1.00825193853687,1.04821693057608,0.975112131969137,0.945634678164465,0.991888311920715,1.00049087864697,1.03766358836285,1.05666988279743,1.02324543819441,1.01795417194484,1.02844715630925,58.1658031865479,58.1845870981761,59.9999931528418,58.1669991721773,58.1575576653693,58.1711925492308,58.1712745269129,58.1641612863265,58.154596298098,58.1503370957425
8.48925177943275,297.264222158874,742.71161467029,0,689.414673621825,554.270781974683,751.329238701583,576.449365986295,573.588842669835,920.315377973511,1038.76114495925,227.445096284341,186.506878381856,0,86.9837360513856,137.070964248448,251.917929749533,222.311714952997,25.3468876277819,80.5143354082725,249.090368901134,1.02156572785694,1.01014473789921,0.980539436159155,0.945784231431373,0.946051870135255,0.946565545179273,0.94184616824071,0.943586983020062,1.01565492009905,0.945213304671863,0.94481506068819,0.927253643317977,0.945315604468808,0.948603392673822,0.955737166114182,0.974685294244048,0.979546846741207,0.978334200520256,0.979398709603528,0.97583952837151,0.9810380120533,1.00810452825754,1.00738218860656,0.982594329810281,1.02233586432264,1.00605237614154,0.987597378788311,1.00617000293779,1.0084391117858,1.04811713653256,0.974375577684642,0.945213304671863,0.991793738199879,1.00050329455751,1.03749389678131,1.05650922456001,1.02315909173628,1.01818833263485,1.02838258725279,58.1650511959761,58.1847121380712,59.9999931528418,58.1667219049401,58.1614214576971,58.1690035411486,58.1692305237429,58.1635683158957,58.156042094433,58.1484331814611
8.51711977521413,298.081157074916,745.532091579866,0,689.711105980086,554.133315499459,751.706736475957,576.816372084574,573.862107422014,919.639815795404,1032.12287175103,227.873950020576,186.091603977942,0,87.1827955596097,137.226840091051,252.249556044833,222.516724557876,25.4776582357464,80.7546958277819,250.719485187366,1.0213600789291,1.00994334233464,0.980276050009681,0.945379319510965,0.94555053059006,0.946042060540758,0.941352655566584,0.943108627545647,1.01539653481889,0.94474557582779,0.944329726728117,0.926794801623305,0.944865625175713,0.948197684813064,0.955436362265493,0.974428929564803,0.979314950909476,0.978088647631255,0.979197654874319,0.975666084469897,0.980792198334814,1.00788172184424,1.00715595739076,0.982336892887821,1.02219447883811,1.00597476987337,0.987454217226133,1.00622076395652,1.00852207794605,1.04798691176656,0.973595122420773,0.94474557582779,0.991619433144989,1.00036126914118,1.03731435634626,1.05632776412845,1.02303908352135,1.0183186632229,1.02830867137658,58.1639369603255,58.1829151335388,59.9999931528418,58.1662429065626,58.1656142423459,58.1665028997965,58.1668933510382,58.1627850346246,58.1580048265441,58.1468024156382
8.53726354574997,298.613767171057,747.418656123454,0,689.848121114717,554.286552568419,751.766294985972,576.938218446811,574.037616060366,919.319570527902,1027.20235372481,228.238140941677,185.808138181005,0,87.368583061969,137.216092776324,252.513130046396,222.650056935703,25.5940232879308,80.9419568944269,251.978571984337,1.02119457133489,1.00976867888128,0.98005612215362,0.945064647594154,0.945171838652369,0.945648199917573,0.940980704317887,0.942747714208342,1.01519987495903,0.944388415013712,0.94396101360399,0.926444427094461,0.944520130621068,0.947881154776243,0.95518813740132,0.974209977853572,0.979111363259902,0.977877481586105,0.978994342172017,0.975462444729041,0.980593508514817,1.00770838338099,1.00697917524155,0.982120989649137,1.02206592389381,1.00586639088842,0.987305545516378,1.00618323494746,1.0085040208857,1.04787417800755,0.973026592843945,0.944388415013712,0.991442160460405,1.00015720669463,1.03717874459404,1.05618459548912,1.02293108371336,1.01833361329854,1.02825072162105,58.1629240887334,58.1804659100889,59.9999931528418,58.1658189685473,58.1686790130338,58.1646106130494,58.1651196641399,58.1621139464932,58.1596662782872,58.1458008666095
8.55740731628581,299.07737799771,749.09053143583,0,689.927511181965,554.652132645206,751.65934963838,576.946374851054,574.191622750774,919.164001923762,1022.28209398154,228.642282349337,185.551734846727,0,87.588263113129,137.099765309738,252.791634950526,222.771630498998,25.7261289853228,81.131982633904,253.278019918037,1.02101762002513,1.00957233086424,0.979816074255633,0.944741385826263,0.944793096123727,0.945255867830844,0.940609356882923,0.942386925549637,1.01500110561436,0.944027427201463,0.943590202074735,0.926090298288775,0.94416908253689,0.947554620430379,0.954918999065235,0.973965992513249,0.978880580201705,0.977641665262835,0.978744632086192,0.975195113405015,0.980379522898443,1.00752636406974,1.00679307745111,0.981883035807707,1.02191743448045,1.00571398116647,0.987120158662579,1.00607999654102,1.00841628829266,1.04774779355221,0.972480140806535,0.944027427201463,0.991223846450769,0.999869742089166,1.03703903498723,1.05603311155756,1.02280693390419,1.01827685106037,1.02819032005919,58.1617617384127,58.1771477857416,59.9999931528418,58.1653688850918,58.171623874574,58.1627368936409,58.1633563792408,58.161369279419,58.1614513064366,58.1449501704027
8.58433259143378,299.562572162285,750.855629563756,0,689.961871436873,555.446854129433,751.288126310948,576.798582149682,574.35927553081,919.222664836184,1015.84957789583,229.241841964192,185.296989974575,0,87.9345759863304,136.790415227694,253.187494244798,222.923590724501,25.9271342963373,81.3964793655653,255.03580934751,1.02076716859558,1.00927676202119,0.979464899486958,0.944301066848225,0.944295611555937,0.94474328584798,0.940123176387415,0.94191397034038,1.01473839839943,0.94354599062273,0.943099083834342,0.925618009309257,0.943697496746464,0.947107031734915,0.954526774924788,0.973599682080309,0.978528394705876,0.977287558072878,0.978339351436936,0.974740993405092,0.980066912356658,1.0072658764161,1.00652653495887,0.981528937348341,1.02168742771272,1.00543679764917,0.986811842931443,1.00583045468429,1.00818039457818,1.04755774694693,0.971800696327141,0.94354599062273,0.990868850849915,0.999359846401001,1.03684152096496,1.05581568675118,1.02261550550286,1.01807825828171,1.02810764745299,58.1600270514346,58.1715974144188,59.9999931528418,58.1647756415932,58.1751549734327,58.1603842649999,58.1611283731303,58.1602852118858,58.1638932201287,58.144045748958
8.61125786658175,299.871445697158,752.005472065622,0,689.949261153935,556.547407570661,750.709336074541,576.502420661741,574.481611354651,919.593337502726,1009.71773950666,229.892421563901,185.144107856041,0,88.3335131423432,136.322109039376,253.593106894089,223.064411604322,26.1475682195681,81.6539711734929,256.773877165362,1.02050612014917,1.00895241689526,0.979092174021986,0.943872403704233,0.943834713496542,0.944272293298671,0.939674281933574,0.941476147952856,1.0144900852438,0.943090467190938,0.942638905187948,0.925171141122636,0.943246794825443,0.94666748982353,0.954111365283329,0.973198676019518,0.978137629718239,0.976901005079616,0.977864616978247,0.974190831711414,0.979731965063741,1.00699140916999,1.00624565404499,0.981143976784259,1.02142954985566,1.00508500263701,0.986444608956609,1.0054615118045,1.00781644249392,1.04735006164074,0.971227677049711,0.943090467190938,0.990452329661578,0.998723584316989,1.03663516349552,1.05558655459824,1.02240125692052,1.01774547363488,1.02802506955486,58.1581557788185,58.1651111498229,59.9999931528418,58.164230529355,58.1779990378831,58.1583232160468,58.1591578402068,58.1591320396862,58.166237809895,58.1433989472586
8.63237644362856,299.981149339832,752.409959237174,0,689.930071491245,557.581121201032,750.153577388697,576.193506711382,574.545574626241,920.094787484053,1005.202979609,230.431571978133,185.124852500468,0,88.6774397335269,135.860313282825,253.92345895849,223.176273702241,26.3317149061123,81.84979229128,258.087226679673,1.02029826855447,1.00868070987206,0.978787125554546,0.943547639074584,0.943503394688169,0.943936673957422,0.939353212393577,0.941162335652917,1.01430986946019,0.942755096854235,0.942303681903273,0.924842143031485,0.942911414154641,0.946331232409969,0.953770521747265,0.972860719417851,0.977805531762663,0.97657684491821,0.977449433063516,0.973701871117591,0.979451644181738,1.00676258991898,1.00601198662534,0.98082039784193,1.02120986402877,1.0047590350467,0.986117182831198,1.00509093982193,1.00744363303416,1.04717628606415,0.970858082891089,0.942755096854235,0.990087668119337,0.998150316503282,1.03646211949312,1.05539627468963,1.02221890293784,1.01739234518104,1.02796209931733,58.156647617745,58.1596437703519,59.9999931528418,58.1638507927761,58.1796118747193,58.1569765181337,58.1578556032493,58.1582028357158,58.1678938843312,58.1430629822438
8.65915559513956,299.94697780592,752.288463410482,0,689.932427668659,559.0315649342,749.385770856202,575.748171361139,574.586209120573,920.962218189665,999.933047239271,231.136211647764,185.220200699714,0,89.1440914030929,135.1918456346,254.33647802488,223.320878759943,26.572133804095,82.0834731863824,259.663984413476,1.02003498427743,1.00832299924818,0.978395558350568,0.943165033911738,0.943138334461991,0.943571507483911,0.939001379658225,0.940817162953815,1.01410626626925,0.942373909693475,0.941927901473661,0.924468198672375,0.942524988863073,0.945930427891985,0.953331678323365,0.972413870815949,0.977363507885061,0.976150695762478,0.976883789774665,0.973028447579515,0.979082024487081,1.00646112995481,1.00570483661557,0.980393091433633,1.02091686198914,1.00429454276637,0.985664053376503,1.00453300007651,1.00687541723534,1.04694831703969,0.970519059691037,0.942373909693475,0.98959025466888,0.997353673828797,1.0362324763823,1.0551471394499,1.02197553677471,1.01684273311606,1.02788595984896,58.1547666028234,58.1526543679964,59.9999931528418,58.1634243330135,58.1807356435386,58.1556664906914,58.1565695710932,58.1570269855846,58.1696134921627,58.1428368954129
8.68593474665056,299.728643066344,751.469563214248,0,689.994731142937,560.553977477596,748.614935442137,575.288178053292,574.583534306347,922.040269203815,995.222719310677,231.85296397503,185.45738001546,0,89.6344614760777,134.470845919038,254.739210032695,223.476531169222,26.8161727263428,82.3031910835236,261.117989164114,1.01977624539898,1.00795619213958,0.978003738146386,0.942818197270376,0.942836815775683,0.943275599894449,0.938713376249888,0.940533106230493,1.01393284433482,0.94204436533433,0.941609382425022,0.924144915870657,0.942184587982976,0.94556142429928,0.952890131521442,0.97195200170293,0.976904147272338,0.97571333753616,0.976287315226671,0.972314601742791,0.97869838601387,1.00614646713914,1.00538536006872,0.979951090747586,1.0206121941859,1.00378245419852,0.985176579197377,1.00389087150284,1.00621551771383,1.04671521344217,0.970322981551976,0.94204436533433,0.989065008860565,0.996505523118868,1.03598921005197,1.05488949164178,1.02172218890964,1.01619460550344,1.02781518404652,58.1530013303265,58.1460199684056,59.9999931528418,58.1630305347282,58.1807519401824,58.154819808308,58.155716046695,58.1558866612288,58.1707834231766,58.1428150367793
8.72313513350335,299.164786865284,749.330163344889,0,690.227088025844,562.612819767842,747.674394125535,574.720215331876,574.519694791054,923.772295793482,989.64461172877,232.827684311799,185.993663555831,0,90.3153653101636,133.455283979237,255.278503428096,223.722198275038,27.1415287125821,82.5545465636229,262.877946745399,1.01943716922981,1.0074535930995,0.977480070253143,0.942408160864674,0.942529542831266,0.942984503692221,0.93842465974818,0.940245601294806,1.01374706152414,0.941681214832104,0.941269610936347,0.923788665459118,0.94179828529658,0.945115014454585,0.952293336355765,0.971309391014479,0.976263683017234,0.975111704404818,0.975452272212978,0.97131752305415,0.978155594762934,1.00569349647417,1.00492794585024,0.97933342841702,1.02019054136719,1.00303413680337,0.984477611326928,1.00291952109083,1.00521007806816,1.04639694552228,0.970278743291617,0.941681214832104,0.988328148905023,0.99532241077068,1.03562937562093,1.05452271773613,1.02137018102527,1.01519484726962,1.02772895448714,58.1509014062967,58.1382449769584,59.9999931528418,58.162431320089,58.1789174621266,58.1543633352226,58.155218416689,58.1544262260128,58.1712927105102,58.1430779002725
8.76033552035615,298.379331650314,746.31105871755,0,690.643552740115,564.408435322726,747.013464757939,574.329939164155,574.399170165102,925.593797438899,985.151106905608,233.750934643934,186.718497270846,0,90.9657177619855,132.534609175303,255.766923494767,224.004946705034,27.4413630638378,82.762727491023,264.342294603402,1.0191277440499,1.00697424868923,0.976992753449499,0.94207830389009,0.942336627292413,0.942815167227018,0.938249497741504,0.940067574973338,1.01361864796623,0.941418111069922,0.941036774225423,0.923530560837618,0.941505137539052,0.944744458846193,0.95173071999231,0.970686350189778,0.975641830996158,0.974535065721837,0.974648341942638,0.970366776439389,0.977616116011045,1.00523279829831,1.00446545775582,0.978730397539393,1.01978313831646,1.00227792620655,0.983782450027905,1.00191120968166,1.00416066208236,1.04609456546438,0.970451433588976,0.941418111069922,0.987616581434821,0.994202228704267,1.03525218776288,1.0541549157441,1.02102815046452,1.01414132313618,1.02765665310487,58.1493574429197,58.1329453970538,59.9999931528418,58.1616218855979,58.1750881704847,58.1545893559672,58.1553931966763,58.1531715702663,58.1703814485468,58.1436288140028
8.79753590720894,297.489725884281,742.826023552261,0,691.207890205781,565.752067995959,746.723608990905,574.193942763488,574.240269645779,927.283836365771,981.624410638817,234.598584340497,187.571880333777,0,91.548319622563,131.815542909697,256.19704879172,224.327046837408,27.7076809350651,82.9539679217823,265.540652686989,1.01885294379628,1.00653185531849,0.97654889411056,0.941810229929477,0.942220577642988,0.942726072611548,0.938150440834681,0.939963543096323,1.01353222392941,0.941225595796696,0.940877535210104,0.923341703469044,0.94127959039283,0.944434228642349,0.951211771766188,0.970101722605408,0.975058382006083,0.973998616545016,0.973917212886268,0.969519938947032,0.977092978294697,1.004773322689,1.00400682372265,0.978159033796695,1.0194012396197,1.00155359922116,0.983122158200271,1.00093337320737,1.0031403760966,1.04581590917125,0.97074654420306,0.941225595796696,0.986967118660792,0.993220718019751,1.034864080593,1.05379296185665,1.02070533085963,1.01311197612511,1.02759688377625,58.1484780790221,58.1307558029111,59.9999931528418,58.1604410187685,58.1696502507905,58.1552396773307,58.1560100013695,58.1521778935775,58.1680593799808,58.1444103636368
8.83473629406173,296.62993701873,739.420646514691,0,691.853324132283,566.549313675871,746.852172165443,574.358016607314,574.076732906131,928.70159401808,978.896633673615,235.303604703819,188.404189492863,0,92.0031931834529,131.333574126739,256.549411198129,224.665354791894,27.9057377555807,83.0580162616199,266.449132530571,1.01862839850878,1.00616427484324,0.976186202462029,0.941619886227798,0.942178603956798,0.942711278119747,0.938122316163857,0.939928855008272,1.01348532897557,0.941110168534027,0.940794439664399,0.92322846939404,0.94113203761992,0.944204498474712,0.950779915530431,0.96960617763337,0.97456644511738,0.973550212075184,0.973327957268754,0.96885972774312,0.976628253755214,1.0043496545692,1.00358632840026,0.977667687532142,1.01908323401756,1.00093998131778,0.982564117771534,1.0000978429002,1.00226656538235,1.04558572021149,0.971117817445498,0.941110168534028,0.986440144660978,0.992475954917638,1.03449320080853,1.05346189493677,1.02043181395222,1.01222569392031,1.02755173286436,58.14828656603,58.1318607562051,59.9999931528418,58.1587779534254,58.1631437120736,58.1559971938181,58.1567722788195,58.1514702846133,58.1644875658977,58.1453730858063
8.87193668091452,295.938838240124,736.56496092343,0,692.483845247996,566.765833502683,747.378026922083,574.821388533628,573.94347000717,929.726090493828,976.797659992282,235.84738034237,189.125179538997,0,92.3061980742995,131.129970593814,256.811443945324,224.999588444344,28.0310742709625,83.0941420401504,267.120171030803,1.01845599449338,1.00588261720487,0.975910875261169,0.941488610598782,0.942171689692889,0.942727583416004,0.93812571508671,0.939925953764641,1.01345998350757,0.941041972371511,0.940753369568142,0.923161569005263,0.941036876400072,0.944040428545038,0.950446470025111,0.969219689596843,0.974185665207753,0.973204835881305,0.972908236243278,0.968417312302548,0.976242586593426,1.00398226142292,1.00322350846582,0.977276648931081,1.01883834050659,1.00047105837347,0.982136018123407,0.999459573721668,1.00159784722336,1.04541033151132,0.971464822417492,0.94104197237151,0.986060346457886,0.992002808433871,1.0341599351342,1.05317641901853,1.02021517919666,1.01154271397464,1.0275186553923,58.1487148395731,58.1359673948866,59.9999931528418,58.1566007673849,58.1561770281263,58.156531977232,58.1573590220888,58.1510339659257,58.1599340362679,58.1464769373156
8.91751052199388,295.469233173473,734.452396916751,0,693.064806851903,566.268774449326,748.421485986065,575.711758492612,573.855337342239,930.256690750225,974.88654190208,236.255529325571,189.71134561813,0,92.4468946603783,131.259940255599,256.988317632633,225.351088837152,28.0714658200667,83.0666555011848,267.640786288961,1.01832399761366,1.00567826039475,0.975713966015719,0.941404443846545,0.942185646913908,0.942760522777289,0.938146181933238,0.939940493493897,1.01344622112307,0.941007744274185,0.940740708136317,0.923127991275048,0.94098118192713,0.943929849813121,0.950200797204933,0.968932317854955,0.973907633645923,0.972953825007182,0.972659880608049,0.968201811946117,0.975920119740851,1.00365223688496,1.00289920701318,0.976973684853849,1.01866085965967,1.00014560282312,0.981833656882317,0.999022947220166,1.00113982192181,1.04528557331288,0.97177478544735,0.941007744274185,0.985828116109485,0.991818758242165,1.03384562938133,1.05291924442705,1.02004619740841,1.01106987777295,1.02749398133126,58.1498497113446,58.143949261746,59.9999931528418,58.1533599450546,58.1479520654141,58.1564672988484,58.1574109540508,58.1507918114511,58.153596580171,58.1479748024821
8.96308436307324,295.523717516284,734.193629894255,0,693.291976365721,565.093231334086,749.66111145965,576.793149936497,573.878853865859,929.948571946321,973.601638138702,236.399149771904,189.951240144631,0,92.3456379500681,131.742179776061,257.036701695145,225.602839784973,28.0054701728341,83.0031084025253,267.912670156465,1.01827295486292,1.00561927075644,0.975653531694878,0.94136227212605,0.942163388498613,0.942742405214696,0.938125163153306,0.939918272390429,1.01342584073939,0.940974374734926,0.940712233863943,0.92309525577835,0.940942965180143,0.943879251389514,0.950120162514556,0.968844843620007,0.973829914672377,0.97288116460545,0.972691644812787,0.968323084919472,0.975769755648401,1.0034688025401,1.00271996819132,0.976863441347004,1.01860765385786,1.00009328688927,0.981771909793736,0.99897842351281,1.00109500552022,1.04525214062146,0.971830770451707,0.940974374734927,0.98584354038882,0.992036493345392,1.03365451001922,1.05277214638727,1.01997644112799,1.01101887733012,1.02748197660257,58.1513005522354,58.1534229141097,59.9999931528418,58.1498056366961,58.1409811202621,58.1553339616729,58.1564160620434,58.1507443119565,58.1471734718832,58.1495908833843
9.0177759782638,296.284460851799,736.393733122019,0,693.032928835474,563.169669915499,751.020549341839,578.045406990178,574.078091908943,928.610848927829,972.98004935541,236.214390242621,189.691874817249,0,91.9467306399644,132.597668832881,256.922684748109,225.69342936545,27.7893434586178,82.8638023344623,267.884496586421,1.01832299919671,1.00574676691833,0.975771651622238,0.941380884295265,0.942102296284069,0.94266685759954,0.938057671862827,0.939855077540375,1.01339773792441,0.94095022980221,0.940671621709883,0.923071569615909,0.940935219698265,0.94391327307669,0.950257154228943,0.969017857641633,0.974012778373329,0.973041129047609,0.973068922718304,0.968849613856855,0.975850761532498,1.00348771066033,1.00273940904888,0.977006541820769,1.01871537127584,1.00039118313425,0.982020184409129,0.999432050080325,1.00157401248351,1.04533795385137,0.971575233952069,0.94095022980221,0.98616439746238,0.992728179644196,1.03363876659576,1.05277298128567,1.02003145028965,1.0115005373317,1.02748566750416,58.1528336025818,58.1636723007372,59.9999931528418,58.1457905157711,58.1352871441872,58.152507449443,58.1537141934465,58.1506936725659,58.1405000631099,58.1516197670718
9.07246759345437,297.61962154029,740.668515514451,0,692.299018135542,561.144381962312,751.852263822617,578.927046028438,574.429376426331,926.534291039922,973.711806059058,235.694239968865,188.914239024135,0,91.3424301287209,133.535028058918,256.662653489087,225.513891972051,27.4626933225292,82.6817479841625,267.432833949424,1.01848689636311,1.00606139482682,0.976071984224643,0.941478539415874,0.9420305567531,0.9425637267666,0.93797268272984,0.939779295539488,1.01337955715953,0.940959640937617,0.940644954067285,0.923080801933928,0.94098052821267,0.944050113129558,0.950619184261251,0.969453774636824,0.974453301000205,0.973433547301143,0.9737201737195,0.969657432973693,0.976201444786069,1.00376822366671,1.00301416053037,0.977417674546446,1.01898252847079,1.00100451433321,0.982556996996758,1.00031677976168,1.00250443755949,1.04554363742093,0.971051676660089,0.940959640937617,0.986732653621036,0.993712468566318,1.03386717459271,1.05296713654916,1.02021934369026,1.0124414673989,1.02751015643753,58.1535455740314,58.1697225225038,59.9999931528418,58.14273831104,58.1329747433609,58.1484600886114,58.1496936960497,58.1503867775172,58.1359475299785,58.1536558499343
9.12715920864493,299.169419077335,745.749831864509,0,691.363722567071,559.475091367095,751.884257328211,579.190172761424,574.84186148558,924.191504846939,976.316156608471,234.92056415612,187.830012549432,0,90.6563157177734,134.333964813323,256.304663212246,225.065483631194,27.0760102868656,82.470905441109,266.479100817797,1.0187515597013,1.00651685194047,0.976516383734842,0.941675112975328,0.942015386337134,0.942509353555479,0.937939818739207,0.939757122494235,1.01340337343642,0.941048096340803,0.940687562570068,0.923167576627884,0.9411145799271,0.944300663436023,0.951156924960274,0.970083109967239,0.975079267236097,0.97399807008625,0.974517990705618,0.970582311048485,0.976773904149773,1.00427853695919,1.00351230589356,0.978033933776661,1.019366282249,1.00181107940837,0.983282073335388,1.00144207334868,1.00368345433603,1.04584119202711,0.9704548528366,0.941048096340803,0.987436883028906,0.994783600113296,1.03431940987744,1.05333227512887,1.02051045101191,1.01363288484573,1.02755842233832,58.153048428237,58.169594940226,59.9999931528418,58.1411336497015,58.1338552554176,58.1439788042313,58.1451323702476,58.1496397481526,58.1341434733506,58.1555662188367
9.18185082383549,300.501399132637,750.143498808687,0,690.559456423566,558.486194692631,751.077532858635,578.76969907573,575.190627433845,922.098166026058,981.240754808668,233.984478177079,186.739268342388,0,90.0037053143909,134.839847218966,255.900848653899,224.404166941808,26.6790312269461,82.2382864734926,264.937755661644,1.01909948461048,1.00706001733035,0.977062491038864,0.942000553368076,0.942146222803939,0.942604914479648,0.938050905735429,0.939875716558054,1.0135101774203,0.941277654306391,0.940873997012384,0.923392772844185,0.941386981668315,0.944682967159397,0.951811236130029,0.970821112520029,0.975805299651974,0.974664196200292,0.975335741005429,0.971472808857845,0.977493009147517,1.00495318610306,1.00416988820697,0.978772984705541,1.019818634081,1.00267385666297,0.984081335456742,1.00259437018988,1.00488314219554,1.04619828700733,0.970041670945516,0.94127765430639,0.988164872977965,0.995761620529421,1.03493861964613,1.05382214535687,1.02087042909053,1.01483800019585,1.0276340355905,58.1513438872843,58.1631913360802,59.9999931528418,58.1410230131014,58.1371121457062,58.1400394903461,58.141050862246,58.1484516670931,58.1351206919918,58.1571783691616
9.23654243902606,301.233869053441,752.571388343485,0,690.135398422954,558.30997102565,749.627158264599,577.802733562233,575.355415039792,920.689710425461,988.616904736725,232.975363988792,185.946751045999,0,89.4665811762698,134.987467830974,255.497274668687,223.628525227147,26.3119822889993,81.9814138988279,262.781115179766,1.01950738473102,1.00763823972593,0.97766763435467,0.9424779849894,0.942500548534991,0.942938818375034,0.938385195313569,0.940209844335765,1.01373257174992,0.941700700098645,0.941268165927433,0.923807780493398,0.94183861693184,0.945208659354585,0.952521757567682,0.971583619117414,0.976548684006533,0.975362957105584,0.97607303468755,0.972219558361023,0.978270964081394,1.0057063263271,1.00490358444412,0.979548561292514,1.02029391593998,1.00347069893648,0.984850414169768,1.00358711784932,1.00590463796765,1.04658233192324,0.970048723600448,0.941700700098645,0.988826386880019,0.996526141270005,1.03564401508686,1.05437562890091,1.02126498803129,1.01584969698866,1.02773808697048,58.1488335429415,58.1523054942805,59.9999931528418,58.1420326841674,58.1415584482844,58.1375287847353,58.1384096419928,58.1470297515778,58.1383340413973,58.1582961363514
9.29123405421662,301.149941698203,752.330014743462,0,690.153229688369,558.87225217475,747.89545749155,576.582130196927,575.260999774461,920.209245803417,998.077612888077,231.979834108593,185.665425389251,0,89.0824293175447,134.80559091331,255.134450285655,222.859967801565,26.003547012645,81.7002599490279,260.106310566724,1.01994385917066,1.00820148587886,0.978286152504584,0.94310018384507,0.943103640362224,0.943542906846292,0.938969163065005,0.940783426833034,1.01407588342019,0.942327083244544,0.941886981460828,0.924422261955314,0.942472281391933,0.945862481365234,0.953228377726955,0.972296060256967,0.977237641517428,0.976031387310047,0.976667759869516,0.972767344053718,0.979019646861673,1.0064455465447,1.00562382145016,0.980280664099815,1.02075064041317,1.00411271354214,0.985508485779828,1.00429469309216,1.00661531702566,1.04696134055681,0.970601518854151,0.942327083244544,0.98936438505492,0.997028772735165,1.03634514471497,1.05492601585425,1.02166032656175,1.01653080915985,1.02786582752309,58.1462122193671,58.1400879245765,59.9999931528418,58.1435645082747,58.1459538979043,58.137003687578,58.1378283008816,58.14574735348,58.1428205893163,58.1587331326851
9.32015315591227,300.760857420457,751.084670432933,0,690.308601010322,559.400531358694,746.994210977965,575.94334576444,575.099206231984,920.343532222965,1003.6749187202,231.485629997946,185.752534478427,0,88.9423398117002,134.605126036126,254.969541761063,222.493905848795,25.8704326599647,81.5441873768059,258.551338389494,1.02017424526309,1.00847838904678,0.97860299427457,0.943474479417229,0.943512394659333,0.943961325266558,0.939368472292526,0.941173056078478,1.01429872681344,0.942728321834147,0.942293468504529,0.924815876753603,0.94286812439568,0.946245534996562,0.953581821664282,0.972632879998165,0.977561198365973,0.976354792398404,0.976915304551975,0.972972802004018,0.979378664185284,1.00680366425366,1.00597288314348,0.980628475063039,1.0209727347031,1.00437198828352,0.985793643141771,1.00453330119876,1.00684483882657,1.04714988664438,0.971113323737469,0.942728321834147,0.989590045425943,0.997190872498659,1.0366873100016,1.05519599474214,1.02185920088674,1.01673693641643,1.0279396197432,58.1450322431553,58.1342266497723,59.9999931528418,58.144399562236,58.1479195511718,58.1375938383976,58.1384280315289,58.1452639988994,58.1453581690608,58.1586415170341
9.34907225760792,300.168907646648,749.172500091023,0,690.513879797324,560.020243178661,746.198193277379,575.388598210195,574.872096652649,920.718709350209,1009.42221364437,231.031115072518,185.991185647971,0,88.8399990612379,134.36334699876,254.831315762364,222.179788162069,25.7604548387951,81.3868909456542,256.969252533044,1.02039528096972,1.00873158769484,0.978901473107674,0.943863462757162,0.943962759170782,0.944426809370139,0.939810065727593,0.941602623452449,1.0145389075348,0.943158927479863,0.942734985999022,0.925238300614754,0.943287675453402,0.946637892807649,0.953909071031403,0.972931561700277,0.977846688029554,0.976646966549897,0.977116160788602,0.97312502287708,0.979697745898808,1.00712284342408,1.00628415011335,0.980937106959525,1.02117418296089,1.00457085498974,0.986028364541339,1.004676867236,1.00697260340112,1.04732393609961,0.971745952829825,0.943158927479863,0.989774209087825,0.997292172041463,1.03699317399057,1.05543921596292,1.02204393400457,1.01683654320837,1.02801440238846,58.144164002044,58.1295476431849,59.9999931528418,58.1451589955517,58.1494684831038,58.138746250233,58.1396142296784,58.1450098242404,58.1477694519737,58.1583065265481
9.37799135930357,299.421071114155,746.755981328767,0,690.722626721311,560.674437388324,745.552433285988,574.958363264329,574.596301284803,921.282013059794,1015.09038727878,230.627532781689,186.355409880825,0,88.7688357600865,134.105862360844,254.72229335931,221.927771331598,25.6739472658364,81.2327920118953,255.422383982415,1.02060025285839,1.00895558139953,0.979173798486397,0.944251217993559,0.944432633911187,0.944915938692881,0.940271991317536,0.942050913283624,1.01478502526302,0.943599349561552,0.943190752656287,0.925670354393394,0.943712620066152,0.947024359732223,0.954202729766447,0.973187667723695,0.978089915587175,0.976902366427299,0.977274466677102,0.973232684818995,0.979970355556399,1.00739559937818,1.00655028565159,0.981201332070754,1.02135095134269,1.00471122175075,0.986211941285022,1.00473427217866,1.00700905021183,1.04747959317478,0.972460030459635,0.943599349561552,0.989920374651136,0.997346395499251,1.03725529146616,1.05564987255398,1.02221012240528,1.01684181703759,1.02808724116748,58.1437002199452,58.1264741992097,59.9999931528418,58.1458214615357,58.1505451553382,58.1403804882946,58.1412983038028,58.1450355969657,58.1499146189791,58.1577266240742
9.40691046099922,298.581942568644,744.041467356566,0,690.891808671857,561.30686437076,745.091517015998,574.682028655884,574.294703625235,921.971848708113,1020.43187630104,230.283932200391,186.808598538364,0,88.7212427792204,133.85866645932,254.64466128039,221.744021172786,25.6102927486364,81.0867592654408,253.975040970874,1.02078289839677,1.00914604156833,0.979413058623815,0.94462073233507,0.94489715899102,0.945402182022322,0.940729527937421,0.942494107652018,1.01502466887772,0.944028040572609,0.943637634614611,0.92609089999922,0.944123001493868,0.947388995858524,0.954456828967592,0.973398876633445,0.978288749002814,0.977117113143002,0.977396150981375,0.97330619964553,0.980192609563149,1.00761723326651,1.00676665349986,0.98141825441216,1.02150002505883,1.00479810615736,0.986346304713899,1.00471909093687,1.00696954587304,1.04761361141615,0.973208146291268,0.944028040572609,0.990033683916592,0.997368947575635,1.03746884632687,1.05582402899432,1.02235401921875,1.01676983963785,1.02815516010634,58.1437043457219,58.1252969846489,59.9999931528418,58.1463998239667,58.1511416894174,58.1423906117941,58.1433628198006,58.1453743542278,58.15168986597,58.156910623554
9.42922775246551,297.915189800541,741.883769501306,0,690.974193902796,561.748155812785,744.873944921241,574.583714345631,574.06060533961,922.549748496595,1024.17854332437,230.06420686293,187.193373795066,0,88.6959941517718,133.689897060793,254.606747161029,221.649920252812,25.5758743045083,80.9825228658313,252.964132374522,1.02090518986687,1.00926819506412,0.97957158340262,0.944883185944322,0.945236469931032,0.945758817064505,0.941064176312605,0.94281779952605,1.01519760356681,0.944337588390527,0.943962092015482,0.926394566209444,0.944417560167166,0.947646004869251,0.954623163574688,0.973530899676546,0.978411647282972,0.977253646235309,0.977469328910737,0.97334648120401,0.980328832353805,1.00775211560269,1.0068983779709,0.981552827367743,1.02159496331686,1.00483307056967,0.986418802942535,1.00466803536768,1.00689862324319,1.04770076410687,0.973777878137285,0.944337588390527,0.99010245244018,0.997374473308467,1.03759920025378,1.05593223971802,1.02244804384125,1.01667409653015,1.02820248435548,58.1440469466431,58.1257767655702,59.9999931528418,58.1468125745708,58.1512937295255,58.1441248752036,58.1451345348075,58.1458578691412,58.1527656962953,58.1561306425901
9.4515450439318,297.271260294241,739.793120750476,0,691.001024788919,562.122228803162,744.777349415098,574.58566977802,573.839314426937,923.126368004756,1027.4703098535,229.889686935213,187.593731713732,0,88.6786625522388,133.55423054578,254.589882338038,221.597360871111,25.5548775007573,80.8941331439048,252.079096717038,1.02100817877021,1.00936595208283,0.979702539978652,0.945114229744777,0.945542300499226,0.946081292453075,0.941366256002853,0.943109721712253,1.01535255951011,0.944613912182397,0.944253040872449,0.926665639664288,0.944679197721441,0.947870811242176,0.954759310641557,0.973634191452393,0.978506149221844,0.977361851903861,0.977526352265608,0.973376328580393,0.98043272189267,1.00785408612293,1.00699791433739,0.981657073226628,1.02167009886997,1.00484227718827,0.986464593954799,1.00458998462312,1.00680089602381,1.04777153291967,0.974307865811413,0.944613912182397,0.990156718602788,0.997375797974662,1.03769842780885,1.05601619442882,1.02252478353392,1.01655306265782,1.02824379730808,58.144684753445,58.1274692493615,59.9999931528418,58.1472278569172,58.1512148885632,58.1459504927127,58.1469871614498,58.1465307358729,58.1535704535787,58.1552344862743
9.47386233539808,296.685928941109,737.902287722824,0,690.972875581475,562.416472937034,744.801718656273,574.685641416242,573.64616955134,923.682703413779,1030.2033608883,229.753171454185,187.963889242055,0,88.6620154879346,133.453745578172,254.587627041837,221.579490489089,25.5410718358821,80.8059093543585,251.335309425176,1.02109153768488,1.00944397204801,0.979811662217462,0.945317166321569,0.945815328697254,0.94636998275076,0.941635804221973,0.943369798285973,1.01548833474566,0.944859207574151,0.944512105471997,0.926906274292901,0.944910664175366,0.948067522508951,0.954872622564262,0.973716911085592,0.978580673413473,0.97744923094039,0.977576807675476,0.973406818273093,0.980511574115618,1.00792947364221,1.00707152407811,0.981738966576538,1.02173074418789,1.00483801207433,0.986494258533977,1.00450250260785,1.00669476135399,1.04782930522616,0.974795017222486,0.944859207574151,0.990204799536378,0.997385651796925,1.03777179997052,1.05608033994849,1.02258768093702,1.01642521773151,1.02827867092725,58.1456007355311,58.1302996146304,59.9999931528418,58.1476777931225,58.1509518897844,58.1478076750642,58.1488564763486,58.1473784916432,58.1541074223534,58.1542391409043
9.49617962686437,296.188923207671,736.288645320084,0,690.888334016035,562.612706181371,744.932173341131,574.87104191058,573.490607401944,924.179398406941,1032.29100268719,229.664060650987,188.310697589628,0,88.6488610989364,133.401758498867,254.605531880137,221.596350634212,25.5385092604438,80.7381994522665,250.760286053461,1.02115247985369,1.00949718460194,0.979890812678814,0.945476857014957,0.946035536126871,0.946603593746814,0.941853496997434,0.943579630972288,1.01559706675296,0.945055200042859,0.944720039390569,0.927098542778389,0.945094675508175,0.948221406960589,0.954954801148912,0.973773373158596,0.978629348073861,0.977509055050412,0.97761728874352,0.973435598575216,0.980561079663177,1.00797506277747,1.00711587067919,0.981793204258576,1.02177190540586,1.00481707595278,0.986503444972268,1.00440568481646,1.00658122454501,1.04787011180417,0.975200951057015,0.945055200042859,0.990243929606255,0.997402889126161,1.03781715494555,1.05612184765814,1.02263253628855,1.01629302404617,1.02830567089271,58.1467647325487,58.134134474101,59.9999931528418,58.1481947301188,58.1505615272976,58.149640008593,58.1506830540663,58.148378060163,58.1543941727033,58.1531647849165
9.51233818558078,295.900624694092,735.345637163211,0,690.797255484393,562.689960959168,745.086591879204,575.052229954296,573.407540691812,924.49198555133,1033.35933196455,229.627141205349,188.532611474195,0,88.6398441565436,133.395261970969,254.628983321711,221.626672625917,25.5419081605355,80.6980366933878,250.456009670732,1.02118239333175,1.00952148272167,0.979930742615415,0.945565275314516,0.946160392513778,0.94673650754776,0.941976988912329,0.943698495202874,1.01565786255994,0.945165422812973,0.944837469167428,0.927206671245056,0.945197671298777,0.948306214268644,0.954996793297227,0.97380034047812,0.978650990110281,0.977537283054493,0.977643101187463,0.973458547392936,0.980581184361343,1.00799196716287,1.0071321451185,0.981817754406112,1.02179099613956,1.00479567302693,0.986500755556721,1.00433625464403,1.00650133893198,1.0478898902195,0.97543924436996,0.945165422812973,0.990269053125312,0.997423669924508,1.03783479729914,1.05613946865276,1.02265464891519,1.01620182636474,1.02832007662529,58.1477407913833,58.1374456054238,59.9999931528418,58.1486272574682,58.1502340381151,58.1509237993772,58.151950578132,58.1491808566224,58.1544618916486,58.1523497245921
9.52849674429718,295.682309095558,734.6227492652,0,690.686110209639,562.70985784018,745.282453903378,575.265056634714,573.35277789474,924.754015617069,1034.02944520996,229.614490520859,188.726101386735,0,88.6318459608821,133.416842393913,254.662357217056,221.670570169542,25.5499523148322,80.6687760790007,250.252927622154,1.02119982933777,1.0095334074831,0.979955114352865,0.945628167880274,0.94625224252739,0.946834738690484,0.942067927699652,0.943785874313147,1.01570188018156,0.945245592162101,0.944923377488475,0.927285317323449,0.945272091084342,0.948366156437629,0.955023209703933,0.973815360433257,0.978660972815124,0.977552341252494,0.977665917277795,0.973483420274402,0.98058818992097,1.00799568119834,1.00713540868955,0.981829807341207,1.0218007243442,1.00476981746829,0.986490563612551,1.00426945342092,1.00642574259185,1.0479011129342,0.975622675586339,0.9452455921621,0.990291466086257,0.997451806206581,1.03784013833237,1.0561467048918,1.02266766745133,1.01611705492906,1.02832982937722,58.1488064522053,58.1411091835329,59.9999931528418,58.1491201545679,58.1498996839554,58.152151310484,58.1531516576409,58.1500342265014,58.1544298441868,58.1515144997679
9.54837363277759,295.521781086245,734.073100563249,0,690.533610233679,562.657672650201,745.571274794641,575.561374774623,573.32873674244,925.003008476935,1034.2860300741,229.628115775938,188.909539103966,0,88.6215406573188,133.480030635232,254.712023564012,221.737749557996,25.563759304619,80.641456855697,250.14146320298,1.02120477054584,1.00953347729189,0.979966633260597,0.945672870355043,0.946321617513394,0.946909603313037,0.942136571627783,0.943851537090715,1.01573346074248,0.945305093615337,0.944987766560137,0.927343688212284,0.945326698191443,0.948408413821141,0.955037843406377,0.973821132504758,0.978661006882612,0.977556256882851,0.977692655998352,0.973519303557072,0.980582868094912,1.00798620007585,1.00712552650531,0.981831336347392,1.02180234479654,1.00473676025238,0.986472091121996,1.00419745435478,1.00634548114858,1.04790485398167,0.975773834931818,0.945305093615337,0.990317808633261,0.997499023338298,1.03783363720643,1.05614433867142,1.02267302817271,1.01602849352764,1.02833557495723,58.1502067192145,58.1459540090067,59.9999931528418,58.1498190100869,58.1495192534574,58.1535627769568,58.1545178166826,58.1511300181481,58.1542808659119,58.1504745188473
9.57243699874216,295.496160967952,733.926517413109,0,690.341698943325,562.484025057692,745.968399336434,575.951740737273,573.36531174216,925.182402170991,1033.74410261962,229.691425474688,189.054309710495,0,88.6125244615684,133.610970771263,254.790007344776,221.836482537255,25.5884722399619,80.6307033345715,250.220230127625,1.02118544996996,1.00951012634639,0.97995016790858,0.945673159591457,0.946333980716301,0.946924687711556,0.942148890786456,0.943862637613914,1.01573548337135,0.945312683746372,0.944997749493015,0.927351134125896,0.945331904376646,0.948407571581181,0.955025737776074,0.973806762948461,0.97864042426475,0.977536654136212,0.977719872011153,0.973567165918274,0.980554379106915,1.00795325915436,1.00709223613789,0.981811311103502,1.02178706758002,1.00469346359778,0.986439048351868,1.00412516477519,1.00626732760347,1.04789305059036,0.975833109390589,0.945312683746372,0.990345083518806,0.997571199251419,1.03780628585486,1.05612390397947,1.02266232217004,1.01594531030565,1.02833275876296,58.1519738313087,58.1520614788151,59.9999931528418,58.150808498887,58.1491689751569,58.1550995309169,58.1559842572331,58.1524836293245,58.1539886704902,58.149222531219
9.59650036470673,295.661618805817,734.356561788136,0,690.165683757503,562.201302815255,746.394325181958,576.356706266094,573.474454392238,925.22625868216,1032.27572622406,229.803353600427,189.105826414552,0,88.6089869759341,133.795573207367,254.885088169298,221.947966884299,25.6210516313779,80.6423044513958,250.530414400991,1.02113908713049,1.00946263091333,0.979902035832087,0.945615834746157,0.946268921575728,0.946858018176391,0.942084600223871,0.943799713272377,1.01569820736702,0.945250908736191,0.944934435808911,0.927290532880748,0.945271692804584,0.948351231757808,0.954982790403256,0.973770885008604,0.978599260495075,0.977492280003203,0.977740947676477,0.973618427397151,0.980504739315016,1.00790034679817,1.00703898610062,0.981769609831444,1.02175436626421,1.00464934167546,0.98639672256633,1.00407307573851,1.0062141385157,1.04786439457135,0.975757165301423,0.945250908736191,0.990366894090329,0.99765733028161,1.03776126413764,1.05608670590033,1.02263402813296,1.01589278849738,1.02831937634027,58.1537451594231,58.1581206444479,59.9999931528418,58.1519516574058,58.1490120665617,58.1564269007167,58.1572299100875,58.1538170777937,58.1536372003567,58.1480089244541
9.6205637306713,296.013650140586,735.336571559704,0,690.030070277246,561.827603518933,746.823327288449,576.755293966496,573.652531490018,925.137761136489,1029.91878372772,229.962643693577,189.06344922455,0,88.6146450739387,134.025340172487,254.997426363424,222.067453970949,25.6618613910743,80.6776486206988,251.065570583596,1.02106649415571,1.00939176106901,0.979822975504074,0.945502214143849,0.946128281211628,0.946711543681091,0.94194552115265,0.943664517192243,1.01562249888369,0.945121367706183,0.944799535936704,0.927163453213742,0.945147550941411,0.948240600339275,0.954909422281427,0.97371361977975,0.978537810194682,0.97742360120464,0.977752950104922,0.973668663203571,0.98043530883226,1.00782950385986,1.00696770906411,0.981706780214949,1.02170478162249,1.00460462774613,0.986345358347444,1.00404124142151,1.00618594219327,1.04781945889402,0.97554901367753,0.945121367706183,0.990380674438022,0.997751323989736,1.03770088498407,1.05603409714317,1.02258885857466,1.01587097838451,1.02829566661402,58.1554387790009,58.1637929782853,59.9999931528418,58.1532301230784,58.1491180292145,58.1575341279976,58.1582514642568,58.1550769635606,58.1532956001155,58.1468664938568
9.64462709663587,296.53800806258,736.806278607032,0,689.956482696188,561.38701278825,747.232683828012,577.12989314971,573.891827887212,924.928673847305,1026.74205037701,230.167622128234,188.931966477301,0,88.633756730081,134.288662388704,255.126976786236,222.191293778915,25.7115359815444,80.7367640790916,251.812915766738,1.02096894798195,1.00929833896854,0.979714051043795,0.94533532507848,0.945916719769634,0.946490265700765,0.941736284128742,0.943461490238922,1.01551052052142,0.944927993292133,0.944597322806324,0.926973753038104,0.944963070755696,0.948078408877252,0.954806149683322,0.973634681987689,0.978455969560496,0.977330943802564,0.977751938949003,0.973711962869353,0.980346964996209,1.00774228521898,1.00687986934531,0.981622929726955,1.02163878442073,1.00455828319539,0.98628430818963,1.00402734231318,1.0061801893043,1.04775887494132,0.975217753672927,0.944927993292133,0.990382940619141,0.99784506490583,1.03762701683687,1.05596717659406,1.02252761669334,1.01587722175377,1.02826213230397,58.1569769006086,58.1687656853888,59.9999931528418,58.1546109507252,58.1495417029221,58.15842314539,58.1590589982671,58.1562141001872,58.1530293439024,58.1458261083937
9.66869046260044,297.210606747829,738.6805579242,0,689.962046873056,560.909335320639,747.604403360591,577.467629151877,574.181608750201,924.619738506629,1022.84178968663,230.414927615869,188.716038970316,0,88.670038280804,134.569977157723,255.274027815545,222.316944410884,25.7700845976345,80.8166094029393,252.752878302376,1.02084833984561,1.00918410542531,0.979577932287379,0.94512167992019,0.945643747110838,0.94620437339997,0.941466228438992,0.943199554488058,1.01536635379319,0.944679045085994,0.944336672888494,0.92672953501346,0.944725890741278,0.947870715612618,0.954674984298641,0.973534555974104,0.97835447681041,0.977215760252145,0.977734359267064,0.973742520447352,0.980240857384592,1.00764017116396,1.00677690944481,0.981518782459302,1.02155767369931,1.00450929452153,0.986213306994569,1.00402799214914,1.00619298354251,1.04768403010732,0.974782194127456,0.944679045085994,0.990370462456879,0.997930203678195,1.03754118328679,1.05588703494796,1.02245183025736,1.0159071115843,1.02821961129964,58.1582899546832,58.1727683964597,59.9999931528418,58.1560490154062,58.1503191245443,58.1591065251782,58.1596731227189,58.157186154068,58.1528956664891,58.1449156564442
9.69275382856502,297.99896191393,740.836794521641,0,690.055931338694,560.425442984758,747.924413583735,577.759892260591,574.507559486377,924.2338811821,1018.33944982935,230.704491920902,188.44025102282,0,88.72896938251,134.856293092913,255.438244371307,222.444024831315,25.8396911693227,80.9207590958729,253.861709055283,1.02070669690382,1.00904870915075,0.979414225054375,0.944864217038854,0.945315278700129,0.945860310765364,0.941141471733943,0.94288463926055,1.01519346125255,0.944378988769685,0.944022678722532,0.926435179962151,0.944439854741885,0.947619807736735,0.954514276402319,0.973410292317605,0.978230514551676,0.977076104195637,0.977692917694665,0.973750127198196,0.980115289903389,1.0075223767782,1.00665798672288,0.981391768510356,1.02146043276884,1.0044522450808,0.986128061466896,1.00403409802056,1.00621455595231,1.0475947373324,0.974255084835773,0.944378988769684,0.990336894092197,0.997993261881762,1.03744324693182,1.05579327371204,1.02236136806705,1.01595049146912,1.02816902332829,58.1593208100845,58.1755935199729,59.9999931528418,58.15749084085,58.1514651517875,58.1596055012017,58.1601220262767,58.1579601702837,58.1529404146098,58.1441590931981
9.72312849745746,299.094661959457,743.752568518007,0,690.301135039674,559.858141126154,748.241630793262,578.059054960043,574.944262787257,923.680307741732,1012.0220687803,231.12650231372,188.043137148638,0,88.8432589966491,135.198875645138,255.672819451458,222.608559459246,25.9450865633517,81.0877113755052,255.453129890963,1.02050216257143,1.00884891148399,0.979170804606919,0.944487768789976,0.944839569551018,0.945362535614555,0.940671645543689,0.94242899494935,1.01494327838781,0.943942234389658,0.943566605039532,0.926006724189679,0.944022548979142,0.94725120995755,0.954269768414232,0.973216231807358,0.978039571108394,0.976864295386889,0.977597292450054,0.973713253619948,0.979926852899965,1.00734958966046,1.00648340278626,0.981196223802141,1.0213147754164,1.00436115101777,0.98599479187032,1.00403507432004,1.00623847362792,1.04746251202839,0.973496902806898,0.943942234389658,0.990256116964399,0.998022648305544,1.03730090600658,1.05565432642689,1.02222739971194,1.01600772544066,1.02809575442759,58.1601564838622,58.1772841047363,59.9999931528418,58.1592250030025,58.1534217088754,58.1600171350847,58.160505421105,58.1586224262785,58.1533018340959,58.1434538255704
9.7535031663499,300.225263934665,746.652303118917,0,690.677869978004,559.403466760355,748.464327807476,578.287837474489,575.381505356787,923.120777431521,1005.26668961776,231.599385579452,187.614796397604,0,89.0033802936935,135.485397268073,255.934612096293,222.77828154335,26.0674835184797,81.2786691091625,257.19340170864,1.02027527051456,1.00862290753678,0.978896010415603,0.944076084911078,0.944327377682568,0.944827786125054,0.940166123978738,0.941938295168479,1.01467158035913,0.943468569407792,0.943073627586176,0.925542059147616,0.943568337722125,0.946845613387319,0.953987036879847,0.972984059806382,0.977814017438157,0.97661885023516,0.977449424410005,0.973615808039463,0.979707633244889,1.00715189004782,1.00628359406773,0.980964574768578,1.021148241955,1.00424615325171,0.98583307062758,1.00401755829382,1.00624577251644,1.04731320755804,0.9726968768467,0.943468569407791,0.990128750808357,0.997981781649389,1.03713895401367,1.05549428747446,1.02207604561199,1.01605244952618,1.02801500356985,58.1604390834444,58.1768199603275,59.9999931528418,58.1607656579432,58.1558802912961,58.1602387453115,58.1607416390261,58.1589217285653,58.1540245553088,58.1430500206201
9.77241065031445,300.908806842973,748.337263269939,0,690.967329193609,559.201465847948,748.557643827857,578.399678309084,575.640305546328,922.793993549318,1000.96792215038,231.916582584986,187.356828926472,0,89.1282861048816,135.623942828144,256.111256119227,222.888610879033,26.152695005653,81.409763236153,258.320824298799,1.02012561183349,1.00847009122167,0.97871101223806,0.943808710221174,0.944000751109489,0.944487662946591,0.93984411251634,0.941625460777175,1.0144971869902,0.943163935201664,0.942757791178028,0.925243213187236,0.943275001118094,0.946580442449542,0.953792577662825,0.972819309162102,0.977655264887679,0.976449209969689,0.977327170467615,0.973518515048132,0.97955456637953,1.00701518981634,1.00614546518084,0.980801123123978,1.02103438082923,1.00415840976861,0.985715343262277,1.00398900783834,1.00623276917344,1.04721250753795,0.972199277484934,0.943163935201664,0.990022548716877,0.997912335450688,1.03702721456823,1.0553834030159,1.02197384981468,1.01606409868109,1.02796234474942,58.1603343382103,58.1754722243194,59.9999931528418,58.1615866255774,58.1576166364556,58.160304575036,58.1608380822096,58.1589281475328,58.1546532772428,58.1429572723603
9.79131813427899,301.549541621727,749.851553929606,0,691.287443299619,559.078853433146,748.622369622291,578.494745374125,575.87962904135,922.505176615148,996.693245541877,232.247486114587,187.120975787234,0,89.2726279265065,135.722987184676,256.297436133106,223.00390173606,26.2442450888036,81.5470779274783,259.456840501285,1.01997198898876,1.00830962087941,0.978517918240037,0.943539326957038,0.943677723067484,0.944152205613823,0.939526012190485,0.941316154395271,1.01432358436698,0.942860060910073,0.942443968068223,0.924945112702803,0.942981174764497,0.94631158825064,0.953585998297784,0.972639591732321,0.977483052003062,0.976267983644205,0.977180408488547,0.973390327093879,0.979388924882022,1.00686794225732,1.00599674615012,0.980623328583432,1.020913756438,1.00405642354624,0.985583753030242,1.00394197465619,1.00620067768323,1.04710706101833,0.971720431828079,0.942860060910073,0.989894450047313,0.997804682926456,1.03690681156482,1.05526397168278,1.02186669387224,1.01605694281746,1.02790902971633,58.1600258689428,58.1733861621148,59.9999931528418,58.1622771382193,58.1594615957886,58.1603316922218,58.1609104919232,58.1588068397316,58.1554057792107,58.1429875289179
9.81022561824353,302.12703609284,751.146310552647,0,691.627526046982,559.045617279552,748.664408259297,578.578841734346,576.093336740473,922.268433834775,992.511836840088,232.588630309336,186.916017256266,0,89.4352075831242,135.776697416678,256.491351159165,223.124549962247,26.3410998508668,81.6870776367015,260.583670370075,1.01981628548992,1.00814331057866,0.978319476562119,0.943273662156037,0.943366281186445,0.943829918684573,0.939219688729473,0.941017930322652,1.01415450503748,0.9425640167187,0.942139685818183,0.924654693545254,0.942693468699991,0.946044495826436,0.953369828767459,0.972446331088694,0.977298816926659,0.97607709330382,0.977009454440608,0.973230652139944,0.979211676154269,1.00671077793701,1.00583810511554,0.980432479456467,1.02078776532432,1.00393986126564,0.985438735046174,1.0038740045732,1.00614655045843,1.04699826737934,0.971275608558435,0.9425640167187,0.989744733673394,0.997657208312107,1.03677808400321,1.05513659538214,1.02175587053688,1.01602742244538,1.02785591603436,58.1595316905038,58.1706526698008,59.9999931528418,58.1628245740838,58.1613686538779,58.1603302308547,58.1609664674581,58.1585708710402,58.1562633390455,58.1431391260421
9.83584659072092,302.777425358647,752.464275899915,0,692.097237366047,559.153274131688,748.69602415321,578.685494588051,576.332211152296,922.047731160227,987.113500883116,233.063116432692,186.716973790246,0,89.6855759580092,135.772887863697,256.76824955342,223.300316391276,26.4808622020436,81.8844380488561,262.057220611827,1.0196059270392,1.00790970480245,0.978043364119716,0.942924347970823,0.942970454633434,0.943422407383314,0.938831438584304,0.940639444490724,1.01393823698231,0.942181618790873,0.941749462748629,0.924279561420655,0.942319038352041,0.945689544440584,0.953061949702963,0.972161858877403,0.977028967735498,0.975802839101953,0.976737198306729,0.972960837274036,0.978951386119761,1.00648009640517,1.00560548677381,0.980151838026343,1.02060849409503,1.00375439975224,0.98521795621291,1.00374024488202,1.00602900648064,1.04684595370291,0.970740990276172,0.942181618790873,0.989505486263643,0.99738927854134,1.03658838815929,1.05494997603569,1.02160024688889,1.01594202686494,1.0277860711116,58.1586136625886,58.1661372365417,59.9999931528418,58.1633272483466,58.1639555873461,58.1602965421679,58.1610236085703,58.1581001335608,58.1575474727586,58.1435309038131
9.86146756319831,303.245407331922,753.227586798663,0,692.554301859318,559.443252975984,748.713653599057,578.795820654642,576.505252876534,921.963764163435,982.138142830504,233.542509083157,186.614994920021,0,89.9641304295746,135.674249583418,257.054427352172,223.488478574765,26.6265787731567,82.0784779892816,263.43946546835,1.01940003207625,1.00767172430864,0.97776624381592,0.942599360665811,0.94262011155643,0.943064699199285,0.938488966550223,0.940304724137914,1.01374344506305,0.941834983178607,0.941399487512335,0.923939512108337,0.941975883724401,0.945354481138865,0.952744648709844,0.971857510433009,0.976741814278556,0.975517108950834,0.976423575281334,0.972634168213551,0.97867282773423,1.00623287245582,1.00535646182354,0.979851624743266,1.02042372469386,1.00354042820986,0.984973600788162,1.00355900691024,1.00586031878302,1.04669186872201,0.970312326727601,0.941834983178607,0.989229159702688,0.997046846136868,1.03638399976302,1.0547503935029,1.02144192880911,1.01580289197396,1.02772019637979,58.1574779791661,58.1609834610433,59.9999931528418,58.1635566203026,58.1664291217617,58.160235822839,58.1610603278729,58.1574988203627,58.158909574015,58.1441246178261
9.88708853567569,303.507866865243,753.396071873901,0,692.973444776565,559.910539962674,748.731652889788,578.920366763875,576.606967888311,922.026735397071,977.694231102949,234.019062707879,186.625409877954,0,90.2663988533894,135.481863612431,257.347388140074,223.689394602075,26.7758509137184,82.2668127044392,264.695646514695,1.01920293750903,1.00743294604062,0.977492555115847,0.942305715348813,0.942324205669632,0.942766135182541,0.938201252464328,0.940022559223148,1.01357557743583,0.941532267774599,0.941098290590689,0.9236425484918,0.941671790076461,0.945046167879094,0.952422494842553,0.971536947723083,0.976440733959689,0.975223694214138,0.976072701956293,0.972254700942862,0.978378550646872,1.00597081256624,1.00509280416375,0.979535176390683,1.02023591724896,1.00329856572225,0.984707481190181,1.00332816324013,1.00563768232174,1.04653834239419,0.970003713005165,0.941532267774599,0.988919372130527,0.996633904553124,1.03616592679199,1.0545392454974,1.02128302940626,1.01560624520851,1.02765999942907,58.1562139523188,58.1555573136033,59.9999931528418,58.1635299532376,58.1686549068721,58.1601516601842,58.1610703985351,58.1568213692482,58.1602697261141,58.1449019035952
9.91270950815308,303.553333703348,752.970839358678,0,693.334670360015,560.538224885795,748.760559979774,579.065383349575,576.63578471944,922.236850491538,973.857595654717,234.486292949384,186.752692890938,0,90.5860614413829,135.20237006203,257.642449883691,223.901039338826,26.9261443554082,82.4448971349932,265.806994005314,1.01901755086411,1.00719680120538,0.97722645871093,0.942048324807712,0.942088017770233,0.942532120662191,0.937973450610183,0.939797977626899,1.01343750258674,0.94127872070073,0.940851164793441,0.923393818979154,0.941411961352657,0.944769719308003,0.952100560800245,0.971205158201379,0.976130222889275,0.974926984022359,0.975691150073135,0.971829861089927,0.978072658308913,1.00569727514332,1.00481789106468,0.979207244316868,1.02004760362237,1.00303173856698,0.984423196504463,1.00304991489803,1.0053630557669,1.04638775171295,0.969822074546959,0.941278720700731,0.988582021644124,0.996158874943836,1.03593683590003,1.05431918681958,1.02112556259541,1.01535351254063,1.02760641138747,58.1549188151529,58.1502381542017,59.9999931528418,58.1632798216781,58.1705067672892,58.1600409857041,58.1610414667198,58.1561251389884,58.161544951338,58.1458408469289
9.93833048063046,303.386653559932,751.990688783071,0,693.626064553242,561.300190068596,748.809391983064,579.234020528507,576.595713039725,922.585221598867,970.672925845292,234.934081023552,186.993860955497,0,90.9156525213413,134.846125006062,257.935323081504,224.119965574083,27.073152765548,82.6090300934859,266.746376241165,1.0188483248297,1.00696807193456,0.976973056711123,0.941830983293619,0.941914017555308,0.942364823197244,0.937808034532909,0.939633596159166,1.01333197081499,0.941077512835208,0.940660957894188,0.923196434191187,0.941199888159236,0.944529447080509,0.95178520203428,0.970869073811068,0.975816678123653,0.974632969080541,0.975288542411816,0.971371194728491,0.977761023395636,1.0054171521347,1.00453663326939,0.978874498697228,1.01986262000337,1.0027454586654,0.984126619781022,1.00272996787926,1.00504202959409,1.04624290109901,0.969765157890017,0.941077512835208,0.988225510458412,0.995635487634204,1.03570063423924,1.05409393771534,1.02097241115303,1.01504968436704,1.02756084089116,58.1536914462727,58.1453936457948,59.9999931528418,58.1628496640808,58.1718745292238,58.1598954442725,58.1609577012651,58.1554666414519,58.1626545995946,58.1469172092858
9.97308799340946,302.856350116053,749.931899924313,0,693.904880521967,562.481138630191,748.911576442197,579.495355154196,576.446782942375,923.242741074579,967.405604124477,235.495738396227,187.468337410032,0,91.3596436239155,134.269128065614,258.31602387823,224.416419469295,27.2593267474682,82.7976843293928,267.739788714463,1.01864871855835,1.00667848416658,0.976659166358893,0.941603905998839,0.941775552011356,0.942241719615641,0.9376809552542,0.939504642625865,1.01323980370999,0.940889331631828,0.940493770900312,0.923011828549529,0.940990881012609,0.944266829118031,0.951381600294403,0.970422590960828,0.975401434880371,0.974251535785991,0.974731798516304,0.97072327185444,0.977343987166644,1.00503987858211,1.00415815410748,0.978431460651968,1.01962475386504,1.00234197734073,0.983720116655659,1.00224977289784,1.00455344643376,1.04606143672315,0.969871883045979,0.940889331631828,0.987731764585574,0.994882487256081,1.0353801390733,1.05379021857197,1.02077710242563,1.01457645382599,1.02751227937882,58.1523078425933,58.1401808395542,59.9999931528418,58.1620699775139,58.1728008050911,58.159620454868,58.1607269848178,58.1547288235168,58.1637617154939,58.1485495007691
10.0078455061885,302.04378978772,747.258448778381,0,694.053531085432,563.726227187812,749.03571791226,579.771109180645,576.208545287735,924.033125737431,965.288055661475,236.005233998817,188.08835482407,0,91.789295476327,133.642151111352,258.67634584048,224.704174625676,27.4310695702848,82.9631927146329,268.448017688994,1.01848217974119,1.00641262068181,0.976376255433705,0.941438049174318,0.941722136246891,0.942208571152641,0.937638986351865,0.939458291154604,1.01319450364484,0.94077595842721,0.940406183020627,0.92290060950431,0.940851899907703,0.944062301066288,0.951006207906676,0.969993046255654,0.975002084535848,0.973891601226067,0.974178754571817,0.970068483328644,0.97694022276595,1.00467254183196,1.00378981629103,0.978004394417907,1.01940050385515,1.00192898357596,0.983315110408718,1.00173252909735,1.00402159437623,1.04589658087328,0.970129898417286,0.940775958427209,0.987240797009678,0.994110585628292,1.03506613888009,1.05349352148246,1.02059453501335,1.01405243106298,1.02747693668411,58.1514170773102,58.1370726482729,59.9999931528418,58.1611700214889,58.172561145628,58.1592374408573,58.1603411407523,58.1542620878309,58.164298286647,58.1503265408071
10.0605065265322,300.550111240932,742.917811109803,0,694.12224266407,565.485856741867,749.235108056979,580.163987325806,575.774262192062,925.307203700095,963.929593723837,236.601100878055,189.071935548146,0,92.3288123759883,132.69977369243,259.111949609593,225.054227642998,27.6188560332672,83.0961919567575,268.982297166885,1.01830876895002,1.00609993191803,0.976056107183246,0.941320667359135,0.941789442023427,0.942310558951838,0.937720191327034,0.939529181333992,1.0132060148414,0.940749368596031,0.94042085512844,0.922874524901166,0.940784234447918,0.943889726635402,0.950561263496134,0.969458102173165,0.974505919738218,0.973455939056181,0.973458372859718,0.969198697596383,0.976433318116071,1.00420798978195,1.00332361909211,0.977471106790445,1.01913074250063,1.00137755163256,0.982790394806258,1.00100134633537,1.00326107994023,1.04570699559504,0.970719394056805,0.940749368596031,0.98659926413015,0.993068669149028,1.03466665096768,1.05311374312207,1.02037394495598,1.01328880482512,1.02744955740765,58.1512951604593,58.13707426105,59.9999931528418,58.1598014893455,58.1700104882831,58.1584335272815,58.1594688011653,58.1542246663395,58.1638813571179,58.1531642001801
10.113167546876,299.101643151975,739.179459812977,0,694.099820469702,566.777531821504,749.340623298858,580.435194431933,575.355390542637,926.374982880024,964.245677271682,236.984603324578,189.961912343996,0,92.6954364286293,131.957657848681,259.412789517117,225.269024458294,27.7192506219048,83.1429685868747,269.043048647333,1.01822155512578,1.00589893215413,0.975858795922385,0.941304318502332,0.941932856073044,0.942484453796432,0.937873752820634,0.939672546877681,1.01326701285505,0.940813849601132,0.940520383922549,0.922937780724493,0.940813800732425,0.943830374454252,0.950271817215996,0.969090416617286,0.974163767170986,0.973164193735438,0.97293905078557,0.968560483414225,0.976083538068159,1.00388564815529,1.00299876147389,0.977103959073006,1.01894701276291,1.00095999661263,0.982407658166847,1.00041506995034,1.00264433275255,1.04558936249577,0.971316295835258,0.940813849601133,0.986134294490203,0.992292665593173,1.03438913838992,1.05284151526296,1.02022032402235,1.01265730348586,1.02744492738116,58.1527256398852,58.1425128414094,59.9999931528418,58.1585781651317,58.1652592531541,58.1574139140227,58.1583584247618,58.1550306878145,58.1620642147877,58.1560522023169
10.1658285672197,298.110257783877,737.072470690645,0,694.097072610727,567.349824570723,749.264825199517,580.520019586274,575.074474219024,926.976693934804,965.578580204485,237.114370563234,190.53385529717,0,92.8237239784213,131.556169259098,259.531770156169,225.293933403821,27.7079556182321,83.0841535589504,268.760399071557,1.01821993099016,1.00583634835961,0.975808729709706,0.941367220039269,0.94209026441775,0.942660472314594,0.938035182565163,0.939826645024857,1.01334479439445,0.940926859121383,0.940653540348682,0.923048642991419,0.940906699237354,0.943872190229163,0.950181882596555,0.968953227760189,0.974034390008046,0.973063032479419,0.97271362128365,0.96827264011039,0.975954635628748,1.00376684088857,1.00287572972662,0.976967113945483,1.01887739759204,1.00076038790832,0.982239620808383,1.00010237324203,1.00230855459504,1.04555908532244,0.971748345268506,0.940926859121383,0.985927931571602,0.99193124987307,1.03428983565582,1.05272504504953,1.02015370660648,1.01230087403378,1.02745745796571,58.1554679013673,58.1519378050275,59.9999931528418,58.1575513017269,58.1592192783514,58.1563422134219,58.1572428039076,58.1565560717083,58.1592334602369,58.1588837170127
10.2184895875635,297.857232503068,737.151079821161,0,694.145336596416,567.10099362056,748.960435355856,580.409058711263,575.012173180144,926.948553319831,967.4307868214,236.981587011357,190.657407436012,0,92.689320008852,131.572270456043,259.463144653907,225.116963925747,27.5822448561576,82.9401391476112,268.242490911634,1.01829804484577,1.00592087193071,0.97591068751675,0.941486567276637,0.942216073849402,0.942788510358544,0.938158063325653,0.939946930851827,1.01341591490346,0.941053329888818,0.940780463112351,0.923172710733027,0.941032643617369,0.943996973998709,0.950303820355701,0.969069731913956,0.974140368738869,0.97316873579267,0.972819918852034,0.968384402214205,0.976070341763028,1.00387477697071,1.00297733078344,0.977084174827915,1.01893285910041,1.00082103827554,0.982319825474547,1.00013362585648,1.00232962092371,1.04562075498087,0.971904735161603,0.941053329888819,0.986014273960784,0.992046760888448,1.03439058177621,1.05278344033462,1.02018259896331,1.01229980407795,1.0274822987604,58.1589526729569,58.1628498144013,59.9999931528418,58.1566728982028,58.1530753844872,58.1554595137889,58.1564095908178,58.1585093554622,58.1560247583429,58.1615975723506
10.2711506079072,298.425255367707,739.360723891391,0,694.188807111996,566.101284023259,748.448350734099,580.155811146226,575.187467304688,926.26834139339,969.591027099957,236.602919216329,190.311246559173,0,92.3081903989941,131.988494680439,259.223127076272,224.761271926492,27.3560269064249,82.7308098412813,267.544849171222,1.0184475103948,1.00614535558603,0.976154864339647,0.941650447771572,0.942298139773462,0.942856288303834,0.938230531449926,0.940021750385682,1.01347327608239,0.941180673385425,0.940888660396427,0.923297634621747,0.941178963101031,0.944191859130839,0.950624284645099,0.969427183653706,0.974471530383529,0.973471092614996,0.973244011547364,0.968878511628056,0.976418218075024,1.00419845011081,1.00329252509386,0.977442205948554,1.01910978820665,1.0011423501305,0.982644011287169,1.0005189109363,1.00272033518294,1.04576953351305,0.971770715651173,0.941180673385425,0.986382105155237,0.992618922288228,1.03468293430105,1.0530102458779,1.02030613362496,1.01267154886898,1.0275168232246,58.162439241316,58.1724145918819,59.9999931528418,58.1559109947475,58.1480390404994,58.1550216148413,58.156111546752,58.1605162343234,58.1531850745978,58.1641606418416
10.323811628251,299.67300061595,743.059491485375,0,694.120894496229,564.572717471122,747.819128005975,579.859237518809,575.55545709124,925.059299900092,972.149004198269,236.020893809563,189.585686234899,0,91.7374669860821,132.704417984961,258.856781576081,224.284102320264,27.0585597796823,82.4855042202386,266.664694375236,1.01865838580378,1.00648683996974,0.976516812777976,0.941857895772693,0.942357719234823,0.942889239611636,0.938275311127703,0.940072440298522,1.01352652519148,0.941318790197657,0.940992990424551,0.923433127126145,0.941350634074464,0.94444935782122,0.951103704610734,0.96997583259996,0.974983807286849,0.973932761229793,0.973918782719985,0.969670099380252,0.976948180944341,1.00469052604999,1.00377449977573,0.977990608785343,1.01938922766812,1.00167904341808,0.98316755716731,1.00119934314837,1.00342010384129,1.04599155464038,0.971427073848902,0.941318790197657,0.986973595346819,0.993543264209035,1.03512514501383,1.05337084120925,1.02051286021921,1.01335728986487,1.02756089825628,58.1652156654147,58.1782481624136,59.9999931528418,58.1553456536431,58.1450995598108,58.1552203510779,58.1564854787378,58.1622224619819,58.1514069268744,58.1665446636959
10.3874469944025,301.598451387274,747.978114990578,0,693.769292098349,562.500412860527,747.099102163001,579.598817640335,576.111126164131,923.259341522787,976.212681582609,235.132050233509,188.47992523701,0,90.9226696271702,133.734898140382,258.334333144124,223.652303467653,26.6583783169863,82.1770488737764,265.283060376647,1.01897930656516,1.00700561992875,0.977062769747722,0.942183062861215,0.942474193072338,0.942968261987413,0.938370032915135,0.940174950885689,1.01362035780448,0.941545916465037,0.94117247662645,0.923655937848602,0.941625089342737,0.944845108702509,0.951813597394955,0.970785015338864,0.975746124678563,0.97462209644476,0.974915655590108,0.970830915973464,0.977722515833535,1.00540660897622,1.00447749734383,0.978796898940514,1.01982002637543,1.00249755133945,0.983957545987387,1.0022487412381,1.0045032581641,1.04632783942435,0.970967509742525,0.941545916465036,0.987853552774594,0.994892922355332,1.03576742168242,1.05390730340187,1.0208453090274,1.01442865868212,1.02762987670324,58.1669544924089,58.1786398836726,59.9999931528418,58.1552506734748,58.145106594561,58.1563783439755,58.1577820350942,58.1635583711303,58.1513359462462,58.16911876201
10.451082360554,303.311543054045,751.645014158817,0,693.132514782261,560.727896706948,746.609737501277,579.550240468949,576.590759322377,921.569134233729,981.829934701588,234.141375779594,187.496520765195,0,90.1245676382977,134.674069949779,257.821598820995,223.063673647378,26.2705143063707,81.8805319713618,263.463212050501,1.01935283367757,1.00757947308935,0.977671486987103,0.942615123970651,0.942735799697304,0.943200559364651,0.938608897711239,0.940416990655171,1.01379055816849,0.941901012210615,0.941487930041572,0.924004286546524,0.942019525882323,0.945340915091407,0.952573427974229,0.97162733880144,0.97654888121614,0.975359869948377,0.975928868480001,0.971988116239117,0.978518862770215,1.0061387907234,1.00519703956456,0.979632679139475,1.02029901983148,1.00335405972274,0.984786173964069,1.00333037375311,1.00561792918906,1.04670219326049,0.970758323304467,0.941901012210614,0.988754484830802,0.996219108003025,1.0364238211025,1.05446401578729,1.02123142951594,1.0155321746988,1.02771978062992,58.1668300944088,58.172394363998,59.9999931528418,58.1562374432185,58.148929346688,58.1583604928065,58.1597217050429,58.1640700882027,58.1536936258455,58.1712406068743
10.5147177267056,304.181065473717,752.690020496807,0,692.405703922272,559.72702567966,746.445167126375,579.717541024778,576.809045695987,920.460643420203,989.161946064602,233.155097593602,186.983723783133,0,89.4883936071522,135.284499976183,257.406821367836,222.591714271783,25.9435722138957,81.606970451636,261.192080901014,1.01975185678952,1.00814355036679,0.978283593476111,0.943165216891053,0.943214086796601,0.943669569936741,0.93906617256002,0.940868311101736,1.01406709111508,0.942426604547695,0.941994995344142,0.924519892290349,0.942563369007359,0.945932761207239,0.953293154435782,0.972383245370837,0.977280046433295,0.97605236839124,0.976786055309876,0.972931555086485,0.979224216800189,1.00678339984145,1.00583046055779,0.980379209817039,1.02076977580135,1.0041029728416,0.985523233515847,1.0042303995092,1.00653762616709,1.04707524065536,0.971047002432657,0.942426604547694,0.989523767663748,0.997267975297428,1.0370030827604,1.05495895156848,1.02162943401415,1.01643420465357,1.02783075603385,58.1654464847376,58.1625657425669,59.9999931528418,58.1586121962263,58.1555791965592,58.160782855609,58.1619064937968,58.1640854064216,58.1580095212213,58.1727539408103
10.5783530928571,303.901482125969,750.764309930959,0,691.888389756394,559.700089227416,746.522531875157,579.984181235131,576.676228766482,920.183193208278,997.684954164484,232.276742949656,187.097830547247,0,89.1068858899813,135.454865539126,257.147420723761,222.258035836689,25.7091851685169,81.3628568032204,258.645069149574,1.02013845874325,1.00863738230492,0.978838217859601,0.943795834259737,0.94389174436137,0.944361743742055,0.93972644517895,0.941512633598534,1.01443551696277,0.943095129581697,0.942670645996363,0.925175714917365,0.94322452634132,0.946576823421376,0.953898531912747,0.972968190952827,0.977856632825207,0.976624149465801,0.977374115915897,0.973531996761293,0.979765583801551,1.00727766171712,1.0063150367872,0.980954911018671,1.02118063228525,1.00464318743524,0.986076124564049,1.00480989450943,1.00711646842096,1.04740847953491,0.971878457863082,0.943095129581697,0.99005954266349,0.997890829355208,1.03745245746123,1.05534004664651,1.02199618735343,1.01698517276438,1.02795398106977,58.1639419658968,58.1535823827237,59.9999931528418,58.1622646258387,58.1634336342704,58.1632474008726,58.1640407025255,58.1642050999436,58.163298115762,58.1735199735241
10.6054038748691,303.437617078671,749.152128129921,0,691.794130754015,559.977353886537,746.585511685219,580.08997741769,576.514132268821,920.322044210484,1001.4350654224,231.958115367951,187.329874090501,0,89.0314763372776,135.392826848013,257.091086272555,222.15571979788,25.6418582757545,81.2703675400927,257.551090793133,1.02028902098668,1.00881386235276,0.97904289315301,0.944070495642731,0.944219108827095,0.944701718331332,0.940047846579664,0.941824778386785,1.01460844397047,0.94340281048639,0.942988480530884,0.925477549687219,0.943521964705367,0.946848875268287,0.954107712461957,0.973153043796917,0.978042267072943,0.976817568453094,0.977529413628552,0.973670516233726,0.979937117367935,1.00743552497921,1.00646910007982,0.981136789368826,1.02132688179508,1.00479668464175,0.986242650743798,1.00494475812685,1.0072447535135,1.04752993374956,0.972366237427628,0.94340281048639,0.990204302566435,0.99801386887791,1.03759913833762,1.0554615315664,1.02213316010557,1.01709884666037,1.02800653117719,58.1635479737693,58.1510011693016,59.9999931528418,58.1641040031801,58.1667478154433,58.1642460650173,58.1649062985717,58.1644363301078,58.1655873068459,58.1735994596095
10.6324546568811,302.817063547887,747.233630952604,0,691.798435570487,560.396214060573,746.633629195671,580.168890919069,576.305363105123,920.593462006122,1005.05609031285,231.683943641344,187.643822832156,0,89.006122196101,135.262606631231,257.068925106144,222.073681567643,25.5945513772821,81.1866035355317,256.508785021927,1.02042494255034,1.00896437354696,0.979221303318894,0.944333889170606,0.944548548304838,0.945046280635244,0.940372326895018,0.94213926210365,1.01478020878494,0.943705840839497,0.943304635604307,0.925774822268529,0.943811791202302,0.947105721681005,0.954282033154918,0.973296500026139,0.978188403143971,0.976976033863962,0.977627200814161,0.973740652521274,0.980071995252363,1.00756151190806,1.00659137101845,0.981278364273776,1.02145115808226,1.00490295249073,0.986365570440881,1.00501409373446,1.00730421974129,1.04763509780278,0.972894876039688,0.943705840839497,0.99029817299525,0.998055958379995,1.03771918938613,1.05555784956517,1.02225348407532,1.01714226510189,1.02805638739533,58.16345569764,58.1496382374125,59.9999931528418,58.1660150612631,58.1698294965418,58.1652055008111,58.1657603437692,58.1648566962067,58.167752192809,58.1735311182611
10.6595054388932,302.088635004935,745.157274505097,0,691.899962255248,560.922988004713,746.644806529871,580.209703641059,576.065412388956,920.962617594671,1008.40076947489,231.460374996955,188.013733757499,0,89.026036295897,135.07825474353,257.078677236621,222.008404137292,25.5667084871339,81.1136870723029,255.558958359991,1.02054230809417,1.00908620762666,0.979369488613198,0.944575376000058,0.944863931070682,0.945378143343518,0.940683811599431,0.942440612958655,1.01494275276357,0.943990535273511,0.943604277399439,0.926054107325091,0.944081472346758,0.947337747790081,0.954419393289124,0.973399162402689,0.978294967333321,0.977098064342558,0.977671417708809,0.973748792277107,0.980171638649287,1.00765745636363,1.00668358671616,0.981380519547081,1.02155134067062,1.00496453816393,0.986446279373341,1.00502490107543,1.00730287859777,1.04772190538805,0.97343240893134,0.943990535273512,0.990344367320815,0.998026247599096,1.03781455013171,1.05563025338671,1.02235452475883,1.01712458974104,1.02810162811239,58.1637291197515,58.1496512953014,59.9999931528418,58.1679271832579,58.1725784213517,58.1661394262806,58.1666271368904,58.1654987201793,58.1697218670725,58.1733231955659
10.6865562209052,301.311751543339,743.073944382312,0,692.086116149165,561.518666533851,746.600530375597,580.205149228005,575.812386092569,921.389110578841,1011.31870881631,231.29505040356,188.420415474472,0,89.0865380053521,134.858472148934,257.121671232412,221.959279419105,25.5591697964921,81.059519076581,254.743454241324,1.02063710950685,1.00917544162164,0.979481330271361,0.944780676649703,0.945144582390823,0.94567518392212,0.940961950591027,0.942709339142764,1.01508670059248,0.944238907083389,0.943868096355645,0.926297759902472,0.944314354425421,0.947531695106175,0.954515210361924,0.973459661583597,0.978359980708811,0.977180175065792,0.977665027481487,0.973700618420224,0.98023538258928,1.00772312220882,1.00674546650793,0.981442107905916,1.02162392796867,1.00498271570778,0.986484626994346,1.00498340532552,1.00724806316253,1.04778717694278,0.973937825256503,0.944238907083389,0.990345329568721,0.997933457569883,1.03788520466444,1.05567847926148,1.02243257784197,1.01705439067459,1.02814023052087,58.164406139138,58.1510991543009,59.9999931528418,58.1697748876971,58.1749230291107,58.1670733472705,58.1675381186485,58.1663808899904,58.171447712526,58.1729899810044
10.7043653277992,300.80386243676,741.791709666392,0,692.250958209615,561.935841756983,746.541746383985,580.180038291283,575.650437216429,921.692490312059,1012.93991680134,231.212389156177,188.671945446169,0,89.1399461781247,134.695999782504,257.157762779365,221.93022309954,25.5600791316388,81.0215819123514,254.290508153328,1.02068704358052,1.00922052179436,0.979540790877736,0.944900737172504,0.945313387204322,0.945854624359421,0.941129207074402,0.942870572144323,1.01517109049963,0.944386756560271,0.944025993138323,0.926442800152508,0.944452123621286,0.947644041178469,0.954563317805224,0.973484617732992,0.978387972433535,0.977219588509821,0.977642570977296,0.973648902425636,0.980265196471571,1.00775643323824,1.00677621093571,0.981468517028504,1.02166107493364,1.00498007138886,0.98649527768724,1.0049392398562,1.00719480129461,1.04782148736613,0.974254920767769,0.944386756560271,0.990329278126548,0.997850171268788,1.03792379888517,1.05570213188125,1.02247424567103,1.01699117799139,1.02816173786058,58.165077524599,58.1528165892362,59.9999931528418,58.1709295533163,58.1762237242368,58.1677022327705,58.1681768812112,58.1670943829292,58.172436042916,58.1727109555339
10.7221744346933,300.319758475885,740.610457119385,0,692.436227409885,562.353602635271,746.452379702638,580.135425808452,575.497461120785,921.98994027704,1014.27569081392,231.159894026023,188.92693040817,0,89.206717259757,134.533262880749,257.209429717466,221.908917250806,25.5704315148989,80.9989399269089,253.923015741764,1.0207247284004,1.00924903043442,0.979580413133862,0.944995109672742,0.945452517118438,0.946003291466648,0.941267646465271,0.943003934310079,1.01524099198134,0.944506170016501,0.944154714241653,0.926559944674131,0.944562214015771,0.947730609744231,0.954590395505523,0.973490591551333,0.978396854671808,0.977239515889642,0.977601027960022,0.97357769335945,0.980278945890715,1.00777624146429,1.0067934254498,0.981476695886991,1.02168403641173,1.00496000289808,0.986487865666547,1.00487752549714,1.00712430359278,1.04784440246565,0.974528356977617,0.944506170016501,0.990296067474229,0.997746766909202,1.03795136240674,1.05571505395483,1.02250357171313,1.01691203947358,1.02817905306429,58.165923210892,58.1550941491525,59.9999931528418,58.1720181897287,58.1773228624007,58.1683546110504,58.1688580966804,58.1679091311954,58.1733018158564,58.1723932233456
10.7399835415873,299.87672095988,739.591025277923,0,692.635365212179,562.76253406368,746.332462230118,580.073323750986,575.359548382077,922.271999780296,1015.2912961413,231.132355253949,189.161752707885,0,89.2809625246177,134.370960685804,257.268580417945,221.891156818311,25.5861325358782,80.9822969997749,253.643702641711,1.0207505694561,1.0092646475234,0.979605200213838,0.945068799844921,0.945566459262569,0.946125762496484,0.94138125080748,0.943113154947211,1.01529733559913,0.944602174582512,0.944259148851717,0.926654125090951,0.944649779363587,0.947796853601599,0.954602723375388,0.973483962561551,0.978392902605651,0.977245811272467,0.977547792475016,0.973495319048171,0.980282244812777,1.00778739442874,1.00680193733905,0.981472842974895,1.02169669141835,1.0049296898986,0.986469148029648,1.00480747498212,1.00704611420748,1.04785871177896,0.974764429591383,0.944602174582512,0.990252122609772,0.99763267747582,1.03797189789082,1.0557209454107,1.0225232600962,1.01682654478186,1.02819222443607,58.1669328226012,58.1578747820485,59.9999931528418,58.1730326790649,58.1782221331527,58.1690417808049,58.1695909276441,58.1688184582054,58.1740485022172,58.172044883592
10.7640700995447,299.376025725535,738.516353956384,0,692.914156500837,563.28816588519,746.13631165597,579.973107250762,575.209567356686,922.623240569604,1016.10464361017,231.134854730461,189.434735111747,0,89.3884023364034,134.159759259304,257.359477364951,221.874624966625,25.6151618925705,80.9680826959784,253.417790210374,1.0207659381668,1.00926513256217,0.979614394923394,0.945131640332609,0.945673795510055,0.946242408574197,0.941488726214092,0.943216118709161,1.01534901670844,0.944689340314767,0.944355720933832,0.926739634620768,0.94472753341911,0.947850760761734,0.954596179256232,0.9734563363459,0.978368358850087,0.977233187280092,0.977460797238062,0.973371180472423,0.980271040939112,1.0077893343245,1.00680027572732,0.981449753711503,1.02169733768928,1.00487520900565,0.986427959644244,1.00470456651009,1.00693353550953,1.04786393914416,0.975007905153643,0.944689340314767,0.99017859001928,0.997467875921013,1.03798880701505,1.05571846597454,1.02253407670283,1.01670610514659,1.02820291051619,58.168526700244,58.1622867296621,59.9999931528418,58.1742785016385,58.1791327424133,58.1700440914709,58.1706763961582,58.1701783073363,58.1748804514937,58.1715420131431
10.788156657502,299.012104499473,737.843806159375,0,693.181970534364,563.757070109779,745.90139819204,579.858423242511,575.108340832281,922.907836380913,1016.23077226445,231.18691705867,189.656366875535,0,89.5017870497275,133.972454691933,257.464400794475,221.868864355696,25.6545604763309,80.97600769775,253.380104028245,1.02075751342501,1.00924011679714,0.979592579505639,0.945145775915976,0.945718694682938,0.946293498194287,0.941534708605433,0.943259608895362,1.01536894559644,0.944719623900829,0.94439266048433,0.92676934279659,0.94475117442477,0.947857511705262,0.95456006776613,0.973405781790345,0.978320116330178,0.977194092547119,0.977358235724423,0.973235431044318,0.980240053345036,1.00777427349281,1.00678164303349,0.98140451969541,1.02167727001578,1.0048051792965,0.98636778492387,1.00459454745863,1.00681601849935,1.04785145434718,0.975147794037705,0.944719623900829,0.990090634350629,0.99729563233493,1.03799133063738,1.05570258302856,1.02252513915333,1.01658404620508,1.0282047089371,58.1703354499987,58.1672505507978,59.9999931528418,58.175379699235,58.1797188891979,58.1711470196424,58.1718794595119,58.1716576256989,58.1755303485549,58.1710236845623
10.8195509642476,298.787539402858,737.648661772409,0,693.488297771558,564.258454576417,745.569244599809,579.712173092071,575.065432227422,923.165934258275,1015.31813091706,231.318182916151,189.831543307371,0,89.646183968762,133.771448501965,257.611002959628,221.876128443582,25.7144251857158,80.9999582700425,253.611625694724,1.0207125378241,1.00917615270415,0.979526003658545,0.94509807913413,0.94568861829615,0.946266659406009,0.941506766152048,0.943231225569182,1.01534855145247,0.944680083290319,0.944357226371298,0.92673055348584,0.944707556093869,0.947803361630347,0.954479088751394,0.973316582313549,0.978232855658421,0.977113652128486,0.977216737270024,0.973059730406222,0.980178450433455,1.00773555044505,1.00673840503254,0.981322679977913,1.02162723412931,1.00470501821073,0.98627381593019,1.00446038821826,1.00667630716854,1.04781351326446,0.975177302716783,0.944680083290319,0.989967755358008,0.997082185710139,1.03797768914495,1.05566693477352,1.02248902224582,1.01644376746068,1.02819405117596,58.1728997780114,58.1741006874116,59.9999931528418,58.1766205995257,58.1800742101304,58.1727579767206,58.173628958041,58.1736938844043,58.1761669739194,58.1703689413286
10.8509452709931,298.866742038839,738.215890955419,0,693.718177884858,564.606510361515,745.240747060789,579.593831726496,575.129247993705,923.271363084875,1013.19406701207,231.524034160358,189.883493329463,0,89.7839358499654,133.640348140776,257.769429035797,221.906670646418,25.7866295722987,81.0581594050813,254.166003385702,1.02062862128056,1.00907496447969,0.97941320730621,0.944970166620609,0.945551417714999,0.946126790556631,0.94137283768605,0.943100376274864,1.0152731854374,0.944544716581463,0.944220505490047,0.926597758832431,0.944573595436614,0.947672655958914,0.954356515147268,0.973198779174509,0.978115719885684,0.976997255221745,0.977068078447825,0.972888659253074,0.980089507965989,1.00767136442986,1.00667005079892,0.981212321092095,1.02154802307574,1.00459359139104,0.986160605724672,1.00433685032963,1.00655229772814,1.0477492446936,0.975020060378536,0.944544716581463,0.989837598748916,0.996886185029984,1.0379408595396,1.05561187905376,1.02242365653776,1.01632560913112,1.02816828119597,58.1755506682959,58.1808505376069,59.9999931528418,58.1776880825402,58.1800790386938,58.1745700003784,58.1755688721976,58.1757622194763,58.176648918591,58.1697883905945
10.8895905783583,299.374164447903,739.862389885929,0,693.875873639082,564.803793515946,744.906641695066,579.528775368294,575.35024691567,923.191236762427,1009.03583441677,231.865586799208,189.775185391602,0,89.9378402955086,133.581574430263,257.980128530525,221.983648902631,25.8871779070559,81.1618613125848,255.251746541073,1.02047734855963,1.00890791929167,0.979220640017559,0.944715444057774,0.945250988238935,0.94581566860917,0.941077526868563,0.942813126851494,1.0151121281772,0.94426099751231,0.943928179958089,0.926319430607612,0.944298571065888,0.94741914816262,0.954157399266923,0.973022150326158,0.977939324009128,0.976813780591194,0.976888102027353,0.97270044194125,0.979945422248287,1.00755715786821,1.00655155306974,0.981043500373242,1.02141887101386,1.00445249549901,0.986005098461883,1.00421373584409,1.00643610370813,1.04764047208935,0.974594753046495,0.94426099751231,0.989678818530585,0.996688565615722,1.03786132851606,1.05551731337104,1.02231030513244,1.01622576561893,1.0281177507876,58.178671921725,58.1881540520923,59.9999931528418,58.178870627121,58.1798278404178,58.1770419411986,58.1781541934284,58.1781942162884,58.1771869922568,58.1692596313398
10.9282358857234,300.273152119603,742.315010317517,0,693.908836330835,564.751268148595,744.724569077846,579.594958997324,575.706429463705,922.913402997126,1003.43628783412,232.291254567124,189.491729144733,0,90.0747204662833,133.64069968438,258.1948734468,222.10679592469,25.999791194267,81.3013410008084,256.726308110775,1.02027893753597,1.00870025653415,0.978978171053966,0.94437319707751,0.944833241813054,0.945380915447766,0.940665511226036,0.942412686952662,1.01488766426567,0.94387263908105,0.943525194424375,0.925938451251103,0.943924942981793,0.947082170891282,0.953913424094138,0.972815264364401,0.977732429381812,0.976592545297252,0.976714545878543,0.972539169041902,0.979765359784777,1.00740487657538,1.00639606933903,0.980842140112727,1.02125967348425,1.00430808231995,0.985834575298364,1.00411896111421,1.00635546189965,1.04750313617586,0.973966695447011,0.943872639081049,0.989525014236231,0.996540500651496,1.03774403793468,1.05539449886968,1.02216594770109,1.01617022959313,1.02804896966935,58.1813715771939,58.1935426427213,59.9999931528418,58.1800284403505,58.1795484661062,58.1796871930262,58.1808430025703,58.1803410408801,58.1778248263228,58.1690179750045
10.9499041652107,300.907940703647,743.895246781016,0,693.879067275739,564.615747682067,744.704565506181,579.69663525126,575.948747989721,922.679293910163,999.795416300118,232.568451730183,189.302938241725,0,90.1512442383364,133.725596245327,258.33352631161,222.205610766223,26.072031951917,81.4049516130052,257.690847146148,1.02015003657331,1.00856441566987,0.978816627500481,0.944140538282328,0.944547577541511,0.945083135954561,0.940384117073435,0.942139553264892,1.01473674413097,0.943607362157853,0.943249646571494,0.925678214745625,0.94367002411654,0.946853128195058,0.95375009780785,0.972678470571213,0.977596391880355,0.976446280780875,0.976613392665306,0.972453981871096,0.979640258166567,1.00729424546616,1.00628430715468,0.980707090708019,1.0211551113991,1.0042189345905,0.985725679868395,1.00406937020395,1.00631670382545,1.04741247298583,0.97352750516383,0.943607362157853,0.989435362692694,0.996472765588841,1.03765357283201,1.05530638529549,1.02207070311406,1.01614971019474,1.02800368221794,58.1826161775266,58.1955011592587,59.9999931528418,58.1807080465961,58.1794741062471,58.1811975427606,58.182343368817,58.1813696353529,58.1782802990711,58.169034551382
10.9715724446979,301.603626931971,745.55254059071,0,693.836132642611,564.422878234492,744.760807267246,579.852535663413,576.211612847785,922.419907350933,995.906229125381,232.8596875557,189.071624930418,0,90.2245104512874,133.83682533315,258.466763082477,222.317442154265,26.1453100048637,81.5087736323429,258.727781285456,1.02001162506367,1.00842226886611,0.978648814888236,0.94389905277764,0.944250826505768,0.944773977984825,0.940091227294227,0.941854922535249,1.01457698796091,0.943332123565046,0.942963699714377,0.925408205868418,0.943405572274911,0.946615574094343,0.953581003686875,0.972537008079081,0.977456167341611,0.976295012655468,0.976515781053293,0.972377314690266,0.979507204670305,1.00717395643435,1.00616327649413,0.98056620887,1.02104668896632,1.00413080662103,0.985615578806401,1.00402646787358,1.00628591884498,1.0473177249317,0.973074082605311,0.943332123565046,0.98934874300861,0.99641906002627,1.03755281441783,1.05521115607235,1.02197112900343,1.01613871482667,1.027955011072,58.1836230754583,58.1966040700293,59.9999931528418,58.1814308410632,58.1795198014895,58.1826835391868,58.1837955352415,58.1822467170667,58.178835626248,58.1691748849018
10.9932407241852,302.329316661822,747.179262581466,0,693.790854044614,564.1827875638,744.899884720373,580.064145542874,576.484264527852,922.148602826579,991.860646549562,233.167560351773,188.836562738579,0,90.3009004046204,133.972391598176,258.607361136952,222.448721480279,26.2232870268016,81.6230791096491,259.811723478758,1.01986593180673,1.0082714001371,0.978470435788286,0.943645030693691,0.943940637471269,0.944451057237545,0.939785260593825,0.941557543737722,1.01440999171107,0.94304348797356,0.942664243234734,0.925125054540404,0.943127843346284,0.946365024990094,0.953399594185492,0.972383893242947,0.977305197227783,0.976132962240452,0.976413743063637,0.97230033773979,0.979359601109111,1.00703793411109,1.00602695869578,0.980412565345544,1.02093141175302,1.00403608893404,0.985497135818102,1.00397971516142,1.00625202741052,1.0472169726708,0.972602210644536,0.943043487973559,0.989258246936879,0.996369549507964,1.03743643508972,1.05510401576465,1.02186549819435,1.01612588595078,1.02790395688282,58.1843744097196,58.1968360265557,59.9999931528418,58.1822011179051,58.17971851534,58.1841075368674,58.1851654461074,58.1829617509585,58.1794993634148,58.1694455619656
11.0193644309681,303.194444670993,749.004411571562,0,693.749831917813,563.848692438965,745.160574727042,580.380948018402,576.807467217242,921.819259960536,986.910359949369,233.554827418402,188.568831515859,0,90.4011019924737,134.158353721704,258.786717251912,222.629359310783,26.3227653718413,81.7732014445763,261.146178674011,1.01968418020273,1.00808092488025,0.978245637933106,0.943332016974859,0.943563472287615,0.944059177064408,0.939413562236268,0.94119606820538,1.0142061379019,0.942690253743614,0.942298821111355,0.92477853198193,0.94278691380342,0.94605473690983,0.953167454451654,0.972184705664247,0.977110148257738,0.975925588004811,0.976282824271384,0.972203476246725,0.979163064503269,1.00685365486575,1.00584287840366,0.980211229920658,1.02078562443685,1.00391187197933,0.985343072343093,1.00391373722526,1.00620200743973,1.04708989973445,0.972039740117468,0.942690253743614,0.989142403403621,0.996310082031949,1.03727589127628,1.05495904173853,1.02173265144405,1.01610275949452,1.02784089394744,58.1849356260898,58.1960137177462,59.9999931528418,58.1831888870489,58.1801985400296,58.1856884988712,58.186661441169,58.183605887311,58.1804478841375,58.1699500072445
11.0454881377509,304.004520559551,750.573508821491,0,693.748582431609,563.498252928742,745.527119132135,580.763597443295,577.11097620705,921.528189396819,982.025771665277,233.949829461694,188.328267242167,0,90.5113209476016,134.351900679891,258.971673397444,222.829837403071,26.4255212389242,81.9242583079,262.472663824203,1.01950007044371,1.00788595448149,0.978017345845093,0.943025075383027,0.943200733750889,0.943683471777461,0.939056281717843,0.940848151190521,1.01400757859273,0.942347509897336,0.941945707954345,0.924442300489489,0.942454655515506,0.945748486636382,0.952927648208715,0.971974077792168,0.976905443941288,0.97571066233598,0.976142730780999,0.972099203088688,0.978950968496903,1.00665191617436,1.00564181401029,0.979996929178568,1.02063642576516,1.00377777726916,0.985179307652641,1.00383405706834,1.00613763971221,1.04696031145881,0.971516025706776,0.942347509897336,0.989018472426251,0.99624506264746,1.03709775628363,1.0548003697961,1.0215974996433,1.01606516005847,1.02777804016497,58.1851351136149,58.1941083608064,59.9999931528418,58.1842234054813,58.1809633919289,58.1870661156845,58.1879419164675,58.1840214152655,58.1815483776998,58.1706491755281
11.0716118445338,304.708058312331,751.788597425511,0,693.804270163933,563.161366311965,745.978369554042,581.196634169195,577.378276607795,921.299628118447,977.357262931592,234.346337288379,188.137223142105,0,90.6348980596476,134.537644101111,259.164573043323,223.046229653229,26.5307000330729,82.0732381253136,263.753787393878,1.01931772645044,1.00768968024001,0.977789890249084,0.942733730468469,0.942866156083501,0.943338579585832,0.938727090905038,0.940526981963914,1.01382129408765,0.942027152130446,0.941617671529771,0.924128029734099,0.942142091285254,0.945455101363363,0.952683405396119,0.971753182610212,0.976692479357326,0.975490655665638,0.975990256828032,0.971981840167736,0.978724965996879,1.00643453900419,1.00542548533241,0.979771016561935,1.02048603736479,1.00363201982092,0.985005437752845,1.00373465721884,1.00605197866006,1.04683072222333,0.971057587465109,0.942027152130446,0.988883625238711,0.996166052803481,1.03690385813634,1.05462893457471,1.02146244686128,1.01600514228634,1.02771716445365,58.1850104652423,58.1913152929023,59.9999931528418,58.1852713923006,58.1820143970942,58.1881853469909,58.1889634946626,58.1842305805211,58.1827720415611,58.1715375398034
11.0977355513167,305.267027148812,752.568055365961,0,693.928191879135,562.867574415402,746.48978875051,581.662728795976,577.596269084181,921.153697898248,973.041695354035,234.73723565795,188.025275611132,0,90.7753199002675,134.702950274846,259.364092395083,223.272970893349,26.637913407718,82.2217191619864,264.942449135461,1.01914235492512,1.00749412960726,0.977565487850837,0.942463443698576,0.942568009794068,0.943033201570653,0.938434637894461,0.940241147884688,1.01365370188946,0.94173606767646,0.941322169970656,0.923842476072166,0.941855543221369,0.945179505140664,0.952436083381078,0.971522123760071,0.97647120633041,0.97526633803397,0.975820603333665,0.971843650091062,0.978486777162164,1.00620427452196,1.00519642798334,0.979534119576336,1.0203352123917,1.00347099889536,0.984819410039902,1.00360781658673,1.00593650645883,1.04670208899028,0.970677883087329,0.941736067676459,0.988733623030368,0.996062054094669,1.03669765678521,1.0544467477864,1.02132869896127,1.0159135412331,1.02766049208837,58.1846208872987,58.1878910162036,59.9999931528418,58.1862897591173,58.1833304014869,58.1890041875091,58.1896953115005,58.1842678277708,58.1840773880799,58.1726039348808
11.1298560351375,305.711127635032,752.879260186852,0,694.178576051323,562.608354807478,747.156894739322,582.251387149561,577.783679324508,921.110687945894,968.387879144784,235.19810700287,188.006609894373,0,90.9707924399725,134.855157937371,259.613753530304,223.554241831564,26.768589804853,82.395695974911,266.228530114906,1.01894265305499,1.00726113078438,0.977302067081579,0.942172917451674,0.942267600827348,0.942728897766183,0.938141416232672,0.939953649631663,1.01348174118031,0.941433297357406,0.941019077308401,0.923545458576456,0.941553240476969,0.944877763012442,0.952136264105167,0.971230736484666,0.97619414387777,0.974991790040493,0.975588157851304,0.971640825091884,0.978185468574576,1.00591226193104,1.00490584183092,0.979235058785562,1.02015408067469,1.00325419130622,0.984577948330989,1.00341192965393,1.0057502445034,1.04654984020782,0.970346231921991,0.941433297357406,0.988527976063956,0.995891049944198,1.03643572939126,1.05421425925977,1.02117034126391,1.01575257951365,1.02759898985444,58.1838966364456,58.1832710209682,59.9999931528418,58.1874276625007,58.1852423804991,58.1895616728548,58.1901748935734,58.1841455214866,58.1857139366248,58.1741339103021
11.1619765189583,305.86091607792,752.477920556023,0,694.524374631878,562.502592201089,747.80399221412,582.817715413462,577.87313164054,921.233239384091,964.584367948241,235.630053324166,188.119509926753,0,91.1878706443829,134.925822982962,259.871303403049,223.827820799251,26.8958351819578,82.5482395916036,267.306950818791,1.01876334225996,1.0070409356036,0.977058184635882,0.941936002505461,0.942048590515785,0.942511858839348,0.937929374889939,0.939744288135921,1.01335038878448,0.941199608837349,0.940790854253698,0.923316210294709,0.941314226787252,0.944624690037543,0.951847934475452,0.97093740923323,0.975917266434358,0.974724402702735,0.975331306580782,0.971400944514504,0.977882284826172,1.00561826383969,1.00461294769526,0.978934048500832,1.01998098016782,1.00302013044483,0.984326869551186,1.00317410888879,1.00551675720475,1.04640788383914,0.970177090033757,0.941199608837349,0.988300369281935,0.995668663263978,1.03617212143251,1.05397767085835,1.02102152602545,1.01553893319257,1.02754715942877,58.1830495644444,58.1787159189189,59.9999931528418,58.1883622476892,58.1873647382289,58.1896171954917,58.1901955326448,58.183922598173,58.1872842012892,58.1758705605358
11.2028469873555,305.642286591591,751.057595966647,0,695.059500831911,562.637298874864,748.505545924004,583.446867287591,577.853199720206,921.618986459302,961.11848741679,236.108270829812,188.441049345622,0,91.4847200613883,134.877042419073,260.179036849656,224.132512937322,27.0412489538226,82.7059373948504,268.290990644589,1.01857857115462,1.0067924337066,0.976790136915476,0.941722536957162,0.94189414605714,0.942367427516832,0.937783651128467,0.939598107080599,1.01325046945657,0.941010796073646,0.940616376821785,0.923130985088926,0.941111232655573,0.944385121506516,0.951515397341391,0.97058029529224,0.975582333672193,0.974410796124809,0.974977711742456,0.971044003437105,0.977517904000699,1.00526774018065,1.0042626275422,0.978569071185248,1.01978228747282,1.00270910309018,0.984007463720405,1.0028200623862,1.00515965167345,1.04624944969061,0.97018786864577,0.941010796073646,0.987986192054288,0.99530584890714,1.03586073558803,1.05369172163119,1.02085364668214,1.01519707330391,1.02749968177983,58.182067220907,58.1738897304832,59.9999931528418,58.1891486700722,58.1901064573561,58.1890259435617,58.1896291366296,58.1836492437943,58.188999125474,58.1783072372775
11.2437174557527,305.025859226596,748.875014608739,0,695.615829033458,563.081779314202,748.958443522311,583.903671261772,577.700434257144,922.204740253628,959.202469926065,236.502695937721,188.917756569778,0,91.7876701808508,134.660582791492,260.470247513183,224.37219235939,27.1656000695494,82.8165956903578,268.876002280142,1.01844243478118,1.00658400046249,0.976572497171033,0.941599329289581,0.941860820433425,0.942350656389672,0.937758490393706,0.939568874835663,1.01321612662365,0.940930141120859,0.940556244585888,0.923051862631987,0.941010190656929,0.944231927029593,0.951229087937965,0.970253514087648,0.975277506951993,0.974135010401886,0.974607989571333,0.970642829949811,0.977192200695149,1.00495879071923,1.00395224261428,0.978237603632139,1.01961057720999,1.00239668785443,0.983700217247221,1.00242974702547,1.00475820696061,1.04611930188452,0.970407916265762,0.940930141120859,0.987656711089671,0.994867252380053,1.03559030272886,1.05343352947632,1.0207114091531,1.01480068835257,1.02747101148932,58.1814702774992,58.1709490729557,59.9999931528418,58.1894285689829,58.19257011319,58.1878521238935,58.1885498567375,58.1835471204949,58.1902166728038,58.18091332555
11.2940906368216,303.929210136448,745.744183646369,0,696.188120147994,563.997202234501,749.060493903459,584.155719754173,577.391795723094,923.058754084286,958.784456001527,236.846865091867,189.601115268487,0,92.1298627308141,134.187806061724,260.768326656693,224.539966199289,27.2745005332102,82.8820230891195,269.084887617259,1.01834662541197,1.00639749641403,0.976386438715915,0.941557321887525,0.941948252305073,0.942462685079261,0.937854542525552,0.939656976618076,1.01324724789385,0.940952802332532,0.940607541258258,0.923074093265581,0.941004341741194,0.94415342907218,0.95096413381325,0.969927459843235,0.974974630810882,0.973872201650983,0.974171408751832,0.970131493710357,0.976882703632854,1.00467458031702,1.00366350658364,0.977911853982898,1.01944877373784,1.00204854352672,0.983373627666019,1.00195593930538,1.00426276968317,1.04600613854615,0.970860080953475,0.940952802332532,0.987266057340676,0.994269447009449,1.03535034803963,1.05318545611943,1.02057942426126,1.01429858699441,1.02745992397252,58.1816165368682,58.1707360671766,59.9999931528418,58.1891380112659,58.19470237954,58.1860072648459,58.1868802487589,58.1838683729799,58.1908370911806,58.1842193264731
11.3444638178906,302.740806666161,742.859027231985,0,696.508049232007,565.163585790171,748.624459632322,584.038792549556,577.035553429661,923.863064202988,960.108052738084,237.017781935576,190.2431787152,0,92.391081956199,133.561195483469,260.971745704179,224.547290671067,27.3212241419337,82.8690130880245,268.830138128825,1.01832825227572,1.00630097880608,0.976299338011134,0.941610633090814,0.942122411723396,0.942660254041772,0.938034780713482,0.939828464146608,1.01333221646619,0.941068824287007,0.940749649379475,0.923187910727762,0.941094340317343,0.944177280166021,0.950816503936706,0.969719715440056,0.974782880238344,0.973717405828891,0.973809931256606,0.969667625579319,0.976707192251026,1.00452698969074,1.00350856261313,0.977711266154903,1.0193535787233,1.00178765978414,0.983143965175502,1.00156475550537,1.00384654613104,1.04595177692817,0.97137404254559,0.941068824287007,0.98694063097559,0.993688401048652,1.0352389306247,1.05303986942618,1.0205019265567,1.01386493330787,1.02747084682021,58.1829129075262,58.1743917341582,59.9999931528418,58.1883824117332,58.195411606152,58.1842466584226,58.185305849305,58.1848066940119,58.1904481022884,58.1874971508078
11.3948369989595,301.76980060023,740.934277136852,0,696.50934359633,566.341655775664,747.720267254472,583.592569039107,576.72278050664,924.402140275445,962.62431631041,237.0032249702,190.698296956229,0,92.5242749303656,132.902580287216,261.051541294524,224.391309035703,27.2945858451372,82.7833379252892,268.242083964919,1.01838078519318,1.00630436091841,0.976316941847529,0.941730711725173,0.94232598076635,0.942880382334604,0.938240822292945,0.940027286664055,1.01344140327381,0.94123430602217,0.9409325802654,0.923350248203132,0.941242361296195,0.94428103744164,0.950803035431475,0.969660947375206,0.974730874514791,0.973691121439964,0.973585431593143,0.969333359503194,0.976690716818677,1.00453645918379,1.00350854688723,0.977665075758935,1.01933628034516,1.00166362047775,0.983051522500111,1.00133864713722,1.00359841228551,1.04596104874928,0.971812189033347,0.941234306022171,0.98673586717616,0.993229172829245,1.03527155641216,1.05301556912254,1.02048566060538,1.01359343775702,1.02749776699411,58.1853000151391,58.1811670387057,59.9999931528418,58.1875420559454,58.194505549971,58.1831297338601,58.1843313957682,58.1863670086617,58.1892250672362,58.1906355464118
11.4452101800284,301.251186751512,740.421931243501,0,696.222926249482,567.265972358353,746.524930923692,582.928533970118,576.525353407102,924.509272314096,965.798550472506,236.802083828819,190.866481133826,0,92.4966373405895,132.355443437151,260.993787994074,224.094834573536,27.1902637595417,82.6369738014262,267.439690491754,1.01849492220159,1.00641130486017,0.976439523885093,0.94189433596884,0.942516793081466,0.943077207547691,0.93842975654258,0.940212058192292,1.01355202249589,0.941415691718596,0.941118850019622,0.923528187454587,0.941418774293375,0.944445012563122,0.950929832037715,0.96976704382702,0.974834346246805,0.973803419075046,0.973548587478215,0.969203619035556,0.976839476652155,1.00470295752685,1.00366459756215,0.977786169062906,1.01940386812432,1.00171260517979,0.983123538940201,1.00134130916284,1.00358764627188,1.04603529188394,0.972080106090314,0.941415691718597,0.986697351675318,0.992994090542909,1.03544368235381,1.05311558921411,1.02053501865586,1.01355827536023,1.02753529664494,58.1884720138514,58.1895775424454,59.9999931528418,58.1870198108522,58.1921617175784,58.1830827073467,58.1843502585774,58.1884260703879,58.1875562854536,58.1935642305693
11.4955833610973,301.296439434365,741.404024737735,0,695.758902796033,567.705124823612,745.278328158261,582.206665136296,576.480075446472,924.101965139298,969.221021847206,236.426929329252,190.714248135461,0,92.2975554699753,132.052287251481,260.802721602901,223.701397739776,27.013410396214,82.4470512124703,266.510688261936,1.01865969544278,1.00661679484258,0.976659934672995,0.942086455967098,0.942674651659758,0.943229545256598,0.938581228243323,0.94036288481329,1.0136519692873,0.941594728748934,0.941289264980922,0.923703822666342,0.941606280196168,0.944654344603426,0.951189189699626,0.970034220411126,0.975091017550942,0.974049950945669,0.973726279419097,0.969327855435469,0.977138682713428,1.00500585579016,1.00395735180142,0.978067003347063,1.01955603237986,1.00194735143594,0.983366313849578,1.00160135247778,1.00384643431804,1.04617081737765,0.972144137229431,0.941594728748934,0.986849519421916,0.99305812357556,1.03573237130282,1.05332668256655,1.02065000833628,1.01379585011372,1.02757951945183,58.1919664188064,58.1977992056352,59.9999931528418,58.1871239330679,58.1889220543119,58.1843038875007,58.1855576985273,58.1907746126652,58.1859698564036,58.1962486488948
11.5459565421663,301.871994086473,743.5823970354,0,695.26360675823,567.519588065588,744.229130572587,581.602688605373,576.585184995764,923.205210125104,972.669104553476,235.90569225145,190.279599350175,0,91.9423185338807,132.080388843693,260.503084764836,223.267783037102,26.7789261740898,82.2333070780789,265.502554573306,1.01886339887646,1.00690624346088,0.976962984875472,0.942300889209692,0.942802730269719,0.943342398404685,0.938698922053774,0.940482824539556,1.01374078902945,0.941769631662903,0.941444200762558,0.92387540231272,0.941800955815846,0.944899720243071,0.951559177718723,0.9704378133011,0.97547895488783,0.974410763651161,0.974113023718148,0.969715534935122,0.97755410816768,1.00540701763387,1.00434974660163,0.978479313074419,1.01978351692406,1.00235172157876,0.98376140016938,1.00210261975966,1.00435925636806,1.04635850170209,0.972034237582577,0.941769631662903,0.987187992561447,0.993447687713069,1.03610009535522,1.05362110241682,1.02082470919255,1.01429318533887,1.02762832360594,58.1952858927934,58.2041389605345,59.9999931528418,58.1879916027448,58.185601061337,58.1867228252528,58.1879051480744,58.1931748923796,58.1850276862408,58.1986781961578
11.5963297232352,302.818158579581,746.368378366776,0,694.866889341792,566.701334628535,743.57529420613,581.26714831609,576.804311279125,921.949734494546,976.105666562695,235.279373286402,189.663662194164,0,91.4703379248327,132.456195049032,260.135963656484,222.85184856006,26.5094942354872,82.0147004622737,264.425800119654,1.01909411403479,1.00725655715013,0.977326707779307,0.942539279334462,0.942924041071086,0.943442941276369,0.938806908584192,0.940594414858869,1.01382794960275,0.941952877049824,0.941600825273036,0.924055165919699,0.942010612681646,0.945177134931536,0.952006686879489,0.970936028249249,0.975959555086645,0.974852773002291,0.974669879560273,0.97033059628082,0.978038341259241,1.00585826166018,1.00479421079652,0.978978758516113,1.02006846370686,1.00288206588816,0.984267621999323,1.00278517974756,1.00506370993774,1.04658426664146,0.971833627248188,0.941952877049824,0.987678637031986,0.994130086480282,1.03650242966107,1.05396198869013,1.02104707312916,1.01498830574252,1.02768120304682,58.198021157909,58.2074567148568,59.9999931528418,58.1895759540141,58.1831221741499,58.1900216869522,58.1911078221957,58.1954180694478,58.1852067975571,58.2008521434817
11.6570708834741,304.098612273902,749.492765320163,0,694.614899808719,565.090282606645,743.442424440551,581.335577987322,577.132836359542,920.278802457228,980.372116774796,234.457747847668,188.887380951685,0,90.8300335704282,133.269549955545,259.676943750613,222.439193939256,26.1772373274887,81.7651755309372,263.017686316866,1.01939084910825,1.00771738267219,0.977807282583222,0.942867524891585,0.94311133134003,0.943605806340698,0.938976236816544,0.940766920404468,1.01395293851755,0.942215219691993,0.941831082850625,0.924312523882982,0.942304796240585,0.945553248843228,0.952591924720576,0.971586602596339,0.976590365164717,0.975433235229691,0.975468347907612,0.971258190885228,0.978638365855613,1.00639813204671,1.00532850042723,0.979619906624381,1.02045252876148,1.00359467320782,0.984941601856404,1.0037111088521,1.00602208640188,1.04688137578975,0.971636588429005,0.942215219691993,0.98838508157174,0.995206576357299,1.03697214175764,1.05437815587058,1.02135313329176,1.015940641771,1.02775103013428,58.2002420813787,58.2070951616544,59.9999931528418,58.1921670825042,58.1824249622964,58.1944524116256,58.195429255051,58.1977308158906,58.1872936364764,58.2031284196793
11.717812043713,305.135501779745,751.376687180477,0,694.588030459862,563.225180720194,743.947694575069,581.887389881676,577.425147863251,918.829362118624,984.94889672206,233.648479767543,188.302257313309,0,90.2135717807887,134.25812978175,259.275718085324,222.155763386042,25.8786148070774,81.5432946291449,261.479455565752,1.01968803165392,1.00817041062949,0.978288668922015,0.943245695360826,0.943391025402758,0.943869922430456,0.939238146054676,0.941027773422986,1.0141203961166,0.942550358978179,0.942143185699356,0.924641295307113,0.942662755510879,0.945970407528508,0.953164176521591,0.972208517018601,0.977196623216579,0.975997421389617,0.976275622241207,0.972222446961373,0.979183784798782,1.00687168529531,1.00579827317418,0.98022289263152,1.02083668594389,1.00427351326147,0.985586127852717,1.00458029137745,1.00692023550029,1.04717516726715,0.971655464143068,0.942550358978178,0.989102119168234,0.996352431890824,1.03737593269974,1.05474796071406,1.0216679285495,1.01683334370536,1.02782751096552,58.2013482820314,58.2030508831147,59.9999931528418,58.195152909465,58.1849620914093,58.1985610074948,58.1994519029039,58.1995894086115,58.1913825622683,58.2050080666809
11.7785532039518,305.613355576063,751.411356976044,0,694.667637337059,561.660898355504,744.802878258951,582.721984527864,577.587413504715,917.973535592999,989.856586471926,232.940200745066,188.081460628156,0,89.7209516782228,135.136950546056,258.997158865068,221.992826208687,25.6512872859554,81.3535808481428,259.857976097076,1.01996250258847,1.00856420850655,0.978722042093213,0.943661339803206,0.943780267929797,0.944257974575783,0.939611980740605,0.941394631026848,1.01433629640714,0.942961399394303,0.942546540050757,0.925044525690516,0.943081300083383,0.946409264987394,0.953662095813602,0.97272487716014,0.977701680146712,0.976478623164418,0.976955113646778,0.97303946547107,0.979617969697306,1.00723747960443,1.00616038467519,0.980716606277685,1.02117384758443,1.0048079705843,0.986105618031878,1.00522894018315,1.00758436232197,1.04743349075302,0.971990018131232,0.942961399394303,0.989708728740909,0.997329974977089,1.03768572974847,1.05503355753566,1.02195446614826,1.0174864895718,1.02790777167465,58.2017769155206,58.1976526179455,59.9999931528418,58.1982623276439,58.1906947830861,58.2016845766355,58.2025036947763,58.2011459725521,58.1969345152577,58.2064618560547
11.8289905262332,305.499079371421,750.038655952143,0,694.714664245758,560.932050063446,745.487202713689,583.409078227942,577.587513231038,917.858447049545,993.989901527167,232.483319340362,188.210930461329,0,89.4574988209592,135.606491258532,258.884655748735,221.918247752062,25.5347244700707,81.2217374986542,258.542416857117,1.02015554523085,1.0088155449321,0.979013263995485,0.944007776113411,0.944163212410716,0.944651269550757,0.939985181919276,0.9417579273626,1.0145395367398,0.943334860865579,0.94292609068571,0.925410891153105,0.943448552626416,0.946761675214614,0.953984182942737,0.973035506579481,0.978004811748516,0.976778448290575,0.977348044482178,0.973502836636598,0.97987316031561,1.00744982907889,1.00636852293227,0.981010948562933,1.02138945984628,1.00508770505743,0.986394234093192,1.00552379927143,1.00787775849747,1.04760123229732,0.972493086136932,0.943334860865579,0.990062594504485,0.997877544027872,1.03786968352333,1.05519573577772,1.02214679386417,1.01776420870215,1.02797232311382,58.2020804672624,58.1940835589462,59.9999931528418,58.2008820017329,58.1972627251961,58.2033576388044,58.2041150707582,58.2024048638151,58.2020236383479,58.2073318042525
11.8794278485145,304.985915278849,747.779974286084,0,694.69203576403,560.89732472211,745.883306560909,583.879949461942,577.470929870155,918.277062437969,997.787399809562,232.1825717945,188.571696591684,0,89.349175474761,135.743502816804,258.884443188445,221.862839395349,25.4903504760968,81.1152666129094,257.391383719929,1.02030090404808,1.00897851478983,0.979217756316967,0.944315760960104,0.944548078990507,0.945053910134172,0.940363841229689,0.94212472697842,1.01473825374775,0.943690602374332,0.943296629081417,0.925759873343822,0.943789410672415,0.94706544684658,0.954201125191882,0.973221437795189,0.978183218829384,0.97696678079353,0.977548432894447,0.973718601685114,0.980029270675171,1.00758418122377,1.00649689865371,0.981187518363525,1.02152800953861,1.0051985108379,0.986533639309644,1.00557646508568,1.00791579174042,1.04771309633073,0.973110217724468,0.943690602374332,0.990247143537046,0.998115071082702,1.03799611109021,1.05529185955512,1.02228014420605,1.01778059168466,1.02802814693652,58.2027690626059,58.1928649151274,59.9999931528418,58.2035920156815,58.2045008900879,58.2043580268422,58.2050487116848,58.2038378837058,58.2068836955475,58.2079061783864
11.904224249971,304.627801206718,746.499284263049,0,694.654988611524,561.141740738197,745.921164324427,583.989562312254,577.379557781528,918.647308622039,999.399939921962,232.09805332902,188.80676480182,0,89.3535251773729,135.68248640922,258.922966388433,221.834662078733,25.4945880932099,81.0733375445855,256.925945979337,1.02035121604849,1.00902332672939,0.979281907251048,0.944441573096741,0.944720836628328,0.945236915837307,0.940534947767308,0.942289934011462,1.01482583006718,0.943844309831614,0.943459633157557,0.925910660260744,0.943933792120133,0.947186391092468,0.954265876990853,0.973266179848927,0.978223878630792,0.97701602913032,0.977573937009182,0.973730512472071,0.980071328065902,1.00762465266522,1.00653373150155,0.981231106179618,1.02156513721074,1.00519228440963,0.986547586864662,1.0055185347934,1.00784659966368,1.04774545013308,0.973421589224557,0.943844309831615,0.990273481573071,0.998113635069561,1.03804046230066,1.05531716650022,1.02232099608856,1.01769922851883,1.02805044783421,58.2033382834909,58.1933856786546,59.9999931528418,58.2049817661925,58.2080224115545,58.2047007489745,58.2053593293205,58.2046524614931,58.2090327857625,58.2080896038328
11.9211260900121,304.362266009563,745.625130241066,0,694.623655889016,561.399157637563,745.874696339762,584.007585204894,577.308921074002,918.944428845884,1000.35260744267,232.065396828137,188.977732074401,0,89.3771566520998,135.595055258667,258.962049603362,221.812905962671,25.5066306814934,81.0492130526566,256.660718871855,1.02037643475758,1.00904013658695,0.979310844301563,0.944513715169688,0.944826120732937,0.94534927308392,0.940639646227184,0.942390830062036,1.01487863395765,0.943935830337706,0.943557778855349,0.926000441818424,0.944018673374633,0.947254537841975,0.954293612857813,0.973279519753943,0.978234239318616,0.977033123674983,0.977564821881521,0.973704688254388,0.980087814096581,1.00764371721134,1.00655006385419,0.981245133472094,1.02157839657211,1.00516717312057,0.986537820745096,1.00545170022577,1.0077709935132,1.04775857067397,0.97362398155857,0.943935830337706,0.990268003318312,0.998070183145507,1.03806505961124,1.05532708480807,1.02233889821298,1.01761508246998,1.02806303990062,58.2038346577588,58.1942049658621,59.9999931528418,58.2059582238406,58.2103132582826,58.204922981633,58.2055617835949,58.205261433572,58.2103628984273,58.2081827540406
11.9380279300532,304.089925346625,744.781079698339,0,694.590389613327,561.720165230711,745.76799495307,583.978086732372,577.234210007171,919.264903686646,1001.16056515413,232.053722120273,189.15327772316,0,89.4169565580839,135.475149935198,259.011088684371,221.789177539366,25.5259900100411,81.0308130095604,256.444884664087,1.02039374170772,1.00904544289611,0.979326911428497,0.944572183377249,0.944917324277814,0.945447323530462,0.940730755932813,0.942478484934589,1.01492407405944,0.944013187753182,0.943641724439539,0.926076329391761,0.944089435397916,0.947308645580542,0.954307339471668,0.973278883629836,0.978230461034426,0.97703649694049,0.977534985425708,0.973652762611938,0.980094442928714,1.00765592535102,1.00655936437895,0.981246415153782,1.02158152254926,1.00512614520012,0.986512965247815,1.00536516034962,1.00767512033243,1.04776410361748,0.973810231063744,0.944013187753182,0.990244174232197,0.997994460641374,1.03808508562147,1.05533119380583,1.02234829379192,1.0175108253531,1.02807316584699,58.2044237381684,58.1953951407586,59.9999931528418,58.2069602078506,58.2124726654389,58.205162513621,58.2057844348694,58.205917601059,58.2115688171232,58.2082541127752
11.9549297700944,303.819928410669,743.996838003797,0,694.559319731047,562.096040887022,745.60335397272,583.902525362327,577.158462732078,919.6007628953,1001.80351092832,232.061090217872,189.323931725727,0,89.4704450002284,135.325754481356,259.067199242975,221.762498254732,25.5509838549695,81.01480590243,256.281538836906,1.02040322190235,1.00904053973968,0.979331564548051,0.944617613392655,0.944994296627548,0.945530807066205,0.940807975558902,0.942552588264009,1.01496174370708,0.944076655663779,0.943711575077599,0.926138591371366,0.944146516522384,0.947349561061388,0.954308897376812,0.973266404008689,0.978214744050192,0.977028092535403,0.977487294004446,0.97357834850081,0.980093035000106,1.00766278649204,1.00656318056118,0.981237013267236,1.02157589484897,1.0050725020377,0.986475835496582,1.00526375329761,1.00756408439083,1.04776293879525,0.973978760590753,0.944076655663779,0.990204487319497,0.997890925085067,1.0381016612138,1.05533076133595,1.02235009755827,1.0173916589404,1.02808073265681,58.2051060804026,58.1969374008582,59.9999931528418,58.2079875549397,58.2144711401402,58.2054408506465,58.2060498407739,58.2066222670357,58.2126428276586,58.2083076129085
11.9718316101355,303.561302751365,743.29243038407,0,694.533975335272,562.515997733017,745.384663149167,583.783886659407,577.084548417372,919.942451575319,1002.26286829078,232.087797025377,189.48716666332,0,89.5367748828996,135.15226697526,259.130433607749,221.734048277403,25.5815311755451,81.003062942445,256.175469877197,1.02040455620677,1.00902523180965,0.97932415463512,0.944647947239901,0.945053926127798,0.945596368792195,0.940868247527307,0.94261022454089,1.01499032253146,0.944123545071343,0.943764428467768,0.926184589850377,0.944187442500062,0.947375356382385,0.95429769825739,0.973241992284092,0.978187054346106,0.977007652337793,0.977422713499704,0.973483234736026,0.980083324909105,1.00766393243746,1.00656118653468,0.981216782693238,1.02156130311401,1.00500722882826,0.986426977610168,1.00514970461849,1.00744035256407,1.04775484095299,0.974122883028445,0.944123545071343,0.990149742664271,0.997762265862886,1.03811433589886,1.05532562841777,1.02234402866663,1.01726023482925,1.02808550525716,58.2058794636127,58.1988022734172,59.9999931528418,58.209038364309,58.2162839462902,58.205778402967,58.2063794550723,58.2073751796378,58.2135804295583,58.2083476805053
11.9928812252673,303.26686001536,742.561649967914,0,694.515240948267,563.081247361882,745.043707431012,583.581826108876,576.998824234387,920.358370846168,1002.55245460611,232.146676662794,189.672460832434,0,89.634521022015,134.911008307074,259.217504968717,221.697078221936,25.625956468957,80.9945236841913,256.128020278409,1.02039480745803,1.00899265924409,0.979298862755026,0.944663889277271,0.945102042811184,0.945650847897813,0.940917649636357,0.942657095817658,1.01501219806289,0.944157382718338,0.943804873273423,0.926217784561225,0.944214680067888,0.947385796478357,0.954266873815339,0.97319643459848,0.978137535742442,0.976966745844455,0.977322126740838,0.973340816776535,0.980060473178533,1.00765773015938,1.00655101283128,0.981177771361587,1.02153172204664,1.00491322529261,0.986352474546867,1.00499587781242,1.00727486496402,1.04773574115975,0.97426350115319,0.944157382718338,0.990063548540473,0.997573609884429,1.0381246122397,1.05531305659782,1.02232617635848,1.01708618587699,1.02808736640883,58.2069621062363,58.2015140276329,59.9999931528418,58.2103743025005,58.2182532693384,58.206310879418,58.2069103896876,58.2083775056773,58.2145572098215,58.2083865243799
12.0139308403991,303.016540012351,742.017418764035,0,694.515985401217,563.670981297338,744.639915909046,583.330224294918,576.924365193317,920.745836400416,1002.50594145929,232.234062043881,189.835776133496,0,89.7476365729737,134.654068803554,259.312044620406,221.660565213952,25.6773845507485,80.9972165781407,256.18028467234,1.0203720344278,1.00894488415671,0.979254926136935,0.944652855631395,0.945116985689068,0.94567068634275,0.940934495906417,0.942672439871452,1.0150171338284,0.94416037062851,0.943813271466207,0.926220715698,0.944212274730482,0.947369605178987,0.954216629522411,0.973134105731129,0.978071431755646,0.976908448442046,0.977201183888519,0.973175342390881,0.980025287573677,1.00764243545474,1.00653175711327,0.981123326165068,1.02148919154539,1.00480671350633,0.986263771603915,1.00483265493226,1.00710089369402,1.04770626983797,0.974351949500824,0.94416037062851,0.989959077448462,0.997358671750943,1.03812800652766,1.05529349359314,1.02229654643644,1.01690529335301,1.02808440761812,58.2081641617195,58.2045749248372,59.9999931528418,58.2117317598505,58.2198830140568,58.2069958576213,58.2076041600098,58.2094459522931,58.2153297979128,58.208422394424
12.0393082380214,302.79024837869,741.650402965857,0,694.550669511106,564.381188440128,744.096764357703,582.983153105403,576.856878803873,921.155517667723,1001.97534757206,232.370962421189,189.986535363283,0,89.896213920656,134.336021505491,259.433302311204,221.62068207379,25.7442722069308,81.0067584825481,256.375498301863,1.02032836279146,1.0088711534619,0.979181529702413,0.944606710145314,0.945092780000619,0.945650314272249,0.940913070235157,0.942650486599619,1.01500090009427,0.944125451271427,0.943783052857121,0.926186459832384,0.944172681947305,0.947317955483198,0.954134837263009,0.973041706971234,0.977975328401398,0.976820235022121,0.977037549388487,0.972957795943205,0.979969187418318,1.00761296148001,1.00649769822052,0.981041501140006,1.02142509552456,1.00467103594349,0.986145677732709,1.00463703730367,1.00689425006198,1.04765980759897,0.974389638146271,0.944125451271427,0.989816877683189,0.997080956838152,1.03812272341507,1.05526153364226,1.02224834829148,1.01669270555361,1.02807458532544,58.2097435108366,58.2085729310173,59.9999931528418,58.2133781672097,58.2213855256427,58.2080587293274,58.2086921601603,58.2108081633934,58.2160130864962,58.2084777922413
12.0646856356437,302.660909189482,741.611319828878,0,694.626643676659,565.052112965184,743.524693706422,582.615201550002,576.819104587952,921.476104610985,1000.91310754075,232.541340907633,190.08699834721,0,90.0551424706098,134.030945393553,259.559733537266,221.590417403188,25.816279450488,81.0315924182337,256.717721645775,1.02026704934552,1.00878013004557,0.97908547204702,0.944522458483807,0.94501895952677,0.945577764811973,0.940842648010236,0.942581122809634,1.01495914795083,0.944045423186368,0.943705486505702,0.926107952332424,0.944090230939945,0.947229088519125,0.954029443140896,0.972930787379168,0.977861825809976,0.976712621722583,0.976858403839883,0.972727135871239,0.979897133029506,1.00756970595723,1.00645020956819,0.980941865073003,1.02134716209886,1.00453003054221,0.986017119002381,1.00444804190239,1.00669695481859,1.04760134811164,0.974343925094898,0.944045423186368,0.989660374540987,0.996792529207302,1.0381051449274,1.05521965476962,1.02218658628769,1.01649276512874,1.02805778810941,58.2114270561544,58.2127204175206,59.9999931528418,58.2150110207079,58.2223961936106,58.209402523312,58.2100764214386,58.21223152368,58.2164630581356,58.2085648065466
12.0842747148591,302.633528972922,741.80750320011,0,694.715057948826,565.52127620319,743.087413793783,582.336603526657,576.813423763678,921.651937638854,999.729862071942,232.692601986833,190.126532469738,0,90.1808128374968,133.814681674641,259.659495810831,221.577112769989,25.8736520533791,81.0593505010428,257.079359390492,1.02020840521948,1.00869987513358,0.978997729621643,0.944432892818367,0.944929328203538,0.945487347127575,0.940755949869403,0.942496284074012,1.01490997575116,0.943954208428355,0.943614594562328,0.926018470713604,0.943998729959758,0.947136609703801,0.953933822326957,0.972834531329031,0.977764650016512,0.976618460130235,0.976714267102932,0.97254690950149,0.979831143792789,1.00752646905047,1.00640405453541,0.980854325146485,1.02127944026001,1.00442162122367,0.985914041186622,1.0043128461742,1.00655761547032,1.04754923085954,0.974252601796885,0.943954208428355,0.989533934950592,0.996571652879377,1.03808213575158,1.05518037844848,1.02213108749631,1.0163539097591,1.02804023548516,58.212769879301,58.2158980960196,59.9999931528418,58.2162449151891,58.222863043272,58.2106363735162,58.2113507726373,58.2133567899956,58.2166823229711,58.2086658671216
12.1038637940744,302.671529970964,742.191164504972,0,694.828538081767,565.931135702279,742.675483921917,582.080338431118,576.829782552875,921.757907605582,998.239948587602,232.858830934821,190.132737823417,0,90.3063377912945,133.62402528237,259.760293791681,221.575746292189,25.9316767313159,81.0952584461789,257.521556431454,1.02014060835703,1.00861216200082,0.978899443531847,0.944323314949328,0.944812732995328,0.945368466596158,0.940642502962349,0.942385559045562,1.01484675859332,0.943838769278467,0.943498133460899,0.9259052249819,0.943884354930289,0.947024649234289,0.953826938018161,0.9727301722141,0.97766052660238,0.976515979784771,0.97656821735986,0.972369394507994,0.979756106195421,1.00747391918382,1.00634897180347,0.980758298736893,1.02120634827795,1.0043159444275,0.985809547831591,1.00419041714194,1.00643321853896,1.04749183663755,0.974114417570781,0.943838769278467,0.989405384291915,0.996358522595226,1.03804978167346,1.05513463468512,1.02206976234419,1.01623232295961,1.02801890873015,58.2141243704067,58.218946680949,59.9999931528418,58.2174404648934,58.2230889305521,58.212034947847,58.2127960300934,58.2144903186737,58.2168218092558,58.2088069996375
12.1234528732898,302.774253863396,742.746203870505,0,694.965049223207,566.270279417574,742.307586775063,581.861425386313,576.868727203346,921.790982132381,996.460541050175,233.037840534071,190.105969171959,0,90.4295510030087,133.46550579973,259.860409227276,221.588301113157,25.989599001841,81.1394253723829,258.03877767394,1.02006439079937,1.00851816107552,0.978792053099874,0.944195759636545,0.944671680911865,0.94522375395854,0.940504734836924,0.942251278128128,1.01477060702494,0.943701432631434,0.943358526400819,0.925770497820529,0.943749335288307,0.946895191281559,0.953710195349683,0.972618935359546,0.977550797927494,0.976406553493699,0.976422784734158,0.972198036406928,0.97967233622778,1.00741181345321,1.00628477160983,0.980654711530112,1.02112898340186,1.00421468856606,0.985705176294996,1.00408294901381,1.00632605733367,1.04742993576441,0.97393351912478,0.943701432631434,0.989276961768851,0.996157635631934,1.0380075357714,1.055082384913,1.02200354219124,1.01613036431868,1.0279940819161,58.2154675115608,58.2217781480177,59.9999931528418,58.2185852035083,58.2231105147645,58.2135834725179,58.2143951503332,58.2156184295822,58.2169118077589,58.2089969720663
12.1499159643505,303.00882967614,743.71862010768,0,695.178167169893,566.60224393324,741.910424138239,581.649264460783,576.956056880185,921.721581711192,993.643000264335,233.296700301989,190.026604310997,0,90.5890770956965,133.308627876313,259.998857040582,221.633826198282,26.0669023207025,81.2103281035138,258.841965451139,1.01994981014346,1.00838294181262,0.978634238446914,0.943997626371029,0.944446107179168,0.944991258570938,0.940283836449411,0.942036207949201,1.01464943553355,0.943484389319183,0.943136671503738,0.925557578470049,0.943537176282546,0.946694965795992,0.953537852666712,0.972458395434805,0.977394755586873,0.976249000495942,0.976230975290507,0.971981872282202,0.979543935064561,1.00731015740958,1.00618108264276,0.980502738018117,1.02101938140524,1.00408693767839,0.985565974331471,1.0039641179343,1.0062113447788,1.04734037706687,0.973627752198011,0.943484389319183,0.989106881139349,0.995913332186083,1.0379316589719,1.05499929083119,1.02190787560064,1.0160265044807,1.02795566755043,58.2172229485243,58.2251181250917,59.9999931528418,58.2200314164083,58.2228951833493,58.2158695310283,58.2167506330926,58.2171084058151,58.2170122876339,58.2093461421442
12.1820447896731,303.422292989368,745.148002809069,0,695.466741246399,566.799479666341,741.627729853874,581.555561324687,577.110765229468,921.47260256234,989.690886809784,233.630334455621,189.872553881497,0,90.7681812066236,133.216053238493,260.165666078475,221.735152127523,26.1579598711219,81.3146084707082,259.94957820689,1.0197958753738,1.00820959284338,0.978428110586727,0.943726933509186,0.944131330468185,0.944665831326216,0.93997483915931,0.941735491585467,1.01448007032702,0.943184032845708,0.942828468794523,0.925262928963103,0.943244763967457,0.946422108613683,0.953311127847323,0.972251219902887,0.977196827453964,0.976046841850823,0.976009859514228,0.97174812205611,0.979366264290712,1.00715994960022,1.00602966899997,0.980302619689774,1.02088139118809,1.00394729291409,0.985402145913953,1.00386002908108,1.00611754139295,1.04722488619979,0.973185840581815,0.943184032845708,0.988909826329709,0.995664158186083,1.03781062224701,1.05487984113277,1.02178493603048,1.01595130231186,1.02790287531549,58.2191996842961,58.2282391703344,59.9999931528418,58.221608284391,58.2224070619605,58.2188417802179,58.2197992120345,58.218823864251,58.2171971389542,58.209935219186
12.2141736149958,303.942880086827,746.71587808022,0,695.767240425605,566.776875688404,741.60214363142,581.66994791901,577.309002664925,921.07446550121,985.314547402821,233.976234106322,189.670289194125,0,90.9270383009307,133.228995843894,260.329598092241,221.888517421899,26.2441891004577,81.4318974633787,261.161945939925,1.01963006454131,1.00803100200588,0.978213051262881,0.943436791696556,0.943790316042222,0.944312867217876,0.939639360947016,0.941408874600315,1.01429477252521,0.942859889384167,0.942495290566888,0.924944944444757,0.942929757070139,0.946129642661342,0.953071978484934,0.972035064335684,0.976994128230877,0.975838186929832,0.975806459487855,0.971550553319678,0.979167011566841,1.00698123883636,1.00585111384112,0.980089148152556,1.0207421596249,1.00382600675702,0.985246732093777,1.00379789084363,1.00607067881145,1.04710549977114,0.972701064073119,0.942859889384167,0.98872753649462,0.995471675398268,1.03765805568927,1.0547403350091,1.0216585360151,1.01592803106395,1.02784526003565,58.2209419246503,58.2301863242607,59.9999931528418,58.2229723923674,58.2218595929629,58.2218768640305,58.2228903810147,58.2203925785593,58.2175560189537,58.2107272226268
12.2463024403185,304.52603002773,748.248539607619,0,696.054423008222,566.55943218282,741.847571641985,582.000798760485,577.535186700738,920.570133403415,980.711453117666,234.329184803229,189.461765836342,0,91.0678664167766,133.336632377285,260.50032675866,222.096536475767,26.3272671000229,81.5637747222247,262.423889684673,1.01945783103729,1.00784913789109,0.977991644230593,0.943135747999644,0.943436707326729,0.94394692193072,0.939291388335323,0.941070020924883,1.014102136388,0.942523212909165,0.942149433398882,0.924614665042641,0.942602374919477,0.945825211793328,0.952821685903196,0.97180908113049,0.976785706778212,0.975623364006902,0.975618915175427,0.97138577639552,0.978944323399046,1.00677165732608,1.00564292452246,0.979861096008366,1.02060246324386,1.0037171128503,0.985095915830508,1.00376535139944,1.00605712585321,1.04698356324952,0.972198657366311,0.942523212909164,0.988558487591626,0.995330793675059,1.03747181547365,1.05457801746087,1.02153030808672,1.01594199648622,1.02778531975684,58.2224005575878,58.2309157921788,59.9999931528418,58.2241243084044,58.2214465110763,58.2247890572162,58.2258278927887,58.2217783241962,58.2181792947417,58.2117378474521
12.2856079110305,305.249293602076,749.853918846948,0,696.357982502599,566.094842211636,742.487922585745,582.671085799074,577.82191849179,919.884010741698,975.089650675992,234.759478501986,189.243344564286,0,91.2207075548031,133.568280835249,260.715051285341,222.41043125934,26.4253533406025,81.7449276228105,263.948294226461,1.01924716785687,1.00762714076248,0.97772035144872,0.942772569734234,0.943015831291537,0.943512261482499,0.938877581795635,0.940666811218097,1.01387208010664,0.942119435394725,0.941735983386197,0.924218559549529,0.942208423773089,0.945455480356762,0.952508556211886,0.971523468325253,0.976525879758118,0.975357066368979,0.97540666117534,0.971217846715915,0.978645933821038,1.00648010298585,1.00535428652919,0.979567065655721,1.02043352768792,1.00359150443626,0.984913668109175,1.00374353017754,1.00606097800358,1.04683440734376,0.971613919135785,0.942119435394724,0.988366323418886,0.995210479161891,1.03720571145098,1.05435258206019,1.02137449659348,1.01598261426022,1.02771289793361,58.2237723147752,58.2303058852361,59.9999931528418,58.2252778041961,58.2213621758608,58.2279076259669,58.2289269710767,58.2231990220832,58.2193831332221,58.2132786794078
12.3249133817426,305.901541712543,750.987023425946,0,696.593961303714,565.517014366306,743.427433530981,583.565725591018,578.089948100948,919.238847526377,969.810994990151,235.172046548079,189.075196518952,0,91.3506355267599,133.851075360287,260.932393708454,222.76473183444,26.5158887566866,81.9099706936152,265.388818673312,1.01904378083257,1.00741536545317,0.977464422895706,0.942444943559423,0.942647181383242,0.943133687812277,0.938514933451173,0.940312376885028,1.01366386906998,0.941760690534083,0.941371086288584,0.923866631089258,0.941855974222961,0.945118322955044,0.952205996957603,0.971241132631115,0.976272576933998,0.97510033502547,0.975215416934086,0.971081581212362,0.978334454590524,1.00616574763689,1.00504355292541,0.979270718790908,1.0202747644737,1.00347431768577,0.984738999264863,1.00372944563134,1.00607232240613,1.04669298171199,0.971135255620509,0.941760690534083,0.988192478207967,0.995133744326454,1.03691289396823,1.05410761474662,1.02122744293618,1.01603029155415,1.02764449222461,58.2247110289143,58.228386636077,59.9999931528418,58.226207593851,58.2219097374777,58.2302760118661,58.2312212239322,58.2243226108421,58.2210846347288,58.2151441623587
12.3642188524546,306.412240237212,751.48074121252,0,696.760132631003,564.94335198935,744.531979262476,584.571811568927,578.310020748838,918.729256629455,965.214141905846,235.556387451803,189.021174320547,0,91.4734517622544,134.134791842124,261.152976775087,223.128516139602,26.6024616668766,82.073377031962,266.632395092986,1.01885973186753,1.00721614086925,0.977227157612748,0.94216340205247,0.942346684943566,0.942827761289099,0.938220523319369,0.940023943449512,1.0134920145334,0.941460452422814,0.941069187079924,0.92357209769881,0.941557538241674,0.944823871496319,0.951918104682009,0.970963628446043,0.976024556993597,0.974853742903295,0.975030070988878,0.970950396496334,0.978019085508437,1.005842205569,1.00472352761284,0.978976202757917,1.02012438779285,1.0033464187809,0.984560525701221,1.00368481626677,1.00604889733112,1.04656017239273,0.970784001382669,0.941460452422812,0.988023884857986,0.995061137476753,1.03660925340367,1.05385240488724,1.02108933442655,1.01603895624565,1.02758535636666,58.2252916858929,58.2256988495289,59.9999931528418,58.2269849262722,58.2231535226236,58.2316925391766,58.2325228123903,58.2251891023815,58.2232095448292,58.2173040160479
12.4035243231667,306.721346527816,751.306999636694,0,696.863015315097,564.477927470987,745.6294530945,585.551077764697,578.45630787472,918.414875895084,961.558433139065,235.903141087708,189.089917359372,0,91.5956426497997,134.364887013825,261.369753830144,223.463024158301,26.6841646279779,82.2255249890265,267.622416216562,1.01870240443054,1.00703524306117,0.977017360478284,0.941942454953159,0.94213227816488,0.942613236140686,0.938012083042745,0.939818731150504,1.01336597371098,0.941235658003105,0.940847794559372,0.923351574508619,0.941329480002032,0.944587090388831,0.951656864164058,0.970701372850353,0.975789448497865,0.974625477894422,0.97484517305161,0.970808738048634,0.977718160873645,1.00553180554503,1.00441566516064,0.978696763430684,1.01998569270381,1.00320217511492,0.984378280715464,1.00359205995216,1.00597074502877,1.04644042671655,0.970590679638306,0.941235658003105,0.987856220606071,0.994966076330404,1.03631829549265,1.05360276872605,1.02096373684395,1.01598656521439,1.02753816775041,58.2256368897715,58.2228871036112,59.9999931528418,58.2276794475462,58.2250322964415,58.2320868742172,58.2327868891393,58.2258725715125,58.2256169775006,58.2197102955052
12.4428297938787,306.808480983637,750.528028225427,0,696.93328544147,564.220953153732,746.552087387935,586.371904642597,578.519264733458,918.368372785619,959.011869828196,236.196501861625,189.268432288217,0,91.7168255811317,134.487062624885,261.569606659857,223.729533539408,26.7563501953396,82.3328122780651,268.319170946995,1.01857844671588,1.00687999260204,0.976844929880748,0.941792447448255,0.942012664954848,0.942498609336083,0.937897779956047,0.939704745931101,1.01329039820193,0.941096498030527,0.94071656445602,0.923215058662524,0.941182503269254,0.944419935383816,0.951437493290094,0.970469809380767,0.975579754692677,0.974427262052177,0.97466327432584,0.970652141742521,0.97745461025905,1.00526093936333,1.00414564458431,0.978450610867597,1.01986373708597,1.00304493126614,0.984199517376484,1.00344830847268,1.00583337339822,1.04633860097713,0.970558221717699,0.941096498030527,0.987691594710397,0.994836257034657,1.03606660452821,1.05337850102276,1.02085499564075,1.01586607915486,1.02750482412802,58.2258964688846,58.220576542216,59.9999931528418,58.2283417939355,58.2273681862836,58.2315351231295,58.2321211831127,58.2264688649003,58.2281100354161,58.2223024369172
12.4821352645908,306.676404215792,749.292742443695,0,696.993188228889,564.222426192495,747.144938544604,586.920495045941,578.49842920568,918.58554859352,957.641645651859,236.430046691485,189.53223691753,0,91.8385625555477,134.477753346512,261.745849203962,223.900103195832,26.8174302025783,82.4051262822378,268.711278735597,1.01849189666243,1.00675439085772,0.976713381159804,0.941711484241599,0.94198098061052,0.942475905228401,0.937870918804386,0.939675885567637,1.01326367816379,0.941038511213794,0.940669909152771,0.923158173625709,0.94111327498499,0.94432196520265,0.951266719347033,0.970277715147686,0.975402053197984,0.974264774867025,0.974482822917803,0.970473015817638,0.977244428636454,1.00504931221226,1.00393269274625,0.978249122880184,1.0197602901309,1.00287509664164,0.984027308774948,1.00324857661142,1.00563012689326,1.04625732199554,0.970664676747899,0.941038511213794,0.987528621946963,0.994657030203147,1.03587460147362,1.05319522121504,1.02076451171274,1.01566780898468,1.02748582321606,58.2262264715614,58.2192889398418,59.9999931528418,58.2289944461407,58.2298961569646,58.2302524226704,58.2307714969235,58.2270801588471,58.2304597953038,58.2250129243141
12.5311223631732,306.266721663963,747.46440631096,0,697.081981246636,564.592990832937,747.270602029954,587.122180537999,578.376866873897,919.159025336396,957.521777650521,236.615468191632,189.902653954488,0,91.9747138262487,134.271997237231,261.899773138513,223.942806552148,26.8659495746244,82.417837361337,268.783299268581,1.01844109257312,1.00665142901554,0.976619407416569,0.94170708642052,0.942052006948182,0.942561457273051,0.937946194965774,0.939746064552345,1.01329197958783,0.941073724059514,0.940721250464915,0.923192717402358,0.941132406557955,0.944300112359929,0.951142383490569,0.970119150863867,0.975248513563861,0.974131872105209,0.974280785752757,0.970238301106844,0.977089018188042,1.0049026926491,1.00378101600477,0.978088611401515,1.01966817732288,1.00267153074957,0.983846320592283,1.00295692730356,1.00532223628215,1.04619237684706,0.970946425075481,0.941073724059515,0.987346067763948,0.994384131097364,1.03575160279548,1.05305256421951,1.02068499584244,1.01535097039739,1.02748188950659,58.2269516581601,58.2196038469815,59.9999931528418,58.2297931558794,58.232848403198,58.2281577304218,58.2286900667125,58.2280078083197,58.2328665496793,58.2284495907365
12.5801094617556,305.685473297267,745.69851629085,0,697.178731210152,565.290869079353,746.65339142658,586.76726520803,578.182732716929,919.926725614169,958.937345181648,236.689755745077,190.267340224745,0,92.0830439805143,133.890178918751,261.996491155079,223.810729091769,26.8848918630278,82.3600545195305,268.483805009158,1.01844763464686,1.00660587906597,0.976593913025923,0.941777767167567,0.94219667511186,0.942720638331459,0.938093687681817,0.939887601700883,1.01336573979243,0.941186112570314,0.940848585993975,0.923302970458365,0.941229858376217,0.944359676389758,0.951108418675703,0.970050630356704,0.975171250687088,0.974073434260417,0.974115909583049,0.970010253339767,0.977052161036539,1.00488618057191,1.00375612525555,0.978029065477276,1.01961470444048,1.00249327966991,0.983712251254,1.002653454437,1.00499313180151,1.0461658694566,0.971292846213393,0.941186112570315,0.987196455396712,0.99408403351113,1.03575677058583,1.05300683982685,1.02063962936544,1.0149988819185,1.02749518392491,58.2281951939901,58.222171128947,59.9999931528418,58.2305630800785,58.2351147063165,58.2262030440498,58.2268593832368,58.2292400758626,58.2344454409061,58.2318425833574
12.629096560338,305.078925629731,744.412007930819,0,697.259845065761,566.158568894693,745.406392900605,585.961981744563,577.970505245929,920.69208211602,961.535171483225,236.63688223363,190.534420283685,0,92.1339882847145,133.411358407534,262.002539748912,223.520962449621,26.8614582033534,82.2344091769874,267.882232554757,1.01850943507778,1.00662715025136,0.976642919613586,0.941908921852988,0.942383883509565,0.942919164617882,0.938281472388344,0.9400698025634,1.01346853218336,0.941352002888804,0.941024867743843,0.923465708753925,0.941385311850017,0.944488780290813,0.951173455942628,0.970087955604051,0.975187965967744,0.974103002208732,0.974021868962195,0.969835042556761,0.977143655269331,1.00500558390928,1.00386481524377,0.978084486485982,1.01961058635191,1.00237988225659,0.983655112754804,1.0024053204164,1.00471544022401,1.04618291021957,0.971628608731489,0.941352002888804,0.987109358875041,0.993817056856537,1.03589217288189,1.05306731838617,1.02063512099269,1.01468848190905,1.02752265609189,58.2300423085395,58.2266676569301,59.9999931528418,58.2313096444209,58.2363409208749,58.2251254144505,58.225984981513,58.2308467649344,58.2350921067094,58.2350917525017
12.6780836589205,304.582978957923,743.88003161286,0,697.276798325097,566.990707334913,743.77805730688,584.907872823413,577.790489297163,921.252028211071,964.904472533483,236.454917398347,190.644963210868,0,92.1025678635849,132.942221319295,261.914911854214,223.127500953521,26.7898285506877,82.0568227540913,267.069078927617,1.01861938530018,1.00671800513284,0.976763802552793,0.942080628034767,0.942581759293689,0.943122795847825,0.938477357373981,0.940261535507897,1.01358313271727,0.941544191106225,0.94122064853341,0.923654245271286,0.941573810614662,0.944668153479554,0.951331681924991,0.970230815333979,0.975303220311396,0.974222400693553,0.974027285841289,0.969759462300889,0.977349689570237,1.00523933137445,1.00408709450948,0.978250026104975,1.01966161308565,1.00236470312421,0.983695784445613,1.00227678221761,1.004559704246,1.04624466182387,0.971890113184935,0.941544191106225,0.987110132971742,0.993650413874405,1.03613205165529,1.05322075146765,1.0206747712303,1.01449584181801,1.02756020911933,58.2324536923333,58.2323435525322,59.9999931528418,58.2320843798805,58.2364306363746,58.2254739558466,58.2265554435078,58.2328177901677,58.2349175975972,58.2381250405343
12.7270707575029,304.30660327445,744.186822772967,0,697.18472308092,567.582735748042,742.107514448613,583.858992924841,577.679033966522,921.440144036223,968.65460853661,236.147646508118,190.575131000086,0,91.9709374801131,132.592581561376,261.736846309006,222.695889364211,26.6682718447889,81.8453524843522,266.123890729743,1.01876876343993,1.00687741021744,0.976951174917258,0.942278154473182,0.942770600857366,0.943310887514286,0.938661474418978,0.94044337100511,1.01369780328253,0.941744341593409,0.941416853585208,0.923850592770433,0.941777769981149,0.944882122951858,0.951571782287939,0.970470673464546,0.97551426887889,0.974427641059596,0.974154401933723,0.969824594152695,0.977645568067289,1.00555413823409,1.00439133710286,0.978511543552832,1.01977091410361,1.00247260331243,0.983847227895584,1.00232000184588,1.004583900325,1.04634981381558,0.972046258738649,0.941744341593409,0.987218726621904,0.993646359481663,1.03643992308922,1.05344453338176,1.02076052600046,1.01448486819237,1.02760434710746,58.2352820746721,58.2382269642037,59.9999931528418,58.2329984465259,58.2355790276972,58.2274856117035,58.2287372160605,58.2350766671766,58.2342324890738,58.2408998739957
12.7760578560853,304.303591267985,745.214199302509,0,696.965916852451,567.776150089384,740.741362245651,583.060266419612,577.652836542857,921.164149476587,972.472579699263,235.72866683802,190.339549289453,0,91.7355167772248,132.451678445391,261.48616313231,222.292613624873,26.5011674544651,81.6206112246627,265.105888050033,1.01894799618051,1.00709897577712,0.97719571463425,0.942492388982148,0.942944203479233,0.943477836222421,0.938827772068704,0.940609082111488,1.01380748048371,0.941944001088675,0.94160593703379,0.924046458606938,0.94198784527651,0.945119095523114,0.951876279815406,0.970789403312897,0.975808723875792,0.97470708903065,0.974410546375775,0.970053116269212,0.977997969685403,1.00590905393099,1.00473803187775,0.978845495924273,1.01993667584512,1.00271174671083,0.984108828166213,1.00256018153582,1.00481711904461,1.04649400589334,0.972101325206187,0.941944001088675,0.987442083064092,0.99384484857325,1.03677310014189,1.05370853822432,1.02089115243524,1.01468938424725,1.02765254617538,58.2383085854909,58.2433641053149,59.9999931528418,58.2342027681861,58.2342400825967,58.2310311677182,58.2323451293675,58.237505968563,58.233488226194,58.243399580652
12.8250449546677,304.568663893891,746.679908311926,0,696.64442642897,567.494159804991,739.949389935113,582.690073698559,577.706728735811,920.425142964006,976.149449376893,235.221353259364,189.987516564401,0,91.4100570421718,132.567018658552,261.19049461893,221.969350797287,26.2993370278897,81.4017716523563,264.053789246761,1.01914687605551,1.00737031832176,0.977484099987174,0.942719323916662,0.943108323215346,0.943631335142573,0.938982453116103,0.940764167085926,1.01391307749068,0.942143730633564,0.941790736555406,0.924242393162149,0.942202337694303,0.945371646677152,0.952223472141787,0.971161589448186,0.976165449502929,0.975042071533267,0.974784137037195,0.970441671700019,0.97837143685082,1.00626437574338,1.00508827664094,0.979222666142384,1.02015092489571,1.00307006156522,0.984464752136555,1.00298847269142,1.00525175284054,1.04666923745713,0.972090227449207,0.942143730633564,0.987770450283023,0.994251811838549,1.03709274855386,1.05398192045462,1.02106117082333,1.01510469202891,1.02770317967994,58.2412932022616,58.2470432997736,59.9999931528418,58.2358434686024,58.2330359405509,58.2356501071899,58.2368963606206,58.2399788600963,58.2331870552602,58.2456267181116
12.8740320532501,305.037797666615,748.213645258492,0,696.284187173151,566.761193487331,739.857947377979,582.819776247647,577.818302522953,919.319877394239,979.578767809328,234.659324686718,189.591850116585,0,91.0253974260685,132.932149827742,260.884535822244,221.753752592531,26.0791839710378,81.2044789407608,262.991594856055,1.0193546549329,1.00767318748586,0.977799007634408,0.942957615298869,0.943275833454288,0.943787033909848,0.93913910316658,0.940921205353825,1.01401922512852,0.942349460012461,0.9419802906423,0.924444213550648,0.942424082084737,0.945634744762595,0.952588877753002,0.97155680358155,0.976556050176277,0.975407900850609,0.975243598803352,0.970957684922049,0.978733102051734,1.00658754376536,1.00540948390343,0.979611314838953,1.0203992452524,1.00351512662421,0.984884494902891,1.00356099884981,1.00584224890401,1.0468640508383,0.972066557741141,0.942349460012461,0.988176288317022,0.994833584647095,1.03736988379535,1.05423745555474,1.0212602441972,1.0156857981837,1.02775517202622,58.2440267235974,58.2489498302019,59.9999931528418,58.2380092872986,58.232626684833,58.2406665889424,58.2417333098815,58.2423889366278,58.2337800227647,58.2475954850316
12.9375358192638,305.769214510202,749.702562007401,0,695.902969888176,565.372536111761,740.663764398296,583.622188649168,577.993700751362,917.651782897316,983.605298588545,233.920965793646,189.146724460303,0,90.5133351869044,133.6628499222,260.532900840487,221.628590840486,25.8009562846567,80.9966336144714,261.634829483197,1.01961784432462,1.00807301126222,0.978210970802377,0.94327911120943,0.943519119227751,0.944018086306385,0.939367752550589,0.941148694760799,1.0141657025586,0.942634415682648,0.942247750077732,0.924723754879725,0.942726350519329,0.945981969044429,0.953046825046197,0.972049259397683,0.977057114439021,0.975879285703535,0.975883434291731,0.971713521585218,0.979141884864179,1.00692564414879,1.00574810892651,0.980081160207956,1.02073712905218,1.00413673187011,0.985451850279452,1.00439140383219,1.00670572296655,1.04712090728728,0.97210859578994,0.942634415682647,0.988743973779556,0.995723464999403,1.03764322113053,1.05451050652777,1.02153548012651,1.0165484864227,1.02782267572963,58.2469910048352,58.2491065701838,59.9999931528418,58.2415586833929,58.2341631430241,58.246563430317,58.2473219071052,58.2453206203423,58.2363457006674,58.2497965606519
13.0010395852774,306.413016864003,750.186829596257,0,695.747706588697,563.895257279854,742.062332391201,584.808508700139,578.142506316305,916.131263957301,987.141933804296,233.259008839642,188.895803701046,0,90.0754849283506,134.475534313502,260.286167358674,221.622029411416,25.5697676948225,80.8480765659144,260.36020639036,1.01985137784335,1.00843227443067,0.978583494733321,0.943600428616181,0.943799145644517,0.944293313197889,0.939634395346893,0.941411228107412,1.01432385384861,0.942937676309384,0.942541780541847,0.925021253359494,0.943038695726993,0.946318382486391,0.953442396297312,0.972464685835713,0.977490973090759,0.976292485325293,0.97646620286424,0.972425629735002,0.979455041245236,1.00716264039818,1.00598626629157,0.980466287809021,1.02104834570491,1.00470129169869,0.985958177817747,1.00515564204642,1.00750319985938,1.0473521095944,0.972297587248972,0.942937676309383,0.989263706374939,0.99658531117294,1.03782346235775,1.05470250956602,1.02179509646486,1.01735161686466,1.02788684872825,58.2492886193366,58.2477805133736,59.9999931528418,58.2456880491275,58.2384685838845,58.2507969052503,58.2512841333336,58.2480305647637,58.2409885417388,58.2516419785619
13.0953667228008,306.812043206969,749.011032485176,0,695.984597551092,562.598270783522,743.745246761031,586.239926312769,578.230136128333,915.012866102503,991.217125928583,232.61136996928,188.967775091658,0,89.7280900094421,135.281410222972,260.180428142249,221.643158450342,25.3867841191653,80.720812454258,258.868223445868,1.02008949035104,1.00878279031789,0.978962023281738,0.944002056796301,0.944221326080364,0.944723668471039,0.940043190150497,0.941809591593652,1.01454797165115,0.943355328709414,0.942963180451587,0.925430970094797,0.943452465075711,0.946723439522104,0.953827246142859,0.972844169202761,0.977893157065502,0.976686879545183,0.976999536155003,0.973084280743418,0.979726485107969,1.00735943345787,1.00617949518153,0.980811844508161,1.02135854207408,1.00520819559584,0.98641833917366,1.00581682854053,1.00818946665825,1.04757945449158,0.972812711684782,0.943355328709415,0.989744186996784,0.997391130547017,1.03797942532643,1.05484953436613,1.02206621447167,1.01803988764214,1.0279621174273,58.252032400073,58.246759852986,59.9999931528418,58.2519481986819,58.2488899363613,58.2536149545075,58.2539666660369,58.2518806616195,58.2503510006379,58.2538533893864
13.1500666421445,306.677513616073,747.629214189662,0,696.292751945816,562.643140649446,743.990209491597,586.539200306402,578.201423770206,915.161185384947,992.702259110123,232.478342855928,189.211793136439,0,89.7259365551169,135.364456620491,260.261610751909,221.610002649574,25.3849067396159,80.6905530494602,258.352319213587,1.02014929211954,1.00885360162762,0.979052809972295,0.944152889929812,0.944419866975152,0.944933055292235,0.940238774232451,0.941998434083466,1.01464753975749,0.943534355422759,0.943151810823658,0.925606595185255,0.943621859380206,0.946868739500158,0.953915529086688,0.972913837891021,0.977964797090668,0.976765280180493,0.977069691757695,0.973163231442108,0.979783769515645,1.0074097814214,1.00622342983443,0.980876696787503,1.02142391066026,1.00526317734662,0.986480296658147,1.00585497223959,1.00822351199861,1.04762686930206,0.973158716142063,0.94353435542276,0.98981150651275,0.99748334572617,1.03803632524282,1.05487420085094,1.02213290017057,1.01806806737082,1.02798787614451,58.2536094467052,58.2479865701582,59.9999931528418,58.2553056824333,58.2560460380596,58.2539121759987,58.2543490535242,58.2541535733246,58.2562118654033,58.2549126691251
13.2047665614882,306.335962120556,746.256099333475,0,696.590754454138,563.346329992622,743.457445736045,586.294652730801,578.138347215604,915.866425698669,993.227328708919,232.546190175889,189.513741471974,0,89.8638640971493,135.112929831001,260.426770765141,221.52175569836,25.4587791922606,80.6831555899292,258.213477774497,1.02014051115388,1.00881479222786,0.979032266481649,0.944205588712802,0.944528412786257,0.945052976235188,0.940348412336039,0.942102999333393,1.0146977076582,0.943619138604925,0.943247809002396,0.925689767432124,0.943695436373533,0.946913914700557,0.953894125327918,0.972869823428274,0.977911062376038,0.976723168767849,0.976953787078133,0.973001421687492,0.979773953607362,1.00742505409016,1.00622932074847,0.980842193774978,1.02139236999398,1.00513424845428,0.986384133816431,1.00563180439761,1.0079821146185,1.04760364642718,0.973428234171632,0.943619138604925,0.989713381957082,0.997272245563586,1.03808082176788,1.05486595421692,1.02211930187399,1.01781373728901,1.02799439214701,58.255503617123,58.2511498382231,59.9999931528418,58.258310869872,58.2626857740538,58.2542258990788,58.2548220525708,58.2565681821326,58.2614373725114,58.2558933755378
13.259466480832,305.912907151985,745.300802318047,0,696.785771077446,564.522194485075,742.296136801107,585.616216275667,578.071927478347,916.904765993157,992.542972016038,232.800724636125,189.790586845106,0,90.1083909168767,134.605723867417,260.647981193328,221.407139823283,25.5938337201775,80.6998975811432,258.510820335445,1.02006261913614,1.00867490294431,0.978903768504995,0.944142269032721,0.944512864067016,0.945046044095093,0.940337696566357,0.942090364106056,1.01468214746621,0.943582489411718,0.943220731021067,0.925653814597136,0.943649262081082,0.946843281172573,0.953767074228515,0.972723110074196,0.977745411537323,0.976570406505531,0.976684493677762,0.972644835681167,0.979699104537199,1.0074011940318,1.00619483295605,0.980716642827983,1.02127152845112,1.00485668903908,0.986155645904853,1.00520999633345,1.00753338687655,1.04751455730569,0.973541227111961,0.943582489411718,0.989478300016112,0.996818813750261,1.03810301757866,1.05482593927466,1.02202908195686,1.01734918913508,1.02797897976486,58.2578552310446,58.2559623116078,59.9999931528418,58.2610428575332,58.2679000768798,58.2553881722267,58.2561492608908,58.259155016918,58.2654766735359,58.2568846873363
13.3026267769342,305.616335903891,745.024287092104,0,696.843483395119,565.593477001426,741.144417325878,584.921756362372,578.037698293383,917.778980119172,991.035728913315,233.110590770714,189.948550457604,0,90.3478621429425,134.113413180494,260.843824464027,221.329765277123,25.7295383520302,80.7309797190993,259.063307218085,1.01995607493996,1.00850585748714,0.978735685709132,0.944008025342646,0.944402343595859,0.944938803903443,0.940233138880507,0.941987076507378,1.01461842313552,0.943460553690544,0.943103608101181,0.925534195733349,0.943522575052832,0.946704100877406,0.953599870976718,0.972546082540833,0.97755067769293,0.976384738494188,0.976397242844204,0.972274587730429,0.979593622817675,1.00734682333131,1.00613260824389,0.980560791627352,1.02112507582695,1.0045688244288,0.98590887304321,1.00479729930502,1.00709794461974,1.04740542295479,0.973487338681791,0.943460553690544,0.989225630263375,0.996355437289847,1.03809175430245,1.05476868820758,1.02191223322343,1.0169022868504,1.027951117038,58.2600462735355,58.2604673129642,59.9999931528418,58.2631114506654,58.2706466136424,58.2572783944434,58.2581348537199,58.2613066490964,58.2676486237322,58.2577407911668
13.3457870730364,305.42705832589,745.225844947226,0,696.833818952366,566.593922448491,740.031461105276,584.259062359753,578.034510091797,918.533044097454,988.650892171102,233.488217485531,190.031445947466,0,90.6011296721008,133.636699620596,261.04439803351,221.297035556216,25.8762335977056,80.7798165043761,259.875230597152,1.01981643940033,1.0083008962945,0.978522683093297,0.943806510170184,0.94420820730363,0.944744204268642,0.940046226597295,0.941803924945993,1.01451090232247,0.943261109696449,0.942905868809264,0.925338541303704,0.943321508327308,0.946498337172983,0.95338456965526,0.972327900097123,0.977316648997641,0.97615754721649,0.976079481790902,0.97187767702883,0.979446970814747,1.00725267564921,1.00603232089223,0.980363502302605,1.02094868110304,1.00425807655967,0.985632344859657,1.0043754248042,1.00665658003273,1.04727194369022,0.973301384957644,0.943261109696449,0.988945026296774,0.995869053592002,1.03804157793069,1.05468435757663,1.02176675916009,1.01645374251016,1.02791071437248,58.2624743920271,58.2650525802423,59.9999931528418,58.2652017229542,58.2721250804161,58.2601339432012,58.2610351288195,58.2635206028095,58.2689439261574,58.2587255920812
13.3889473691386,305.392341817798,745.856139789227,0,696.801858179997,567.363508025462,739.174327830694,583.7802947918,578.070661369989,919.038920800301,985.458611452182,233.906533445905,190.034982598056,0,90.8496660219559,133.264083014432,261.231276730527,221.329489567417,26.0231613409615,80.8619807344657,260.9065127312,1.01965106010323,1.00807432452032,0.978279258030977,0.943551574591007,0.943944631344289,0.944476705192537,0.939790451729199,0.941553954712038,1.0143662174015,0.942998142065262,0.942641639965354,0.925080570230285,0.943059897869415,0.946239480229527,0.95313358527369,0.97208100061673,0.977058801863986,0.975903897694954,0.97575897747216,0.971493977038449,0.979261609217504,1.00711511106668,1.00589105053866,0.980133951203597,1.02075523111056,1.00395288287862,0.985348919925601,1.00398842282792,1.00625644505189,1.04712293851932,0.973001196906778,0.942998142065262,0.988661113550833,0.995413290224753,1.03794545155928,1.05457184480881,1.02160310438115,1.01605303330775,1.02785993185861,58.2650372354249,58.2692283056273,59.9999931528418,58.2673645436987,58.2725216990991,58.2638207679448,58.2647151464083,58.2657490853228,58.2695306306332,58.2598936915316
13.4550760091654,305.662098154564,747.302932546893,0,696.833293654515,567.88038589045,738.703204032196,583.654389564645,578.209354421257,919.225785107134,979.412145959978,234.548106400179,189.935148703854,0,91.16996166364,132.987222045632,261.527576758757,221.556071130405,26.2139646350914,80.9805246003046,262.723362022972,1.01937662444139,1.00772984357644,0.977891537566918,0.943105918927839,0.943461690059382,0.943982862533143,0.939319268947288,0.941094110646847,1.01410215868732,0.942523859987707,0.9421613978846,0.924615299814839,0.942591755312973,0.945785850108152,0.952714658160944,0.971679386008534,0.976659913569882,0.975506831144992,0.975330002397431,0.971027308865911,0.978909481360373,1.00681052532618,1.00558631262687,0.979743780528952,1.02047047370554,1.00357369922173,0.98496335080084,1.00357465681847,1.00584069812362,1.04689476602043,0.972399419044569,0.942523859987706,0.988278987143624,0.994901540769887,1.03769080862725,1.0543332400639,1.02135430585012,1.01565156371612,1.02777166276355,58.2689147640802,58.2739842276117,59.9999931528418,58.2707712696126,58.2719418510311,58.270241295896,58.2710588924402,58.2690531646945,58.2697026239272,58.2621470533919
13.5212046491922,306.258791235964,748.831791994703,0,697.07324081469,567.559715521665,739.359970822179,584.34837213985,578.431457547824,918.685152210046,972.74354044923,235.131251927378,189.775959578381,0,91.410725915038,133.127948101198,261.789729957382,221.95581996494,26.3547828979796,81.146616373194,264.608077134735,1.01910316402589,1.00741807189222,0.977525146757419,0.94265738000783,0.942964877245866,0.943473451132378,0.938832522783466,0.940618874998961,1.01382714346436,0.942038187739962,0.941668410380851,0.924138855653344,0.942113587973353,0.945325727591105,0.952295209849942,0.971282663439372,0.976288543825262,0.975134381594693,0.974998731505282,0.970727321452054,0.978506579158503,1.00642288540151,1.00520360830903,0.979339715836339,1.02022177316803,1.00331972697631,0.98466095467255,1.00338703807213,1.00567126495008,1.04668554193723,0.971763918566233,0.942038187739962,0.987981284723762,0.994633230520999,1.03733723510615,1.05403684076213,1.02112868084103,1.01551285058707,1.02768127276501,58.2723851696354,58.2763657250538,59.9999931528418,58.2740517302615,58.2712302536777,58.2763011115235,58.2770167139102,58.2720684452833,58.2698588272581,58.2650375947321
13.587333289219,307.003751499429,749.876183302866,0,697.533898136336,566.660235410011,740.867683074921,585.675791677924,578.694423601583,917.663676802493,966.530866741263,235.596674477544,189.659671988727,0,91.5714309497996,133.559192861695,262.033641370265,222.451035891366,26.4372747567218,81.3173180152694,266.265914619632,1.01886602226254,1.00717042683586,0.977221829554687,0.942277003445998,0.942546446606096,0.943045303526908,0.938421716605321,0.940217050619253,1.01359070801579,0.941625224829643,0.941250805885993,0.923733739304947,0.941705449131845,0.944929047874792,0.951920638167968,0.970926458884832,0.975976805777413,0.974822485398455,0.974769347596639,0.970579369725881,0.978097453187451,1.00600012574166,1.00478776986647,0.978960588344805,1.02003370722448,1.00319407669233,0.984456969315038,1.00340095679522,1.00571765799209,1.04651736146278,0.971246477703495,0.941625224829642,0.987772028069513,0.99457339094783,1.03693458840499,1.05371062325502,1.02095031630147,1.01560047437735,1.02760274964802,58.2751656301188,58.2766942754021,59.9999931528418,58.276833155037,58.2717535108031,58.2805731050145,58.2812136823766,58.2746653885815,58.2708828947909,58.2685734057717
13.6388413445839,307.544824812203,750.133309150086,0,697.972561941039,565.853132407539,742.254132685897,586.87728672205,578.888634576257,916.772653656481,962.674514918165,235.858811062161,189.645299421401,0,91.6551122061251,133.951636796314,262.207733785697,222.820548829124,26.466261635931,81.4401737314579,267.243478627714,1.01872430528896,1.00703120776853,0.97704577782439,0.942061568624846,0.94231891284285,0.942814329460504,0.938198411283814,0.939997854360826,1.01345824046567,0.941394599116535,0.941020179979604,0.923507495628175,0.941474946388601,0.944698442014139,0.951684010473861,0.970695899649765,0.975787005325954,0.974635320339838,0.974642630422351,0.970524608783648,0.977810723857928,1.00569203482557,1.00448391784589,0.978707396915377,1.01993293536574,1.00316054790069,0.984357200370491,1.00349145971866,1.00583591977955,1.04642180607062,0.970995859938923,0.941394599116534,0.987654308240762,0.994597169128576,1.03663684885537,1.05346651725838,1.02084995909214,1.01575094797303,1.02755700006717,58.276810471361,58.2761578347931,59.9999931528418,58.2784676699963,58.273487870438,58.2821117298364,58.2827265649454,58.2763768877645,58.272587245883,58.2717207016126
13.6903493999489,307.931342878167,749.87538181186,0,698.37215360384,565.247008393308,743.416976499861,587.921254140468,579.036057488034,916.03236828407,960.150178848117,236.026601554519,189.709267106434,0,91.715595215633,134.244359181722,262.360306548714,223.097123556504,26.4717474806441,81.531913462105,267.852422557293,1.01863134768439,1.00694151510901,0.976930349043957,0.941933534530076,0.942197524780577,0.942693713133766,0.938079918711397,0.939880653577839,1.01338377375399,0.941263389155778,0.940892419307006,0.923378778740783,0.941340378995489,0.944555111809141,0.951513221625977,0.970521924400524,0.975650753424853,0.97450478948963,0.974542064465676,0.970477950438843,0.977586664633846,1.0054473552254,1.00424057942795,0.978513323289993,1.01987006172233,1.00315458970158,0.984295817708848,1.00358891574418,1.00595620719688,1.04635972338993,0.97090384729051,0.941263389155778,0.987559630028509,0.994609322535826,1.03640135909173,1.05326333664425,1.02078382463671,1.01589680657256,1.02752886547417,58.278091352112,58.2756588363363,59.9999931528418,58.2796034749202,58.2763298643067,58.2820690837992,58.2826842150268,58.2778623841585,58.2750712842775,58.275117978525
13.7418574553139,308.093795772717,749.222637283446,0,698.638058225964,565.03495398438,744.045900318735,588.569029634309,579.108570093548,915.596998042803,959.189437492842,236.100382340411,189.833871112558,0,91.7599118267647,134.338181138769,262.478184842543,223.225394924522,26.4600298089269,81.5771179278161,268.059875110112,1.01859203498745,1.00690046845253,0.976877433373312,0.941894950024186,0.94218155268173,0.942682054118324,0.938065678869576,0.939865250262638,1.0133689455372,0.94123302581659,0.940868054715077,0.92334899232404,0.94130406814407,0.944503622331572,0.95141915649558,0.970416383122948,0.975572625567063,0.974434795543495,0.974456785100187,0.970411198138418,0.977452164824095,1.00530094323943,1.0040917053804,0.978395572589634,1.01984099009611,1.00315440057011,0.98426238486297,1.00364726489352,1.00602728694742,1.04633093083291,0.97095827058894,0.94123302581659,0.987478901993498,0.994562236552624,1.03626490935419,1.05312840959746,1.02074986132752,1.01598155788855,1.02751959605021,58.2791836973432,58.2757829468763,59.9999931528418,58.2803592671306,58.2798391781653,58.2808663300067,58.2815008265632,58.2792192550882,58.2780858067057,58.2786531220259
13.7933655106788,308.009434168702,748.378182099056,0,698.71438779078,565.290686848331,743.959683936988,588.675819761375,579.090762932186,915.53601748576,959.828052594254,236.082674058206,189.983581310794,0,91.7875152299355,134.192911168245,262.545934292073,223.177312260028,26.4345339207582,81.5632252908718,267.878000480765,1.01860672940938,1.00690634849288,0.976885889539904,0.941938654708429,0.942257052728628,0.94276395646694,0.938141800494643,0.939938469020268,1.01340778598867,0.941293179498169,0.940935144632193,0.923408003046476,0.941357289831822,0.944539299353504,0.951407812615457,0.970388276392212,0.975556443944652,0.974427545876716,0.974387417031167,0.970318098533909,0.977424913750627,1.00527494940929,1.00405945521917,0.978366357048895,1.01984226481268,1.00314936111724,0.984252538347339,1.00364383924784,1.00602380936511,1.046334394837,0.971123694487026,0.941293179498169,0.987413094893533,0.994441923718601,1.03624968022823,1.05308126940618,1.02074571899786,1.01597679310722,1.02752837104936,58.2803053350033,58.2769095577514,59.9999931528418,58.280955625424,58.2833742263566,58.2792039539365,58.2798727869254,58.2805799410118,58.2812530882833,58.2822036663778
13.8448735660438,307.708500038233,747.569348223615,0,698.599872851997,565.946822787143,743.150408413515,588.229067628649,578.98513874347,915.815407679777,961.909894410282,235.977019487159,190.116318063028,0,91.7904258405585,133.839598896395,262.549784492218,222.95927787956,26.3952460960907,81.4858769903823,267.356794898764,1.01867156659044,1.00695725274492,0.976952260246291,0.94205110970199,0.942401847724097,0.942915468828538,0.938286029829193,0.940078899902802,1.01348902329597,0.941425654085663,0.941073660632151,0.923537960531055,0.941483678941874,0.944650399879549,0.951479273382091,0.97044177599943,0.975604532856209,0.974483298052056,0.974346103918829,0.970216081334289,0.977509202649537,1.00537346481057,1.0041487896918,0.978430092472342,1.01987208367905,1.00314239369475,0.984268987771397,1.0035842358457,1.00595175037109,1.04636859998824,0.9713531611805,0.941425654085664,0.987373190224716,0.994271710329026,1.03635793531811,1.0531287992588,1.02076950192236,1.01588829416194,1.02755270601841,58.2816701545815,58.2791422731983,59.9999931528418,58.281651403431,58.286286691602,58.277892948319,58.2786105894184,58.2820873473034,58.2841726456789,58.2856517920849
13.9079676513622,307.163663327419,746.905711608876,0,698.279181184054,567.002217867719,741.444275857155,587.130269428329,578.77288321934,916.423698810653,965.93923667027,235.734310648201,190.202436553364,0,91.7395600845701,133.270529588079,262.456256924157,222.523637958516,26.3231275528928,81.3121388553047,266.371399863123,1.01880802335196,1.00707819225242,0.977104776446316,0.942257867334207,0.942637021946743,0.943156941009228,0.938518626965854,0.940306717046666,1.01362592867753,0.941654580776039,0.941306511259445,0.923762537466206,0.941708570173712,0.944865367577992,0.951670030428756,0.970615002737219,0.975750827739998,0.974634294320614,0.974365472700933,0.970136036657902,0.97774716676987,1.00563881815421,1.00440118861436,0.978626745936661,1.01994808229452,1.00315578527973,0.984338929744266,1.00348564129071,1.00582630827118,1.046449751226,0.971653972216776,0.94165458077604,0.987387675226247,0.994080649545123,1.03662901882246,1.05330280439363,1.02083520058383,1.01572649312132,1.02759837291611,58.283908049731,58.2831003655602,59.9999931528418,58.2829655747062,58.2883662161051,58.2778228445209,58.2786176695194,58.2843112823767,58.2869661738947,58.2895895923433
13.9710617366806,306.602901490509,746.755868733505,0,697.891700534352,567.919932909458,739.462271572084,585.817187302245,578.537457702835,917.024257625065,970.909529279121,235.376475043433,190.173077973567,0,91.6043116134146,132.766514727181,262.258197861044,222.009109942427,26.2165509568862,81.0730214205558,265.145698425795,1.0189911748207,1.00725977883209,0.977325284946296,0.942514979819657,0.942901925686224,0.94342446585542,0.938778563286636,0.940562445813841,1.01378345828265,0.941925361620808,0.941576130618835,0.924028173300175,0.941980355042395,0.945140154986459,0.951955072607581,0.970892262049386,0.975987679026862,0.974868477717188,0.974498861857132,0.970179609436831,0.978093899956543,1.00601046565318,1.00476079698498,0.978930770058496,1.02007018475716,1.00323177472927,0.984483217502222,1.00344087892275,1.00575092344883,1.04657043902001,0.971924640834594,0.941925361620808,0.987504283762288,0.994024528950203,1.03699399258015,1.05356882883723,1.02094037489299,1.0156051665605,1.02765523199058,58.2868652958837,58.2877724447605,59.9999931528418,58.2849771413803,58.2887232531279,58.2800936405631,58.2809709192189,58.2870468477519,58.2887356316951,58.2931047393068
14.034155821999,306.221598102628,747.097543149202,0,697.568445154919,568.296606526688,737.827910037932,584.771245385909,578.362436892955,917.299215311942,976.050024283656,234.920611184568,190.031093873057,0,91.3679052946254,132.54409137017,261.979022591122,221.540070394836,26.069626645282,80.8017502097732,263.825444144038,1.01920166789765,1.00749454781634,0.977599595689199,0.942799246717064,0.943171445956847,0.943692676308792,0.939040588362099,0.940821016374449,1.01394474342542,0.942211957926758,0.941856691638908,0.924309324091673,0.942272808536348,0.945448075765002,0.952305934756706,0.97124723362755,0.976301079873194,0.975171121060063,0.97477248752173,0.970410439413394,0.978494207956044,1.00641833523949,1.00516004341566,0.979305588274796,1.02023977868669,1.00340852783239,0.984717630814699,1.00353697369078,1.00582300389651,1.04672459680463,0.972141587117275,0.942211957926758,0.987745760367114,0.994208931901965,1.03737877991357,1.0538760582678,1.02108309725473,1.01563220356128,1.02771707426296,58.2904456045285,58.2923674045919,59.9999931528418,58.2876850956285,58.2879762190945,58.2846766984277,58.2856117359698,58.2902572339299,58.2897083340969,58.2961443564497
14.0972499073174,306.159465770728,747.7374690401,0,697.377362265157,567.93048770537,737.024935732294,584.363388089597,578.312132752563,917.051721122214,980.71733066595,234.39634160913,189.815175329112,0,91.037377734942,132.718832104509,261.661732049183,221.211854550029,25.8862014029539,80.5350674662727,262.531305586728,1.01941984955553,1.00776811352492,0.977908290887491,0.943092173084631,0.94343268446261,0.943949827800461,0.939292122051377,0.941069532761759,1.01409953420342,0.942497264106295,0.942132803661833,0.924589209270425,0.942567134243975,0.945766033618457,0.952687936191452,0.971643485375178,0.976665906790182,0.975518580194579,0.975179678718081,0.970841874703121,0.978891606095578,1.00679670659282,1.0055343267369,0.979707265090546,1.02045124001001,1.00370075358233,0.985039817639137,1.00382225085098,1.00609844593481,1.04690206118579,0.972312941367915,0.942497264106295,0.988105958580394,0.99466968439382,1.03771819234795,1.05417308838569,1.02125701793795,1.0158724388693,1.02777881741792,58.2943626378308,58.296260199324,59.9999931528418,58.2909218925045,58.2872992827811,58.2907771732025,58.2917090641584,58.2937597610621,58.2904690232289,58.2987226168798
14.1603439926358,306.4530278553,748.406067950459,0,697.310017258779,566.898518230599,737.222268483289,584.716570000648,578.404921695063,916.27347182516,984.491348658392,233.850400484527,189.584785329939,0,90.6515033485706,133.259378742318,261.361462738542,221.062784930917,25.6842092153849,80.3067688945049,261.35846883784,1.01962639199011,1.00805639237856,0.978224255584342,0.943375843100555,0.943678217122715,0.944190444919314,0.939526678601142,0.941301049844504,1.01424151216928,0.942767867549128,0.942393604281225,0.924854671074102,0.942847387883448,0.946071604427286,0.953061429686349,0.972036462966053,0.977044502882167,0.975876652178078,0.975671599388444,0.971419732460878,0.979238160296223,1.00709823336446,1.00583568971816,0.980089277714467,1.02068735201385,1.00408584289922,0.985420778351026,1.00428078318102,1.00656369287736,1.04708704206121,0.972462441752787,0.942767867549128,0.988541822038055,0.995346715220411,1.03797093802825,1.05441863713913,1.0214483357636,1.01631754457266,1.02783620073882,58.2982306603698,58.2991875941181,59.9999931528418,58.2944698527328,58.2879830911348,58.2971417938416,58.2979866351406,58.2972896744133,58.2917472465026,58.3009041501331
14.2234380779542,307.020686574203,748.86652917647,0,697.312677432846,565.532654341001,738.216800118979,585.663561450737,578.604592351586,915.149425706744,987.189590697757,233.34397369939,189.399221793808,0,90.275914553828,133.998110939483,261.132393180515,221.067481793586,25.4937430573752,80.1406869340313,260.383906355134,1.01980287469577,1.00832662077258,0.978513490398127,0.943629473691776,0.943898623983237,0.944407033602413,0.939736317393836,0.941507379472475,1.01436475991112,0.943008557832009,0.942626375452619,0.925090788087145,0.943095878491555,0.946340700267108,0.953385351631308,0.972378916591953,0.977390325010672,0.976203246238059,0.976164613424576,0.972031921444822,0.979501414748994,1.00730132370987,1.00604050492148,0.980408614197197,1.02091940120117,1.00450437627689,0.985806736110812,1.00483099834418,1.00713372191632,1.0472587900187,0.972610005053845,0.943008557832009,0.988979758403355,0.996095971659016,1.038125876669,1.05458874864635,1.02163565285169,1.01688278370141,1.02788528227412,58.3016903868359,58.3012842010138,59.9999931528418,58.2981627839658,58.2909451627192,58.30252922714,58.3032118681276,58.3005987927786,58.2941530724148,58.302782215144
14.2865321632726,307.685961003238,748.996399038186,0,697.335942881287,564.30109408488,739.519421714437,586.819171512414,578.835143109824,913.994309869717,988.811784619857,232.94272212763,189.298573873398,0,89.9859906504291,134.694555997596,261.013828397202,221.154194561972,25.3490598939937,80.0461273854887,259.67230246975,1.01993300562983,1.008542643819,0.978740037338573,0.943829299793309,0.944078509607199,0.944585403555483,0.939907346028856,0.941674998175647,1.01446160195124,0.943200097985473,0.94281352592769,0.925278688854771,0.94329172978801,0.94654816138392,0.953623287336899,0.972629265090652,0.977656615570709,0.976455636852863,0.976562490163363,0.972541747688086,0.979667549377285,1.00740985928614,1.00615005241027,0.980632545675684,1.02111263159041,1.004875412809,0.986131598374731,1.00534939701812,1.00767721778389,1.04739484075634,0.972757893292068,0.943200097985473,0.989334943230613,0.996735064627813,1.03819871595742,1.05467935525277,1.02179332069854,1.01743267164652,1.02792224825607,58.3045298245944,58.3029684515952,59.9999931528418,58.3019203113167,58.2963693164199,58.3061641673723,58.3066560197779,58.3035483726462,58.2979516041721,58.304458805616
14.349626248591,308.236283718575,748.814526737826,0,697.370194065513,563.637036838359,740.548825118683,587.737365368598,579.012959319744,913.143037285604,989.447139014048,232.70283637259,189.293635136727,0,89.8442842503356,135.123721213929,261.021027904328,221.238970897399,25.2781078461762,80.0175522067629,259.277132215189,1.0200042651585,1.00867258774608,0.978873152455134,0.943951838704156,0.944197481414543,0.944705317543297,0.940020868701002,0.941785579170973,1.0145226436456,0.943321086283809,0.942934056496573,0.925397378297747,0.943413140036699,0.946671060202962,0.953749622329008,0.972759415400982,0.977806592250426,0.976599441516657,0.976784272545737,0.972830826525686,0.979739098844208,1.0074448360934,1.00618320537534,0.980743125890208,1.0212347597887,1.00512037801304,0.986334952836489,1.00570987291658,1.0080588258066,1.04747560501573,0.972887380308987,0.94332108628381,0.989535624987567,0.997103099216029,1.03821999845493,1.05470260687887,1.02189692491238,1.01782514906359,1.02794364559817,58.3067582646304,58.3047424786729,59.9999931528418,58.3057114341041,58.3036106216878,58.308001918024,58.3083451937225,58.3061560898932,58.3029564139491,58.3060317597842
14.440183010002,308.505921492021,748.299685785175,0,697.502708445318,564.056182052795,740.734758581155,588.05224563384,579.079392368019,912.870755636115,988.805196964259,232.700393948189,189.412628080628,0,89.9470561706611,135.055801719097,261.222364732685,221.254161881169,25.3251129652498,80.0581485693704,259.33451320406,1.01999115658615,1.00867263055687,0.97886748621645,0.943958383298008,0.944221408691781,0.944733070666842,0.940044548076991,0.941807414868083,1.01452956215118,0.943334946274277,0.942952344546668,0.925410974939812,0.943422594029855,0.946669366605639,0.953717977822992,0.972720284366263,0.977786378219534,0.976583797712438,0.976724823315638,0.972754950206484,0.97969965331138,1.00741172654761,1.00614142982091,0.980701348411964,1.0212469145558,1.00515752280407,0.986347347986541,1.00579230095509,1.00815116194428,1.04747286827774,0.972972744759145,0.943334946274278,0.989490025917625,0.997012192114351,1.03821219933181,1.05465527017787,1.02191850414023,1.01792833323992,1.02794235208036,58.3094251587448,58.3081593272427,59.9999931528418,58.3110875940462,58.314450827659,58.3090619287866,58.3093813284819,58.309650829013,58.3109293078369,58.3082958986799
14.5307397714131,308.123611543019,747.878871627353,0,697.791930197324,565.741942272856,739.38722454263,587.236948932092,578.953121163953,913.648410348538,986.408766699737,233.085328136459,189.598794139998,0,90.350143899025,134.316979695046,261.571372097596,221.169875449083,25.5199874756269,80.1578194248242,260.133892256116,1.01984686713698,1.00845914007015,0.978637798810587,0.94375833500266,0.944050475137564,0.944565886183429,0.939881904846292,0.941646987245705,1.01443210797246,0.943146252025351,0.942770690955836,0.925225866002856,0.943226959343178,0.94645549481574,0.953455985642971,0.972442992336953,0.977509670442443,0.97632288507557,0.976275891381892,0.972179981925511,0.979515572973883,1.00729768645805,1.00601467442354,0.980450498418938,1.0210689960358,1.00483459820666,0.986045539287412,1.00537022597484,1.00771350834597,1.04733402826917,0.972873215358757,0.943146252025351,0.98909772857766,0.99629692263391,1.03816556519409,1.05453721267936,1.02178545541063,1.01749158045726,1.02790271297186,58.3123410171983,58.3127334420685,59.9999931528418,58.3161115395608,58.3226436468724,58.3107951186471,58.3113134545472,58.3133373998136,58.3179921101785,58.3107741037297
14.6409343403144,307.338118912926,747.879117089822,0,698.273762359903,567.955235897194,737.170983242119,585.913085475128,578.781214999335,915.068867626435,981.280965843187,233.892719658613,189.795449718084,0,90.9835857520475,133.240639961668,262.039880909687,221.1592562213,25.838923441211,80.3123976592193,261.905851529109,1.01954258671249,1.00801169584403,0.978157769502255,0.943304721604731,0.943623947388406,0.944140226861975,0.939472310625496,0.941245210889283,1.01419575582275,0.942699291778372,0.942330896204816,0.92478739828879,0.942773034135712,0.945982566246813,0.952933236280369,0.971905160551299,0.976960322587834,0.975796357240892,0.975497472468321,0.971223825017317,0.979128003529296,1.00702343981136,1.00572859197469,0.979955688325671,1.02068748419278,1.00417725262189,0.985437502415,1.0045125639664,1.00682307205583,1.04704303882458,0.972493158037091,0.942699291778372,0.988408361987206,0.995139535734489,1.03798953375741,1.05429855965367,1.02147512714781,1.01659758325319,1.0278141718768,58.3172487338601,58.3190154752093,59.9999931528418,58.3213038587751,58.3264909652612,58.3165422388809,58.3173557139477,58.3184746069429,58.3233235199639,58.3144226133416
14.7511289092157,307.079008748274,748.357195488904,0,698.67701945034,568.790730246541,736.365666591895,585.72092547036,578.849086939412,915.78945478806,974.497632664063,234.757247368567,189.899514626155,0,91.4605425998483,132.771219850844,262.427718831043,221.457765989792,26.1002680500631,80.4682607424229,264.056761447028,1.0191907994991,1.00753414759828,0.977638095932911,0.942777843416138,0.943102231382955,0.943615004434646,0.938967407264098,0.940750420435854,1.01390409564429,0.942165072233194,0.941799926678552,0.924263329259937,0.942235801072188,0.945436294959636,0.952363247603962,0.971333260126964,0.976388964278387,0.975240570580533,0.974844335525539,0.970501264488486,0.978631098551017,1.00659606897745,1.0053001369596,0.97940153886093,1.02028622463006,1.00357448073093,0.984851514221654,1.00379027114048,1.0060835941835,1.04672794541273,0.971963430591098,0.942165072233193,0.987822204523037,0.994334429533417,1.03763335252477,1.05396093262749,1.02112581979383,1.01586546038128,1.02770837043602,58.3234025600339,58.3247881031939,59.9999931528418,58.3254278794536,58.3255552579133,58.3252432894381,58.3261084648075,58.3239418227902,58.3253461288524,58.3190678327019
14.8239502202574,307.479446228067,748.75546226295,0,698.823019383933,568.287125103698,737.129002923441,586.550750372132,579.067624001035,915.531368316863,969.90275980541,235.201787032451,189.916687311366,0,91.5926200195749,132.975808828568,262.606499251259,221.819492769498,26.1879355032987,80.5539472480585,265.358240209084,1.01898744492398,1.00728995484796,0.977365089277766,0.94248061128662,0.942797021298375,0.94330621147227,0.938669843934818,0.940458637722411,1.01372966547254,0.941856512019969,0.941491474963344,0.923960631889035,0.941927276574148,0.945127179283658,0.952052127765477,0.971028297497079,0.976099935089922,0.974955064188713,0.974614543800569,0.970314394944325,0.97830308498468,1.00626842956894,1.0049772319677,0.979084611781852,1.02008821260205,1.00334753051964,0.984599647852686,1.00358304912358,1.00588299096359,1.04656269278906,0.971634814997824,0.941856512019969,0.98761083484369,0.994191651908063,1.0373259354101,1.0537087647222,1.02093953000977,1.01567906841114,1.02764585293345,58.3274889944857,58.3278832465677,59.9999931528418,58.3277448831173,58.3246323213189,58.3306714648946,58.3313914442247,58.3273125456961,58.3259009303296,58.3227656109823
14.8967715312992,308.239988068066,749.06525238839,0,698.89142423002,567.246897588718,738.566828045548,587.835750989996,579.347181411191,914.763382042228,966.192915248483,235.464386236279,189.907347089512,0,91.5890059378457,133.457717474712,262.723711034694,222.190410605069,26.2005558220126,80.6159325333051,266.300935241288,1.01884676612571,1.00714681818227,0.977197237055038,0.942281763447774,0.942586241297533,0.943092168915027,0.938462800266238,0.940255362569719,1.01360587465662,0.941645141118831,0.941279349580404,0.923753277171618,0.941716768847005,0.944918489783548,0.951846962257808,0.970831631553907,0.975929339323126,0.97478351324384,0.97455470955868,0.970342722275961,0.978041646996728,1.00597814636319,1.00469223392697,0.978862971936748,1.01997825547506,1.00328990793732,0.984494493621667,1.00361580048769,1.00593515047361,1.04646152942524,0.971399756856646,0.941645141118831,0.987550115417459,0.994315898630629,1.03703754955707,1.05348065518466,1.02082403127264,1.01575147045685,1.02760175685114,58.3309035418638,58.330391137505,59.9999931528418,58.3299517890169,58.3253896273933,58.3340722445414,58.3345992227636,58.3301830243079,58.3269533354364,58.3269218289021
14.9695928423409,309.043522360036,749.234419777318,0,698.952480470056,566.227375952687,739.902478862354,588.997848188723,579.582485982407,913.830180012554,964.189457224264,235.525141332579,189.878127314953,0,91.5060466783842,133.94256673977,262.782893194154,222.424324991956,26.1536020842491,80.6345822915343,266.723930637937,1.01879010426456,1.00711322119724,0.977147608974162,0.942204851519704,0.942498037908927,0.943001748733492,0.938374826105578,0.940168852563406,1.01355175610566,0.941558216479892,0.94119132712838,0.923668004156585,0.941630993957683,0.944835557383048,0.951769113095133,0.970760625358094,0.975885327295654,0.974736405558865,0.974608500556991,0.970482383657019,0.977902025723508,1.00580154532844,1.00451745168343,0.978766981198842,1.01995779777103,1.0033637491279,0.984517912982776,1.00380389292309,1.00614578161994,1.0464321249424,0.971292035020904,0.941558216479892,0.987591400460378,0.994550293606639,1.03685411885771,1.05332980170694,1.02078683870146,1.01597955145273,1.02758304249708,58.3333823837828,58.3325179825276,59.9999931528418,58.3321322725588,58.3283913728334,58.3349839804363,58.3353929453445,58.3325328915805,58.3290639490429,58.3313944863491
15.0255463581526,309.466504157809,749.269981337404,0,699.020338547775,565.777150309997,740.393690820475,589.476375062349,579.676571852509,913.227728703038,964.179305704894,235.44135689197,189.843699743321,0,91.4240839636803,134.156659306322,262.787737011723,222.441050817883,26.090161665799,80.6085560533143,266.644091920528,1.01880923519182,1.00715642265615,0.977186949928959,0.942231472078632,0.942518479034773,0.943021398801369,0.938393626039921,0.940187309813686,1.01356235219503,0.941580633582887,0.941212829943622,0.923689995319233,0.9416543182816,0.944861293320263,0.951798708834164,0.970792529591185,0.975931796859959,0.974780336029664,0.974685967204132,0.970596565115357,0.977902017453172,1.00578093250857,1.00449424030967,0.978787702708168,1.01999484213168,1.00347264262559,0.98459969242922,1.00398390994185,1.00633866389196,1.04645612487465,0.971301318921948,0.941580633582887,0.987656399827728,0.994705520169953,1.03682771197354,1.05329520267445,1.02080765076052,1.01617851537807,1.02758781865986,58.3347305755273,58.3340458596923,59.9999931528418,58.333779909736,58.3319464741299,58.3343699053512,58.3347881192505,58.3340936162782,58.3314385037926,58.3349182902723
15.0814998739642,309.577221262381,749.237598483468,0,699.094273020773,565.779384769327,740.173603515506,589.431521472841,579.66885919604,912.874543775753,965.61552376065,235.259681680656,189.800460594801,0,91.3454226245145,134.148447288882,262.752534082921,222.293320346144,26.0129236345794,80.5386738827882,266.21598236149,1.01888066603354,1.00724940228797,0.977284713001239,0.94232671787179,0.942610665996106,0.943113611646781,0.938483101531325,0.940275361864937,1.01361651357105,0.941675539168976,0.941306815654813,0.923783097637545,0.9417500949864,0.944959501230887,0.951900594800449,0.9708934348201,0.976037422785034,0.974883991868019,0.974768787288315,0.970676663112236,0.978001293196139,1.00587374944703,1.00458075267329,0.978888540170736,1.02006722400383,1.00359661318302,0.984715223804319,1.00414267621198,1.00650190924961,1.04651466588954,0.971385263204277,0.941675539168977,0.98772716490194,0.994783051184763,1.03691695249031,1.0533441745791,1.0208636343677,1.01633738452631,1.02760866078435,58.3358630326652,58.3356040979128,59.9999931528418,58.3353819265932,58.3359177505821,58.333415076147,58.3339276032887,58.3356153306383,58.3342463258668,58.3383842515262
15.1374533897758,309.347927586331,749.147579922458,0,699.133296720527,566.213074224365,739.267919616221,588.895179865642,579.563629962903,912.800367969824,968.375790289909,234.999462131216,189.75149026781,0,91.271559458684,133.924765013172,262.673592078331,222.006292646504,25.9273788503989,80.4246488621612,265.484596851899,1.01899673547193,1.00738116789808,0.977429727762572,0.942479815820768,0.942764006471006,0.943267749238006,0.938632985439059,0.940422925,1.01370810763858,0.941832178302534,0.941462573875139,0.923936760526176,0.941907529645228,0.945119260276321,0.952063855494992,0.97105256569936,0.976190392228137,0.975035718357646,0.974850430929623,0.970717534674112,0.978188170031688,1.00606821522906,1.00476624270027,0.979058393058025,1.02016561228768,1.00372000005865,0.984850604152202,1.00425896771763,1.0066132464674,1.04660059915675,0.971533379890155,0.941832178302534,0.987797716111481,0.99477917896503,1.03710936942258,1.05347138443675,1.0209464631114,1.01643323864981,1.02764326355673,58.3371073230585,58.3372814205224,59.9999931528418,58.336959596207,58.3395873868555,58.3329754723707,58.3336267946551,58.3372716871095,58.3371699369973,58.3416758509783
15.216386831587,308.625627528145,748.933738837173,0,699.046982468752,567.209743602261,737.333889690978,587.682052905534,579.309960773544,913.020213491053,973.825991452504,234.540139599613,189.68286407965,0,91.1519836758671,133.412536672284,262.488958537211,221.484908211578,25.7959167660176,80.2029698972628,264.09973275669,1.01921176851985,1.00761168082225,0.977690170514393,0.942765448548917,0.943054532682754,0.943560515356963,0.938917599157746,0.940703037553835,1.01388163473951,0.942127936615426,0.941757231268169,0.924226899239507,0.942204226907174,0.945418885961462,0.952368367871277,0.971347812203103,0.976463009598074,0.975307085891468,0.974984709357577,0.970759300655088,0.97854851167491,1.0064506736226,1.00513511941266,0.979378785023253,1.02033413839848,1.00389201094778,0.98506470780453,1.00436951133518,1.00670500674117,1.04675311373501,0.971823157515937,0.942127936615426,0.987915180700593,0.994719099027551,1.03748588528226,1.05374155706502,1.02109354796727,1.01648868315389,1.02770798364295,58.339623897689,58.3400055545298,59.9999931528418,58.3393332804545,58.3432096850542,58.3345250725187,58.3353364270799,58.3401113659599,58.3409251462711,58.3458357657109
15.2953202733982,307.815905749953,748.642877142689,0,698.776640292792,568.08869971669,735.470152352508,586.533029686165,579.03872123509,913.299955717597,979.964917951472,234.020596167479,189.62518673842,0,90.9777754217977,132.95757234246,262.236353086818,220.989920734493,25.6509098403824,79.9416572257627,262.537222332862,1.01945285451496,1.00787205342106,0.977987957486889,0.943095238410227,0.94339156576724,0.943900646562513,0.939247431670902,0.941027282329975,1.01408006825071,0.942470715913638,0.942098988675847,0.924563165509608,0.942547847726174,0.945765305550022,0.952721152325266,0.971691070496658,0.976777166444282,0.975618743328748,0.975184511522988,0.970875621498937,0.978948607573132,1.00686593197005,1.00553986208378,0.979745400750683,1.02052561082462,1.00408453393306,0.985308320301948,1.00448603390764,1.00679872292408,1.04692521644832,0.972167584361339,0.942470715913638,0.988091577013409,0.994744000346464,1.03788443449793,1.05405125583018,1.02126126104451,1.01653919586953,1.02778091697082,58.3433233901421,58.3432957589534,59.9999931528418,58.3421902464983,58.3447733987211,58.339048549841,58.3398873538211,58.3436688716581,58.3439630939749,58.3493122085733
15.3558987815974,307.419826687313,748.406326769942,0,698.496839910186,568.321796008936,734.627735835976,586.073841151874,578.896773583384,913.32936136138,984.298823037524,233.613721496455,189.590633826841,0,90.7891109591454,132.836435836002,262.020061223995,220.723131714175,25.5302569799409,79.7403713575177,261.386330167486,1.0196317538942,1.00807729971923,0.978222612865584,0.943351257372802,0.94365177451234,0.944163309800425,0.939501198990413,0.941276375497638,1.014229831631,0.942735909193624,0.942363221092515,0.924823319947195,0.942813871158963,0.94603400912827,0.952997799440358,0.971963275773836,0.977029929310175,0.975867249741003,0.975407578197686,0.971073672913894,0.979235033162947,1.0071470731128,1.00581690431715,0.980025843316064,1.02068113484488,1.00426531783915,0.985519168174854,1.00463276418603,1.0069325441891,1.04705922389651,0.972436628128111,0.942735909193625,0.988289167205341,0.994915679702973,1.03814261525622,1.05427056125181,1.02139497494716,1.0166428129647,1.02783517352696,58.34688027886,58.3462656159045,59.9999931528418,58.3448946147543,58.3450507675936,58.3441251944061,58.3448800294608,58.3468378393466,58.345892760285,58.3515060671938
15.4164772897966,307.390377686931,748.219269480484,0,698.249560354056,568.012180647198,734.539681808746,586.151493205898,578.863739471122,913.073976696077,987.67531612692,233.232635388308,189.559797747887,0,90.5589099683225,133.002224871507,261.816859936718,220.594888755198,25.4070516371254,79.5637726059649,260.410973680051,1.01978637384199,1.00827202391538,0.978443546027199,0.943584496871928,0.943885191623153,0.944398632545363,0.939727656742049,0.94149833873273,1.01436075786847,0.942975216737029,0.94260109738066,0.925058080493635,0.943054499792135,0.946278580396741,0.953255011688985,0.972220661877422,0.977275029516651,0.976105278352842,0.975689354612179,0.971379457592528,0.979472163336892,1.00736037340186,1.00602960558692,0.980279567717359,1.02083509816333,1.00447912651085,0.985745624442282,1.00485390560708,1.00714947883777,1.04718414803184,0.972676373230821,0.942975216737029,0.988539126294761,0.995250209278142,1.03832575079602,1.05444384271864,1.02152392752807,1.01683801445619,1.02788207576759,58.3507186479962,58.3495940746076,59.9999931528418,58.3480785657047,58.3454396304709,58.3496667611147,58.3502841194699,58.3502133462775,58.3477979411369,58.3533510506049
15.4770557979958,307.74045910551,748.147716197456,0,698.117891324508,567.234423891548,735.117622459048,586.704835068993,578.951378889941,912.549048732156,989.767480668724,232.910158081882,189.525218761146,0,90.3162419124586,133.421697757617,261.65811419558,220.591582216312,25.2934686568551,79.4293269312203,259.702531456671,1.01990311939249,1.00843941148648,0.978631133063154,0.943772074067856,0.944067139144253,0.944581376649116,0.939902783325098,0.941669759012346,1.01445968687541,0.943164223321177,0.942787955074047,0.925243495831561,0.943245574394301,0.946475451034051,0.953470309624824,0.972441413873473,0.977491752493215,0.976312389897129,0.975998254654033,0.971755814482811,0.979644710596768,1.00749552184569,1.00616625808801,0.9804865152602,1.02097451977025,1.00470910753566,0.985969215721269,1.00513350770335,1.00743430239838,1.0472890987811,0.972855961147434,0.943164223321178,0.988813484065223,0.995704195089643,1.03842920221573,1.05455833201279,1.02163745019869,1.01711192250532,1.02791730450272,58.3544301308156,58.3531543621413,59.9999931528418,58.3516197843191,58.3468282651044,58.3547335079603,58.3552136930382,58.3535771413454,58.3500443873448,58.3549491227911
15.537634306195,308.356879569433,748.242857242496,0,698.140899737716,566.23241660299,736.054567966638,587.518998445207,579.136625982584,911.874834060787,990.49012701624,232.680757223564,189.480506595658,0,90.105224962943,133.972011500265,261.571004395411,220.668714446646,25.2067001146038,79.3481785551744,259.319855416156,1.01997214680993,1.00856057469283,0.978764458636978,0.943892927630092,0.944176233910872,0.944689778034341,0.940006168528144,0.941770851303612,1.01451630739319,0.943281367919304,0.942902189192828,0.925358414607323,0.943365582986575,0.946603156917498,0.953621579010881,0.972602604729735,0.977655650593451,0.976465457243757,0.976280450617617,0.972128000061088,0.979746512609248,1.0075570549891,1.00622940790053,0.980629039093985,1.02108238851631,1.00492024977435,0.986159521929701,1.00542187409877,1.00773487346574,1.04736254259925,0.972949135307093,0.943281367919304,0.989064578835513,0.996179417060167,1.03846517743563,1.05461242465291,1.02172274770132,1.01741197467427,1.02793767000175,58.3576618165617,58.356730941823,59.9999931528418,58.3552986319098,58.3498259682952,58.3586390665087,58.3590253866765,58.3567210637833,58.3529088834078,58.3564210335967
15.5982128143942,309.043142669573,748.514298500308,0,698.297989069653,565.340951954997,736.94654981423,588.30690433606,579.367140552452,911.2365901913,989.976387245706,232.573365486737,189.424979919264,0,89.972135776389,134.48115778087,261.571224840514,220.769993687573,25.1641058326338,79.3221533619199,259.28312518152,1.01998842567571,1.00861837633341,0.978825464699784,0.943932146416174,0.944199166567652,0.944710507955075,0.940025539666362,0.941789788564402,1.01452508661805,0.943312522729499,0.942929947863981,0.925388977456442,0.943400123543811,0.946646525988382,0.953690821875255,0.972684124573891,0.977743371951671,0.976543193271855,0.976474928290095,0.972405989732458,0.979778361699761,1.00755853970358,1.00623081654749,0.980693855210404,1.02114140614637,1.00506891475433,0.986281698914298,1.0056504378783,1.00797791886418,1.04739445576492,0.97294174462544,0.943312522729499,0.989238323641545,0.996553122158194,1.03845457991721,1.05461303726143,1.02176746860717,1.01766196509659,1.02794154634748,58.3602302155358,58.360062322938,59.9999931528418,58.3588812651809,58.3545329272479,58.3611614562578,58.3615143697308,58.3595077252356,58.3564657465635,58.3578853876519
15.6587913225934,309.588660724893,748.913629836157,0,698.522917419951,564.870404757228,737.442921261674,588.813841896445,579.577147136807,910.81831735815,988.507173786309,232.604157419421,189.366561450089,0,89.9517375969204,134.786992601738,261.659603382004,220.849406199901,25.1775724510221,79.3444619232893,259.572124238489,1.01995244545134,1.00860192656396,0.97880352013515,0.943884875102228,0.944134577347484,0.944642644799391,0.939960347601254,0.941726125397011,1.01448674830964,0.943254834123143,0.942869009311338,0.925332384970995,0.943345709019451,0.946600412082629,0.953667925100295,0.972672900113588,0.97773839400256,0.976531393049602,0.976531531565844,0.972512443796399,0.97974485519535,1.00751500617129,1.00618457370232,0.98067382792376,1.02113877941994,1.00511632076025,0.986306621177573,1.00575407770507,1.00809307081364,1.04737886127101,0.972837387912672,0.943254834123143,0.989290157118284,0.996717189942028,1.03841702030964,1.05457087942137,1.02176289929396,1.0177873293342,1.02792920524454,58.3621739846173,58.362916469325,59.9999931528418,58.362203870077,58.3604802611112,58.3625760193218,58.3629479712062,58.3619111081793,58.3605433809102,58.359441980015
15.7193698307926,309.840330354964,749.338848662549,0,698.739820264854,564.997318751904,737.364784911653,588.904177123791,579.708688374334,910.736795962453,986.417640414665,232.771333450455,189.321667797569,0,90.0571365677078,134.79169545335,261.822531801539,220.886813273663,25.2490540637916,79.4022830414455,260.131842789634,1.01987006686852,1.00851007799524,0.978698713138142,0.943758119983304,0.943994179531745,0.944498741950422,0.939822651258453,0.941591618525193,1.01440841220721,0.94311807637627,0.942730039697578,0.925198225709441,0.943211217689626,0.946471406507852,0.95355318695837,0.972566116722668,0.977635767166134,0.97642708745754,0.976426120955619,0.972407003839091,0.97965157501622,1.00743660321184,1.00610103464045,0.980569139872531,1.02107029121561,1.00504143156309,0.98622024224467,1.00569328223641,1.00803688798017,1.04731571267644,0.972658237855973,0.94311807637627,0.989198446405957,0.996612764766945,1.03836306827097,1.05449556794708,1.02170658071517,1.0177406734525,1.02790280181633,58.3637298900698,58.3651752056191,59.9999931528418,58.3652167948567,58.3667683769163,58.3635108483762,58.3639327690386,58.3640221980192,58.3647688399951,58.3611625896383
15.7799483389918,309.751222964888,749.662566469864,0,698.901085588259,565.701477741424,736.755053875655,588.602554354573,579.731769384956,910.99850978344,984.011139508193,233.053924088316,189.310824938693,0,90.275559191564,134.493477592224,262.035881331901,220.892404663043,25.3687623735148,79.4807401111707,260.883853048627,1.01975156334827,1.0083527897692,0.978522883784474,0.943569802534233,0.943800505966134,0.944302349112118,0.939634739623585,0.941407915348178,1.01430220459331,0.942922932952917,0.942534629788228,0.925006790136702,0.943016419823535,0.946276993715503,0.953358152455896,0.972372885446826,0.977444630076321,0.976240485181663,0.976168393875328,0.972099303642099,0.979504137489478,1.00732616073333,1.00598422149224,0.980388022705735,1.02094237378452,1.00484893601121,0.986029189144294,1.00546852765,1.00780858138535,1.04721157116871,0.972439983376305,0.942922932952917,0.988971405562532,0.996249194121999,1.0382916845985,1.05439278782819,1.02160352124103,1.01751881105231,1.02786599053408,58.3652432847004,58.366894001279,59.9999931528418,58.3679696081087,58.3723577570312,58.364689715071,58.3651708256252,58.3660155316838,58.3686853573185,58.3630899384381
15.840526847191,309.391608806115,749.7764434954,0,699.00693189063,566.775032689871,735.847572846332,588.076791562893,579.655684843543,911.496534344318,981.505866243457,233.414404623734,189.35073643806,0,90.570249054532,133.985109925772,262.27044007057,220.898596033304,25.5164931279847,79.5660692415608,261.74011556788,1.01961017001993,1.00815010612215,0.978298322281053,0.943345499488627,0.943582003642858,0.944082764185614,0.939424232803768,0.941201830358975,1.01418274215689,0.942696838809039,0.942310789920666,0.92478499192697,0.942788167886234,0.946042620606923,0.953104976797959,0.972114439760744,0.977188173649391,0.975994475697734,0.975800921603048,0.971647701033828,0.979309972124798,1.00718195550586,1.00583407686152,0.980147423558135,1.02077174010942,1.00457006887417,0.985761188756575,1.00512243861126,1.00745252618857,1.04707894546121,0.972222193180991,0.942696838809039,0.988646251481581,0.995702466413225,1.03819408790349,1.05426503117367,1.02146585299486,1.01716582924156,1.02782328342633,58.3670462325305,58.3683068951781,59.9999931528418,58.3705502691385,58.3764080393965,58.3666602510178,58.3671955923284,58.3680859504803,58.3719014103894,58.3652429919712
15.9011053553902,308.919919473366,749.63563666187,0,699.097081856291,567.898734215789,734.971759070498,587.570963019833,579.526393792757,912.047942788917,979.027045814704,233.804618825581,189.44560760677,0,90.8880654438344,133.420896357333,262.497390997864,220.943213677852,25.6659021851395,79.6472158440734,262.61548340242,1.0194604929551,1.00792894448297,0.978054326884509,0.943113711209981,0.943366908066171,0.943868566455388,0.939218103272682,0.940999595766691,1.01406422852712,0.942468528454359,0.94208717767757,0.924561019615865,0.942555265220296,0.945797365086859,0.95282411277222,0.971822342246005,0.976900703146514,0.975721538863675,0.975389622829116,0.971144183060195,0.979081534949115,1.00700393316351,1.005652036716,0.979872845912459,1.02058257371825,1.00425582211995,0.985459929409969,1.00472890314943,1.00704663402569,1.04693442796201,0.972037214659551,0.942468528454359,0.988280836840179,0.995093868595903,1.03806189441661,1.05411507458644,1.0213110135585,1.0167611183581,1.02777933118397,58.3693456889016,58.3697642567264,59.9999931528418,58.37301533639,58.3785427066214,58.3696034005273,58.3701815492079,58.3703769780676,58.3742178011176,58.3676250472896
15.9616838635894,308.525648344351,749.284446702433,0,699.220443546285,568.753263023876,734.429336266024,587.313789986152,579.409624010844,912.456513937502,976.640463382969,234.17398230948,189.581751218588,0,91.1716366356933,132.964095457217,262.6929012845,221.050968582408,25.7908315695249,79.7161573435849,263.436455829971,1.01931697323174,1.00771825004706,0.977822084179188,0.942900698009773,0.943177609506591,0.943681789413907,0.939037315841512,0.940821709578896,1.01395796672163,0.942262641718182,0.941887571463968,0.924359044860139,0.94234320406441,0.945568987628825,0.952549989653598,0.97153403415288,0.97662173636712,0.975458178426389,0.975007677290037,0.970689370257224,0.978838368374204,1.00679970628202,1.00544647927797,0.979596051406807,1.02040170663505,1.00396415647862,0.98517525010479,1.00437232032677,1.00668008408116,1.04679588599018,0.971901524879954,0.942262641718182,0.987939562878116,0.994554989483529,1.03789528494437,1.05394971284309,1.02115869635209,1.01639612352773,1.02773829038661,58.3721588119914,58.3716175144423,59.9999931528418,58.3753510623953,58.3789490096492,58.3732858561595,58.3738921657385,58.3729274230055,58.3756886927626,58.3702306589164
16.0438652883925,308.37676055449,748.722169427549,0,699.470339269344,569.129860278403,734.478871612651,587.559916629324,579.373615709027,912.53983179479,973.685541481608,234.563246139025,189.77285354433,0,91.4192606225088,132.712528726667,262.880789134958,221.286211833839,25.8883698782757,79.7809697771714,264.35881765794,1.0191555920794,1.00749463113858,0.977574464945917,0.942676113893472,0.942983818054479,0.943492060398094,0.938852139691239,0.940638826697894,1.01384536835644,0.942047766517802,0.941680904630917,0.924148252427227,0.942120247060345,0.945324875776507,0.952247671290462,0.971215253227165,0.976323002408077,0.975176156140977,0.974644488861751,0.970290565747886,0.978534019247797,1.00651722557106,1.00516580629257,0.979278018648241,1.02021169660615,1.00369135669075,0.984893048464534,1.00406983978193,1.00637437225936,1.04664600803909,0.971787989483632,0.942047766517801,0.987610891171448,0.994112699367125,1.03764292981214,1.05372620398117,1.02098888851056,1.01609640438902,1.02769304505232,58.3764404543888,58.3751078289407,59.9999931528418,58.3781828982441,58.3780485620875,58.3784206429232,58.3790340924778,58.3766279354513,58.3769066220698,58.3740984617259
16.1260467131957,308.746953537787,748.404616327395,0,699.750198194243,568.619440163785,735.266321865928,588.367549207822,579.515812287678,912.056187542325,971.350165365286,234.767558196318,189.889862491539,0,91.4698812966096,132.902809116989,262.969376454578,221.545602456794,25.8930225540427,79.8045485461579,264.970479961678,1.01905354321893,1.00737483408217,0.977438810224088,0.942545330903616,0.9428677782177,0.943378152765487,0.938740028257604,0.940527774922848,1.01377447661128,0.94192005920708,0.941557688853745,0.924022971637941,0.941988132828261,0.945181268955341,0.952072557212097,0.97103374627447,0.976164957930944,0.975024799075958,0.974515511757498,0.970200457984433,0.978317751158699,1.00628782477366,1.00493971115368,0.979082124466884,1.02011338070049,1.003605373085,0.984777102618397,1.00402881919479,1.0063429530529,1.04656106853842,0.971719339036653,0.94192005920708,0.987487356419608,0.994062851570327,1.03741928790375,1.05354343145101,1.02088665640089,1.01607476920518,1.02766423928903,58.3806299204719,58.3795478396223,59.9999931528418,58.3805208690258,58.3773353322565,58.3824651960462,58.3830438282934,58.3802455683565,58.3781076459259,58.3782963051325
16.2082281379988,309.443775492142,748.596247987069,0,699.91731308263,567.630682129866,736.216762598505,589.292893954395,579.767718282814,911.232838305634,970.145429696966,234.767096108002,189.865928349093,0,91.3471051485014,133.347877691587,262.963993807494,221.703665107971,25.8222106307531,79.7796588207003,265.191841447192,1.01902628873433,1.00736913379697,0.97742664021158,0.942513134370735,0.942825185695123,0.94333375343938,0.938696717021102,0.940485193906686,1.01374722722777,0.941880411891257,0.941516520322373,0.923984077647012,0.941950029986988,0.945147091889425,0.952047810455745,0.971015461848203,0.976164273996955,0.97501943206491,0.974601405339669,0.970365850080613,0.978243441227496,1.0061805101186,1.00483358373127,0.979043989947562,1.02011197793051,1.00369018977498,0.984825275484475,1.00420465703493,1.0065355477414,1.04654934063251,0.97165825259866,0.941880411891257,0.987554142788134,0.994315347796295,1.03730047041685,1.05344853410554,1.02086293923906,1.01627637906473,1.02765497199246,58.3841013977425,58.384166576692,59.9999931528418,58.3824570046103,58.3784547310476,58.3846133750662,58.3851261971127,58.383411883898,58.3801266323523,58.3827157811646
16.290409562802,310.082280370235,749.25248555955,0,699.866570096472,566.769929694822,736.652533512509,589.809307643228,579.983013817675,910.456560893841,970.62487381742,234.581815392959,189.698721875802,0,91.1265281359787,133.750071969027,262.879788967796,221.657638682239,25.710016949453,79.6978763781872,264.965003176111,1.01907903094074,1.00746361824439,0.977524848300059,0.942575076699796,0.942855840689437,0.943359052786586,0.93872330283888,0.940512480834765,1.01376701088085,0.941927134998805,0.941556332776322,0.924029912985381,0.942003618117701,0.94521834172462,0.952164187231492,0.971147070699793,0.976299080810856,0.975141718349622,0.974818850462101,0.970651749557166,0.97833401678196,1.00623976340543,1.00488948402554,0.979162534885059,1.02018985175053,1.00387725694462,0.984989235302935,1.00447593780475,1.00682038921401,1.04660409837534,0.97160663635082,0.941927134998805,0.987739800125079,0.994677730394701,1.0373412929207,1.05347437068989,1.02091114334804,1.01656168919985,1.02766690864499,58.3866569916963,58.3879659310465,59.9999931528418,58.3843509750086,58.3818445094901,58.3851774102955,58.3856322020353,58.3860317890771,58.3832517133681,58.3871827991605
16.3725909876052,310.309947420145,750.012469364859,0,699.621074483991,566.481050776059,736.191801038359,589.62597451846,580.032249810484,910.040374844713,973.08892902461,234.255125634499,189.459649474305,0,90.8913245710571,133.885855475628,262.734174354759,221.387612392812,25.5868327418019,79.554987870143,264.27527903222,1.01920515101388,1.00763099563403,0.977706745340887,0.94272479404225,0.94296960727556,0.943466771670006,0.938831283033319,0.940620435885839,1.01383937295826,0.942062344720922,0.941682650847606,0.924162553635097,0.942147615032767,0.945385041807871,0.95238895987798,0.971387075822685,0.976525237406059,0.975353792238262,0.975073792072231,0.970926355209449,0.978570856888478,1.00646206879281,1.00510392640416,0.979403741473881,1.02031985205417,1.00409018068907,0.985206804098948,1.00472162365968,1.0070678342943,1.04670933334716,0.971614578546404,0.942062344720922,0.987962267714631,0.994975721861536,1.03754586350769,1.05362232701343,1.02101376837324,1.0167950498158,1.02769994141905,58.3886436751176,58.3903610161277,59.9999931528418,58.3866493181653,58.3866839308442,58.3854233225742,58.385873581413,58.3883623382848,58.3871387293373,58.3914706391976
16.4547724124083,310.013755452285,750.399819729475,0,699.318917269897,566.813729266599,734.965583674845,588.858402884719,579.886439549245,910.048670438825,977.312713877947,233.839799224468,189.258815458989,0,90.6936132833096,133.724539756961,262.546393656443,220.973674245288,25.4673957260736,79.3593058523177,263.188130782375,1.01938524802494,1.00784052853562,0.977941018895896,0.942951628271079,0.943175277777815,0.943669464836568,0.939030638734222,0.940817791707344,1.01396538625579,0.942284858889271,0.94189869374783,0.924380839889925,0.942376460371741,0.945630476328706,0.952676897373741,0.97168142290926,0.976794186868329,0.975612887735668,0.975305434623278,0.971124963988088,0.97889686235386,1.00679115890776,1.00542297907801,0.979712026011362,1.02047666863628,1.00428273804111,0.985431103044862,1.00488492215618,1.00721936002688,1.04684516777095,0.971747998931968,0.942284858889271,0.988167312085865,0.995139596911064,1.03785983380598,1.05385595187261,1.02114917222683,1.01691778397734,1.02775086149485,58.3907507490972,58.3916236406514,59.9999931528418,58.3896216590995,58.3915528209272,58.3868518750232,58.3873619293125,58.3908637605792,58.3910952246971,58.3953480099221
16.5226794830212,309.491583240498,750.214198089217,0,699.134457173878,567.343187296037,733.752941098504,588.084288946764,579.675251439457,910.242826858218,981.589600373873,233.467452321933,189.185977995308,0,90.5650200419824,133.469371966281,262.375035053188,220.620682550416,25.3719979153116,79.1742100494104,262.1009820079,1.01955416486156,1.00802556173724,0.978152268365936,0.943182065748887,0.943407953164755,0.943903771661883,0.939258056641437,0.94104145562869,1.01410241130551,0.942522998977328,0.942135477741029,0.924614455162598,0.94261583379891,0.945873478072186,0.952929524814301,0.971929671809558,0.977020284842249,0.975835936623759,0.97546900732805,0.971240068827623,0.979180771585311,1.0070830830205,1.0057072838912,0.979975275931443,1.02061331862715,1.00442223012773,0.985607030825829,1.00497150769346,1.00728999648996,1.04696650379346,0.971976292123295,0.942522998977328,0.988313460394897,0.995202485754449,1.03813947139156,1.05407122911536,1.02127117532521,1.01695802189987,1.02780155231506,58.3930416113302,58.3925264650007,59.9999931528418,58.3925710679311,58.3947833870292,58.3896037021559,58.3901823917673,58.393343281199,58.3939920063056,58.398120032619
16.5905865536341,308.957676207876,749.590573296503,0,699.059222835824,567.801136100557,732.803141197473,587.523718551269,579.477058700735,910.39415819123,985.823634271813,233.102838675399,189.21298080219,0,90.4527400989759,133.25334634118,262.207686142272,220.348770038329,25.2769202459929,78.9911917771077,260.996436432005,1.01971879961806,1.00820520146733,0.978359725630471,0.943426373307513,0.943671053484555,0.944172006257597,0.939515935413617,0.941293921776781,1.01425195767228,0.94278347442851,0.942398294013579,0.924869981412185,0.942873854985868,0.946125791881006,0.953167926261532,0.972156616960931,0.977231257444963,0.976047629431418,0.97561970345238,0.97134937843159,0.979431994573971,1.00733711878517,1.0059561023173,0.980213197356541,1.02074763402632,1.00455788486895,0.98577441361586,1.00505884484013,1.00736231991334,1.04708404128417,0.972287214120666,0.94278347442851,0.988448268912494,0.995267361946593,1.03837894422198,1.05426502014148,1.02139056439449,1.01700079131039,1.02785335318525,58.3960193058292,58.3941410355242,59.9999931528418,58.3958013173757,58.3970842568963,58.3937582147773,58.3943744341129,58.3962873502755,58.3964282495684,58.4004594555999
16.658493624247,308.640139578612,748.770758375486,0,699.074369514155,567.964369510116,732.404000582351,587.385415056952,579.37055520874,910.330374505148,989.276944026167,232.777928864164,189.307094728654,0,90.3401296767639,133.189640664013,262.064442702183,220.206068423085,25.1839321258511,78.8338592785957,260.0395256217,1.01985835113356,1.00836496881321,0.978544266545791,0.943651431779126,0.943922014801909,0.94442966383088,0.939761833934002,0.941533848827945,1.01439006723519,0.943027230949006,0.942646358656576,0.925109106401955,0.94311321217765,0.946354482295522,0.953370307539298,0.972345651762128,0.977414364696922,0.976232640942442,0.97577154789304,0.971486614465909,0.97962157279652,1.00751813762113,1.00613485896106,0.980404656996123,1.02087134750525,1.00470241525977,0.9859350082357,1.00518598951699,1.00748118637767,1.04718709515353,0.972614653953724,0.943027230949006,0.988583485643967,0.995389914998454,1.0385426528201,1.05440869928279,1.02149747601239,1.01709738239852,1.02789888779301,58.3995557381102,58.3970047449175,59.9999931528418,58.3991296420456,58.398808513775,58.3987211583951,58.3993096591944,58.3995850413756,58.398591142672,58.402408258675
16.7089773774009,308.632143165643,748.233405225677,0,699.115022756021,567.840670137006,732.513497234796,587.584530976481,579.375332177146,910.096547640177,990.987594445258,232.580674425598,189.386384439665,0,90.2527277115665,133.269610711648,261.985664076629,220.187874798538,25.1208825057346,78.7453877059141,259.512761806649,1.0199354088843,1.00846216507852,0.978655117601722,0.943785099942643,0.94407213831866,0.94458418572171,0.939908504700873,0.941676627916176,1.01447037066468,0.943172085275252,0.942794215651058,0.925251208403376,0.943255015683382,0.946488861369308,0.95348643469931,0.972454219440364,0.977525315259893,0.976344124459502,0.975886676666001,0.9716131885616,0.979713739955967,1.00759615210663,1.00621281738423,0.980508836723687,1.02095035808228,1.00481599535039,0.986047145369584,1.00531495949669,1.00761031878629,1.04724823908274,0.972819034135099,0.943172085275252,0.988685494908636,0.995530385348303,1.03860716242554,1.05447382119517,1.02156318524495,1.01721722508639,1.02792456432963,58.4023561441395,58.4000060389364,59.9999931528418,58.4015932639585,58.4000809595353,58.4024478290483,58.4029706003114,58.4021365036861,58.4002262592815,58.4036621800574
16.7594611305548,308.831270635824,747.927003640708,0,699.155292888655,567.536521610838,732.899530681201,587.981087134684,579.449238989153,909.720869958376,991.787175046834,232.437470015411,189.441470171754,0,90.1679871427546,133.444722984591,261.9402353223,220.229285773094,25.0702580474279,78.6886745117005,259.20286630053,1.01998286069303,1.00853290307354,0.97873347087869,0.943872960457804,0.944168139462351,0.944682757503561,0.940001637567888,0.941767145387825,1.01452016730514,0.943265453665496,0.942889181169938,0.92534280273438,0.943346758903679,0.946576719301459,0.953564914755062,0.972529772468038,0.97760762816331,0.97642519037733,0.975995870137096,0.97175045336226,0.979762733316563,1.00762698459794,1.00624431498727,0.98057602584863,1.02101145671284,1.00492615395033,0.986145085667221,1.00546349613743,1.00776444191516,1.04729098542599,0.972948644680777,0.943265453665496,0.988781973480285,0.995700098196632,1.03862610616248,1.05450184401715,1.02161189777432,1.01736912764634,1.02794034662684,58.4050888946907,58.4035541977912,59.9999931528418,58.4040236872747,58.4016818725785,58.4057946009776,58.4062281672554,58.4046422668509,58.4020798892314,58.4048217173424
16.8099448837087,309.191166634217,747.942296720027,0,699.186356184003,567.133436132401,733.425780658594,588.469697397356,579.572359398238,909.267313884197,991.653025408567,232.360029546575,189.452113844314,0,90.0976928829777,133.673949644109,261.933706419456,220.306218036867,25.0392720131593,78.665446221956,259.136169368358,1.01999746180841,1.00857069050534,0.978772002710897,0.943904779004027,0.944196850253314,0.944711481588721,0.940028401519698,0.941793071514142,1.01453332456511,0.943295522273161,0.942918783704812,0.925372300019416,0.943377286564427,0.946608543238987,0.953600300350835,0.972567937389006,0.977654738425045,0.976469053935498,0.976085277650802,0.971877597121349,0.979771229323011,1.00761752701236,1.00623549954019,0.980604174299771,1.02104823568161,1.00501875714647,0.986217974794028,1.00560938588118,1.00791984198295,1.04731142267958,0.972979548370918,0.943295522273161,0.988860855927957,0.995870410834266,1.03860885797274,1.05449626996264,1.02163923350535,1.01752853734247,1.0279447536052,58.4075865148247,58.4073011237426,59.9999931528418,58.4064259015147,58.4038154904599,58.4085269529404,58.4088714967658,58.4070082219456,58.4042730785061,58.4059568260585
16.8604286368627,309.627217619092,748.290339555733,0,699.212247365878,566.738453138654,733.928750036143,588.929966397949,579.716314837055,908.827660270199,990.67176553092,232.358283663485,189.412428152325,0,90.0554911153826,133.899234706946,261.975847300851,220.398254662099,25.0340177545582,78.6661462046356,259.318132957987,1.01997815110832,1.00857067345304,0.978765542920618,0.94387568462488,0.944153192270844,0.944665131140662,0.939984023666613,0.941749822408242,1.01450761768676,0.943257334158554,0.942877982646889,0.925334837507652,0.943341729236973,0.946579680560889,0.953588425196651,0.972564367712287,0.977660403586241,0.97646991704442,0.976138972156063,0.971970602485537,0.979741949183658,1.00757456238911,1.00619248845863,0.980591298629646,1.02105563785545,1.00507863080031,0.986254480223893,1.00572686183511,1.0080486044649,1.04730731213596,0.972903858041613,0.943257334158554,0.988908130870448,0.996008130993352,1.0385642813979,1.05446039058713,1.02164195542153,1.01766579754392,1.02793720936968,58.4097404053618,58.4108346543264,59.9999931528418,58.4088080298892,58.4065475462344,58.4105721932912,58.4108522193646,58.4091778298886,58.4068412018317,58.4071350461481
16.9260832955877,310.147335551043,749.109264824628,0,699.269382986598,566.40463522059,734.325749647702,589.327292763688,579.888794548275,908.411095756763,988.464411778549,232.465666137318,189.296712593777,0,90.0690841689944,134.112590707848,262.070578800014,220.489060337321,25.0710293051403,78.7221701764417,259.854639519559,1.01990872746366,1.00850988305164,0.978689519991208,0.94375699655,0.944004685123029,0.944510175699731,0.939836839445467,0.941606661351357,1.01442637182809,0.943119915694214,0.942735017135451,0.925200030079125,0.94320989867197,0.946461817577686,0.953505735262054,0.972497164858617,0.977600597840984,0.976403470250853,0.976125222960381,0.971991064689706,0.979662007866652,1.00749195890524,1.00610822354015,0.980518117958197,1.02101358623926,1.00507571007766,0.986227385926497,1.00577824473306,1.00811202041614,1.04726178943121,0.972675449434033,0.943119915694214,0.988895974893691,0.996067588681375,1.0384920434032,1.05438922226919,1.02160378310271,1.01774269382735,1.02791255474165,58.4120046584033,58.4144944361534,59.9999931528418,58.4118594765383,58.4108152134684,58.4123995234131,58.4126603559521,58.4116943382492,58.4106169816272,58.4088258319693
16.9917379543128,310.457005645062,750.048052305523,0,699.373647998833,566.404625022486,734.288036671358,589.408318256749,580.005257913249,908.299148914493,985.653008378991,232.691286780967,189.159513229105,0,90.1684764980742,134.150711919229,262.22746458161,220.55172750531,25.1541917763148,78.7956723190258,260.646424888403,1.01979797331971,1.00838564423621,0.978544408497129,0.943566774813178,0.943782632357591,0.944280487792767,0.939618658046923,0.941394279954066,1.01430609988428,0.94290886139439,0.942518117770357,0.924992985947127,0.943004759536529,0.94627128764907,0.953351756650927,0.972359042704923,0.977465043191135,0.976263472939344,0.976004724987481,0.971878047769557,0.979536656575399,1.00738156867584,1.00599435274466,0.980381775245054,1.02091671264228,1.00497298751813,0.986111150516232,1.00569367692151,1.00803340906013,1.04717656133265,0.972359074469355,0.94290886139439,0.988789201572873,0.99596307274392,1.03840520137951,1.05429067117423,1.02152164882758,1.01767640712956,1.02787472446666,58.4138113874292,58.4167333207604,59.9999931528418,58.4147989138163,58.4154223020535,58.4137497682999,58.4140658457639,58.4139344069916,58.4145665205071,58.4107655813403
17.0573926130379,310.477820767802,750.747517617265,0,699.534159559441,566.764241190055,733.84736267925,589.208310413479,580.048893605945,908.514927150663,982.755207410589,233.001826899055,189.063600280744,0,90.3484659173335,133.997995606629,262.414938998845,220.588004921033,25.2703086294844,78.8777667315788,261.543881273091,1.01966288256691,1.00821281602915,0.978350268640146,0.943342453943325,0.943537895030308,0.944029817288684,0.939379943407387,0.941161502208232,1.01417335831407,0.942669466164033,0.942275266581963,0.924758139380387,0.942768906720156,0.946043882114135,0.953145187199385,0.972162276864674,0.977266538411385,0.97606545486693,0.975780713296688,0.971629903574726,0.979376176789646,1.00725195267667,1.00586028438768,0.980194122358195,1.02077541022704,1.00477448799467,0.985913621936933,1.00546789511017,1.00780511927001,1.04706109273475,0.97204441058057,0.942669466164032,0.988590299187141,0.995687294506162,1.0383093578896,1.05417547611612,1.02140367235579,1.01745560219007,1.02783086712683,58.41545412969,58.417645756325,59.9999931528418,58.417535896681,58.4197038381175,58.4152146747845,58.4156288481705,58.4160279025502,58.41823111034,58.4129884012071
17.1230472717629,310.247013943446,750.938018157899,0,699.727653171464,567.38018023329,733.201698937227,588.877094746446,580.030944787948,908.965554702914,980.175500289187,233.350783108306,189.061604581308,0,90.5796142676925,133.698439745448,262.608946587756,220.625119171595,25.3976861364985,78.9501619631333,262.403833275181,1.01952240240442,1.00801606748366,0.978135469714957,0.943123523327798,0.943319394791438,0.943809317353472,0.939168743166041,0.940954859150546,1.01405337536643,0.942446691616886,0.942053378688858,0.92453959769288,0.942545338756077,0.945817708860351,0.952911676000889,0.971928185610599,0.977029932834152,0.975835603402667,0.975484613021574,0.971285877832189,0.979189608591949,1.00710383077221,1.00570801818297,0.979972670205381,1.02061018373413,1.00451261498978,0.985663848970975,1.00514305662639,1.00747072921885,1.04693114923076,0.971810928866186,0.942446691616886,0.988326567034067,0.995288359697823,1.03819886362831,1.05404688333039,1.02126543600574,1.01712323201998,1.02778817081903,58.4172513651062,58.4178413758346,59.9999931528418,58.4199932796891,58.4230684234625,58.417230744123,58.4177368746507,58.4181116584149,58.421200515937,58.4154829013595
17.188701930488,309.901593688765,750.553575595018,0,699.912409562365,568.06109428954,732.62293449737,588.607338059355,579.980390952512,909.469862406383,978.144372823534,233.68359605204,189.169485840989,0,90.816707691862,133.34443331292,262.783323821982,220.688530368249,25.51168784702,79.002375953881,263.115576299999,1.01939475326465,1.00782535679115,0.977931770882526,0.942942492142098,0.943160926688571,0.94365342492112,0.939017654374098,0.940806079634917,1.01396378026427,0.942274005260265,0.941886205029189,0.924370192487913,0.942367229628896,0.945625293275802,0.952681952926295,0.971687094543912,0.976789547383201,0.975607382290148,0.975168353172138,0.970913182093747,0.978991551698072,1.00694137582249,1.00554286389923,0.979742804117987,1.02044706642956,1.0042389071789,0.985405797930555,1.00479310604548,1.00710806658155,1.0468053831619,0.971701068411596,0.942274005260265,0.988043659051171,0.994850641283106,1.03807084637408,1.05391031998581,1.02112705448253,1.01675837576532,1.02775247637267,58.4194182139466,58.4182066265683,59.9999931528418,58.4221507529343,58.4252058245459,58.419903251951,58.420454154757,58.4202822665612,58.4232620498782,58.4182063368284
17.254356589213,309.609737851679,749.762368806455,0,700.051870938867,568.599740458585,732.33275928932,588.548778726393,579.931336189588,909.826351698351,976.727931952772,233.949149687873,189.356451408148,0,91.0112178973561,133.041885332197,262.917330301279,220.787587521026,25.5905820483151,79.0285024243446,263.617277573728,1.01929482607507,1.00766988741801,0.977768048937583,0.94281799267614,0.94307329412615,0.943571695953904,0.938936241440234,0.940724775221113,1.01391085589343,0.94216598881095,0.941786700159038,0.92426422842038,0.942250778446092,0.945487018240133,0.952486801240576,0.97147363396465,0.976582700850859,0.975415148925504,0.97489148572858,0.970589011464312,0.978803368503914,1.00677677165225,1.00537748413884,0.979535047633865,1.0203121298859,1.00401059730376,0.985187922952756,1.00450272837914,1.00680687813714,1.04670199978257,0.971707756066631,0.94216598881095,0.987794299373246,0.994471349390679,1.0379314067551,1.05377544266144,1.02100921623598,1.01645351702726,1.0277272573682,58.4219894001891,58.4195466407015,59.9999931528418,58.4240560082349,58.4261872626711,58.4229866479592,58.4235225821495,58.422572334367,58.424480466352,58.4211012825501
17.3200112479381,309.500481197785,748.885135043366,0,700.125518149571,568.83606586728,732.399941254852,588.741101283967,579.90585731597,909.867429218838,975.885636395016,234.121424059598,189.576279833295,0,91.1339843880051,132.886179588238,263.002991307816,220.910520653433,25.6287465870242,79.0521626146412,263.919458916631,1.0192283125303,1.00756392479728,0.977654912131823,0.942741856440378,0.943033677545539,0.943538336069118,0.938901379562736,0.940689114422049,1.01388519232035,0.942106314929059,0.941735487682382,0.924205688375997,0.942182723112365,0.945397506702677,0.952341025779262,0.971310068997626,0.976431346396559,0.975276769458751,0.974694250922908,0.970366113975633,0.978643275409123,1.00662514374235,1.00522656559133,0.979370467713526,1.02021714519804,1.00386298912619,0.985039650370099,1.00432856546439,1.00662819204536,1.04662917336333,0.971765400298677,0.942106314929059,0.987614724417032,0.994217636619616,1.03779392463362,1.05365278988948,1.02092217711146,1.01627347087509,1.02771200881534,58.4248260794295,58.4222771005177,59.9999931528418,58.4258063684151,58.4264382988654,58.4260284165789,58.426507020037,58.4249573545045,58.4251892596136,58.424108998072
17.4228511476612,309.749738192452,748.265668844773,0,700.168641505054,568.601968531996,732.949128074201,589.337627026406,579.951937820307,909.330011804096,975.613602179369,234.114870442984,189.708159721651,0,91.1105140858297,132.921794248717,263.004359845524,221.036472831902,25.5694504261152,78.9756574495555,263.932547574011,1.01921768672232,1.0075535966216,0.977641198632991,0.942751296263146,0.943068780708684,0.943578758161723,0.938936901341785,0.940722323702036,1.01389836119149,0.942127447228127,0.941762807733375,0.924226419153347,0.942197668233027,0.945396643318218,0.952295442553831,0.971249652123589,0.976394503428311,0.975248048772048,0.974648809733482,0.970334623795325,0.978549410886038,1.00651248086886,1.00511525442836,0.97929769463706,1.02020487512441,1.00388536929785,0.985036955678084,1.0043968336898,1.00670358341728,1.04661600892741,0.971883440835435,0.942127447228127,0.987565544319462,0.994199245299798,1.03767583027995,1.05355544108914,1.02089491258142,1.01634811861033,1.02771214684038,58.4291912438872,58.4285125620567,59.9999931528418,58.4284514449723,58.4268522211101,58.4297069386945,58.4301035818579,58.4286988719384,58.4264293333447,58.4289086649581
17.5256910473844,310.254854075938,748.866537568353,0,700.147016382885,567.905587358875,733.362727913168,589.820626796513,580.055216073626,908.313746922952,976.693179455149,233.852418102669,189.568247708143,0,90.9011346013298,133.223040544349,262.887079545802,220.992580613654,25.4316983968071,78.8739144660303,263.537733545265,1.01929926691198,1.00768356884335,0.977769481315116,0.942842270608695,0.943131204783604,0.943636493390497,0.938994833696473,0.940780380750595,1.01393756361428,0.94220353003306,0.941832954927403,0.924301056334744,0.942279628556496,0.9454937910624,0.952426574904943,0.971391026916424,0.976550291388896,0.975394839691356,0.974848453475192,0.97058558907117,0.978649132212441,1.00657949596239,1.00518036349632,0.979426219502694,1.02030898291199,1.00412030104889,0.985237216248825,1.00474001040421,1.00706414270722,1.0466933876136,0.971874516756958,0.942203530033061,0.987734891020082,0.994506828230192,1.03772009744324,1.05359183733104,1.0209665128136,1.01670913108476,1.0277321041322,58.4329171793687,58.4348099834573,59.9999931528418,58.4311426204512,58.4286994664721,58.4318267227403,58.4322151555136,58.4322479339747,58.4289293626214,58.4336483558404
17.7118125902437,310.596898949875,750.814818744636,0,699.938441759679,567.121369334097,732.492903829467,589.509305178759,580.130299592604,907.080788933959,982.195175580782,233.066098948234,188.997026231183,0,90.3899813629959,133.604355968914,262.516172748397,220.471754798526,25.1473539656582,78.5777433934896,261.983291208649,1.01959249054514,1.00808387685222,0.978193584960957,0.943175128515673,0.943372774001317,0.943862563434362,0.93922268002432,0.941008797657793,1.01409301307082,0.942496392300403,0.942104222068152,0.924588354029038,0.942593860451821,0.945863213808696,0.952934136178216,0.971936530067697,0.977075477550607,0.975887455801791,0.975435839304588,0.971230069546811,0.97918023218472,1.00707410686449,1.00566246635306,0.979972646321893,1.02062666081176,1.00466098189073,0.985768891433244,1.00539902014594,1.00773645351666,1.0469460785702,0.971855192940277,0.942496392300404,0.988249178041117,0.995218400729102,1.03816689173563,1.05394302066931,1.02122224113278,1.01735861819352,1.02780656905063,58.4383920258099,58.4404039979376,59.9999931528418,58.4367618951228,58.4362217183238,58.4354043236839,58.4358558101731,58.4382667609985,58.4369191861536,58.4413109337228
17.8606746628902,310.141366008811,750.769891257891,0,699.638366051045,567.383686228537,731.013094587044,588.670582119499,580.000988851944,907.212922240295,988.458939325221,232.460843106675,188.805383865628,0,90.0946062040891,133.519071293181,262.230747957977,219.973825048881,24.9902591566683,78.2912450337881,260.349841952835,1.019851387191,1.00838461276756,0.97854040370339,0.943537663627665,0.943725009099919,0.944215031082976,0.939565020386789,0.941345686363674,1.01429826903048,0.942864785989693,0.942467291119155,0.924949748001491,0.942967388148059,0.946250663288516,0.953362162886312,0.972368444289276,0.977467732875125,0.976266715983649,0.975809810484744,0.971580634292341,0.979642885388058,1.0075335063297,1.00611081391697,0.980419826467093,1.02085679823728,1.00493023015817,0.98608954221114,1.00561199923069,1.00792961842315,1.04713988902544,0.972165155793575,0.942864785989693,0.988582213543072,0.995546893325425,1.03859874097748,1.05428434225406,1.02142314451503,1.0175079061329,1.02788313328418,58.4430509165391,58.4414225755259,59.9999931528418,58.442408416858,58.4435384543322,58.4410245161057,58.4414573611782,58.443302491382,58.4441109304689,58.4461279355314
17.926331605131,309.877579148258,749.963783258048,0,699.520540267527,567.640824194767,730.582698721218,588.452703472885,579.914938417772,907.474738886375,990.941576806615,232.272385495337,188.900111960365,0,90.0318935365891,133.417585087858,262.148367276323,219.84784068217,24.9532661332514,78.1751612756413,259.695332231478,1.01993918171743,1.00847389294101,0.978653373821937,0.943694557596826,0.943909253994349,0.944405680558656,0.939746316530737,0.941522212694008,1.01439818647524,0.94304090735495,0.942647966342586,0.925122522947209,0.943138893079262,0.946410774852695,0.953496686520009,0.972490819176205,0.977576605896667,0.97637807310923,0.975897416726738,0.971647788629439,0.979774858597182,1.00766538632327,1.00624003518636,0.980546846679819,1.02092273009615,1.00497332145401,0.986160666366804,1.00560196314781,1.00790580812936,1.04719710182965,0.972424134957478,0.94304090735495,0.988661494870008,0.99559273633839,1.03872278334563,1.05438640632901,1.02148373338707,1.01746267404947,1.02791385750709,58.4455632363553,58.4425850606677,59.9999931528418,58.4452963678352,58.4463109955549,58.4445870570916,58.4449770787565,58.4457682572245,58.4467163828133,58.4478222974511
17.9919885473718,309.734480592513,749.004313292063,0,699.473198729192,567.801226375939,730.47847770572,588.469980371241,579.85663923216,907.634793413102,992.588640127167,232.15302702471,189.063736307934,0,90.0053156494926,133.363834408096,262.108902639864,219.814077552645,24.932814246623,78.0870822828784,259.233941705534,1.01999402728165,1.00852689952071,0.97872497799428,0.943814382337468,0.944063981636306,0.944568174614805,0.939899192829128,0.941670282725925,1.01447863014754,0.943182404389456,0.942796106318485,0.925261331447282,0.943273713751024,0.946528897225337,0.953575290591557,0.972554360302732,0.977634893031939,0.976441609464052,0.97594183684615,0.971680893196556,0.979836981077793,1.00772419860604,1.00629785238054,0.980610507797152,1.0209616880019,1.00499009403528,0.986195304114879,1.00557976077072,1.0078734640624,1.04722969575899,0.972680517231436,0.943182404389457,0.988702354226398,0.995614369678619,1.03877668308529,1.05443407934493,1.02152004680826,1.01741443645634,1.02793585250407,58.4483329938349,58.4452039553266,59.9999931528418,58.4483445192295,58.4487016912145,58.4483635103594,58.4487104085223,58.4483952467411,58.4488358926625,58.4493137328061
18.0408527995026,309.746543520627,748.419016950957,0,699.504701340436,567.820708667644,730.602386307507,588.632665524683,579.851262149488,907.627864169119,993.071286741169,232.11220000272,189.184700583829,0,90.0039300674737,133.373549943704,262.110029034638,219.844047307756,24.9270901233644,78.0455778578065,259.069690653556,1.02000947857615,1.00854162409794,0.978747455583986,0.943864257939349,0.944135823023764,0.944644808100479,0.939970384726566,0.941738811111278,1.01451396907526,0.943244904303927,0.942863095854551,0.925322643823853,0.943331716454286,0.946575579670778,0.953594454171808,0.972564183400002,0.977646572913032,0.976457168134506,0.975951364837224,0.971691267003504,0.979839192685882,1.0077220926435,1.00629577235531,0.980617663136842,1.02097297989899,1.00499465976354,0.986203079003576,1.00557413054955,1.00786461131299,1.04723702640894,0.972819282219277,0.943244904303927,0.988711412021554,0.995626212132049,1.03877317183446,1.05443422024176,1.02153034472337,1.01739914470418,1.0279440228617,58.4504617976566,58.4481025587366,59.9999931528418,58.4506330501091,58.4503606769536,58.451053028492,58.4513764828356,58.4504071539541,58.4502093077957,58.4503460354029
18.0897170516335,309.857011689463,748.111415553493,0,699.589446451008,567.751564209259,730.831566031041,588.8780045914,579.883985241383,907.486743212683,992.832531573154,232.119207697234,189.27952226439,0,90.0186285061453,133.427864498407,262.143124804137,219.910866954932,24.9319713130686,78.0342338043151,259.095709416839,1.02000047379927,1.00853211390519,0.978737620533612,0.943865319560446,0.944148329400623,0.944659651681468,0.939983244412757,0.9417507398352,1.01451838496992,0.943251410668429,0.942872257043496,0.925329026557538,0.943335587554004,0.946572799022588,0.95357501489047,0.972540322267675,0.977628904119138,0.976442009036041,0.975939398533888,0.971688176858869,0.979804982478581,1.00768363091447,1.0062575255832,0.98058970492685,1.02096640203771,1.00499285491878,0.986194679861423,1.0055821209206,1.0078741084142,1.04722800105938,0.972868401883128,0.943251410668429,0.988700943199883,0.99563334896585,1.03873636833852,1.05440483247939,1.02152404992397,1.01740838199924,1.02794322920696,58.4525450358393,58.4515574396846,59.9999931528418,58.4528534690301,58.4520586607867,58.4534562680032,58.4537658816386,58.4524049123777,58.4515551777501,58.4513698087854
18.1385813037644,310.045582096505,748.186386515132,0,699.717299513198,567.629615213833,731.095968503918,589.153574507632,579.953130112246,907.240865686184,991.894405392594,232.164638801219,189.301093916547,0,90.0435585653738,133.504902680385,262.19455685536,219.991223410388,24.9437866715474,78.0386340331155,259.308878534401,1.01996903978379,1.00850317415712,0.97870251540447,0.943824140244863,0.944106188872428,0.944617249423328,0.939941737724809,0.941709792078468,1.01449259009187,0.94320807890507,0.94282924619909,0.925286518131192,0.943291956854645,0.946528318685279,0.953527546558539,0.972493657625421,0.977591192962767,0.976404728168375,0.975911880138504,0.971674690482782,0.979748091462464,1.00762365738528,1.00619758337244,0.980538622398642,1.02094648514667,1.00499013999588,0.986177193147965,1.00560725062424,1.00790492586502,1.04720596214408,0.972830412967034,0.94320807890507,0.988676118418163,0.995635690001559,1.03868079471539,1.05435699859135,1.02150479962288,1.01744419487161,1.02793370125163,58.4545043101791,58.4551644289794,59.9999931528418,58.4549431355903,58.4538950824746,58.4554946811679,58.455798726101,58.4543312690848,58.4530013418228,58.4524372032486
18.1874455558952,310.276712324315,748.618162221804,0,699.865282580433,567.50124038296,731.327804390238,589.409398074027,580.0486526624,906.935376709443,990.3663327654,232.251357399782,189.256912758478,0,90.0834123981102,133.584630820359,262.265847651221,220.075501344172,24.9665703487099,78.0661540159591,259.694547230963,1.01991679862624,1.00845271905379,0.978639436588071,0.943737496162064,0.944005507551468,0.944513365775019,0.939842427339693,0.941612867953801,1.01443641800479,0.943111276011915,0.942730233570992,0.925191554562375,0.943197394104036,0.946439235101725,0.953450450198586,0.972422848457711,0.977530539902338,0.976342563985882,0.975861881877053,0.971639419171375,0.979670869531623,1.0075466640466,1.00612022179274,0.980464332579954,1.02091009216717,1.00497693012585,0.986143912510694,1.00563289545013,1.00793901290389,1.04716960851784,0.97269450474639,0.943111276011915,0.988630811999074,0.995616757055883,1.03861188140356,1.05429409597,1.0214707351071,1.01748734969175,1.02791585472242,58.4562862770806,58.4584669056229,59.9999931528418,58.4568607303162,58.4559112210374,58.45716376118,58.4574682551073,58.4561378510475,58.4546359130119,58.4535955456265
18.2481284394599,310.556228283623,749.494655502839,0,700.03342276454,567.400705283875,731.480775189431,589.629622113047,580.173780173505,906.551581302914,987.933607441016,232.411400466378,189.140609887342,0,90.159096245447,133.65296690121,262.376948631538,220.17002494946,25.012600089959,78.1341190853609,260.346331753167,1.0198297932269,1.00836181857825,0.978525735301686,0.943577650938249,0.943815642079845,0.944316467032316,0.939655643694464,0.941431206583558,1.01433465113331,0.942930948669686,0.942544704561242,0.925014653549606,0.943022326085607,0.946277169520727,0.953318083382231,0.972303679244867,0.977423475563261,0.976232218941334,0.975762075411418,0.971551861887894,0.979552734785929,1.00743532881782,1.00600768459026,0.980343467756306,1.02084128885389,1.00493278411998,0.986073191495566,1.00563873795361,1.00795659225537,1.04710591519208,0.972419718419215,0.942930948669686,0.988540766584747,0.995542555078674,1.03851603422822,1.05420099625382,1.02140844841507,1.01752001723311,1.02788507522025,58.4582315798084,58.4615852954661,59.9999931528418,58.4589970985395,58.4586194700077,58.4588320123196,58.4591413046238,58.458179888205,58.4569759103424,58.4552151897726
18.3088113230246,310.766190506514,750.471282626518,0,700.159214344795,567.432471060574,731.456041481931,589.716768868,580.277906023349,906.278994736049,985.285383450678,232.616181908094,188.991461732272,0,90.2603040684583,133.646824705226,262.506309271399,220.249017360749,25.075183692512,78.2108391194164,261.106270839012,1.01972681564797,1.00824706044321,0.978385175169023,0.943386598562557,0.943590925518861,0.944083659295578,0.939434952154977,0.941216585626541,1.01421452724731,0.942717035916658,0.942324868854085,0.924804805276934,0.942814405199399,0.946084032550894,0.953158870201513,0.972158926466071,0.977288787045864,0.976094487285242,0.975623206088556,0.971414032667542,0.979418902332814,1.00731489074999,1.00588538464103,0.980200079942344,1.02075147760705,1.0048529964742,0.985970339263734,1.00559748051661,1.00792527085796,1.04702726323173,0.972095049985497,0.942717035916658,0.988415766040634,0.99540517888516,1.0384156452784,1.05409828020335,1.02132905826611,1.01750395722363,1.02784859662702,58.4599219338263,58.4633087338291,59.9999931528418,58.4609074630807,58.4613914026531,58.4602457798507,58.4605629634873,58.4600122456228,58.4595898964505,58.4570671030238
18.3694942065893,310.862929501272,751.218812483866,0,700.236651950965,567.615951015026,731.278488610248,589.685967778938,580.337662346279,906.18882361747,982.841565083983,232.842871114833,188.869447810694,0,90.3829871379169,133.556269761495,262.637907962583,220.310350595506,25.1479219154165,78.2856799594013,261.847445136324,1.01962133823603,1.0081194759705,0.978234090666753,0.943197152404971,0.943376561913172,0.943862793040798,0.939225265292393,0.941012453674402,1.01409966538475,0.942509748028089,0.942113363520239,0.924601455991707,0.942611405372851,0.9458914680536,0.95298961882015,0.97199993524011,0.977136739692271,0.975941926702364,0.975451827176486,0.971229593235229,0.979278884007505,1.00719322407008,1.00576158546357,0.980045094046971,1.02064819797883,1.00473481625035,0.985838226703825,1.00549290517015,1.00782577658421,1.04694087623055,0.97180125581448,0.942509748028088,0.988261790382257,0.995205111313402,1.03831644490864,1.05399365064515,1.02123937009577,1.01741621756505,1.02781254011418,58.4614567322095,58.4637315464994,59.9999931528418,58.4626644054505,58.463976158645,58.4616218153237,58.4619516472438,58.4616959475135,58.4622840272985,58.4591518051565
18.430177090154,310.838263362357,751.48843697795,0,700.283565504169,567.917258546442,731.018801980523,589.590515344305,580.346729143726,906.29648369368,980.93667269881,233.064842521537,188.8253750558,0,90.5151802601058,133.396400757907,262.75854451653,220.359592489505,25.2206504336407,78.34267230162,262.460506967482,1.01952611511037,1.00799293591666,0.978090724313197,0.943039802965086,0.943212438899109,0.9436958728327,0.939065948660267,0.940856878911769,1.01401050595192,0.942345217570094,0.941948179665142,0.924440051718221,0.942447593354184,0.945729071725569,0.952828700978166,0.971841082740614,0.976981854001674,0.975790450881153,0.975264383105522,0.971017589776278,0.979142292801074,1.00707648792256,1.00564286501418,0.979891478599315,1.02054241044332,1.0045878203105,0.985688541740149,1.00533036604084,1.00766220332944,1.04685579595898,0.971607010479947,0.942345217570094,0.988093388263788,0.994964391223697,1.03822169128605,1.05389308238722,1.02114834215931,1.01725849320876,1.0277823190724,58.4629639225583,58.4633861214616,59.9999931528418,58.4643316675604,58.4661360212215,58.4631177720658,58.4634670067987,58.463320532432,58.4648061190691,58.4614354191495
18.4908599737187,310.718897319801,751.199481998924,0,700.32658090624,568.259733110791,730.761366588342,589.496487225739,580.316462196211,906.550065753894,979.763725960868,233.254159441846,188.881165485013,0,90.6389900128165,133.205478139726,262.855634108469,220.40171488298,25.2813782428011,78.371530267552,262.870683943655,1.01945190689395,1.00788243150025,0.977972411268211,0.942935747477278,0.94312272582225,0.94360787560478,0.938980572239102,0.94077275253178,1.01395966321461,0.942246589352963,0.941853032731846,0.924343297500449,0.942345536710731,0.945618000196317,0.952693959636065,0.971699071134451,0.976841659530596,0.975657563271774,0.975084511390569,0.970807911992646,0.979020290085741,1.00697191656681,1.00553674727006,0.979754255254624,1.02044686632805,1.00443232222588,0.985540354199969,1.00513511517933,1.00746039391418,1.04678161722028,0.971547503904964,0.942246589352963,0.987931374240979,0.994719969780624,1.03813569116917,1.05380303166143,1.02106590932003,1.01705583491547,1.02776176099249,58.464561136292,58.4630559118053,59.9999931528418,58.4659375554164,58.4677307698084,58.4647911097329,58.4651645571306,58.4649712365437,58.4669275322789,58.4638600048994
18.5515428572834,310.554580528751,750.461307811636,0,700.380000864109,568.547396974807,730.569165715629,589.454085299794,580.267364354248,906.840332597794,979.358245408967,233.391677176798,189.027659298831,0,90.7379502732372,133.03728481498,262.920200863133,220.437404946617,25.322567201185,78.3800648250854,263.062598659133,1.01940392479895,1.00779815369024,0.977888527517615,0.942888061107746,0.94310571651877,0.94359621220078,0.938967087215296,0.940758293492801,1.01394695573208,0.942214314806357,0.941827389485986,0.924311636191378,0.942306675698918,0.945562257975615,0.952595918500791,0.971586865168869,0.976729831469891,0.975555390174343,0.974934172161953,0.970629705021093,0.978922172202231,1.00688622412938,1.00545001800054,0.979645270435769,1.02037008818268,1.00429008347722,0.98541190630279,1.00494087461679,1.00725638879814,1.04672452621321,0.971608702811425,0.942214314806356,0.987795193317534,0.994509224431004,1.03806338797223,1.05372921947207,1.02099861735194,1.01684580824028,1.02775168934073,58.466324516132,58.4635069602582,59.9999931528418,58.4674780703463,58.4687735706753,58.4666040231339,58.4669993100077,58.466703716767,58.4685261135022,58.4663571807518
18.6249712710361,310.385306200117,749.393684448,0,700.458133062819,568.732262340058,730.467268972171,589.503825194083,580.223973485608,907.102276784756,979.747177548799,233.443220359314,189.226867956306,0,90.7824730288459,132.899138946249,262.941048749063,220.460722220388,25.3231212550437,78.3195261261879,262.98710953429,1.01939247337627,1.00775829276911,0.977858613151118,0.942912413331117,0.943173406231168,0.94367240163323,0.93903650696277,0.940824322487632,1.01397858202507,0.942262457933396,0.941884509658055,0.924358864567184,0.942345847861214,0.945578596451676,0.952555366121605,0.971526147758903,0.976669773903564,0.975506125808466,0.974842134634883,0.97051855005768,0.978864353621504,1.0068313843533,1.0053943300483,0.979584645362608,1.02032964605569,1.00419422988283,0.985331986878935,1.00479218022823,1.00709609580579,1.04669612124614,0.971796023178771,0.942262457933396,0.987709147031776,0.994375147729711,1.03801338440446,1.05367837425476,1.02095858363643,1.01667280637969,1.02775489594094,58.468692101238,58.4657127965862,59.9999931528418,58.4692311691769,58.469536697591,58.4688294600561,58.4692355019813,58.4689158190769,58.4698024507122,58.4693805235828
18.6983996847889,310.31722592098,748.618178978942,0,700.504620209465,568.676081423181,730.460423774671,589.623717768175,580.213108121312,907.094673263986,980.83852657736,233.376624201801,189.374096135997,0,90.7430664444835,132.888185455551,262.900641332427,220.44562990067,25.2799306407108,78.2376013429584,262.689425719924,1.01942399804212,1.00778196192033,0.977894872817234,0.942988125875838,0.943279078628255,0.943784441300023,0.939141618277608,0.940925956527155,1.01403355061932,0.942355832241461,0.941983814459598,0.924450464702793,0.942433273341474,0.945651047336806,0.952590719791771,0.971547412859187,0.97669123306868,0.97553326358521,0.974853905632075,0.970529573214621,0.978877410167571,1.00683716875317,1.00539920380032,0.979603254447508,1.02034143788927,1.00419355981684,0.985341030947669,1.0047683091535,1.00706526136255,1.04670849006558,0.971987571599644,0.942355832241461,0.987714901437316,0.994384310255102,1.03801372977303,1.05367538501535,1.02096087561117,1.01662878531154,1.02776903254804,58.4712295487715,58.4696161205169,59.9999931528418,58.4708817524063,58.4701705644665,58.4709256600757,58.4713181549746,58.4712017491827,58.4706445962152,58.4723229066093
18.7718280985416,310.381995145627,748.526734196854,0,700.476452125727,568.419366478526,730.460525909019,589.739572856872,580.236258976974,906.774468830071,982.35784187071,233.193231930355,189.378875388767,0,90.6180643163077,132.98495211123,262.803198449471,220.37405067274,25.196057887539,78.1316136614201,262.248149782069,1.01949377672475,1.00786936327937,0.977993038672362,0.943092240520104,0.943384721565581,0.943891202075658,0.939244295422652,0.941026563734033,1.01409300725139,0.942463015410627,0.942090796994623,0.924555611322876,0.942540607348797,0.945759008201428,0.952700001771144,0.971654922349692,0.976798281579402,0.975637929788088,0.97497388920146,0.970666074992188,0.978969838800257,1.00691436436252,1.0054748836683,0.979706838934062,1.02040742460945,1.00430176068497,0.985448463934137,1.00489510363383,1.00719239583921,1.04676180598368,0.972101435164785,0.942463015410627,0.987816874622099,0.994539078160252,1.03807630455642,1.05372756913131,1.02100812649762,1.01674522303365,1.02779030292835,58.4737818530656,58.4743305022881,59.9999931528418,58.472533293132,58.4711518468412,58.4728185983318,58.4731785922074,58.4734862073404,58.4715282528417,58.475121809445
18.8452565122944,310.54441957895,749.155464216473,0,700.359713577005,568.064817896052,730.372102559858,589.77579215064,580.272835888231,906.210941128417,984.129225509653,232.922112803796,189.222596627948,0,90.4337155213175,133.144443282251,262.665640816278,220.242437997908,25.0878326101671,78.0190562762444,261.731538790641,1.01959133552802,1.0080052551624,0.978135536843815,0.943205051255689,0.943469205133254,0.943971039153187,0.939324087169254,0.941106261920799,1.01414601681815,0.942563151953076,0.942184363392841,0.924653845206622,0.942647240453594,0.945882444714471,0.952864384731871,0.971830330273067,0.976971817352462,0.97580151585984,0.975174008026831,0.970891579488938,0.97912998197703,1.00705619540856,1.0056142933935,0.979879089091569,1.02051474135408,1.00449561670812,0.985632899787192,1.00514208399948,1.00744600570918,1.04684649617853,0.972109258012344,0.942563151953076,0.987990980413456,0.994793533223361,1.03819803028547,1.05382966121586,1.02109144879283,1.01699127750298,1.02781521569851,58.4761960772089,58.4785714141192,59.9999931528418,58.4743430105094,58.4728038485588,58.4745780479781,58.4749042652041,58.4757148209833,58.4729120153217,58.477739568107
18.9186849260471,310.726752938421,750.175396963437,0,700.189733892613,567.737428129343,730.147973216923,589.700236968297,580.297155049464,905.568431256977,986.084338410142,232.605392789541,188.962296818452,0,90.2296713864125,133.30606387324,262.510812935231,220.065984456349,24.9745469346475,77.9084478255777,261.174213135063,1.01970412076528,1.00816636660206,0.978300583263879,0.943320282943271,0.94353907422966,0.944032899458115,0.939388457620172,0.941171769636551,1.0141943268724,0.942656730987177,0.942267713245821,0.924745646178989,0.942750964230125,0.946012273259429,0.953058081342198,0.972042424733563,0.977180062605364,0.975995665293977,0.975410033928808,0.971152094558081,0.979331691755408,1.00724101610185,1.00579587046066,0.980090124947398,1.0206435494513,1.00473015590532,0.985855197318481,1.00544401800808,1.00775735576457,1.04694778956634,0.972051835173729,0.942656730987177,0.988198493565032,0.995082731417641,1.03836141338243,1.05396548618981,1.02119575829042,1.01729709289563,1.02784193473711,58.4783939429916,58.481318190718,59.9999931528418,58.4764464014678,58.4752058259508,58.4763868773807,58.4766951408829,58.4778854496007,58.4750673780205,58.4801520407968
19.0158579347054,310.855285235654,751.221609343885,0,699.997727878619,567.503440948794,729.702722511765,589.487950069719,580.289359384034,904.917875450405,988.87448985144,232.199325079329,188.644752109503,0,89.9990573318902,133.442556879255,262.323725248725,219.822034737776,24.8467916788977,77.7738624721035,260.400577638574,1.01985332752317,1.00837249578275,0.978514406128638,0.943481316690184,0.943650147561502,0.944135315173776,0.939492653988228,0.941276672311938,1.01426750602715,0.942794821843074,0.942394276454552,0.924881113219203,0.94290047512585,0.946191255549826,0.95330961538499,0.972314205301206,0.977444271700734,0.976243615646597,0.975694023144063,0.971454323128159,0.979599323290209,1.00749286634259,1.00604296401737,0.980363620663927,1.0208083514066,1.00501166119825,0.986128041115281,1.00579321327749,1.00811520569804,1.04707819551788,0.972019161444603,0.942794821843073,0.988450230815199,0.995407607531031,1.03858910807789,1.05415296196294,1.02133408883472,1.01764614064057,1.02787874551048,58.4810471954501,58.4824634718219,59.9999931528418,58.4797137323498,58.4792129180804,58.4791862996066,58.4794976445262,58.4807488585701,58.4790071258246,58.4829986114506
19.1418468107328,310.74535266493,751.033162222029,0,699.934451709601,567.577222796523,729.160521016136,589.251800830735,580.23336356627,904.71065774552,992.268265655701,231.825681877832,188.5461227433,0,89.8414189315159,133.45241126117,262.1750084935,219.601003916182,24.7523883782524,77.6280697114114,259.471556730709,1.02000204964174,1.00855587655688,0.978719060005396,0.943692820012408,0.943858539792149,0.944344560740791,0.939694996403293,0.941475406629016,1.01438680702796,0.943009833507623,0.942607301770371,0.92509203952204,0.943117372133832,0.946413477183241,0.953546446236273,0.972551599480425,0.977671019041792,0.976464065535843,0.97590991438527,0.971666125051832,0.979840729807407,1.00772559619627,1.00627052040098,0.980604915537655,1.02095334461564,1.00520995965576,0.986337641440571,1.00599902446786,1.00831782139441,1.047194144347,0.972215265727015,0.943009833507622,0.988643512542248,0.995617624960496,1.03880450153746,1.05432786017876,1.02146110622554,1.01783091467508,1.02792276898238,58.48449026775,58.4826093583795,59.9999931528418,58.4843976123983,58.4847521066878,58.4836652891955,58.4839807085453,58.4846094419996,58.4848163344045,58.4861048103211
19.2060689972771,310.598319001284,750.25978535584,0,699.98228417373,567.730790827703,728.99260442037,589.21606226145,580.201622616043,904.867220976594,993.567945386608,231.734181267187,188.659468163723,0,89.8297413690752,133.401109889077,262.152912826847,219.555702658511,24.7405126957589,77.570769590293,259.116514703673,1.02004385642087,1.0085952520467,0.978773161545061,0.943784703178568,0.943977695920246,0.944469748087742,0.939812784005556,0.941589484715241,1.01444871595787,0.943118660461779,0.942721304261564,0.925198798695846,0.94322099952408,0.946504104663012,0.953606577255388,0.972600201425233,0.977715126852681,0.976512088924943,0.975937788330646,0.971683472848807,0.979892343623377,1.00777713208885,1.00632027114587,0.980654877847762,1.02098324367111,1.00522102395127,0.986362860495982,1.00597937605589,1.00829058921172,1.04721823024259,0.972412158938787,0.94311866046178,0.988669271633331,0.995624263059692,1.03885450098898,1.05436662433257,1.02148956372754,1.0177927669168,1.02793959730264,58.4864018004794,58.4834546834639,59.9999931528418,58.4868058857946,58.4873802397523,58.4862275640864,58.4865287492882,58.4866738400123,58.4876009902002,58.487462166634
19.2702911838214,310.466718808924,749.358186816527,0,700.050652090705,567.894362568629,728.939344542187,589.263094915608,580.188015981931,905.100040134623,994.231109770428,231.720034242805,188.830920105447,0,89.8547251241709,133.341793881143,262.170449981509,219.562638427478,24.7517197071667,77.5302617425927,258.931168021892,1.02005472656122,1.00859328686513,0.978783897928995,0.943840507274945,0.944068071495045,0.944567333505228,0.93990314174105,0.941676260407557,1.01449282613353,0.943194505944851,0.942804073427127,0.925273203065849,0.943289916288692,0.946555517009179,0.953616288785996,0.972595410053812,0.977707617470292,0.976511124562361,0.975914510900342,0.971649235072149,0.979889516049575,1.00777617217401,1.00631820535023,0.980650407336868,1.0209798361078,1.00518007242035,0.986336523704894,1.00589754991364,1.00819972516706,1.04721513182481,0.972601853394101,0.943194505944851,0.988649104004783,0.995578326260333,1.03885666837831,1.05436482575031,1.02148900606333,1.01769174641535,1.02794842253001,58.4884776470028,58.4856429928134,59.9999931528418,58.4891188586548,58.4897179842014,58.4887970113259,58.4890710827125,58.48878854269,58.4899613912231,58.4887251755621
19.3345133703656,310.404359677681,748.69465505819,0,700.111384003622,568.020621091428,728.970644910541,589.36688482673,580.198733401555,905.29739622014,994.066394754091,231.777810759009,188.988524493096,0,89.9043057413446,133.295621262692,262.221330322386,219.608710224647,24.781714105249,77.511312057387,258.973922631818,1.02003277648718,1.00855344534839,0.978750483845451,0.9438416842369,0.944097126381345,0.944601894420039,0.939933422174685,0.941704456305402,1.01450349607434,0.94321089004195,0.942826277140047,0.925289275854827,0.94330049639916,0.946551318024069,0.953576721648841,0.972544392550273,0.977655932631492,0.976465688342704,0.975853123317616,0.971580117607042,0.979840106502068,1.00773057328518,1.00627194032097,0.980598993230366,1.02094620457475,1.00510583843672,0.986272442502624,1.00578747959965,1.00808228368454,1.04718680048481,0.972711633735251,0.943210890041951,0.988594499023013,0.995500664507639,1.03881841318893,1.05432771662027,1.02146146023267,1.01756765004048,1.02794642766378,58.4906684482119,58.4890898061201,59.9999931528418,58.4913235498729,58.4917862978401,58.4912310528814,58.4914765439857,58.4909102809872,58.4918613518456,58.4899645062165
19.3987355569099,310.445555593576,748.539319890387,0,700.157161731487,568.08513972079,729.037096232964,589.491642555902,580.235606533556,905.374808379178,993.01733527757,231.894461036129,189.070581060896,0,89.9682702307589,133.274211849477,262.297036500351,219.677927010453,24.8248557022204,77.5166325808629,259.265431149786,1.01998044102412,1.0084829848958,0.978677178760772,0.943778796023557,0.94404449878235,0.944550833059085,0.93988307101672,0.941654517320995,1.01447156383606,0.943152271492865,0.942770120672542,0.925231771096116,0.943239450305341,0.946483931260951,0.953494057926308,0.972457915669381,0.977571000919429,0.976384388163763,0.975766573510271,0.971490885381165,0.979756229570611,1.00765261279073,1.00619347603775,0.980512003939858,1.0208884147897,1.00501763832784,0.98618623579447,1.0056805545741,1.00797205081781,1.04713776932452,0.972688989448502,0.943152271492865,0.988516967820923,0.995408137115179,1.03875125998479,1.05426417405795,1.02141175152475,1.01745613610006,1.02793256978103,58.4928737644244,58.4931998408877,59.9999931528418,58.493437830939,58.4936746010097,58.4934422891029,58.4936718934407,58.4929877875689,58.4934048624314,58.4912627636193
19.4629577434541,310.586120692036,748.959827823974,0,700.201493737564,568.090899788421,729.089888756584,589.60584059943,580.296172063421,905.298471391317,991.208147141776,232.052612815493,189.048643654378,0,90.0404544648734,133.27642779703,262.388039072217,219.755644434881,24.8750168485153,77.5453896587914,259.776643795298,1.0199043227273,1.00839136370087,0.978572914464143,0.943656389669756,0.943911080608223,0.944414335416059,0.939752707572477,0.941527261167037,1.01439837330952,0.943021285117873,0.942637451911754,0.925103273546875,0.943110195397772,0.946358777784393,0.953378460978897,0.972347568380766,0.977464462077194,0.976277972210361,0.975664592058042,0.971390899648478,0.979650670795994,1.00755516423364,1.0060954540658,0.980401585410436,1.02081419058836,1.00492990437612,0.986091047763393,1.00559645974236,1.0078896874077,1.04707432195564,0.972523346851613,0.943021285117873,0.988425231141965,0.995309778639646,1.03866723199512,1.05418397928083,1.02134638472847,1.0173784151525,1.02790815669923,58.4949760017953,58.4971055119119,59.9999931528418,58.4954747733522,58.4954936223072,58.4954120252515,58.4956465939381,58.4949704719336,58.4947817698452,58.492699270208
19.5271799299984,310.789564458571,749.796614665557,0,700.265631398542,568.064863745527,729.101126153157,589.694530974948,580.372671433079,905.092031850437,988.93442597949,232.232070020371,188.937221454233,0,90.1181893190788,133.28951070891,262.485326957262,219.832396899634,24.9265104228788,77.5923632974675,260.428764326933,1.01981452235026,1.00828900431532,0.978450404519248,0.943493665830335,0.943720948936944,0.944217561938213,0.939566096559658,0.941345745842298,1.01429663540734,0.942840110387722,0.942451391998783,0.924925541253537,0.942933963747188,0.9461947250866,0.953242961725971,0.972224132693736,0.977347030218697,0.976157953250792,0.975552840052321,0.971283436666294,0.979534502067575,1.00744892667293,1.00598847256589,0.980278760652628,1.02073178273671,1.00484962912506,0.985995403215941,1.00553928569939,1.00783855391355,1.04700349108435,0.972252099132336,0.942840110387722,0.988324392183524,0.995206284222861,1.03857598407525,1.05409562430879,1.02127262470389,1.0173367684673,1.02787688488703,58.4968813302227,58.5000106796227,59.9999931528418,58.4974185167306,58.4973273313808,58.4971761800638,58.4974336255284,58.4968181210648,58.496192017249,58.4943330906152
19.5914021165427,310.996967824058,750.729722567035,0,700.361852527979,568.047289668412,729.071040891829,589.760897823811,580.452679112813,904.823864159604,986.603658391563,232.411944764114,188.78670312985,0,90.1999382883223,133.293738207864,262.580722394544,219.903833446977,24.9742637109817,77.6479743206815,261.10791481664,1.01972336113902,1.00818657847076,0.978324794082257,0.943320538144624,0.943515358290256,0.944004208623982,0.939364163486753,0.941149513129003,1.01418748429152,0.942645351177581,0.94225079567669,0.924734482593994,0.942745101707228,0.946020445393216,0.953102401083345,0.972097418472004,0.977228243543831,0.976035959877887,0.975434609999952,0.971168231319944,0.979416631110984,1.00734182252041,1.00588048811112,0.980153165082636,1.02064939360514,1.00477725896021,0.985903618889771,1.00549984595004,1.00780730907529,1.04693263039922,0.971948938817483,0.942645351177581,0.98821742166716,0.995093486377862,1.03848419021738,1.05400570478185,1.02119794060698,1.01731736621889,1.02784417499848,58.498551241702,58.5015015315321,59.9999931528418,58.4992253261889,58.4991979085921,58.4987916764813,58.4990774240723,58.4985109410029,58.4977733018475,58.4961893732039
19.6556243030869,311.149833655961,751.407438024076,0,700.482685952186,568.076213581769,729.020143435964,589.818322270967,580.519965394395,904.579439815316,984.637704363164,232.571578199575,188.662238599232,0,90.2823688953212,133.269920341245,262.666566397343,219.967921423306,25.0139255885949,77.6996717301991,261.69184302876,1.01964344479843,1.00809443965732,0.978211768682837,0.943170044574913,0.943340582915741,0.94382339811852,0.939192846739321,0.940982918478962,1.01409452124537,0.942477866367532,0.942079146036915,0.924570180103222,0.942581836765113,0.945867546662704,0.952972349613683,0.971977174547446,0.977117212818477,0.975923541636606,0.975313992896645,0.97104591506262,0.97930506068075,1.00724040034443,1.00577815606987,0.980034088029914,1.02057475897696,1.00471020331249,0.985818122729226,1.00546291540482,1.00777790634088,1.04686882370433,0.97169865703116,0.942477866367532,0.988107980720963,0.994968211854641,1.03839697107805,1.05391977917033,1.02112958336543,1.01729891755311,1.02781591119466,58.5000151286029,58.501701740713,59.9999931528418,58.5008478729116,58.5010551010602,58.5003029240673,58.5006077024979,58.5000580588621,58.4995566398285,58.498253260815
19.7198464896312,311.207158073094,751.583923749018,0,700.602596512788,568.17179247101,728.971220001349,589.877851841712,580.55864205151,904.429043868422,983.371685390901,232.692629875138,188.616558528474,0,90.3585653134631,133.207450474427,262.73539999794,220.02134386157,25.0417381338688,77.7344905621708,262.080739916092,1.01958549298931,1.00802193770117,0.978125196102709,0.943069262209371,0.943233501826694,0.943714148779942,0.939088697423151,0.940881289751515,1.01403669494024,0.942370652140766,0.941971349968531,0.924465003015658,0.942475247542817,0.94576228993644,0.952867540272891,0.971873860272022,0.977023297475933,0.975831756004379,0.975198625969525,0.97092213146136,0.979208455739498,1.00715181698,1.00568871566592,0.97993152195637,1.02051476690509,1.00464707829352,0.985742151666385,1.00541609356611,1.00773542262164,1.04681841406243,0.971567232115274,0.942370652140766,0.988002892929918,0.994833936647043,1.03832003607961,1.05384372786507,1.02107407070372,1.01726341894313,1.02779693824594,58.5013597932927,58.5012145831837,59.9999931528418,58.5022671053729,58.5027946848766,58.501725915535,58.5020320540129,58.5015009606335,58.5014639104355,58.5004733777718
19.7840686761754,311.159229186267,751.211221415696,0,700.689936571548,568.325922174646,728.931179420305,589.937955599955,580.558428083484,904.401656437734,982.978198388298,232.760773032848,188.667981519899,0,90.4180158609396,133.110114733043,262.779970630111,220.057173180951,25.0545858119279,77.7421152877991,262.222015285291,1.0195564184459,1.00797652504179,0.978074908710188,0.943032065933298,0.943210433563851,0.943693381721794,0.939067733867182,0.940860199143732,1.01402269454614,0.942339347888748,0.941943448441207,0.924434293564295,0.942440566412108,0.945718904039975,0.952800108044184,0.971798636629181,0.976956148658262,0.975770394125805,0.975100755687022,0.970809586028048,0.979136955357647,1.00708512032048,1.00562119515395,0.979856428831838,1.02047493951819,1.00459092859073,0.98568159014673,1.00535698822203,1.00767609723406,1.04678630293302,0.971579042530941,0.942339347888748,0.987913111093417,0.994703950839681,1.03826118536081,1.05378469076133,1.02103654533958,1.01720508967359,1.02778982756638,58.5027011453381,58.5008807236887,59.9999931528418,58.5035125014035,58.5043013128119,58.5030572585362,58.5033494596727,58.5029074851361,58.5033467047852,58.5027738467124
19.8482908627197,311.028288034437,750.452577074829,0,700.722056310666,568.50182101811,728.883638760592,589.982625942151,580.520184630457,904.474945342466,983.44184075277,232.767424298637,188.793033542929,0,90.4484351083245,132.997032659919,262.79376350408,220.065358219574,25.0499747651824,77.7172702289717,262.11934505555,1.0195583894458,1.00796301129969,0.978065457036976,0.943056583268201,0.943263691476031,0.943752276890438,0.939122022587292,0.940912154063959,1.01404913563856,0.942379126338341,0.94198933713187,0.924473316197394,0.942474239850045,0.945737073697849,0.952778080730764,0.971762259423535,0.976924895010019,0.975746999095211,0.975035903153577,0.970726879311879,0.979101438952353,1.0070507845093,1.00558593577931,0.979819743699534,1.02045906519061,1.00455018561851,0.985645154065985,1.00529599262585,1.00761053168829,1.04677550902536,0.971710502006942,0.942379126338341,0.98785253079908,0.994600385428512,1.03823002622697,1.05375078916753,1.02102026415423,1.0171341048381,1.02779441460794,58.5041476024499,58.5014508247157,59.9999931528418,58.5046593818431,58.5055015471703,58.5043009368257,58.5045749092222,58.5043550060157,58.5050510557544,58.505071190243
19.9254410960583,310.830560766775,749.478123589327,0,700.683524656466,568.662220620452,728.770268875214,589.983104639523,580.444945462704,904.599643182812,984.865197045809,232.691693625691,188.959669341832,0,90.4312814907042,132.883515022682,262.763233871423,220.024814790774,25.0192050133563,77.6464186489035,261.750817405491,1.01959793020593,1.0079909594147,0.978106455365575,0.943145454236527,0.943389439479556,0.943885743828215,0.939247369719204,0.941033391929667,1.01411514354448,0.9424894129339,0.942106994846787,0.924581507276269,0.942577133735829,0.945821336210541,0.952815250209531,0.971781318430031,0.976944460012467,0.975774720680596,0.97502323289263,0.970695685308881,0.979119247477959,1.00706561507734,1.00559926345051,0.97983849871006,1.02047397568985,1.00453909988483,0.985647352580028,1.00525051767545,1.00755633496781,1.0467916436647,0.971939283454439,0.9424894129339,0.987837730585589,0.99454774269365,1.03824200342416,1.05375367632006,1.02103014892242,1.01706681682974,1.02781166241164,58.506114731957,58.5038052455553,59.9999931528418,58.5060480937881,58.5065708204193,58.5057407393895,58.5060042508489,58.506234325443,58.5067417874426,58.5077218942775
20.0025913293969,310.674814817519,748.916608310219,0,700.58447034216,568.688650187025,728.558080681787,589.905149618451,580.37435345399,904.639963547825,986.814810089604,232.532920518765,189.048633422001,0,90.3479302041225,132.839471213792,262.680894958229,219.924314575058,24.9612989790864,77.5417849757929,261.23349872784,1.0196686614302,1.0080636960742,0.978195756356972,0.943266703849052,0.943531329244365,0.94403247473721,0.939387055302237,0.941169481302853,1.01419279469472,0.942624801861311,0.942245943769941,0.92471432372662,0.9427089134541,0.945944194737411,0.952916400216301,0.971871976312833,0.97702910549413,0.975861925013584,0.975095258327367,0.970759909243165,0.979207841696297,1.00714734817211,1.00567890645061,0.979929521310929,1.02052467922313,1.00458615782604,0.985710438372637,1.00527038484293,1.00756776638806,1.04683685276262,0.972139784066646,0.942624801861311,0.987898396189024,0.994603002471162,1.03831390766287,1.05380897030957,1.02107006388571,1.01706165701221,1.02783601823922,58.5083274856832,58.5076454996313,59.9999931528418,58.5075817108157,58.5074379847557,58.5072549523788,58.5075269929576,58.5082939803014,58.5080901217107,58.5101772866069
20.0797415627356,310.6313049722,749.05199493319,0,700.461088753457,568.540941193181,728.252945813281,589.761012657192,580.34406498907,904.497542493688,988.858822678683,232.311174314885,188.996442698199,0,90.2053174000103,132.891876510503,262.556064739504,219.775144705506,24.8813678536022,77.4212489917686,260.686397385036,1.01975775540726,1.00817136405714,0.978318411104377,0.943389711270912,0.9436472180716,0.944147844976854,0.939499231329194,0.941279961115794,1.01426026523897,0.942747719802438,0.942366370726044,0.924834906147651,0.942834254296184,0.946075983744067,0.953065620472165,0.972023622180373,0.977169874323394,0.975997370974486,0.975247895731368,0.970920027749673,0.979357297176719,1.00728710436323,1.00581607956047,0.980082278575485,1.02060501029789,1.00469763250635,0.985834107039695,1.00537785035171,1.00767070755387,1.04690433428059,0.972235961102893,0.942747719802438,0.988031173063889,0.99477185314913,1.03843821479079,1.05391051396712,1.02113406714828,1.01714883707987,1.02786181905175,58.5106775670666,58.5119077981159,59.9999931528418,58.5093455559642,58.5084509860082,58.5090120051346,58.509301288482,58.5104804112276,58.5093264234612,58.5124012611592
20.1568917960742,310.717529813549,749.781680992708,0,700.342369525635,568.25144644083,727.92095935728,589.60205190862,580.366872301604,904.161290885709,990.717738168101,232.056263838285,188.812942725152,0,90.0279077312586,133.029818343761,262.409452186871,219.606561873448,24.7902701841418,77.3037060402857,260.182788787774,1.01985240939015,1.00829837926318,0.978456240519192,0.943498151744462,0.943724022584263,0.944219269445928,0.939571438344587,0.941352446126173,1.0143096121664,0.942842844240589,0.9424538376023,0.924928223160393,0.942936961879213,0.946198259705244,0.953238348154935,0.972210258215626,0.977344197730926,0.976159865615554,0.975453764757106,0.971146969982239,0.979540744697229,1.00745890809758,1.00598518668772,0.98027012387874,1.0207036055312,1.00486002557164,0.986001003136743,1.00556395522485,1.00785766493694,1.04698384360527,0.972223020952108,0.942842844240589,0.988212034615793,0.995023321070645,1.03859136369917,1.05403890675155,1.02121280153276,1.01732385793238,1.02788562947072,58.5129959769004,58.5153494876312,59.9999931528418,58.5113577038345,58.5099661584994,58.5111185151688,58.5114134232245,58.5126813107261,58.5107746859603,58.5143989636515
20.2340420294128,310.889984955372,750.685893194925,0,700.243518818704,567.917196303296,727.657040655857,589.494309383891,580.424965404776,903.71493764544,992.294561280086,231.803479587711,188.576640972832,0,89.8524622281258,133.206402516467,262.26931376402,219.455691064662,24.7029777231593,77.2037482176726,259.744986901427,1.01994151807193,1.00842555099685,0.978590364418438,0.94359073092593,0.943776436846195,0.944264544978898,0.939619192365639,0.941401335095796,1.01434632354459,0.942916936966189,0.942518638929091,0.925000908076746,0.943020278151137,0.946305304781842,0.953406017786578,0.972396031059613,0.977520086946051,0.976321907502141,0.97566801897838,0.971388282177252,0.979720950592011,1.0076265722237,1.00615050037998,0.980456253465203,1.020805116334,1.0050409880633,0.986179059519889,1.00578730000882,1.00808598156593,1.04706309795016,0.972161006372174,0.942916936966189,0.988401396733086,0.995296300443326,1.03874042789026,1.05416634394664,1.02129453746657,1.01754482116124,1.02790644863844,58.5151320383165,58.5172262616159,59.9999931528418,58.5135906424149,58.5121938332536,58.513544026741,58.5138190385344,58.5147897297553,58.5126981191901,58.5161974166664
20.3111922627514,311.063782609986,751.266437460155,0,700.174561634255,567.661637867111,727.529940045145,589.482168629339,580.481416183818,903.29934077645,993.599093697643,231.588033158284,188.393527648872,0,89.7172546168768,133.357382994551,262.163893743195,219.352910300928,24.6347249279947,77.1286032530967,259.368807275866,1.02001591969398,1.0085332081335,0.978703233325762,0.943673225535776,0.943830266259612,0.944313427247683,0.939669121201495,0.94145171793074,1.01438143484671,0.942986277840519,0.942581367707089,0.925068931430004,0.943096178853051,0.946398140298862,0.953541951682959,0.972545022423568,0.977664323277404,0.976455727866494,0.975841650900434,0.971584568297339,0.979861829009871,1.00775567312457,1.00627787191628,0.980604210759414,1.02089280223617,1.00519893856349,0.986330473647654,1.00598817921605,1.00829272198134,1.04712970291835,0.972133238732623,0.942986277840519,0.988555774115591,0.995519493744486,1.03885454505456,1.05426557606957,1.02136664320029,1.01774744862719,1.02792449821138,58.5170243513991,58.5176751089027,59.9999931528418,58.5159909423495,58.515095553467,58.5161182303696,58.5163517374711,58.5167639033125,58.5151692170364,58.5178287663719
20.4050740559793,311.15562751259,751.138237001211,0,700.150786130032,567.590177777591,727.546130476469,589.582651690394,580.502661057648,903.019311093054,994.798694563272,231.419288353759,188.347574915361,0,89.6453339032392,133.43067918022,262.110094362978,219.307825700557,24.5932092972259,77.0710109049936,259.008498858034,1.02007507667311,1.00861350403386,0.978790042563327,0.943759852210535,0.943915364656397,0.944398927542192,0.939751445478343,0.941532435028198,1.01442905878324,0.943073595119174,0.942668039150322,0.925154589624003,0.943184105733733,0.946487857816086,0.9536361998037,0.972639949684986,0.977760759862106,0.976549206667542,0.975945099514225,0.971697599848602,0.979946993976434,1.00783119692578,1.00635199259162,0.980696721303472,1.02095914126026,1.00530782613303,0.986433598893782,1.00612431747857,1.00843227727363,1.04717837546395,0.97221473454534,0.943073595119174,0.988648857800267,0.995644846867057,1.03892116120654,1.05432344353299,1.02142403558098,1.01788315605919,1.02794194522479,58.5190972648958,58.5176855181962,59.9999931528418,58.5190177778073,58.5190855258709,58.519119658894,58.5193025192204,58.5190547703572,58.5186507002678,58.5196372670036
20.4792156283653,311.095293716599,750.467217344575,0,700.189866914136,567.739367303125,727.611609612803,589.695454759985,580.475114788843,903.022808091984,995.335393086906,231.377958905813,188.452651409537,0,89.6674819758199,133.38459370319,262.129896755671,219.324335677605,24.5967156806836,77.0492109877711,258.843508473726,1.02009053203427,1.00862656209531,0.978808189205461,0.943805587493119,0.943984605980324,0.94447313240198,0.93982040191888,0.941598794494504,1.01446354054426,0.943132197337816,0.942731605264389,0.925212078362902,0.94323773999608,0.946528960832276,0.953645529030416,0.972638479896032,0.977764236656536,0.976557922078573,0.97592950777285,0.971672973956846,0.979942099551066,1.00782500709427,1.00634488716455,0.980693756745666,1.02097007976235,1.00531083990776,0.98643687522797,1.00612118170838,1.00842734018165,1.04718463060956,0.972352034150228,0.943132197337816,0.988636174262524,0.995610909531718,1.03891694044475,1.05431695913926,1.02143663455923,1.01787486366939,1.02794997921737,58.5207081491626,58.5184265183151,59.9999931528418,58.5213840468947,58.5221580190198,58.5212309056325,58.5213943702943,58.5208714217175,58.5214362035719,58.5209688684527
20.5533572007512,310.944318615486,749.647344672813,0,700.27339405236,568.009674653844,727.61832315961,589.767137990672,580.427578845639,903.176295676306,995.316414905493,231.431179208105,188.640314618455,0,89.7511452083905,133.272490315859,262.205660205314,219.373928523188,24.6328413939025,77.0530519594913,258.860476285208,1.02007225454477,1.00858812012368,0.978770096514049,0.943801560964156,0.944011459551228,0.944505801371567,0.939849338095725,0.941625846925337,1.0144754089023,0.943143635635223,0.942749828298381,0.925223299313018,0.943242432942932,0.946516539230896,0.953589664666326,0.972568697483272,0.97770033676801,0.976502898150765,0.975832563669154,0.971556148647986,0.979876667354321,1.00776590819297,1.0062847080677,0.980624224068891,1.02093734270724,1.00523944769029,0.986369091502822,1.00602411538326,1.00832549827573,1.04715769003816,0.972463662491331,0.943143635635223,0.988550827051337,0.995472020120487,1.0388683770706,1.05426720696805,1.02141293734746,1.0177702559733,1.02794895562654,58.5224551128637,58.5205546430856,59.9999931528418,58.5236205621362,58.5247774192346,58.5231066834562,58.5232764474892,58.5227739787599,58.5239220032404,58.5222717795841
20.6274987731372,310.783259133152,749.143747834286,0,700.384493267142,568.305610722304,727.523350802546,589.767309103643,580.395662241403,903.374657037251,994.59193583867,231.555392601156,188.785946337057,0,89.8621638340652,133.133866765282,262.298180662745,219.424403774346,24.6865980961353,77.0743422380338,259.095961092053,1.02002258666009,1.00851078392267,0.978689914982301,0.943746869537852,0.943980383485949,0.944478821336261,0.939821306981715,0.94159730186379,1.01445486075737,0.943099994026046,0.942711557989941,0.925180486922273,0.943193464055855,0.946453879893647,0.953492127379121,0.972460259051131,0.977595724924332,0.976406495038882,0.975692515104177,0.971392600658427,0.979780628314667,1.00768244352769,1.00619997423298,0.980518305522411,1.0208720733438,1.00512359959925,0.986258738774066,1.00587477628601,1.00817037376571,1.0471049985859,0.972498081467327,0.943099994026047,0.988426259138309,0.99528177408424,1.03880055359736,1.05419737284439,1.02135976970764,1.01761329267417,1.02793737446882,58.5244045644629,58.5239211502946,59.9999931528418,58.5256562888729,58.5267812918285,58.5248735630829,58.5250681525441,58.5247671767976,58.5259431128015,58.5236162765776
20.7016403455231,310.708495940028,749.207821183196,0,700.494709408247,568.534178185668,727.359340933332,589.723267286466,580.410146323792,903.514581406566,993.154162227118,231.724706012823,188.821585718621,0,89.9697206998877,133.014107683148,262.389900200482,219.471682051463,24.7444152326572,77.0988641667689,259.539564713364,1.01994903423772,1.00841038608073,0.978581820930547,0.943641477053678,0.943879381617639,0.944377833926425,0.939723689158259,0.941501393341259,1.01439728320802,0.942994909479578,0.942607872256952,0.925077399060995,0.943087017507805,0.946343629154164,0.953371493813144,0.972337019660573,0.97747408641488,0.976289116670711,0.975545471113274,0.971227287766006,0.979674080438662,1.00759123509504,1.00610759093132,0.980398942268815,1.02078843849098,1.00499722353529,0.986135143309088,1.00572320564172,1.00801489800943,1.04703680395666,0.972407143189905,0.942994909479577,0.98829413025134,0.995095110985231,1.03872629395284,1.05412129574599,1.02128766811145,1.01745827571806,1.02791582111556,58.5265041286348,58.5276952114096,59.9999931528418,58.5274646413167,58.5282110101025,58.5266706317232,58.5268943308434,58.5267792407065,58.5275057586451,58.5250813781358
20.7757819179091,310.775340426093,749.803012452112,0,700.570944400299,568.627058536347,727.190736112081,589.680905963549,580.474213636301,903.519728543156,991.215267075696,231.909897200334,188.743929398745,0,90.0553771684565,132.952669453776,262.47311844539,219.520995088215,24.7970468227328,77.1273755024415,260.124735678127,1.01986301334144,1.00830349150197,0.978461969752046,0.9434995863517,0.943721936003272,0.944216253062202,0.939569649915051,0.94135114438562,1.01431100077755,0.942842137021539,0.942452393812559,0.924927529390293,0.942936988911389,0.946200153000262,0.953243336592259,0.972215279428961,0.977353346881965,0.976168118731058,0.97541633993861,0.971090606657854,0.979567509945175,1.0074985860585,1.00601403536081,0.980280655159743,1.02070014510112,1.0048857142996,0.986020343314919,1.0056050231245,1.00789650229228,1.04696376267152,0.972202560959703,0.942842137021539,0.988176997456199,0.994948703922449,1.03864892373791,1.05404354629887,1.02120828217073,1.01734338821375,1.02788753166121,58.5286002285265,58.5308489555882,59.9999931528418,58.5290790973076,58.5292822746744,58.5285572297432,58.5287986627949,58.5286989013106,58.52876396229,58.5267346875529
20.8499234902951,310.975318311829,750.619970921625,0,700.609743409404,568.581470281577,727.108668699299,589.702757193862,580.569813962245,903.382548048569,989.189291404189,232.076759349068,188.60258774692,0,90.1098628583092,132.954911857558,262.535033588932,219.57362498226,24.8355830028786,77.1542199816745,260.725151934804,1.01978025467403,1.00820809289507,0.978351457610296,0.943353417499618,0.943549372546169,0.94403743842999,0.939399947837462,0.941186018221666,1.01421756901993,0.942679179758544,0.942284472292107,0.924767668433354,0.942779030991059,0.946054491799823,0.953127393196424,0.972110916830926,0.977250754245215,0.976062145535338,0.975321529151174,0.970999778595993,0.979472025641041,1.0074124359021,1.00592749926308,0.980177868137406,1.02062203817934,1.0048060777791,0.985931366830493,1.00553815631753,1.0078331407686,1.04689763789448,0.971951363920609,0.942679179758543,0.988089849055577,0.994861053443722,1.03857420212789,1.05397177514002,1.02113529528889,1.01728603434821,1.02785860463073,58.530507998803,58.5326794758571,59.9999931528418,58.530570559103,58.5302906763051,58.5304687927027,58.5307099501181,58.5304321012117,58.529944106126,58.5286089190595
20.924065062681,311.227629611831,751.248774562766,0,700.628868286833,568.452356970246,727.154763682841,589.817586505857,580.663870863397,903.163102155143,987.571897977842,232.197803353245,188.476595711658,0,90.1372868236106,132.999244889784,262.578831875312,219.633069807582,24.8561849500528,77.1722694497567,261.195401517167,1.01971677808885,1.00813806543129,0.97826767396973,0.943237631645869,0.943410810240678,0.943893515301735,0.939263629357032,0.941053504550072,1.01414324750846,0.942548726951043,0.942149786222428,0.924639694318146,0.942652847195312,0.945938876700297,0.953037105387545,0.972030826930318,0.97717485362541,0.975982970823436,0.975260313152065,0.970949592808336,0.979391941895174,1.00733524996423,1.00585038146738,0.980096666181896,1.02056476882683,1.00476084221077,0.98587328399571,1.00551708174076,1.00781754160863,1.04684792842751,0.971743764540488,0.942548726951042,0.988032460535878,0.994822124044267,1.03850357347479,1.05390711711957,1.02107947511279,1.01727701138,1.02783600817173,58.5321038049166,58.5331576836061,59.9999931528418,58.5319960302346,58.5314780740168,58.532234150382,58.5324606755839,58.5319441106432,58.5312338284244,58.5306861234093
20.9830929189009,311.391776301895,751.396527695085,0,700.641862000506,568.338193222601,727.256422968289,589.954077162406,580.713654540687,902.977148529427,986.859522857934,232.24943967126,188.449700284237,0,90.149229550666,133.045755124982,262.604182739252,219.679042537401,24.8607623338989,77.1869058316681,261.387677035223,1.01968924893679,1.00810423756678,0.978224789307994,0.943180516267322,0.943345567581581,0.943825957830521,0.939200290836048,0.940992215575512,1.014111374017,0.942485360317639,0.942085098832672,0.924577531663076,0.942590839478219,0.945880263981017,0.952985946244742,0.971983510141369,0.977132727050097,0.975940311356902,0.975226281126105,0.970923889160941,0.979339999664331,1.00728216846085,1.00579739332715,0.980047077916353,1.02053591756828,1.00474165391856,0.985844391244885,1.00551622982093,1.00782064927079,1.04682235727788,0.971647707983693,0.942485360317638,0.988000176977839,0.994805111575675,1.03845323642924,1.05386179602269,1.0210502741719,1.01728420679148,1.02782670590233,58.5331486806397,58.5329697795385,59.9999931528418,58.5330995492847,58.5326285735117,58.5334205544293,58.5336310993228,58.5330143788131,58.5323979945445,58.5324432055958
21.0421207751208,311.460502665876,751.214418352931,0,700.666868873619,568.273179002584,727.366696584324,590.092626430092,580.728024930941,902.841889990898,986.796927372727,232.251896487379,188.457373970792,0,90.1466250489219,133.062902392184,262.609647322423,219.705010658435,24.8507695781361,77.1735055794586,261.410432217106,1.01968390324762,1.00809778101032,0.978216750442965,0.943176802690042,0.943347266274056,0.943828693120393,0.939202302904228,0.94099387145468,1.01411103045614,0.942483912237743,0.942084989747583,0.924576111102865,0.942588061690963,0.945874106164302,0.952970401744919,0.971965133275082,0.977119791505547,0.975929045759715,0.975213270868063,0.970915597124809,0.979314036580529,1.00725195768644,1.00576701336959,0.980025772152746,1.02052936859828,1.00474342573116,0.985839915672089,1.00552981560691,1.00783627307702,1.04681590570283,0.971664175158741,0.942483912237744,0.98798661323249,0.994801661145673,1.03842255885649,1.05383344668903,1.02104085372514,1.01730041005168,1.02782561812307,58.5340660652308,58.5328110748906,59.9999931528418,58.5341687773144,58.5339326926018,58.5343628901497,58.5345605164304,58.534024648969,58.5336643011738,58.5342346452896
21.1011486313407,311.415116909851,750.749926542159,0,700.699280331146,568.281573134884,727.423040699499,590.188390430334,580.706162018046,902.773878478025,987.394160489031,232.204975924204,188.521726364974,0,90.136154267852,133.047218038212,262.599128220217,219.703233142539,24.8297551769681,77.1455099432567,261.243678771633,1.01970320670722,1.00811483040786,0.978236841529531,0.943214513755132,0.943400090204547,0.943884619713815,0.939255016471888,0.941044945034337,1.01413951802832,0.942529835955042,0.942134090942445,0.924621162236403,0.942630801513448,0.945908828526567,0.952983877959396,0.971970842540808,0.97713005363236,0.975942978568233,0.975211718258731,0.970911706300295,0.979313487889236,1.00724681419233,1.00576124864017,0.980029300630222,1.02054050695607,1.00475626644747,0.985851669012414,1.00554324737447,1.00784892487686,1.0468250279205,0.971757060533964,0.942529835955041,0.987983310705061,0.994794751978859,1.03841528306376,1.05382413317335,1.02104798937684,1.01730952674689,1.02783351380518,58.5349664069114,58.5331264486082,59.9999931528418,58.5351887477066,58.5352862517607,58.5350930038604,58.535285128646,58.5350409790637,58.5349599924379,58.536002363308
21.1765816910753,311.213927636491,750.051066693301,0,700.718973477553,568.383312514895,727.330198614233,590.184425206076,580.636678673688,902.756908257198,988.925448823739,232.083302402085,188.619599263735,0,90.1038368744762,132.980243650096,262.554596245063,219.643794494084,24.7877868029556,77.0828226621203,260.829606758949,1.01975714634341,1.00816867003515,0.97830131768218,0.943311628054417,0.943522216048004,0.944012267607276,0.939375777168371,0.941162220123111,1.01420516830918,0.942641887149807,0.942251081792295,0.924731084384138,0.942737878249379,0.946003442961349,0.953046042795518,0.972019878736624,0.977181339685551,0.975999536316547,0.975235165360688,0.970922815362073,0.97935965316912,1.00728808088073,1.00580081507618,0.980077831628485,1.02057934786677,1.00479308481389,0.985894632131013,1.0055677362564,1.00786908489213,1.04685849656792,0.97195041913489,0.942641887149808,0.988001940428301,0.994791990976669,1.03845141936353,1.05384867946269,1.02107949436285,1.0173200630813,1.02785309003769,58.5362788673833,58.5346241063464,59.9999931528418,58.5364342510372,58.5368987560665,58.5359090504776,58.5361059125132,58.5364466613716,58.5365420789725,58.5381406961432
21.2520147508098,310.950237077769,749.5412446664,0,700.685899437101,568.534591882842,727.036168150601,590.028622766724,580.5489233343,902.766268095277,990.955455413959,231.912113156737,188.688420593782,0,90.0445036448467,132.887411676982,262.482667509102,219.53012050822,24.7339163848291,76.9946425619271,260.298400940764,1.01983262228099,1.00824849517744,0.978394364857584,0.943431372213757,0.943659784099151,0.944154078516819,0.939511123548952,0.941294241850785,1.01428137859183,0.942773662232116,0.942386000813462,0.924860355654586,0.942866460082825,0.946124155757093,0.953146201617412,0.972109864960642,0.977268638349415,0.976089770340182,0.975291987773795,0.970962892873471,0.979453038380169,1.00737818617119,1.0058884235944,0.980170010096886,1.02063783517633,1.00485372417677,0.985966504188281,1.00561089322703,1.00790614574464,1.04690945544838,0.972138167140943,0.942773662232116,0.988050380368763,0.994813469888818,1.03853398458275,1.05391102225636,1.02112866034866,1.01734372319889,1.02787797803919,58.5378985181243,58.5372578545263,59.9999931528418,58.5376869252553,58.5382393061918,58.5368836699558,58.5370930845726,58.5380371340854,58.5379741471749,58.5400771053077
21.3274478105444,310.750440931932,749.469426519483,0,700.587921950279,568.636753401413,726.614793093665,589.77584161334,580.479387510499,902.71683239603,993.042338067263,231.712042974191,188.674218025607,0,89.9532853556994,132.821665162169,262.382465335163,219.379981324115,24.6714830074968,76.895522954317,259.760801337417,1.01991674898328,1.00834442844715,0.978503134209712,0.943548697300087,0.943778252812296,0.944273522767187,0.939626624408193,0.941407651622055,1.01434966398273,0.942894644267101,0.942506422950534,0.924979038952928,0.942987941987233,0.94624716610685,0.953272840492072,0.972234069707451,0.977385383733032,0.976204747769523,0.975389077697541,0.971047192737491,0.979584258366455,1.00750661023738,1.00601413932407,0.980298145726213,1.02070911400353,1.00494154500684,0.986066383231361,1.00568783164823,1.00797790145131,1.04697060229203,0.972259067390776,0.942894644267101,0.988134921407595,0.994883892678892,1.03865206881109,1.05400480705205,1.02118842933232,1.01740150212522,1.02790304353856,58.5398227867748,58.5404437087616,59.9999931528418,58.5390628081188,58.5393069644439,58.538292379631,58.5385130095883,58.5398130408162,58.5392861639267,58.5417800362306
21.3848663234554,310.702735091298,749.729041350624,0,700.481706148205,568.628723097565,726.291105791853,589.580379509999,580.455838852421,902.604731894825,994.442397469583,231.554324549455,188.59989253705,0,89.864420365062,132.818735715697,262.29401020727,219.261900414273,24.6213151762613,76.8210381415531,259.399935429643,1.01997902336083,1.00842141002141,0.978588183789303,0.943625638520266,0.943843622110729,0.944337140394512,0.93968941004827,0.9414699277519,1.01438945936712,0.94296775626508,0.942576449078718,0.925050761776169,0.943064093078801,0.946331229790059,0.953377094760228,0.972342585893024,0.977486288033128,0.976300828878836,0.975489038006324,0.971145194095952,0.979697270049689,1.00761642079685,1.00612214329165,0.9804095870627,1.02076730295693,1.00502554633039,0.986157280960681,1.00577386885323,1.00806199410836,1.04701915310951,0.972290749866405,0.94296775626508,0.988222723158178,0.99498020582743,1.0387521524577,1.0540873530703,1.02123661285071,1.01747637525406,1.02791986307719,58.5414079667895,58.5427382865545,59.9999931528418,58.5402590946577,58.5400440564949,58.5397315569164,58.5399547773907,58.5412486291238,58.5402853338409,58.5429257108076
21.4422848363664,310.761352715552,750.164006441744,0,700.372621528038,568.523457957249,726.043856813811,589.441803304133,580.464335195411,902.423068519676,995.558055114251,231.404712386154,188.486999832099,0,89.7664490147921,132.87026601164,262.204734321801,219.160153688229,24.572469136936,76.7545505785872,259.105605540609,1.02003441171128,1.00849538776816,0.978668339142536,0.943688232362927,0.943887264042221,0.944377527992702,0.939730396840382,0.941511136635604,1.01441772874305,0.943022356652423,0.94262645787745,0.925104324721171,0.943123242891813,0.946402119336496,0.953478227360209,0.972451982148701,0.977588040555017,0.976395606230767,0.975603921184206,0.971267228661158,0.979807639211739,1.00772167437979,1.00622607900239,0.98052073109891,1.02082442673694,1.00511862299616,0.986253684431708,1.00587948390909,1.00816793050665,1.04706520341932,0.97227997976857,0.943022356652423,0.988324132331809,0.995110903950122,1.03884664998148,1.05416813318764,1.02128325452666,1.01757545895035,1.02793366362891,58.5429806053454,58.5445379457019,59.9999931528418,58.541612496638,58.5408778067189,58.5414449120871,58.541662339073,58.5426979888238,58.5413830146824,58.543962705949
21.4997033492774,310.904590942768,750.626239371241,0,700.286205622897,568.334947198005,725.920403179603,589.395775173508,580.501017855139,902.196083047587,996.357546798109,231.273465706057,188.364391340898,0,89.6705221038673,132.970396720493,262.125375122348,219.088141577935,24.5289262233216,76.7002388998321,258.882155623771,1.02007962151272,1.00856064246029,0.978738159703854,0.943737228841709,0.943915554502023,0.944402171446296,0.939756191823579,0.941537458254186,1.01443700026965,0.943062046705383,0.942661293805379,0.925143260637722,0.943167752919139,0.946459040692965,0.953567430463104,0.972550933298028,0.977680744953879,0.976480696124288,0.975721073458102,0.971399802110819,0.979902776997252,1.00780965691181,1.0063133050266,0.98061964547349,1.02087618452931,1.00521132103843,0.986346002205306,1.00599267140523,1.00828334863729,1.04710513178477,0.972249381369393,0.943062046705383,0.988427925493947,0.99526150473329,1.0389239001162,1.05423694321205,1.02132498922257,1.01768660226087,1.02794429558637,58.5444417999854,58.5456956231574,59.9999931528418,58.5431070364868,58.5419585880299,58.543308515099,58.5435107662442,58.5441068801882,58.5426524655043,58.5449169221685
21.5571218621884,311.084599163296,750.967079680429,0,700.241474935287,568.10550482932,725.931988955803,589.450478494996,580.554979580682,901.965849322959,996.859382693893,231.170142093248,188.263869758406,0,89.5897586315452,133.097868699082,262.06637509005,219.052341244006,24.4949641606,76.6603910311583,258.725245040143,1.02011247200835,1.00861168295988,0.978792660595525,0.943774545355553,0.943936414547708,0.944420170921721,0.939774971911414,0.941556613699405,1.0144507774696,0.943091854497662,0.94268728890381,0.925172502062842,0.943201349350153,0.946502403727063,0.9536365991714,0.972628463034467,0.977754440227805,0.976547869976781,0.975824382914071,0.97152330777435,0.979972152520413,1.00787064540689,1.00637400891452,0.98069533595284,1.0209180625902,1.00529159204757,0.986423142430949,1.00609607295872,1.00838994474476,1.04713564537926,0.972224065498979,0.943091854497661,0.98851976385163,0.995408423910286,1.03897561905879,1.05428553170157,1.02135847046326,1.01779111677176,1.02795195788504,58.5457287450919,58.5462765404817,59.9999931528418,58.5446929466647,58.5433896801269,58.5451604829097,58.5453393658211,58.5454341117701,58.5441249508416,58.545814848233
21.6341581696613,311.284693110369,751.07061477561,0,700.254667352868,567.844036198729,726.09837787503,589.634732002599,580.626548690815,901.736248887941,997.142972047236,231.088440370007,188.2047629608,0,89.5263767920314,133.253417470639,262.03233756626,219.056202576599,24.471246873418,76.6295622265048,258.60974273783,1.02013494942039,1.00864968255255,0.978834192284655,0.943807569181,0.94396138236846,0.944443938048699,0.939798238032908,0.941579654991478,1.01446472231164,0.943121476922429,0.942715004602542,0.925201561642513,0.943232863387681,0.946538851552066,0.953686955516671,0.972683974016854,0.977809079803894,0.97659792758247,0.975912615338555,0.971636469716771,0.980014086936457,1.00790245735584,1.00640576775365,0.980746756032801,1.02095115074498,1.00535848604659,0.986484575980701,1.00618671063776,1.00848418205808,1.04715698036502,0.972227574034077,0.943121476922429,0.988598608523846,0.995550447085549,1.03900001775059,1.0543114283607,1.02138494838702,1.01788452109607,1.0279578819006,58.5471805804395,58.5466233098685,59.9999931528418,58.5468384784926,58.5458605677523,58.5473650365933,58.5475071096299,58.5470621264364,58.5463559111509,58.546973911903
21.7111944771341,311.354421540836,750.771611126217,0,700.330432918012,567.748585031041,726.30763049136,589.846988947534,580.668824251332,901.661176959464,997.055851128355,231.080079690569,188.243112830552,0,89.5283689997001,133.328561359333,262.0538708641,219.099479938898,24.4767052212213,76.6214145205161,258.602938329438,1.02013180476635,1.00864739976478,0.978833968386065,0.943817488798007,0.943980615840648,0.944465157537473,0.939817363689329,0.941597786251545,1.01447271550651,0.943136313756138,0.942731872086915,0.925216116566891,0.943245674491571,0.946546550103658,0.953682644133409,0.972676615328119,0.977804816328135,0.976594881357797,0.975921310799745,0.971657174830356,0.979996804401067,1.0078803683811,1.0063834720842,0.980735640337688,1.0209517949212,1.00536286991104,0.986485349799251,1.00619697112827,1.00849535510891,1.04715275206547,0.972274576219635,0.943136313756138,0.988606988045737,0.995585247411113,1.03897848587539,1.0542934257281,1.0213858533401,1.01789556141962,1.02795857679127,58.5484322816246,58.547149894983,59.9999931528418,58.5488758114297,58.5487305328102,58.549099683464,58.5492114276452,58.5485499761788,58.54869071407,58.5481214570746
21.788230784607,311.27148353672,750.263043459549,0,700.428778823828,567.883219390924,726.409714820868,589.974995728575,580.667147691798,901.749800501808,996.633158628036,231.143638456647,188.348317071919,0,89.5947219463293,133.283203366528,262.122189474756,219.15469127448,24.509963187953,76.6303102837891,258.716017815246,1.02010403114844,1.00860504132941,0.978791023362667,0.943796367061532,0.943979788157271,0.944468127245036,0.939818122946684,0.94159748320919,1.0144685886071,0.943125049304982,0.942725179844098,0.925205066147562,0.943229860420283,0.946519094594585,0.953625704707536,0.972610716697284,0.977744000612797,0.976540034883153,0.975845641392376,0.971573938855956,0.979931100381637,1.00781841479973,1.00632076384661,0.980668638696726,1.02091840012384,1.00530260623238,0.986425242778619,1.0061219292771,1.00841782727162,1.04712312739673,0.972331155751758,0.943125049304982,0.988540246710897,0.995493700646056,1.03892558549017,1.05424169178806,1.02135959272465,1.01781753105575,1.02795325935096,58.5496796299457,58.548445184887,59.9999931528418,58.5507174367833,58.5515531249025,58.5504126409044,58.5505147193105,58.549984509809,58.5508578083362,58.5492984421493
21.8911297044944,311.043034843314,749.773516344982,0,700.538675439924,568.323091956771,726.262701221104,589.933774942239,580.621585537578,901.988437709981,995.538464169327,231.311524115505,188.486599887303,0,89.7447287589679,133.072508434612,262.247720824608,219.213683783063,24.5803895889501,76.6582103245555,259.066490067506,1.02003613598476,1.00850242901117,0.978681257196086,0.943710836489067,0.943918343214366,0.944410553165657,0.939760784602117,0.941540265624192,1.01443162213197,0.943049861217595,0.94265569880594,0.925131306682578,0.943149015187912,0.946423595109493,0.953491454521405,0.972464303129614,0.977604213880943,0.976410341260845,0.975654418208973,0.971348450488907,0.979802640970755,1.0077074208335,1.00620802624774,0.980526104492278,1.02083289074343,1.00515617604705,0.986282464525241,1.00593893734913,1.00822885143272,1.04705393153286,0.972334074918324,0.943049861217595,0.988370119557094,0.995229247590389,1.03883565095245,1.05414765647651,1.02128995258373,1.01762798924598,1.0279360617831,58.5516116879638,58.5514497888229,59.9999931528418,58.5528649953377,58.5544521050896,58.5519602409042,58.5520890300868,58.5519684808897,58.5531325734704,58.5509878501659
21.9940286243819,310.889876582305,749.858267433991,0,700.612125396275,568.786724783723,725.9113226361,589.748881190268,580.590783665817,902.150578132128,993.928032253148,231.517522184358,188.526083773007,0,89.8991635328859,132.824618307823,262.364773526614,219.253591867391,24.6516686746704,76.6926762106225,259.593021421777,1.01994966983611,1.00837963460888,0.978544116148547,0.943573033672323,0.943784455734087,0.944276072461151,0.939631842526381,0.941414038073295,1.01435873604377,0.942910776824627,0.94251819635657,0.924994864982304,0.943008405805824,0.946278699931464,0.953332653815069,0.972301415509382,0.977446566760445,0.976259464325947,0.975440294141245,0.971094987477352,0.97966722729179,1.00759492192013,1.00609384868171,0.980370316347858,1.02072836359757,1.0049982273391,0.986125473376437,1.0057526007008,1.00803828889037,1.04697094834429,0.972203370819553,0.942910776824627,0.988178060314992,0.994930284114148,1.03874570492521,1.05405205541619,1.02120079637028,1.01743873243295,1.02791009020237,58.5538707196848,58.5549719584618,59.9999931528418,58.554729527236,58.5559783610156,58.5537732803969,58.5539521497887,58.5540662312033,58.5546614969496,58.5528863582278
22.0703446310745,310.920568663565,750.282809617928,0,700.651123646543,568.958178642983,725.681675833065,589.643276693845,580.610361984579,902.108279738404,992.590234804988,231.653900230432,188.474767516984,0,89.9778479556728,132.714678142663,262.421917077006,219.280822503252,24.6876466189324,76.7166230786473,260.018761584943,1.01988736498119,1.00829860778143,0.97845004116039,0.943460421066957,0.943659868846246,0.944148084084742,0.939510434945136,0.94129587133198,1.01429275475136,0.942789191872915,0.942394644191955,0.92487559022314,0.942888828555719,0.94616392862915,0.953227732511659,0.97220047640016,0.977349010140074,0.976162795142148,0.975318428875883,0.970956631617809,0.97958227879964,1.00752307238873,1.00602139455687,0.980273518159565,1.02065907397785,1.00491285700718,0.986035338981876,1.00566618991303,1.00795257360761,1.04691507210815,0.972038580783075,0.942789191872914,0.988067468014805,0.99477227459775,1.03868601850594,1.05399155114731,1.02113816239029,1.0173564701855,1.02788920639496,58.5556126564917,58.5570992923556,59.9999931528418,58.5559779913343,58.5563899568109,58.5554160001054,58.5556220302656,58.5556305109791,58.555504797294,58.5544633785102
22.1466606377671,311.075668395525,750.779388303709,0,700.689214293063,568.913291628867,725.617905231939,589.66523653706,580.671369533061,901.925532694451,991.435894972079,231.744319154321,188.386292301587,0,90.0071879628881,132.710573272156,262.446587555767,219.316276803353,24.7003921333917,76.7311577145122,260.368317910196,1.0198401890933,1.00824339756712,0.978383381317529,0.943369126602234,0.943551220734496,0.944035225896774,0.939403853210466,0.94119239599278,1.0142357247294,0.942686518498007,0.942288773448389,0.924774867708574,0.942789382294175,0.946072462457067,0.953154652433865,0.972134471392992,0.977286783695253,0.976098709162313,0.975255259764257,0.970894981259384,0.979520662529785,1.00746604928366,1.00596453021318,0.980208192358882,1.02061207221741,1.0048733890677,0.985986375211714,1.00564389840032,1.00793412582816,1.04687540605745,0.971875697353255,0.942686518498007,0.988008358248342,0.994711119409682,1.03863426279396,1.05394406411388,1.02109184694974,1.01734245414054,1.02787223751856,58.5572117564603,58.5583476176021,59.9999931528418,58.5571322696884,58.5566491366723,58.557151549807,58.5573578188865,58.5570955117605,58.5563783307095,58.5561831660256
22.2229766444597,311.274548587286,751.095625772643,0,700.718975110613,568.700098814167,725.735623294157,589.819354481249,580.747194315827,901.671412572145,990.778466186684,231.773334064442,188.309170146612,0,89.9901081216886,132.793927326416,262.442227124877,219.354230999884,24.6903378037237,76.7304724833927,260.552721134068,1.01981758047924,1.00822176295249,0.978355136461003,0.943322372628415,0.943491351263286,0.943972401846489,0.939344727410585,0.941135111493042,1.01420443791449,0.942631531985948,0.942231306159851,0.924720925975664,0.942736891683432,0.946026219844765,0.953123258079594,0.972108936169757,0.977265314010614,0.976074656408416,0.975251020624016,0.970906569464618,0.979487288327931,1.00742833962885,1.00592739721528,0.980179666139058,1.02059359512879,1.00487737158277,0.985979522544125,1.00567394227644,1.00796922162317,1.0468575621542,0.971775839591576,0.942631531985947,0.988001452443174,0.994739534108068,1.03859514728479,1.05391213146624,1.02106893701232,1.01738110642623,1.02786344462104,58.5585530545456,58.5588174502608,59.9999931528418,58.5582025251894,58.5571855732526,58.5586963043798,58.5588760300163,58.5583946925052,58.5574655246714,58.5580066613884
22.2992926511523,311.416702250522,751.084848945342,0,700.725535102558,568.441405752037,725.940509679447,590.029140451202,580.800677428127,901.445788098237,990.85422859652,231.737055329212,188.278267541186,0,89.9406909103327,132.906133699394,262.415610894968,219.375869352744,24.662789818377,76.7085938733446,260.518272721514,1.01982461291177,1.00823471860442,0.978368304359937,0.943331864179433,0.943498462353983,0.94397913076072,0.939351355435061,0.941141691160817,1.01420851832701,0.942639702376561,0.942239004450834,0.924728941123496,0.942745531228128,0.946036092659684,0.953136100047697,0.972123075675151,0.97728266713948,0.976090546277283,0.975290640444274,0.970966093946986,0.979486534057093,1.0074174364325,1.00591684633985,0.980188859343106,1.02060338356375,1.00491155056132,0.986006434748751,1.0057294844647,1.00802822907022,1.04686276737338,0.9717753772378,0.942639702376561,0.988033844474118,0.99482088611731,1.03857815978828,1.05390025363311,1.02107127723492,1.01744027574718,1.02786524318926,58.559645755843,58.5589899204414,59.9999931528418,58.5592216824311,58.5582416630403,58.559830967154,58.5599731550608,58.5595370947781,58.5588104289937,58.5598633027439
22.3756086578449,311.428225281681,750.775878746695,0,700.697523797566,568.267007523218,726.074316132034,590.174924292456,580.804444299795,901.32300276588,991.726893952169,231.643094425319,188.29789116049,0,89.8763112415094,132.982086705525,262.372136533628,219.357560137205,24.6246138567704,76.6626755537415,260.267142101838,1.01986046704676,1.00827747283534,0.978418012699228,0.943393637967357,0.943568773694465,0.944051577914155,0.939420247531789,0.941208792071793,1.01424649947998,0.942707223242942,0.942308059641001,0.924795179049702,0.942811496102588,0.946098255900068,0.953189031033512,0.972172133170108,0.977332406602574,0.97614058054938,0.975353748390776,0.971041994748016,0.979521952678094,1.00744191184089,1.00594081917473,0.980233787650581,1.02063616530026,1.00496051043108,0.986055602035207,1.00578462030991,1.00808314451817,1.04688831847595,0.971869994317946,0.942707223242942,0.988087792628742,0.994911088177262,1.03859453814868,1.05391426333523,1.0210957395428,1.01749026050675,1.02787729294372,58.5606186817976,58.5594603264113,59.9999931528418,58.5602486320677,58.5597793558003,58.5605451040993,58.5606608072049,58.5606083920968,58.5603107550048,58.5616653424784
22.4519246645375,311.30210159982,750.345889877631,0,700.636310666428,568.248595960186,726.002872981843,590.160512711484,580.755759740636,901.314220949444,993.249292430535,231.506478960997,188.342040485755,0,89.809616917289,132.984021505624,262.31403394314,219.284998410453,24.5813604611104,76.5947995012155,259.856334217296,1.01991863293958,1.00834169237578,0.978493909010561,0.943490476244234,0.943679282183407,0.944165436141561,0.939528733273873,0.941314540642881,1.01430689727574,0.942813577328875,0.942416754972862,0.924899512339214,0.942915471171893,0.946196404128532,0.953273017400296,0.972249343219707,0.977406547245267,0.97621595641092,0.97542471401982,0.971112324597541,0.979593781593406,1.00750629462578,1.00600358560423,0.980310025116233,1.02068434263253,1.00501453515996,0.986118078884345,1.00582778379491,1.00812211836087,1.04692873359708,0.972019084826871,0.942813577328875,0.988149504754288,0.994981033032364,1.03865080401073,1.05395795188845,1.02113593962355,1.01751926490402,1.02789668387047,58.5616558258523,58.5606298095656,59.9999931528418,58.5613517245065,58.561535423393,58.5610713416748,58.5611861791958,58.5617301636828,58.5617907374897,58.5633298228153
22.5282406712301,311.098026038184,750.019336740314,0,700.555775387749,568.367120439967,725.694434049365,589.968942912643,580.678479401612,901.363846089528,995.105551081409,231.346044654714,188.371338827388,0,89.7449946014951,132.919543859846,262.242216368014,219.164214293773,24.5360428510665,76.5127219123924,259.376589929508,1.01998875280118,1.00841783774145,0.978583282061919,0.94359897633549,0.943798327643904,0.944287251560697,0.939645433509777,0.941428591511601,1.01437332631914,0.942930502018013,0.942535180793491,0.925014215383706,0.943030846657194,0.94630807990379,0.953375814757118,0.972346191890356,0.977496775722351,0.97630672858401,0.975497376184067,0.971172471701988,0.979695462206344,1.00760549608269,1.00610034144559,0.980409667028495,1.02074047860501,1.0050723296724,0.986189559196867,1.00586532627559,1.00815321703998,1.04697740225383,0.972166934269655,0.942930502018013,0.988213355808732,0.995027714343742,1.0387425116193,1.05402869495063,1.02118443771197,1.01753735071149,1.02791905799081,58.5629045745042,58.5625180667697,59.9999931528418,58.5625832654597,58.563185799319,58.561781215435,58.561918558152,58.5629990723527,58.563109350864,58.5648003301499
22.5876554064981,310.945823766432,749.940749698552,0,700.491327347154,568.498696679772,725.342679551483,589.739747038218,580.621525981189,901.386983107992,996.542826116205,231.216370386609,188.363696682065,0,89.6949391125641,132.850691313655,262.178451030612,219.052809396341,24.5002410996088,76.4461647571304,259.014788220833,1.02004441762404,1.00847963280878,0.978654447350732,0.9436778749989,0.943879103407825,0.944368885372625,0.939724292970643,0.941505974299778,1.01441966576429,0.943012623602437,0.942617100684116,0.925094776605225,0.943113130177823,0.946390948672521,0.953460365727741,0.972428761221795,0.977572791126146,0.976381751848243,0.975555899388378,0.971217895446332,0.979786663568866,1.00769724100012,1.00619004182111,0.9804962088069,1.0207858391081,1.00512242953465,0.986250558186524,1.0059012273536,1.00818431264709,1.04701687455742,0.972251609976398,0.943012623602437,0.988265063497902,0.995058964410126,1.03882856844219,1.05409614830405,1.02122368209351,1.01755816138539,1.02793579950269,58.5640561775053,58.5642890339063,59.9999931528418,58.5636451078749,58.5642575836146,58.5626727689891,58.5628333445715,58.5641096460157,58.5640013042096,58.565797963805
22.647070141766,310.850858674574,750.039245547362,0,700.434077899323,568.599258197064,724.987945941556,589.512002312669,580.586301286835,901.349964032629,997.778462880839,231.092485879805,188.32363238155,0,89.6432097624626,132.798792722679,262.111853247861,218.947480724632,24.4648743592241,76.3846240771339,258.705960613283,1.02009512261115,1.00853890069993,0.978720942227364,0.943743381813767,0.94393971433019,0.94442894512126,0.939783011375992,0.941563934782508,1.01445569217149,0.943077463113558,0.9426803716756,0.92515838412395,0.943179501437125,0.946461366089505,0.953541066278541,0.972510638096535,0.977648403784326,0.976454808869735,0.975617958996374,0.971269744794156,0.979877348934014,1.00778864954486,1.00627974482134,0.980582150964193,1.02082982170724,1.0051790361724,0.986315067163539,1.00595202367326,1.00823207215905,1.04705436042167,0.972296953866634,0.943077463113558,0.988320004728718,0.995099891468897,1.03891396016148,1.05416508103553,1.02126110701738,1.01759736139236,1.02795005514031,58.565329665774,58.5660463250451,59.9999931528418,58.5647922235123,58.5651299401381,58.5639472404692,58.564123367044,58.5653043387645,58.5648261341602,58.5666761008842
22.706484877034,310.839268022128,750.267697642762,0,700.389071187296,568.623318725472,724.723092480092,589.353524756683,580.581278635805,901.234428943577,998.694207515586,230.982346963273,188.258966730049,0,89.5899357821757,132.787709198138,262.048668692061,218.867005675502,24.4316094104965,76.333696981766,258.472742318183,1.02013678144699,1.00859169524337,0.978778305699439,0.943792077502827,0.943978223856954,0.944465783053572,0.939819752819986,0.941600560048562,1.01447977684713,0.943122184719152,0.942722538935106,0.925202255990366,0.94322674719047,0.946515154663907,0.953611343426669,0.972584808891984,0.977717964385644,0.976520580954777,0.975683082695738,0.971331735376468,0.979956671551209,1.0078670577041,1.00635710121566,0.980659066080262,1.02087001089216,1.00524100317598,0.986380027634616,1.00601985165181,1.00829943781999,1.04708714057609,0.972305725679846,0.943122184719152,0.988377687370315,0.995158875604035,1.0389858729508,1.05422586308891,1.02129443840269,1.01765902983788,1.02796087507149,58.5666494281348,58.5675617965122,59.9999931528418,58.5660085682413,58.5658942763923,58.5655507011249,58.5657262788375,58.5665350691607,58.565674364998,58.5674580118179
22.7658996123019,310.909843941749,750.540140705948,0,700.359478767637,568.554264820444,724.613517436049,589.31056132855,580.605213499922,901.050551689735,999.236058101636,230.893535209758,188.18613986024,0,89.5385105429667,132.826776211319,261.996747579748,218.824172115809,24.4031571974491,76.2972393989943,258.324093339215,1.02016654074338,1.00863408177397,0.978822679055825,0.94382348293016,0.943997330118496,0.944482728020054,0.939837344501073,0.941618439197587,1.01449272714998,0.943147892239138,0.942745418409461,0.925227475051024,0.943255261715877,0.946550902267052,0.95366528256902,0.972644060406154,0.977775185166898,0.976573577783564,0.975746969514941,0.971401236073978,0.980015001464053,1.00792184294488,1.0064115944435,0.980718794796057,1.02090362595744,1.00530310962087,0.98643979631526,1.0060987958061,1.00838048391604,1.04711268344377,0.972289993843057,0.943147892239138,0.988434283359796,0.99523514134173,1.03903407282807,1.05426986702145,1.0213215019825,1.01773764854845,1.02796790915859,58.5679266785032,58.5687052882933,59.9999931528418,58.5672716263852,58.5666958521976,58.5673257734821,58.5674826538118,58.5677468558693,58.5666420091394,58.5681746638778
22.8253143475699,311.036205328475,750.763378782742,0,700.347762284154,568.410422099457,724.674263883343,589.391918779559,580.648456564801,900.834887944831,999.411110081968,230.832812757395,188.124511700181,0,89.4954840366873,132.907179860464,261.963776962695,218.822151403092,24.3829334321386,76.2766540819276,258.258498700288,1.02018276617541,1.00866224312745,0.978850765508257,0.943838762544541,0.944001935493443,0.944485417764806,0.939840843746783,0.941622343428689,1.01449666909609,0.943157737360763,0.942752957678369,0.925237133109104,0.943267402110373,0.946568942622628,0.95369816698142,0.972681993033993,0.977813865577349,0.976608605180624,0.975801495966848,0.971468688886194,0.980045871973568,1.00794683780722,1.00643691928523,0.980754799299099,1.02092746777658,1.00535653950538,0.986486723643082,1.00617552442305,1.00846105621339,1.04712866043259,0.972265281330339,0.943157737360763,0.988482607398978,0.995317498857115,1.03905334761398,1.05429143121591,1.02134006116893,1.01781866121364,1.0279712260385,58.5690875422056,58.5694791108569,59.9999931528418,58.568554517587,58.5676788195706,58.569061604902,58.5691866700561,58.5688946007513,58.5677947624314,58.5688591284828
22.8847290828378,311.175597062832,750.86896442602,0,700.355942908502,568.238912152272,724.864883545118,589.566206910922,580.697209398614,900.63884595096,999.271732470525,230.805636136638,188.089872358323,0,89.4690703326768,133.004693633013,261.955303452197,218.854095675617,24.3742410189762,76.2709174174526,258.268457708238,1.02018494086955,1.00867288784516,0.978859978206661,0.94383934583355,0.943996519762429,0.944478917309638,0.939834892435565,0.941616697053311,1.01449379963031,0.943154855808473,0.94274891093373,0.925234306308246,0.943265685727634,0.946570215854064,0.953706990491654,0.972694099540119,0.97782893137027,0.976621490427188,0.975836342423874,0.971519690554934,0.980047144778683,1.00794146894349,1.00643217420404,0.980763298130727,1.02093828465112,1.0053908548552,0.98651271482601,1.00623268745167,1.00852244721081,1.04713317799725,0.972244334181355,0.943154855808473,0.988513525234186,0.995386938525112,1.03904441611638,1.05428899966774,1.02134789821619,1.01788234540411,1.02797109800374,58.5700952316878,58.5700055223793,59.9999931528418,58.5698269683157,58.5689311375321,58.5705623428001,58.570652500063,58.5699547802883,58.5691409295218,58.5695418330713
22.9441438181058,311.283934260242,750.834307507882,0,700.384619265078,568.10002417083,725.103665119821,589.772847132567,580.738386321618,900.512060084578,998.892786101432,230.815013111677,188.089406062125,0,89.4666013827807,133.087470692103,261.973027504607,218.905805536492,24.3792759701735,76.2770400112449,258.344560578569,1.02017354569412,1.00866393071923,0.978848865391516,0.943826080232099,0.943983342663099,0.944465735262953,0.939821882099661,0.941603818840843,1.01448548199255,0.943140978849198,0.942735259872555,0.925220693020179,0.943251592510006,0.946555556840154,0.95369096315181,0.972678744703254,0.977817620923869,0.976609989927117,0.975841905126941,0.971539245915995,0.980021190838136,1.00791042757361,1.00640165132147,0.980743995498082,1.02093349719616,1.00539697224265,0.986511426764651,1.00625412510102,1.0085470470084,1.04712511397354,0.97223271009872,0.943140978849198,0.98851850098558,0.995422383370566,1.03901319123836,1.05426522643835,1.02134320725115,1.01790980773336,1.02796783498916,58.5709594499336,58.570474773124,59.9999931528418,58.5710568327817,58.5704481883308,58.5717101332804,58.5717734321158,58.5709287383843,58.5706226480396,58.5702475334172
23.0035585533737,311.329925590417,750.686743764265,0,700.431343026152,568.046996458372,725.296340450034,589.943212661109,580.763690725115,900.485914120959,998.350500346879,230.860435861873,188.119770017034,0,89.4918959020898,133.126427271212,262.014056886548,218.960644728665,24.3982405330484,76.2909276215594,258.47761579773,1.02015000245991,1.00863524933204,0.978817676196894,0.943799175430227,0.943962038789163,0.944445360182054,0.939801506161269,0.941583486727862,1.01447197650699,0.943116149077798,0.942711871417824,0.92519633503043,0.943225339079275,0.946525619844548,0.953651806848793,0.972637679074933,0.977780397713705,0.976574562427878,0.975812449345492,0.971516685883296,0.979973993498231,1.00786194842107,1.00635325892078,0.98070012421803,1.02091207706987,1.00537013896025,0.986480350196997,1.00623013338275,1.0085240750836,1.04710454457062,0.972227600883934,0.943116149077798,0.988492379057066,0.995407591574964,1.03896861186979,1.05422596256769,1.0213251868361,1.01788911851418,1.02796172905109,58.57173019301,58.5710743038408,59.9999931528418,58.5722136296673,58.5721272874573,58.5725006705716,58.5725533910623,58.5718377118794,58.5721287321712,58.5709942435702
23.0629732886417,311.30504117392,750.490299183066,0,700.489571750299,568.107922983016,725.368770350379,590.024278726079,580.771367520022,900.562629929462,997.708561344726,230.937025851984,188.168777530388,0,89.5434463667129,133.104778369102,262.071354528368,219.00488615637,24.4289152087038,76.3083497202361,258.658517464745,1.02011664859072,1.00858922969388,0.97876884743509,0.94375888812485,0.94393063313701,0.9444153574136,0.93977174105242,0.941553866828363,1.01445283606499,0.943079547260227,0.94267741004266,0.925160428670938,0.943186620307253,0.94648140620181,0.953593743150304,0.97257593724335,0.977721296281764,0.976518746457305,0.97574847633453,0.971449650455317,0.979913520974603,1.00780533444536,1.00629615995849,0.980637818179722,1.02087525211552,1.0053119452464,0.986422103620237,1.00616110453757,1.00845356311307,1.04707304066346,0.972220069378198,0.943079547260227,0.988435494059015,0.995336962823526,1.03891984186443,1.05417849930705,1.02129461684499,1.01781962447914,1.02795310898795,58.5724786893518,58.5719245036146,59.9999931528418,58.5732741434149,58.57379532799,58.5730391453904,58.5731001693761,58.5727124306132,58.5735255341164,58.5717937287935
23.1223880239096,311.224928303897,750.320964186509,0,700.549428172394,568.275798760936,725.292013460479,589.996477550762,580.765645905278,900.713652055552,997.014647240019,231.035492024538,188.219845225747,0,89.6140946370306,133.0236584526,262.135265155318,219.031644687183,24.4668032207311,76.3257278886773,258.876369450363,1.02007670256782,1.00853086393576,0.978707174660483,0.9437065735209,0.943887439149652,0.944373449112879,0.939730732328201,0.941513307471594,1.01442773723329,0.943030976897309,0.942631012021729,0.925112781176152,0.943135904398747,0.946425080212716,0.953523110418405,0.972501115716202,0.97764754066091,0.976448959057153,0.975657478124254,0.971345791814158,0.979847907117387,1.0077485706807,1.00623842945413,0.980564996165742,1.02082678012052,1.0052306766215,0.986344473857903,1.00605831216444,1.00834724680127,1.04703374141188,0.97219959201763,0.943030976897309,0.988354371447666,0.995218316664107,1.03887380011468,1.0541296645209,1.02125418335572,1.01771299248644,1.02794246353537,58.5732722865859,58.5730424034949,59.9999931528418,58.5742282216294,58.5752607679982,58.5734986915043,58.5735832910254,58.5735815574072,58.5746961928074,58.5726527748075
23.1818027591776,311.122930383882,750.23968555371,0,700.600398942937,568.510026647454,725.090949792419,589.879466627455,580.754321168352,900.88782228387,996.305920486449,231.142964032739,188.2574876648,0,89.6923181774832,132.902040588819,262.195635704805,219.042052885538,24.505869674552,76.3405456451735,259.11619146061,1.02003413237873,1.00846725988172,0.978639504341328,0.943645601801034,0.943833013586014,0.944319681794138,0.939678766425477,0.941462215458439,1.01439736749627,0.942972338636089,0.942573981154616,0.92505525707962,0.943075686221641,0.946360661703375,0.953447670959275,0.9724222345116,0.977568505606553,0.976373707338372,0.975552805164325,0.971221625611925,0.979784047658412,1.0076968477536,1.00618553658427,0.98049010488694,1.02077261576583,1.00513982884824,0.986259131433084,1.00594153763471,1.00822603355405,1.04699107663392,0.972159070307337,0.942972338636089,0.988260760820206,0.995071733574518,1.03883388148157,1.05408443799661,1.02120836737884,1.01759061184491,1.02793055948867,58.574152082606,58.5743436100761,59.9999931528418,58.5750818403916,58.5763730615693,58.5740566828168,58.5741718591303,58.5744628254245,58.5755758101987,58.573574368513
23.2580753607631,311.022056990666,750.298655152105,0,700.641434047087,568.804602819501,724.76784543643,589.685506157468,580.744803384977,901.0500865654,995.438783717208,231.26982818155,188.271736773313,0,89.781912343457,132.738869798297,262.254367307837,219.044021210497,24.5472426980631,76.3535577744419,259.421200776474,1.01998303891646,1.00839149779661,0.978557312834883,0.943564574284885,0.943754107658372,0.944240339928324,0.93960287352177,0.941387989682098,1.01435476837098,0.942890929352229,0.942493298120646,0.924975394624615,0.942993582921243,0.946276553923973,0.953357481170312,0.97233002163433,0.977475836446597,0.976284540427829,0.975425659581803,0.971068464354372,0.979712664063847,1.0076411484319,1.00612861918357,0.980403769553171,1.02070677119756,1.00503505872467,0.986160050224726,1.00580955465012,1.00808934559833,1.04693988138888,0.972079356333314,0.942890929352228,0.988146437086682,0.994888501992564,1.03879147353077,1.05403572780345,1.02115116655316,1.01745249842679,1.02791530394415,58.575404113,58.5760327282208,59.9999931528418,58.5760658504137,58.5772050071353,58.5750926628674,58.5752411303146,58.575614056856,58.5763064330616,58.5748476437134
23.3343479623486,311.002339675861,750.497058624321,0,700.65478409102,568.984158960892,724.523235885693,589.552822341035,580.750582077696,901.067212069886,994.713615737476,231.359315394026,188.248041660521,0,89.8387293433284,132.625701090111,262.283710350032,219.049358152087,24.5694477337367,76.3583752682275,259.675124094625,1.01994404176944,1.00833622500813,0.978494859156968,0.943494790695015,0.943679728903244,0.944164328446678,0.939530773815079,0.94131778735114,1.01431566456516,0.942817229675643,0.942418913073815,0.924903095289354,0.94292059312455,0.94620516947578,0.953288627781193,0.97226196762758,0.977408855666825,0.976219046366708,0.97533409333666,0.970959420134501,0.979658861572418,1.00759782293823,1.00608486163279,0.980339765449053,1.02065774116432,1.00496795088118,0.986093342343364,1.00573278726075,1.0080109745965,1.0469015443764,0.971985984719148,0.942817229675643,0.988063125813852,0.994758867819035,1.03875619763173,1.05399868488684,1.02110628628235,1.0173738830417,1.02790261169434,58.5767200671002,58.577474395619,59.9999931528418,58.5769742903614,58.5775000646124,58.5764757788555,58.576637397663,58.5767649045974,58.5767561268501,58.5762120093444
23.4106205639341,311.071007432464,750.725941925665,0,700.651038077129,568.980725610479,724.471795612774,589.563004514613,580.77270468308,900.91531851802,994.261687390918,231.392177567533,188.20204916443,0,89.8502796907113,132.602445064619,262.28239484072,219.067271967643,24.5673624205622,76.3538139487115,259.82480559826,1.01992441960928,1.00831202400409,0.978464226757581,0.943452065844925,0.94362891563327,0.944111491963378,0.939481063999032,0.941269603503153,1.01428965427508,0.942768962547192,0.942369215109596,0.924855745267468,0.942873770118032,0.946161904791916,0.953252595176936,0.972228443028476,0.977378964595357,0.976188843820116,0.975297238085502,0.970920131993014,0.979627036779783,1.00756753566256,1.00605500424574,0.980306495642253,1.02063532780976,1.00495305889966,0.986072164675946,1.00572988783235,1.00801031403604,1.04688301786097,0.971908759908636,0.942768962547192,0.988028040571423,0.99471595943419,1.03872701730863,1.05397363555351,1.02108249135281,1.01737449970959,1.02789521003746,58.5779836311434,58.5785062801547,59.9999931528418,58.5778530223153,58.577589612054,58.5779868911289,58.5781369594678,58.5778783966146,58.5771914303388,58.5776436238555
23.4868931655197,311.186194298236,750.868963543086,0,700.643730893226,568.812460942718,724.612749382317,589.711927634766,580.802372637695,900.64621611261,994.217489313882,231.362732739576,188.156055627664,0,89.8182931508952,132.665464037165,262.255979703431,219.090861443926,24.5427363796035,76.3382142066445,259.831434375168,1.01992801687173,1.00832176154433,0.978470236280515,0.943447145978103,0.943616836234728,0.944097954685168,0.939468795453233,0.941257958214131,1.014284388627,0.942759521174308,0.942358464606578,0.924846483286766,0.94286563764812,0.946157096600518,0.953254595739757,0.972232857040286,0.977388832995943,0.976197376768885,0.9753166894227,0.970951307178472,0.979620840923869,1.00755409470898,1.00604240536826,0.980307420552029,1.02064211544017,1.00498751535646,0.98609603412131,1.00579187187637,1.00807714290991,1.04688649615197,0.971875815116903,0.942759521174308,0.988042916644148,0.994759651743518,1.03870842461989,1.05396227298405,1.02108302130255,1.01744308600835,1.02789496255543,58.5791023991942,58.5791799254384,59.9999931528418,58.5787236071734,58.5778619891379,58.5793107822686,58.5794322870441,58.5789266000926,58.5778583804796,58.5791034183361
23.5631657671052,311.281470953872,750.863558289968,0,700.63711239094,568.57130505969,724.831623727374,589.912379815214,580.825409806028,900.360023419839,994.670529058234,231.279089908702,188.126501245766,0,89.7559503711385,132.771731517069,262.212498293201,219.099789057244,24.502853012893,76.3095749445185,259.684103663454,1.01995433798998,1.00836063598858,0.978509710812818,0.943481876995107,0.943648540390678,0.944129369407315,0.939499218422589,0.941287886095031,1.01430248064267,0.942792758008613,0.942391091508959,0.924879088599777,0.942899469996202,0.946192543758241,0.95329309386274,0.972272221868813,0.977433148444973,0.976240138813741,0.975378521733773,0.971031486048306,0.979643452345774,1.00756445465044,1.00605328974163,0.980341571121198,1.02067342839434,1.00505428840138,0.986152993312077,1.00588862512181,1.00817877881381,1.04690927879627,0.971900363434343,0.942792758008613,0.988095719209355,0.994860158608107,1.03870983433509,1.05396848674726,1.02110513668613,1.01754503403345,1.02790222125523,58.5800583245147,58.5797174572439,59.9999931528418,58.5795895891828,58.5785846162498,58.5802257482852,58.5803167753003,58.5799086961651,58.5788773286497,58.5805395002555
23.6394383686907,311.302534679384,750.727649312907,0,700.621985230466,568.374949320731,724.964819686526,590.042679223041,580.829149005107,900.15676250172,995.616563687753,231.158933934438,188.116371403283,0,89.6809915835979,132.862512480727,262.158682188164,219.071875725541,24.4572856122136,76.2665920024872,259.405227865817,1.01999875112839,1.00841868990694,0.978573246031116,0.943548604512084,0.9437168711131,0.944198557888323,0.939565576474097,0.941352817036148,1.0143403608807,0.942861453687659,0.942459897966934,0.924946479016568,0.942968027608466,0.946260925236988,0.953360805671237,0.972338881729369,0.977501478283431,0.976307117975597,0.975461195741891,0.971129083975192,0.979695916345998,1.00760501659333,1.00609344798253,0.980404164738915,1.02071985152078,1.00513088074858,0.986225784030022,1.00598409074361,1.00827652834927,1.04694517377849,0.971974950743007,0.942861453687659,0.988167573882967,0.994974644690025,1.03874059882686,1.05399643133591,1.02114176885045,1.01763976386228,1.02791566497952,58.5809160961897,58.5803843980445,59.9999931528418,58.5804592482522,58.5797925730601,58.5807395154592,58.5808127489835,58.5808556275725,58.580200681756,58.5818951068726
23.7157109702763,311.234727188799,750.541717401926,0,700.583109239275,568.306465834125,724.890783272155,590.014485881249,580.808791637005,900.088880949258,996.93412045334,231.02336019975,188.116111105654,0,89.6085513542453,132.894435557304,262.098606576615,218.997130007035,24.4143144966635,76.210408059053,259.045373415831,1.02005367641047,1.00848440886174,0.978648455886935,0.943632897187926,0.943805313979566,0.944288439827711,0.939651795587569,0.94143716056497,1.01438953934568,0.94294998780127,0.942548808101639,0.925033330924837,0.943056149111569,0.946348204765475,0.953446541154015,0.972422422321398,0.977581679468978,0.976386101019,0.975544948065049,0.971217086378784,0.979774472909612,1.00767626936352,1.00616321614355,0.980486969662881,1.02077093902592,1.00519896190055,0.986298788358157,1.00605248431945,1.0083432214854,1.04698670001131,0.972075606943138,0.94294998780127,0.988241049700303,0.99506788120779,1.03880336156793,1.05404687585733,1.02118431560471,1.01769933057634,1.02793268591341,58.5817874967809,58.5813535491705,59.9999931528418,58.5813650242096,58.5812971384498,58.5810966158679,58.5811716848079,58.5818190154987,58.5816510280419,58.5831206922377
23.7919835718618,311.108788528217,750.400525090939,0,700.513479743177,568.374033903466,724.597725498373,589.822378926973,580.770584260496,900.138819861179,998.401051319861,230.891237616926,188.111362749259,0,89.5469373189299,132.861081450906,262.034995787732,218.886171118873,24.3786014056888,76.1458614161625,258.669551206316,1.02011034202202,1.00854783779633,0.978723292886227,0.943718229499369,0.943894145953235,0.94437852940725,0.939738505146118,0.941522101585978,1.01443958362251,0.943039768020595,0.942638634533808,0.925121405262014,0.943145842763178,0.946437878227227,0.953537311069081,0.97251122320745,0.977662527367587,0.976465513776389,0.975618108613451,0.97128300584365,0.97986877746655,1.00776908454675,1.006253863017,0.980578710586345,1.02081841303694,1.00525045032266,0.986362616889972,1.00608777808784,1.0083733849528,1.04702710755435,0.972172954224156,0.943039768020595,0.98830574702848,0.995126321552855,1.03888969716484,1.05411412391439,1.02122528311772,1.01771917959995,1.02795015311985,58.582772999429,58.5826313407627,59.9999931528418,58.5823611943233,58.5828063941176,58.5816535801619,58.5817461276481,58.5828487186494,58.5830187095583,58.5841864080244
23.8479412915695,311.01140289242,750.362570030322,0,700.44792219378,568.476956999792,724.296430131442,589.618422399618,580.73948905002,900.211108182371,999.422969676961,230.804361821405,188.098873236039,0,89.5097341691418,132.81074810809,261.987969500987,218.797041597169,24.35763307936,76.0975599042525,258.419355597647,1.02014837344411,1.00858892943505,0.97877250625058,0.943773380812232,0.943949947109534,0.944434795969945,0.939792939066515,0.941575548706731,1.0144715737584,0.943097205377893,0.942695664389651,0.925177751272633,0.943203659226952,0.946496784665807,0.953599952629027,0.972573267210465,0.97771711311835,0.976518728088988,0.975663142751657,0.971318284953366,0.979939343854926,1.00784129612079,1.00632446044238,0.980644443667818,1.02084815064253,1.00527850450423,0.986401893232674,1.00609879381914,1.00837961973121,1.04705321520221,0.972228647289962,0.943097205377893,0.988345848365595,0.99515115252188,1.03895818051684,1.05416764462827,1.02125144015011,1.01771707686379,1.0279616269698,58.5835961210628,58.583692854304,59.9999931528418,58.5831793162451,58.5837766544133,58.5823597219116,58.5824682785732,58.5836624878024,58.5838847898485,58.5848634466569
23.9038990112772,310.939153455278,750.38712718003,0,700.382494610415,568.577138647745,724.002219160989,589.421693525587,580.714937202056,900.268244105569,1000.27570689409,230.730382843257,188.077582923255,0,89.4784122114476,132.762359263185,261.943499131315,218.718785956943,24.3405057269575,76.0532338485881,258.215345389931,1.02018015062597,1.00862333111004,0.978813622965267,0.943817364031444,0.943992447096147,0.944477262298847,0.939834287180678,0.941616270789247,1.01449642631386,0.943142082650801,0.942739744065702,0.925221775848497,0.943249309853923,0.946544503252416,0.953653786067459,0.972627515477426,0.977764260136029,0.97656421179059,0.975701828933859,0.97134765823952,0.980002392182343,1.00790654584644,1.00638845660303,0.980702413757194,1.02087262790943,1.00530190468434,0.986435350634309,1.00610716254175,1.00838372108901,1.04707478203479,0.972264879206848,0.943142082650801,0.988380458396754,0.995170527125233,1.0390200908378,1.05421718966382,1.02127297509144,1.01771362260137,1.02797091538742,58.584493880575,58.5847630505422,59.9999931528418,58.5840828729885,58.5845818354945,58.5833761949153,58.5834960377877,58.5845229578003,58.5846177728142,58.5854615098124
23.9443679800027,310.912531200259,750.436253752055,0,700.342832123643,568.625745110084,723.833398720511,589.313307112252,580.705083860813,900.281512316574,1000.74189728937,230.686128039989,188.058122635806,0,89.4588720304249,132.739823259867,261.914759983724,218.676438380209,24.3301052076403,76.0257726415496,258.10429260049,1.02019813336796,1.0086434825679,0.978837337759415,0.943840984303081,0.944013811962685,0.944498323534895,0.939854963964772,0.941636716370314,1.01450920560761,0.943165440658073,0.942762352633045,0.925244690038725,0.94327340355073,0.946570524636962,0.953685182949923,0.972659815096857,0.97779247506473,0.976591101742934,0.975726571676041,0.971367926189754,0.980039493752237,1.00794470894254,1.00642606815144,0.980736798977278,1.02088699152619,1.00531777619644,0.986456444534234,1.00611616542397,1.00839055162264,1.04708712330868,0.972278634628464,0.943165440658073,0.988402646721782,0.995186047451173,1.03905590371343,1.05424699732506,1.02128542461601,1.01771609910176,1.02797596439199,58.5851722927231,58.5854992775338,59.9999931528418,58.5847850811921,58.585075958084,58.5842835409011,58.5844056670671,58.5851657809757,58.5850826574954,58.5858538311101
23.9848369487283,310.911442335178,750.500039779765,0,700.315456854564,568.640945487906,723.728245405719,589.253068781403,580.704042944026,900.261005452458,1001.05690753243,230.650490231766,188.037433440105,0,89.4418685320262,132.734716700507,261.890838520793,218.650757812907,24.3212383058671,76.0038373969631,258.027493898529,1.0202112912163,1.00865927844774,0.978855399104565,0.943857286311211,0.944027222819263,0.944511270399636,0.939867818699804,0.941649499024028,1.01451744987017,0.943180834695067,0.942776952841093,0.925259791579139,0.943289581498922,0.946588738404984,0.953708871531118,0.972684767484994,0.977814790044644,0.976612095073921,0.975748687282032,0.971388652960345,0.980066814163748,1.00797208080684,1.00645323949536,0.980762917239847,1.02089851267688,1.00533367168999,0.986475040125617,1.00613012829387,1.0084034688916,1.04709646191315,0.972283107442176,0.943180834695067,0.98842248431029,0.995205450496645,1.03908092787757,1.05426914969879,1.0212951249827,1.01772602234244,1.02797947994838,58.58585494574,58.5861778215683,59.9999931528418,58.5855166276258,58.5855314134329,58.5852854212031,58.5854034841477,58.5858144438072,58.5855218957986,58.5862223175654
24.0253059174538,310.934759993189,750.567022671151,0,700.303708070336,568.619336322806,723.697769064345,589.248655253403,580.712241622244,900.205356431317,1001.21284629468,230.624071278943,188.017810827438,0,89.4277945386161,132.748896526343,261.873314846327,218.643195702619,24.3140311557083,75.9882770103067,257.985897390033,1.02021932850367,1.00867039970876,0.978867439401939,0.943866275798559,0.944033095149782,0.944516601554361,0.939873278440321,0.941655012250976,1.01452129270033,0.943188458219352,0.942783835767432,0.925267270251584,0.943297939881836,0.946598993298769,0.953724052884141,0.972701393491846,0.977830487464508,0.97662658720314,0.9757676344596,0.971409643046991,0.980082949755709,1.00798707592161,1.00646836305882,0.980779620576411,1.02090706146605,1.00534951725206,0.986490789742653,1.00614936701273,1.00842288786207,1.04710260075351,0.972279981257188,0.943188458219351,0.988439460784137,0.995228919019951,1.03909368440852,1.05428219810267,1.02130196443276,1.01774395865838,1.02798143289433,58.5865236111897,58.5867894106258,59.9999931528418,58.586262397592,58.5859891337717,58.5863209665486,58.5864286639801,58.5864575028855,58.5859659271985,58.5865764042208
24.0657748861793,310.978069345151,750.626768099928,0,700.308705283522,568.564719356562,723.741454113024,589.299140553726,580.728797679948,900.119225229731,1001.21282083017,230.607521193836,188.001405011583,0,89.4174864581796,132.780517246781,261.863596002391,218.653089434114,24.3088720332022,75.97954018262,257.9788813029,1.02022213459115,1.00867647664911,0.978873141919633,0.943868137973688,0.944032036065081,0.944515006688873,0.939871968184837,0.941653848812149,1.01452101399036,0.943188719713595,0.94278349995274,0.925267526777288,0.943298797205302,0.94660137856796,0.95373023027931,0.972708992836651,0.977838906818311,0.976634038433875,0.975782230392072,0.971429400641753,0.980087312091243,1.00798920789534,1.00647088433461,0.980786228127801,1.02091234569379,1.00536438358344,0.986502881562141,1.00617247349899,1.00844732202292,1.04710532991555,0.972271049651816,0.943188719713595,0.988452507657666,0.995254605260496,1.03909388965782,1.05428546184282,1.02130575583079,1.01776841473077,1.02798185002878,58.5871621001541,58.5873358198426,59.9999931528418,58.5870049305266,58.5864898956769,58.5873243887301,58.5874166115825,58.5870837876375,58.5864438449178,58.586925672501
24.1062438549049,311.034314657455,750.671574059395,0,700.329220405112,568.487542774563,723.847247248694,589.395025424776,580.751638640852,900.012677178194,1001.06983922769,230.601482635009,187.989897830582,0,89.4120929402582,132.824235618859,261.862649323148,218.677706209188,24.3063305702032,75.9775409915078,258.004576450907,1.02021977111416,1.00867711978786,0.978872255591594,0.943863163683901,0.944024700879113,0.944507209286593,0.939864565485871,0.941646661206622,1.01451696618158,0.943182129978614,0.942776524414358,0.925261062251531,0.943292595931701,0.946596162311969,0.953727243407873,0.972707215048603,0.97783951357078,0.976634022872461,0.975790823989357,0.971445365939383,0.980080174103301,1.00797912266233,1.0064613441878,0.980782589842184,1.02091393475288,1.00537662250894,0.986510147418588,1.0061965387557,1.00847361668206,1.04710444281696,0.972257876659674,0.943182129978614,0.988460151383231,0.995278928139543,1.03908246892457,1.05427910424994,1.02130624206047,1.01779605911418,1.02798079918247,58.5877584254023,58.5878280013978,59.9999931528418,58.5877268657969,58.5870661914554,58.588235149941,58.5883089480063,58.5876839779191,58.5869783196827,58.5872792148393
24.1467128236304,311.095034635017,750.697456059495,0,700.36195791228,568.40296853722,723.993768844225,589.520023728175,580.77782975496,899.899447595225,1000.80480758165,230.606476970706,187.984231644082,0,89.4128694781041,132.872173037702,261.870837639559,218.712752822539,24.3070462093127,75.9816947901127,258.060108490563,1.02021246664254,1.00867198372058,0.978864639128595,0.943851716109523,0.944011708617688,0.944493872574976,0.939851712505268,0.941634077122959,1.01450952951681,0.943169237709268,0.942763494730712,0.925248414943617,0.943279847537991,0.946583760630727,0.953715295067449,0.972696111912944,0.977831984050697,0.976626297830094,0.975791563140925,0.971454337305007,0.980062612109884,1.00795847104788,1.00644127084333,0.980769103879694,1.02091132736827,1.00538413207011,0.98651125020446,1.00621762386378,1.0084974613411,1.04709976774743,0.972241582820573,0.943169237709268,0.988460749263909,0.995297171057319,1.03906137308624,1.054264085954,1.02130313043694,1.0178222681783,1.02797838136319,58.588306269505,58.5882828583313,59.9999931528418,58.5884133054323,58.587735532295,58.5890072203385,58.5890624307322,58.5882519033766,58.5875815383035,58.5876450934338
24.187181792356,311.151566355846,750.704379238145,0,700.402244509423,568.328192449512,724.15388336431,589.653791260976,580.804067161427,899.794740139794,1000.44404753852,230.622750856845,187.984505967299,0,89.4209135439017,132.915269230952,261.887798326112,218.753041593941,24.3115726528787,75.9909609960321,258.141806567012,1.02020061447232,1.00866086231922,0.978850332140122,0.943834237590498,0.943993620155213,0.944475573524064,0.939833989035235,0.941616672606027,1.01449909192396,0.943150614399445,0.94274498436806,0.925230145488681,0.943261121038698,0.94656473566677,0.953694970504747,0.97267617675968,0.977816304459122,0.976610890354776,0.975782759060832,0.971453073277763,0.980036366590192,1.00792966707938,1.00641295797713,0.980746695981094,1.02090406435257,1.00538473606069,0.986504942834803,1.00623143379668,1.00851412123701,1.04709122370676,0.97222277915353,0.943150614399445,0.988452809384297,0.995304348897567,1.03903328111915,1.05424202831652,1.021296160259,1.01784190067316,1.02797472680197,58.5888055648921,58.5887193931448,59.9999931528418,58.5890536534808,58.5884964581631,58.5896158187451,58.5896552260585,58.5887853269739,58.5882528800853,58.5880299352258
24.2276507610815,311.196313715539,750.695730405531,0,700.444924358,568.279370147126,724.299195526024,589.775318813485,580.827219516702,899.712757950894,1000.01658582584,230.650093562758,187.99002007224,0,89.4368933830452,132.944865344155,261.912419335177,218.793284359608,24.3202250020655,76.0039542423019,258.245351735745,1.02018477080141,1.00864379228068,0.978829634914148,0.943811289916995,0.943970975929684,0.944452842087305,0.939811944582753,0.941595001391451,1.01448605513932,0.943126885424426,0.942721588267653,0.925206867379469,0.943237071599456,0.946539818284474,0.953667240613971,0.97264835569079,0.977792859920982,0.976588179952585,0.975763263214604,0.971438939375254,0.980003637930993,1.00789556143202,1.0063791577045,0.980716757328547,1.02089185814828,1.00537660218614,0.986490344828751,1.00623407012167,1.00851925775688,1.04707887884591,0.972201645477821,0.943126885424426,0.988435321091314,0.995296157595152,1.03900121656955,1.05421499863387,1.02128518636987,1.01785017542719,1.02796999526079,58.5892621712662,58.5891549947452,59.9999931528418,58.5896426065915,58.5893279226318,58.5900606240561,58.5900896122395,58.5892860778665,58.5889786607879,58.5884386846338
24.268119729807,311.223736356265,750.677218889835,0,700.485271338652,568.268726816286,724.404665355042,589.866356959383,580.844844518954,899.66441644182,999.551614214913,230.687686203263,187.999447163984,0,89.4608193158067,132.954213324662,261.942912499055,218.828861167019,24.3329515807534,76.0190872718643,258.365877304057,1.02016565065959,1.00862114568265,0.978803177706783,0.94378360940231,0.943944371481535,0.944426242911376,0.939786168919626,0.941569660738969,1.01447085793988,0.943098787597538,0.942693988023303,0.925179303429382,0.943208490515558,0.946509939123772,0.95363343940481,0.972614021644735,0.977762492662852,0.976558957509112,0.975732791033441,0.971410489960926,0.979966843637275,1.00785907851302,1.00634273291992,0.980681043518963,1.02087471708838,1.00535862945815,0.986467188018596,1.00622274045634,1.00850970422351,1.0470630059082,0.972178115060102,0.943098787597538,0.988408038208113,0.99526984629382,1.03896814033098,1.05418524877924,1.02127026373953,1.01784350672086,1.0279643786133,58.5896867309576,58.5896025346522,59.9999931528418,58.5901801770766,58.5901921870363,58.5903649761806,58.5903907135222,58.5897595174804,58.5897339941542,58.5888745158322
24.3085886985326,311.231047174875,750.655465999329,0,700.519715605447,568.302344739353,724.452584787514,589.914311499366,580.855562725062,899.655579188941,999.076360068446,230.733997535501,188.011095961931,0,89.4918971996177,132.939659365217,261.976974776343,218.856443437014,24.3492593370116,76.0347330388602,258.49804683832,1.02014411675154,1.00859369175507,0.978771962643787,0.943752158531983,0.943914546280884,0.944396473320508,0.939757377487766,0.941541371309055,1.01445400626259,0.943067232919882,0.942663026497749,0.925148348310913,0.943176358140702,0.946476254286368,0.953595214781465,0.972574912266814,0.977726516454067,0.976524446670808,0.975692134735388,0.971367882354217,0.979928374750994,1.00782287515674,1.00630632475403,0.980641548391325,1.02085303909516,1.00533074020113,0.986435989029313,1.00619631077335,1.00848407317801,1.04704411835073,0.972152114474368,0.943067232919882,0.988371664817459,0.995224858289923,1.03893658440733,1.05415494905967,1.0212517166288,1.01782016533711,1.02795810333958,58.5900929110849,58.5900687199837,59.9999931528418,58.5906708396146,58.5910407231659,58.5905712775588,58.5906015628586,58.5902134432581,58.5904864661911,58.5893388869631
24.3490576672581,311.218468428231,750.636591433055,0,700.546253451985,568.379017349346,724.435270818699,589.914136065481,580.859235091665,899.686104946134,998.614589388553,230.786762731486,188.023202285941,0,89.5284926450104,132.90129950983,262.012013948004,218.874373813878,24.3682044766907,76.0493795436576,258.63613129929,1.0201211594494,1.00856261473195,0.978737366258051,0.943718156107401,0.943882458670001,0.944364448235018,0.939726485204818,0.941511045945177,1.01443609889391,0.94303335649905,0.942629767531644,0.925115115563879,0.943141880060712,0.946440151786203,0.953554454233451,0.97253303667686,0.977686680489524,0.976486279404946,0.975643225906079,0.971313050577219,0.979890386960209,1.00778907320985,1.00627208610176,0.980600368449786,1.02082765794341,1.00529402818747,0.98639811804876,1.00615561183824,1.00844309793726,1.04702298168409,0.972123798052657,0.94303335649905,0.988327909389142,0.995163130681349,1.0389083838244,1.05412595908993,1.02123017921152,1.01778065967901,1.02795143092514,58.5904953003544,58.5905538652707,59.9999931528418,58.5911220705995,58.5918221034628,58.5907334256511,58.5907753909846,58.5906566423687,58.5912010358638,58.5898317046286
24.3976648051403,311.181850063232,750.623904676939,0,700.567265710933,568.514977484648,724.33451013899,589.855838016688,580.85596756502,899.765114866911,998.105526763437,230.854332141676,188.036126586971,0,89.5761889612,132.829840305662,262.051599650793,218.883496749179,24.3924674395987,76.0638495874292,258.801039176555,1.02009329112366,1.00852281704847,0.978693861691244,0.943676111478964,0.943842731986285,0.944324755611349,0.93968831641842,0.941473623469045,1.01441423071521,0.942991626006121,0.942588721561077,0.925074177977188,0.943099483397661,0.946395939784917,0.953505109998448,0.972482241636093,0.977636817914795,0.976438499760768,0.975578005377542,0.971236478274757,0.979847919577218,1.00775363680014,1.00623592526225,0.980551677242222,1.02079415591709,1.00524167312387,0.986347068072585,1.0060921963271,1.00837805242055,1.0469960967948,0.972087609224464,0.942991626006121,0.988269513337415,0.995073449849372,1.03888030641596,1.0540948241928,1.02120177436619,1.01771618872676,1.02794332062993,58.5909925852801,58.5911538736287,59.9999931528418,58.5916246493842,58.5926072437699,58.5909503892265,58.5910129585075,58.5911865162375,58.5919633767396,58.5904590259299
24.4462719430224,311.130503847213,750.624504199523,0,700.577802891588,568.674433900413,724.169862798233,589.752107264962,580.847273022262,899.870245742732,997.668918507108,230.921738090669,188.045912234681,0,89.6239543206508,132.743755155396,262.084585308399,218.881612412812,24.4163365543287,76.0755239165801,258.95743157307,1.0200665547563,1.00848280578573,0.978650825677021,0.943634957221093,0.943803622620329,0.944285608893891,0.939650789346493,0.941436875115398,1.01439294707452,0.942950833078841,0.942548487862169,0.925034160142832,0.943058148581901,0.946353106777682,0.953458112301838,0.97243386429683,0.977587893646149,0.97639154954502,0.975510991679308,0.97115524402361,0.979810580659895,1.00772464859756,1.00620615870535,0.980506400035351,1.02075941091908,1.00518477246532,0.986293838603212,1.00601944906958,1.0083026373288,1.04696910581662,0.972050444927217,0.942950833078841,0.988209426087719,0.994975839214584,1.03885863788807,1.0540689230001,1.0211721576065,1.01764022731575,1.02793548389969,58.5915201327566,58.5917594487107,59.9999931528418,58.5920975687264,58.5931802608566,58.5912648965433,58.591350830781,58.5917232198173,58.5925863081152,58.5911208238627
24.505272724168,311.066694519348,750.641262043025,0,700.581934971206,568.85692839191,723.94230396662,589.608671590659,580.836752330472,899.999675835729,997.261856658734,230.991194457579,188.050932938876,0,89.6714735480507,132.638214834551,262.11221233649,218.8731658673,24.4386769861535,76.077664744843,259.112678944294,1.02003972036552,1.00844088854494,0.978606276491588,0.943592451352187,0.943762810873795,0.944244638801689,0.93961167530654,0.941398643721962,1.01437118073497,0.942908612061767,0.94250670280961,0.924992741351215,0.943015507247483,0.946309264349932,0.953410878445663,0.972385270340078,0.977537669100326,0.976343282911668,0.975440434662898,0.971068268772964,0.979775153101446,1.00769853586,1.00617926043114,0.980461679746938,1.02072224470936,1.00512227288669,0.98623686917917,1.00593669041433,1.00821615320741,1.04694073388019,0.972009429723293,0.942908612061767,0.988145803099244,0.994869845001668,1.03883965512232,1.0540450502646,1.02113974859676,1.0175518067241,1.02792759862587,58.592210495066,58.5924796045514,59.9999931528418,58.5926477990072,58.5935776166067,58.5918428325524,58.5919527443267,58.5923895777658,58.5931351356992,58.5919614481205
24.5642735053135,311.01909781812,750.666723689813,0,700.580803742049,568.977991234258,723.750490192288,589.493566217222,580.831014191967,900.084139730865,997.009214000282,231.040774156592,188.049349411957,0,89.7032420429947,132.563431353635,262.121003214227,218.862820343551,24.4522906675992,76.0772397529556,259.224412362697,1.02002031011533,1.00840925393838,0.978573196392805,0.943560930822078,0.943732160049579,0.944213777576565,0.939582305868381,0.941369974446622,1.01435498387496,0.942877219112477,0.942475507492628,0.92496194488897,0.942983927144986,0.946277106811978,0.9533770672521,0.972350547558963,0.977500923115285,0.976307840037252,0.975388408775144,0.971003674716165,0.979750872376536,1.00768128218172,1.00616164357661,0.980430134226621,1.02069293477154,1.00507363784527,0.986193575367617,1.00587111038527,1.00814726991218,1.04691882765147,0.971976817442098,0.942877219112477,0.988098465910476,0.994790554037629,1.0388268827727,1.05402971115293,1.02111324078071,1.01748049547046,1.02792180373502,58.5929478501436,58.5931662014404,59.9999931528418,58.5931825090365,58.5937093562748,58.5926325107772,58.5927547399636,58.5930681829333,58.5934846496376,58.592831212584
24.6388198838289,311.002056417836,750.692883075652,0,700.574776675663,568.999840408461,723.6415429952,589.447855682543,580.836079633479,900.086941529423,996.929909389232,231.060019161426,188.040433834632,0,89.7083472269899,132.529198076728,262.113030200794,218.862273606473,24.4501935953187,76.0575002969882,259.275424219535,1.0200115019588,1.00839327756677,0.978556470908697,0.943544169740479,0.94371507303853,0.944196379832331,0.939565956803934,0.94135410777628,1.01434650200168,0.942860093858245,0.942458309574889,0.92494514502478,0.942966880066766,0.946260206406181,0.953360261134123,0.972333432126358,0.977482944223591,0.976290360092593,0.975365352882202,0.970976766190139,0.979737195908065,1.00766944486971,1.00614996946619,0.980414091140471,1.02067683219708,1.0050504879526,0.986172787834676,1.00584056034426,1.00811484811489,1.04690675378991,0.971955219598573,0.942860093858244,0.988076234702943,0.994758672135443,1.03881523716666,1.05401900822153,1.02109624425394,1.01744529843712,1.02791902684384,58.5939052379627,58.5939826861024,59.9999931528418,58.5938468275282,58.5937142513515,58.5937958658242,58.5939121529644,58.5939229750636,58.5937696693938,58.593948560106
24.7133662623443,311.035604440395,750.704036960456,0,700.565326706519,568.878777926214,723.701042962128,589.522520556006,580.852588341736,899.95946617993,997.137902350902,231.027892635929,188.023939865766,0,89.6773852915094,132.572200203345,262.080157021088,218.867030252418,24.4290692617791,76.0328414166214,259.222974610603,1.02002061066248,1.00840485831139,0.978568933007461,0.943555184421967,0.943724716771174,0.944205819536063,0.939575245640974,0.941363304711975,1.01435231581708,0.942870534989834,0.942468423362179,0.924955387768897,0.942977642414457,0.946271811931332,0.953373677995263,0.972347159004429,0.977497647581356,0.97630438526172,0.975388688745064,0.971008189316069,0.979744190070828,1.00767110649966,1.0061522888555,0.98042580145627,1.02068426636965,1.00507037595058,0.986190469807525,1.00586875843853,1.00814386897888,1.04691228655422,0.971960355217172,0.942870534989834,0.988095144886001,0.994798662958678,1.03881183604925,1.05402013282415,1.02109853483982,1.01747225211153,1.0279214623544,58.5948317411554,58.5947610303976,59.9999931528418,58.5945061894911,58.593820368879,58.5949154955603,58.5950067493929,58.5947493579454,58.5940649490253,58.5950584713472
24.8105181812088,311.112710713443,750.696084366013,0,700.537338138255,568.61519257175,723.906894298208,589.706488555421,580.874362215769,899.672224055478,997.837372098599,230.919923176162,187.996102696101,0,89.599591203025,132.689762068265,262.02019478081,218.864856360243,24.3810460725042,75.989308725874,259.008450230682,1.02005733178659,1.00845607417171,0.978623017749813,0.943605755505183,0.943772260871071,0.944253202060561,0.93962104574944,0.941408307278958,1.01437928987988,0.942920122189331,0.942517267387082,0.925004032778887,0.943027951096647,0.946324096877263,0.953430311788397,0.972404756998883,0.977558479230016,0.976363093903674,0.97547051127473,0.971109839618546,0.979784178966963,1.0076973934371,1.0061792951104,0.980478194069688,1.02072509565594,1.00514855641305,0.98626099360527,1.00597460199613,1.00825372392698,1.04694311463715,0.972001240948626,0.942920122189331,0.988165850516316,0.994922459430998,1.03882665435204,1.05403976021752,1.02112849783763,1.01758037898266,1.02793188397413,58.5959132388918,58.5957665269567,59.9999931528418,58.5953839624983,58.5944978172827,58.5959730912704,58.5960276470911,58.5957638621562,58.5947630395043,58.5964383209752
24.9076701000733,311.161417936706,750.685393325968,0,700.491193098212,568.410796121755,724.028124452647,589.819281463243,580.879644400981,899.400266104413,998.952324370955,230.765415388552,187.961109468194,0,89.5046519410811,132.781771587602,261.956786109585,218.82858013876,24.3236380666655,75.9252174506646,258.672721437918,1.02011398638091,1.0085331987988,0.978705040973052,0.943684067460181,0.943846594681261,0.944327402701616,0.939692781110162,0.941478792387659,1.01442161020962,0.942997508164769,0.942593576534425,0.925079948367564,0.943106380185931,0.946405396083677,0.953518174061949,0.972493825336854,0.977649948105039,0.97645167233048,0.975580071488837,0.971237351159809,0.979856610520373,1.00775532801576,1.00623677818821,0.980562681130716,1.02078798368353,1.00525561628283,0.986360933138955,1.00611133296844,1.00839441236115,1.04699152429844,0.972066990233855,0.942997508164769,0.988261839926186,0.995070395142641,1.03887191267223,1.0540807726251,1.02117903767972,1.01771796434743,1.02794810725376,58.5968512380481,58.5967910642425,59.9999931528418,58.5963226076907,58.5958349856721,58.5965439020132,58.596580690226,58.5967322542161,58.5959237425528,58.5976852522872
24.972496282727,311.148139314058,750.688186807471,0,700.451371311881,568.365713687289,723.968093728753,589.786346164943,580.866269320643,899.274763541276,999.855327551529,230.661215957825,187.934176422353,0,89.4546969878032,132.813782272564,261.903549876974,218.764951130266,24.2930528683298,75.9022797475518,258.430518439948,1.02015381198139,1.0085837017315,0.978760740622524,0.943739682270034,0.943900031999187,0.944380852030054,0.939744465418955,0.941529559745202,1.01445190357377,0.943053261464395,0.942648556527461,0.925134642321931,0.943162878896468,0.946463926155115,0.953581790133621,0.97255789524683,0.977712189530593,0.976512002799885,0.975641525101913,0.971299691507014,0.979918960416069,1.00781354314663,1.00629407232788,0.980626932178738,1.02082700038976,1.00531471132962,0.986421167169331,1.00617873142442,1.00846239084481,1.04702304397677,0.972115006088114,0.943053261464395,0.988316369624246,0.995134310700012,1.03892408162335,1.05412440979003,1.02121206455231,1.01778273753262,1.0279595269886,58.5974382592031,58.5974784558863,59.9999931528418,58.5970036700701,58.5969644425787,58.5968068019176,58.5968490045797,58.5973838171234,58.5969109975229,58.5984187347887
25.0373224653808,311.093517938937,750.692766194492,0,700.408040076063,568.416264026559,723.776388227924,589.658171685407,580.844196662977,899.241067060989,1000.77654142966,230.566207002224,187.909199879741,0,89.4145329730268,132.790708777142,261.861220697222,218.691215356104,24.2675302092157,75.8640872938462,258.192383168686,1.02019225522949,1.00862988742715,0.978812403630164,0.943792245145055,0.943950706854228,0.944431514576184,0.939793626569473,0.941577916756593,1.0144811883757,0.943106215378986,0.942700743495506,0.925186590077991,0.943216573526168,0.946519633614856,0.953642707129738,0.972619107807798,0.977769874955789,0.976568007724055,0.975692239308439,0.971345511195869,0.979983677049622,1.00787713366062,1.0063562425777,0.980690075969812,1.02086250508855,1.0053619349089,0.986472636721955,1.00622536158313,1.0085077409878,1.04705234017762,0.97215964316114,0.943106215378986,0.988361533741955,0.995175191875669,1.03898320132384,1.05417086294239,1.02124283158699,1.01782324764106,1.02797061413219,58.5980506617862,58.5981571910913,59.9999931528418,58.5977409773223,58.5980919582751,58.5971914984481,58.5972490815085,58.5980689899612,58.5979572093146,58.5990631648804
25.0849358773422,311.034391103892,750.69316634784,0,700.37666111707,568.493743104805,723.58115273513,589.524965761384,580.825304242339,899.261907739822,1001.40742970513,230.508640954679,187.893702917391,0,89.3942510086949,132.754345894326,261.83277519993,218.634124016925,24.254352908242,75.8377503787429,258.037962370757,1.02021657053937,1.00865717316833,0.978843874186634,0.943825485958888,0.94398314882463,0.94446399957519,0.93982519387852,0.941608978983076,1.01450007253426,0.943140089048763,0.942734152673661,0.925219820126301,0.943250894335093,0.946555169219757,0.953681601319542,0.972658001009637,0.977805030466786,0.976602186543777,0.975718813093145,0.97136495009385,0.980028369165682,1.00792318532219,1.00640123336632,0.980731428509343,1.02088276389113,1.00538433810791,0.986500379235993,1.00624108074156,1.00852132898363,1.04706964593892,0.972188538052019,0.943140089048763,0.988385387845633,0.995186948099653,1.03902717647534,1.05420511040469,1.02126084620435,1.01783253114486,1.02797769063179,58.5985396902244,58.5986515366688,59.9999931528418,58.5983193277644,58.5988321127362,58.5976379009291,58.5977073953213,58.5986011432761,58.5986982719631,58.5994808378599
25.1325492893036,310.971619240831,750.686446253678,0,700.348455433721,568.581500164934,723.379724892767,589.388293269089,580.808162144609,899.306734210774,1001.94739876607,230.463680619573,187.882187795821,0,89.3805355408781,132.712609839027,261.80804895761,218.583646341649,24.2455755156771,75.8128238353227,257.911033500153,1.02023603502635,1.00867765115039,0.978868335507042,0.94385242786065,0.944009891319817,0.944490848374075,0.939851287839646,0.941634650498458,1.01451566887421,0.943167909100082,0.942761646235673,0.925247111578738,0.943279026538238,0.946584156264963,0.953713177571142,0.972689415496027,0.977832379639979,0.976628801840375,0.975737450064606,0.97137582688903,0.980066424118032,1.00796342266689,1.0064405896415,0.980765518537229,1.02089743214497,1.0053971833121,0.986519359080061,1.00624422759501,1.00852184086603,1.04708250617493,0.972213115558867,0.943167909100082,0.988402230700698,0.9951894297328,1.03906596793766,1.05423548797153,1.02127415305366,1.01782864691682,1.02798343495721,58.5990727426347,58.5991485539109,59.9999931528418,58.5989262418046,58.5994576423474,58.5982597713602,58.5983375086887,58.5991587387948,58.5993756867054,58.5998565274908
25.180162701265,310.916872362459,750.670723461594,0,700.325467851912,568.656521691594,723.209835497278,589.275682456436,580.79600852888,899.357052164708,1002.35674802763,230.43219250914,187.875521016058,0,89.3720352946862,132.677215469897,261.787841781404,218.546293772855,24.2406562117524,75.7913887033118,257.818187209259,1.0202497664646,1.00869098673924,0.978885116996598,0.943872051811708,0.9440299020865,0.944511030668927,0.93987087460606,0.941653902371471,1.01452729136847,0.943188558019271,0.9427821348025,0.925267368155186,0.943299825277392,0.946605379047643,0.953735981296868,0.972711937242871,0.977851148880927,0.976647088623358,0.97574949785314,0.971381312427135,0.980094790248947,1.00799395448203,1.00647056430937,0.98079035037538,1.02090650863383,1.00540222785142,0.986530253799776,1.00623886346244,1.00851381103719,1.04709063552235,0.972232657968591,0.943188558019271,0.988413209205339,0.995187781713949,1.03909545095606,1.05425921013306,1.02128254072052,1.01781656294557,1.02798758835949,58.599647828316,58.5996577245242,59.9999931528418,58.599556198817,58.5999694933827,58.5990447148473,58.5991246451166,58.599736741658,58.5999733641789,58.6001981639487
25.2277761132264,310.881057819013,750.647152461683,0,700.309701388458,568.700766755973,723.10218733883,589.209429293246,580.791339974059,899.395856676479,1002.60482448644,230.414055667376,187.873778622527,0,89.3673365220902,132.657219550895,261.773430023557,218.526926007188,24.2389099341635,75.774548563684,257.763978920214,1.02025726463722,1.00869731821636,0.978894032133303,0.943883693807904,0.944042376070221,0.944523719581052,0.939883135358874,0.941665925336659,1.01453442244574,0.943201215052977,0.942794795620549,0.925279784697117,0.943312472399504,0.946618025922251,0.953749145148117,0.972724781344022,0.977861158877945,0.97665684272884,0.975756518137223,0.971384592449285,0.980111277587725,1.00801182500367,1.00648826866735,0.98080464153824,1.02091037064257,1.00540176407716,0.986534292769377,1.0062297017001,1.00850246446476,1.0470940508004,0.97224628726824,0.943201215052977,0.988419660482292,0.99518702378548,1.03911246779781,1.054273881511,1.02128617764941,1.01780200050107,1.02798998282255,58.6002532833091,58.600188945411,59.9999931528418,58.6002011363498,58.6003970844,58.5999446723662,58.6000200488349,58.6003258427879,58.6004936826597,58.6005161936118
25.2753895251878,310.871027606552,750.620338175817,0,700.302857905472,568.704696671104,723.073715078497,589.201657837322,580.795567529452,899.410413173044,1002.67439712724,230.408702621961,187.876182167435,0,89.3656128903562,132.657588473593,261.765985615209,218.527353468258,24.2397578758912,75.7633962259304,257.750739911502,1.0202584006124,1.00869704429149,0.978895203378762,0.943886956767968,0.944046669141148,0.944528225856649,0.939887410607296,0.941670077814645,1.01453669823654,0.943205291274206,0.942799007631185,0.92528378346754,0.943316411390074,0.94662162280007,0.953752323839751,0.972727701846431,0.977862603429481,0.976658221127518,0.975759453138875,0.971387449862053,0.98011487411586,1.00801560809686,1.00649226241931,0.980807868659986,1.02090952314154,1.00539781244894,0.986532707401941,1.00622060321783,1.00849204616071,1.04709298159311,0.972252865446291,0.943205291274206,0.988422393955258,0.995189873585541,1.0391155591557,1.05427815711193,1.02128541029632,1.0177895676592,1.02799053772357,58.6008698689016,58.6007486898455,59.9999931528418,58.6008506934874,58.600789055116,58.6008865327639,58.6009515630907,58.6009138184453,58.6009546272579,58.6008227752776
25.3230029371492,310.888757619351,750.597504563829,0,700.306079458643,568.669290758653,723.124064656941,589.25184319693,580.808675655349,899.394841524152,1002.5640031324,230.415252838175,187.881204896171,0,89.3668015265174,132.677954146196,261.766430524643,218.546158264084,24.2428591293672,75.7585479617844,257.77845762874,1.02025338625497,1.0086906705931,0.978888956737351,0.943881701116008,0.944042334314349,0.944524041468402,0.939883242390086,0.941665926747283,1.01453393188953,0.943200454740198,0.942794382589006,0.925279038830818,0.943311366560026,0.94661603696642,0.953745673764355,0.97272095294872,0.977855930602328,0.9766516297608,0.97575837543704,0.971389889605902,0.980105850439314,1.00800557706967,1.00648272783296,0.980800281770898,1.02090443145976,1.00539167076426,0.986526422812267,1.00621381554551,1.00848500570734,1.0470877526184,0.97225111038042,0.943200454740198,0.988421464032191,0.995196268458575,1.03910511912836,1.05427187326044,1.02128063380538,1.01778191592266,1.02798925879003,58.6014746067307,58.6013364190423,59.9999931528418,58.6014927645687,58.6012001415071,58.6017881730208,58.6018393098612,58.6014873959566,58.6013840800724,58.6011307361337
25.3706163491106,310.930454346721,750.58680728088,0,700.319665491065,568.605562566269,723.236119278543,589.347199781686,580.829285312777,899.350952895799,1002.28879889868,230.432723350007,187.886890257155,0,89.3715804480429,132.712787637938,261.775153293113,218.579030448769,24.2481150394101,75.7600770811115,257.844656994772,1.02024275229529,1.00867872972822,0.978875769304098,0.943868086878745,0.944029232075912,0.944510963387631,0.939870487085098,0.941653354885833,1.01452616377424,0.943186712593184,0.942780860491584,0.925265557793473,0.943297411823256,0.946601511979841,0.953729810971054,0.97270522021078,0.977841749717445,0.97663764482602,0.975752461167855,0.971390122646999,0.980085665133096,1.00798359864783,1.00646138756775,0.980782828795713,1.02089544500005,1.00538368408121,0.986515888454175,1.00620956728522,1.00848155013405,1.04707874845637,0.972239890162856,0.943186712593184,0.98841614372658,0.995203344246734,1.0390832572163,1.05425606132278,1.02127221358266,1.0177792406911,1.02798624235581,58.6020453463942,58.6019424818342,59.9999931528418,58.6021143949529,58.6016769667292,58.6025761267221,58.6026127400664,58.6020343301523,58.6018122888367,58.60145241344
25.4291375800733,311.001117248107,750.600045340908,0,700.349065757066,568.516851541586,723.412352914417,589.492209288312,580.860765242107,899.27214571377,1001.77289562026,230.467356067579,187.891930573865,0,89.3840617739541,132.760821745918,261.796525136374,218.62905649588,24.2576369093242,75.7697117965353,257.97079833061,1.02022327700267,1.00865729460739,0.978851077555341,0.943840842066846,0.944001754734927,0.944483273736804,0.939843682824886,0.941627029180992,1.01451034061459,0.943158468872622,0.942752809893164,0.925237850721844,0.943268988950693,0.946572572421029,0.953699378104894,0.972675278872884,0.977815226008868,0.976611497427503,0.975736430179597,0.971382726054969,0.980049316876237,1.00794504419727,1.00642356628357,0.980750279401647,1.02087943798373,1.00537045559599,0.986497112432549,1.00620514812586,1.00847916070732,1.04706316851698,0.972212467682312,0.943158468872622,0.98840171217158,0.995205492225937,1.03904599238171,1.05422677596735,1.02125737688287,1.01777935378993,1.02798046559951,58.6026760613609,58.6026832893845,59.9999931528418,58.6028316400068,58.6023887109011,58.6033191118724,58.6033413780979,58.6026567005171,58.6023731130583,58.6018824674031
25.4731393488488,311.057301550279,750.631897276551,0,700.378275335267,568.462672032969,723.539693318159,589.597020526488,580.885651835219,899.207455334897,1001.29664821855,230.501628101963,187.892950147193,0,89.399271908436,132.790285660385,261.819169441968,218.667211927012,24.2670992092314,75.7814517165108,258.091011426804,1.0202050306165,1.00863689975379,0.97882720379768,0.943813771341717,0.943973832607806,0.944455001250188,0.939816444092264,0.941600333921545,1.01449457748795,0.943130077585724,0.942724473153235,0.925209998887662,0.943240556181865,0.946543970987397,0.953669977625855,0.972646435955972,0.97778958855923,0.976586250358194,0.975716636489475,0.971368386872882,0.980016438908968,1.00791125283514,1.00639015656191,0.980719636480783,1.02086403042081,1.00535700313453,0.986478559027369,1.00619963798649,1.00847557271141,1.04704866285543,0.972182454618693,0.943130077585724,0.988383919848304,0.995197123797494,1.03901420923835,1.05420015805219,1.02124329219847,1.0177783964074,1.02797490774016,58.6030917274083,58.6032138880764,59.9999931528418,58.6033270457341,58.6030124440003,58.6037009995856,58.6037171883759,58.6030842229913,58.6028321199711,58.6022385534018
25.5171411176242,311.104987898631,750.68080667495,0,700.410591042434,568.436765807195,723.63284992863,589.676241769056,580.908181026267,899.15135545472,1000.78957186905,230.541275408566,187.891101751788,0,89.41997607849,132.804725313773,261.845591780306,218.700163137595,24.2784506182739,75.7954566997385,258.224431173313,1.02018488340493,1.00861361853707,0.978799873969651,0.943782561886597,0.943941301956085,0.944421978320123,0.93978473800954,0.941569306344394,1.0144764925123,0.943097200017602,0.942691569050122,0.925177746014511,0.943207719473829,0.946511162583206,0.953636696737223,0.972613771052532,0.977760181549118,0.976557348050057,0.975689426268738,0.971344146250454,0.979981662751993,1.00787682361469,1.00635587667287,0.980685764927167,1.02084607791939,1.00533956184682,0.986456114675481,1.00618937237432,1.00846715321058,1.04703233875776,0.972146008861195,0.943097200017602,0.988359491246323,0.995176025323589,1.03898276581375,1.0541722429321,1.02122711101274,1.01777279861137,1.02796866696393,58.6034592087155,58.6036987158624,59.9999931528418,58.6037783496478,58.60368510413,58.6039495382588,58.60396490865,58.603477653598,58.6033223455871,58.602627092325
25.5611428863996,311.136251754936,750.740726575563,0,700.442781234167,568.448465438183,723.674609151723,589.717283052168,580.925775473643,899.113378174813,1000.29145643198,230.584425940096,187.886783075472,0,89.4458248354389,132.798976197418,261.873714224179,218.724703952017,24.2913544531504,75.8101439959565,258.362452621823,1.02016399542266,1.00858836312364,0.97877033161444,0.943748981340914,0.943906172052887,0.944386267812545,0.939750551027228,0.941535890731629,1.01445723495924,0.94306180909233,0.942656098478591,0.925143027539595,0.943172422848161,0.946476020844956,0.953601270656821,0.972578883780544,0.977728226523523,0.976526041988731,0.975655040707597,0.971309339635395,0.979947250513904,1.007844298159,1.00632325381762,0.980650522181238,1.02082610292185,1.00531769688339,0.986430052919087,1.00617244690913,1.00845166605196,1.04701483628457,0.972105636696902,0.94306180909233,0.988328642280096,0.995140521260626,1.03895409945075,1.05414511214169,1.02120934802287,1.01775993278276,1.02796212190077,58.6037884523761,58.6041223613861,59.9999931528418,58.6041839443062,58.6043646374172,58.6041052898803,58.6041251717826,58.6038419787808,58.6038312465113,58.6030488105564
25.605144655175,311.146122736607,750.802576532396,0,700.471600391084,568.499980232917,723.658269204636,589.715340631889,580.936574359123,899.09932029172,999.838741601029,230.628761842197,187.881076213987,0,89.4755986559713,132.771479296431,261.901219516336,218.739406342895,24.3051599323288,75.8238680385484,258.496106480102,1.02014357601846,1.00856229457089,0.978740083569497,0.943715114832259,0.943870852312825,0.944350355828662,0.939716253868168,0.941502398122658,1.01443812128618,0.943026234807718,0.942620440171768,0.92510812918929,0.943136946684304,0.946440704549835,0.953565603784725,0.97254353299291,0.977695209930901,0.976493842170444,0.975614810912103,0.9712650219204,0.979915097675119,1.00781554959442,1.0062941955588,0.980615747627922,1.02080489946639,1.00529168991067,0.986401170797804,1.00614814261874,1.00842814807282,1.04699693622059,0.972064604073894,0.943026234807718,0.988292550850823,0.995091355986766,1.03892982793075,1.0541204385708,1.02119070592072,1.01773849582005,1.02795568457188,58.6040945000052,58.6044777215143,59.9999931528418,58.6045460142866,58.6050015816261,58.6042206129481,58.6042495495697,58.6041852554781,58.6043388847058,58.6035019140052
25.6491464239505,311.133429614237,750.855838832593,0,700.494269487912,568.585729225559,723.58857050518,589.674137025924,580.93977206105,899.110047143533,999.461418818881,230.671606194582,187.87546723517,0,89.5072433845,132.724720480464,261.925822291077,218.744714326013,24.3189166814246,75.8351364489987,258.61669060434,1.02012482049561,1.00853679981001,0.978710841362539,0.943683212418848,0.943837936761768,0.944316923079888,0.939684386403526,0.941471298203942,1.01442052367507,0.942992971830471,0.942587146808807,0.925075498230015,0.943103726814464,0.9464075054873,0.953531681264155,0.972509573959206,0.977662853223398,0.976462476126561,0.975571155614592,0.971214017713693,0.979886646390763,1.00779168288834,1.00626988249786,0.980583189766148,1.02078353626663,1.00526267600271,0.98637085306355,1.00611723981124,1.00839726477233,1.0469795434715,0.972026555117236,0.942992971830471,0.988253357321597,0.995031813493509,1.03891066324781,1.05409936223745,1.02117207192033,1.0177089174887,1.02794977262589,58.6043948027906,58.6047684586759,59.9999931528418,58.6048702627591,58.6055485900235,58.6043491923524,58.6043902227384,58.6045173982371,58.6048220788667,58.6039824116349
25.6931481927259,311.100871037544,750.890655711943,0,700.508940163256,568.693370251974,723.480072550524,589.604652788135,580.935763808357,899.141396924809,999.18091651609,230.710060745905,187.871494422384,0,89.5380490273556,132.66478456087,261.945482974981,218.742539905114,24.3314398252614,75.8427305108502,258.71647607842,1.02010883640077,1.00851342215522,0.978684420436012,0.943655490726786,0.943809930367637,0.944288554776381,0.939657386707486,0.941444957774309,1.01440573112331,0.942964436653384,0.942558687160189,0.925047505239649,0.943075126755234,0.946378658668683,0.953501470781029,0.972478892077583,0.977633047299413,0.976433810472134,0.975527407066038,0.971160680106613,0.979862904102448,1.00777310989442,1.00625082408662,0.980554465562106,1.02076330767974,1.00523262914853,0.986341035174229,1.00608205688366,1.00836136244035,1.04696364281776,0.971995015706748,0.942964436653384,0.988214012064799,0.994967398256169,1.03889654165521,1.05408249455376,1.02115448027734,1.01767343285062,1.02794477450632,58.6047061834012,58.6050094316659,59.9999931528418,58.6051650872684,58.6059697575881,58.6045358308005,58.6045899959273,58.6048486310146,58.6052592034251,58.6044846113247
25.7371499615013,311.054448103251,750.899950165619,0,700.514953024261,568.806032166557,723.35380889661,589.522602456543,580.92609807048,899.184988197135,999.009175740347,230.741229551754,187.870341517923,0,89.5649715012818,132.600289877789,261.95860565025,218.735654793042,24.3414405880623,75.845814751729,258.78932189471,1.0200965724154,1.00849374270814,0.978662598047993,0.943633913526471,0.943788959635385,0.944267434649478,0.939637307539637,0.941425367912501,1.01439481073118,0.942942709179489,0.942537172640376,0.925026190601731,0.943053194346612,0.946356136581704,0.953476806183839,0.972453310486036,0.977607734149813,0.976409725227453,0.975487438274609,0.971110330990768,0.979844527489946,1.00775973854386,1.00623702694493,0.980531026052349,1.02074562651642,1.00520416638779,0.98631404020114,1.00604617414288,1.00832417995936,1.04695022643783,0.971972869358908,0.942942709179489,0.988177947940478,0.994905067889956,1.03888687825994,1.0540700119956,1.02113903412538,1.01763579748054,1.02794101581054,58.6050419961219,58.6052248151576,59.9999931528418,58.6054403381437,58.6062478667372,58.6048085708569,58.604874732564,58.6051878695654,58.6056346622549,58.6050017162799
25.7811517302767,311.002313119467,750.881292375405,0,700.512848113107,568.904984394552,723.232935815237,589.445067064064,580.91315018388,899.229219160255,998.949200452007,230.762581860103,187.872375914849,0,89.5854165051978,132.541770136669,261.96351643057,218.726345878395,24.3478458115175,75.8449906401856,258.831484566668,1.02008867918029,1.00847907120257,0.978646824767891,0.943619925544691,0.943776485705291,0.944255050701704,0.939625539203697,0.941413874626502,1.01438845598681,0.942929263118551,0.942524080315032,0.925013000024761,0.943039399362461,0.946341403207536,0.953459182029197,0.972434377947392,0.977588607163594,0.97639182024742,0.975454771782015,0.9710679141539,0.97983198078926,1.00775136755739,1.00622837622285,0.980514067904359,1.02073167938096,1.00517988447884,0.986292076330692,1.00601345089104,1.00828981717318,1.04694006154399,0.971961957606215,0.942929263118551,0.988148308564278,0.994851388387476,1.03888107999024,1.0540620334124,1.02112664950467,1.01760025444004,1.02793871051698,58.605410021969,58.6054439495207,59.9999931528418,58.6057059648011,58.6063886257155,58.6051746842339,58.6052497505338,58.6055413707349,58.6059424780447,58.6055264339991
25.8386005757972,310.940463414767,750.820098452926,0,700.500377776948,568.98822438252,723.116071833031,589.37500859829,580.896487628475,899.270779956567,999.027846985719,230.772005355495,187.87933243542,0,89.5969016617274,132.48532441141,261.959653032193,218.716611551522,24.3486349310179,75.834287149936,258.836638853117,1.0200859405163,1.00846999601685,0.978637742966033,0.94361463264321,0.943774038321489,0.944253012518241,0.939623624811171,0.941411983882074,1.01438757476181,0.942925421365572,0.94252082377708,0.925009231267371,0.943034974271417,0.946335465352418,0.953448971503392,0.972422220844939,0.977576002712515,0.97638055460751,0.975430198298422,0.97103473336005,0.979824674882216,1.00774683235259,1.00622373186753,0.980503487299185,1.02072178146514,1.0051603847104,0.986275627963901,1.00598451838417,1.00825879563965,1.04693341235568,0.971964775298442,0.942925421365572,0.988125527665966,0.994808134277474,1.03887752755355,1.05405714860286,1.02111715399801,1.017566890679,1.02793814157438,58.6059390622415,58.6057854839868,59.9999931528418,58.6060529386086,58.6064173109984,58.6057653733524,58.6058448839037,58.6060277349906,58.6062529129952,58.6062106226365
25.9091498672308,310.894617963483,750.716971333747,0,700.476107830158,568.991866331981,723.065876278287,589.357604814423,580.883578281966,899.268710801437,999.332619564707,230.752792691132,187.88905398316,0,89.585895626283,132.467005429556,261.936965928884,218.707315458893,24.337569190374,75.8127919060001,258.77145503345,1.02009404209777,1.00847537707276,0.97864519840841,0.943627590452023,0.943790734393207,0.944270466612359,0.939640283655692,0.941428212939721,1.01439695149618,0.942940714716232,0.942536803457146,0.925024234034486,0.943049575868109,0.946348327136338,0.953457266742666,0.972428329733006,0.977581459213262,0.976386881158861,0.975431585459758,0.971033492851601,0.979830626783995,1.00775169860207,1.00622885221934,0.980509731279101,1.02072345130875,1.00515928387287,0.986277388114568,1.00597735050931,1.00824982089239,1.04693581658762,0.971990342466624,0.942940714716232,0.988125522377697,0.994803547859227,1.03887993402816,1.0540604369166,1.0211166160417,1.01755451666024,1.0279410027278,58.6066408604742,58.6063472608013,59.9999931528418,58.6064966452888,58.6063594590758,58.6065659477539,58.6066388592833,58.6066552566652,58.6065470339563,58.6070303699514
25.9796991586644,310.893364582642,750.627290518074,0,700.447536620085,568.890613541069,723.111408874698,589.408989521703,580.884021640485,899.197586325531,999.812901341527,230.701036148329,187.892296579301,0,89.5480642605925,132.504264402876,261.899506403026,218.698882037445,24.3141699501003,75.7831983659978,258.640587274278,1.02011362785909,1.0084986137856,0.978672128207136,0.943658616669947,0.943824022062753,0.94430443029862,0.939672778160283,0.941459957887535,1.01441526700294,0.942973659380941,0.942570053853588,0.925056552729332,0.943082201942371,0.94638021911998,0.95348748512976,0.972457396329934,0.977609971255942,0.976415033431318,0.975468075532862,0.97107653311185,0.97985316353381,1.00776847129051,1.00624607183285,0.980537036781369,1.02074052036543,1.005185558466,0.986304573024509,1.00600606663684,1.00827810693272,1.04694966102478,0.972030244814543,0.942973659380941,0.988156723469729,0.994853734140245,1.03889073177738,1.05407343880081,1.02112858106815,1.01757945462651,1.02794718378951,58.6073546801792,58.6070766309464,59.9999931528418,58.6069715798868,58.6063988355345,58.6073146183056,58.6073709690749,58.607294372516,58.6068375259207,58.6078083304274
26.050248450098,310.930415095561,750.59457958261,0,700.417055182348,568.724847482128,723.202144561901,589.490199810238,580.896515955521,899.070141125787,1000.4111329517,230.623794173431,187.881307266136,0,89.4912114362231,132.578950726949,261.852998720465,218.68361927256,24.2824629620415,75.7493368384067,258.465290315036,1.02014194654601,1.0085360167226,0.978714042127781,0.943701418399564,0.943866173892001,0.944346827319218,0.939713542289347,0.941499900081048,1.01443863009775,0.943017088395047,0.942613121781454,0.925099156564203,0.943125973307027,0.94642497680781,0.953535126455974,0.972505444439203,0.977657322217501,0.976460696936069,0.975531187089508,0.971152102510991,0.979891302381302,1.00779814018855,1.00627605522757,0.980582373238621,1.02076994312044,1.0052344654842,0.986352666563315,1.00606492765934,1.00833782839611,1.04697261181464,0.972072049597631,0.943017088395047,0.988211775325239,0.994943294053788,1.03891236829856,1.05409624486049,1.02115090680312,1.01763618265852,1.02795561200075,58.6080279294407,58.6079121484972,59.9999931528418,58.6074836037999,58.6067109116597,58.6079047524001,58.6079417469759,58.6079173984324,58.6072242362429,58.6085289265404
26.1207977415316,310.98238334324,750.636661905703,0,700.383634672635,568.558370924767,723.266731741464,589.548094466869,580.913422017622,898.921200927615,1001.07840417929,230.532389510463,187.853292836605,0,89.4274732967759,132.659541793768,261.803729630422,218.654164737144,24.2482430910279,75.7143438947882,258.268877782899,1.02017524979471,1.00858140576628,0.978764057408906,0.943748774209205,0.943909676630916,0.944389995379227,0.939755345033626,0.94154101146378,1.01446322080589,0.943063512621575,0.942658468908373,0.925144698700548,0.943173452310977,0.946475270913874,0.953592974365806,0.972565190894049,0.977715782905635,0.976516447806784,0.975606418614147,0.971240392519313,0.979941884479645,1.00784026531,1.00631809023923,0.980639768524048,1.02080629033234,1.0052955453455,0.986412403296328,1.00613946964426,1.00841386001348,1.0470007902943,0.972106356816645,0.943063512621576,0.988277955285594,0.995046481603173,1.03894618587911,1.05412804833736,1.02117958990151,1.01770949207838,1.02796506380444,58.6086269309285,58.6087381501272,59.9999931528418,58.6080370941547,58.6073642829734,58.6083221969261,58.6083450486116,58.6085062844357,58.6077704279294,58.6091822323046
26.1752872140872,311.014329385448,750.711514347474,0,700.35468323944,568.467187636293,723.261760953919,589.550131323749,580.923208599301,898.817107188887,1001.61506198304,230.460050892368,187.822280748559,0,89.3815058566416,132.706415863561,261.767206814007,218.619845599696,24.2237478706843,75.6881649049379,258.115958133041,1.02020186286061,1.00861751158989,0.978803520397742,0.943784480981275,0.943940816606883,0.944420544302084,0.939785156505017,0.941570438420122,1.01448126020535,0.943097686964859,0.942691456743419,0.925178223709345,0.943208795119274,0.946513685817841,0.953639444576246,0.972613760407955,0.977762743404763,0.976560999081428,0.975662887412245,0.971304095610823,0.979986122609388,1.00787951743626,1.00635693073694,0.980687469307331,1.0208351870554,1.00534315032682,0.986459537464426,1.00619664914316,1.00847205725324,1.04702335057493,0.972125413867909,0.943097686964859,0.988327928919885,0.995118628508252,1.03897982169431,1.05415736924829,1.02120310545042,1.01776557955553,1.0279723643823,58.6090363615124,58.6092957691191,59.9999931528418,58.6084969357225,58.608074226674,58.6085727150073,58.6085916098848,58.6089371444725,58.608308034637,58.6096373844496
26.2297766866429,311.025261184747,750.799758407679,0,700.32351060608,568.430209072393,723.195313549136,589.50593999879,580.925633080054,898.741842437815,1002.14685714025,230.392854020779,187.788399909729,0,89.3441486234054,132.728225818208,261.734447256602,218.577581393671,24.2034966725275,75.6637169994191,257.971739715189,1.02022709602742,1.00865080384446,0.978839849930552,0.94381682891968,0.943968304385001,0.944447331677199,0.939811461565868,0.941596476145989,1.01449755190884,0.94312831805908,0.942720834652013,0.925208272793057,0.943240662150069,0.946548785289476,0.953682917265626,0.972659325258677,0.97780617275683,0.976602176576143,0.9757104128701,0.971354499969351,0.980030751684251,1.00792130970253,1.00639806642968,0.980733279022422,1.02086154871717,1.00538462525464,0.986501663587693,1.00624445362494,1.00852030720577,1.04704423562786,0.972139238361811,0.94312831805908,0.988370231157868,0.995172641889208,1.0390172719699,1.0541884866434,1.02122519466179,1.01781151013519,1.0279791629716,58.6094142846997,58.6097415943545,59.9999931528418,58.6089888854103,58.6088870021335,58.6088338465955,58.6088553352382,58.6093563881273,58.6089230611653,58.6100486707759
26.2842661591985,311.009400208528,750.874076757573,0,700.292462545904,568.449452851173,723.077143853416,589.423878239064,580.919236827766,898.703385784033,1002.64868819287,230.335546332644,187.757929322978,0,89.3183639660625,132.72300532361,261.706981120002,218.532544013865,24.1887469194118,75.6417178739835,257.843318156022,1.02024925255953,1.0086786339244,0.978870363326734,0.943844398269642,0.943991870468654,0.944470300393139,0.939834090629252,0.941618900883235,1.01451175146348,0.943154547432457,0.942746001902481,0.925234003791448,0.943267938426156,0.946578796716889,0.953719951081725,0.972697924061393,0.977842332819353,0.976636597449602,0.975744855269783,0.97138722543385,0.980071591491716,1.00796150512129,1.00643749484884,0.980773122548614,1.02088316991463,1.0054159544052,0.986534909122543,1.0062777199295,1.00855325304815,1.0470617272292,0.972150803607324,0.943154547432457,0.988401137959731,0.99520382601853,1.03905455705352,1.05421850332492,1.02124393988395,1.01784188622255,1.02798512173851,58.6097841328197,58.6100757263296,59.9999931528418,58.6095141793311,58.6097148298317,58.6091730622797,58.6092017090128,58.6097776480323,58.6095767584193,58.6104175255152
26.3387556317541,310.968748992961,750.910423821154,0,700.265481573616,568.512636894791,722.933018803132,589.323856123453,580.905521670356,898.700261240386,1003.08963808026,230.291467288422,187.736726048954,0,89.3049004169614,132.696002275286,261.685901814862,218.49157934,24.1798068225578,75.6228285963286,257.736960310095,1.0202669090825,1.00869917336284,0.978893211332295,0.943866321144956,0.944011609686255,0.94448973387238,0.93985319311142,0.941637800403645,1.01452367124827,0.943175968105015,0.942766773029761,0.925255017457426,0.943289996500217,0.946602529204258,0.953747944696575,0.972726564929941,0.977868608438769,0.976661892846027,0.975764724160825,0.971401777463387,0.980104580044127,1.00799555511154,1.00647083531412,0.980803612258586,1.02089865609267,1.0054352346945,0.986557084440573,1.00629462612563,1.00856911051728,1.0470745965836,0.972163151494052,0.943175968105015,0.988419238966541,0.995212751699559,1.03908702179267,1.05424418432716,1.02125795782286,1.01785502460234,1.02798997157683,58.6101711396951,58.6103331663871,59.9999931528418,58.6100695155146,58.6104777123404,58.609636967679,58.6096739168412,58.6102145359995,58.6102260222085,58.6107476787895
26.3932451043097,310.912516287893,750.895745978709,0,700.24690139393,568.597438066176,722.796832099276,589.231255914259,580.88849292378,898.722494989818,1003.43455597885,230.262478029675,187.728590652894,0,89.3025534848422,132.657684646082,261.6719144482,218.461482177317,24.1762075875521,75.6077364790306,257.65852956856,1.02027896957928,1.00871146715733,0.978907384125079,0.943881977809097,0.944027393725106,0.944505608056121,0.939868651942736,0.941653018172707,1.01453302782932,0.943192172685148,0.942782863371653,0.925270914140097,0.94330630708091,0.946619142729851,0.953765300206773,0.972743504887487,0.977883686928714,0.976676829974482,0.975770935826082,0.971400934237948,0.980126436460582,1.00801937013508,1.00649415337506,0.980822460279345,1.02090743311158,1.00544265667371,0.98656774567916,1.0062965815753,1.00856954723758,1.04708214832686,0.97217791178878,0.943192172685148,0.988425242479868,0.995204248724772,1.03911030134122,1.05426253851709,1.02126646144697,1.01785284756951,1.0279934816739,58.6105950020012,58.6105741846463,59.9999931528418,58.6106456465161,58.6111228092974,58.6102368611716,58.610279605501,58.6106760160707,58.6108341716495,58.6110455662385
26.4477345768653,310.854715126728,750.832554592545,0,700.240044151277,568.678563059929,722.700518142622,589.169416638928,580.873496206765,898.755128103388,1003.64854845552,230.249085586202,187.734102759908,0,89.3088041615109,132.620304700878,261.665388871669,218.447257685059,24.1770196628148,75.5971144444394,257.613502173926,1.02028471380426,1.00871535290568,0.978912602826985,0.943890743230322,0.944038459905662,0.944517142797311,0.939879682790214,0.941663774339075,1.01453928249053,0.943202421087326,0.942793519866717,0.925280967816035,0.943316143588733,0.946627945349781,0.953771440744364,0.972748313039807,0.977887503764507,0.97668124514284,0.975766063906984,0.97138940751996,0.980135207529478,1.00803014039283,1.00650473832895,0.980828707054185,1.02090961032433,1.00544001630002,0.986567891670807,1.00628731637162,1.00855868687734,1.04708418521934,0.972194309405732,0.943202421087326,0.988421329802029,0.995185403548792,1.03912126633055,1.05427139098113,1.02126922048062,1.01783981775632,1.02799544341505,58.6110640076068,58.6108663221921,59.9999931528418,58.6112278593012,58.6116349187854,58.6109448920293,58.6109883109029,58.6111631412667,58.6113791474648,58.611320490126
26.502224049421,310.810265611094,750.738880615372,0,700.245994502939,568.734981460218,722.664818242388,589.152983604764,580.86562947796,898.782714963336,1003.70361582085,230.250714512573,187.750375103118,0,89.3206723398996,132.594266290438,261.666350226428,218.450836545063,24.1811997699074,75.5915140294773,257.606461927185,1.02028383931789,1.00871128791598,0.978909152438234,0.943891892066682,0.944043339624839,0.94452272955316,0.93988477717157,0.941668614559244,1.01454164025864,0.943205564354956,0.942797446348455,0.925284051359567,0.943318504471887,0.9466283109199,0.953766706290499,0.972741730739871,0.977880999078536,0.976675832927744,0.975753339577931,0.971372215895614,0.980130578653803,1.00802690913044,1.00650165092243,0.980822735121436,1.02090575873703,1.00542993670887,0.986559415979961,1.006271514419,1.00854162663501,1.04708092076355,0.97220903184669,0.943205564354956,0.988410289441841,0.995163233427126,1.03911870630242,1.05426981900928,1.02126645383339,1.01782136895798,1.02799567813994,58.6115722666681,58.6112632843657,59.9999931528418,58.6117983315377,58.6120356162387,58.6117016822562,58.6117399693104,58.6116681154016,58.6118569512812,58.6115843253628
26.5567135219766,310.790868321683,750.643386858844,0,700.263126755498,568.755467702842,722.693579369971,589.184007115,580.868253690449,898.793671336491,1003.58577097434,230.26598345305,187.771807045559,0,89.3355263088529,132.585259642033,261.67442961544,218.470612935156,24.187864233012,75.5911988489959,257.640102042178,1.02027650111659,1.00870015453929,0.978897728407485,0.943884721780027,0.944040185109116,0.944520295527926,0.939882043110804,0.941665737655979,1.01453922809975,0.943200282586527,0.942793081966092,0.925278869948161,0.943312310608162,0.94661977304524,0.953752179914489,0.972725386052766,0.977865775768234,0.976661874798962,0.975735696970777,0.971353244759589,0.980113871217751,1.008010742151,1.00648589082422,0.980806079209216,1.02089668486482,1.00541504735514,0.986544494151018,1.00625339963431,1.0085229042811,1.04707287380518,0.972217048035866,0.943200282586527,0.988394684214387,0.995142699605915,1.03910356468877,1.05425832923613,1.0212586980297,1.01780227533862,1.02799407253913,58.6121008751434,58.6117871493027,59.9999931528418,58.6123397059779,58.6123722534174,58.6124328790585,58.6124616603972,58.6121759628565,58.6122798085729,58.6118506630885
26.6112029945322,310.801660470566,750.576973841102,0,700.287555006468,568.740937190811,722.773146167371,589.251811996166,580.88205612383,898.783203673978,1003.30074139885,230.292922110702,187.791641791366,0,89.3516355591657,132.592959880364,261.688796538358,218.501908142748,24.1964107887368,75.595976402995,257.713987400325,1.02026334180699,1.00868310260402,0.9788793442949,0.943868864851186,0.944027409625595,0.944508009237356,0.939869854494769,0.941653616719181,1.01453140607415,0.943185576361596,0.942779161072818,0.925264443151003,0.943296828259429,0.94660227403888,0.953729497037303,0.972701446595669,0.977843759138949,0.976640987268145,0.975715123485022,0.971334382513148,0.980087738476361,1.00798446183959,1.0064601524133,0.980781092485821,1.02088327025985,1.00539735608561,0.986525082732682,1.00623568041663,1.00850535552337,1.04706078193373,0.972213160653629,0.943185576361596,0.988376278815361,0.995125598779382,1.03907867726875,1.05423873945529,1.02124669443039,1.01778543345381,1.02799063310529,58.6126227338466,58.6124195705074,59.9999931528418,58.6128386715384,58.6127006551922,58.6130695629855,58.6130874596789,58.6126682603446,58.612669947854,58.6121334300917
26.6786541633425,310.850935787016,750.569018883923,0,700.320287985898,568.693754735236,722.899839911696,589.355311838676,580.910903385875,898.745883820668,1002.76326522612,230.338532553732,187.805176657931,0,89.3724194270132,132.616055786009,261.713113514208,218.546444842628,24.2090391118358,75.6076462653492,257.853178732439,1.0202408248052,1.00865588686492,0.978849043063296,0.943837966743024,0.943997688230068,0.94447830016323,0.939841040678582,0.94162527996456,1.01451429365408,0.943154436515166,0.942748499040494,0.925233894981776,0.943265226039318,0.94656941940315,0.953693301198203,0.972664987122152,0.977810174207439,0.976608304260193,0.975686773860456,0.971310646468486,0.980047736131565,1.00794411025082,1.00642042734528,0.980742942138478,1.02086205250929,1.00537316680633,0.986497042398174,1.00621520816016,1.00848599944092,1.04704163402594,0.972186974921431,0.943154436515166,0.988350721050698,0.995106758962014,1.03904070819967,1.05420760258559,1.02122733667595,1.01776818583228,1.0279841546096,58.6132171655981,58.6132631888114,59.9999931528418,58.6133882122791,58.6131627641105,58.6136631021422,58.6136708742945,58.6132305545608,58.6131430661601,58.6125250568009
26.7221626028762,310.896320175304,750.613647000034,0,700.339550075697,568.65948549919,722.975292893658,589.416931960523,580.933314557383,898.714015492403,1002.34368799736,230.373027900023,187.804835217555,0,89.3864418847301,132.632252550222,261.731339118605,218.573770687834,24.2181774413679,75.617589320469,257.964066364781,1.02022381373361,1.00863583964201,0.97882627389609,0.943812480257838,0.943971147086357,0.944451364644165,0.939815170612587,0.941599959665644,1.01449948320384,0.943127723815004,0.942721731371387,0.925207689840087,0.943238579671742,0.946542879813305,0.953666852679367,0.972639179617946,0.977786196535525,0.976584571857972,0.975666750225932,0.971293870136421,0.980020105438299,1.00791660211309,1.00639320399649,0.980716160406669,1.02084635177003,1.00535644763693,0.986477324049342,1.00620218334505,1.0084740196596,1.04702759891854,0.972157288682856,0.943127723815004,0.988332605511131,0.995093417287169,1.03901517986129,1.05418575765601,1.02121293760446,1.01775804204478,1.02797896342556,58.6135547650389,58.6137864614598,59.9999931528418,58.6137028039491,58.6135096193935,58.6139242638316,58.6139294548547,58.6135571275791,58.6134548183281,58.6128089052946
26.7656710424099,310.942621206305,750.692381155555,0,700.355236550037,568.634745423933,723.027058806597,589.460907178817,580.955150061874,898.683586040422,1001.90733397559,230.409299300414,187.797185299319,0,89.4012507842714,132.643048594128,261.750082859694,218.596219566537,24.2278171081286,75.6282249897625,258.082944665487,1.02020608749486,1.00861491406138,0.978802258660984,0.943784273920385,0.943940630121234,0.944420175006542,0.93978537098424,0.941570866148743,1.01448277238096,0.94309759281934,0.942691279815426,0.925178131352751,0.943208780976564,0.94651385802725,0.953639561042322,0.972613041721916,0.977761618917621,0.976560019631293,0.975645182533913,0.971274654003945,0.979993257297904,1.00789050391177,1.00636723996517,0.980689417762526,1.02082976506633,1.00533884421358,0.986456838186248,1.006188209231,1.00846110064017,1.04701300230462,0.972119649796009,0.94309759281934,0.988313089194005,0.995076616063138,1.03899142370303,1.05416451994718,1.02119776771396,1.0177470419418,1.02797335294648,58.6138497003279,58.6142420100073,59.9999931528418,58.6139895796546,58.6138918817587,58.614104378562,58.6141109387561,58.6138525950189,58.613775793889,58.6131206947568
26.8091794819436,310.981699044153,750.792277419373,0,700.366757960929,568.627098991453,723.046302442569,589.481036047341,580.973772261529,898.660384227657,1001.48953490145,230.445401091313,187.783843171491,0,89.4169814287753,132.644547890192,261.768123954531,218.612179014037,24.2375999020637,75.638497395111,258.201350633133,1.02018874021771,1.00859405797933,0.978778183941517,0.94375520035721,0.94390845095904,0.944387144393423,0.939753934138231,0.941540229056321,1.01446542461347,0.94306618703791,0.942659373268227,0.925147322301381,0.943177887316368,0.946484195523784,0.953612717892052,0.972587618152534,0.97773737109591,0.976535683372522,0.975622040885417,0.971252274746099,0.979968560981822,1.00786731014041,1.00634402608779,0.980663889264756,1.02081294385369,1.00532038313407,0.986435997278832,1.00617243052635,1.00844618335974,1.0469985087295,0.972077585604401,0.94306618703791,0.988292166770362,0.995054862537115,1.0389708515867,1.0541451393114,1.02118246886131,1.01773387339525,1.02796770799361,58.6141045191361,58.6145997764702,59.9999931528418,58.614253110944,58.6142929229849,58.6142299506145,58.6142415171121,58.6141195169392,58.6141021588295,58.613460367867
26.8526879214773,311.006550779607,750.895921379603,0,700.37429814497,568.640466686366,723.030452712488,589.475625184534,580.987101137438,898.648458569137,1001.12409632377,230.479251031662,187.767574227818,0,89.4334370926959,132.634651778667,261.784207262764,218.6211127042,24.2469979458268,75.6473176115016,258.310429038089,1.02017286705369,1.00857429424925,0.978755343825785,0.943727390483394,0.943877368052363,0.94435516875401,0.939723590022004,0.941510694505091,1.01444889333179,0.943036014866362,0.942628642944458,0.925117723420518,0.943148283598113,0.946455967518053,0.953587622995902,0.972563904474823,0.977714413874987,0.976512652663833,0.975597703416661,0.971226743059242,0.979947035061448,1.00784800034336,1.00632456591673,0.980640596842424,1.02079664729987,1.00530136777864,0.986415386180516,1.00615448450733,1.00842874267406,1.04698482260638,0.972035643162633,0.943036014866362,0.988270185630723,0.995027758000629,1.03895429276904,1.05412852407846,1.02116774177348,1.01771778553601,1.02796244246328,58.6143276991972,58.6148461499821,59.9999931528418,58.6144982065862,58.6146888379145,58.6143331090907,58.6143522786225,58.6143636697587,58.6144254263072,58.6138256075492
26.896196361011,311.012788934506,750.984643020996,0,700.37852434594,568.674391582502,722.983528276487,589.447742191531,580.993927522214,898.649249090985,1000.83976851116,230.508721599831,187.751677253045,0,89.4499895372263,132.613495017891,261.797178651643,218.623579595747,24.2553475671503,75.65371465393,258.40176514097,1.02015948953456,1.00855668565708,0.978735071313653,0.943703033630487,0.94385024178669,0.944327258151448,0.939697163617091,0.941484995621934,1.01443465263499,0.943009661045083,0.942601808352527,0.925091870338802,0.943122419183535,0.946431283848771,0.953565541293088,0.972542857178491,0.977693747965051,0.976492052572402,0.975573045265202,0.971198943620381,0.979929354792292,1.00783303967574,1.0063093723145,0.980620418792923,1.02078171974594,1.00528247632403,0.986395820849439,1.00613472177678,1.00840903553856,1.04697265571807,0.971998690975625,0.943009661045083,0.988247923948681,0.994996201779193,1.03894199309777,1.05411521104246,1.02115432099468,1.01769886807949,1.02795796088849,58.614532162326,58.6149870950878,59.9999931528418,58.614729193001,58.615053497108,58.6144455433772,58.6144734110817,58.6145930833866,58.6147345121411,58.6142120519484
26.9397048005447,310.99923849723,751.042131798191,0,700.380249538517,568.724283985484,722.914866355984,589.404222997889,580.994045974675,898.661293083077,1000.65745578642,230.531779298557,187.739313687715,0,89.4655671271174,132.583346544766,261.806050312133,218.620901292002,24.2618964155422,75.6569071760597,258.468290936392,1.02014947643346,1.00854228087765,0.978718648331132,0.943684124080029,0.943829646091976,0.944306119881374,0.939677187914436,0.941465580208183,1.01442400359509,0.942989458193805,0.94258132066585,0.925072051354693,0.943102507642184,0.946412060105894,0.953547654202229,0.972525407566799,0.977676407779685,0.976475007421095,0.975549456293985,0.971170644863192,0.979915924308951,1.00782248739861,1.00629856344864,0.980604122173893,1.02076904835719,1.00526478913574,0.986378360725737,1.00611429751174,1.00838820689208,1.04696269329236,0.97197113248342,0.942989458193805,0.988226608539138,0.994962390339883,1.03893375409774,1.0541054194042,1.02114294055721,1.01767817553064,1.02795461401165,58.6147329892651,58.6150475783752,59.9999931528418,58.6149495467656,58.6153639291711,58.6145928366794,58.6146288631557,58.6148167715446,58.6150183484477,58.6146137158746
26.9832132400784,310.96818657096,751.05762955309,0,700.38009471871,568.782355258892,722.837012712896,589.35414484255,580.988206008059,898.68046814441,1000.58837065108,230.546631114666,187.73283725822,0,89.4787512338096,132.548176184018,261.81007859284,218.614778367925,24.2658957811971,75.6563848712216,258.505046060736,1.02014347418147,1.00853203608598,0.978707197593171,0.943672216524142,0.943817505445573,0.9442937695664,0.939665544280693,0.941454265293889,1.01441789896693,0.942977177516285,0.942569028122583,0.925060004017937,0.943090242779411,0.946399797454568,0.953534998141448,0.972512450743582,0.977663419725351,0.976462576285023,0.975528727287533,0.971144305282457,0.979906971385941,1.0078161520089,1.00629200558449,0.980592387278818,1.02075948915933,1.00524970875176,0.986364244673883,1.00609507546171,1.00836819289373,1.04695554042513,0.971956173904101,0.942977177516285,0.98820781798346,0.994929535671888,1.03892912106443,1.0540991415314,1.02113428074726,1.01765763773332,1.02795265952445,58.6149448026401,58.6150673018643,59.9999931528418,58.6151619169979,58.6156049631255,58.6147903764389,58.614832595686,58.6150434019427,58.6152685322541,58.6150235637568
27.0267216796121,310.924826405498,751.028110294734,0,700.378278117462,568.839118390684,722.763066958779,589.306912417779,580.977943721104,898.700770458765,1000.6335018702,230.551901984186,187.733286891513,0,89.4879632644388,132.512917261086,261.808815539585,218.606859558686,24.2667006188236,75.6519462856976,258.509689540578,1.02014185659706,1.00852672655723,0.978701573065597,0.94366822998613,0.943814819511528,0.944291237538334,0.939663191823772,0.941451977407838,1.0144168138002,0.942973789669679,0.942565919612482,0.92505668054258,0.943086576807734,0.946395404282529,0.953528393476142,0.972504805899652,0.977655727891176,0.976455667140298,0.975512837610735,0.971122735099148,0.979902638039574,1.00781375816173,1.00628946796565,0.980585811601778,1.02075378019436,1.00523879213307,0.986354763268092,1.00607937117442,1.0083514482709,1.04695167104951,0.971955282023412,0.942973789669679,0.988193299126124,0.9949013863547,1.03892758953916,1.0540962512116,1.02112890692785,1.01763978069137,1.02795223335644,58.6151792755564,58.615093512534,59.9999931528418,58.6153684613397,58.615772342417,58.6150414973782,58.6150869874059,58.6152801100589,58.6154814960386,58.6154341603478
27.0702301191458,310.876309326027,750.958803933398,0,700.374527838845,568.884872785522,722.704107967988,589.270391454371,580.965252559516,898.715067370135,1000.78449433739,230.546813959036,187.740411341482,0,89.491942588388,132.483106025097,261.801876319422,218.598138544276,24.2639681285654,75.6443369846075,258.482622577834,1.02014468303485,1.00852674287189,0.97870213651417,0.943672205813162,0.943821395950616,0.944298289661889,0.939669918072392,0.941458516725719,1.01442066025973,0.942979206620686,0.942571859946364,0.925061994567587,0.94309146891663,0.946398961404598,0.953528249421475,0.972503027837844,0.977653955388548,0.976454804526168,0.975503418971187,0.971108317167838,0.979902998051815,1.00781509761751,1.00629076816287,0.98058478946355,1.0207523142117,1.00523329549762,0.986350899285579,1.00606928532427,1.00834024664301,1.04695126603472,0.971967722986006,0.942979206620686,0.98818450490784,0.994881182397669,1.03892882417569,1.05409666374349,1.02112710538471,1.01762702400081,1.02795333626901,58.6154432940902,58.6151724089517,59.9999931528418,58.6155713686112,58.6158740105999,58.6153382071541,58.6153837077753,58.6155316601207,58.6156599333037,58.6158383100624
27.1269837527231,310.818163171597,750.832920555184,0,700.365719970457,568.916384163766,722.660161627648,589.24629020469,580.948875633118,898.715823749583,1001.11052494114,230.524446441135,187.754990350789,0,89.4865448043469,132.457328986671,261.785742439404,218.587294880913,24.2545405595822,75.6279544567444,258.405828779994,1.02015464313453,1.00853538446806,0.978712640811508,0.943688670228155,0.943842300759543,0.944320139768995,0.939690664846774,0.941478688621988,1.01443208709748,0.942998326065686,0.942591845444337,0.925080750731226,0.943109716184905,0.946415019326573,0.953538447079032,0.972510671364782,0.977661788088276,0.97646372907107,0.97550424617877,0.971105158893807,0.979910867894277,1.00782228475752,1.00629803827821,0.980592681374858,1.02075762189454,1.0052369816745,0.986356368076526,1.00606904206249,1.0083387678897,1.04695641031938,0.972000326564862,0.942998326065686,0.988184620104287,0.994873360522953,1.03893421743447,1.0541017505716,1.02113071312099,1.01762308413172,1.0279568179481,58.6158323675521,58.6154122587154,59.9999931528418,58.6158353139606,58.6159417291113,58.615763870999,58.6158050380167,58.6158845777439,58.6158570091065,58.6163450956572
27.1837373863004,310.778118013908,750.70201792532,0,700.351288941379,568.907971926022,722.654085621761,589.248822638347,580.936256222935,898.687729455656,1001.54091626727,230.485887821006,187.770236248076,0,89.4692445157139,132.452867294169,261.761680155609,218.575566953797,24.2393603015482,75.6079221564768,258.29268476349,1.02017058529486,1.00855274309215,0.978732770426334,0.943714789550703,0.943872689453817,0.944351542256058,0.939720544197493,0.941507789992168,1.0144486300806,0.943027207084241,0.942621517969794,0.925109082991801,0.943137795750801,0.94644111770474,0.95355934509724,0.972529206337046,0.977680543382622,0.976483148122561,0.975520194533596,0.971120379815956,0.979927048667479,1.00783582154055,1.00631176147316,0.980610722753425,1.02077025034196,1.00525294451437,0.986373488461909,1.00608433505339,1.00835331547825,1.04696711852444,0.972042865295256,0.943027207084241,0.988198163984362,0.994887649258591,1.03894434320661,1.05411216206834,1.02114036436159,1.01763503414553,1.027962108802,58.6162603746675,58.6158327989447,59.9999931528418,58.6161052772561,58.6159893455557,58.6161932328785,58.6162267643353,58.6162622620069,58.6160422336252,58.616819554255
27.2279832375525,310.764707905023,750.622389987863,0,700.335586609103,568.874076742842,722.669156438386,589.264494151577,580.930870353322,898.644779331855,1001.91729027651,230.446558955917,187.777630959789,0,89.4477874806626,132.464143512336,261.738768801935,218.564928186948,24.2242607107267,75.5902540085965,258.188490804951,1.02018615204302,1.00857144231137,0.978753990171341,0.943739539365279,0.943899699874767,0.944379188680227,0.939746931886863,0.94153353994531,1.01446338670483,0.943053649850428,0.942648330021449,0.925135023328428,0.943163859272271,0.946466275899642,0.953582165430815,0.972550768566711,0.977702170136776,0.976504783556958,0.975542980977991,0.971145011113861,0.979945319480493,1.00785088901364,1.00632698132401,0.980631487212241,1.02078454545771,1.00527365229488,0.986394524711958,1.00610722271684,1.00837607668658,1.04697875843803,0.972076896493278,0.943053649850428,0.988217942370359,0.994914329457071,1.0389558335041,1.05412385580639,1.0211515564552,1.01765585636975,1.02796704709273,58.6166075950259,58.6162764650577,59.9999931528418,58.6163254894271,58.6160532796677,58.6165054729997,58.6165322094833,58.6165686254745,58.6162017323141,58.6171625726666
27.2722290888046,310.767605804722,750.580769011829,0,700.315988270237,568.821224516716,722.690975793257,589.284395017853,580.929962022438,898.586168257315,1002.3037287536,230.401626304548,187.777556568512,0,89.4207944476277,132.486279827037,261.713435166651,218.551693610987,24.2073925587401,75.5718686241214,258.078740130242,1.02020340008774,1.00859336833293,0.978778509820335,0.943765807104383,0.943926646433234,0.944406486831874,0.939773106360094,0.941559146124638,1.01447826245074,0.943080832761228,0.942675531998171,0.925161689746429,0.94319101187167,0.946493418190833,0.953609319539396,0.972577472971817,0.977728685744843,0.976530753300273,0.975573285517335,0.971178879081036,0.979968089089761,1.00786988159349,1.0063460738588,0.980657229442377,1.02080167753496,1.00530018243623,0.986420955594657,1.00613807611401,1.00840718810026,1.04699243849405,0.972106677036601,0.943080832761228,0.988244459031057,0.99495223420003,1.03897075979045,1.05413855311526,1.02116511902391,1.01768519515308,1.02797228154928,58.6169522118481,58.6167869378775,59.9999931528418,58.6165594342687,58.6161729439292,58.6167843436058,58.6168047857022,58.6168789456,58.6163941539642,58.6174801787942
27.3164749400567,310.783897337605,750.584798671073,0,700.293231778288,568.757462167214,722.708759680744,589.300732711985,580.933236495336,898.518046948947,1002.68214697409,230.353527906704,187.768697462739,0,89.3900780776847,132.515144827066,261.68718050967,218.53528601468,24.1897452638651,75.5529249550077,257.969189495739,1.02022148220739,1.00861724586323,0.978804842636693,0.943791730825104,0.943951379428139,0.94443120441087,0.939796984906731,0.941582597639901,1.01449223415807,0.943106705157409,0.942701016324945,0.925187070549506,0.94321726049862,0.94652069370354,0.953639297186085,0.972607930874312,0.9777586070751,0.976559570578799,0.975609037225426,0.971219381375037,0.979994552730575,1.00789239082188,1.00636858713827,0.980686741215146,1.02082061571929,1.00533074196879,0.986451123231,1.00617453898849,1.00844420359341,1.04700735924118,0.972128910888568,0.943106705157409,0.988275894745866,0.994998162263707,1.03898900195877,1.05415581838522,1.02118024153744,1.01772061210575,1.02797752347527,58.6172824127724,58.6173183543173,59.9999931528418,58.6168111744385,58.6163677457282,58.6170285607924,58.617043997249,58.6171872668673,58.6166322643026,58.6177723010626
27.3607207913087,310.808157381466,750.634512897299,0,700.268611605876,568.691741749128,722.713089046822,589.306549132992,580.939480189921,898.447424576667,1003.03932933885,230.305188093337,187.749853564344,0,89.358205439349,132.546879189455,261.660518093368,218.514719926359,24.1726978403442,75.5349420913259,257.866689783966,1.02023924982319,1.00864144287402,0.978831378875977,0.943815998971144,0.943972777285749,0.944452255245135,0.939817474573551,0.941602799189425,1.01450450085361,0.943130060304812,0.942723616629146,0.92520998193429,0.943241358017995,0.946546745620224,0.9536704740576,0.972640404695468,0.977790059108151,0.976589449546567,0.975647250127299,0.971262630590995,0.980023683836193,1.00791789436896,1.00639398258634,0.98071850617051,1.02083991477016,1.00536267258445,0.98648272069387,1.00621292853633,1.00848327037292,1.04702247921706,0.972143082354725,0.943130060304812,0.988309639012363,0.995047212977659,1.03901037006309,1.05417532131365,1.02119578893816,1.01775822274964,1.02798242538015,58.6175896871718,58.6178201452712,59.9999931528418,58.617083578031,58.6166461354052,58.617246597747,58.6172588068745,58.6174886394339,58.6169223695845,58.6180399100765
27.4049666425608,310.83382732835,750.718757477241,0,700.243449681177,568.632797324333,722.698183800429,589.297898033678,580.947085519438,898.382027026239,1003.3669333864,230.259197413888,187.723709491803,0,89.3276904170961,132.576858789488,261.635004450638,218.490872902875,24.1572908538766,75.5183365041142,257.774301356873,1.02025594875218,1.00866448840638,0.978856524331025,0.943837429851196,0.94399004802317,0.944468899126826,0.939833868981864,0.94161905804147,1.014514713691,0.943149885689504,0.942742408285094,0.925229430624362,0.943262204924796,0.946570250140265,0.95370093383637,0.972672785336615,0.977820954527512,0.976618472689838,0.975684863744539,0.97130484271674,0.980053808784775,1.00794506023873,1.00642093444161,0.980750540577129,1.02085833220635,1.00539341306458,0.986513397755522,1.00624973384025,1.00852071837886,1.0470368650018,0.972149119051383,0.943149885689504,0.988342986096439,0.995094791137209,1.03903379937565,1.05419605040428,1.02121078727607,1.01779432634015,1.02798682464925,58.617870296582,58.6182475999267,59.9999931528418,58.6173779923432,58.6170052264492,58.6174543381994,58.6174651933093,58.6177800343262,58.6172635504319,58.6182846950978
27.4492124938129,310.854482404119,750.820422092126,0,700.219438918949,568.588435933982,722.662174649443,589.273511812622,580.954391540652,898.329371866746,1003.66012590979,230.217943079678,187.693957089482,0,89.300869875191,132.600900299765,261.612060443611,218.46525757644,24.1444394390209,75.503311582854,257.694320959107,1.02027086184067,1.00868502698124,0.978878885254917,0.94385538983258,0.944003255952421,0.944481326259262,0.939846300751068,0.941631477205725,1.01452285415168,0.943165887375355,0.942757252551843,0.925245128268024,0.943279353228741,0.946590367225925,0.953728832458221,0.972702904084707,0.977849231072522,0.976644808713894,0.975718948736405,0.971342511212741,0.980082948667413,1.00797211264103,1.00644768543736,0.980780714827229,1.02087470832683,1.00542053018322,0.986540891047878,1.00628161364838,1.00855304227666,1.04704965973517,0.972148990740592,0.943165887375355,0.988373332186043,0.995136719705825,1.03905772756211,1.05421662888779,1.02122430829681,1.01782534584532,1.02799060052078,58.6181257162166,58.6185719150048,59.9999931528418,58.6176939721683,58.6174313744624,58.6176712590813,58.617682280339,58.6180606701155,58.6176473884753,58.6185087851071
27.5074411532097,310.865413359722,750.943504824967,0,700.191718845663,568.559075702408,722.589349152147,589.222683330209,580.960663243245,898.286586827541,1003.98792552759,230.174765842997,187.658135573689,0,89.2748579013052,132.619920896027,261.587964191156,218.432867893764,24.1328443681707,75.4876430827505,257.611253247637,1.02028656581977,1.00870598683252,0.978901743385807,0.943872920924841,0.944015026463984,0.944492092912405,0.93985731187999,0.941642583385006,1.01453056901964,0.943180984452638,0.94277094923208,0.925259938491248,0.943295840684165,0.946610449098406,0.953758399179625,0.972735205225896,0.977878865982171,0.976672214652317,0.975753625645954,0.971379592345588,0.980115892590841,1.00800381858302,1.00647894737255,0.980813651458384,1.0208911789024,1.00544684688975,0.986568506530706,1.00631106678362,1.00858258625754,1.04706262265943,0.972143769955164,0.943180984452637,0.988404425099021,0.99517681118051,1.03908655173585,1.05424080017414,1.02123824566348,1.01785320422558,1.02799444421032,58.6184351421966,58.6188349634733,59.9999931528418,58.6181384682073,58.6180554398856,58.6180024327304,58.6180148790319,58.6184168544086,58.6181913443482,58.6187764443812
27.5806624660696,310.848754491549,751.028875158971,0,700.168293175172,568.571392214872,722.485221725282,589.149754819329,580.961829656182,898.280747478487,1004.29542115537,230.139550346251,187.627055699791,0,89.2585860883532,132.619695893568,261.567949168736,218.400830783884,24.1259678018876,75.4716015021625,257.538565801513,1.02029962913351,1.00872196358623,0.978919771444006,0.943887734322526,0.944025721466988,0.944502064198275,0.939867443600989,0.94165276466681,1.01453753571794,0.943194225932488,0.942783133564492,0.925272928374452,0.943310129783603,0.946627444794017,0.953782660635284,0.972761407659175,0.97790205298261,0.976693739503824,0.975778118209308,0.971403379800501,0.980144801043208,1.00803298263759,1.0065076551674,0.980841124674771,1.02090348130963,1.00546352485959,0.986587892646747,1.00632610756437,1.00859681090824,1.04707234578251,0.972141438872052,0.943194225932488,0.988426708241911,0.995200146607499,1.0391138355536,1.05426328024648,1.02124914614433,1.01786517530362,1.02799773668813,58.6188116311082,58.6189740208543,59.9999931528418,58.6187285314574,58.6188589420943,58.6185225903522,58.6185367988945,58.6188547503763,58.6188784738476,58.619077957895
27.6766819600467,310.79041438435,750.975016865905,0,700.160368735888,568.642904896697,722.388206234621,589.084336669498,580.954016850795,898.327899123223,1004.48365710478,230.128553659082,187.62594155748,0,89.2651598604572,132.591033931584,261.561881525233,218.386135188087,24.1292103488336,75.4601569766801,257.502948064729,1.02030387019922,1.00872368704826,0.978923223117608,0.943894407501199,0.944034116326213,0.944510790828564,0.939875842638857,0.941660974153104,1.01454237591493,0.943202160125313,0.942791318500372,0.925280711812424,0.943317810018065,0.94663449021468,0.953788414805145,0.97276637287785,0.977905019901001,0.976696960873103,0.975775722884095,0.971395639509967,0.980153887630593,1.00804417345841,1.00651866536843,0.980847587964069,1.02090405053643,1.0054576691366,0.986585855319458,1.00631146173433,1.00858012923636,1.0470726947194,0.972152812479926,0.943202160125313,0.988425322926685,0.995186662116724,1.03912527268179,1.05427253304166,1.02125065503343,1.0178459422626,1.02799922422736,58.6193422783508,58.6191146145044,59.9999931528418,58.6195104170317,58.6197942824051,58.6193524433592,58.6193660720591,58.619436052501,58.6196737760217,58.6194374415581
27.7727014540237,310.730561117825,750.79050766118,0,700.177644121436,568.729129730959,722.38061662654,589.086109886224,580.946079838012,898.386449300777,1004.37776526734,230.152866134664,187.662484180837,0,89.2948567994467,132.551634713328,261.576460663323,218.405597950986,24.1419538812598,75.459773477453,257.541316110225,1.02029383238557,1.00870633616453,0.978905911807161,0.943885724677148,0.944033032533774,0.944511084646228,0.939875463574091,0.941660258849128,1.01454075695855,0.943197245311601,0.942788079415735,0.925275890383406,0.94331122682649,0.946623628549813,0.953766664145728,0.972741075148862,0.977880743830362,0.976675066116054,0.975742448562283,0.971355834661908,0.980130822645902,1.00802357669517,1.0064984122841,0.980822757220286,1.02088950983297,1.00542951666185,0.986559532967144,1.00627349411488,1.00854029915388,1.04706050042203,0.972172170820233,0.943197245311601,0.988396246411495,0.995139509385367,1.03910715432232,1.05425756227959,1.02123899489063,1.01780492881864,1.0279972989599,58.6199432043602,58.6195360524172,59.9999931528418,58.620244135619,58.6205050586294,58.6202208507932,58.620230053526,58.6200374815983,58.6202844588619,58.6197908667789
27.8687209480007,310.710809572676,750.629601751757,0,700.212132810261,568.785668786341,722.451726229369,589.146682289133,580.951001057907,898.404967703901,1003.96052770242,230.20223855097,187.705983484128,0,89.3342143811442,132.522539418873,261.604980066099,218.448162975492,24.1587802468793,75.4697144821759,257.656814823356,1.02027204699011,1.00867592329518,0.978873074687171,0.94385970380248,0.944014383808272,0.944493657862822,0.939857971429095,0.941642754331869,1.01452917867593,0.943174271720782,0.942766901081068,0.925253353305722,0.943286473661813,0.946594271092873,0.953725153464645,0.972696044417893,0.977839231436792,0.976636405362977,0.975693281900535,0.971302427372246,0.980085667202139,1.00798042419929,1.00645588779954,0.980777122061292,1.02086489980641,1.00539268815883,0.986520925241871,1.00623257809606,1.00849895334961,1.04703949992749,0.972174129131733,0.943174271720782,0.988352567267941,0.995081051283844,1.03906775645941,1.05422464395535,1.02121772758617,1.01776449181509,1.02799182995002,58.6205809397463,58.6203676095403,59.9999931528418,58.6208759629909,58.6210095315603,58.6209511071504,58.6209549434311,58.6206400199632,58.6207381886727,58.6201819467264
27.9647404419778,310.741812331063,750.630796365151,0,700.249888777623,568.801292414831,722.537446765524,589.217977417887,580.972855243669,898.368671850608,1003.31239426198,230.263088606183,187.722937801153,0,89.3712873459354,132.509649531529,261.637576251253,218.493061974138,24.175422363367,75.4864777125054,257.833999314059,1.02024351871215,1.00863997394375,0.97883221898215,0.943817770335351,0.943973916960135,0.944453138183192,0.939818840648472,0.941604339050903,1.01450642097394,0.943131851246413,0.942725118452718,0.925211738847823,0.943243435154233,0.946549548599287,0.953675322271282,0.972645299805456,0.977792746806452,0.976591636839407,0.975642826722674,0.971250803522699,0.980034309519276,1.00793095217449,1.00640695558789,0.980725518090853,1.02083608423936,1.00535801491197,0.98648140403285,1.00620154055445,1.00846918260911,1.04701461310635,0.972137384124327,0.943131851246413,0.988307250222127,0.995027644047612,1.03902251178381,1.05418567603485,1.02119173475254,1.01773749745061,1.02798346428102,58.6211772392108,58.6213883906858,59.9999931528418,58.6213804222772,58.6214050787402,58.6214438828349,58.6214458413645,58.6211992623054,58.6211341515405,58.6206498072808
28.0191228704992,310.774321119339,750.718895818618,0,700.267309901582,568.797965423057,722.56675106525,589.244017387836,580.990483860853,898.331462058844,1002.90431684544,230.297547227659,187.714266875352,0,89.3884961111917,132.506972586239,261.654290127454,218.51262433079,24.183732103435,75.4969945865511,257.948127001205,1.02022677893699,1.00861988279756,0.9788086051058,0.943789494543482,0.943943083091021,0.944421565900384,0.939788756023285,0.941575002754899,1.01448979421061,0.943101444664414,0.942694358268265,0.925181910010317,0.943213393184576,0.946520360855351,0.953647723957858,0.972618673097312,0.977768156897307,0.976567247364801,0.975617381029127,0.971225501284844,0.980007974861537,1.00790587975097,1.00638205103184,0.980698650079041,1.02081991549219,1.00534134750334,0.986461438651468,1.0061892705425,1.00845810533942,1.04700064705405,0.972098539629582,0.943101444664414,0.988284196503816,0.995002197722238,1.03899976916672,1.05416531731556,1.02117677924344,1.01772840354358,1.02797804162077,58.6214700657086,58.6219054341969,59.9999931528418,58.6216108788062,58.6216158151186,58.6216216756905,58.6216252262632,58.6214811724861,58.6213687204764,58.6209579076629
28.0735052990207,310.805557424699,750.8482338873,0,700.278205251738,568.79377977786,722.569283262747,589.250034909358,581.00745925797,898.293932500627,1002.53081082942,230.328153037537,187.694585012875,0,89.4020753878192,132.503837315053,261.667255453606,218.524485635547,24.1906494037584,75.5061989094163,258.0567993409,1.020211635728,1.00860189031637,0.978787111279475,0.943761575560165,0.943910907986359,0.944388311820408,0.939757263870015,0.941544387464792,1.01447281001898,0.943070563807648,0.94266273681405,0.925151615909721,0.943183262873905,0.946492069839092,0.953623553901711,0.972596237291879,0.977747086153099,0.97654591001762,0.975595830542948,0.971203985574681,0.979986674220852,1.0078860813603,1.00636229531085,0.980676318362314,1.02080523297495,1.00532714573324,0.986444369911836,1.00617946929897,1.00844946035708,1.04698807636086,0.972053076448984,0.943070563807648,0.988264558168807,0.994980432990254,1.03898206475086,1.05414875996503,1.02116303464428,1.01772158680426,1.02797282875027,58.6217219038026,58.6222745649578,59.9999931528418,58.6218099867287,58.6218303582354,58.6217565961086,58.6217636784686,58.6217328199891,58.6216244164305,58.6212979131308
28.1160808823878,310.823483188724,750.956042996965,0,700.28145984738,568.793462191344,722.552846220347,589.241096274042,581.01823136039,898.270384972566,1002.29408637501,230.347762777609,187.675057978908,0,89.4100593040922,132.499471513432,261.674064266113,218.528367531807,24.194820657963,75.5115228114029,258.129397956174,1.02020186191895,1.00859009668402,0.978772913323885,0.943742169763871,0.943887779793887,0.944364272200462,0.939734599609432,0.941522401469731,1.01446081434566,0.943048732183707,0.942640211766507,0.925130199100641,0.943162131024483,0.946472669753254,0.953608173369944,0.972582381300853,0.977733775380449,0.976532223421502,0.975582006164954,0.971189811055112,0.979974225700348,1.00787489731607,1.00635107759834,0.980662774900396,1.02079538467407,1.0053176490275,0.986433285666322,1.00617251824198,1.00844318186006,1.04697978296558,0.972018115638569,0.943048732183707,0.988251885135187,0.994965657153276,1.03897222951652,1.05413905183629,1.0211537221916,1.01771637896641,1.0279693032783,58.6218934400166,58.6224371497934,59.9999931528418,58.6219504305719,58.6219999604857,58.6218521982378,58.6218630137779,58.6219108002129,58.6218372876747,58.6215835994077
28.158656465755,310.831677866128,751.048014027039,0,700.280050335431,568.797477875498,722.523668677391,589.222773110251,581.025314244667,898.255775825338,1002.13058902699,230.362192736932,187.655891649655,0,89.4156506894949,132.492666188152,261.677454077144,218.528015405263,24.1976007141165,75.5143818675924,258.183895504925,1.02019466437815,1.00858098618267,0.978761973614979,0.943726876681799,0.943869216749664,0.944344911384657,0.93971641478842,0.941504790724026,1.01445134605753,0.943031380032997,0.942622227436089,0.925113176651956,0.943145415656613,0.946457535546266,0.953596752142165,0.972572274303454,0.977723779274877,0.976521862363306,0.975571132495334,0.971178119105036,0.979965780644192,1.00786766217411,1.00634377558417,0.98065312226781,1.0207875015899,1.00530960120127,0.986424440322684,1.00616563208727,1.00843662346457,1.04697330697452,0.971988807244866,0.943031380032997,0.988241848592792,0.994952858877457,1.0389659801479,1.05413243242121,1.02114617703705,1.01771039233511,1.02796660946072,58.6220490599971,58.6224930784271,59.9999931528418,58.6220834096828,58.6221665330317,58.6219548805877,58.6219696721049,58.6220764191453,58.6220545256255,58.6218820689108
28.2012320491221,310.828513381303,751.107831232886,0,700.274472565879,568.805808520401,722.486874807395,589.198909318777,581.02803844053,898.251284979341,1002.05546549099,230.37044352822,187.640445557497,0,89.4187513239088,132.483538500052,261.67722882346,218.52428572333,24.1987134145271,75.5142756511096,258.215290092415,1.02019055046378,1.00857505891872,0.978754986591943,0.943717146122352,0.94385728382746,0.944332428786484,0.939704755059806,0.941493525551576,1.01444542912445,0.943020307029004,0.942610710534918,0.925102314042153,0.943134789110335,0.946448018770326,0.953589844630471,0.972566195451799,0.977717454291514,0.976515304910567,0.975563472043788,0.971169179863263,0.979961359155858,1.00786423843383,1.0063402778219,0.9806475554767,1.0207819949335,1.00530320290146,0.986418102403071,1.00615877268992,1.00842968526334,1.04696897939875,0.971969096643966,0.943020307029004,0.98823469291244,0.994942321005132,1.03896308297739,1.0541288724022,1.02114076898843,1.01770343124312,1.02796499404587,58.622196883386,58.622467726628,59.9999931528418,58.622213998896,58.6223249389014,58.6220745547571,58.6220929115445,58.6222350547908,58.622267606227,58.6221881525162
28.2438076324892,310.814112179403,751.125461697417,0,700.265700771358,568.817240748637,722.448246667531,589.173712760957,581.026453196115,898.256047543622,1002.07649391021,230.371605782211,187.630627046902,0,89.4191171590327,132.472807460717,261.673002719984,218.51779803029,24.1978126365038,75.5108614409,258.220347053557,1.02018986121636,1.00857278754984,0.978752607378208,0.943714184415955,0.943853623749275,0.944328570418074,0.93970122870142,0.941490148601386,1.01444381454619,0.943016976355366,0.942607214470524,0.925099046653903,0.943131623588651,0.946445260752095,0.953588014108496,0.972564503889158,0.977715244583577,0.976513071009511,0.975559464547158,0.971163527073182,0.979961056394383,1.007864561851,1.00634054348046,0.980646347894757,1.0207792859692,1.00529893935237,0.986414740964936,1.00615245002253,1.00842287022343,1.04696710491861,0.971962117652227,0.943016976355366,0.988230812931204,0.994934687654156,1.03896338026223,1.05412840321482,1.021137844157,1.01769595271211,1.02796462641335,58.6223455843531,58.6224002855656,59.9999931528418,58.6223464424659,58.6224707982022,58.6222161945528,58.6222370951748,58.6223925065181,58.6224678305865,58.6224959479814
28.2863832158563,310.790327648225,751.096547554411,0,700.254462777405,568.829378508177,722.412495674158,589.15069138944,581.021115829879,898.267013534073,1002.19301088215,230.365619594839,187.629202536937,0,89.416748597754,132.461825385029,261.665643265165,218.509914850266,24.1948756591106,75.5043722266816,258.198346289634,1.02019266223157,1.00857420000444,0.978754719571269,0.943717804545209,0.943858091783161,0.944333188575003,0.939705723315701,0.941494562849763,1.01444655157639,0.943021186634991,0.942611553925826,0.925103176935083,0.943135702975034,0.946449012684827,0.953590921445639,0.972566869737517,0.977716962965573,0.976514993187521,0.975559166277077,0.971161473314449,0.979964304548794,1.00786794695522,1.00634389705835,0.980649082299241,1.0207794218732,1.00529711221408,0.986414444902452,1.00614737796049,1.00841697785927,1.04696768300996,0.971967699980292,0.943021186634991,0.988230261410345,0.994930559023208,1.03896618268129,1.0541304707477,1.02113744054942,1.01768883655641,1.02796554237639,58.6225031119039,58.6223380229392,59.9999931528418,58.6224839900665,58.6226019233513,58.6223798722018,58.622401780217,58.6225541848577,58.6226482804225,58.6227993251661
28.3289587992234,310.760256040941,751.027609480407,0,700.241730493717,568.839566873622,722.382913967318,589.131964157458,581.013093516794,898.279967305368,1002.39622530372,230.352280455233,187.635006703268,0,89.411309421321,132.451959439363,261.65502945913,218.500774521799,24.1896971031883,75.4948029061274,258.150975958565,1.02019882192264,1.0085794594831,0.978761483699345,0.943727979995452,0.943870522003647,0.9443461017112,0.939718042518494,0.941506568027685,1.01445344987855,0.943032837682549,0.942623603032658,0.925114606604635,0.943146952404161,0.946459263031136,0.953598709333254,0.972573496152322,0.977722894892802,0.976521309794209,0.975563085333823,0.971163765710884,0.979971148194501,1.00787434692121,1.00635029324367,0.980655907866051,1.02078261395193,1.00529849674368,0.986417778522645,1.00614490050887,1.0084134644981,1.04697080851463,0.971985603718936,0.943032837682549,0.98823349057638,0.994930951635046,1.03897141193601,1.05413503479682,1.02113969051272,1.01768362521985,1.02796767705272,58.6226755035142,58.6223273556382,59.9999931528418,58.6226289175112,58.6227192118569,58.6225618782376,58.6225830011191,58.6227244272632,58.6228054087406,58.6230924558936
28.3863804074238,310.717386753833,750.896704008351,0,700.22381694524,568.845951191519,722.355803000715,589.115405599693,581.000798999748,898.292179231415,1002.77693813804,230.32316412945,187.649255764604,0,89.3985891381255,132.442713219352,261.635805782047,218.486546719682,24.1790874495023,75.4772632367135,258.054514945922,1.0202117609305,1.00859249892204,0.978777608339486,0.943750629634449,0.943897561535928,0.944374150500321,0.939744677645333,0.941532479575437,1.0144680122286,0.943058390029464,0.94264994113104,0.925139673441019,0.943171710311521,0.946482048921609,0.953616668876767,0.972589271539741,0.97773775535233,0.976536773871543,0.975575701111422,0.971174821684116,0.979986096640353,1.00788774526888,1.00636372799667,0.980671660351307,1.02079180749019,1.00530674744507,0.986428839475894,1.00614826687925,1.00841535876186,1.04697894256815,0.97202466796726,0.943058390029464,0.988244392593108,0.994940207785558,1.03898230897452,1.05414514175022,1.02114688610535,1.01768271958962,1.02797214349901,58.6229364634049,58.622455436927,59.9999931528418,58.6228380300119,58.6228637296834,58.6228247277738,58.6228423368394,58.6229718473003,58.6229827549767,58.6234625776075
28.4319660375179,310.686702265904,750.784865947544,0,700.209222214504,568.842259660306,722.343141905959,589.107983565302,580.991570499599,898.290996630594,1003.13850349737,230.292284064952,187.662830722311,0,89.3844096916407,132.440512159394,261.617348598067,218.473662382069,24.1681810987191,75.4613152033604,257.958595060422,1.02022506986086,1.00860699374011,0.978795003287515,0.943773544780581,0.943924152722523,0.944401628483514,0.939770792780677,0.941557902293573,1.0144823453142,0.94308380427047,0.942676001735356,0.925164604795072,0.943196469438251,0.946505194000186,0.953635885737141,0.972606678048403,0.977754485689624,0.976553883935151,0.975591377204127,0.971189999118678,0.98000209331547,1.00790186959436,1.00637789234407,0.980688852996256,1.02080254267507,1.00531860154972,0.986442745600105,1.00615736080834,1.00842342655624,1.04698808002317,0.972061803762118,0.94308380427047,0.98825811266323,0.994954832303668,1.03899384434811,1.05415601441261,1.02115551419603,1.01768841311041,1.02797663785904,58.6231662289656,58.6226947064812,59.9999931528418,58.6230157837265,58.6229769366283,58.6230389154555,58.623052373969,58.6231833392143,58.6231030622586,58.6237309582239
28.4775516676121,310.663541831814,750.691913244554,0,700.194279572141,568.829770239767,722.334913133579,589.103012989029,580.984364209664,898.275883781666,1003.52083484848,230.256238188243,187.67353723669,0,89.366924609081,132.443463704273,261.596865294589,218.459138040774,24.1556058402774,75.4443713107713,257.854770565269,1.02024008823738,1.00862433575564,0.978815297716481,0.943798449032913,0.943951958257975,0.944430195078625,0.939798006166745,0.941584429913034,1.01449741721012,0.943110830199875,0.942703504885305,0.92519111721442,0.943223008260011,0.946530552822148,0.953658403844685,0.972627741205663,0.977774915956435,0.976574420466998,0.975611673953047,0.971210601315286,0.980021308262552,1.00791881196714,1.0063948617554,0.980709596326477,1.02081573207084,1.0053351894514,0.986460922373221,1.00617296275588,1.00843831211609,1.04699904196528,0.972098317228058,0.943110830199875,0.988275971356977,0.994975824782848,1.03900781151895,1.05416913987754,1.02116620591636,1.01770102602951,1.02798153219029,58.6234113872925,58.6230504031036,59.9999931528418,58.6232043990939,58.6231012261119,58.623251343519,58.6232603345464,58.6234063887095,58.6232186189783,58.6239738337609
28.5231372977062,310.65022668295,750.635814381405,0,700.178597565061,568.809162861434,722.326896427633,589.097483578112,580.980009441233,898.245541513689,1003.89706461912,230.217034615235,187.678664630898,0,89.346947968798,132.451393535875,261.57546257477,218.443087833795,24.1421033041655,75.4276096701867,257.75049063414,1.02025593561831,1.00864346433175,0.97883704239711,0.943822881022957,0.943977766366836,0.944456458348321,0.939823174911586,0.941609040350268,1.01451173306874,0.943136543860783,0.942729377875012,0.925216342297776,0.9432485527522,0.946555729481866,0.953682748855343,0.972651333596256,0.977797902863722,0.976597125390046,0.97563556466894,0.971235594156719,0.980042902711679,1.00793795514511,1.00641400003675,0.980732845520343,1.02083053543519,1.00535575953767,0.986482450137444,1.00619463881253,1.00845967497497,1.04701111569807,0.972128497879614,0.943136543860783,0.988297063051443,0.995002136735216,1.03902378833059,1.05418398689032,1.02117826725302,1.01772039216646,1.02798646340589,58.6236648597692,58.6234914687844,59.9999931528418,58.6234044833934,58.6232478645532,58.6234599121275,58.6234649087882,58.6236375816792,58.6233443270195,58.6241906991165
28.5687229278004,310.646952232649,750.629611591182,0,700.162061158333,568.782600306545,722.315400287235,589.088751354826,580.978669971541,898.2017152114,1004.24415152631,230.17671714536,187.673537769342,0,89.325303947742,132.463219516542,261.553445600532,218.425170046052,24.1283768782892,75.4113915737991,257.653996669255,1.0202715447159,1.00866340588245,0.978859254298497,0.943845602552777,0.944000076012341,0.944478877842583,0.939844771302779,0.941630217089242,1.01452421123371,0.943159576230404,0.942752198945338,0.925238937037664,0.943271785786556,0.946579530367926,0.953708041760031,0.972676670283015,0.977822591802454,0.976621092288282,0.975662058116362,0.971263801093014,0.980066358755197,1.00795897487629,1.00643497352409,0.98075789647902,1.02084620870866,1.00537943371404,0.986506466618651,1.00622145520421,1.00848659189725,1.04702370214906,0.972150452389126,0.943159576230405,0.988320520981993,0.995032383139511,1.03904158995922,1.05420030500073,1.02119107380834,1.01774566877387,1.02799104021792,58.6239184591502,58.623968560679,59.9999931528418,58.6236169499058,58.6234262213464,58.623666393064,58.6236685086268,58.6238727613446,58.6234948991197,58.6243827592476
28.6143085578945,310.652381862579,750.672303001753,0,700.144752004719,568.753199542611,722.298287584312,589.075650605158,580.980087087286,898.148581492304,1004.54576731543,230.137603415865,187.658785522298,0,89.3034656944082,132.47752927159,261.532048711664,218.406259620194,24.1153570180993,75.396752639762,257.570085236829,1.02028609707535,1.00868284376003,0.978880410122389,0.943864942790549,0.944017143528904,0.94449566617751,0.939861130346283,0.941646352488404,1.01453405990957,0.943178174550759,0.942770205021997,0.925257181978592,0.943290965863683,0.946600239225083,0.953732617855339,0.972702127996784,0.977847332881853,0.976644709436409,0.975689322282737,0.971293162446121,0.980090302937441,1.00798071984789,1.00645663417837,0.98078319071265,1.02086164973537,1.00540438081689,0.98653122435915,1.00625113085246,1.00851672150192,1.04703592846698,0.972161757862872,0.943178174550759,0.988344722851677,0.995064242921624,1.03906027439218,1.05421721925432,1.02120374447286,1.01777456215093,1.02799502187054,58.6241644249127,58.6244249497366,59.9999931528418,58.6238427233384,58.6236421541158,58.6238754272961,58.6238760716411,58.6241078088687,58.6236820757861,58.6245525687189
28.6708839663555,310.665999872103,750.776155684183,0,700.122469311453,568.717578361593,722.2679264944,589.052829616393,580.984198456091,898.07795045147,1004.84271698365,230.094941755412,187.631324703053,0,89.2789503814797,132.496508203674,261.508687827904,218.383509973345,24.1018966661902,75.3828353847763,257.489782719092,1.02030131703533,1.00870398444191,0.978902777320028,0.943882478024616,0.944029917995767,0.944507655972982,0.939873146534763,0.941658366377027,1.0145420052999,0.943193616087689,0.942784528478991,0.925272330117087,0.943307515644048,0.946619660677433,0.953759281147404,0.972730822758191,0.97787505014769,0.976670683330278,0.975720739694657,0.971327267784472,0.980117874651242,1.00800617726524,1.00648194279299,0.980811895494071,1.02087850640543,1.00543345158315,0.986559592861085,1.00628712669499,1.00855360120299,1.04704913205672,0.972161485346724,0.943193616087689,0.988372730559807,0.995101571197762,1.03908249970021,1.05423703418913,1.02121768742332,1.01781051173339,1.02799880771855,58.6244506374249,58.6248880408663,59.9999931528418,58.624142559045,58.6239643260107,58.6241479526771,58.6241483297268,58.6243944941726,58.6239750747548,58.6247378277303
28.7274593748165,310.681660762472,750.906480444708,0,700.102578966043,568.690270408972,722.233010730877,589.027061931402,580.990326121142,898.01661931942,1005.05050258004,230.059636078536,187.596757346737,0,89.2585523543605,132.512025827324,261.488761079496,218.362868199967,24.0911655800469,75.3704961473358,257.432046766833,1.02031330275766,1.00872135198292,0.978920870244191,0.9438946605325,0.944036525599811,0.944513277236958,0.939879105143325,0.941664482329997,1.01454662733931,0.94320318197191,0.942792824186456,0.925281714243524,0.943318341537861,0.94663372151673,0.953781451160556,0.972755377051784,0.977898608363919,0.976692434134676,0.975747818389289,0.971356675551249,0.980141984338464,1.00802879892873,1.0065044179716,0.980836634498626,1.02089264501498,1.0054587200739,0.986584017706942,1.00631898806898,1.00858636775747,1.04705990193818,0.972152493399837,0.94320318197191,0.988396964878475,0.995133800561312,1.039102501882,1.05425477748498,1.02122944725517,1.01784266639606,1.02800154317489,58.6247115615838,58.6251851828522,59.9999931528418,58.6244627619639,58.6243388690269,58.6244428279374,58.6244438231228,58.6246718962666,58.6243325646932,58.6249015855271
28.8057342640631,310.693095311189,751.045865097205,0,700.0818338127,568.671899565421,722.187079042306,588.99449799609,580.997702665079,897.962823449597,1005.19890326291,230.032722862464,187.560923708932,0,89.2441669628669,132.526261349423,261.473824556333,218.345712684104,24.0852812074366,75.3637043233871,257.398111766396,1.02032168871003,1.00873360825788,0.978933047307358,0.943899844628768,0.944035458991591,0.94451100352592,0.939877643939442,0.941663402504898,1.01454738631579,0.943205228319439,0.942793481005538,0.925283721708942,0.943321773742901,0.946640708580264,0.953797449626048,0.972774224860735,0.977916240520021,0.976708219622979,0.975769083907004,0.971379731756299,0.98016138138895,1.00804758327649,1.00652306463603,0.980855931826685,1.02090247600268,1.00547767411793,0.986602320296223,1.00634348714439,1.00861168576485,1.04706715839523,0.972132731917952,0.943205228319439,0.988416292640013,0.995159105843624,1.03911947218461,1.05426971162184,1.02123791243908,1.01786769002715,1.02800306441363,58.6250366046602,58.6253322231555,59.9999931528418,58.6249289800111,58.62490951377,58.6248899626185,58.6248908360117,58.625038612226,58.6248973947175,58.6251071434467
28.9060239728884,310.682292891903,751.071901291366,0,700.076772121868,568.688932116663,722.159324445362,588.976165542813,581.004444193179,897.967138046021,1005.18405927995,230.031632788016,187.546926456326,0,89.2485642827343,132.523521681122,261.472298025727,218.34439213284,24.0889743582696,75.3613555049366,257.409288441452,1.02032032271403,1.00873129453962,0.978930692467267,0.943896059517394,0.944030277255444,0.944505490046735,0.939872556834594,0.941658516289203,1.0145449161199,0.943200712288009,0.942788647887634,0.925279291485099,0.94331757558508,0.946637311343618,0.953796250003548,0.972773790550922,0.977914998898075,0.976706576112308,0.975768464937406,0.971378430653786,0.980162313140182,1.00804932762837,1.00652488006982,0.980855980877106,1.0209006793643,1.00547493006981,0.986600239083562,1.00633935095565,1.00860722373172,1.04706483544598,0.972122183594889,0.943200712288009,0.988416339441936,0.99515720471664,1.03912135820899,1.05427179002252,1.02123678007849,1.01786280598947,1.02800244988785,58.6254241365279,58.6253123767657,59.9999931528418,58.6255281397049,58.6256420605089,58.6254923405446,58.6254897292443,58.6254850497678,58.6256259857376,58.625360387342
29.0063136817137,310.649531551028,750.928837221439,0,700.094796532973,568.740512234956,722.173086931686,588.988049147964,581.008470327957,898.032908904693,1004.96913756488,230.064962160158,187.574974078467,0,89.2758430489554,132.501071381596,261.48982155068,218.365794285544,24.1032087047806,75.366531075014,257.474707225812,1.02030659901174,1.00871036306049,0.978909602815821,0.943881741536837,0.944021937740875,0.944498178293416,0.939864978178708,0.94165080955137,1.01453934442473,0.943189289396835,0.942778552008363,0.925268085636224,0.943304834882418,0.94662117456462,0.953771773762723,0.97274682127027,0.977888431890546,0.976681819333665,0.975738003625351,0.971344376137467,0.980136841840318,1.0080259958708,1.00650187004167,0.980829195515501,1.02088365257249,1.00544451269054,0.986571631012524,1.00629959241232,1.00856585368498,1.04705044186914,0.972129514623444,0.943189289396835,0.988389720963527,0.995119054279577,1.03910065840514,1.05425424881232,1.02122264315102,1.01782096855423,1.02799928152882,58.6258190052566,58.6254353848595,59.9999931528418,58.6260737554621,58.6262720131911,58.6260521253301,58.6260449725652,58.6259128754122,58.6262198947122,58.6256309239782
29.1377339195643,310.614887947966,750.720632100383,0,700.132705252511,568.821040013184,722.217513535212,589.022603682836,581.016727167132,898.12179304705,1004.44839355604,230.136248903276,187.629401651573,0,89.3260295612686,132.458333946355,261.526320824532,218.408603952402,24.1272320212915,75.3791405796359,257.625844803316,1.02027739768015,1.00866809692298,0.978865529873628,0.94384782662988,0.943997724353606,0.944475558620903,0.939842309786952,0.941628134645546,1.01452433254264,0.943159715513247,0.942751230353139,0.925239073675497,0.943273028049115,0.946583584273643,0.953719516379405,0.972690240324774,0.977833955427717,0.976630768398363,0.975674964710628,0.971275005984019,0.98008241678944,1.00797535891456,1.00645178337853,0.980772651642803,1.02084899116381,1.00538781632275,0.986516188991753,1.00622987422382,1.00849407632314,1.0470217700238,0.972131430749377,0.943159715513247,0.988333724741374,0.995042175651055,1.03905534149958,1.05421485045988,1.02119273042903,1.01774930560327,1.02799203992294,58.6263681291493,58.6261689388611,59.9999931528418,58.626637147306,58.6268382439618,58.6266131345407,58.6266057211628,58.6264456618713,58.6266834185047,58.626058108638
29.269154157415,310.617680963554,750.740570610878,0,700.158029047445,568.873596009626,722.233896982783,589.037586338948,581.032038043107,898.127379898344,1003.81663339585,230.204693448913,187.643555152612,0,89.3677673618977,132.422086370713,261.557211744373,218.442276960929,24.1455654499783,75.3932743064911,257.811575126762,1.02024716885742,1.00862769687975,0.978820465014964,0.943802044777788,0.943953190433589,0.944430857246483,0.939799316858637,0.941585999270017,1.01449972089442,0.943113417823803,0.942705477406915,0.925193655671971,0.943226205727915,0.946535300183495,0.953666753673944,0.972636532029265,0.977783066137597,0.976581707847039,0.975616456003537,0.97121151968166,0.980031427720144,1.00792811333199,1.00640493903194,0.980719225613076,1.02081550392467,1.00534275625907,0.98646888084314,1.00618207092765,1.0084462423616,1.04699409531244,0.972088765456768,0.943113417823803,0.988281136594208,0.994972515026185,1.03901296261638,1.05417697654108,1.0211625327651,1.01770312650499,1.0279831122684,58.6269011887632,58.627210536187,59.9999931528418,58.6270305833853,58.6271415940795,58.626985596742,58.6269854686565,58.6269276942078,58.6269053485403,58.6265991383669
29.3394086926384,310.633223208295,750.867182171276,0,700.160017637468,568.881277226038,722.2198811009,589.029591933083,581.041918090369,898.086447388683,1003.52617631422,230.22855626364,187.624343253099,0,89.3798344679787,132.410855345783,261.564903905079,218.45003782,24.1497841210327,75.3990879003492,257.900436369944,1.0202351486581,1.00861305230414,0.978802524376709,0.943777970557133,0.943925004039905,0.944401638843089,0.939771739799277,0.941559232123081,1.01448510317257,0.943086515048068,0.942677850514536,0.925167264066347,0.943200035264789,0.946510930903129,0.953646258755143,0.972617522832423,0.977765407486013,0.976563875215814,0.975596368369634,0.971190079907674,0.980013927138959,1.00791209048761,1.00638902631181,0.980700522250476,1.02080312492313,1.00533128276325,0.986454825860782,1.00617470179075,1.00843986872292,1.04698377550757,0.972047674516374,0.943086515048068,0.98826281216997,0.994949250259125,1.03899847525114,1.05416361948913,1.02115067815853,1.01769811711256,1.02797880132369,58.6271527504251,58.627639345553,59.9999931528418,58.627191713842,58.627239334227,58.627142020067,58.6271465791608,58.6271570681192,58.6270092556116,58.6269370504064
29.4096632278618,310.647857767147,751.015448853913,0,700.154976672127,568.876313071242,722.196411841434,589.01487866855,581.050569949447,898.030379416206,1003.35596074279,230.237952682496,187.5942849341,0,89.382936038484,132.405753171265,261.564097447822,218.45015838498,24.1490605439005,75.4012740713226,257.95710048457,1.02022894810543,1.0086062046287,0.978792840651876,0.943760835152291,0.943902387823736,0.944377771303936,0.93974946822417,0.941537740041834,1.01447388821972,0.94306598589357,0.942656265003826,0.92514712497898,0.943180566622143,0.94649411640282,0.953635452363948,0.972608764406476,0.977757635591556,0.976555409716163,0.975587359110007,0.971180633660114,0.980006213294843,1.00790505605506,1.00638206848059,0.980692054622894,1.02079699828274,1.00532973876146,0.986450630449522,1.00617917368602,1.00844557898595,1.04697859206695,0.972008046347606,0.943065985893569,0.988254306980023,0.994939050557006,1.03899177287227,1.05415731913207,1.02114407325881,1.01770493970057,1.02797600129344,58.6273703449672,58.6278273720395,59.9999931528418,58.6273396190393,58.6273332010982,58.627299988028,58.6273070539206,58.6273658861686,58.6271607527993,58.6272992756934
29.4650905952946,310.652460432657,751.104291384292,0,700.147300399302,568.866140527512,722.176750721351,589.002057641406,581.05458400383,897.98678879403,1003.34135058453,230.234194792449,187.571493015063,0,89.3795223335704,132.405128417289,261.557546626594,218.445608775895,24.1451301647559,75.399547723897,257.968663942519,1.02022896369995,1.00860672750495,0.978792052747588,0.943755373096314,0.943893302189637,0.944367899467253,0.939740444841786,0.941529123750257,1.01446979541714,0.943058412662978,0.942647959975084,0.925139695644579,0.943173725473026,0.94648912461778,0.953634696283646,0.972609339102134,0.977758653011243,0.97655581603242,0.975588013499973,0.971181398020186,0.980007026512537,1.00790570421919,1.00638276935558,0.980692760525774,1.02079690276181,1.00533433820269,0.986453678510978,1.00618826358281,1.00845548786715,1.04697842893548,0.971987588254373,0.943058412662978,0.988254529967899,0.994939788679027,1.03899178721987,1.05415728774084,1.02114297577929,1.01771524699159,1.02797536272655,58.6275220883532,58.6278115471,59.9999931528418,58.6274544977004,58.6274191835809,58.6274324117612,58.6274392567809,58.6275196182115,58.6273229221855,58.6275927455528
29.5205179627274,310.647422971526,751.139045249206,0,700.137851031611,568.854229733767,722.16089970014,588.991303970548,581.05537801475,897.954143265819,1003.44931027559,230.22008214889,187.55451509531,0,89.3712822485852,132.405722919438,261.545726276574,218.437421850078,24.1381873100494,75.3929154424624,257.944626874655,1.02023370436984,1.0086127402414,0.978798151423459,0.94375960750628,0.943895826207082,0.944370105108355,0.939742789339333,0.94153152524519,1.01447163455292,0.943061811852215,0.942650976008469,0.925143030248127,0.943177503430688,0.94649387045579,0.953641615397159,0.972616748274474,0.977766158259212,0.976562893127627,0.975595317459034,0.971188963079955,0.980013975140934,1.00791176756709,1.00638889064353,0.980700153548574,1.02080126791039,1.00534320155644,0.986461923664321,1.00620008143448,1.00846769101577,1.04698193531461,0.971984663550888,0.943061811852215,0.988260704567062,0.994947553733955,1.03899638572497,1.05416162779623,1.02114579273227,1.01772709445722,1.02797643739697,58.6276649240196,58.6277090106752,59.9999931528418,58.6275723518425,58.6275232429109,58.6275712006448,58.6275761663124,58.6276692291482,58.6275168113509,58.6278823231284
29.5759453301601,310.632138416995,751.106192948042,0,700.125976683231,568.842352080771,722.148621698601,588.982518208642,581.05240350371,897.935298690599,1003.67669981512,230.198216224143,187.551080099106,0,89.3599514210539,132.407414034592,261.531222516564,218.427310004715,24.129684317633,75.3840115690365,257.887063678372,1.02024253497642,1.0086227515737,0.97880934254996,0.943771854729561,0.943908519632638,0.944382948181716,0.939755209342976,0.941543715956156,1.01447897997026,0.943074552590138,0.942663741098888,0.925155528902762,0.94319021495045,0.946506539579853,0.953654120088893,0.972628889666876,0.977778021117216,0.976574618030826,0.975607146828353,0.971201053679848,0.980025129993397,1.00792152906601,1.00639870542245,0.980712159672984,1.02080865968429,1.00535378342359,0.986473008522351,1.00621134830623,1.0084788013323,1.04698810470544,0.9719978186979,0.943074552590138,0.98827097485318,0.994959896338574,1.03900414581126,1.05416895140909,1.0211514320479,1.01773712023203,1.02797909181442,58.6278089143486,58.6276043570821,59.9999931528418,58.62769632982,58.6276470915099,58.6277126321563,58.6277147072513,58.6278208435966,58.6277280997381,58.6281579308754
29.6431940228023,310.60249872281,750.99832517603,0,700.107936623062,568.830219516111,722.13485027757,588.971415938776,581.044521494756,897.930531159928,1004.07986985277,230.162867692844,187.559638451887,0,89.3425499358412,132.409380080703,261.509791671066,218.411314406037,24.1174398817308,75.3686560877647,257.781472334489,1.02025760029763,1.00863956563481,0.978829215102652,0.943796719891681,0.943936533390349,0.944411753863084,0.939782676395322,0.941570497381746,1.01449424445803,0.943101690438453,0.942691396061803,0.925182151114375,0.943216826788036,0.946531876525311,0.953676459134977,0.972649720081315,0.977797954808513,0.976594686555273,0.975627056220965,0.971221076069731,0.980044303993045,1.00793849703858,1.00641570723818,0.980732743899521,1.02082128471216,1.00536877284667,0.98649005301396,1.00622432630275,1.00849090845694,1.04699872616302,0.972034527077128,0.943101690438453,0.988288486035262,0.99498007719945,1.03901808116513,1.05418193985442,1.02116164181241,1.01774698565061,1.0279840219753,58.6279988198977,58.6275958338457,59.9999931528418,58.6278607127972,58.6278221415072,58.6278850013876,58.627883444935,58.6280164401563,58.6279840304781,58.628460454534
29.7104427154444,310.567836463805,750.858650989291,0,700.085753414409,568.821384079203,722.116567889212,588.956041204534,581.034644424939,897.938910204752,1004.5631877342,230.121071121432,187.577213502391,0,89.3223266135657,132.410802776894,261.486082337586,218.391904049541,24.1039759689469,75.3496283893779,257.650677459902,1.02027590483352,1.00865970793164,0.978853327913795,0.943827529006556,0.943971584984357,0.944447846206031,0.939817087722871,0.941604049958869,1.01451343646292,0.943135526784131,0.942725933335877,0.925215344544479,0.943249951553896,0.946563270513459,0.953703882912553,0.972675223462443,0.977822015877369,0.97661895439912,0.975651350276504,0.971245355361916,0.980068110273002,1.00795989211446,1.00643708571438,0.980758043322639,1.02083652786925,1.0053853934274,0.986509790161371,1.00623686990889,1.00850206723977,1.04701153789261,0.972081371144031,0.943135526784131,0.98830999117117,0.99500443136847,1.03903609048078,1.05419846426918,1.02117430730492,1.01775516304226,1.02799015839017,58.6282145655677,58.6277965074326,59.9999931528418,58.6280470457498,58.6280194301479,58.628061692237,58.6280574985882,58.6282310575508,58.6282183809072,58.6287181819612
29.7776914080866,310.535934690878,750.749324192822,0,700.05985956731,568.813416577818,722.087180243195,588.931802533894,581.025474521111,897.946905155451,1005.04832050186,230.077698419726,187.590524427905,0,89.3008046761279,132.413205504297,261.461478616258,218.369303804373,24.0906360308013,75.3296182796333,257.520303767819,1.02029459751421,1.00868084954856,0.978878643173194,0.943858765965944,0.944006228178576,0.944483392419055,0.939850995499274,0.941637124071529,1.01453230425383,0.94316942295667,0.942760336820979,0.92524859666642,0.943283328413886,0.946595405042325,0.953733359220592,0.972703176339962,0.977848088816428,0.976644957402073,0.975678135081658,0.971272109253089,0.980094814387667,1.00798436566576,1.00646147763916,0.980785972390899,1.02085259622811,1.00540331341656,0.986531130777234,1.00625053084742,1.00851426476193,1.04702502382715,0.972126022057907,0.94316942295667,0.988333830196093,0.995031283686575,1.03905715104478,1.05421743920118,1.02118779787145,1.01776418252723,1.02799627797909,58.6284575862723,58.6282083507725,59.9999931528418,58.6282621726743,58.6282349129167,58.6282548607594,58.6282494718815,58.6284661219693,58.6284219836221,58.6289269707681
29.8449401007288,310.514415469257,750.714624053479,0,700.03304525916,568.803661348459,722.046938109257,588.899341840154,581.020033833169,897.943012764893,1005.46257169901,230.036515929366,187.590362957421,0,89.2794215618026,132.417618921406,261.437217071936,218.345070496673,24.0781936212466,75.3101933943627,257.409609912497,1.02031149729387,1.00870096877474,0.978902303647953,0.943885242582409,0.944033544104563,0.944511088104336,0.939877554703261,0.941663103463354,1.01454733448493,0.943197134141646,0.942788026573169,0.925275781321748,0.943311048094681,0.946623207557867,0.953761782568618,0.972731200041459,0.977874044677652,0.976670286158308,0.975705609160099,0.971299881385487,0.980122275310504,1.00801003420597,1.00648703052418,0.980814204862341,1.02086806050626,1.00542247698314,0.986553129749302,1.00626725937379,1.00852991990062,1.04703780291914,0.972156244944277,0.943197134141646,0.988358376534943,0.995059565229421,1.03907963618797,1.05423752422761,1.02120079175245,1.01777705859336,1.0280014733976,58.628719682928,58.6287422185534,59.9999931528418,58.6285101078087,58.6284694432629,58.6284812419114,58.6284758187571,58.6287169883051,58.6286040883504,58.6290903100808
29.912188793371,310.507040129504,750.766271149683,0,700.009172675388,568.790384526665,722.002298289228,588.863911477169,581.02025806727,897.920737630844,1005.75473407564,230.001795201072,187.57428107243,0,89.2604590584114,132.425004289272,261.415934477546,218.322932719431,24.0678260690566,75.2941655064121,257.332620072432,1.02032468489746,1.0087178733079,0.978921431579322,0.943903085835452,0.944049140851107,0.94452639848085,0.939892492929197,0.94167784477586,1.01455630525865,0.943214365773542,0.942804632447813,0.925292685542795,0.943328894502544,0.946642658891247,0.953785538110359,0.972755922085089,0.977896920594175,0.976691985994526,0.975730876598638,0.971326026152918,0.980147009802238,1.00803349960331,1.00651039098952,0.980839288086158,1.02088125850361,1.00544155854725,0.986573763134371,1.0062868814986,1.0085491519169,1.04704842365738,0.972165959476343,0.943214365773542,0.98838104542165,0.995086876997954,1.03910040881955,1.05425606611105,1.02121181756252,1.01779435635075,1.02800507960039,58.6289858991668,58.6292619187909,59.9999931528418,58.6287888335134,58.6287279327973,58.6287523655851,58.6287470942133,58.6289737826632,58.6287871058947,58.6292179499728
29.9794374860131,310.513060194851,750.878701069578,0,699.992019391232,568.773943451835,721.964646545845,588.834025213235,581.025997802367,897.881354385239,1005.90366326575,229.976939532711,187.546894774877,0,89.2464389956648,132.435127628374,261.399889674875,218.306780393184,24.0605953720263,75.2836469312731,257.294701782663,1.02033290373059,1.00872972400346,0.978934012616917,0.943911103242424,0.944052678692188,0.944529136934487,0.939895550359334,0.941681052763153,1.0145589183942,0.94322030989945,0.942809545966645,0.925298516728415,0.943335861507051,0.94665224584345,0.953801798144228,0.97277413717912,0.977913891217387,0.976707497750387,0.975750740888518,0.971347282027149,0.980165490849902,1.00805120694268,1.0065280598912,0.980857864153244,1.02089074807767,1.0054583513929,0.986590568358517,1.00630718595225,1.00856980985718,1.0470556871074,0.972157031555761,0.943220309899449,0.988398988459667,0.99510985192675,1.03911613748181,1.0542703321886,1.02121964781168,1.01781417037123,1.02800684581578,58.6292395223345,58.6296430250586,59.9999931528418,58.6290895048034,58.6290164791706,58.6290663745564,58.6290603708623,58.6292246994097,58.6289972751036,58.6293232990962
30,310.516412060294,750.917459201699,0,699.987770465301,568.767862304673,721.954990690482,588.826442333551,581.028147254763,897.865851296937,1005.92003310543,229.972944801284,187.539659103295,0,89.2440669429578,132.439146930744,261.397582698866,218.304355184344,24.0597910937016,75.2827237885494,257.29385063702,1.02033389265462,1.00873147700247,0.978935464044144,0.943910504269913,0.944050396374182,0.944526515973715,0.939893223914771,0.941678866092467,1.01455799190054,0.943218799995652,0.94280767837136,0.925297035514606,0.943334710889978,0.946652019480398,0.953803931254072,0.972777082971752,0.977916640016699,0.976709789404293,0.975754585008813,0.97135169624679,0.980168571221007,1.00805421798176,1.00653106933466,0.980860901159502,1.020892108703,1.00546193213667,0.986593776685026,1.00631246319423,1.00857538608549,1.04705668611148,0.972149783872784,0.943218799995652,0.988402530399026,0.995114957996933,1.03911883911732,1.05427280066636,1.02122079068687,1.01781984878063,1.02800684941415,58.6293126447751,58.6297207737987,59.9999931528418,58.629184335217,58.6291116195758,58.6291694500091,58.6291629067266,58.6292989534181,58.6290702817068,58.6293529577191
