time,P_generator,Q_generator,V_bus_01,V_bus_02,V_bus_03,V_bus_04,V_bus_05,V_bus_06,V_bus_07,V_bus_08,V_bus_09,V_bus_10,V_bus_11,V_bus_12,V_bus_13,V_bus_14,V_bus_15,V_bus_16,V_bus_17,V_bus_18,V_bus_19,V_bus_20,V_bus_21,V_bus_22,V_bus_23,V_bus_24,V_bus_25,V_bus_26,V_bus_27,V_bus_28,V_bus_29,V_bus_30,V_bus_31,V_bus_32,V_bus_33,V_bus_34,V_bus_35,V_bus_36,V_bus_37,V_bus_38,V_bus_39,f_gen_01,f_gen_02,f_gen_03,f_gen_04,f_gen_05,f_gen_06,f_gen_07,f_gen_08,f_gen_09,f_gen_10
0,6.99116952392246,1.56180960293536,1.02689619675705,1.02001666624597,0.99447483961839,0.960052914488354,0.958759194400415,0.959595583265732,0.953428280202794,0.95459830027182,1.02020748978919,0.965720464430389,0.96248971145941,0.945223402898302,0.964270555325827,0.965187824060215,0.973078921276371,0.991037183180515,0.995070011903285,0.993422115057645,0.990604030237737,0.987464309584295,0.997579428206033,1.02295995468122,1.02167673627957,0.999263896725713,1.02837994251279,1.01926682520478,1.00205421142613,1.01980305097993,1.02109290474891,1.04990032627657,0.982000407484284,0.984100409692964,0.997200872807602,1.01230087613236,1.04940108840344,1.06360108401266,1.02750044803667,1.02650102943883,1.0300000719806,1,1,1,1,1,1,1,1,1,1
0.2,6.99116875730087,1.56180854278296,1.02689634378284,1.02001685759086,0.994475040116049,0.960053108719427,0.95875938752272,0.959595776101752,0.953428472315214,0.954598491454614,1.02020762188374,0.965720652071003,0.962489901630435,0.945223589244182,0.964270745017948,0.965188021132473,0.973079138955677,0.991037411654313,0.99507023484134,0.993422330404824,0.990604276065881,0.987464585016073,0.997579651095649,1.02296017059666,1.0216769419533,0.999264124040779,1.02838009875034,1.01926704806138,1.00205443309992,1.01980331134105,1.02109317049967,1.04990045693871,0.982000579005199,0.984100570900671,0.997201083025544,1.01230119020072,1.04940130699953,1.06360124211743,1.02750060259845,1.02650129160951,1.03000011870622,0.999999965064363,0.999999959528234,0.999999959155672,0.999999950271538,0.99999994611807,0.999999956025321,0.999999956701142,0.99999996115986,0.999999949447621,0.99999997972829
0.4,6.99116723760728,1.56180753131528,1.02689648089711,1.0200170221294,0.994475214203374,0.960053285264132,0.958759568883695,0.959595957779237,0.953428654400047,0.954598673034264,1.02020775024188,0.965720825861157,0.962490078889232,0.94522376174441,0.964270919399559,0.965188199058754,0.97307932626899,0.991037604366685,0.995070424180451,0.993422515063769,0.990604478408985,0.98746481063787,0.997579833734196,1.02296033924555,1.02167710315841,0.999264314759182,1.02838021901172,1.01926723217719,1.00205461843999,1.01980352857608,1.02109339171522,1.04990055558314,0.982000744034681,0.984100719918018,0.997201250466193,1.01230144479778,1.04940146607249,1.06360134982795,1.02750071619575,1.02650150633936,1.03000016337049,0.999999928575556,0.999999925961939,0.999999925849744,0.999999917729963,0.999999911060791,0.999999921049695,0.999999919317671,0.99999992797294,0.999999918332127,0.999999950083147
0.6,6.99116568182073,1.56180693553986,1.02689652586455,1.02001704629394,0.994475239185839,0.960053319651259,0.958759612541999,0.959596001863173,0.953428701879723,0.954598721623847,1.02020779355855,0.965720861934769,0.962490118067935,0.945223797966544,0.964270954063293,0.965188230987169,0.973079348359209,0.991037621773341,0.995070441989751,0.993422536206915,0.990604487500228,0.987464827011134,0.997579844401366,1.022960337746,1.02167709880461,0.999264330623479,1.02838021859646,1.01926723232162,1.00205462629739,1.01980351649809,1.02109337440733,1.04990055784362,0.982000780813263,0.984100745404836,0.997201240088831,1.01230146760403,1.04940145199876,1.06360130764405,1.02750070980737,1.02650147541243,1.03000017857566,0.999999900564799,0.999999906623495,0.999999907523963,0.999999910600461,0.999999908220644,0.999999906021152,0.999999904163147,0.999999906804143,0.999999915879619,0.999999905977936
0.8,6.9911655373899,1.56180710399892,1.02689638912936,1.02001684293784,0.994475020133488,0.960053104706681,0.958759400236745,0.959595788849726,0.953428494064471,0.954598516570043,1.02020766358892,0.965720649152829,0.96248990465261,0.945223588050834,0.964270739573376,0.965188010297433,0.973079105652974,0.991037366929576,0.99507019283339,0.993422297824962,0.990604210848697,0.987464538640993,0.997579594018811,1.0229600920912,1.02167685351485,0.999264074901395,1.02838004290673,1.01926696898686,1.0020543707611,1.01980319076653,1.02109303516246,1.04990040987001,0.982000570674875,0.984100548431793,0.997200971921189,1.01230116063239,1.04940121508332,1.0636010753349,1.02750054732654,1.02650112277428,1.03000013409431,0.999999890933044,0.999999896100545,0.999999897901539,0.999999907771347,0.999999915217872,0.999999905823924,0.999999907785735,0.999999894864026,0.999999914217225,0.999999863406631
1,6.99116650101119,1.5618077075031,1.02689613197341,1.02001650365959,0.99447465088492,0.96005272883502,0.958759018711514,0.959595405388814,0.953428116387122,0.954598142528851,1.02020741569325,0.965720272081748,0.962489524218583,0.945223215958439,0.964270361507435,0.965187625896465,0.973078694472808,0.991036940258187,0.99506978189358,0.993421901286815,0.990603758590716,0.987464063594078,0.99757917147838,1.02295968149004,1.02167644552061,0.999263645090658,1.02837976212162,1.0192665756457,1.00205397218291,1.01980273929526,1.02109257282773,1.04990017057094,0.982000194217386,0.98410020178925,0.997200544261644,1.0123006520705,1.04940082684498,1.06360071622983,1.02750028868048,1.0265006552755,1.03000005001758,0.999999881924261,0.99999988384747,0.999999885880697,0.999999896443508,0.999999905743378,0.999999899435899,0.999999899349643,0.999999883014087,0.999999895992313,0.999999842574492
1.00058599777123,7.10748082865483,1.56393957377222,1.02594076761681,1.01803063980308,0.991708263736297,0.956312270798019,0.954252128884858,0.954900840982915,0.948625277526557,0.950205778500229,1.01847999725668,0.9614056298156,0.958018234198347,0.941000171542163,0.960133552166139,0.961438589578416,0.970085209927733,0.988362273947699,0.992446970647367,0.990739431438962,0.988285123764073,0.985245021601921,0.995101143724968,1.02074529614838,1.01948347756204,0.996619691326413,1.02659373814768,1.01709952183837,0.999677365454762,1.01783357662874,1.01921644407898,1.04846485322931,0.9767514523098,0.979953925499198,0.995188514766476,1.01018088763434,1.04751699277797,1.06199235886782,1.02600413309752,1.02487988555632,1.02957883681648,0.999998044508704,0.999997071923564,0.999997429791184,0.99999910333086,0.99999978563797,0.999999276497107,0.999999202443585,0.999999079446953,0.999999696733402,0.999999402195669
1.0013346212523,7.10783137485274,1.56388297334948,1.02594750482355,1.01803287915087,0.99170489736811,0.956303401431656,0.954242297915916,0.954890605958767,0.948616237393731,0.950197261893488,1.01847756798469,0.961394278826517,0.958007256990292,0.940989277275881,0.960122321150918,0.961427877592842,0.9700739412109,0.988350619557686,0.992437938986937,0.990732354148,0.98827206185484,0.985231090612229,0.995088805821886,1.02073316954887,1.01947163714475,0.996607660156268,1.02660375075464,1.01709432860965,0.999670581938312,1.01782029140681,1.01920132774524,1.04849120172731,0.976737944636255,0.979941244992852,0.995176993745104,1.0101658266014,1.04750570047446,1.06198371913014,1.02600572216914,1.02486269927116,1.02957964409626,0.999995787615734,0.999993474223337,0.999994285926501,0.999998082424343,0.99999962922845,0.999998473932713,0.999998305438083,0.999998023649751,0.999999432821865,0.99999883700633
1.00208324473337,7.10811406557176,1.56383189059518,1.02595310871251,1.01803464032472,0.991701939804565,0.956295854267755,0.954233964394137,0.954881933125245,0.948608576528402,0.95019004384543,1.01847550044804,0.961384650722716,0.957997949420331,0.940980036958733,0.960112792133201,0.961418774203031,0.970064320175961,0.988340651992049,0.992430188568189,0.990726258763485,0.98826083994497,0.985219095488596,0.995078264935329,1.02072280437043,1.01946150851385,0.996597374577951,1.02661201637314,1.01708979713741,0.99966471712335,1.01780894955572,1.01918844477769,1.04851317209199,0.976726489866835,0.979930460594928,0.995167056844857,1.01015282237332,1.04749604087536,1.06197626139999,1.02600694234259,1.02484807408921,1.02958030911277,0.999993696944888,0.999989866744705,0.999991130900065,0.999997047446007,0.999999467340617,0.999997658974719,0.999997396149021,0.999996914183073,0.99999915171533,0.999998267033512
1.00337640599318,7.1084739028104,1.56375415690473,1.02596070247953,1.01803688661383,0.99169764492649,0.956285325323774,0.954222407308918,0.95486991176414,0.948597959716044,0.950180040218034,1.01847262681159,0.961371276332678,0.957985030296651,0.940967202687129,0.960099548376547,0.961406086889894,0.970050792904509,0.988326591694058,0.992419211171803,0.990717592448912,0.988244884455667,0.985201976650439,0.995063413860765,1.02070818623149,1.01944720680862,0.996582872712143,1.0266231031656,1.01708322578112,0.999656320875273,1.01779298026011,1.01917034827726,1.04854329391668,0.976710589788869,0.979915412090814,0.995152842877675,1.01013417870647,1.04748239839541,1.06196558422869,1.02600839977619,1.02482757064637,1.02958119844655,0.999990395379971,0.999983618100284,0.999985661194054,0.99999523378009,0.999999177371005,0.999996228164624,0.999995802673701,0.999994897924262,0.999998634048808,0.9999972734843
1.00668376363216,7.10888869451103,1.56359740267383,1.02597225581501,1.01803934228228,0.991689696071806,0.956268086206992,0.954203903460058,0.95485070200963,0.94858102630675,0.950164092308181,1.01846810088226,0.961349711145467,0.957964263322108,0.940946512054388,0.960078137369961,0.961385347192734,0.970027947076832,0.988302564227031,0.992400219672275,0.99070243896282,0.988216986056326,0.985171708390331,0.995038107474801,1.0206832032871,1.01942268855325,0.996558119958369,1.02663922467381,1.01707103292535,0.999641317309211,1.01776564026801,1.01913957855692,1.04858949719685,0.976685135992253,0.979890844656008,0.995127604142427,1.01010078352119,1.04745898612092,1.06194661164554,1.02600959195649,1.02479291580687,1.02958253541842,0.999983123752434,0.99996758387995,0.999971608555006,0.999990500872324,0.999998394880961,0.999992481469683,0.999991641889614,0.999989366414343,0.999997187748899,0.999994697590376
1.00999112127115,7.10882804008863,1.56348121361446,1.02597702573963,1.0180389195668,0.991684553445312,0.956259768598849,0.954195675584979,0.95484222085196,0.948573636005039,0.95015716003141,1.01846636969321,0.961339812951811,0.957954852363841,0.940937018843963,0.960068196660021,0.961375307149254,0.970015568705079,0.988289054811359,0.99238924876979,0.990693522250006,0.988200348716813,0.985153152491113,0.995023936837329,1.02066909482994,1.0194087482833,0.99654422921689,1.02664464326927,1.01706280818976,0.999631968426565,1.01774991537599,1.01912215354844,1.04860833964891,0.976673894554688,0.979879139266254,0.995112063574959,1.01007968832123,1.0474456184098,1.0619349608766,1.02600860373766,1.02477355873491,1.02958312462495,0.999976882707417,0.999951525515764,0.999957520833862,0.999985690833269,0.999997572406907,0.999988657403273,0.999987407119925,0.999983510610601,0.999995631507325,0.999992089531796
1.01476111548718,7.10832535964875,1.56335143474808,1.02597965847622,1.01803693130229,0.991679735037896,0.956255191586531,0.954192552009444,0.954839122507974,0.948571202953031,0.950154977049794,1.0184666908524,0.961335232334663,0.957950788430468,0.940932631828279,0.960063318288987,0.961369464968915,0.970005451254864,0.988277042094127,0.992379230969081,0.990685377862596,0.98818398776706,0.98513411107892,0.995011281146748,1.02065627043134,1.01939597688339,0.996531868910536,1.02664553811878,1.01705364657667,0.999622482355596,1.0177347276154,1.01910559365376,1.04861794000364,0.976669904200563,0.979872951518567,0.995096223219348,1.01005713639792,1.04743322606711,1.06192325642127,1.02600600807489,1.02475541879002,1.02958366772587,0.999968598796288,0.999928421045127,0.999937244505029,0.999978715772206,0.999996342580674,0.999983084004223,0.999981249360249,0.999974855387899,0.999993300014226,0.999988300428568
1.01953110970322,7.10752728894917,1.5632510770773,1.02598070660725,1.01803440240013,0.991676627722638,0.956255442022224,0.954195369597669,0.9548422435398,0.948574465092052,0.950158245401721,1.01846934630507,0.961337034731728,0.957953053163444,0.94093436600386,0.960064589390465,0.961369037371927,0.969999471075161,0.988268697988977,0.992372114420374,0.990679741162553,0.988171006580061,0.985118235989587,0.99500232793026,1.02064695571459,1.01938664421915,0.996523237980069,1.02664335032444,1.01704552417558,0.999614822724086,1.01772232617139,1.01909221216072,1.04861861579979,0.976674402162226,0.979873844477219,0.995083301178926,1.01003753458788,1.04742398683579,1.06191397814664,1.02600303831507,1.02474089116813,1.02958430804262,0.999960656962179,0.999905444712544,0.999917079122102,0.999971741076617,0.999995066249524,0.999977473798724,0.99997506668833,0.999966121688505,0.999990908689404,0.999984490420614
1.02736711362691,7.10578945184064,1.56313352062307,1.02598285772721,1.01803134848025,0.991674282029233,0.956262284341603,0.95420827102524,0.95485604002136,0.948587935974267,0.950171452572957,1.01847771423989,0.961348486692805,0.957965323459752,0.940945356586615,0.960074724630452,0.961375077178616,0.969993406202265,0.98825757272731,0.992362724754127,0.990672970905848,0.988151058100554,0.985092730144782,0.994989884883066,1.02063359354505,1.01937325908787,0.996511572167712,1.02663925318791,1.01703248008637,0.999603397759803,1.01770172355582,1.01906986895278,1.04861714334859,0.976693844427684,0.979884751822239,0.995063271564027,1.01000501368454,1.04741038059872,1.06190019239058,1.02599883152109,1.02471648257336,1.02958606354582,0.999947812901001,0.999868110430772,0.999884312904987,0.9999603318867,0.999992846643291,0.999968196970103,0.999964883520391,0.999951796182019,0.999986873547275,0.999978192797068
1.03837233371181,7.10257668566909,1.56306020223979,1.02598852348721,1.01802963195392,0.991675872137511,0.956283058679639,0.954241121923677,0.954890870848093,0.948621447605703,0.950204155740994,1.01849719210945,0.961379403841748,0.957997594747012,0.940975008981076,0.960102901444119,0.961394939237111,0.969990057549177,0.9882446298051,0.99235222754326,0.990666970962038,0.988123025871531,0.985055095503976,0.99497429335335,1.02061612137778,1.01935584047284,0.996497643107361,1.02663496616892,1.01701363756897,0.999588224729348,1.01766918474589,1.01903416740324,1.04861482801052,0.97674288369522,0.979916635488698,0.995035175751348,1.00995550811271,1.0473920362546,1.06188204157239,1.02599476058869,1.02467700327964,1.02959022100692,0.999929933642378,0.999816802914825,0.999839274761635,0.999944431608661,0.999989377534068,0.999955006341217,0.99995051186941,0.999931851353406,0.999980924123904,0.99996925235629
1.05258045393642,7.09719723770169,1.56311994341111,1.02600103725768,1.01803231830677,0.991686042111107,0.956327795678072,0.954307241226925,0.954960708363626,0.948688248382264,0.950269228529804,1.0185350061935,0.961443070201038,0.958063377978741,0.941036055940855,0.960161564546144,0.96143868219658,0.969993551148743,0.988231608845802,0.99234261559617,0.990664705151918,0.988085952686798,0.985002613987102,0.994956495198938,1.02059495969311,1.01933490120469,0.996482947088573,1.02663320499122,1.01698827780031,0.99956976869144,1.01762021871334,1.01897973913634,1.04861498877865,0.976841265333625,0.979984358234424,0.99499824986005,1.00988431770378,1.04736898000468,1.06186014278157,1.02599295716017,1.02461601822902,1.02959850562609,0.999907033143961,0.999753089119559,0.999783298893005,0.99992411459196,0.999984056085845,0.999937580510031,0.999931763701639,0.999906530890122,0.999972565376454,0.999957495217128
1.06678857416102,7.09052622841449,1.56334988382886,1.02601918284173,1.01804037989539,0.991705005726934,0.956391646071989,0.954398577330288,0.955056993045645,0.948780074641116,0.950358598242463,1.0185862782336,0.961532011956918,0.958154822431004,0.94112133066343,0.960243954648332,0.961501742908053,0.970005572951413,0.988222791572042,0.992337440621472,0.990668482345747,0.988048264725496,0.984946378226166,0.994941524767952,1.02057567549736,1.01931597612859,0.996472048497486,1.02663564052581,1.0169620606645,0.999552760468221,1.01756412214689,1.01891671655189,1.04861872732144,0.976976966162933,0.98008038042561,0.994960945736196,1.00980585486899,1.04734703604325,1.06184017727653,1.02599493836439,1.02454464499411,1.02960990413925,0.999884351612687,0.999692921182169,0.999730338109332,0.999904013564153,0.999977495855694,0.999919563427332,0.999912699559909,0.999881805279171,0.999963198190067,0.999945431715168
1.08623131437853,7.07955664600831,1.56392360374839,1.02605245762217,1.01805965187585,0.991744232315411,0.956507135962739,0.954560447134864,0.955227415585719,0.948942312114317,0.950516408169628,1.01867608896998,0.961690722710276,0.958317505444228,0.941273499505157,0.960391470466949,0.961616487808886,0.970035121881932,0.988217684853512,0.992337554609453,0.990683089807188,0.98799673234936,0.984865048811455,0.994926158215339,1.02055311295057,1.01929404157645,0.996463556734772,1.02664546458684,1.01692563124502,0.999532303208173,1.01747783400943,1.0188188464037,1.04862938347021,0.977217205812774,0.980253243458075,0.994910234383663,1.00968918239177,1.047319808316,1.06181648966669,1.02600342080988,1.0244327347413,1.02963007857861,0.999853711574843,0.999617697135435,0.999663856377043,0.999876789775025,0.9999659521952,0.999893693402964,0.999885914841187,0.999849136581509,0.999948270531129,0.999928298147857
1.10567405459604,7.06679897808927,1.56477113190039,1.02609444832788,1.01808761263745,0.991797193427129,0.95665082661808,0.954759062450613,0.955436334955072,0.949140966578932,0.95070957244852,1.01878542650686,0.961886328586201,0.958517611607796,0.941461056406504,0.960573701628645,0.961759808282865,0.970078476179876,0.988220502813726,0.992345699349067,0.990707834120108,0.987946366683322,0.984780687278567,0.994917113276887,1.02053570946743,1.0192773244992,0.996462531655496,1.02666218602611,1.01688949258704,0.999515497910222,1.01738314509321,1.01871052463911,1.04864596200141,0.977511720734598,0.980467503101057,0.99486092750985,1.00956482254453,1.04729682866501,1.06179742215661,1.02601792748812,1.02430778729751,1.02965484092022,0.999823587126425,0.999552048219406,0.999605387197015,0.999849793705185,0.999950897192534,0.999866206008733,0.99985815416342,0.999817996940754,0.999930440928933,0.999910308010854
1.12511679481355,7.05270006766502,1.56584915800502,1.02614390472657,1.01812330459283,0.991861972348558,0.956817393848793,0.954987074210676,0.955676008404108,0.949368720786317,0.950930992801588,1.01891037167809,0.962111485461917,0.958747667022535,0.941676983564862,0.960783816094817,0.961926365953694,0.970134081200151,0.988231221947822,0.992361651167333,0.9907418714909,0.987898723850593,0.984696006318014,0.994914984621656,1.02052443386462,1.01926668146836,0.996469145828542,1.02668512826487,1.01685500747685,0.999503010064958,1.01728361137096,1.01859580082752,1.04866789373087,0.977849416876622,0.980714890221915,0.994814412303672,1.00943681147883,1.04727934586069,1.06178353293946,1.02603769904735,1.02417440191536,1.02968334172128,0.999794050847065,0.999497249925149,0.999555941718553,0.999822890501873,0.999931831374387,0.999836960335705,0.999829278794634,0.999788526604029,0.99990928528032,0.999891327239502
1.14455953503106,7.03774916093009,1.56710847034616,1.02619939705053,1.01816558941911,0.991936327507874,0.957000805046934,0.955236201240597,0.95593771393417,0.949617335558634,0.951172677429755,1.01904651836228,0.962357907057654,0.958999244338768,0.941913361471903,0.961014097146612,0.962110099464524,0.970200038849654,0.988249627097358,0.992385000342339,0.990784121236814,0.987855340766148,0.984613794480182,0.994920200416818,1.02052010039022,1.01926282297704,0.99648338927958,1.02671345293637,1.01682356328722,0.999495437508706,1.01718305990921,1.01847905428677,1.04869448198186,0.9782177719229,0.980986056054869,0.994772044386455,1.0093093670433,1.04726844483161,1.0617752487307,1.02606184396268,1.02403758243615,1.0297146213012,0.9997651831612,0.999454201926682,0.999516216477026,0.999795929920567,0.999908419494673,0.999805942937732,0.999799225596441,0.999760781294254,0.999884522704416,0.99987124776451
1.16400227524857,7.02246485643062,1.56849371989067,1.02625943574439,1.01821329300098,0.992017916486232,0.957194738138979,0.955497759380629,0.95621230198733,0.949878174692144,0.951426252822193,1.01918927313024,0.962616895707518,0.959263499933921,0.942161879944911,0.961256447825432,0.962304650903173,0.970274336319907,0.988275454752042,0.992415300394467,0.990833443072652,0.987817806698592,0.984536940776738,0.994933119803101,1.02052343370247,1.01926638381557,0.996505199590808,1.02674628587071,1.01679663515699,0.999493411546757,1.01708555051534,1.01836492966619,1.04872498862167,0.9786035814707,0.981271137520857,0.99473521215498,1.00918685947852,1.04726508326187,1.06177293052074,1.02608945345652,1.02390263530239,1.02974768296472,0.999737069998925,0.999423398269981,0.999486571512845,0.999768757836741,0.999880500674039,0.999773268341482,0.999768013511586,0.9997347319794,0.999856026379109,0.999849989636564
1.18827888642613,7.00375378679129,1.57029946196801,1.02633856259428,1.0182788358383,0.992126518305646,0.957442019485084,0.955828460819757,0.956559176825754,0.950207763892254,0.951746717179131,1.01936981520205,0.96294454777555,0.959597658941809,0.942476466071394,0.961563572621631,0.962553061086777,0.970375877267764,0.988317888776871,0.992462402773115,0.990903392878426,0.987781869482755,0.98445325908514,0.994960685938565,1.0205394563777,1.01928223534548,0.996543103433102,1.02679242152104,1.01677193419395,0.999499903585269,1.01697476391445,1.01823373207104,1.04876753064919,0.979089342247967,0.981631334909767,0.994699350951748,1.00904790223615,1.04727281820227,1.06177897985228,1.02612755684836,1.02374541861592,1.02978997196086,0.999703162928522,0.999402150684154,0.999463656542389,0.999734307694848,0.999839371903059,0.999730535093446,0.9997275928074,0.99970440154931,0.999815282229496,0.999821717808392
1.21255549760369,6.98633516010546,1.57211322856113,1.02641928093249,1.01834838885718,0.992237605624031,0.957682795463613,0.956147277997447,0.956893211068011,0.950525341111017,0.952055595757812,1.0195441560525,0.963260460830301,0.959919739393883,0.942780030135859,0.96186030563372,0.96279524410752,0.970482472400259,0.988370033517514,0.992517979916921,0.990979652844683,0.987759871263432,0.984387209247517,0.995000302516655,1.02056859101263,1.01931061559376,0.996591562622523,1.02684211926791,1.01675888839409,0.999516597657907,1.01688245841033,1.01812244286291,1.04881330977463,0.979554720486806,0.98197768148775,0.994676279702237,1.00893098987496,1.04729409929009,1.06179466000434,1.02616778779271,1.02360935332697,1.0298314364853,0.999670726765486,0.999399230314982,0.999455678423623,0.999699079943611,0.999791688199822,0.999686292761781,0.999685922689808,0.999676175633784,0.99976919920286,0.99979150313516
1.24582493337961,6.96637519136558,1.57433348830126,1.02652874623896,1.01844827993084,0.992388636167465,0.957985051948792,0.956540601644625,0.957304423612799,0.950916901759506,0.952436733745264,1.01976069983691,0.963649931190901,0.960316684933414,0.943154903774524,0.962227530686911,0.963099751623345,0.970632320679856,0.988457840231209,0.992608165504966,0.991092662228743,0.987759084743068,0.984336103033572,0.995075684434211,1.02063173128838,1.01937174186474,0.996676043654134,1.02691475401249,1.01676647161003,0.999559837134074,1.01680079488728,1.01801891548319,1.04887990522281,0.980121099878816,0.982401186268383,0.994671231349534,1.00882193682249,1.04734708504914,1.06183296595101,1.02622512836366,1.02347586501995,1.02988440207929,0.999628899525232,0.999421287828446,0.99946584641198,0.999649325772128,0.999717341354612,0.999624948114893,0.999627904715489,0.999639971515918,0.999698918072971,0.999747036598868
1.27909436915553,6.95250444454221,1.5761213658715,1.02663035619728,1.01854759198048,0.992527485250577,0.958230978901512,0.956851339287882,0.957628022223421,0.951226046704595,0.952738122960696,1.01993418674288,0.963956932343972,0.960629526854555,0.943451325506376,0.962518928245128,0.963347970842353,0.97077556268814,0.988559106740349,0.99270901880866,0.991208026638606,0.98779364972522,0.984335862647919,0.995171106336002,1.02071815043267,1.01945511364405,0.996776322262334,1.02698754626158,1.01680494283201,0.999625014356614,1.01678070424216,1.01798373280506,1.04894703332529,0.980556614898352,0.982729555002086,0.99469804078587,1.00878175649612,1.04742447670334,1.06188790328015,1.02628121492034,1.02341785881462,1.02992899548779,0.999590249288795,0.999467045181114,0.999495067744209,0.99959797242481,0.999635331974221,0.999565045453301,0.999570460974595,0.999605428695346,0.999622930944913,0.999699312221694
1.32650388947052,6.94583688986361,1.57737839643975,1.02675521267496,1.01868466261784,0.992695600574343,0.958459634887056,0.957117635540828,0.957902049175817,0.951490704261543,0.952997511257189,1.02009058081841,0.964217823246713,0.960895367689693,0.943705646724097,0.962771481492034,0.963579462510076,0.970958806620437,0.988723151381127,0.992868108606104,0.991371353046731,0.987910720235282,0.98443563207817,0.995337032757576,1.02087608191874,1.01960757039953,0.996942694262577,1.02708882157997,1.01691972985053,0.999758235829762,1.01687605075833,1.01807178527192,1.04904080813089,0.980897750553415,0.982992783905938,0.994797080577444,1.00886189264771,1.04757032465089,1.06199156389246,1.02635791522583,1.02348868924796,1.02997468228392,0.999540442456152,0.999553118347605,0.999553254547944,0.999523466299806,0.999513513008607,0.999487471601029,0.999493918626219,0.999556434625005,0.999512331389086,0.999626759447805
1.38544777292762,6.95902848429855,1.57672001525029,1.02686270485828,1.01883037696334,0.992831440064245,0.95851240483934,0.957123668117351,0.957899346076875,0.951496286848734,0.953006797800495,1.02011596421654,0.964217231952645,0.960894969336383,0.9437116616136,0.962784077542709,0.963633928168363,0.971122054323727,0.988930393052303,0.99306423281006,0.99154656477417,0.988146481105953,0.984704175797015,0.995559513476093,1.02109563564618,1.01982012458966,0.997157482866862,1.02719491542827,1.01714052586281,0.999967007012135,1.01717944394563,1.0183904162888,1.04914221541494,0.980816418589702,0.982948517637984,0.995001653358079,1.00916853676473,1.04777627898274,1.06213924822171,1.02643886732585,1.02381392068637,1.02999642403833,0.999485304387886,0.999653269721193,0.999619791001424,0.999433755662077,0.999370777704618,0.999411025027979,0.999414611669255,0.999492919533467,0.999385942286751,0.999531754140482
1.44439165638472,6.99109829188274,1.57368833292242,1.02691039998828,1.01893520498407,0.992878026953515,0.958332419166877,0.956812540479324,0.957562751415371,0.951186557801969,0.952710381161964,1.01997464337008,0.963900117133672,0.960572328490213,0.943414639856757,0.962501177919761,0.963452979880058,0.971197212318631,0.989108963833606,0.993229918472293,0.991669605915054,0.988440591108207,0.985081259495969,0.995758576892491,1.02129611315533,1.02001555958971,0.997345427197296,1.02726762124955,1.01740784412327,1.00018878366756,1.0176239094363,1.01887235161351,1.04921704775693,0.980251995030054,0.982547507337645,0.995260383691941,1.00964139849161,1.04796431263621,1.0622785042,1.02649809851116,1.02433022448321,1.02998164365664,0.999433815618544,0.999699241489012,0.999643116530922,0.999355226156848,0.999257217313559,0.999360500165217,0.999358434799749,0.999425916965867,0.999288324202104,0.999435055301154
1.50333553984182,7.03142384161257,1.56929093978474,1.02689820677816,1.01898401750359,0.992836894040621,0.957990461792501,0.956296209182094,0.957012135893989,0.950673138006401,0.952215703048227,1.01972140062227,0.963379286159066,0.96004240260222,0.942921078654734,0.962024943912395,0.96310738068759,0.971176204383678,0.989219531944656,0.993330096903096,0.991718572103746,0.988722824076992,0.985473923133921,0.995885372074867,1.02142576105751,1.02014383553975,0.997463422554072,1.02729586882854,1.01765555531798,1.0003712224826,1.01809228425478,1.01938971001417,1.04925534549703,0.979394263864504,0.981927046173642,0.995512210204851,1.01016132777947,1.04808437705189,1.06237491982088,1.02652777062906,1.02490006543903,1.02993919175649,0.999380743117653,0.999657689856364,0.999597508824432,0.999295493473682,0.999187766959038,0.99933224691732,0.999324993718916,0.999358060824559,0.999230487684296,0.999340366492916
1.54820761598418,7.0600021569522,1.56596660145006,1.0268519935023,1.01897807699523,0.992757885392309,0.957686614640228,0.955861401658376,0.956551513887486,0.950240461086845,0.951797281242113,1.01949851875914,0.962943379002716,0.959598654718795,0.942505784384484,0.961622103514898,0.96280005631491,0.971104276952847,0.989243221943297,0.993349177645052,0.991701773323828,0.988887606559991,0.98572353785544,0.995914087222787,1.02145625561268,1.0201761289192,0.99748963042034,1.02728580243409,1.01779172675327,1.00045591310591,1.0183875218616,1.01972159775216,1.04925635341147,0.978702596774797,0.981422751903677,0.995662606834187,1.01050858552284,1.04811078169847,1.0624057758179,1.02652762515432,1.02527543473799,1.02989572616134,0.999336404735654,0.999562506770873,0.999513199737684,0.99926467108979,0.999167634842241,0.99931951875506,0.999310406682771,0.999308245963349,0.999213911818638,0.999271339334288
1.59307969212653,7.08088009888237,1.56328201645664,1.02678424427502,1.01893895749575,0.992660246025591,0.957419892503222,0.95549565485497,0.956166298068593,0.949876184560959,0.951443903629091,1.01930437992491,0.962578658701239,0.959227139467297,0.94215671880519,0.961282058601057,0.962530166617404,0.97100611978381,0.989215061530441,0.993320165551821,0.991647263300689,0.988981688414947,0.985887018939505,0.995881814823396,1.02142405544192,1.02014780811361,0.997460164431984,1.02725531537781,1.01785894057691,1.00048110036829,1.0185725487777,1.0199350879473,1.04923588720391,0.978145313157445,0.981011465189047,0.995753027797492,1.01075188339643,1.04807775630433,1.06239640948888,1.02651049998605,1.02552669845221,1.02985342436517,0.999287077244317,0.999421741321669,0.999393694644146,0.999244857226921,0.999172694617812,0.999306960357644,0.999298448876843,0.99926148413399,0.999216234406684,0.999205849888958
1.63795176826888,7.09034598906716,1.56200253150686,1.02670014437771,1.01886737116356,0.99255551309858,0.957230297619123,0.955254742944975,0.955915563334859,0.949635196626387,0.951208368223516,1.01916491939975,0.962341576264265,0.958985122823834,0.941927737685419,0.96105731654376,0.962338762321196,0.970894838207555,0.9891365327478,0.993244153144217,0.991560003565304,0.988986906500304,0.985934853338703,0.995791404666322,1.0213328301267,1.02006178088989,0.997376856367803,1.02720754003699,1.01784213062803,1.00043875273181,1.01861153716238,1.01998953558686,1.04919466439382,0.977812761489095,0.980758700283033,0.995767226110861,1.01084861265467,1.04799024593877,1.06234781476464,1.02647654267598,1.02560745140055,1.029817002271,0.999232600774713,0.999253175783379,0.999253000292708,0.999231451732544,0.9991954317292,0.999288037949772,0.999282080924634,0.999217575769091,0.999229179398645,0.999144147601057
1.70107059920704,7.0825842924209,1.56312518893887,1.02656733129659,1.01872078133213,0.992415273311717,0.957135956005219,0.955182725663324,0.955848793759843,0.949560554496406,0.951130791050778,1.01909302662254,0.962278500519556,0.958919546301276,0.941861240314737,0.960987385649577,0.962244576384888,0.970738058496808,0.988954590080496,0.993070107481642,0.991396771300548,0.988832535318974,0.985781910947549,0.995586224169989,1.02112778629371,1.01986428665509,0.997184582262423,1.02711958258596,1.01767285997444,1.00026832356789,1.01839927029062,1.01977285077678,1.04910782484998,0.977810841061856,0.980731419911946,0.995646485140301,1.01069696711798,1.04779973181522,1.06222389083702,1.02640446353773,1.02540235412622,1.02978319530909,0.99914943846992,0.999014722585766,0.999054485655196,0.999210083599513,0.999235322883917,0.999241104215038,0.999239454439465,0.99915702531173,0.999244351765445,0.999063413963251
1.76418943014521,7.05438033169247,1.56746259626081,1.02642776764232,1.0185321832346,0.992285837125618,0.957217000013863,0.95538143219996,0.956071851116693,0.949754879743707,0.951311845127754,1.01915095669981,0.962488224409292,0.959131769413604,0.942052833294865,0.961165801328592,0.96232793920252,0.970585720223696,0.988706896834098,0.992833368675417,0.991197347879753,0.988503731684958,0.985385519091333,0.995318896734904,1.02086680756004,1.01960914774866,0.99692641881633,1.02701195456459,1.01735628071007,0.999987928040062,1.01791351010244,1.01925516844262,1.04899527433019,0.97828131793182,0.981035125536014,0.995371490124965,1.01022234263699,1.04756515170404,1.06205236829456,1.02630865855625,1.02486837520631,1.02976915371972,0.999062948661978,0.998824656942999,0.998893124666244,0.99917046951033,0.999256554600397,0.99916605672554,0.999166406674382,0.999091970616788,0.999232606959863,0.998988802558747
1.82730826108337,7.01639257048106,1.57386162566506,1.02628740863487,1.01831840367021,0.992155876494476,0.957379872784386,0.95571134342218,0.956435840356052,0.950080554312182,0.951619393694229,1.01927405404157,0.962828881012843,0.959477961261007,0.942368031699773,0.961462249409209,0.96249328360402,0.970428775299967,0.988419676255409,0.992557500376068,0.990972855200416,0.988053048572393,0.984814647389,0.995028085665812,1.02059321526462,1.01933830509379,0.996633399205997,1.02688708005372,1.01694929327248,0.999639655589529,1.01726441975315,1.01855808197252,1.0488675320834,0.9789886015051,0.981501832452265,0.994985774073701,1.00951266826247,1.04732864434496,1.06185902297987,1.02619619915087,1.02413795272824,1.02976539660812,0.998978415319364,0.998722937961882,0.998798538181626,0.999100731776701,0.999231158995655,0.999066113110261,0.999064249507707,0.999016922144815,0.999174545191325,0.998919076650335
1.89042709202154,6.98267806733827,1.58041400824544,1.026156407132,1.01811103594321,0.992022128793862,0.957515096244345,0.956002121876074,0.956758217859532,0.950368670192899,0.951891260014071,1.01938262888908,0.963128216522887,0.959782895209431,0.942643980711634,0.961719950831276,0.962629247347224,0.970266804768773,0.988137017048112,0.992284677305279,0.990749264113684,0.987575933779387,0.984196574580102,0.994762976787636,1.0203558797522,1.01910067060729,0.996352290930761,1.02675837989642,1.01654405007091,0.999293576326094,1.01662045016303,1.0178663564719,1.04874462575767,0.979635430709629,0.981922672299035,0.994572062605905,1.00873193800551,1.04713303682015,1.06167926039166,1.02608431232135,1.02341135626814,1.02976089840474,0.998899477469091,0.998717142156084,0.998775600566109,0.99899994288448,0.999143653973804,0.998952014545126,0.998944894975812,0.998931092493722,0.999064944659173,0.998853333189107
1.9535459229597,6.96555551141992,1.58521755229969,1.02604796264132,1.01794930520016,0.991896233697787,0.957541815330068,0.956118521313531,0.95689308298399,0.950484145751733,0.951997774048766,1.01941242528883,0.963250321109415,0.95990773339366,0.942752800792057,0.961817018112226,0.962654328696576,0.970116200542139,0.987914279631383,0.992069005799075,0.990565481632362,0.987190512974732,0.983689460463927,0.994574042131302,1.02019921861276,1.0189417254396,0.996137798381285,1.02664982226778,1.01624437221807,0.999031591432789,1.01616093950095,1.01737531285988,1.0486514072162,0.979974222944668,0.98212713403147,0.994235207933607,1.00808436564638,1.04701342245475,1.06155055299952,1.02599652804036,1.02289875540966,1.02974751453403,0.99882689220213,0.998780165150851,0.998803444699751,0.998878163508088,0.998995948047187,0.998837579947708,0.998825677913148,0.998839268381241,0.99891425638486,0.99879124094798
2.01666475389786,6.97104638320666,1.58706876093817,1.02597462567972,1.01786494880689,0.991797470446304,0.95742968225266,0.956000225175464,0.956774345705649,0.950366096380834,0.951880669035114,1.01933500373357,0.96313502474408,0.959790581513143,0.942638530792909,0.961701241679382,0.962538675564881,0.970001322498757,0.987797763611303,0.991956283960716,0.990457690516129,0.986998032478774,0.983431803581326,0.99449547460294,1.02014845190835,1.01888814140404,0.996032761625219,1.02658590771712,1.01612969005288,0.998918285911062,1.01601651279295,1.01722641015686,1.04860813831122,0.979881139360735,0.982033826348349,0.994066707077778,1.00775125435501,1.04698636668097,1.06149949429406,1.02595238828908,1.02275175421926,1.02972270769071,0.998758794910369,0.998860703362912,0.998843781505717,0.998751782239344,0.998807350336676,0.998734846770483,0.998722114402375,0.998749397094016,0.998745306355337,0.998732882648714
2.10255187380198,7.00803360506756,1.58493825417717,1.025945314695,1.01789140480309,0.991738235560535,0.957116643388948,0.955541862923987,0.956288363872631,0.949908739249581,0.951438154874832,1.01909823526857,0.962676984874498,0.959323578952438,0.942202030537962,0.961278373927501,0.962220050269816,0.969939508837988,0.987837778796057,0.991996523876472,0.990462127837739,0.987115788085873,0.983585535906887,0.994568699886986,1.0202383134447,1.01897565266124,0.996085087390251,1.0265940893003,1.01630062023631,0.999031879049961,1.01636095930752,1.01760962712317,1.04864081049295,0.979166448729764,0.981512274750724,0.994174330325441,1.00794587545733,1.04707981489613,1.06156113221257,1.02597319610109,1.02317763724512,1.02967944268172,0.998667609352419,0.998898016547111,0.998844962691032,0.998600279744563,0.998545732967208,0.998624078513899,0.99861748632905,0.998641648817096,0.998538318344381,0.998659320190988
2.18843899370609,7.05640746199061,1.57951426369502,1.02600791501984,1.01806465312002,0.991804284851766,0.956815837097536,0.955029445360201,0.955735254175749,0.949396238913322,0.950946085664412,1.01885390228136,0.962160758236161,0.958796426992202,0.941716751576939,0.960816180352864,0.961916106047494,0.970026519134918,0.988083302362158,0.992237642630519,0.990640142873415,0.987598329034105,0.984221993096856,0.994807278411421,1.02046161180109,1.01919962635484,0.996331851151881,1.02671692103118,1.01675356556316,0.999390918715655,1.01713405434832,1.01845211914022,1.04876936405162,0.978244719655423,0.980870367640434,0.99461051461033,1.00876002811236,1.04727544402696,1.06174616928243,1.02608141217326,1.02408961432697,1.02965027467322,0.99857320922014,0.99878666756115,0.998736662742838,0.998486949931444,0.998348096868478,0.998541736103852,0.998543764667257,0.998551682058885,0.998403684532368,0.998590533229503
2.27432611361021,7.08660165506743,1.57497734644163,1.02616062246279,1.01833439149063,0.992016030231924,0.956771909263595,0.954838251993146,0.955516025765246,0.949202380938273,0.95076458300516,1.01878700378042,0.961961855819141,0.958592309178104,0.941538700024825,0.960657263669174,0.961874115159658,0.970276705558574,0.988455396321214,0.99260128959573,0.990948939083292,0.988236779444338,0.985046715701471,0.995131360320079,1.02074328125302,1.0194846150907,0.996692427109407,1.02692981000238,1.01728300520363,0.999845730424705,1.01795041440971,1.01933012855179,1.04896193905814,0.977758306517159,0.980556673429451,0.99519286707033,1.00980161735099,1.04751023120781,1.06199541901753,1.02625484947308,1.02502732734333,1.02966486107661,0.998474247613157,0.998538321911585,0.998527381693143,0.99840686490636,0.998262069964568,0.998468870654164,0.998473211915152,0.998468799358249,0.998357448889755,0.998521562161815
2.34238648338643,7.08521435361927,1.57416449296414,1.02633807560627,1.01858516253454,0.992290645817293,0.957035011868932,0.955094414520899,0.955771913862821,0.949453252159337,0.951012483648539,1.01894491853687,0.962210666153457,0.958844352153796,0.941786958402715,0.960911248318926,0.962143706231827,0.970589888399508,0.988790026221978,0.992925712656354,0.991255544042381,0.988706464412871,0.985617431554282,0.995410812840802,1.02097904606762,1.01972349207243,0.997012323729386,1.02714188269962,1.01762920530475,1.00018047503894,1.01839071371921,1.01978973657015,1.04913937175141,0.978000764821269,0.980762006346233,0.995627659271842,1.01049209252652,1.04770455877345,1.06220762723552,1.02642708441838,1.02550263985216,1.02971987463411,0.99839440656576,0.998302957404838,0.998332479523785,0.998354956331528,0.998269530250013,0.998403816847845,0.998403003826775,0.998399358622613,0.998365581879075,0.998462262734488
2.41044685316265,7.06137180921709,1.57651658864337,1.02653948066246,1.01882905602837,0.992617443307094,0.957531228932232,0.955688287274273,0.956386397562574,0.950039769922314,0.95158447224808,1.01927261959037,0.962797598372896,0.95944084411074,0.942357188538543,0.961477137833162,0.962649773149538,0.97095550153186,0.989102305475127,0.993224174538984,0.991564764229085,0.989034006529764,0.985962387484514,0.995673798788797,1.02120356966897,1.01994989316471,0.99731146902536,1.02735567456773,1.0178279586962,1.00042095863718,1.01852357822565,1.01990675361008,1.04931332045228,0.978796838223594,0.981361565055237,0.995939240252771,1.01086166367512,1.04789457073968,1.06240595229874,1.02660805118773,1.0255988865804,1.02980616375139,0.99831619952073,0.998105249752319,0.998164480963945,0.998302958674276,0.998310275798958,0.998325823206403,0.998316575128118,0.998323905355765,0.998378890736569,0.998394861404146
2.49789964091964,7.01526624706275,1.58267724382456,1.02677518185875,1.01907506287571,0.993006403293764,0.958277439913365,0.956640621694897,0.957381177784322,0.950982510356173,0.9525005440222,1.01978130251087,0.963745497163777,0.960404296720948,0.943270844491307,0.962376153217427,0.963410115383776,0.971386119679827,0.989402676737161,0.993501923410965,0.991883744723876,0.989198390721925,0.986031559911706,0.995947576316451,1.02145382198256,1.020199326636,0.997606212334366,1.02757410301142,1.01785625740592,1.00055642426243,1.0182951479015,1.01962083589196,1.04949386831593,0.980178211578049,0.982387637095801,0.996113413169133,1.01082777426064,1.04812194502749,1.06261708315813,1.02680963885165,1.02524981670017,1.02992714470691,0.9982224126492,0.997981548278011,0.998045101637025,0.998231237180128,0.998341559538073,0.998215046543477,0.998198751010371,0.998226313874175,0.998353083305289,0.998293495537719
2.56175147885593,6.98521383303563,1.58772436586872,1.026894881637,1.01918236832784,0.99320536468473,0.958726791214904,0.957234319256705,0.95800456899921,0.951570767180629,0.953070946313799,1.0200920109563,0.964340758665207,0.961008674000056,0.943841690462861,0.96293544277933,0.963868339107993,0.971605595351798,0.989526598822853,0.99360877523238,0.992024694352544,0.98916436325087,0.985878691519279,0.996084760115993,1.02159658420819,1.02033935366965,0.997736013826012,1.02766954812149,1.01776495942697,1.00055087117803,1.01797912246727,1.0192554658568,1.04957911008692,0.981077425032798,0.983057649983112,0.996103449156489,1.01054284347299,1.04826527549787,1.06273152355146,1.02691159668204,1.02483320001345,1.02999682969279,0.998160785123902,0.997994842398544,0.998036670987277,0.998176902781419,0.998315769396296,0.99813858616985,0.998123425369235,0.998161847363855,0.998286601500786,0.99820964880039
2.62560331679222,6.9709672663147,1.59158488235358,1.02694691798955,1.01922302841712,0.993296236795975,0.958960961575967,0.957550482865743,0.958338050313058,0.951883674575027,0.953373605308936,1.02025302835816,0.964662692885736,0.961334167321868,0.944148550871613,0.963235483598506,0.964108258940869,0.971707562923332,0.989572770217418,0.993641481368295,0.992078929654361,0.989074515259504,0.985680077592342,0.996165019367091,1.02169745489454,1.02043697796664,0.997794246728673,1.0277080978846,1.01766284501243,1.00050730927303,1.01771672405078,1.01895865198906,1.04962086610865,0.981578502156809,0.983439322480783,0.99604259381949,1.01022307532386,1.04837749929432,1.06281226259967,1.02696542025219,1.02450307186747,1.03003124312648,0.998106116356648,0.998069275203773,0.998077647728592,0.998123666985746,0.998236799848052,0.99807876667206,0.998069727805355,0.998107601669595,0.998182250256095,0.998120627494118
2.68945515472851,6.97716740161658,1.59339042452621,1.02692527876516,1.01920541793489,0.993276155408916,0.958933911797241,0.957517958514588,0.958305623678422,0.9518498075813,0.953339490628848,1.02022750765909,0.964638946344215,0.961307229004948,0.944123187479271,0.963210716577435,0.964083046558075,0.971689654705377,0.989557219654547,0.99361977535634,0.992057723263744,0.989000251978664,0.98554905202235,0.99618876126279,1.02174735822206,1.02048496265245,0.997791826980808,1.02770188379192,1.01761689778577,1.00047205055889,1.01763445888308,1.01886993288309,1.04962404579856,0.981562288805313,0.983442021430069,0.995993868781518,1.01002958771694,1.0484431798014,1.06285938008823,1.02697498113248,1.02441248376274,1.03002355263937,0.998058003168499,0.998156774160716,0.998133624039384,0.998072393412149,0.998117902808646,0.99804131252039,0.998039683318624,0.998061919029731,0.998059072395613,0.998030960038928
2.7533069926648,7.00109195458613,1.59300694211597,1.02683603473976,1.01914212375591,0.993162124675128,0.958670490981616,0.957166405048461,0.957938001648447,0.951497975098644,0.952996475104236,1.02002980365659,0.964296995136707,0.96095634042155,0.943792825262163,0.962888161887435,0.963817519869592,0.97156954919592,0.989495306506337,0.993561148078536,0.991978238432297,0.98898382364673,0.98554888743704,0.996154621341405,1.02173508685013,1.02047373915182,0.997738607468791,1.02766562359127,1.0176550938694,1.00046838780512,1.01777421533846,1.01903431613226,1.04959617164044,0.981070715888348,0.983088268764681,0.995994876474048,1.01004967349838,1.04844560254072,1.06286935181803,1.02695037743189,1.02460991840153,1.0299769756333,0.998014220604412,0.998206561689809,0.998166170997633,0.998021936773764,0.997986747710558,0.998022900648816,0.998025690603952,0.998018972774118,0.997942990242505,0.997945654484118
2.83000903712506,7.03999999724559,1.59082520697695,1.02666403890171,1.01902338905193,0.992944828208505,0.958165977810312,0.956493972079875,0.957234232466539,0.950825146403185,0.952340661104923,1.01965172378529,0.963634395685729,0.960279298505512,0.943154964764621,0.962264943578984,0.963306616551949,0.971335736413564,0.989373644311951,0.993454465113837,0.991829678823304,0.989035612799701,0.985703586950669,0.996036499570981,1.02162920199621,1.02037396972182,0.997616718444098,1.02759823242468,1.01777658124319,1.00049097945242,1.01814193701336,1.01946010883579,1.04953300224425,0.980118337009071,0.982376656850208,0.996058174152677,1.01032305413722,1.04835260256686,1.06282622001531,1.02689280778619,1.02510893276968,1.0298872996307,0.997961131337323,0.998168869167227,0.998134216373556,0.997959533368397,0.997856531421216,0.998007350947969,0.998008580664333,0.997961413330683,0.997844735153938,0.997854919690806
2.90671108158532,7.07266675721416,1.58859962362648,1.02646213467268,1.01887867996826,0.992703973246705,0.957652957721405,0.955822458825356,0.956533406016931,0.950151916181874,0.951682971087669,1.01926335882762,0.96296828535431,0.959600470221651,0.942513970919061,0.961637146601474,0.962785492944754,0.971072118272021,0.989215008300592,0.993316839937712,0.991652370353156,0.989099995833948,0.985904517767097,0.995849695712441,1.02143934903301,1.02019380707916,0.997446544139863,1.0275174594614,1.0178871060341,1.00049394062017,1.01851292296988,1.01989354434772,1.04945076927942,0.979197406800432,0.981655802418747,0.99613225883842,1.01068058910996,1.04817226526732,1.0627264600103,1.02682257195685,1.02562407041378,1.02979044895108,0.997899310026977,0.998019583917455,0.998013789584607,0.997893045577102,0.997785689096423,0.997972508037708,0.997966750233245,0.997891500779569,0.99780465333181,0.997780315717074
2.96374311831907,7.08403825930559,1.58815156873891,1.02632096522619,1.01876788836629,0.992549496799363,0.957383186759094,0.955485412761303,0.956184532480642,0.949812421306327,0.951349384569434,1.01905500704403,0.96263240446328,0.9592591356677,0.942189929943338,0.961317967457799,0.962510693606483,0.970900976663575,0.989086651988071,0.993202499969932,0.991521829795768,0.989108498099744,0.985993180231259,0.995688971530716,1.02127080725543,1.02003271601905,0.99730546962909,1.02745623873144,1.01790194912843,1.00045294806543,1.01865069444574,1.02006264797885,1.04938673951332,0.978778636719147,0.981297356497233,0.996152691482659,1.01086109173985,1.04801116751784,1.06262857090448,1.0267720808422,1.02583959337957,1.02973263262483,0.997843440494227,0.997857808389911,0.997879133269513,0.997840501852599,0.99777363719238,0.997920388880155,0.99790919616369,0.997831548113793,0.997806034315014,0.997735260462046
3.02077515505281,7.08109722396258,1.58933342971113,1.02620876703009,1.01866527453312,0.992441491780067,0.957273768503886,0.955374253398753,0.956074325112041,0.949698081917626,0.951233968008646,1.01896525195669,0.962521203750839,0.959147025435574,0.942080731281533,0.961207527172921,0.962398835930287,0.970781177698531,0.988964402339597,0.993088051533793,0.991408380052366,0.989053347290083,0.985969251732261,0.995537548057996,1.02111300002873,1.01988040902463,0.997171506286556,1.02739972159331,1.01782638843163,1.00036093119776,1.0185894173938,1.02000868738359,1.04932820922354,0.978712380590863,0.981192589958867,0.996117011556591,1.01087303831349,1.04786345249308,1.06252973590876,1.02672859473673,1.02580663899583,1.02969877861002,0.997777942253467,0.997687192242228,0.997730486084458,0.997785223940088,0.997781960624549,0.99784184585302,0.997827986648107,0.997767585238264,0.997816105926441,0.997697194666624
3.07780719178655,7.06558156557201,1.59213022888445,1.02613669630278,1.01857786672341,0.992387326568641,0.957328517725517,0.95549024528804,0.956203358003607,0.94981090683042,0.951339332461091,1.01899966501494,0.962637819449541,0.959266612239528,0.942189222729881,0.961309155825459,0.962454725739395,0.970723911167515,0.988862027723724,0.992984088273703,0.99132159190324,0.988931801325742,0.98582009165827,0.995420870495918,1.02099693116195,1.01976643401098,0.997062548655298,1.02735105944855,1.0176609140393,1.0002227780803,1.01832220671395,1.01972278534173,1.04928022984077,0.978986914586061,0.981347186195887,0.996022521234253,1.01069257311709,1.04776132272144,1.06245066816955,1.02669343184626,1.02551297714945,1.0296919245396,0.997704947016533,0.997539689473611,0.997593286207191,0.99772667113965,0.997789354681927,0.997742451533816,0.997729735874089,0.997702605222346,0.997814656203833,0.997663412674804
3.1348392285203,7.04259870589062,1.59595506900251,1.02610880191585,1.01851343893934,0.992384324896566,0.957510830818103,0.955777164523272,0.956511477124302,0.950095270388755,0.951612077790472,1.01913215263278,0.962927035500468,0.959561231834549,0.942462782169683,0.961572237213523,0.962641614655979,0.970727645309657,0.988792113039311,0.992903129485881,0.991268558317072,0.988765107742639,0.985574861453405,0.995357451881657,1.02094339421007,1.01971124762902,0.996993433783843,1.02731477196231,1.0174373690711,1.0000617861456,1.01790828085512,1.01926981829275,1.04924832675382,0.979503304802253,0.981698267245269,0.995887432887422,1.01035803800947,1.04772441775905,1.06240733684037,1.02666836985355,1.02502818864834,1.02970860459964,0.997629100750532,0.997439225471734,0.997489031729134,0.997663767397946,0.99777428240436,0.997634290596607,0.997625716982403,0.997638676954017,0.997784234886895,0.99763094019837
3.19187126525404,7.01900088900077,1.5999661323245,1.02612364886783,1.01848177942886,0.992424612261298,0.9577589569848,0.956142505406457,0.956900156298778,0.950458991643914,0.951963230012579,1.01931617765554,0.963296448029321,0.959936596138024,0.942813539945657,0.96191192499484,0.962896619663473,0.970782918907471,0.988766731049653,0.992860035430656,0.991255883720878,0.988596506060067,0.985299804226155,0.995357695198938,1.02096093021305,1.01972425664686,0.996975965902408,1.02729773769995,1.01721224445924,0.999916168959921,1.01745747535817,1.01877107633979,1.04923877579517,0.980107816518732,0.982138074597836,0.995749296176451,1.00996207493355,1.04775776606074,1.0624097029812,1.02665778485001,1.02448460724687,1.02974100551952,0.99755633060882,0.997395554882406,0.997429639617401,0.997595592357825,0.997721829661778,0.997532225621538,0.997528678204921,0.997576598611594,0.997715536757403,0.997597113939252
3.24890330198778,7.00146944707709,1.60328347625647,1.02617705770103,1.01849569209076,0.992501787061302,0.958008999618213,0.956489917103723,0.957266826640101,0.950805563558863,0.952299418621168,1.01950144783143,0.963648575349742,0.960293591166633,0.943149111086789,0.96223899448571,0.963154020560126,0.97087954756922,0.988798130909939,0.992872076047411,0.991292156744831,0.988483086486531,0.985083435483755,0.995424368230193,1.02104622963946,1.01980397128095,0.997019503830466,1.027310474786,1.01705508924075,0.999832596001378,1.01710384683996,1.01837454641027,1.04925933807466,0.980644263389608,0.982549930276101,0.995658045518641,1.00962914435555,1.04785264791025,1.06246094502738,1.02667031762795,1.02404403875194,1.02978016413005,0.997492044181218,0.997402369380345,0.997414486934515,0.997522473105949,0.997628322266691,0.997449149871375,0.997449249213902,0.997516418865553,0.997610309205123,0.997560014534165
3.30593533872153,6.99463342138891,1.60524539684175,1.02626313086957,1.01856676596915,0.992611899926732,0.958211545425933,0.956744695129793,0.957532031460003,0.9510598025497,0.952547734836925,1.01964762715727,0.963906761816207,0.960554586181193,0.94339708712903,0.962483467109776,0.963362455949686,0.971008991643175,0.988895245320517,0.99295368041427,0.991384970205549,0.98847948017718,0.985011157787107,0.99555259757635,1.02118639427286,1.01993960591826,0.997128529678788,1.02736351445997,1.01702790458044,0.999852316246038,1.01696647258132,1.01821173498069,1.04931671014416,0.980995083151139,0.98283975305419,0.995661886575594,1.00947978884625,1.04799085096466,1.06255760844368,1.02671578781049,1.02385073439208,1.02981844037961,0.997439387402915,0.997439888290666,0.997430912463994,0.997446858604364,0.997502496092584,0.997391915903025,0.997392979889123,0.99745833026509,0.997481042408075,0.997518673107662
3.36296737545527,6.99983979543811,1.60557805470796,1.0263737724789,1.0186984580831,0.992750280321435,0.958340156707597,0.95686873562003,0.957655542861852,0.951183101339692,0.952670505132584,1.01973250224475,0.964030828048267,0.960679258946312,0.943519614855395,0.96260850774092,0.963493986318723,0.971162661945156,0.989057683412298,0.993108520657356,0.991534761385894,0.988618322575547,0.985136706865105,0.995729162423966,1.02136153948114,1.02011291202459,0.997298297135214,1.02746130468661,1.0171633689146,0.999995408644046,1.01711114728578,1.01835591331346,1.04941236143152,0.98110619553967,0.982956958657359,0.99579019356638,1.0095918494441,1.04814970055791,1.06268974240645,1.02679939102633,1.0239864770081,1.02985080506293,0.997398218245363,0.997481165290485,0.997458126315242,0.997373372077526,0.997363091218749,0.997359411196701,0.99735891798014,0.997403280427293,0.997347684051678,0.997473030325353
3.41999941218901,7.01493319212742,1.6044458965005,1.02649814178742,1.01888091698838,0.992908233632612,0.958393311477951,0.956865112507851,0.957641391018664,0.951178226596872,0.952669941626731,1.0197545919015,0.96402244962254,0.960669895214928,0.943518233622842,0.962614983662159,0.963546489320945,0.971329796101721,0.989271620672116,0.993324095816822,0.991730219659628,0.988896048901031,0.985461703910054,0.99593311588902,1.02154814128492,1.02030096182823,0.997512257968987,1.02759774962058,1.01745124068564,1.00025071444018,1.01752713889833,1.01879682055912,1.04953946317344,0.980994477629275,0.982903131291561,0.996040871406684,1.00997292473051,1.048306951399,1.06284182736601,1.02691700583503,1.02444327589368,1.02987517627768,0.997365200908873,0.997500135477165,0.997473402048243,0.997307788953264,0.997233711844789,0.997343425574706,0.997340167721084,0.997352857682153,0.997232351028907,0.99742369664991
3.47703144892276,7.03508039431793,1.60238661931475,1.02662335730482,1.01909108293553,0.993072926099333,0.958391911120987,0.956773808264189,0.957533258301099,0.95108506884874,0.952584067268243,1.01973112914614,0.963921608456208,0.960567527942216,0.943430395402841,0.962538224309238,0.96354143144253,0.971498047773387,0.989511268696981,0.993572861339934,0.991949015802967,0.989271205895256,0.985932491863433,0.996139575875001,1.02172379537029,1.02048075187284,0.997744382988111,1.02775649889065,1.01783930708202,1.00057685074746,1.01812815100364,1.01944147009775,1.04968308311792,0.980738992686438,0.982728828773168,0.996378563748283,1.01055546273877,1.04844537605705,1.06299557358181,1.02705478094077,1.0251235592369,1.02989219649341,0.997335005887737,0.997478965399912,0.997458698929009,0.99725520275381,0.997136370566022,0.997331895926791,0.997326267329488,0.997308478468578,0.997153386579055,0.997371611978036
3.5495130399,7.05835024508304,1.59972135578813,1.02676207830392,1.0193461930279,0.99326701638602,0.958368715916807,0.956633589740339,0.957371240168608,0.950941732874358,0.952449976679977,1.01968290048622,0.963765683171781,0.960410431438081,0.943292704443367,0.962414575408,0.963512136844879,0.971693707185412,0.989800586908326,0.993877266233491,0.992213656349269,0.989774918586137,0.986584119549611,0.996368073826236,1.02190521583325,1.02066876428054,0.998017268515877,1.02795305355567,1.01834422875545,1.0009927782178,1.0189295331443,1.02030528944243,1.04985645973439,0.980394223095394,0.982470244057965,0.996834627623955,1.01137970630398,1.04858043526952,1.06316590839188,1.02722571948932,1.02604383788899,1.0299073067283,0.99729218184812,0.997388819511969,0.997385822565185,0.997210340783319,0.997079720110197,0.997305746205674,0.997299084077179,0.997260775667847,0.99711844765775,0.997302944871977
3.64111789054951,7.07104873492442,1.59812732891476,1.02687624349083,1.0195680097128,0.993455123588409,0.958410557834958,0.956597093949835,0.957320934668951,0.950900205000142,0.952412958903728,1.01967771701748,0.963712841191702,0.960358811267367,0.94325304761508,0.962385317417705,0.963550365219693,0.971891397513283,0.990066230253436,0.994153030199365,0.992457444321059,0.990250556447576,0.987200960608354,0.996564217099541,1.02205320444945,1.0208224893104,0.998262578171498,1.0281365029799,1.01877652194219,1.00135521319764,1.01960069492701,1.02102823329234,1.05000992273079,0.98024227523551,0.982330631141452,0.997274143439641,1.01216235504212,1.04868991082131,1.06331311258019,1.02738407085007,1.02681844819037,1.0299251500548,0.997223351295912,0.99720954601244,0.997229252015559,0.997180676339234,0.997107749900315,0.997240485571525,0.997234834928595,0.997208202525656,0.997158819981193,0.997214093576557
3.73272274119903,7.0600961982105,1.59984649543933,1.02689711738931,1.01960902437561,0.993534708115223,0.958563662988287,0.956789711428243,0.957522658754686,0.951087908348748,0.952593973690238,1.01976881344959,0.963902707828862,0.960552183491226,0.943437236123824,0.962567422470556,0.963708513456495,0.971993942255284,0.990148232134671,0.994224758897133,0.992531550089486,0.990369713268082,0.987337777360997,0.996622732650498,1.02209909369199,1.02086849815553,0.998336949952453,1.02819364772921,1.01880318553359,1.00140082612766,1.01958737998907,1.02100844524534,1.05004774144531,0.980544465632065,0.982526452631406,0.997401979962701,1.01232270098439,1.0487326512353,1.06336185316281,1.02743354279839,1.02679941712466,1.02994312051823,0.997141254309208,0.997030193423764,0.997061242315215,0.997159769978663,0.997189759918054,0.997148862058979,0.997144019932092,0.997153427362477,0.997229161664363,0.997124415794652
3.85480021375056,7.02637582243076,1.6061376126404,1.02676873177979,1.01938078249467,0.993418114162412,0.958760975591628,0.957154181023074,0.957921006126841,0.951449093204527,0.952937279553606,1.01991744764226,0.964286209403367,0.960939126323339,0.943793695120559,0.962907200234248,0.9639207632097,0.971911658532776,0.98994632947566,0.993984672825146,0.992335365947947,0.989974747806615,0.986788458893685,0.996473627233651,1.02199343699301,1.02075794635287,0.998149727367689,1.02805230490242,1.01826388477923,1.00099289845643,1.01864731156818,1.01998671189157,1.0499150815601,0.981263816780404,0.983040590225966,0.997079507105189,1.01159844451083,1.04867054145503,1.06327232370501,1.02732055636567,1.02571299780973,1.02994563479229,0.997035411141618,0.996909905174226,0.996934317388081,0.997106018655497,0.9972329587797,0.997037929283298,0.9970319275369,0.997065780473872,0.997231302002383,0.997007202872576
3.97687768630208,7.00480115511676,1.61257422159171,1.02651060983157,1.01898619049348,0.993088824681258,0.958677059579388,0.957200944436188,0.95799392996405,0.951497195462091,0.952974124306604,1.01988566599692,0.9643577626077,0.961009088754111,0.943844383009845,0.962940681326299,0.963844031075083,0.971579929634995,0.989508406786672,0.993520629603893,0.991918986188817,0.989300982939211,0.985921420009013,0.996118285337032,1.0217061019667,1.02046995364104,0.997734756820956,1.02776448351034,1.0175383198319,1.00038387375638,1.01751750870818,1.01877541808128,1.04967260391083,0.981602169359264,0.983260742718424,0.99649843419677,1.01050927840098,1.04844341667096,1.06304296181879,1.02709007618951,1.02443976458976,1.0298974321243,0.99695366125375,0.996936661650488,0.996943473584194,0.997012255239369,0.997112536772618,0.996975648989409,0.996969591436962,0.996969720382878,0.997072384547346,0.996900127094332
4.07348316166942,7.01295029225681,1.61495306434678,1.02628086237214,1.0187122809027,0.99277948900357,0.958332505364489,0.956836302107203,0.957626094069479,0.951134362525076,0.952615119924363,1.01965156059021,0.964002009686744,0.960647671177989,0.943493166570329,0.962586220622519,0.963492202229847,0.971232507408659,0.989160248892398,0.993183668483107,0.991590682491523,0.988919510432757,0.985492747151573,0.995796375152358,1.02141477094244,1.02018510190187,0.997392005757124,1.02755607336798,1.01722703156623,1.00006365543868,1.01716006550937,1.01841194667513,1.04950150242276,0.981252625734982,0.982945599482468,0.996163999607471,1.01002434438718,1.04818231202226,1.06283066034718,1.02691951244814,1.02408296877085,1.02982085859486,0.996903941299452,0.996989723360363,0.996986639501783,0.996923189540619,0.996927642434928,0.996949269010673,0.996946125557508,0.996899104899276,0.996879151866791,0.996829675005406
4.17008863703677,7.03921263963128,1.61429369309871,1.02609452260975,1.01856432911809,0.992534478520649,0.957859543183747,0.956239037443589,0.957005736818537,0.950537184988728,0.952030991452246,1.01930421418057,0.963399589269893,0.960037964063375,0.942913222164533,0.962013751702382,0.963003342075445,0.970933539956385,0.988936966231056,0.99299819617577,0.991382023870853,0.988839775285975,0.985496851317218,0.995544254233336,1.02115670047347,1.01993684826305,0.997156708025217,1.02744654448694,1.01728754288238,1.00001835315231,1.01746022800977,1.0187668482507,1.04940877257451,0.980485197458973,0.98229500848029,0.996092998156984,1.01012176227128,1.04792985817685,1.06265667111779,1.02681976110923,1.02450176998064,1.02973265166862,0.996851197752264,0.996977831695844,0.99697288193086,0.996837256484013,0.996753146915449,0.996904831343153,0.996904788186431,0.996835478621436,0.996720291027282,0.996776534521796
4.24201865524353,7.06047058026106,1.61263957819778,1.02601063007754,1.01853919590138,0.992431657622531,0.957551126907859,0.955818818556319,0.956564587868587,0.950115897209002,0.951620507426785,1.01906775690069,0.962969644503948,0.959603699218939,0.942503416148127,0.961612636275427,0.962682695945053,0.970795813575238,0.98887351407467,0.992967452904514,0.991324101810863,0.98893856447317,0.985704533901345,0.995438101614926,1.02102973069501,1.01981580880221,0.997077954745701,1.02743403259171,1.0174921116735,1.00012050447359,1.01792785931702,1.01929312324779,1.04939415593249,0.979896407787283,0.981797734611051,0.996180377704627,1.01045255856198,1.04779611583984,1.06257439168399,1.02679645955331,1.02509202981676,1.02967957877728,0.996801601941156,0.996900371574217,0.996898287989846,0.99677792560615,0.996673432471529,0.996843522040662,0.996843403022246,0.996787850398567,0.996662735453958,0.99674788033149
4.2954863820429,7.071360545908,1.6114596264614,1.02598807425539,1.01855732332206,0.99241003011295,0.957415917944131,0.955622024667722,0.956356238745007,0.949918078500457,0.951428321401893,1.0189596613217,0.962765370418872,0.959397909617645,0.942310404614907,0.961424970317169,0.962541211693667,0.970758909658334,0.98887954152206,0.992991712327661,0.991331234501613,0.989046919086625,0.985885144894624,0.995414094018663,1.02098864111096,1.01977676599792,0.997073655922117,1.02745407708265,1.01765364121504,1.00022186022366,1.01825291410535,1.01965461204779,1.04940764082097,0.97960389196401,0.981547465916354,0.996277158084752,1.01071526077367,1.04774787091876,1.06254651952414,1.02680303386482,1.02549316096468,1.02965789288041,0.996757556266173,0.996808295510292,0.996809731819583,0.996735209965435,0.996650420291535,0.996781156034603,0.996779120214661,0.996749318620101,0.996657805773714,0.99673092483323
4.34895410884227,7.07508114223493,1.61079011547422,1.02600199890517,1.01859698404553,0.992436443887336,0.957395814338756,0.955577069726349,0.9563066422207,0.949872179911909,0.951384328264542,1.01893766851917,0.962714636449223,0.959347640488148,0.942264560374725,0.96138177716721,0.962518758404582,0.970782515715291,0.988922424093534,0.993042610882614,0.99137314954835,0.989145211612838,0.98602493070991,0.995437250039826,1.02099836231774,1.01978609894258,0.997110143572882,1.02748988415822,1.01776875152268,1.00030839815483,1.01845349213598,1.01987432166317,1.04943607204508,0.979520135745759,0.981467914178605,0.996365818363288,1.0109024130316,1.04775063160268,1.06254882721402,1.02682531827693,1.02573401423991,1.02965649434608,0.99670912794246,0.996700974342096,0.996706558984241,0.996692551443024,0.996651377436276,0.996709948911755,0.99670516797378,0.996707552562951,0.996675108090184,0.99671545187363
4.40242183564164,7.07088911939558,1.61093657022749,1.02604999453832,1.01864905221775,0.992504422731464,0.9574946815205,0.955693611715593,0.95642649194212,0.949988287958574,0.95149828830977,1.01900743317274,0.962828031948338,0.959463493969618,0.942375424445243,0.96149190945314,0.962619552023171,0.970860724647618,0.988992091265555,0.993107682527218,0.991439571613151,0.989210793628238,0.986090778737662,0.995502225079746,1.02105654639715,1.01984172383431,0.997178938758253,1.02753200722428,1.01780737471149,1.00035792275366,1.01847708790807,1.01989484015664,1.04947348641724,0.979664185863652,0.981575993408898,0.996426115523553,1.01096892320739,1.04780304394736,1.06258062785465,1.02685742196311,1.02575202886965,1.02967605233956,0.996659504809573,0.996595189968483,0.996605141440405,0.996650047116186,0.99666305997446,0.996637855651331,0.996630776190782,0.996664085829371,0.996699383956954,0.996699203729642
4.45588956244101,7.05986071896867,1.61190747318943,1.02612519549508,1.01870760900735,0.992604080749284,0.95769406767616,0.955948682023305,0.95669203936752,0.950243358827054,0.951747569165548,1.01915489516134,0.963082195131057,0.959721916982379,0.942620510894363,0.961733080444673,0.962824432605025,0.970981448726806,0.989079094983735,0.993178557935991,0.991521564205643,0.989238797318797,0.986079722313619,0.995598746067306,1.02115279495128,1.01993402713023,0.997270282927248,1.02757492099865,1.01776804362463,1.00036603253375,1.01832786693378,1.01972139413409,1.04951608768014,0.980008989079114,0.981847010280081,0.996453407958443,1.01091390761438,1.04789424806391,1.06263658981901,1.02689501578817,1.02555304288496,1.02971297797971,0.996612517842693,0.996507403265527,0.996521413578897,0.996608956310651,0.996670374241058,0.99657349538746,0.996565731525035,0.99662177459965,0.996714294042263,0.996680036131835
4.5205639846396,7.04133121052269,1.6138846557688,1.02623763722619,1.0187821646384,0.992747838080743,0.958012712736599,0.956365010805277,0.957126829506083,0.950660044585919,0.952154324877102,1.01939320115986,0.963498767972036,0.960145217823436,0.943020995252005,0.962126143698203,0.963152303653586,0.971159121299319,0.98919600065689,0.993266060611194,0.99163063490169,0.989240403042461,0.986001529669631,0.9957388382107,1.02129785971172,1.02007403028322,0.997396808872565,1.02762429042154,1.01765177909937,1.00033797178086,1.01799818019694,1.01934413670811,1.04957084335292,0.980586985099147,0.982302444932762,0.996457830626521,1.01074565077132,1.04803243493074,1.06272564918867,1.02694261266571,1.02512397826833,1.02977101458638,0.996564296674708,0.99644248108289,0.996459951766272,0.996564006476599,0.996655937106795,0.996516112782271,0.996510251006375,0.996576617164425,0.996701656555149,0.996650629928318
4.5852384068382,7.02269662718308,1.61631373118202,1.02635366333432,1.01885591935853,0.992891138296886,0.958333356736102,0.95678537573915,0.957566068918204,0.95108102748861,0.952565265944916,1.01963411714647,0.963918939386743,0.960572384421016,0.943424836576851,0.962522184176683,0.963482085390211,0.971337332359843,0.98931278438152,0.993350885148585,0.991737929738103,0.989239387360174,0.985917459971628,0.995880735555865,1.02144553373264,1.02021793628021,0.997524077592772,1.0276685010682,1.01752007840942,1.00030014707033,1.01763910783255,1.01893396314745,1.04962509731146,0.981175914225095,0.982764546077617,0.996459733452171,1.01056802193737,1.04817088273894,1.06282292269637,1.02698668630207,1.02465658730153,1.02982998523706,0.996528902730153,0.996429334667928,0.996447315066458,0.996526983983474,0.996608471283336,0.996486347680768,0.996484417516018,0.996541124608006,0.996648238829499,0.996613312909312
4.6499128290368,7.01015240843007,1.61834049909503,1.02645640543232,1.01893450475265,0.993020446813209,0.958585070241322,0.957106980852369,0.957901128811451,0.951402626213454,0.952879454045884,1.0198195663215,0.964237960833431,0.960897235493475,0.943732607396181,0.962824696167403,0.963740067519034,0.971494298520583,0.989428782517756,0.993442991925671,0.991844564324703,0.989283041780453,0.98591045954116,0.996009661701877,1.02157359386215,1.02034495746059,0.997646537958154,1.0277182874657,1.01745824815658,1.00030503604486,1.01742177186559,1.01868055631124,1.04968163288533,0.981623644736377,0.983108599784702,0.996500788225421,1.01050446079847,1.04828447345331,1.06291647815777,1.02703160879488,1.02435934862579,1.02987747445799,0.996506613228161,0.996460009857198,0.996474526035144,0.996499030909495,0.996534345800108,0.996481994960492,0.996483826604855,0.996515312252564,0.996561681715411,0.996568667498282
4.7145872512354,7.00769097687561,1.61941162642336,1.02653077902762,1.019016166701,0.9931200929911,0.958713496360488,0.957253762094073,0.958051823696101,0.951548513637067,0.953022660085866,1.01990758205271,0.964379427520592,0.961042035572591,0.943871351356771,0.962962698029169,0.96387015052217,0.971608005336509,0.989536057882369,0.993541684019709,0.991944154111774,0.989392645770304,0.986023450715214,0.99611008898681,1.02166317656644,1.02043662406856,0.997753441322046,1.02777673752442,1.01751582131185,1.0003802695679,1.01745212736785,1.0187025550628,1.04973863233477,0.981815950333541,0.983246430259128,0.99659994360143,1.01062246934199,1.04835481218181,1.06299305000908,1.02707822727407,1.02436513779255,1.02990422588241,0.996493829658488,0.996512721705184,0.996520071912575,0.996478844655074,0.996452516240273,0.996493167795099,0.996496414816196,0.996495788707245,0.996463015883624,0.996519013431198
4.77926167343399,7.01593618476628,1.61931351030832,1.02656489539535,1.01908943035647,0.993174555888375,0.958696608459719,0.957199673688753,0.957991247823918,0.951492792321176,0.952969539088167,1.01988304097807,0.964318331557287,0.960981125337361,0.943816600508099,0.962911976601642,0.963849964392504,0.971659808403996,0.989617536078019,0.993632001552093,0.992021436110429,0.989551034544604,0.986238485924942,0.996165860128835,1.02169981171464,1.02047780503804,0.997827690331836,1.0278363558813,1.01768776262903,1.00051645139169,1.01773358932856,1.01900596942127,1.04978848406084,0.981716280632861,0.983152911763476,0.996742321698822,1.01090314131623,1.04837117161227,1.06303816741783,1.02712183185921,1.02468495888722,1.02990585817812,0.996484187966357,0.996559417389699,0.996557785814379,0.996463528744585,0.996386498030493,0.996505888967472,0.996507358281808,0.99647765986353,0.996378754430584,0.996467754757609
4.84393609563259,7.03190631778659,1.6182507040006,1.0265510749526,1.01913330621442,0.993169709098748,0.958547204664101,0.956971939555013,0.957749204273895,0.951263214299857,0.952746742835125,1.01975930219317,0.964084028032935,0.960744028054921,0.943595289803699,0.962697922120862,0.963693443065547,0.971636683551362,0.98964909677928,0.993686075868444,0.99205359335806,0.989705699100933,0.98648063763493,0.996162044824042,1.02167495210294,1.02045851258978,0.997847903654255,1.02787889842843,1.01791314322619,1.00066704130428,1.01816296550277,1.01947925155001,1.04981799708071,0.981372151259448,0.982869082962772,0.996881826206371,1.01124587199427,1.04833110342068,1.06303888515809,1.02715081822181,1.02520133302449,1.02988326117883,0.996470701301813,0.996575158225702,0.996565897218906,0.996450095438795,0.996354595624736,0.996507068956256,0.996504536967489,0.996456962497161,0.996330989312741,0.996418492245236
4.90861051783119,7.05010464460806,1.61678304790169,1.02648806633309,1.01912505694365,0.993099052753718,0.958309777977986,0.956642761717369,0.957403026233215,0.950932585478038,0.952424661756374,1.01957399782812,0.963751128505406,0.960406290725083,0.943277523731214,0.962387900563236,0.963447382559889,0.971537665938194,0.989610100681658,0.993675101453246,0.992020084345959,0.989790992766154,0.986649881167094,0.996091549123726,1.02158985516555,1.02037833223605,0.997797760581643,1.02788346485347,1.01810041318898,1.00076788932688,1.01857226825146,1.01993827930503,1.04981324124435,0.980900279601521,0.982488369294611,0.996960621834187,1.01151122657314,1.04824177338292,1.06298939619975,1.02715107988083,1.02571529879724,1.02984231493594,0.996448249256023,0.996546391153628,0.996534144460501,0.996436553223155,0.996362229709347,0.996489004993872,0.996482454586948,0.996432245868247,0.996329008954861,0.996374176840051
4.97328494002978,7.06443599400356,1.61563781029557,1.02638235021114,1.01904981907559,0.99296841992924,0.958047798383225,0.956307158871492,0.957053688606237,0.950596336364285,0.952095788002532,1.01937776256624,0.963416281680012,0.960066021407993,0.942954922137728,0.962070572980854,0.963177937491184,0.971377003920065,0.989493458815843,0.993582453933474,0.991912627075604,0.989755375630688,0.986662195164188,0.995959641828713,1.02145659394335,1.02024803780878,0.99767431377349,1.02783612388477,1.01816391992815,1.00076356155774,1.01879380654837,1.0201974025059,1.04976548482639,0.980450055527831,0.982126223940446,0.996933083605263,1.01157792134652,1.04811844404152,1.06289432209717,1.02711209766753,1.02602272746103,1.02979235120721,0.996415460705486,0.996475174535727,0.996466535485497,0.996421907453225,0.996399407814112,0.996451701970322,0.996443279883518,0.99640454291277,0.996365501589529,0.996336549004772
5.03795936222838,7.0702633218036,1.61547168468303,1.02624672163106,1.01890642155312,0.992794368329684,0.957822087909508,0.956050562094902,0.956791338916784,0.950340060356153,0.951843303025032,1.01921738018483,0.963164970943216,0.959810266723492,0.942709189482089,0.961825446843818,0.96294796011918,0.971179381034517,0.989308260426632,0.99340975177722,0.991738418797788,0.989580174800352,0.986480494959148,0.995781848725649,1.02129331669724,1.02008531145039,0.997489032391491,1.02773482728073,1.01805431281015,1.0006270567705,1.01872005632395,1.02013584408811,1.04967461185719,0.98015222809181,0.981880155329614,0.996782326946785,1.011387792816,1.04797853011843,1.0627664795158,1.02703068455601,1.02598760230075,1.02974320033101,0.996375177780469,0.996378052958851,0.996379109071043,0.996405284535771,0.996444387892549,0.99640218456299,0.996394941130852,0.996376007271406,0.996418918971963,0.996305990744893
5.10263378442698,7.06592649248871,1.61663553213834,1.02609727936172,1.01870882857225,0.992598815565993,0.957669938248669,0.95591946096338,0.95666427964382,0.95021020160791,0.951712641395252,1.01912009007636,0.963042097621596,0.959685083009381,0.942584000051872,0.961695493615804,0.962795347594542,0.97097135300219,0.989076584900556,0.993176219030052,0.991517761207952,0.98928597119897,0.986127258518998,0.995578414332153,1.02111769947903,1.01990835978947,0.997263762903416,1.0275897102049,1.01777485311645,1.0003686207646,1.01834005873012,1.01973878129946,1.04954981701814,0.980072953822192,0.981796235013647,0.996525870749216,1.01096560575224,1.0478352652114,1.06262182831682,1.02691237556902,1.0255886860899,1.02970208513267,0.996333212473541,0.996280109536642,0.996293812357945,0.996385071670207,0.996472003277831,0.996351158106828,0.996347344184759,0.996348243461368,0.996461278873813,0.996281768497834
5.16730820662557,7.05327295433499,1.61901855621495,1.02595108093744,1.01848517159708,0.992405326865561,0.957596302078725,0.955909493735582,0.956666444606246,0.950202117560586,0.951699854957472,1.01908676327016,0.963040800340193,0.959683932940099,0.942574126656406,0.961676589755975,0.962724153892284,0.970776238231351,0.988829867219134,0.992915850794757,0.991280912179737,0.988928889483385,0.985679447049543,0.995371253814053,1.02094451932069,1.01973325970757,0.997027226253672,1.02742189910027,1.01738290626416,1.00003530602556,1.0177452511594,1.01910431551653,1.04940890945876,0.98019424774325,0.98185754228308,0.996212466944897,1.01041233466899,1.04769637368588,1.06247637004085,1.02677212786092,1.02492830007417,1.02967204729589,0.99629585565393,0.996206244523262,0.996230752968443,0.996358934261137,0.996463133473001,0.996308404888747,0.996308339728303,0.996321377383796,0.996468364332149,0.996262520854761
5.23198262882417,7.03703789860625,1.62204934350415,1.02582500152563,1.01827424270618,0.992238114242029,0.957580117457948,0.955975324053151,0.956747959769613,0.950269903291514,0.951761063012703,1.01909656971441,0.963113368278138,0.959758491914736,0.942635596938178,0.961727411615205,0.962711481667538,0.970614021590347,0.988605816118337,0.992673171006727,0.991065039305806,0.9885878454707,0.985247575741763,0.995184189988292,1.02078796316761,1.01957569129588,0.99681298501369,1.02726123074173,1.01697625104906,0.9997014444264,1.01710321821997,1.01841452181992,1.04927622534939,0.980428618001348,0.981998270764494,0.995911092495232,1.00987479203307,1.04756808533637,1.06234598724634,1.02663367243013,1.0242009259026,1.02965248732298,0.996267192614897,0.996172551704408,0.996201415130466,0.996324894824772,0.996411501622831,0.996278805881393,0.996280941155567,0.996294299983741,0.996428295182353,0.996246785173398
5.29665705102277,7.02321594164807,1.62488059026987,1.02573426655082,1.01811726452705,0.992119895521257,0.957588955913425,0.956054256305487,0.95684045065876,0.950350134613316,0.951835384908403,1.01911911817515,0.963195605335398,0.959843314354063,0.942708613813714,0.961791492738059,0.962722939243425,0.970501513599197,0.988442218026777,0.99249434530541,0.990907805905775,0.988342677826788,0.984941953464506,0.995041883152386,1.02066373307725,1.01945235027099,0.996654863586224,1.02714019508894,1.01666419043328,0.999448559583233,1.01660372808758,1.01787609953559,1.0491776626193,0.980657945171131,0.98213391783229,0.995692009632785,1.00949827143291,1.04745949674033,1.06224612309104,1.02652482062611,1.0236287219583,1.02964092679336,0.99624741514817,0.996180700491593,0.99620503358556,0.996282853092124,0.996325412703386,0.996260645556091,0.99626268250613,0.996265735142567,0.996345354405279,0.996233373273995
5.36133147322137,7.01691961997218,1.6266949237232,1.02568963034121,1.01804544635561,0.992066227924721,0.957593093374771,0.956091301455977,0.956884137350068,0.950387298090472,0.951869490426389,1.01912755439698,0.963232094803441,0.959881676106806,0.942741272647781,0.961819734287788,0.962727375597098,0.970449122770274,0.988366376088872,0.992413379196427,0.990836538627947,0.988248048393412,0.984835592488195,0.994964411310089,1.02058695193463,1.01937837699918,0.996577976628224,1.0270837537352,1.01653042314219,0.999338467702923,1.01639300642075,1.01764865173422,1.04913302936638,0.980778162176063,0.982193233706121,0.99560399567169,1.00937696471104,1.04738274321243,1.06218896465526,1.02646846462095,1.02338432732019,1.02963473036065,0.996232893923858,0.996217387429683,0.996229298517934,0.996235550277226,0.99622427553793,0.996246907421049,0.996247186318924,0.996235336928167,0.996238087523953,0.996221487406824
5.42600589541996,7.02049251703218,1.627003470646,1.02569445642068,1.01806890173943,0.992079666124972,0.957575287380689,0.956057905694955,0.956848208761298,0.950352872427466,0.951835994919936,1.01910829092594,0.963194717301419,0.95984466845631,0.942706930833467,0.961786726761752,0.962707045409976,0.970456873091266,0.988385461044319,0.992439916254442,0.990858330623801,0.988314465641008,0.9849393950576,0.994960525131732,1.02056737636954,1.01936254909517,0.996589968733356,1.02709996246585,1.01660303215754,0.999391066267724,1.01652215498501,1.01778861712363,1.04914910233792,0.980734844207079,0.982141943295924,0.995657535809886,1.00952249291379,1.04734933285192,1.0621797612696,1.02647372461211,1.02353069381861,1.02963224934867,0.996217984504578,0.996259222160442,0.996255102273638,0.996188234320847,0.996131618378769,0.996228939121991,0.996227230502616,0.996204123065475,0.996132793875484,0.996210582543363
5.51282786002043,7.03747138270945,1.62524112488658,1.0257675391024,1.01821821134303,0.992179601860209,0.957523491717608,0.955925198263931,0.956700390156427,0.950218228978477,0.951708003769417,1.01905149432657,0.963053145578718,0.959701536220045,0.942577759390448,0.961666485669135,0.962648695498417,0.970541154872411,0.988528014043171,0.992606135637521,0.99100084199811,0.988582447104038,0.985301820091201,0.995057465670385,1.02063019790369,1.01942911259292,0.996719182865035,1.02721031181037,1.01694363669875,0.999654820652509,1.01709465230016,1.01840876225131,1.04924685678201,0.980462171630423,0.981936604443851,0.995889011052784,1.0099927357884,1.04738264287343,1.0622351764424,1.02655912020802,1.0241904070424,1.0296351053489,0.996189279996313,0.996280514901904,0.996259879273201,0.996135369128882,0.99605378258437,0.996188968885061,0.99618621836688,0.996164545786558,0.996038095569107,0.996196342728369
5.5996498246209,7.05833333096265,1.62207653303062,1.02589432572814,1.01843894539947,0.992340404389278,0.957496789105377,0.955798114571555,0.956554029214174,0.950089557236364,0.951587925988273,1.01901076825911,0.962915371506279,0.959561973936155,0.942454814141888,0.961555335366832,0.962615097064172,0.970686846995426,0.988747001243582,0.992851293064371,0.991216116022049,0.988924639222672,0.985736370491677,0.995237708216346,1.02077734640016,1.01957642200736,0.996927755818565,1.02737581565515,1.01739154862337,1.00001271859289,1.01782329147508,1.01919585060451,1.04939293385199,0.980139556434276,0.981714811370465,0.996189969362142,1.01053394801955,1.04749962425798,1.06234789381148,1.0266957104507,1.02502865626082,1.02964973544107,0.996149404435772,0.996235792428522,0.996213372801687,0.996102114877312,0.996041481344863,0.996133930886587,0.996132152225024,0.996131268945896,0.99602057112716,0.996180543160331
5.68647178922137,7.07003495048248,1.6195725064096,1.02603828375205,1.01864411150955,0.992514578016171,0.957562606723132,0.955807270660228,0.9565517631771,0.950098583352796,0.951601971835737,1.01904770350292,0.962915006309538,0.959562173971045,0.942462548484155,0.961570829358757,0.962677784429715,0.970859317061535,0.98896483444365,0.993080745883543,0.991426399142147,0.989190979243887,0.986041731281989,0.995444480722664,1.02096718694517,1.01976248746845,0.997144312544775,1.02753003090524,1.017726485467,1.00029993893154,1.01832700585884,1.01973502721858,1.04953166796197,0.980018312670585,0.981652759970975,0.99642864477906,1.01088585838947,1.04766939805741,1.06248477021519,1.02682702589426,1.02559973982891,1.02968023262489,0.996106497744894,0.996134313195632,0.996126130429157,0.996088006959082,0.996077493311687,0.996080172355528,0.996079789799346,0.996106178417935,0.996068986665824,0.996160182342902
5.77329375382184,7.06515690241788,1.61922182156401,1.02616488716381,1.01877744011273,0.992669499856997,0.957755392432501,0.95602348221061,0.956771880566462,0.950315308168736,0.951816203606484,1.01918814118577,0.963125193770384,0.959776524767076,0.942668762977908,0.961776807895318,0.962873437476386,0.971031383113262,0.989128075287907,0.993234165528874,0.991581223118698,0.989306977920834,0.986128811196644,0.995622715424701,1.02114567711726,1.01993584728251,0.997314539842464,1.02763268398591,1.01782730055627,1.00042245248955,1.01839964483628,1.01980133939,1.04962580222655,0.980253252565291,0.981850321159956,0.996537563843657,1.01094196800043,1.04783868205593,1.06260989930634,1.0269173714759,1.02565895212574,1.02972480945397,0.996073561931759,0.996022490313292,0.996035251693914,0.996084425851642,0.996122655679368,0.996047396271554,0.996047289610153,0.996088637196768,0.996138260645951,0.996132511456669
5.86011571842231,7.04631009256935,1.62126901569916,1.02624145405699,1.0188153725699,0.992771266984895,0.958018677400612,0.95637744573063,0.957143096914957,0.950669420108118,0.952161120303625,1.01938607753259,0.963477880285145,0.96013561386204,0.943007373706458,0.962107978444446,0.963144216911459,0.971162240653387,0.989202721255994,0.993283158206035,0.991649962426511,0.989277764474241,0.986028857281163,0.995721348262402,1.0212536983541,1.02004098517632,0.997398459619585,1.02766461291764,1.01769866383087,1.00037078641034,1.018077255983,1.01943726881896,1.04965834427037,0.980766380053857,0.982239503470553,0.996518418778326,1.01076282169056,1.04794472780672,1.0626870331461,1.02694924987923,1.02525407213902,1.02977015170328,0.996058789172686,0.995955557314208,0.995982256337053,0.996081523788892,0.996140319429931,0.996044654172415,0.996043816248129,0.99607675036602,0.996176807258241,0.996096717180442
5.92283413585891,7.02986727746448,1.62361116481091,1.02625514290498,1.01879049319272,0.992800666297676,0.958192171241994,0.956630554788422,0.957411820863878,0.950921910887394,0.952405318648308,1.01951636555187,0.963733055644189,0.960395064865012,0.943250215881497,0.962343578439803,0.963324090595933,0.97121306637159,0.989201429872051,0.993261005222805,0.99164667876673,0.989204122093486,0.985903916298946,0.995732052827944,1.02127104814554,1.02005884718381,0.997401535435272,1.02764889008552,1.01752567400575,1.00026369196674,1.01772599960498,1.01904771862477,1.04964674591985,0.981174955511929,0.982538493260599,0.996456990191026,1.01058001009387,1.04796266010299,1.0627040289093,1.02693901254186,1.02482724162944,1.0297937213383,0.996058689844079,0.995954551854135,0.995981399694978,0.996076798724781,0.996126511913044,0.996058059241879,0.996056800144568,0.996070440169128,0.996167542573255,0.996066831776806
5.98555255329552,7.01748246782447,1.62601777175274,1.02622711702805,1.01873025027432,0.992780302240108,0.958282430924903,0.956780911253546,0.957574301955624,0.951071314208356,0.952548324034981,1.0195841678304,0.963888046842312,0.960552059332437,0.943395681241061,0.962483149840833,0.963419405191964,0.971207147577257,0.989154791947605,0.993198686557326,0.991599391822518,0.989119713290036,0.985789675557945,0.99568780290705,1.02123076317468,1.02002123697336,0.997355434028372,1.02760559644719,1.01735049711542,1.00013816320419,1.01740934974489,1.01870113937244,1.04961058940145,0.981453122200917,0.982736915038737,0.996384802522485,1.01043199704321,1.04792460327294,1.06268384299793,1.02690425061403,1.02445280683116,1.0298000062857,0.996062447076206,0.995992328117982,0.996010375337386,0.996069962358587,0.996094336275495,0.996075671404994,0.996074605130125,0.996064712147726,0.996127106201788,0.996035768219585
6.04827097073212,7.01368036511726,1.62758692924013,1.02616259448086,1.01865390427662,0.992718216565441,0.958262328920985,0.956781808992907,0.957580139239689,0.951070588837188,0.952544830231129,1.01956609016,0.963894891671715,0.960557915631927,0.943398855965102,0.962483798321228,0.963401608761234,0.971148550702331,0.98907977304724,0.993118779967117,0.991525417600753,0.989053635281046,0.985724671512393,0.995604535241419,1.02114742437762,1.01994191701994,0.997276869454922,1.02755257838506,1.01723549636275,1.00003911082252,1.01723729538124,1.01851751527108,1.049562729233,0.981518287687179,0.982772687627413,0.99632768187812,1.01036805360651,1.04784442592125,1.0626350368288,1.02685872707852,1.02426015392173,1.02978600183619,0.996064129446112,0.996052416710116,0.996056195173875,0.996062285289357,0.996054885943837,0.996088581661104,0.996088186525693,0.996058013206405,0.996067788296018,0.996006166399755
6.11098938816872,7.0197998335328,1.62805291845629,1.0260665428829,1.01856672003285,0.992613684687618,0.958116300443229,0.956609762123459,0.957404059355149,0.950896863401949,0.952373074395274,1.01945272916264,0.963729290557018,0.960388122310641,0.943236795111704,0.96232326073868,0.963254385289785,0.971034693067784,0.988979339331444,0.99302543995982,0.991427184493534,0.98900435501794,0.985704701340803,0.995490916028086,1.02103276582904,1.01983132291557,0.997170674907748,1.02749311408238,1.01719544234122,0.99997652791399,1.01723874946574,1.01852920918765,1.04950703049936,0.981325907933499,0.982615525278775,0.996284924421888,1.01038102189774,1.04773609944835,1.06256255126443,1.02680574758858,1.02428620063642,1.02975103063996,0.996058872285679,0.996110598853911,0.996100152440722,0.996054518681234,0.996020828018143,0.996090002726103,0.996090200888153,0.996048591302445,0.996007154581828,0.995980721804468
6.18893433225564,7.03774585870407,1.62722509243445,1.02592035721686,1.01844896628574,0.992438097310317,0.957797136723785,0.956207247719688,0.956986462103946,0.950492988128975,0.951977203815221,1.01921116818128,0.963333661184084,0.959984352211959,0.94285382097237,0.961946368940525,0.962929208401741,0.97083195091786,0.98882571954496,0.992893715465973,0.991278281216748,0.988941300829176,0.985696305234798,0.995325065677168,1.02086977213386,1.01967184589935,0.997010652757052,1.02741332575086,1.01722302923744,0.99993542536847,1.01742173872359,1.01874846731488,1.04943169246589,0.980799659349072,0.982204500535535,0.996230307137298,1.01043402891163,1.04758762598209,1.06245133582322,1.02673409445125,1.02455020818727,1.02968651859403,0.996039938465496,0.996145344012204,0.996125009719843,0.996043844019052,0.995999580179261,0.996072422952607,0.996072463083001,0.99603129028118,0.995955067995908,0.995958009355468
6.24418907592495,7.05331455423557,1.62602689229095,1.02581097919209,1.01836157806273,0.992296443450575,0.957524086332838,0.955859427136469,0.956624627052128,0.950144995269872,0.951636901044925,1.01900829863838,0.962989097034839,0.95963351578832,0.942521134836809,0.961619045163461,0.962649734617789,0.970663924071362,0.988702275308455,0.992790541041205,0.99116022446487,0.988876959864897,0.985667174846704,0.995200478353021,1.02075206861993,1.01955520452132,0.996884937121201,1.02735357083911,1.0172611530228,0.999912375604613,1.01760034764989,1.01896004654539,1.04937651284736,0.980329981679733,0.981838685007724,0.996174458472523,1.01044418689478,1.04748469802778,1.06236506898202,1.02668142946463,1.02480296901072,1.02963458017078,0.99601928917579,0.996132353030664,0.996112751913053,0.996034254770992,0.996000711231699,0.996048664352302,0.99604793000117,0.996015206298578,0.995942404066374,0.995948745800056
6.28271138829921,7.06313747856037,1.62513964571173,1.02573913498705,1.01830085877488,0.992198768525797,0.957340518540326,0.955627534080712,0.956383517486729,0.949913409482495,0.951410527660613,1.01887409370943,0.96275842435383,0.959399041539019,0.942298447417132,0.961399584910405,0.96246133251588,0.970546824598041,0.988613561753429,0.992715786690564,0.991076572382748,0.988815652722941,0.985620991348481,0.995115879460066,1.02067496420932,1.01947813259964,0.996796276093308,1.02731147295342,1.01727822675998,0.999889658257054,1.01770671719865,1.01908775887034,1.04933868886446,0.980017168002953,0.981592948557543,0.996121059325119,1.01041457493617,1.04741947286951,1.06230567460354,1.02664529506356,1.02495847687058,1.02960030092696,0.99600281639549,0.996103345357069,0.996088170854571,0.996025809346797,0.996007731675488,0.996028547735601,0.996027134635898,0.996002588281783,0.995946320244534,0.995945604227786
6.32123370067347,7.07057496160266,1.62439281802939,1.02567561064559,1.01824260149409,0.992109524236307,0.957183641152344,0.955433042285898,0.956181757692832,0.949719462575653,0.951220839351293,1.01876121030627,0.962564319800351,0.959202090556334,0.942110882800966,0.961214198483715,0.962299915853069,0.970439260172117,0.9885272402806,0.992641639169274,0.990996457895622,0.988740235069651,0.985549455271908,0.995037271528888,1.0206055212901,1.01940828078951,0.996711295201063,1.02727058038637,1.01727736987663,0.999857056185838,1.01777342633514,1.01917113156554,1.04930290307814,0.979759616936929,0.981387031823214,0.996055150116976,1.01034675732256,1.04736230188969,1.06225009432216,1.02661106476485,1.02506507299335,1.02957091004687,0.995986031778316,0.996060795593795,0.996052476703373,0.996015546212451,0.996016913858105,0.996007295387692,0.996005341893022,0.99598948263895,0.995958497093776,0.995944809785795
6.35975601304774,7.07469793760359,1.62395163223529,1.02562399801116,1.01818873949658,0.99203398604759,0.957067245421435,0.955294513853796,0.956038811011783,0.949581760829333,0.951085990543037,1.01868035658408,0.962425557384283,0.959061668986681,0.94197638323796,0.961080457766736,0.962179707569293,0.970347886232053,0.988447014409,0.992570621864474,0.990923422452721,0.98865284790344,0.985453670535665,0.994967421527382,1.02054578369477,1.01934785678094,0.996633443281291,1.02723194468565,1.0172525690155,0.999812296937736,1.01778539134222,1.01919302593086,1.04927030133641,0.979584008295422,0.981242362505201,0.995978531908417,1.01024069526252,1.04731442884705,1.0622005940279,1.02657952763929,1.02510322105144,1.02954887329323,0.995970063533438,0.996009256420957,0.996009128132966,0.996003400218117,0.996025179681226,0.995986310729814,0.995984160578594,0.995976555255081,0.995975644379857,0.995945859000882
6.398278325422,7.07504662078864,1.62388601465813,1.02558684024621,1.01814224584436,0.991977598529864,0.957001806566044,0.955225069592259,0.955968381715449,0.949513206131659,0.951018485367922,1.01863821579762,0.962355498153978,0.95899125390328,0.941907798109558,0.96101107756405,0.962111595210439,0.970279529186777,0.988378083094822,0.992507238978036,0.990862328989624,0.988559656896629,0.985340647291201,0.994909969684388,1.0204982611141,1.01929953785876,0.996567462672442,1.02719799582047,1.01720416189185,0.99975753323192,1.01773901715473,1.01914882020602,1.04924273371106,0.979509372680841,0.981173687055785,0.995896562022832,1.01010439897416,1.04727734277899,1.06215983536747,1.02655235700793,1.02506674305654,1.0295356742683,0.995955835753426,0.995954408143337,0.995962545129978,0.995989535580743,0.996029477704495,0.995966739209266,0.995964866466389,0.995964433885769,0.995993816066529,0.995948145112227
6.43680063779627,7.07164543578122,1.62422794545146,1.02556576975505,1.01810582028741,0.99194392633061,0.956991622317886,0.95522923699766,0.955975086102817,0.949518193076615,0.951022613956493,1.01863722431788,0.962358975396383,0.958995613755153,0.94190980014059,0.96101081429206,0.962100157014146,0.970238731918519,0.988325031789722,0.992455725169345,0.990817174344236,0.988468557943827,0.985220778167708,0.994867908999075,1.02046486525871,1.01926537706139,0.996517450911673,1.02717082766704,1.01713587668004,0.999696709763577,1.01763854155472,1.01904273069155,1.04922181102255,0.979540938708762,0.981186283170097,0.99581616058234,1.00995114846309,1.04725210464775,1.06213003573711,1.02653086408699,1.02495940870437,1.02953199267133,0.995943961012513,0.995902282104865,0.995917541042822,0.995974313574726,0.996027252476635,0.995949365036494,0.995948257854338,0.995953592550616,0.996008966631539,0.995951014456159
6.47532295017053,7.06500616723826,1.62494497698148,1.02556129556718,1.01808197205197,0.991934761385627,0.957034887392459,0.955303004157007,0.956054532800762,0.949592579360683,0.951094373820965,1.01867516436344,0.962432254868523,0.959070806156011,0.941978880984362,0.961076457670483,0.962143713658635,0.970227825444005,0.988291870206377,0.9924201760844,0.990791213437005,0.988388762308016,0.985107119419416,0.994843754044875,1.02044712822607,1.01924700691909,0.996486948213123,1.0271524940793,1.01705532636215,0.999635890141662,1.01749678135791,1.01888861015334,1.04920903930506,0.979670943385727,0.981275652669264,0.995745449102749,1.00979842590342,1.04723956320779,1.06211298327293,1.02651629761402,1.02479580288393,1.02953753782219,0.995934684668292,0.995858490363006,0.995878715030657,0.995958229833372,0.996016847887314,0.995934577049509,0.995934609483619,0.995944266733409,0.99601753743751,0.995953823752681
6.51384526254479,7.05605596646489,1.62594682883038,1.02557289928696,1.01807286295417,0.991950099937622,0.957124215327013,0.955434667200948,0.956194224514636,0.949724552869279,0.951222316604956,1.01874568129888,0.962563828730891,0.959205006421563,0.94210411131567,0.961197551536884,0.962234835453098,0.970246861331148,0.988281713560323,0.992404197043508,0.990786729751958,0.988329711104904,0.985013746265175,0.994839429983683,1.02044621754688,1.01924564541424,0.996478688695688,1.02714484634478,1.01697304724462,0.999582566979816,1.01733331148052,1.01870793220759,1.04920570868397,0.979879955143797,0.981428381357313,0.995692789054818,1.00966562290565,1.04724043486071,1.06210998205263,1.0265098154854,1.02459910388753,1.02955115877387,0.995927889227568,0.995827499747697,0.99584986436243,0.995941838041285,0.995997774284039,0.995922395607454,0.995923722609952,0.995936416888858,0.996016951410857,0.995955992661498
6.55236757491906,7.04601386270627,1.62710012547961,1.02559919848565,1.0180801286739,0.991988271329879,0.957247814161203,0.95560663076179,0.956375473560678,0.9498964496533,0.951389314549328,1.01883929300023,0.962736170425225,0.959380313599459,0.94226881349141,0.961357997752376,0.962361514298878,0.970293708343801,0.988296440604592,0.992410500058273,0.990804827223348,0.988299836857253,0.984953841886803,0.994856076775697,1.02046282831583,1.01926198967973,0.996494307927529,1.02714937773609,1.01690110009847,0.999544702197408,1.01717175895804,1.01852681052013,1.04921280525086,0.980139844475829,0.981624138887833,0.995665685612213,1.00957136299929,1.04725523134535,1.06212173281146,1.02651244535159,1.02439785421242,1.02957104377849,0.995923148677232,0.995812062074293,0.99583349596486,0.995925680029199,0.995970803338129,0.995912547070752,0.995915051822024,0.995929750188925,0.996005955123652,0.995957046184909
6.59088988729332,7.03622881057165,1.62824845373662,1.02563815791868,1.01810471754129,0.992046237772532,0.957391194809158,0.955797926240787,0.956576073908578,0.950087278895136,0.951575009327764,1.01894475258554,0.962928235226566,0.959575305581971,0.942452944027927,0.961538357943918,0.962508895582026,0.970364394979889,0.988336467832641,0.992440578643697,0.990845333942401,0.988305427179358,0.9849378765641,0.994893893444576,1.02049707080316,1.01929611180363,0.996534141072078,1.0271670636571,1.01685147793062,0.999529692557976,1.01703663357165,1.01837248869447,1.04923090438978,0.980417811870729,0.981838553559472,0.995669777056368,1.00953090080194,1.04728415590514,1.06214825651145,1.02652501372417,1.02422211327293,1.02959498565691,0.995919823372723,0.995812872717579,0.995830502193163,0.995910240210572,0.995937881647349,0.995904569222342,0.995907878089935,0.995923797537665,0.995984773019088,0.995956643034484
6.62941219966758,7.02799959102477,1.62923504067435,1.02568728769214,1.01814668360388,0.992119905330965,0.9575390290796,0.955986951799682,0.95677320936223,0.950275468613871,0.951758473646212,1.01905051498444,0.963118210768113,0.959767839897123,0.942635708155422,0.961718382833644,0.962661176558903,0.970453502710874,0.988400536301001,0.992494368148971,0.990906700776444,0.988349621484358,0.984972003839221,0.994951929355621,1.02054827185307,1.01934727336081,0.996597009962597,1.02719815716208,1.01683437450496,0.999543249542425,1.01694989641563,1.0182695393348,1.04926004471519,0.980680756053524,0.982046435466374,0.995707941797749,1.00955383392987,1.04732690276828,1.06218879247524,1.02654798838325,1.02409928096254,1.02962066004265,0.995917176346555,0.995828503121606,0.995840047097871,0.995895930886116,0.995901878147612,0.995897928120299,0.995901490719292,0.995918029524237,0.995955057787674,0.995954588022809
6.66793451204185,7.0224000006457,1.6299244794047,1.02574380195123,1.01820497293463,0.992204426943257,0.957676931955989,0.956154084021568,0.956946225297757,0.950441476616431,0.951920739402285,1.01914610803211,0.963286167833313,0.959937743258929,0.942798075919764,0.961879452171315,0.962803445762092,0.970554604583638,0.98848559276643,0.992569984847738,0.990985946468397,0.988431742788779,0.985056976567526,0.995027905145194,1.0206147679421,1.01941373373262,0.996680082186713,1.027241977552,1.01685661141079,0.999588400593221,1.0169278459024,1.01823641546437,1.04929958310742,0.980899411234454,0.982224924185026,0.995779701429338,1.00964254539017,1.047382430644,1.06224171510321,1.02658126663082,1.02405030617264,1.02964587883669,0.995914494048094,0.995855618043289,0.995859683525883,0.995883105139042,0.99586620482309,0.995892128249573,0.995895342852265,0.995911985501667,0.995919653844885,0.995950828501139
6.70645682441611,7.0201340278438,1.63022068897749,1.02580474121284,1.01827726789744,0.992294502303426,0.957792979872015,0.956283864619499,0.957078946690762,0.950569969287095,0.952046905232497,1.01922325483501,0.963416307562175,0.960069081730638,0.942924913536989,0.962006649704197,0.962923268035995,0.970660738093228,0.988586825814811,0.992663623847454,0.991078702269942,0.988547089314562,0.985187765655806,0.995118132866087,1.02069376073976,1.01949262066705,0.996778866954663,1.02729676747382,1.01692047315263,0.999664787512214,1.01697875271488,1.01828282066674,1.04934808848459,0.98105176348818,0.982356182609059,0.995881029556949,1.0097916237213,1.0474487784441,1.06230450830135,1.02662397164769,1.0240867707324,1.02966879354739,0.995911193416402,0.995889449666295,0.995885690229313,0.995872084735039,0.995834365980389,0.995886800889946,0.995889153495689,0.995905387056798,0.995882212541735,0.995945436879238
6.74497913679038,7.02144215081163,1.63007918037847,1.02586708098424,1.01835997012413,0.992384715016415,0.957878868273881,0.956366587422897,0.95716135318993,0.950651391518807,0.952127653520957,1.01927666251085,0.963498620433621,0.960151825284186,0.943006558553047,0.962090309764263,0.963011911295701,0.970764938667653,0.988697931541286,0.992769708641839,0.991179429969186,0.9886872747354,0.985353988944077,0.995217621590348,1.02078132223787,1.01957994828422,0.996887427936295,1.02735969092856,1.017023173762,0.999768429096482,1.01710162179435,1.01840830789667,1.04940331746715,0.981125444347096,0.982429384237181,0.996004644085862,1.0099883902767,1.0475230033676,1.06237384615328,1.02667433581503,1.02420928795555,1.02968803948894,0.99590690190997,0.995924463861126,0.995913585983684,0.995863185039703,0.995809498959109,0.995881759535423,0.995882941447628,0.995898209843917,0.995846713071183,0.995938582837308
6.79281752526727,7.02756404284744,1.62932974347618,1.0259416889537,1.01846943793354,0.992488760092591,0.957937915216659,0.956399941574023,0.957190048719847,0.950683359627487,0.952161071840417,1.01930744514061,0.963530133946543,0.960182943543401,0.943040821357022,0.962128993572999,0.963072550958844,0.9708816078384,0.988837948008001,0.992907560887678,0.991305471558684,0.9888778814221,0.98558628307517,0.995344431732351,1.02089411454948,1.01969222610147,0.997024706618465,1.02744297213814,1.01719175018871,0.999922885810341,1.01733663560131,1.01865573539801,1.04947638859146,0.981106631673917,0.982436539106685,0.99617340951305,1.01026946776199,1.04761992830603,1.0624627399503,1.02674311715497,1.02446283054106,1.02970564009702,0.995900056827436,0.995961115812268,0.995943758014958,0.995855569929089,0.995791811681907,0.995875950687314,0.995875671405429,0.995888912341791,0.995811126385593,0.995928405003521
6.84065591374417,7.03733731110618,1.62805873812462,1.02600916055215,1.01857802453774,0.992578036987223,0.957948345404735,0.956366409409368,0.957148218055567,0.950648822315334,0.952130037530841,1.01930330042321,0.963493269510014,0.960144972315963,0.943009909692113,0.962103905091833,0.963082499876272,0.970977210136263,0.988968708903475,0.993040586528008,0.991423021159176,0.989066161717548,0.985819422045252,0.995464953766068,1.02100296607191,1.01980033162263,0.997153602517275,1.02752574910962,1.01738647241211,1.000089965863,1.01763155764004,1.01897078919828,1.04954916559603,0.980986704928216,0.982364353839251,0.996340965262236,1.0105551079511,1.04771511417436,1.06254818890672,1.02681388926396,1.02479305216375,1.02971633694109,0.995891855964713,0.995982538471052,0.995962324083584,0.995852207423264,0.995790455725233,0.995871003032681,0.995869695407352,0.995880024735378,0.99578989395164,0.995916834739255
6.90258783426366,7.05172243382705,1.62612459077339,1.02607730627708,1.01869728918329,0.992660174963566,0.957907512506034,0.956258152145336,0.957026946542171,0.95054011349047,0.952027461793327,1.01926236488097,0.963379461397923,0.96002929269541,0.942906051205526,0.962007820786624,0.963038587903265,0.971058215494563,0.989100784502848,0.993180327549379,0.991542211286144,0.98926498303781,0.986067200319875,0.995590541837183,1.02111942510992,1.0199156146493,0.997285055501708,1.02761636526694,1.01762756066218,1.0002860039887,1.01801927645067,1.01938928426855,1.04963002484529,0.980746089789276,0.982200130330705,0.996519636984633,1.01086044967127,1.0478198258702,1.0626398213932,1.0268949937985,1.02523917512131,1.02972115359438,0.995880605110512,0.995979947250176,0.995961890421393,0.995854471726742,0.99581113799161,0.995866880964439,0.995865348251122,0.995870933518443,0.995788147467417,0.99590059960236
6.97864074478565,7.06554363614412,1.62408293989203,1.02612487013167,1.01879001864651,0.992709405438715,0.957831196568232,0.956114227963261,0.956869791005764,0.950396356494959,0.95189030836296,1.01919971103308,0.963229316901557,0.959877266112833,0.942766445081158,0.961875223190263,0.962957133267122,0.971096336580201,0.989187585829495,0.993279616499994,0.991623506913492,0.989396979170507,0.986228399445416,0.995678995142281,1.02120619673432,1.02000106039538,0.997373351698919,1.02768866958912,1.01783881739469,1.0004476900093,1.01837771717871,1.01977991432493,1.04969509975581,0.980469798372773,0.982001298367622,0.996641822044094,1.0110567109218,1.04790229691042,1.06271002365609,1.02696421653552,1.02566300508497,1.02971896045255,0.995868742254497,0.995933217524927,0.995924925291061,0.995865947954595,0.995859048172566,0.995866647825184,0.995866333809068,0.99586556112695,0.995821629001993,0.995879870838377
7.05469365530763,7.06939979418587,1.62326549927687,1.02612819956989,1.01880783884874,0.992707388008217,0.957785867354778,0.956046821948112,0.956798048400429,0.950329036045497,0.951825246262011,1.01916554569119,0.96315965858885,0.959806905696481,0.942700437189231,0.961811019156425,0.962908278593626,0.971080248047882,0.989184681995226,0.993287064548758,0.991627383342841,0.989384450414128,0.98620329960493,0.995684807565981,1.02121902188535,1.02001321730593,0.997373152984645,1.02770828818584,1.01789986704713,1.00048509874718,1.01849565140718,1.01991177685003,1.04971170639796,0.980360943178497,0.98191768576279,0.996637446134789,1.01101836986496,1.04792118174764,1.06272562302201,1.02698800144498,1.02581406079537,1.02971389977946,0.995861746529757,0.995859485497941,0.995864308301174,0.995882246083244,0.995911115370924,0.995871602114877,0.99587300885212,0.995866479691372,0.995877303215808,0.995859344481562
7.14613642703608,7.05931469137592,1.62459724957528,1.02607208590091,1.01872610638459,0.992644059868517,0.957799822834147,0.956104141932192,0.956864007445834,0.950385878700128,0.951877805262322,1.01918039402395,0.963223205105048,0.959870621141238,0.94275681981501,0.961862287363988,0.962922944351747,0.971005538235711,0.989073836740321,0.993179775028323,0.991535425678209,0.989204258143389,0.985966789011244,0.995586895688682,1.02113632133471,1.01993111262908,0.997265006855772,1.02765781617855,1.01775489358983,1.00035695628463,1.01827639064088,1.01967952496872,1.04966412138014,0.980506762665652,0.98202195274633,0.99648578391302,1.01071791969811,1.04785610796798,1.06267193922572,1.02694922652079,1.02557875265888,1.02970674033281,0.995860207920803,0.995783909923918,0.995800619703434,0.995897209069399,0.995948493000144,0.995880277432203,0.995882459967084,0.995870955419495,0.995936051477925,0.995836364786054
7.26398530126335,7.03661249702282,1.62836294215049,1.02592651576331,1.01851433640331,0.992492546361824,0.957846898601842,0.956257801718174,0.957039378474371,0.950537468600517,0.952018273607293,1.01922052418325,0.963394573505492,0.960041868798933,0.942910268600089,0.962003947496104,0.962976822982958,0.970853083725567,0.988837891724004,0.992935584140618,0.991323625039838,0.988862376772193,0.985543725381796,0.995363051481716,1.02093379834119,1.01973101953356,0.997029831991884,1.02751449247339,1.01737121729033,1.00003541403851,1.01767425617715,1.0190341693333,1.04953138361069,0.980887231148641,0.982295238153053,0.996188816667988,1.01020126508924,1.04768315559738,1.0625298741688,1.02682561115269,1.0249033100174,1.02968834627468,0.995861360244955,0.995769076546409,0.99578604414155,0.995893377962836,0.99593286563611,0.995883624956214,0.995884350310331,0.995869889832804,0.995947876229807,0.995812522967198
7.38183417549061,7.02522773455761,1.6314890464592,1.02574547661784,1.01828145126952,0.992295081158393,0.957766051180893,0.956235104133948,0.95702928151667,0.950512775906047,0.951987320606737,1.01916338364882,0.963389657192043,0.960033757835959,0.942895211867816,0.961981462888474,0.962901876502532,0.970660291027759,0.988597235433527,0.992683502928757,0.991090027278644,0.988585365953837,0.985235661279883,0.995129054204098,1.02071758353981,1.01951715214142,0.996788063933344,1.02734817596235,1.01702048963428,0.999729234645373,1.01716066788225,1.01848859635988,1.04938281054456,0.981010171699588,0.982370713096469,0.995942936618871,1.00985593130046,1.04749529824182,1.06237198476806,1.02668008470124,1.02433619913194,1.02964792145735,0.99585395825369,0.995840521874999,0.995842907086713,0.995862421129135,0.995864366494073,0.995868002757318,0.995867361774038,0.995853596228468,0.995881503964788,0.995799226635272
7.44078752547777,7.02905722688656,1.63191789231415,1.02566192253907,1.0181911783408,0.992196043480286,0.957645980331916,0.956099963624137,0.956891762481393,0.950377146654665,0.951853155355061,1.01907448664157,0.963259796125807,0.959900828286946,0.942767634974323,0.961854352635558,0.962782031758256,0.9705609827711,0.988505847138258,0.992589902290041,0.990993912916616,0.988516236567304,0.985178787396137,0.995040245880578,1.02063548145792,1.01943549657154,0.996696224096648,1.02728073051425,1.01693336737182,0.999639897700213,1.01706629391063,1.01839376475632,1.0493252069146,0.980864047313341,0.982251143988465,0.995879597898537,1.00981206638417,1.04742451131648,1.0623096195116,1.02662137640182,1.02424447863157,1.02961901704154,0.995844402001127,0.995886636335439,0.995879630448066,0.995841190105964,0.995824865075262,0.995852514333123,0.995852242868941,0.995840194861784,0.995831199604508,0.995797639278189
7.49974087546493,7.03910837521173,1.63135704111661,1.02559769153396,1.01813511292869,0.99211184209667,0.95748494016215,0.95589372855546,0.956677071696284,0.950170985333656,0.951651679310365,1.01895490103768,0.96305512740152,0.959692550554629,0.942570346963526,0.961660462950316,0.962618738925496,0.970472241429458,0.988446700222377,0.99253310352248,0.990926793933959,0.988499940939086,0.985188708507912,0.994984248198294,1.02058470667375,1.01938440328653,0.996637206684413,1.02723682057425,1.01692774789968,0.9996123268158,1.01711300853634,1.01845261330196,1.0492900779423,0.980585458040146,0.982032771605049,0.99586284564895,1.00985111533815,1.04738220297386,1.06226908460504,1.02658341392792,1.02431805888081,1.02958840270987,0.995831336038345,0.995916471704199,0.995902194055855,0.995821312021358,0.995793404589469,0.995834091204637,0.995834962103383,0.99582559131788,0.995784942853204,0.995799634430921
7.54386738496393,7.04905899937059,1.630402604551,1.02556718995619,1.01811820203699,0.992065325125407,0.957356941600457,0.955719456666477,0.95649387050554,0.949997121327496,0.951482695104897,1.01885995469499,0.962879815791511,0.959514578427127,0.942402675596256,0.961496628137599,0.962487759760956,0.970419513747635,0.988425178204922,0.992516315578347,0.99089905932926,0.988516225738927,0.985228792112722,0.994965399312005,1.02056869510209,1.01936769604579,0.996616166306654,1.02722199305613,1.01697131222943,0.999629659100262,1.01722585070437,1.01858087528489,1.04928034916653,0.980329011898186,0.981835188610032,0.995875825868287,1.00991794703077,1.04737041807043,1.06225458550199,1.02657054831473,1.02446311586692,1.02956762203586,0.995820286421922,0.995920903307829,0.9959037500062,0.995808993781359,0.995778033560353,0.995819860481969,0.995821779519672,0.995814993011069,0.995758797695875,0.995803198154223
7.58799389446293,7.05914083452597,1.62917027304108,1.02555502506429,1.01812345968253,0.99203942640012,0.957245234707879,0.955559893260995,0.956324944838852,0.949838079813192,0.951328700382054,1.01877676243537,0.962717849694955,0.959350393439046,0.942248617649781,0.961346748205425,0.962372578751563,0.970385848299593,0.988424059646297,0.99252189923654,0.990893176769932,0.988550024806276,0.985285160214803,0.99496668588786,1.02057156292345,1.01936959553697,0.996615697623331,1.02722400284972,1.01704549700374,0.999673847219768,1.01738204645827,1.01875506439868,1.04928530911685,0.980080179080734,0.98164583955048,0.995904814458896,1.00999984204776,1.04737538251049,1.06225416092556,1.02657184457305,1.02465611143988,1.02955188788574,0.995809278725259,0.995907299268388,0.995890053058191,0.995799520026949,0.995770483331857,0.995806471184239,0.995809258646699,0.995805433249152,0.995743201654126,0.995808053738572
7.62153494836034,7.06581179436539,1.62822490104272,1.02555874805134,1.01814050591753,0.992034591200665,0.95718117893238,0.955463507008669,0.95622209611691,0.949742297144843,0.951236438340318,1.01872984206753,0.962619148825682,0.959250463221205,0.942155217213392,0.96125626937799,0.96230584010463,0.970374387522593,0.988434832613696,0.992538513785308,0.990902034587955,0.988581768302482,0.985330906399577,0.994978937108167,1.02058419520469,1.01938139580026,0.996626999971293,1.02723530854625,1.01711285327315,0.999718916394081,1.01751184377811,1.01889851153952,1.04929772769011,0.979919467312408,0.981526536252783,0.995932633082281,1.010061537012,1.04738830090798,1.06226182560963,1.02658101680973,1.02481361081586,1.02954489731817,0.995801508555035,0.995885493677063,0.995870062896658,0.995794150495288,0.995769598743503,0.995797336508509,0.995800515283031,0.995799102718287,0.995739025259726,0.995812262845021
7.65507600225774,7.07085303513391,1.62733064228672,1.02557422742226,1.01816913027736,0.992046036929793,0.957145994108865,0.955403363540748,0.956156911857138,0.949682592742462,0.95117940099048,1.01870354258849,0.962556549881158,0.959187202645647,0.942096648903775,0.961200122478126,0.962268368700833,0.970379668904464,0.988457316790701,0.992566973841492,0.990924418421028,0.988617720228937,0.985376603251183,0.995002015398793,1.02060653598611,1.0194028912929,0.996649874742127,1.0272560803791,1.01718561936964,0.999772122337195,1.01764076111773,1.01903955484781,1.04931776834115,0.97980722275296,0.981445563212345,0.995964495317168,1.01011843180624,1.04740944498787,1.06227710352354,1.02659795368358,1.02496669745445,1.02954325858957,0.995794662684463,0.995855699634534,0.995843533890133,0.995790051140059,0.99577206867198,0.99578935540006,0.995792625277005,0.995793681752205,0.995741175355097,0.995816564288446
7.68861705615515,7.0737305045373,1.62661266339015,1.02560075321636,1.01820711748033,0.992073094081216,0.957143731170617,0.955386166841991,0.956136588969086,0.949665757003628,0.951164168852736,1.01870154591817,0.962537069660447,0.959167674847298,0.942079458002852,0.96118459221124,0.96226440896526,0.970401433310222,0.988489546002287,0.992604735412743,0.990958446967586,0.988654650868098,0.985418147175973,0.995033847035461,1.02063656531548,1.01943211792821,0.996682297836891,1.02728437315729,1.01725668988319,0.999828371512891,1.01775621958255,1.01916447268631,1.04934396567032,0.979754571042389,0.981412153041663,0.99599751478038,1.01016542725924,1.04743696462772,1.06229856323349,1.02662110364206,1.02510059291719,1.02954750732659,0.995788977685755,0.995820549422657,0.99581279171419,0.995786813432945,0.995776831498894,0.995782589944506,0.995785659770929,0.995789178305314,0.995748698833445,0.995820624018193
7.72215811005255,7.07415863988814,1.62612942892709,1.02563741110476,1.01825311125357,0.992115688914285,0.957177312498257,0.955416371911301,0.956165921790472,0.949696135657007,0.951194875863791,1.0187256019004,0.962565346079595,0.959196554342654,0.942108023579928,0.961213930375948,0.962297089603221,0.970440278634665,0.988531074571359,0.9926508526767,0.991003489736368,0.988691657019741,0.985454322932082,0.995073802268358,1.02067358686646,1.0194684099636,0.996723756365869,1.02731931134624,1.01732206723397,0.999885010256677,1.01785055604734,1.01926478523414,1.04937538789479,0.979769803752122,0.981432080739936,0.99603081124613,1.01020095036737,1.04747017948692,1.0623257396062,1.02664975987492,1.02520593564214,1.02955774934056,0.995784569305557,0.995783260286895,0.995780620417517,0.995784006429714,0.995782680996729,0.995776990948034,0.99577963136322,0.99578555745156,0.995760196465447,0.995824107611837
7.76592368582686,7.07102508325387,1.62591509413083,1.02569756645854,1.01832174514004,0.992191777612415,0.957273059930252,0.955525358526178,0.956277251931713,0.949804998062072,0.951302188246239,1.01879445026758,0.96267255558704,0.959305468522858,0.942212563180276,0.961318105293605,0.962393038489102,0.970514674089912,0.988597171426098,0.99272073973158,0.991075961733504,0.988739111191486,0.985493060743193,0.995136103171565,1.02073050623948,1.01952450206603,0.99678934359564,1.027372149486,1.01739315293578,0.999955095270836,1.01793284897235,1.01934888713122,1.04942196502973,0.979891693943546,0.981537569152499,0.996073680430494,1.01023026476191,1.04752046158856,1.06236836954067,1.02669326609121,1.02528986181327,1.02957932451131,0.99578070256591,0.995737319406476,0.995741539757396,0.995780366331178,0.995789848797138,0.9957712006091,0.995773115069794,0.995782048153582,0.995778188943859,0.995827255948226
7.80968926160116,7.06425453659954,1.6261726822484,1.02576772320863,1.01839613264274,0.99228590519737,0.957418542999587,0.955701670860315,0.956459407820025,0.949980797540291,0.95147444852795,1.01889902293369,0.962847954756034,0.959483436752531,0.942382267790386,0.961486067662754,0.962540262332319,0.970611285942689,0.988673897617804,0.992798197797118,0.991159866391038,0.98878589492952,0.985524228323935,0.995207416943814,1.02079505875814,1.01958833535248,0.996865161449152,1.02742995017385,1.01744514842199,1.00001770215841,1.01796632901304,1.01937748125008,1.04947217236024,0.980114288526183,0.981720891445791,0.99611598218986,1.01024427348823,1.04757696609524,1.0624174272153,1.02674111703584,1.02531076150973,1.02960843966705,0.995778714790549,0.995700691295069,0.995710935869463,0.995776328876816,0.995794434014884,0.995766794879424,0.995768021332072,0.995779761712029,0.995796027812092,0.995828329273883
7.85345483737546,7.05499385909909,1.62682893967222,1.0258419115444,1.01847100604967,0.992389770708583,0.957596429489952,0.955922669615272,0.956688744662912,0.950200933413189,0.951689610149647,1.01902642106026,0.963068823162518,0.959707414690861,0.942595344835925,0.961696437704273,0.962721234124168,0.97072209758308,0.988757027170413,0.992878621881407,0.991249231873433,0.988833156662457,0.985552059411159,0.995284254858188,1.02086441436463,1.0196570097624,0.996947166518571,1.02748822336682,1.01747738802661,1.00007047853918,1.01795495590716,1.01935558965897,1.04952260132806,0.980406299667227,0.981957022401354,0.996158595828896,1.01025069604656,1.04763758807584,1.0624705764775,1.02678971668379,1.02527489893637,1.02964191961855,0.995778158528165,0.995678975403828,0.99569333594884,0.99577182479055,0.995794785837959,0.995763461085527,0.99576425104954,0.995778519116271,0.995810076661196,0.995826941908998
7.89722041314976,7.04481744931371,1.6277361907966,1.02591434170889,1.01854182681649,0.99249438374243,0.957785002465435,0.956159324139932,0.956934808022149,0.950436488208412,0.951919556451435,1.01916080338985,0.963305890045573,0.959947730592853,0.942823788485277,0.961921795856488,0.962913834800568,0.970837759357922,0.988842296775173,0.992957913883103,0.99133815823894,0.988882895134029,0.985582285707927,0.995363271110852,1.0209359765405,1.0197278410231,0.997031338220299,1.02754320113175,1.01749342549345,1.00011366094508,1.01791104757199,1.01929749549983,1.04957028693493,0.980725771963722,0.982213046753974,0.996203226535983,1.01025948748615,1.04770047572035,1.0625256290343,1.02683595160291,1.02519874174681,1.02967619244217,0.995778519231429,0.995675299122325,0.995691086652753,0.995767233714536,0.995790260526833,0.995761065331947,0.995761780777827,0.995778140683562,0.995817642614422,0.99582294318551
7.94098598892406,7.03545398088776,1.62870798388956,1.02597945046033,1.01860464274995,0.992590702025861,0.957961093908965,0.956380436675382,0.957164822334514,0.950656413044403,0.952134131743635,1.01928539554586,0.963527690302073,0.960172481778749,0.943037503427102,0.962132694110451,0.963094375846878,0.970948297517263,0.988925198502746,0.993032207493395,0.991420869494351,0.98893682726789,0.985620437335307,0.995440886431143,1.0210069158385,1.0197979314742,0.997113416661769,1.02759166241483,1.01749928171031,1.00014897571393,1.0178518190283,1.01922292743908,1.0496126771338,0.981026770583638,0.982453383002982,0.996251407118438,1.01028049096715,1.0477635107637,1.06258023927531,1.02687708353175,1.02510482221627,1.02970758179701,0.995779332816975,0.995689781876647,0.995703974072746,0.995763256908699,0.995781333399297,0.995759706264062,0.995760689216344,0.995778436715299,0.995817390141996,0.995816437641044
7.98475156469836,7.02848865278964,1.62955310673172,1.02603250665707,1.01865641025939,0.992670791084375,0.958103670133459,0.95655759904661,0.957348919848441,0.950832451118585,0.952305909828482,1.0193850654544,0.963705591097011,0.960352626075542,0.943209096482357,0.962302332468884,0.963241266139262,0.971044356285237,0.989001252359447,0.99309808361609,0.991492274629586,0.988995595083414,0.985670387453775,0.995513363644893,1.02107412366017,1.01986415073121,0.997189114358629,1.02763125669109,1.01750211760701,1.00017898424628,1.01779617644914,1.01915343831148,1.04964781352452,0.981266942880914,0.982645591750062,0.996303783913332,1.01032122764994,1.04782417687699,1.06263192691308,1.02691104377527,1.02501767411974,1.02973283063577,0.995780267005758,0.995719521065354,0.995729295389173,0.99576071317839,0.995769516394947,0.995759685258896,0.995761144707768,0.995779202167336,0.995809517800529,0.995807775161164
8.02851714047267,7.02508614249227,1.63010962640334,1.02606999452282,1.01869503340151,0.992728594242727,0.958196747219858,0.956669320651554,0.957464509346175,0.950943240323966,0.95241416116368,1.01944842699293,0.963817971052794,0.960466221324934,0.943317855588651,0.962410431016661,0.963338004772822,0.971118109370991,0.989066090353695,0.993152521808984,0.99154821938519,0.989057997152434,0.985733000640805,0.995576753382636,1.02113408140104,1.01992302021232,0.997254154884575,1.02766052379878,1.01750853704727,1.00020610484614,1.01776104905689,1.01910829869681,1.04967434656351,0.981414006066488,0.982765266585774,0.996359411919261,1.01038488166287,1.04787939347079,1.06267801515889,1.02693649144373,1.02495925329482,1.02974950331763,0.995781150133525,0.995759101364382,0.995762362118044,0.995760313801632,0.995757089128951,0.995761396806445,0.995763349112822,0.995780221894383,0.995795666540217,0.995797511907469
8.07228271624697,7.02578708132292,1.63027291409247,1.02608979882929,1.01871923785141,0.992760360452389,0.958231375512865,0.956703883246654,0.957499305007807,0.950977149384367,0.952447590831513,1.01946926000014,0.963853099162535,0.960501351646947,0.94335249188322,0.962445893736659,0.963375234405789,0.971163901618974,0.989115537842523,0.993192785911041,0.991585571983156,0.98912056086134,0.985805307338769,0.995626913676584,1.02118284923145,1.01997069971279,0.997304332298096,1.02767873115741,1.01752296833732,1.00023164951499,1.01775806067366,1.01910079186103,1.04969144529685,0.981450372989322,0.982799417492845,0.99641534597031,1.01046902161532,1.04792550666821,1.06271562614893,1.02695271998696,1.02494483238334,1.02975624024226,0.995781947384881,0.995801542923983,0.995797340576049,0.995762475375313,0.995746685408319,0.99576516784482,0.995767446695371,0.995781289001209,0.995778583023705,0.995786347264326
8.12528832179433,7.0317675004484,1.62991646898396,1.02608927226098,1.01872834360048,0.992762316373746,0.958194591815166,0.956642975341023,0.957433971456775,0.950915876540131,0.952388437880891,1.01943771517923,0.963792911437936,0.960439535082348,0.943295702987652,0.96239193127929,0.963339833072218,0.971177651319765,0.989149189237672,0.993218849782731,0.991602914474103,0.989187804577401,0.985895085888021,0.995663787923123,1.02122072037127,1.02000746250714,0.997339339795703,1.02768566594106,1.01755223925672,1.0002594598108,1.0178021669925,1.0191476965792,1.04969890677373,0.981347543031526,0.982727950811993,0.996475919377835,1.01058522125718,1.04796318138663,1.06274540870163,1.02695970954606,1.02499322185906,1.02975098581162,0.995782854959921,0.995846095524311,0.995833600481209,0.995768481569013,0.995740389144716,0.9957725727341,0.995774875124485,0.995782400568661,0.995758490401123,0.995772746137177
8.1782939273417,7.04184424111597,1.62903799389781,1.02606377766777,1.01871597238439,0.992727690104647,0.958085690404439,0.95648993557186,0.957272574667769,0.95076283042938,0.952239790671168,1.01935441546979,0.963640905691206,0.960284412741661,0.943150412354956,0.96225086625225,0.96323040622052,0.971147336598143,0.989150668348565,0.993217927071225,0.991589593198306,0.989234947427758,0.98597172316039,0.995669997183847,1.02123042653919,1.02001650150766,0.997342294080848,1.02767699075256,1.01758987030464,1.00028034474212,1.01788937670987,1.01924584408388,1.04969223184005,0.981115604767173,0.982557183805918,0.996519159223587,1.01069599067852,1.04797594526444,1.06275453913075,1.02695354902808,1.02510297737295,1.02973304209193,0.995783729211421,0.995873463782076,0.995855561961257,0.995777436000816,0.995743667111492,0.99578250265246,0.995784442677983,0.995783148471342,0.995744191894539,0.995760233836226
8.25431019119005,7.05794082426046,1.62746502458544,1.02599225284694,1.01866260038378,0.992628223220048,0.957858392715764,0.956188194509457,0.956956572820474,0.950461549195335,0.951946345186893,1.01918597086939,0.963341936881433,0.959979608795415,0.942862947325283,0.961969673444199,0.962999713336006,0.971039295164277,0.989091883577282,0.993165454713078,0.991519495736554,0.989240381410985,0.986016454199037,0.99561809615888,1.02118671838559,1.01997291056078,0.997284915977638,1.02763898729694,1.01763242701616,1.00028176259186,1.01803497119013,1.01941517682214,1.04965912757818,0.980679263363409,0.982231730629119,0.996526879794973,1.01078578474256,1.04794212321151,1.06272546847899,1.02692313421513,1.02530063289509,1.0296933488091,0.99578459139794,0.995872120353431,0.995854289223752,0.995792257694244,0.995765602987117,0.995797908089523,0.995799088648348,0.995783493633444,0.995741388633762,0.995746296357431
8.3112079709191,7.06751590880685,1.62643690367261,1.02592067340137,1.01860015912821,0.992531449382905,0.957680272064176,0.955963218170654,0.956722644421612,0.95023685630736,0.95172670710907,1.01905564230313,0.963120202275501,0.959753520594969,0.942648468714993,0.961758560880917,0.962817998422197,0.970926602398944,0.989006765046096,0.993091238434315,0.991436487791135,0.989187427556111,0.985980824823531,0.995536704094992,1.02111277829513,1.01989983348458,0.99719984465719,1.02759511025286,1.01763835299981,1.00025310558395,1.0181173321204,1.01951584134321,1.04961939051577,0.980371354068036,0.981998845081995,0.99648243613533,1.01076970137619,1.04787906133137,1.06267343516039,1.02688701246762,1.02542523588577,1.02965979475223,0.995784459069571,0.995841259187126,0.995829653035224,0.995802414435731,0.99579193931657,0.995807441890239,0.99580822657378,0.995783220234892,0.995754061721332,0.995739808024678
8.36810575064815,7.07190259008137,1.6259451230838,1.02584306426702,1.0185240119686,0.992431417291125,0.957537558026444,0.955796116696099,0.956551026570307,0.950069682942548,0.951562213411293,1.01895202124231,0.96295725732537,0.959587234781944,0.942489275265199,0.961600356342661,0.962671849111602,0.970806088658085,0.98889624744539,0.992994247204716,0.991337714439224,0.989084093350834,0.985877169315704,0.995428133851673,1.02101196103849,1.01980026064067,0.997088416642019,1.02754229568881,1.01760624725037,1.00019316530599,1.01813574496829,1.01954724345392,1.04957051989922,0.980166093212656,0.98183883660627,0.996393210723457,1.01066514593995,1.04779128083584,1.06260105106738,1.02684273749504,1.02547626098102,1.02962944621915,0.995783055007932,0.99579422146208,0.99579245723891,0.995809319171662,0.995820064971325,0.99581220235903,0.99581299116242,0.995782477794847,0.99577616959084,0.995736974982339
8.4250035303772,7.07009323992403,1.62625379198697,1.02576715684333,1.01843879312071,0.992337532289616,0.957449746255475,0.955712058335483,0.956467904156751,0.949985449906477,0.951477838218889,1.01889086794988,0.962878003019654,0.959506109297654,0.942409376733699,0.961518650049263,0.962581440244419,0.970690927703925,0.988770860738825,0.992881847548432,0.991231346789891,0.988938198852077,0.985711927893347,0.995303858072092,1.02089569328582,1.01968518809408,0.996961589706857,1.02748299479467,1.01752770000432,1.00010039502342,1.01806653901117,1.01948222871958,1.04951567093771,0.980097720887219,0.981778769657051,0.996265757533349,1.01047706122531,1.04768965090823,1.06251584284719,1.02679221692873,1.02542239704785,1.02960637175286,0.995780010759315,0.995744462669723,0.995753221969007,0.995811410387701,0.995842574516782,0.99581040266014,0.995811563590998,0.995781117157194,0.995801348274057,0.995737467517381
8.48190131010625,7.06293115630805,1.62728647848849,1.02569910868703,1.01835165473203,0.992257749648645,0.957420952690291,0.955712597381348,0.956474371232075,0.949985646433762,0.951475243985979,1.01887416024206,0.962883381803747,0.9595111978722,0.942410189792004,0.961515267785113,0.962551379499239,0.970593357459354,0.988645852552916,0.992766462432871,0.991128270401874,0.988769469909905,0.985508669201347,0.995180372433682,1.02078029823355,1.01957050464629,0.996835228212225,1.02742210675059,1.01740925298535,0.999983860479327,1.01791352771091,1.01932369250827,1.04945962115181,0.980163834843244,0.98181631981168,0.996117182505819,1.01023348705267,1.04758933559019,1.06242906377761,1.02673941621368,1.02526461482556,1.02959190561538,0.995775355504909,0.995705689990088,0.995722388406401,0.995807858540871,0.995852847666965,0.995801711486492,0.995803391105704,0.995778863188219,0.995822031499819,0.995740625224245
8.5387990898353,7.05273210200545,1.62879295428305,1.0256433730018,1.01826988543536,0.992195266488528,0.957437754449921,0.955774549433492,0.956545304001166,0.950047273593383,0.9515324684038,1.01889172581036,0.96294971774304,0.959578435509707,0.94246957528836,0.961569136586986,0.96256833569631,0.9705196194567,0.988535351919111,0.99266026380011,0.991037465033445,0.988602766739471,0.985300245795566,0.995073177740368,1.02068121941979,1.01947135005569,0.996724131128256,1.02736406705311,1.01726687503275,0.999857823746019,1.01770157841073,1.01909819924063,1.04940721335909,0.980321394798583,0.981921298604624,0.995969277270661,1.00997649647632,1.04750456651447,1.06235169111639,1.02668822116638,1.02503043490326,1.02958518757769,0.995769606617937,0.995687874126241,0.995707408705944,0.995798663129448,0.995846876618247,0.995787438753929,0.995789519068255,0.995775432868412,0.995831537079768,0.995745638717255
8.59569686956435,7.04262105189129,1.63037281824415,1.02560312636116,1.01820177325711,0.992151314022308,0.957477470313676,0.955861380333865,0.956641442565611,0.950133942312327,0.951614549466686,1.01892613130149,0.96304010643406,0.959670236102458,0.942552748416423,0.961646924449503,0.962609400713343,0.970472411787856,0.988452349041885,0.99257568706355,0.990967346962163,0.98846520369887,0.98512388428796,0.994995848542414,1.02061160398814,1.01940079116205,0.996641696815796,1.02731425844781,1.01712543712154,0.999741667530795,1.01747413442602,1.01885306254989,1.04936387502773,0.980505947832832,0.982048321871392,0.995846001746256,1.00975496333161,1.04744702596459,1.0622936570738,1.02664349024383,1.02477054768134,1.02958392796489,0.995763655550048,0.995694564717201,0.995710841041777,0.995784695908346,0.995824455524028,0.995770232511708,0.995772446463301,0.995770722114242,0.995825980481942,0.995751714100502
8.6525946492934,7.03560640765413,1.63159552077078,1.02558067972025,1.01815590781541,0.992126715855985,0.957516799229044,0.955935951004724,0.956722941140021,0.950208565583735,0.95168578501981,1.0189591542729,0.963117187940857,0.959748500622986,0.942624416254905,0.961714776829122,0.962650818842355,0.970452234104908,0.988407076232629,0.992523917123487,0.990925364493735,0.988380775208158,0.985013123880892,0.994957986253012,1.02058014067726,1.01936767170119,0.996598120473469,1.02727874552474,1.0170134676477,0.999656291709187,1.01728281110016,1.0186448078734,1.04933512699643,0.980652424550527,0.982151798395926,0.995768750098385,1.00961341634021,1.047423874,1.06226231581865,1.02661072403777,1.02454611911654,1.02958553900445,0.995758494818914,0.995722049903044,0.995729864871136,0.995767667238135,0.995789368936252,0.995753365962313,0.995755495107631,0.995764958597232,0.995805395445567,0.995758183799101
8.70949242902245,7.03369931441918,1.63212649737245,1.02557751598455,1.01813950849328,0.992122403653402,0.957539090553191,0.955971741236357,0.956761357050548,0.950244593269984,0.951720583402391,1.01897753662813,0.963154327991622,0.959786045588209,0.942659382819717,0.961748510054857,0.962675361728107,0.970458042990146,0.988405020709824,0.992512606984565,0.990916725066768,0.98836474534652,0.984989676122486,0.994963345135348,1.0205893788869,1.0193748649739,0.996598400454125,1.02726312755079,1.01695600218385,0.999619098193624,1.01717397690249,1.01852442085164,1.04932554585474,0.980714298764974,0.98219928963691,0.995751390549246,1.00958101481234,1.04743644920328,1.06226098619468,1.02659497572224,1.02441277204942,1.02958808830725,0.995754887750213,0.99576065792597,0.995757332811174,0.995749969140255,0.995748547131322,0.995739850510342,0.995741879268786,0.995758738349591,0.995773784093457,0.995764545360403
8.7663902087515,7.03733916554097,1.63182002763794,1.02559406467222,1.01815654716536,0.992139215703476,0.95753882373809,0.955959999130229,0.956747313429648,0.950233191948085,0.951710395059597,1.01897665282297,0.96314272264614,0.959773880057115,0.942649283899006,0.96174006538451,0.962676951629586,0.970487658613248,0.988445657273065,0.992543963522757,0.990943102576756,0.988419784353248,0.985057882795056,0.995009146900941,1.02063543839538,1.01941886909881,0.996641239632871,1.02727106064247,1.01696788939355,0.999639391121348,1.01717633540067,1.01852370286825,1.04933758374945,0.980676120194509,0.982180092844805,0.995796801234815,1.00966408534912,1.04748036214064,1.06228835464242,1.02659951099049,1.02440573645589,1.02959086848088,0.995753117875434,0.995797788212063,0.995784016331161,0.995734345860265,0.995710426550072,0.99573166540272,0.995733793677667,0.995752913631377,0.995738124113234,0.995770433665723
8.82328798848055,7.04530192166425,1.63075599098313,1.02562942148236,1.01820643284898,0.992177365689015,0.957522560004959,0.955911431082783,0.956692331200375,0.950184963895037,0.951665372269308,1.0189613891791,0.96309307859062,0.959722934207681,0.942604180112083,0.961699027566303,0.962661759981847,0.970538098107529,0.988522444454831,0.992613950232314,0.991001946124067,0.988535082085649,0.985203423198969,0.995086866716931,1.02070920633127,1.01949088674845,0.996719310323831,1.02730310769093,1.01704954528885,0.999715642780611,1.01729290676858,1.01864642016791,1.04937077846895,0.98055683073199,0.982107349305526,0.99589599417012,1.00984434743236,1.04754690050247,1.06233890929339,1.02662480247068,1.02453010364061,1.02959450013338,0.995752917585057,0.995821739419781,0.995801363308901,0.995723382387671,0.995682931233881,0.995729331083502,0.995731834757123,0.995748362903354,0.995706597802682,0.995775552451577
8.8801857682096,7.05511000019144,1.62921383400309,1.0256811680368,1.01828379201969,0.992235944299053,0.957506400410636,0.955852300356345,0.956624669768647,0.950126053399485,0.951610611018915,1.01894415852411,0.96303175247043,0.959660109219985,0.942548903620714,0.961649125127991,0.962645782100913,0.970605974134107,0.988624289983629,0.9927130508178,0.991086800187027,0.988688925595997,0.985396861419724,0.995184403593152,1.02079877358026,1.019579175124,0.996820989957391,1.02735638557989,1.01718661687586,0.999835641463594,1.01750001635723,1.01886710256492,1.04942163656591,0.980403360438829,0.982013464529918,0.996030273195565,1.01008354769735,1.04762541382337,1.0624043716072,1.02666828699733,1.02475929792667,1.029600580864,0.995753609581541,0.995825168629954,0.995803958286504,0.995718900402995,0.995671576563075,0.995731935582166,0.995734957488884,0.995745733497266,0.995686504514908,0.995779602196617
8.95596633771175,7.06581317503427,1.62716863496925,1.02576711664651,1.01841061941444,0.992338726903595,0.957518291740372,0.955813691687775,0.956575980813282,0.950087448226216,0.951576680253911,1.0189446546301,0.962989068606286,0.959616251404355,0.942513136455078,0.961620019142192,0.962656936299869,0.970714643214682,0.988773016939139,0.992864461892494,0.991221137215897,0.988902635630724,0.985660118728125,0.995320511534739,1.02092027471074,1.01969963834023,0.996967265328813,1.0274476392975,1.01740568081044,1.00002434246976,1.0178320545397,1.0192216259016,1.04950471777755,0.980249964698701,0.98192756645433,0.996218986535837,1.01040456576406,1.04772988457382,1.06249733202862,1.02674363309102,1.02512995052186,1.02961536788155,0.995754577066855,0.995798125136393,0.995784425434247,0.995723561770772,0.995683610448433,0.995739596165301,0.995743022981792,0.995745544571214,0.995684593102501,0.995782711900333
9.04845957919315,7.0690555298633,1.62568634399952,1.02588019627176,1.01856656463541,0.992485718860696,0.957623385581751,0.955898246347327,0.956656396569771,0.950171070520804,0.95166145379712,1.01901123327065,0.963068349314642,0.959696652375424,0.942594544021824,0.961705522079696,0.96276120692115,0.970861544891308,0.988938241360815,0.993038501992854,0.991385951906978,0.989104074448512,0.985892258365088,0.995466049160936,1.02104725562527,1.0198257867968,0.997127682233357,1.02756610121833,1.01764116616253,1.00023199055469,1.01817035212277,1.01958021213637,1.0496070347913,0.980278114304574,0.981975001735877,0.996399660782551,1.01067349624438,1.04783839453665,1.06259779309149,1.02684205586848,1.02550248578414,1.02964547145051,0.995754799615016,0.995739257467832,0.99574138916637,0.995741158206828,0.995728747729627,0.995749407765326,0.995752302338383,0.995749545170778,0.995717253318571,0.995781934852601
9.14095282067454,7.06020857235879,1.62598546742139,1.02597203215144,1.01867597412009,0.992615985549614,0.95780903218,0.956118903930975,0.956883938785466,0.950390190491496,0.951876000206773,1.01914020821741,0.963285983383655,0.959917855338796,0.942805816441297,0.961914985529567,0.962947586281605,0.970989151722491,0.989043153208115,0.993150811473877,0.991505147366844,0.989180756773233,0.985954515014828,0.995557358296472,1.02112709666486,1.01990448211096,0.997228943366576,1.02765476717668,1.01775186388809,1.00034270491935,1.01829196089837,1.01970302762474,1.04967971209984,0.980557712806539,0.982197530515929,0.996471731584583,1.01072085850272,1.04790906251516,1.06266119186694,1.02691689582907,1.02562280092444,1.02968207395278,0.995754959613145,0.995692128350437,0.995706558366754,0.995762426535737,0.995781915874676,0.995755840682362,0.995757325549419,0.995756375379818,0.995768444739646,0.995775507446049
9.21106129770744,7.04877226867691,1.62722063749015,1.02600851405215,1.01870495365302,0.992674695127256,0.957955267989469,0.956316326863799,0.957091489405562,0.950586512800717,0.952066559998684,1.01924578742853,0.963484028827472,0.960118960046609,0.94299528429141,0.962100121883031,0.963095794381165,0.97104769773878,0.98906595347742,0.993174169652793,0.991541436948454,0.989148901844284,0.985887398641039,0.995579499396503,1.02114892055426,1.019924961955,0.997251500540049,1.02768228039297,1.01772807218416,1.00033934131217,1.01821032808732,1.01960863243275,1.04970013111002,0.980853003692322,0.982421705414452,0.996446601195388,1.01061430094107,1.04793247354705,1.06267698663084,1.0269416430735,1.02551489412294,1.02970545734301,0.995756721187127,0.995686641525848,0.995702479709216,0.99577504187809,0.995810287616753,0.99575895336984,0.995759496534644,0.995762418746763,0.995802138513094,0.99576723404321
9.28116977474034,7.03858906336454,1.62879765529763,1.02600431640393,1.01867896313636,0.992676923729152,0.958044186585252,0.956454134038973,0.957238951567687,0.950723902480517,0.952198909322074,1.01931376652261,0.96362555943647,0.960262184640734,0.94312860539442,0.962228699474541,0.963187378395558,0.971052248811012,0.989035540666647,0.993139001140902,0.991519752437955,0.989059659752226,0.985757533545338,0.995558013859022,1.02113501703425,1.01990946719036,0.997223454957075,1.0276661626253,1.01762554209511,1.00026641296899,1.01801841788611,1.01939777199977,1.04968489296903,0.981086420559302,0.982598501389432,0.996369603612338,1.01043842828693,1.047927428372,1.0626632655208,1.02693067381466,1.02528633365665,1.02971588521187,0.995761337309461,0.995713360644483,0.995722922776024,0.995782108275517,0.995819185123574,0.995763140363199,0.995763547104629,0.99576876510559,0.995818948004208,0.995757329361987
9.35127825177324,7.03407142279879,1.62995078109498,1.02595865196475,1.01860815077921,0.992622565461948,0.958041361032661,0.956477952675819,0.957268192688919,0.950747667282499,0.952220139105271,1.01931536479472,0.963655490247974,0.96029151410051,0.943153848562705,0.962250852482724,0.963187256803733,0.9710026416095,0.988965553017513,0.993060799585324,0.991449952304688,0.988950747107449,0.985619012856634,0.995502751020547,1.02109231122478,1.01986533441097,0.997157357492659,1.02761378013246,1.01748767315458,1.00015508339459,1.01779652211728,1.01915853551598,1.04964014435537,0.98116716751996,0.982659642965813,0.996273706992817,1.0102659904074,1.04789798047605,1.06262694544449,1.02688889638238,1.02503244992317,1.02970837735507,0.995768909113203,0.995762246721877,0.995761179106846,0.99578464377319,0.995809476022615,0.995770594940513,0.995771795386632,0.995775168005592,0.995815795018612,0.995747719961554
9.42138672880614,7.03702760951384,1.63032558559386,1.02587849357173,1.01850834558069,0.992520047237226,0.957934279036156,0.956364075882437,0.957153276083309,0.950634086347138,0.952107619989869,1.01924020984122,0.963548942363456,0.960181784681907,0.943047920038869,0.962144666656221,0.963081885778289,0.970904258564123,0.988869259303765,0.992956696023925,0.991345998105792,0.988851476009324,0.985512512157771,0.995421524533809,1.02102491378042,1.01979712032685,0.997064784803518,1.02753758029447,1.0173579396528,1.0000372109913,1.01762137497576,1.01897474097967,1.04957588644688,0.981048427405334,0.982571203440903,0.996185140975136,1.01015070045154,1.04784545320594,1.06257293652455,1.02682554915434,1.02484380215976,1.02968244429984,0.995778050556231,0.995814091795758,0.995803213547769,0.995785356615566,0.995789099547251,0.995781629504412,0.995784085756687,0.995781063685552,0.995797451075145,0.995740631634318
9.49149520583905,7.04616185814161,1.62988302089246,1.02577781425594,1.01839916998227,0.992389364382979,0.957745478391587,0.956137682580561,0.956919895885321,0.950408046393317,0.951885784538797,1.01910329502112,0.963329489073553,0.959957301177835,0.942834108904319,0.961933311796977,0.962893099842913,0.970773922175307,0.988761726926731,0.992845560792976,0.991227189349333,0.988777618381016,0.985455569622447,0.995324288981783,1.02093926387625,1.01971150274829,0.996959229578484,1.02745384795077,1.01726769705892,0.99993856585671,1.01754020568958,1.01889692770405,1.04950475579978,0.980760361486245,0.982353730409832,0.996118494579671,1.01011225132543,1.04777382630132,1.06250720273724,1.02675355708011,1.02477384506692,1.02964283345693,0.995786256876043,0.995848927044523,0.995833454762576,0.995786772793654,0.995769473359866,0.995794060722513,0.995797461365592,0.99578547402806,0.995774069101373,0.995738025728985
9.53503733022233,7.05347417801425,1.62933334755163,1.02571269838198,1.01833432842097,0.99230397958593,0.957605409928749,0.955964204699481,0.956740085937952,0.95023484035438,0.951716237661469,1.01900113866849,0.963159484059517,0.95978379156727,0.942669334183627,0.961770939177104,0.962751986157906,0.970685407525601,0.98869409911122,0.992779050765321,0.991153411714574,0.988744099570106,0.985441758068441,0.995259346848176,1.02087945903635,1.01965213393855,0.996891555289266,1.02740445635178,1.01723669584284,0.999892471952054,1.0175409777699,1.0189055004007,1.04946217265903,0.980529355193584,0.982178155969587,0.996088037455701,1.01012035911402,1.04772172644075,1.06246239188519,1.02670988021918,1.0247932198339,1.02961501221431,0.995789734765028,0.995855956359345,0.995841192384996,0.995788502443353,0.995762129340944,0.995800882594261,0.995804438742351,0.995786995296644,0.995761746423072,0.995739217265215
9.57857945460562,7.06057500578253,1.62866892315755,1.02565100237372,1.01827665991078,0.992224421538006,0.95746850546427,0.95579296395683,0.95656237089821,0.950063649536995,0.951548664168083,1.01890000440953,0.962990746972468,0.959611822529692,0.942506129187679,0.961610224427974,0.962613453262032,0.97060044315101,0.988630457462834,0.992719035348823,0.99108587591826,0.988717222500896,0.985437072361608,0.995195427345329,1.02081883427123,1.01959213389593,0.996826896443273,1.02736100980804,1.01722276918405,0.999858788746356,1.01757149750304,1.01894657928238,1.04942408551638,0.980300053793586,0.982000926952715,0.996063602329743,1.01014041804796,1.04766776039932,1.06241740868404,1.02667058585977,1.02484788276778,1.02958780828933,0.995791253704838,0.995850126785446,0.995838633210097,0.995790665183411,0.995760723264584,0.995805548428148,0.995808857638382,0.995787291064848,0.995754142267338,0.995742697309001
9.62212157898891,7.06630698909713,1.62806713478259,1.0255978864964,1.0182290201268,0.992156235261716,0.95734928940312,0.955643912963637,0.956407674616975,0.94991460847155,0.951402762238524,1.01881194947224,0.962843143790128,0.959461618394331,0.942363479464953,0.961469648820893,0.962492117936558,0.970524337136318,0.988572455525726,0.992666972129866,0.991027551184171,0.988691864998865,0.98543196823712,0.995134771676958,1.02075987467273,1.01953383955323,0.996767124149815,1.02732576065952,1.01722069041823,0.99983518358276,1.01761821216119,1.01900475763548,1.04939248329607,0.980100999432912,0.981844642129387,0.996040702831737,1.01015787226408,1.04761452865145,1.06237358042668,1.02663791163209,1.02492041880517,1.02956422190716,0.995790577429519,0.995832841831671,0.995826422770763,0.995792690210278,0.995765456618123,0.995807093141434,0.995809841070502,0.995786301173598,0.995752425544939,0.995748308986316
9.65414234925557,7.06914517758878,1.62772907791865,1.02556642019921,1.01820141066317,0.992116082692756,0.957280433242386,0.955558738587763,0.956319405113296,0.949829426910973,0.951319311646467,1.01876130065773,0.962758396221215,0.95937552838548,0.942281553633152,0.961388742846978,0.962421552665401,0.970477162355856,0.988534694884169,0.992634594505973,0.990992080697332,0.988671933196312,0.985423331390184,0.99509410973049,1.02071969230228,1.01949406915629,0.996727787876893,1.02730574573037,1.01722299453068,0.99982252006442,1.01765395351456,1.01904835050717,1.04937411241508,0.979989170367453,0.981754798489205,0.996022833258583,1.01016175089509,1.04757803765006,1.0623433939581,1.02661889503318,1.02497381368781,1.02955050366635,0.995788709289247,0.995814526723162,0.995812397835815,0.995793703376431,0.995772344798886,0.995805881982412,0.995808110541817,0.99578480659839,0.995754995283852,0.995753614779759
9.68616311952223,7.07054722074372,1.62750578640017,1.025542502172,1.01818082595982,0.992086410608707,0.957232594030869,0.95550097870014,0.956259792590662,0.949771556851937,0.951262459991914,1.01872589380626,0.962700639108869,0.959316993111706,0.942225633937281,0.961333294917421,0.962372068484038,0.970440034463403,0.988502537047648,0.992608245739284,0.990964299687695,0.988650148884343,0.985408280639552,0.995058665167628,1.02068421539398,1.01945885512683,0.996693985142162,1.02729136947899,1.01722633205446,0.999813029067157,1.01768496673934,1.01908586225411,1.04936043815337,0.979916754054478,0.981693929471059,0.996003365776804,1.0101540332538,1.04754577829737,1.06231616566601,1.02660480243627,1.02501945839251,1.02954052658987,0.995785850358841,0.995793469013811,0.995795556906718,0.995793991527361,0.995781204180347,0.995802593544857,0.9958043123107,0.995782789089089,0.995760383785981,0.995759697394924
9.71818388978889,7.07042674531918,1.62743418485129,1.02552705689294,1.01816716144083,0.992067613677393,0.957207579674669,0.955473231157328,0.956231548910092,0.949743716935276,0.951234916489495,1.01870774378678,0.962672574745952,0.959288727078059,0.942198267008408,0.961305782798628,0.962345571792628,0.970413724519683,0.98847632199361,0.992587767077933,0.990944259786223,0.988625534099264,0.985384870943944,0.995029397695422,1.02065473486291,1.01942942220079,0.996666270682831,1.02728224226149,1.01722775877538,0.999804987551336,1.01770529577482,1.01911068967943,1.04935139876874,0.979886910231057,0.981665427440113,0.995981401373287,1.0101316889959,1.0475191702627,1.06229276134173,1.02659544694727,1.02505008830792,1.02953485391985,0.995782258124878,0.995771634892968,0.995777428690651,0.995793345330943,0.995790951954795,0.995797362449494,0.995798664383208,0.995780418259602,0.995767866809321,0.995766324699971
9.75020466005554,7.06884594191472,1.62751481012643,1.02552028862917,1.01816032353552,0.992059895839468,0.957205910114615,0.955476083354292,0.956235279694986,0.94974649268727,0.951237254425713,1.01870717572361,0.962674928680426,0.959291423504521,0.942200134349511,0.961306901790355,0.962342709601682,0.970398974011793,0.98845681017986,0.992573472091344,0.990932244032494,0.988598536055309,0.98535326133447,0.995007485578249,1.02063260721462,1.01940707851632,0.996645559255873,1.02727818013846,1.01722590892742,0.999797762659863,1.01771189285878,1.0191193981729,1.04934697714356,0.979900237163919,0.981670276871019,0.995957288019228,1.0100945577921,1.04749956847691,1.06227409083832,1.02659073822215,1.02506181396407,1.02953356379109,0.995778264381313,0.995751014706551,0.995759634716011,0.995791649495586,0.995800379293116,0.995790503343165,0.99579154808806,0.995777901296313,0.995776514702179,0.995773243260075
9.7822254303222,7.06599395681679,1.62773585000624,1.02552207835699,1.01816002886985,0.99206288626148,0.95722640931549,0.95550777884506,0.956269112983412,0.949778149052786,0.951267805945325,1.01872335057646,0.962706076591223,0.959323384226123,0.942229671313686,0.961335159903796,0.962362406183561,0.970395928922658,0.988444626600655,0.992565563914179,0.990928254117949,0.98857028927113,0.985314852371609,0.994993907350925,1.02061896642042,1.01939293014141,0.996632606860313,1.02727879601218,1.01722006470493,0.999791040722632,1.01770330882223,1.01911035881716,1.04934699560653,0.979953596308777,0.981706789266548,0.995931986459883,1.01004434669648,1.04748809213121,1.06226099574628,1.02659037405748,1.02505276147472,1.0295365050335,0.995774247838072,0.995733432723935,0.995743742139258,0.995788901006436,0.995808275684891,0.995782491200086,0.995783477763837,0.9957754647506,0.995785286396168,0.995780193461604
9.82278851635129,7.06105764523754,1.62816857305075,1.02553576521494,1.01816845397889,0.992080725342235,0.957279751335315,0.955582892041409,0.956348360538256,0.949853274926917,0.951340774729981,1.01876444076526,0.962780599066569,0.959399439044319,0.942300814072769,0.961404136364302,0.962415403589402,0.970408323330058,0.988440667038771,0.992565128463906,0.990934510699131,0.98853601153147,0.9852612208711,0.994989931744845,1.02061523711464,1.01938813802182,0.996628414725116,1.02728562933454,1.01720756903955,0.999783790971508,1.01767219233898,1.01907515845461,1.04935299681294,0.980068275930498,0.981791488306948,0.99590109528373,1.00996845666886,1.04748647279439,1.06225356058373,1.02659553571583,1.02501330934381,1.02954559125392,0.995769759154547,0.995717865982995,0.995728509036884,0.995784113521118,0.995814377775901,0.995771673621705,0.995772876616588,0.995772853429315,0.995794911756349,0.995788640308133
9.86335160238037,7.05533262071393,1.62871237230538,1.02556054914397,1.01818561602388,0.992111620409286,0.957355882815042,0.955686184633612,0.956456772576662,0.949956710168101,0.951441547426002,1.01882286164736,0.962883547604878,0.959504245482545,0.942399344863944,0.961500188759006,0.962491946980076,0.970436723083797,0.988449680980541,0.992575223870141,0.990952323224122,0.988507537787395,0.985208749577736,0.995000934151064,1.02062685451738,1.01939827794942,0.996638051781896,1.02729813571296,1.01719140459027,0.999779017772507,1.0176236546102,1.01901931191886,1.04936492187149,0.98021846475844,0.981907139055343,0.995875128550536,1.00988853964162,1.04749936974926,1.06225676786505,1.0266059511076,1.02494918367658,1.02955946715639,0.995766585115792,0.995711464271283,0.995720498564583,0.995778305590751,0.995814787239105,0.995761333629489,0.995763018760695,0.995771120790871,0.99580130641155,0.995796290386003
9.90391468840945,7.04966992494608,1.62925930265836,1.02559424689675,1.01821091164719,0.992153154310496,0.957445788055651,0.955804641060417,0.956580591886869,0.950075359890937,0.951557382348444,1.01889125281305,0.963001950137895,0.959624575212254,0.942512918784507,0.961611377410018,0.962583018974946,0.970479273917161,0.988472659686976,0.992596699945541,0.990981350126888,0.988491269679066,0.98516751814345,0.995027490083047,1.02065410604427,1.01942374439078,0.996662390342891,1.02731587461169,1.0171764240854,0.999779825661738,1.01756794590904,1.01895422786686,1.04938229093563,0.980384199915523,0.982038659967638,0.995859749006208,1.00981887346348,1.04752673347869,1.06227129601475,1.02662100920721,1.02487292461529,1.02957651860145,0.995765293454213,0.995714862195137,0.99572070675307,0.995772135486712,0.995808860533579,0.995752817094194,0.995755132128011,0.99577055117063,0.995803267129668,0.995802787077047
9.94447777443854,7.04486645581286,1.62971816689542,1.02563428293062,1.01824341758971,0.992202204233786,0.957539424977151,0.955924181445739,0.956704971802994,0.950195117987676,0.951674564471373,1.01896181915832,0.963121673133154,0.959746054413544,0.942628058228685,0.961724601792149,0.96267843521018,0.970532839773922,0.988509328485504,0.992629531338484,0.99102041820054,0.988492691731528,0.985146956627947,0.995068586965972,1.02069558650243,1.01946328734884,0.996700910903966,1.02733821598114,1.01716804996031,0.999789259087602,1.01751721534231,1.01889353320039,1.04940440264799,0.980544227164972,0.982169763467545,0.995859856027699,1.00977339039943,1.04756688949221,1.06229661466255,1.02663995527553,1.02479970726933,1.02959501747292,0.995766208480686,0.995727298261281,0.995728967733424,0.995766355611597,0.995797013316703,0.995747270160798,0.995750217025425,0.995771282350815,0.995800374631662,0.995807892455132
9.98504086046762,7.04156516351007,1.63000950362815,1.02567802881846,1.01828223788846,0.992255809885303,0.957627707128988,0.956032216059786,0.956816664727411,0.950303346220467,0.951780783771453,1.01902743829447,0.963229985156955,0.959855768566226,0.94273262775413,0.961828038423226,0.962768898856454,0.970594071480712,0.988558762556679,0.992673335040638,0.991068179359021,0.988516118186014,0.985155002078155,0.995122334760253,1.02074893703205,1.01951472225368,0.99675235502547,1.02736470618977,1.01717183085095,0.999810279891976,1.01748397773068,1.0188512890762,1.04943056504647,0.980680102269921,0.982285693400525,0.995879349035065,1.00976416170522,1.04761726654267,1.06233149887655,1.02666220986751,1.02474526278352,1.02961333358667,0.995769363271302,0.995746793395169,0.995744010408271,0.995761710189004,0.995780706672904,0.995745476537674,0.995748920371819,0.995773298503476,0.995793072061303,0.995811498108975
10.0256039464967,7.04016664763205,1.63007826702419,1.02572297123771,1.01832633830208,0.992311255755058,0.957703420829832,0.956119034749835,0.956905496701698,0.950390281373979,0.951866505035957,1.01908245677564,0.963316987262481,0.959943708637988,0.942817181875069,0.961912442415557,0.962846944790613,0.970659515796724,0.988619152659497,0.99272705811292,0.991122944664045,0.988563651533034,0.985196465169593,0.995185913534464,1.02081090347362,1.01957496344171,0.996814548568057,1.02739489187142,1.01719225669292,0.999844964607808,1.01747883404797,1.01883947247135,1.0494600075715,0.980778273849372,0.982375001868998,0.995920193952175,1.00979908167256,1.04767453432351,1.06237399702141,1.02668726347132,1.0247231171765,1.02963009917714,0.995774495048087,0.995770482133746,0.995763667528326,0.995758842180302,0.995762258043324,0.995747745878587,0.995751456405379,0.995776446703773,0.995782600610061,0.99581362139671
10.0661670325258,7.04078088579762,1.62990255505336,1.0257668158223,1.01837434804226,0.992366055398123,0.95776179314135,0.956178699366718,0.956965318157989,0.950449944241476,0.951925853261128,1.01912320826494,0.963376553069314,0.960003716623536,0.942875844710492,0.961971995221983,0.96290753761495,0.970725665311739,0.988687635858339,0.992788701702424,0.991182505456579,0.988634419169294,0.985271812505291,0.995255602112444,1.02087748128838,1.01964014253447,0.996884296279655,1.02742810426141,1.01723169167099,0.999893783273982,1.01750846265665,1.01886576482745,1.04949176989191,0.980831449940727,0.982430774675871,0.995981738836727,1.00988013507343,1.04773482186416,1.06242145980109,1.02671452227619,1.02474217849141,1.02964431385648,0.995781086068112,0.995795061013322,0.9957852119544,0.995758224971417,0.995744511279234,0.995753874162655,0.995757585976049,0.995780473585729,0.995770807883064,0.995814388903158
10.1067301185549,7.0432234227184,1.62949609885404,1.02580755641663,1.01842444114292,0.992417958418321,0.957800761862177,0.956209430524938,0.956994411796812,0.95048053272188,0.951956997723695,1.01914824067782,0.963406766605797,0.960033916045099,0.942906718422089,0.962004706542724,0.962948381872796,0.970789105029496,0.988760367073845,0.992855263056554,0.991244102527803,0.988724337569394,0.985376693519531,0.995327019267978,1.02094424283641,1.01970591433481,0.9969575116151,1.02746331296553,1.01728969767763,0.999955192713066,1.01757428094044,1.01893206647531,1.04952463413849,0.980839087868005,0.982451220524173,0.996060491090865,1.01000265268942,1.04779407554786,1.06247073359653,1.0267431855041,1.02480509020612,1.02965539361589,0.995788444438575,0.995817282198985,0.995805769019546,0.99576012575066,0.995730416288848,0.995763185001649,0.995766659202862,0.995785074312824,0.995759861656504,0.995814010300459
10.147293204584,7.04705477315723,1.62890589694838,1.02584350876217,1.01847430110341,0.992464942141903,0.957820875219503,0.956213418696994,0.956995286166905,0.950484236388449,0.951961976291446,1.01915823810854,0.963409774895021,0.960036547674776,0.942911739462099,0.962012285286035,0.962969855568383,0.970846654175342,0.988832737571885,0.992922836870888,0.991304490756668,0.988826360053149,0.985502201940831,0.995395450630361,1.02100670416658,1.01976781258342,0.997029476173696,1.02749905277576,1.01736280661432,1.00002555173326,1.0176719359975,1.01903391923029,1.04955710703951,0.980806952706375,0.982439540493497,0.996150322572268,1.01015558593522,1.04784840994679,1.06251840407847,1.02677216321546,1.02490756304524,1.02966316319601,0.995795812166011,0.995834418056352,0.995822741660044,0.995764596527469,0.995722579676181,0.995774642622525,0.995777713994336,0.995789943086843,0.995751911862262,0.995812746883505
10.187856290613,7.0516553602919,1.62820535341137,1.02587332226669,1.01852120393778,0.992505227602294,0.957824878367204,0.956196129973002,0.956973928391017,0.95046654048169,0.951946025322041,1.01915567170404,0.963391118381649,0.960017276676074,0.942896045162205,0.961999540914809,0.962974621545343,0.970895535438648,0.98889976453071,0.992986911467992,0.991360135392889,0.988931233572444,0.985635904890839,0.995456272002046,1.02106073821464,1.01982166274934,0.997095247984311,1.02753346015464,1.01744481979352,1.00009941805772,1.01779175318965,1.01916097790487,1.04958747000466,0.980745853570223,0.982403130697253,0.996243125512513,1.01032284536767,1.04789446271494,1.06256110810366,1.02680007182754,1.02503884073939,1.02966780005539,0.995802483403461,0.995844630017675,0.995834184518004,0.995771485773341,0.995722855580649,0.995787017407999,0.995789616866395,0.995794816190423,0.995748752663226,0.995810879463204
10.2436197391226,7.05788387865899,1.62724413963759,1.02590226997339,1.01857488016189,0.992546484064478,0.957812121214651,0.956152222150551,0.956924108751221,0.950421972622485,0.951904044321403,1.01913877608124,0.963345111349456,0.959970277126012,0.942854617575189,0.96196206773401,0.962961983787421,0.970944092758448,0.988973580412311,0.99305992251798,0.991421752072392,0.989059773113228,0.985804931094885,0.995519524340614,1.02111478508069,1.01987586665103,0.9971663643768,1.02757412157317,1.01755555392101,1.00019332107763,1.01796498689494,1.01934687014752,1.04962203874618,0.980641190747231,0.982332507700743,0.996357674692407,1.01053896648507,1.04793944260369,1.0626059375494,1.02683330344433,1.02523457657024,1.02966990275475,0.995809553435096,0.995846384497876,0.995839281608821,0.995784212336115,0.995737591457518,0.995803212209115,0.995805217287853,0.995801181804437,0.995754163865623,0.995807841773456
10.3134167780877,7.06336734628783,1.62632807451968,1.02591728155238,1.01861564412194,0.992572427839652,0.957784387467423,0.956094062088232,0.956860265996841,0.950362903092562,0.951847424577793,1.01911061047081,0.963285005060328,0.959909051089586,0.942799124120341,0.961910156866366,0.962933395840356,0.970971347184598,0.989023993770114,0.993113858405888,0.991465478696594,0.989163486213358,0.985946645221993,0.9955572628736,1.02114391511016,1.01990537785443,0.997212936214682,1.02760763214766,1.01766102594248,1.00027601968054,1.01814223025633,1.01953931335572,1.04964823145762,0.980527376278262,0.982249838596855,0.996451618870006,1.01072498093988,1.04796273376301,1.06263324703729,1.02686133781242,1.02544112315732,1.02966773247601,0.995814420840443,0.995831960194785,0.995830179589721,0.99580349854791,0.995775830466267,0.995819008438141,0.995820529431318,0.995808352060901,0.995776310945198,0.995804064127367
10.3832138170527,7.06458374305035,1.62600958613383,1.02590777250064,1.01861841576573,0.992567258792183,0.957759833353007,0.956058923503744,0.956823319121184,0.950326935940424,0.951812102823491,1.01908829832562,0.963249970942023,0.959873251801542,0.942765641232374,0.961877705690169,0.962907647155358,0.970959896253281,0.989018638662787,0.993115054563303,0.991464126238029,0.989176471553557,0.98597085551757,0.995544636256331,1.02112884073163,1.01989035531265,0.99720474117024,1.02761469900836,1.01769881529727,1.00029781550983,1.01821914048583,1.0196251561825,1.04965021379691,0.980477097615526,0.982209780486181,0.996466121666898,1.01076256604814,1.04794989430679,1.0626250731085,1.02686839299222,1.02553742940332,1.02966231082644,0.995815730698673,0.995808153642457,0.995811105062799,0.995823515950384,0.995825682418032,0.99582808795261,0.995829440686081,0.995814694247382,0.995810002577799,0.995801059841829
10.4530108560178,7.06131288784569,1.62644516599927,1.02587408572189,1.01857805165163,0.992528562809436,0.95774263065297,0.956054275345816,0.956821276035149,0.950321940107541,0.951805830192737,1.01907698510797,0.963248385389326,0.959871175131995,0.942761857788302,0.961872095574593,0.962889622705481,0.970910161629938,0.988956144008594,0.993059106970204,0.991414052094753,0.989090350445993,0.985864722700268,0.995484414943175,1.02107443602989,1.01983533020355,0.997141841559287,1.02758941216729,1.01764971268255,1.00024600460132,1.018160532463,1.01956570817218,1.04962464642334,0.980500953855628,0.982224574391702,0.996393064869038,1.01063371463764,1.04790637370879,1.06258357225219,1.026849208683,1.02548104878192,1.02965463751289,0.995815856328306,0.995787656119747,0.995793288369996,0.995840771575341,0.99587186964945,0.995831375280384,0.995832760054523,0.995820542898449,0.995845090278073,0.995799385416467
10.5228078949828,7.05518903988121,1.62745574816934,1.02581988033648,1.01850056190219,0.992460623590315,0.957726544038714,0.956067410882037,0.956840188578862,0.950335206083401,0.951816504283786,1.01907112227476,0.963267224420669,0.959889560199072,0.942775760465682,0.961882090100671,0.96287342692654,0.970830009889552,0.988849864383611,0.992957245198799,0.991324044492007,0.988928226386724,0.985659245135209,0.995389898829919,1.02099296160641,1.01975266566581,0.997037830645928,1.02753506164573,1.01752519892701,1.0001319136355,1.01798259265573,1.01937784891206,1.0495752925505,0.980573856335986,0.982276549881271,0.996251980999858,1.01037842083296,1.04784212745533,1.06251797245848,1.02680561795958,1.02528853504486,1.02964441982368,0.995817544890293,0.995781167710794,0.99578694366708,0.995852332838255,0.995900391296534,0.99583196115863,0.995833467291355,0.995826222722342,0.995870759074259,0.995799427960161
10.5926049339479,7.04891726706665,1.62868428210153,1.02575131068518,1.01839993301848,0.992371805453093,0.957697139381734,0.956070740698148,0.956849946265563,0.950339026078074,0.951817615958489,1.01905791542175,0.963277606393138,0.959899201220405,0.94278065468203,0.961882468949313,0.962844456946159,0.970730759545816,0.98872165279669,0.992830515951346,0.991210608306516,0.988734235581889,0.985415164246417,0.995279190105651,1.02089911819776,1.01965748306322,0.996913642218878,1.02746117493753,1.01735954130862,0.999983940056764,1.01774154915415,1.01912220573444,1.0495108637747,0.980643975502296,0.982326293238465,0.996081204782535,1.01007645111843,1.04776794774716,1.06244080856566,1.02674465024606,1.02502378397132,1.0296305859111,0.995822522613848,0.995793088162744,0.995796891775951,0.995856648972935,0.995903790579558,0.995833220834259,0.99583493869956,0.99583178195184,0.995879712668731,0.995801552658457
10.6913118459856,7.04483250817123,1.62994543179819,1.02565001953008,1.01826044226232,0.992240573118949,0.957614740881533,0.956013497001345,0.956797772140189,0.950282410766415,0.951759203682713,1.01900677882504,0.963229145747916,0.959848823758543,0.942728024641772,0.961825604602842,0.962762730131517,0.970590951186997,0.988557309842591,0.992664985150584,0.991056961685873,0.988509626901078,0.985144295939635,0.995136689984644,1.02077715627274,1.01953428049442,0.996754404336477,1.02735587967162,1.01715146684542,0.999795388038679,1.01744932267905,1.01881360001692,1.04942079502018,0.980644284973513,0.982319509649636,0.995880749579093,1.00975139309409,1.04766899326253,1.06234013958591,1.02665467463577,1.02470473876982,1.02960493776917,0.995834159319886,0.995831950584867,0.995831284525012,0.99585188102488,0.995872202619814,0.995839013489694,0.99584128149263,0.995838698550991,0.995864189686953,0.99580886893287
10.7459110257765,7.04603920361974,1.6302176297643,1.0255990985863,1.01819789200363,0.992174573016428,0.957545637777789,0.955941064291723,0.95672481153505,0.950210272805952,0.95168771236098,1.01895898832307,0.963159877183413,0.959778043034348,0.942659368141481,0.961756445852608,0.962693575103445,0.970523122828736,0.988489568234656,0.992596032013997,0.990988811456879,0.988437929678021,0.985068449601898,0.995075749787708,1.02072319140352,1.01948013256281,0.996688055047562,1.02730704168796,1.01707782390056,0.999724215228791,1.0173587703355,1.01872005023841,1.04937987193576,0.980571785488474,0.982259834209258,0.995815161038101,1.00967003818225,1.04762325924132,1.06229611759319,1.0266112848837,1.02461031276513,1.02958840613693,0.995841370259335,0.995857101074233,0.995853865154032,0.995845566006487,0.995844098200202,0.995843741514558,0.995846417618247,0.995841630406205,0.99584579970444,0.995815304723916
10.8005102055675,7.04968812113565,1.63008029199247,1.0255591302775,1.01815645970583,0.99212360966751,0.957468228663459,0.955847244731057,0.956627948288146,0.950116545387788,0.951595767039464,1.01890237940323,0.963067490447047,0.959683986666636,0.942569778765036,0.961667882000541,0.962615686009985,0.970471963220807,0.988448928876121,0.992554821920632,0.990943848267576,0.988417200636882,0.985060923863222,0.995035956223088,1.02068564425363,1.01944271122496,0.996647136312705,1.02727369416495,1.01705066774145,0.99969120126002,1.01734361033845,1.01870783423162,1.04935229500544,0.980453188083759,0.982165040411328,0.995794286325674,1.00967693809683,1.04758964582944,1.06226599182436,1.02658004732589,1.02460212992713,1.02957224278235,0.995847267719917,0.995877022553936,0.995871698677457,0.995838911883246,0.995817696613714,0.995847982904203,0.995851022345557,0.995843577418995,0.995826813865336,0.995823472390203
10.8551093853584,7.05488579915109,1.62957084798299,1.02553558293056,1.01814098431324,0.992094601506187,0.957396334404334,0.955749970175044,0.956525885870295,0.950019128644736,0.951500840658046,1.01884727650413,0.96296999884978,0.959584914310307,0.942476533935146,0.961576871105089,0.96254297112738,0.97044363526908,0.988438404694391,0.992544958591142,0.990926914450444,0.988444170041236,0.985114100745947,0.995020482411954,1.02066770499582,1.01942499023218,0.996634722959137,1.027260429528,1.01707093659506,0.999698409781174,1.01740079581874,1.01877297888654,1.04934143169977,0.980312951296689,0.982055003664796,0.995815677602244,1.00975956481355,1.04757149650401,1.06225166154238,1.02656520434673,1.02467515842759,1.02955912655111,0.995850720256067,0.995887160746902,0.995880524271075,0.995833563381005,0.995799216424877,0.995850237603749,0.995853456397192,0.995844433695054,0.995812137892889,0.995833147387119
10.8968094654545,7.05912403258088,1.62903182494714,1.02553003808469,1.01814568861726,0.992087937445222,0.957352382934664,0.955684499956401,0.95645628645176,0.949953554027617,0.951437346982663,1.0188126568534,0.962903503486205,0.959517425656413,0.942413587994304,0.961516038355022,0.962498235766368,0.970437581015585,0.98844806412539,0.992555865756722,0.99093140522434,0.988487772481185,0.985181898028292,0.99502381904894,1.02066693677721,1.01942427642983,0.996642268561737,1.02726283875863,1.01711082999505,0.999725607232343,1.01747933607244,1.01885970890629,1.04934388038411,0.98020830125473,0.981974852166711,0.995852691324474,1.00985481289663,1.047568597372,1.06225072977732,1.02656453619319,1.0247695042519,1.02955249302976,0.995851385695735,0.99588688624353,0.995879890971571,0.995831085023927,0.995792958805892,0.995849959407721,0.995853123797751,0.995844405974257,0.995806075464733,0.995841294611918
10.9385095455507,7.06289336938712,1.62841994013911,1.02553613307985,1.01816428889054,0.992096574590233,0.95732654976182,0.955639026978423,0.956407033719812,0.949907860725901,0.951393447297711,1.01879048899898,0.962856600028016,0.959469848111221,0.942369844294017,0.961474433407756,0.962471733096993,0.9704470243817,0.988472162943953,0.992581659981351,0.990951002102902,0.988544234876042,0.985261943584569,0.995040451429239,1.02067815899947,1.019435319132,0.996664021069097,1.02727620585358,1.01716580555259,0.999767707129511,1.01757532745435,1.01896424128363,1.04935554927618,0.980125436871164,0.981913197141844,0.995901494889111,1.00996175374602,1.04757638313363,1.06225852889556,1.02657341073742,1.02488150538384,1.02954984974711,0.995850454507177,0.995879799397166,0.995873066030098,0.99583030637662,0.995794278406754,0.995847774002832,0.99585070111087,0.995843959837919,0.995805474067879,0.995849769380431
10.9802096256468,7.06562039535946,1.62784259594729,1.0255538040572,1.01819419699132,0.992119295341477,0.957322926486573,0.955620752889583,0.95638587791325,0.949889429649124,0.951376321058409,1.0187850252111,0.962836733572853,0.959449723082244,0.942352227082696,0.961458633553225,0.962467629833488,0.97047052396741,0.988507039320149,0.992618349687092,0.990982715237688,0.988604392477277,0.985341240631748,0.995068192556001,1.02070019745225,1.0194568525893,0.996696776632285,1.02729828366166,1.01722689849935,0.999817937885788,1.0176731568888,1.01906958526987,1.04937479823377,0.980076316911173,0.981879965119885,0.995954060388785,1.01006302873264,1.04759440876161,1.06227387339256,1.02659020818131,1.02499295542605,1.02955196483046,0.995848360630194,0.995867199075125,0.995861352432991,0.995831183026175,0.995802515377628,0.995843955900168,0.995846501454164,0.995843345685207,0.995810221436089,0.995858213446901
11.0219097057429,7.06690431054608,1.62736631804485,1.02558213405599,1.01823306284357,0.992155096478338,0.957344649447224,0.955635090180139,0.956398686712658,0.949903656792311,0.951391130506685,1.01879870146528,0.96284955303847,0.959462759528254,0.942366005869105,0.961473671911969,0.962489207303356,0.97050725096277,0.988550152191016,0.992663035454898,0.991024337657695,0.988661779750601,0.985410589998156,0.995105531939562,1.02073221214924,1.01948799727632,0.996738323398564,1.02732731876755,1.01728725343628,0.999871188835227,1.01776064377149,1.01916241361874,1.04940016964376,0.980070968498721,0.981882618268857,0.996004651484372,1.01014630305618,1.04762224112234,1.06229589253838,1.0266135680791,1.02508941010475,1.02955906192742,0.995845764472752,0.995851239290824,0.995846835815871,0.99583345276296,0.995816030706636,0.995839141237265,0.995841242590753,0.995842882421942,0.995819422437076,0.995866235321095
11.0636097858391,7.06654933933866,1.6270473850602,1.02561943855264,1.01827804962516,0.992201833573248,0.957391781698424,0.955683282368318,0.956446938818331,0.949951799631347,0.951439027873672,1.01883178643697,0.96289645622148,0.959510367355978,0.942412396486117,0.961520617874253,0.962536607904506,0.970555241424803,0.988598650971742,0.992712518811149,0.991073050699886,0.988711396452949,0.985463438307086,0.995150389969605,1.02077267132061,1.01952723897107,0.996786049241171,1.02736104551037,1.01734097880482,0.999922766166668,1.01782819522738,1.01923233914416,1.0494298195431,0.980113206416794,0.981923729265725,0.996048768232382,1.01020321695123,1.04765868503583,1.06232341862228,1.02664162660312,1.02515971701932,1.02957089637251,0.99584344501813,0.995834592198495,0.99583204771038,0.995836719097451,0.995832499012501,0.995834236912332,0.995835937355707,0.995842920956522,0.995831570658939,0.995873446147876
11.1181669648219,7.06374661342601,1.62691181567376,1.02567742882317,1.01834106496903,0.992274232478835,0.957485958151611,0.955791112545275,0.956557182583367,0.950059639007983,0.951545342621952,1.01890005439477,0.963003048597097,0.959618532750967,0.942516222538825,0.961624085058265,0.962631776666775,0.970630098176612,0.988665623564815,0.992779469194841,0.991142354695115,0.988760607272947,0.985503921996152,0.995216273632054,1.02083464497598,1.01958723004607,0.996853324356873,1.02740818903756,1.01739520161272,0.99998214312385,1.01787867442199,1.01928109633077,1.04947169443207,0.980234393139932,0.982029780055022,0.996092991071413,1.01023434862348,1.04771595654814,1.06236529255699,1.02668188984338,1.02520381930296,1.02959205234468,0.995842132630434,0.995816580647083,0.995816702747837,0.995841782637128,0.995854027609043,0.995829481982902,0.995830891691829,0.995844300051632,0.995848725674273,0.995881073167919
11.1613766819381,7.06002690039458,1.62702302445587,1.02572732040654,1.01839119426094,0.992336519360289,0.957579478753858,0.9559034340276,0.956672953438789,0.950172001183163,0.951655710573747,1.01896874394246,0.963114713975589,0.959731846048869,0.942624362086555,0.961731201619235,0.962726527332021,0.970695132559312,0.988718859312996,0.992831538545327,0.99119847758732,0.988787349067335,0.985515250246584,0.995271299835895,1.02088800652831,1.01963885656372,0.996907731015043,1.02744553943721,1.01742423935673,1.00002092330104,1.01788901294179,1.01928659474777,1.0495052010085,0.980371863894455,0.982145930907228,0.996117342134853,1.01022862432842,1.0477660474956,1.06240135497739,1.02671439300274,1.02520193818763,1.02961188727916,0.995843216582444,0.99580833386644,0.995810410178049,0.995846030619223,0.995868171484579,0.995828249751216,0.995829691758157,0.995846778362371,0.995861116512669,0.995885353170145
11.2045863990543,7.05559395645371,1.62729392321392,1.02577679268646,1.01843841106579,0.992398293161405,0.957679473122634,0.956026146427216,0.956799881397007,0.95029478285499,0.951776125044123,1.0190426851404,0.963236970765925,0.959855918653211,0.942742471311559,0.961847883543087,0.962827996384346,0.970760372417344,0.988769641403613,0.992880198069065,0.991252255299985,0.988805740525183,0.985514011878899,0.995325517448717,1.02094157649033,1.01969072421746,0.996960240469054,1.02748043659206,1.01744217082412,1.00005198081207,1.01787872011132,1.01926938110807,1.04953684133252,0.980527652716789,0.982275537714003,0.99613428768626,1.01020554681968,1.04781671212017,1.06243788243368,1.02674510336584,1.02517519691525,1.02963252505686,0.995846615135301,0.995807566055368,0.995811079134218,0.995850279081598,0.995877581049573,0.995830188362259,0.995831900815661,0.99585065977598,0.995870640851883,0.995887910148028
11.2477961161704,7.0511409993819,1.62764983789002,1.02582215622384,1.01848068166221,0.992455667775038,0.957776077180722,0.956145852495436,0.956923932045953,0.950414484795968,0.951893385388131,1.01911388315395,0.963356363611133,0.959977086316483,0.942857695776955,0.961961590892786,0.962926192844974,0.970821940596792,0.988816545353946,0.992924271552065,0.991301500390725,0.988820240072259,0.985508556670273,0.995376397413219,1.02099229044155,1.01973992740159,0.997009033598817,1.02751146535299,1.0174528079203,1.00007696040204,1.01785753912485,1.01924050455782,1.04956520285431,0.980683045697603,0.982403286382447,0.996147668763415,1.01017787284992,1.04786470189445,1.06247302712021,1.02677254364472,1.02513603174765,1.02965196930903,0.995852328272349,0.995814947732491,0.99581909128283,0.995854571074699,0.995881481838835,0.995835666029322,0.995837814717636,0.995855920144054,0.99587644663466,0.995888768396196
11.2910058332866,7.04735807408956,1.6280176489059,1.0258604899147,1.01851645376778,0.992505030509961,0.957859532572415,0.956249234071693,0.957031106445651,0.950517779745167,0.951994523803957,1.01917495485083,0.963459508936827,0.960081751488779,0.942957245510152,0.962059848966643,0.963011182813093,0.970875968177071,0.988858173565072,0.992962736899838,0.991344221851202,0.988835097011884,0.985506912820666,0.995421494353816,1.02103722181418,1.01978367051338,0.997052332172243,1.02753758951777,1.01746043570879,1.00009783847947,1.01783597114026,1.01921185242495,1.04958915431371,0.980818512294511,0.982513926354758,0.996161202643735,1.0101579217835,1.04790699614073,1.06250500296649,1.02679559446663,1.02509784371696,1.02966853223647,0.995860009679971,0.995829901419418,0.995833694502294,0.995859113845925,0.99588024588347,0.995844553910747,0.995847181455331,0.995862364420078,0.995878492518049,0.995888108406435
11.3342155504028,7.04483468087809,1.62832143571862,1.02588929748421,1.018544518182,0.992543396234796,0.957921647633737,0.956325076151951,0.957109616148173,0.950593427814287,0.952068594999093,1.01921959898921,0.963535193784936,0.960158503554906,0.943030395909241,0.962132206329274,0.963074629573546,0.970919140728999,0.988893256052346,0.99299474873453,0.991378770343761,0.988853697769234,0.985515610142145,0.995458637966583,1.0210737946693,1.01981945913744,0.997088534297939,1.02755809648305,1.01746906536908,1.000116512673,1.01782363231175,1.019194301211,1.04960784245709,0.9809174880116,0.982594705632464,0.996177896373244,1.01015579354563,1.04794100441051,1.06253207521333,1.02681348458635,1.02507291974019,1.02968075509769,0.995869030788277,0.995850697796753,0.995853145386143,0.9958641956543,0.99587529035714,0.995856235750289,0.995859245489224,0.995869648615964,0.995877518751124,0.995886250034745
11.377425267519,7.0439617189669,1.62849979133549,1.02590683667829,1.01856394146219,0.992568546347028,0.95795671002011,0.956365641423664,0.957151332861938,0.950633687345318,0.952108063121049,1.01924350327649,0.963575739544556,0.960199512170949,0.943069781889383,0.962171479750656,0.963110710815351,0.970948824874925,0.988920458254157,0.993019382764686,0.991403730385085,0.988877514144632,0.985538034670436,0.995485956863259,1.02109993779631,1.01984524223249,0.997116094427971,1.02757247938061,1.01748135227386,1.00013408093289,1.01782713101039,1.01919536415035,1.04962063101198,0.980968368382713,0.982636998039932,0.996199107143166,1.01017704215992,1.0479647827205,1.06255265986902,1.02682572289204,1.02506983635011,1.02968763814552,0.995878589117662,0.995874721265786,0.995875002165833,0.995870085067255,0.995868786674857,0.99586970258378,0.995872880904692,0.995877329962707,0.995874873549001,0.995883619772057
11.4206349846351,7.04486950113152,1.62851621381262,1.02591218931525,1.01857395512686,0.992579088266092,0.957962071417875,0.956367564113759,0.957152742421901,0.950635211463284,0.952109668385049,1.01924480728279,0.96357788169075,0.960201430737619,0.943072235212532,0.962174557696673,0.963116711976484,0.97096316737819,0.988938279688469,0.993035471964546,0.991417840090398,0.988905538836066,0.985573523917076,0.995501886888385,1.02111415118885,1.01985947733913,0.997133460032258,1.02758030180342,1.01749786572957,1.00015035839589,1.01784866788495,1.01921764488384,1.04962703865036,0.98096605107473,0.982637346975728,0.996224025957925,1.01022138617752,1.04797710973355,1.06256537011278,1.02683198961954,1.02509175999833,1.02968872488619,0.995887840573395,0.995898882373717,0.99589652405409,0.995876937106961,0.99586323791121,0.995883711907207,0.995886783839425,0.995884933032942,0.995872232123215,0.995880705966615
11.4750816957834,7.04825269826295,1.62830662198865,1.02590162305963,1.01857216035316,0.99257086329656,0.957928098198487,0.956317884675101,0.957100275276966,0.95058497433091,0.952060688223825,1.01921594600487,0.963529001585661,0.960151312222623,0.943025596833596,0.962129601521003,0.963082979115348,0.970957978276894,0.988944767681341,0.993041266079365,0.991418435517918,0.98894079658938,0.985628438142796,0.995503900956496,1.02111380775951,1.01985954396502,0.997138428328412,1.02758008880189,1.01752139459484,1.0001661674091,1.01789620523431,1.01927028943071,1.04962545692394,0.980891789040569,0.982582234382261,0.996255492836119,1.01029903448941,1.04797573192019,1.06256848904059,1.02683101311212,1.02514922022567,1.02968213331155,0.995897895159304,0.995924690735803,0.995919098118475,0.995886868883529,0.995861265118134,0.99590011493698,0.995902694689145,0.995893720353999,0.9958715196667,0.995877424932098
11.5295284069317,7.05333200522317,1.62788853568455,1.02587357264596,1.01855417284669,0.992540394863146,0.957857159594007,0.956222463298239,0.957000406076834,0.950488981356947,0.951966876585999,1.01915979697242,0.963435123344917,0.960055323374595,0.942935378246322,0.96204168113656,0.963011745328094,0.970928110978673,0.988931706998615,0.993029209516301,0.991399439055645,0.988966842563884,0.985680484425706,0.995485440853785,1.02109361815194,1.01983995274859,0.997123240524994,1.02756855755253,1.01754146354779,1.00017232825477,1.01795344724802,1.01933588995596,1.04961320760967,0.980756678270731,0.982479939051211,0.996279029661436,1.01038089122125,1.04795667143828,1.06255659495193,1.02682037312628,1.02522418709021,1.02966806427212,0.995905305246315,0.995941134672472,0.995933292771654,0.995897785083112,0.995867582972117,0.995913268952324,0.995915123679012,0.995901081590327,0.99587582431602,0.9958753643627
11.58397511808,7.05885857797007,1.62739360279908,1.02583142699634,1.01852007795536,0.992490685113807,0.957762530292553,0.956100654322067,0.956873602300801,0.950366743359778,0.951847222097677,1.0190873209584,0.963315643545493,0.959933226470555,0.942820015785006,0.96192861870931,0.962916402503635,0.970876202389494,0.988897383344872,0.992997293968079,0.991360693061103,0.988971338409373,0.985709973144062,0.995446907839595,1.02105520356172,1.01980205187682,0.997086877135801,1.02754533910342,1.01754774817863,1.00016214434274,1.01799953307863,1.01939132197895,1.04959049810544,0.980590013503482,0.982353183736222,0.996283767195825,1.01043887576421,1.0479222978774,1.06252988858979,1.02680014140609,1.02529131108301,1.02964891387427,0.995909745204381,0.99594575050787,0.995937413220819,0.995908840498082,0.995882954745015,0.99592190532656,0.995923065715236,0.995906735283862,0.995886039386834,0.995875189519952
11.6384218292283,7.06350847558564,1.62697041898559,1.02578009933114,1.01847194110126,0.992427410451315,0.957661067387708,0.955975892411746,0.956744534263414,0.950241773412066,0.951724615747097,1.01901169534535,0.963193868471754,0.959808790112762,0.942701796090088,0.961812077161655,0.962814003265249,0.970808122683753,0.988843107523738,0.992946292492329,0.991304803469376,0.988945231894674,0.985700750918676,0.995391368311891,1.02100245633516,1.01974951502278,0.997031270532341,1.02751160690152,1.01753166038883,1.0001311033434,1.01801468628697,1.0194143129974,1.04955881895719,0.980426822751879,0.982228365914172,0.99626161455737,1.01044872552133,1.04787670072066,1.06249054924434,1.02677148428312,1.02532558788467,1.02962768828887,0.995911588155798,0.99593899510125,0.995932212922673,0.995919012876238,0.995905445041299,0.995925829493378,0.995926577344137,0.995910762589334,0.995901223262848,0.995877265287286
11.6928685403765,7.06620304507773,1.62675620942992,1.02572519561305,1.01841350681184,0.992357566831289,0.95756895012682,0.955869791997062,0.95663584669455,0.95013572413892,0.951620174700664,1.01894526469134,0.963091114726293,0.959703783754372,0.942601211933939,0.961712061142332,0.962720913032693,0.970731462327534,0.988772902824702,0.992879604123179,0.991236530903794,0.988885036467884,0.985644310488415,0.995323835233534,1.02094064018128,1.01968749351284,0.996960847937074,1.02746978055826,1.01748861379021,1.00007808771019,1.01798547801822,1.01938938444516,1.04952068221413,0.980298658623285,0.982128897043736,0.99620931322525,1.01039620883339,1.04782476196213,1.06244225573503,1.02673640920358,1.02530905933692,1.02960737804194,0.99591174260888,0.995924054718384,0.995920574731929,0.995927333168555,0.995930863553823,0.995925852215719,0.99592660772083,0.995913521533334,0.995918811945029,0.995881637187976
11.7353421935321,7.0665512934344,1.62679809783555,1.02568362039469,1.0183640719269,0.992303192580721,0.957511620395363,0.955810065913048,0.956575674862848,0.950076247990649,0.951561233457683,1.01890596415678,0.963033989897632,0.959645408255847,0.942544515095646,0.961654877684623,0.962662879862174,0.970670863102362,0.988711052602389,0.992820313762973,0.991178713015656,0.988816247908845,0.985568050198862,0.995266855428355,1.02088992667924,1.01963632868849,0.996899681805682,1.02743379049756,1.0174367280592,1.00002327211894,1.0179292855638,1.0193333061401,1.04948858410832,0.9802367511573,0.982079164026975,0.996149069935853,1.01031104647371,1.04778309173609,1.0624013520432,1.02670635996789,1.02525644737456,1.02959385352019,0.995911410927641,0.995909801102708,0.995909602482923,0.995932067618537,0.995949411876267,0.995924067053704,0.995925115760113,0.995915097424966,0.995932046225911,0.995886510386307
11.7778158466877,7.06533455834401,1.62702410420039,1.02564540803531,1.01831449963757,0.992252732557798,0.957471288250312,0.955775057048283,0.95654169160773,0.950041550711198,0.951526327777351,1.01887997959161,0.963001395406936,0.959612106951811,0.942511202388557,0.961620289920309,0.962621976547757,0.970614031243788,0.988647506969046,0.992758949694296,0.991121037847724,0.98873385125187,0.985469992608047,0.995210012073189,1.02084031552865,1.01958607088819,0.996837432826433,1.02739720941876,1.01737267086303,0.999960700155869,1.01784821657183,1.01924953180645,1.04945653200881,0.980214029153395,0.982057734074742,0.996076550261464,1.01019467730089,1.04774293144055,1.06236032987483,1.02667577466825,1.02517310972072,1.02958305104044,0.995911316006849,0.995896392635603,0.995899464692514,0.995935025013953,0.995963913437277,0.995921656472012,0.995923169904015,0.995916444777109,0.995942867320075,0.99589244259988
11.8202894998433,7.06279944526908,1.62742117119997,1.0256131164175,1.01826831680687,0.992209323646346,0.957448977453837,0.955764624540158,0.956533514214646,0.950031515724041,0.951515467180837,1.01886806044673,0.962992999965229,0.959603547333648,0.942501115320745,0.961608306074143,0.96259923046004,0.970564516786458,0.988586874866859,0.992700024249583,0.991067537586333,0.988645258895562,0.985359755999435,0.995157111948632,1.02079492338434,1.01953991768878,0.996778504654418,1.02736262471351,1.01730220138622,0.999895567221975,1.01775055475945,1.01914681505571,1.04942673237989,0.980227806166988,0.982063128053416,0.995998222167348,1.01005927057643,1.04770663859614,1.06232196868356,1.02664664833506,1.02506801026955,1.02957559881429,0.995911897786161,0.995886379170811,0.995892118769082,0.995936168947213,0.995972347058805,0.995919405989416,0.995921443665618,0.995917764170854,0.995949835671077,0.995899181208597
11.8627631529989,7.05940291957385,1.62793285534673,1.02558817251046,1.01822870698559,0.992175286270726,0.957443276709761,0.955775192837439,0.956547171645681,0.950042493255427,0.951525165296188,1.01886851132607,0.963005134629476,0.959615975451115,0.942510897976881,0.961615837629068,0.962593240941797,0.970525102294642,0.988533662412757,0.992648036266765,0.991021924674086,0.988559341094144,0.985249483714216,0.995111598056785,1.02075636694891,1.01950058031019,0.99672710740102,1.02733245275072,1.01723266119824,0.999833954093454,1.01764812690408,1.01903788988756,1.04940120861619,0.980270675155852,0.982090122716243,0.995921876431869,1.00992073881699,1.0476760511038,1.06228863647464,1.02662088036484,1.02495458371745,1.02957143866904,0.995913422529147,0.99588169873865,0.995888988958902,0.995935607982404,0.995973569914003,0.995917909068096,0.995920415405061,0.995919189666809,0.995952072393251,0.995906457309485
11.9052368061546,7.05573048049328,1.62848336271576,1.0255716792791,1.01819868870504,0.992152388444344,0.957451144341357,0.955800908309043,0.956576281723736,0.950068569180706,0.951549746852329,1.0188784856579,0.963031904437722,0.959643351653555,0.942535057394917,0.961637725102094,0.962600964458082,0.970497943107918,0.988492154532359,0.992607326511456,0.990987607933297,0.988485389296407,0.985152155077367,0.99507667517228,1.02072704931208,1.01947054419474,0.996687216722485,1.02730904830695,1.01717204865767,0.999782243244607,1.01755430724929,1.01893724301761,1.04938185832507,0.980331456880398,0.982131007772032,0.995855714514825,1.00979629948441,1.0476528783998,1.06226252541036,1.0266003700621,1.0248482661326,1.02957028758862,0.99591595895537,0.995883369074266,0.995890768106301,0.995933584069549,0.995967512985801,0.995917493375261,0.995920323679787,0.995920788393342,0.995949413924354,0.995914011940094
11.9631449692581,7.05143404415649,1.62912827338103,1.02556382429571,1.01817771451133,0.992141044205745,0.957476255118316,0.955847347380461,0.95662679900789,0.950115299230059,0.951594567780024,1.01890076005579,0.963078990615392,0.959691440717276,0.942578955927997,0.961679134685609,0.962626103467427,0.970483133253513,0.988460945297947,0.992576704968782,0.990963992451296,0.988419335975355,0.985062267468103,0.995050940198906,1.020705552201,1.01944826339694,0.996657392701185,1.02729175834419,1.01711770960141,0.999738433679212,1.01746423955676,1.01883945975453,1.04936828403129,0.980419590928803,0.982192794118982,0.995795684782263,1.00967872486627,1.04763586741037,1.06224177125609,1.02658399477028,1.02474283382956,1.02957262672815,0.995920770615866,0.99589543652881,0.995900622015466,0.995929174859613,0.995949768290742,0.995918666464546,0.995921639825685,0.995923254576207,0.995939235057153,0.995924335533164
12.0210531323616,7.04901255349472,1.62951932185045,1.02557221320692,1.01818124540671,0.992151187196631,0.957507564187152,0.95589133143236,0.956673197469029,0.950159411943727,0.951637471890991,1.01892528607208,0.963122833709647,0.959736132681916,0.942620784128889,0.961719712212192,0.962657598315563,0.970492577390953,0.988461433900439,0.992577366077853,0.99096820042732,0.988403025836471,0.985036318796922,0.995052095811254,1.02070658129431,1.01944873744401,0.996658073838313,1.02729237973999,1.01710492412852,0.999731545325269,1.01743526676466,1.01880653846274,1.04937040841261,0.98048721875132,0.982243486509161,0.995779195170247,1.00964149050757,1.04763674706525,1.06223934060095,1.02658215074233,1.02470451241154,1.02957812037317,0.995926509339697,0.995915848824006,0.995916706452608,0.995923913515431,0.995925807887204,0.995921301311193,0.995924115768447,0.995925997545612,0.995924596997907,0.995934296634386
12.0789612954651,7.04917835224643,1.62949580779615,1.025595791803,1.01821014848405,0.992182138953671,0.957538841378384,0.955923187786826,0.956705176277802,0.95019108731532,0.951668900835284,1.01894646081158,0.963153926474534,0.959767667788147,0.942651526492176,0.961750834267683,0.962689248119578,0.970525797066568,0.988495362603175,0.992611222013272,0.991001200916256,0.988442046956212,0.98508228497167,0.995081599537498,1.02073144087503,1.01947318310204,0.996690905919884,1.02731229006017,1.01713983314062,0.999765856135012,1.01747863073184,1.0188508469755,1.04938886445729,0.980518321447247,0.982271623051295,0.995811477809396,1.00969531743966,1.047656910771,1.06225611043483,1.02659628545428,1.02474692459268,1.02958562532463,0.995932314820128,0.995939250786359,0.995934964651135,0.995919179912583,0.995902321130698,0.995924468097693,0.995926964084506,0.99592895933821,0.995910060888356,0.995943556391825
12.1368694585687,7.05182102866928,1.62905243165288,1.02563153047044,1.0182599074758,0.992229054611104,0.957565782382271,0.95593891205796,0.956718747120335,0.950206454720437,0.951685041399662,1.01896192759236,0.963168411341519,0.959782133817483,0.942667309284224,0.961768519411725,0.962716675812442,0.970577432288238,0.988556980862292,0.992672495255697,0.991057528308305,0.988527942630283,0.985189185306583,0.995135164483756,1.02077706034959,1.01951835081602,0.996750533351962,1.02734808758035,1.01721560942997,0.999835014982771,1.01758516973252,1.01896288994638,1.04942082206852,0.980508641993273,0.982274064894116,0.995885437231663,1.00982637296392,1.04769457549239,1.06228937181392,1.02662405647362,1.02486077747213,1.02959425517061,0.995937456825678,0.995959532571913,0.995950886968925,0.995916385024069,0.99588579582564,0.995927322504,0.995929509565452,0.995932152595896,0.995900191276679,0.995951873924952
12.1947776216722,7.05608679225416,1.62828983655422,1.02567562060647,1.01832332074409,0.992286195587915,0.957589245781006,0.955943204698523,0.956719314770927,0.950210359443109,0.951690456426929,1.01897355259644,0.96317109989705,0.959784503867929,0.942672429311793,0.961776557900532,0.96274069657795,0.970640994023239,0.988636830592812,0.992751599194701,0.991128967505148,0.988643418839025,0.985333562352562,0.995205602705272,1.02083805723676,1.01957867386781,0.99682812830983,1.02739436124477,1.01731729509941,0.999926443754718,1.01773150375152,1.01911766107689,1.04946173667919,0.980469963588356,0.982258404850396,0.995986141286342,1.0100041787256,1.04774607067619,1.0623345037979,1.02666133906074,1.0250200487108,1.02960368194988,0.995941587135705,0.995971738726256,0.995960871147315,0.995916757792804,0.995880858823599,0.995929537891184,0.995931532452558,0.995935705132055,0.995898372674206,0.995959063096683
12.2526857847757,7.06064015727812,1.62739038392307,1.02572381566691,1.01839177659821,0.992347697431588,0.957613986984756,0.955946985033271,0.956718967464636,0.950213833802747,0.951695650489735,1.01898614896608,0.963173029080032,0.959786110137938,0.942677067649765,0.961784376601741,0.962766066974817,0.970709780887478,0.988723530165802,0.992836993784489,0.991206015884981,0.988766549645994,0.985485571917802,0.995283921688751,1.02090735589875,1.01964696730332,0.996912970470557,1.02744466716157,1.01742539482413,1.00002417226949,1.01788603067621,1.01928109201704,1.04950612569968,0.980425334665742,0.982239849296271,0.996094451604407,1.01018980129881,1.04780605573666,1.06238568462638,1.02670294555217,1.02518869781719,1.0296139803024,0.995944845309976,0.995973543697179,0.995963261504098,0.995921079730319,0.995889133391701,0.995931483998326,0.99593341250679,0.995939832732856,0.995905918403754,0.995964961043545
12.3279663631056,7.06465793375714,1.62639843326406,1.02578465730434,1.01847319130068,0.992424033697713,0.957656823067249,0.95597087131347,0.956739003955854,0.950237572577386,0.951720955122157,1.01901240580654,0.963194489443187,0.959807625134038,0.942700892013928,0.961811395765412,0.962809854392182,0.970795359606078,0.988826517524933,0.992937342541973,0.991298048923691,0.98890150163241,0.985645953860365,0.995380607308276,1.02099559461636,1.01973345589397,0.997014939425134,1.02750466835701,1.01754233970299,1.00013329467062,1.01804579049167,1.01944895374158,1.04955927770093,0.98040057810983,0.982239348433917,0.996214415070618,1.01038022596185,1.04788488554843,1.06245015813631,1.02675389661184,1.02536087650109,1.02962869878546,0.995948799422696,0.995962767889399,0.995956853122969,0.995932597938365,0.995916166702467,0.995935299153462,0.995937218280736,0.99594644512257,0.995927435185218,0.995970469480343
12.4032469414354,7.06489161195867,1.6258954950172,1.02583611878023,1.01853453909775,0.992488882896236,0.957718607004698,0.956031159074487,0.956798812701646,0.950297803459096,0.951781122195528,1.01905509024118,0.963252831671071,0.959866837976359,0.94275908002326,0.961870777161587,0.962872848037964,0.970867944875677,0.98890334405456,0.993010860409958,0.991368767794137,0.988982398584391,0.985731428365171,0.995457051762827,1.02106834080969,1.01980427255106,0.997092423759192,1.02755061423936,1.01760995414937,1.00020303067954,1.01812269873161,1.01952706678767,1.04959973630534,0.980447113448831,0.982287204809412,0.9962878072361,1.01047191606753,1.04795236876824,1.06250246535809,1.02679405683979,1.0254376009796,1.02964451059902,0.995953909449428,0.995945632004862,0.9959459700415,0.99594915426362,0.995952613813035,0.995942669629097,0.995944541989547,0.995954703399633,0.995955710328783,0.995973431719129
12.4785275197653,7.06118485568477,1.62605168199125,1.02586961256433,1.01856600165551,0.992532415231675,0.957791649284568,0.956121324311826,0.956892170506272,0.950387919357182,0.951869410052949,1.01910863397974,0.963342254976324,0.959957733715331,0.942845588531274,0.961956222334912,0.962947266442554,0.970916289873516,0.988941362967638,0.993045702186434,0.991406988182977,0.988996975398013,0.985730350997629,0.995499471639054,1.02111172527048,1.01984603281134,0.997132267191378,1.02757502884063,1.01761774292392,1.00022239216653,1.01810513230879,1.01950360978748,1.04962087462635,0.980563029975412,0.982380842058988,0.996303133614953,1.0104537645301,1.04799506784319,1.06253298823014,1.02681648461994,1.02540697418482,1.02965902050133,0.995961459294232,0.995934199008864,0.995939595239028,0.99596761056921,0.995986596247898,0.995954978506315,0.995956738870391,0.995964494240528,0.995981912966125,0.995974055190449
12.5538080980951,7.05531113534699,1.62673603067239,1.02587906457777,1.0185650596674,0.992547514096049,0.957855315449167,0.956212813976026,0.956989062881267,0.950479249554169,0.951957881120225,1.01915683452789,0.963434736697182,0.96005161719192,0.942933505492448,0.962041565577806,0.963012228161328,0.970932439845295,0.988937851163423,0.993040252723125,0.991409046869329,0.988955227917223,0.985661928466202,0.995502153267485,1.02111846525652,1.01985186690202,0.997130706388039,1.02757587659254,1.01757649051081,1.00019678745862,1.01801838470764,1.01940698734254,1.04962074514097,0.980706190659696,0.982489631361884,0.996268412936544,1.01035536174683,1.04800499533298,1.06253710934797,1.02681874146834,1.02530040657338,1.0296685241656,0.995971682217282,0.995938042316454,0.995944950128772,0.995984519824119,0.996008901830365,0.995971616561356,0.995973285830421,0.995975247358675,0.995999063434673,0.99597305520259
12.6290886764249,7.05011744615867,1.62760714361236,1.02586184265794,1.0185350380331,0.992530285199979,0.957882958275902,0.956265782414637,0.95704710980929,0.950531921902254,0.952007955496611,1.01917885180115,0.96349050018088,0.960107892059993,0.942985025019437,0.962090331769165,0.963040721151885,0.970912395824295,0.988898138624185,0.993000730355404,0.991377466122274,0.988880887948137,0.98556275240728,0.99546743730599,1.02108898035502,1.01982231771073,0.997092099462868,1.02755532219576,1.01750977655751,1.00014219578729,1.01790861764988,1.0192882152689,1.04960128429869,0.980811574566294,0.982566865848204,0.996203974696947,1.01022792347605,1.04798146939006,1.06251543862416,1.02680214123339,1.02517364824525,1.02966915666745,0.99598356210781,0.995959519794617,0.995963922108963,0.995997463263364,0.996016410128774,0.995989924561861,0.995991610826226,0.995986041166992,0.996004825906589,0.995971674156195
12.7043692547548,7.04816299129471,1.62827850916053,1.0258197933386,1.0184832342076,0.992481627959613,0.957854261361879,0.956247683173644,0.957031357943839,0.950513464755207,0.951988400151164,1.01915886328727,0.963476489820051,0.960092949664634,0.94296901874065,0.962072668317524,0.963012101665826,0.970857778824078,0.988832860959743,0.992937988049777,0.991319501291479,0.988799889968655,0.985469223665022,0.995404450118148,1.02103103985155,1.01976492585017,0.997026663161024,1.02751841603564,1.01744244228854,1.00007728302446,1.01782050796134,1.0191962335207,1.04956717047682,0.980821966924157,0.982571345592543,0.996132500152316,1.01011981850028,1.04793124689878,1.0624732357457,1.02677076538912,1.02507980202021,1.0296586459115,0.995995248105479,0.995992521034565,0.995991936196419,0.996005827825282,0.996012507906462,0.996006205788335,0.99600799393552,0.995995852246363,0.996002014265219,0.995971489271062
12.7796498330846,7.05048530057335,1.62850826396482,1.02575894228207,1.01841801304026,0.992407205174798,0.957765030792737,0.956148811003258,0.956930939015167,0.950414363255316,0.951890323652105,1.01909384045145,0.96338207713183,0.959996163128922,0.942875845796774,0.961979546087021,0.962922009301316,0.970775472453797,0.988753506348004,0.992862909419598,0.99124418679961,0.988729154850319,0.985401883998686,0.995325268642202,1.02095644568503,1.01969103041694,0.996946201054997,1.02747078132669,1.01738936409738,1.0000150916896,1.0177770105465,1.0191557370311,1.04952398836022,0.980714736721395,0.982486803297073,0.996069156733404,1.01005581135929,1.04786552377822,1.06241805587589,1.02672955049695,1.02504526102949,1.02963751236493,0.996004855769553,0.996025290718813,0.996019867838339,0.996010644543337,0.99600464407693,0.99601729192293,0.996019139239238,0.996003865045474,0.99599674622936,0.995974033343657
12.830136851341,7.05415162235743,1.62834639300435,1.02571368313364,1.01837299041466,0.992350385060652,0.957680762728622,0.956047824869106,0.95682691447579,0.950313264931349,0.951790967852043,1.01903176031055,0.963283739319943,0.959895702504758,0.942780055510107,0.961884747836576,0.962836778743304,0.970713331651684,0.98870042078779,0.992813099389199,0.991191509245183,0.988693002148445,0.985375435677925,0.99527181105972,1.02090576369269,1.01964066406097,0.996892178269004,1.02743776887762,1.01736608528419,0.999980547474196,1.01777484170843,1.01915882169788,1.04949406034192,0.980588793489455,0.982388850883237,0.9960363171985,1.01003996929189,1.04782089626152,1.06237976507319,1.02670059598571,1.02505580784231,1.02961957846288,0.99600951058976,0.996041155022559,0.99603378120988,0.996012702342243,0.996000905215563,0.996020993643332,0.996022802234132,0.996008004796131,0.995994914456606,0.995977817042386
12.8806238695973,7.05863464581088,1.62801848415542,1.02566823374702,1.01832882714245,0.992291885419614,0.957587019625778,0.95593295873037,0.956708103105719,0.950198427073615,0.951678377747435,1.01896286498955,0.963170974277439,0.959780727371488,0.942670666477988,0.961776742780577,0.962741840447603,0.970649842041927,0.988649382536632,0.992765135746035,0.991139400781343,0.98866300937351,0.985357852251105,0.995220981883234,1.02085786637702,1.01959281169219,0.996840409509466,1.02740480301924,1.01734852724453,0.999949999976305,1.0177842488336,1.01917481413899,1.04946476160349,0.980439639037025,0.982272819286892,0.996008877709993,1.01003605816154,1.04777916641808,1.0623423813317,1.02667163660579,1.02508079485326,1.02960044753972,0.996012594375755,0.996048573538448,0.996040875713828,0.99601442817322,0.996000564336496,0.996021786970674,0.996023490706105,0.996011144745601,0.99599619857395,0.995983462150976
12.9311108878536,7.06298379459939,1.62761610638177,1.02562778379754,1.0182892336989,0.992238150248811,0.957497876248982,0.955822744866435,0.956593861577095,0.950088418694239,0.951570698926279,1.01889802900043,0.963062118852472,0.959669924864742,0.942565322193783,0.961672808189205,0.962651462429499,0.970591885186196,0.988604276722285,0.992722493768857,0.991092461728332,0.988637460140579,0.985343879801946,0.995177166149048,1.02081720315728,1.01955188393743,0.996795012834171,1.0273747838876,1.01733401604787,0.999923439106948,1.01779564141561,1.01919254856741,1.04943849752228,0.980293379807982,0.982158629534063,0.995985436573649,1.01003483361327,1.0477444167371,1.06230932973272,1.02664514272825,1.02510722452212,1.02958288238338,0.996014325466685,0.99604681790673,0.996040391624242,0.996016090178874,0.99600411001653,0.996020336088238,0.996021910006357,0.996013432178004,0.99600094147343,0.995990869554865
12.969282062977,7.06563032486009,1.62733002314665,1.02560279051517,1.01826381308325,0.992203694529677,0.957441096857177,0.955752758988288,0.956521286220378,0.950018719975801,0.951502551720389,1.01885750385625,0.962992653915115,0.959599339463149,0.94249816240684,0.961606493474484,0.962593821968803,0.970554852010408,0.988575418240463,0.992694941613222,0.991062245011364,0.98861947036856,0.985332218367949,0.995150087472718,1.0207926174262,1.01952690355258,0.996766281381147,1.02735513262846,1.01732294986481,0.999905310377429,1.01779965198246,1.01920032925394,1.04942166303442,0.98019971530382,0.982085059587793,0.995968971429302,1.01003007855064,1.04772394534886,1.06228830318379,1.02662770542892,1.02512038702548,1.02957199245653,0.996014973391648,0.996040000527277,0.996035370528791,0.996017332716407,0.996009060397776,0.996018292469076,0.996019792470919,0.996014725474633,0.99600650879626,0.995997473915751
13.0074532381004,7.06735080363862,1.6270904148604,1.02558410240628,1.01824385143761,0.992177498376521,0.957399867946064,0.955702592401495,0.956469337975186,0.949968816536615,0.951453741825521,1.01882836822479,0.96294266426663,0.959548639202911,0.942449835734943,0.961558683065657,0.962551949394733,0.970526889094255,0.988552915407017,0.992673183824267,0.991038769951408,0.988602673886974,0.985318567761589,0.995129822539287,1.02077470385324,1.01950845653437,0.996744154201241,1.02733947366538,1.01731149404197,0.999889452465786,1.017797058446,1.01920004863219,1.04940847093484,0.98013316850196,0.982031853855111,0.995953630115464,1.01001973616996,1.04770953737674,1.0622718485146,1.0266136486861,1.02512368802972,1.0295640164711,0.996015321513866,0.996029764722292,0.996027334897117,0.996018502556357,0.99601525653883,0.996015961796614,0.996017444543021,0.996015784647946,0.996013125839355,0.996004718756617
13.0456244132237,7.06793768669828,1.62694651732803,1.02557300788284,1.01823018402027,0.992160895719347,0.957377288981446,0.955676438700341,0.956442397722983,0.94994296867156,0.951428460101567,1.01881335815961,0.962916392369649,0.959522115410241,0.942424379854722,0.961533317891415,0.962528965422244,0.970509212666544,0.988537267796535,0.992657730721878,0.991022849166996,0.988586650994879,0.985301942295163,0.995116720366605,1.0207637123483,1.01949683512561,0.996729088846932,1.02732836766135,1.01729902329386,0.999875736810964,1.01778589258782,1.01918943286558,1.04939944855601,0.980099423610706,0.982004005858527,0.995939029220702,1.01000219379227,1.04770132331503,1.0622603884768,1.02660346118087,1.02511448093164,1.02955968472672,0.99601562040369,0.996017740518368,0.996017591215026,0.996019512746896,0.996021842226324,0.99601378041927,0.996015322765081,0.996016744083664,0.996020013077741,0.996012359686921
13.0837955883471,7.06734123734981,1.62691082752737,1.0255700587823,1.01822364265079,0.992155029614093,0.957375207405023,0.955676529997349,0.956442793612237,0.949943349110326,0.951428804373639,1.01881353985856,0.962916174308434,0.959522101673517,0.942424029396128,0.961532619196732,0.962526772523658,0.970503001874204,0.988529360783999,0.992649523734408,0.991015499463128,0.988572332832428,0.985283350754545,0.99511131734561,1.02075994459224,1.01949238470632,0.996721864799113,1.02732252675711,1.01728640066298,0.999865059812848,1.01776699461776,1.01916928650384,1.04939513180398,0.980101710690402,0.982004218817901,0.995925962292957,1.00997855965819,1.04769940783732,1.06225434822637,1.02659773179921,1.02509343817926,1.02955924647993,0.996016107706734,0.996005770618913,0.996007658850415,0.9960202880381,0.996027908086107,0.996012116124788,0.996013797389644,0.996017736045871,0.996026349541068,0.996020128921042
13.1219667634704,7.06565850470229,1.62698379949379,1.02557538090437,1.01822475154563,0.992160262705725,0.95739339943419,0.95570229279773,0.956469896349338,0.949969355160604,0.951454189069191,1.01882857063713,0.962941526366999,0.959548066706623,0.942448319757632,0.961556170967299,0.962545159650489,0.970508586657196,0.988529745840944,0.992649210155097,0.991017263750181,0.988561090767528,0.98526473794935,0.995113818735881,1.02076340043633,1.01949514633956,0.996722921789207,1.02732238918622,1.01727504643434,0.99985850517992,1.0177427574224,1.01914219058544,1.0493958431385,0.980138904238342,0.982032021078899,0.995915609697183,1.00995143590762,1.04770365544763,1.0622539340482,1.02659682441676,1.02506325904025,1.02956266413059,0.996016986022917,0.995995660854063,0.995999072950469,0.996020795939505,0.99603262752214,0.996011238272071,0.996013120301917,0.996018882817525,0.996031392344897,0.996027755968398
13.1727653101679,7.06218485785995,1.62721327148741,1.02559445202951,1.01823835617983,0.992183615402652,0.957444803699905,0.955770142728514,0.956540773100075,0.950037404474852,0.951520672187841,1.01886806069284,0.963008790212015,0.959616620766984,0.942513000420667,0.961619467218574,0.962597255862541,0.970533382609901,0.98854354550254,0.992661691512532,0.991033856846406,0.988554203771114,0.985245169403181,0.995129267618522,1.02077875620041,1.01950961659113,0.996737407061002,1.02733134147747,1.01726556837902,0.999858528916154,1.01770955109712,1.0191034632647,1.04940473012535,0.98023293138495,0.982104947951727,0.995908918759358,1.00991737239184,1.04771827973195,1.06226204140728,1.02660333617737,1.02501778043799,1.02957245177245,0.9960190175488,0.995987744147614,0.995992080585104,0.996021133177398,0.996035797527468,0.996011542512741,0.9960137220595,0.99602083220515,0.996035184797934,0.996037239620404
13.2235638568654,7.05802018981503,1.62753662422757,1.02562520007295,1.01826490698661,0.992222731806202,0.957518399773155,0.955864064170385,0.956638485000473,0.950131413230076,0.951612628884827,1.01892322850289,0.96310212807795,0.959711556154582,0.942602939601777,0.961707869250572,0.962671892419502,0.970574813415553,0.988571697831201,0.992688332806179,0.991065263500435,0.98855982087665,0.985237525818281,0.995157420830513,1.020805171064,1.01953522644013,0.9967658814341,1.02734998887343,1.01726638157111,0.999870473047294,1.01768444883403,1.01907207519077,1.04942204901126,0.980359263770125,0.982205256469483,0.995913209742976,1.009894707738,1.0477420145918,1.0622793254191,1.02661808250965,1.02497792635865,1.029586817841,0.996022183465046,0.995988020187005,0.995991913137427,0.996021335871259,0.996035020904833,0.996013574016166,0.996015994248037,0.996023422379216,0.996035307569483,0.99604554871632
13.2743624035629,7.05409398642831,1.62784507481352,1.02566436213075,1.01830285326156,0.992273603315649,0.95760260011325,0.955968016888706,0.956746164375724,0.950235274455346,0.951714360718319,1.01898490694789,0.963205498931527,0.959816551322329,0.942702813707683,0.961806459607145,0.962757322524813,0.970628749126197,0.988613102124504,0.992728313373348,0.991109485250284,0.988581871125859,0.985249032634083,0.995196937235636,1.02084125742471,1.01957059782923,0.996807140889358,1.02737734034028,1.0172823385258,0.999896718244653,1.01767898475818,1.0190610427083,1.0494467689027,0.980494367000384,0.982314705069309,0.995931969780895,1.00989441482795,1.04777362235625,1.06230474943856,1.02664024530004,1.02495833049519,1.02960365917716,0.99602649533729,0.995996989203328,0.995999228121778,0.996021841039683,0.996030808597411,0.996017174121553,0.996019687226222,0.996026769812199,0.996032246351199,0.996052358186398
13.3251609502603,7.05124991303466,1.62804493999553,1.02570800186454,1.01834919839623,0.992330743663944,0.957684738986975,0.95606515977892,0.95684616094882,0.950332185280092,0.951809510777828,1.01904374408865,0.963301980713644,0.959914432978936,0.942796416809676,0.961899375744492,0.962840671066547,0.970689484341733,0.988664928465216,0.992778974401152,0.991162809423266,0.988621657223067,0.985283628982191,0.995245266832627,1.020884800546,1.01961349732079,0.996858407562983,1.02741114847447,1.0173156119861,0.999937340252934,1.01770083227599,1.01907932182894,1.04947691343979,0.980613932541298,0.982414282122811,0.995966415106199,1.00992342687367,1.04781134346627,1.06233654587824,1.02666799787317,1.0249695252928,1.02962077212713,0.99603181023482,0.996013269188053,0.99601306491187,0.996023172335081,0.996024658291523,0.996022045715208,0.99602446044337,0.996030920464429,0.996027374460375,0.996057531685728
13.3759594969578,7.05006928779713,1.62806574733044,1.02575194319333,1.01839999027886,0.992388329133954,0.957753873924842,0.956141559298353,0.956923953595576,0.950408268898824,0.951884543559611,1.01909186613334,0.963377546821401,0.959990995884152,0.942870275330962,0.961973357574674,0.962910811221721,0.970750968541763,0.988723154983538,0.992836365484665,0.991220577458979,0.98867762278035,0.985341217430279,0.99529899007115,1.02093294271171,1.01966103329677,0.996915808348546,1.02744845208471,1.01736541700218,0.999990187229022,1.01775247155626,1.01913021711972,1.04950990423925,0.980698738982452,0.982488471593824,0.99601526635366,1.009983295045,1.04785294524709,1.06237235200593,1.02669891370367,1.02501601301574,1.02963615787035,0.996037878323412,0.996033966796632,0.996031096901115,0.996025832094845,0.996018737682394,0.996027874002409,0.996030021874046,0.99603585833944,0.996022664937895,0.996061119124696
13.4267580436553,7.05074621628682,1.62787774778672,1.02579222174256,1.01845063941231,0.992440878986564,0.957802556590093,0.956188581163153,0.956970663772085,0.950454956606372,0.951931058888111,1.01912417017424,0.963423518755269,0.960037476516065,0.94291598232319,0.962020032338583,0.962960175529407,0.970807490698998,0.988782797518464,0.992895473820467,0.991277581153818,0.988745074765372,0.985417042718193,0.995353912071274,1.02098219329244,1.01970968341006,0.996974561020449,1.02748580759404,1.01742759494754,1.00005074633562,1.0178299791347,1.01920997635631,1.0495427587918,0.980738122607263,0.982528131727845,0.996074479331841,1.01006916523389,1.04789566732326,1.06240930548494,1.02673014558622,1.02509459769239,1.0296483114716,0.996044398758665,0.996055360700974,0.996050185158113,0.996030200406394,0.996015397607128,0.996034415682346,0.996036209505504,0.996041514663707,0.996020246150613,0.996063328258541
13.4775565903528,7.05305416807257,1.6275004159756,1.02582546569702,1.01849635275122,0.992483819231302,0.95782775909315,0.956204030158249,0.956984240713784,0.95047011586814,0.951946890852724,1.01913895318049,0.963437751972264,0.960051740061077,0.942931329828185,0.962037035911293,0.962985702515864,0.970854232583026,0.988838312408774,0.992950655390446,0.99132854355916,0.988816583108192,0.985502100757054,0.995405295587336,1.02102854736363,1.01975542739692,0.997029323931581,1.02751962226069,1.01749495507717,1.00011252365449,1.01792330346372,1.01930803940621,1.04957237235461,0.980731521763286,0.982531879930367,0.996137576086694,1.01017020277048,1.04793625427029,1.06244419911979,1.02675868976111,1.02519456424918,1.02965638813356,0.996051072300556,0.996073754849151,0.996067109896055,0.996036462882329,0.996016634192559,0.996041536175007,0.996042997661365,0.996047775487232,0.996021910475157,0.996064478011694
13.5283551370503,7.05640899824842,1.62699875738081,1.02584918830646,1.01853270029535,0.992513952146155,0.957830918431539,0.95619194757887,0.956969217317375,0.950457830017786,0.951935900439161,1.01913782256888,0.963424451567204,0.960038078196386,0.942920148162526,0.962027887057515,0.962988885707499,0.970887753354507,0.988884255293251,0.992996336106768,0.991368737443522,0.988883121053648,0.985584643167053,0.995448341608629,1.02106783441468,1.01979410366554,0.997074802149219,1.02754659824937,1.01755843334059,1.00016800189278,1.01801807550127,1.01940897278861,1.04959587764244,0.980687864511371,0.982505794373002,0.996196631078124,1.01027151409053,1.04797119894658,1.06247377980937,1.02678174639566,1.0252996834772,1.02966023473013,0.996057643521004,0.996086302594432,0.996079306550327,0.996044577000617,0.996023624150592,0.996049190840664,0.996050436633411,0.996054488012586,0.996028690713869,0.996064943948832
13.5791536837478,7.06001177275626,1.62646959160668,1.02586195072275,1.01855616462771,0.992529681821985,0.957817046906354,0.956161086643065,0.956935066760761,0.950426864222308,0.951906497794102,1.0191249305087,0.963392625556748,0.960005632621603,0.942890853973421,0.96200060367998,0.962974863523603,0.970906226058584,0.988915978581191,0.993027756264945,0.991394542208518,0.988935580307687,0.985652299859553,0.995478765804454,1.02109619359371,1.01982188390782,0.997106412420388,1.02756415150938,1.01760870604983,1.00020987291869,1.01809840161963,1.01949550510547,1.04961099913534,0.980622918679769,0.982461480382549,0.996243595709942,1.01035696445036,1.04799712998788,1.06249510947514,1.02679706882034,1.02539145053396,1.02966028991663,0.996063927359328,0.99609161467861,0.996085432213609,0.996054271517857,0.996036435455711,0.996057362972466,0.996058555573915,0.996061466537695,0.99604059655189,0.996065106547535
13.6514755877643,7.06391996891245,1.6258950785163,1.02586070915315,1.0185632169285,0.992527293489562,0.957781978705848,0.956106818611271,0.956877066040841,0.950372606943469,0.951854138013674,1.01909735397417,0.963337996442057,0.95994996847345,0.942839206781271,0.96195097839339,0.962939574225154,0.970906144752708,0.98893023716699,0.993041430705899,0.991402359963092,0.988970992099276,0.985701890717645,0.995493951232239,1.02111165118942,1.01983666940457,0.997121044005845,1.02756983567882,1.01764204096194,1.00023452387094,1.01815982391558,1.01956312347194,1.04961538907796,0.980530741971216,0.98239514320772,0.996276225345365,1.01042320576605,1.0480129235022,1.06250670767432,1.02680276059762,1.02546561652829,1.02965556176253,0.996072192823312,0.996088042060977,0.99608456627645,0.996069743931132,0.996062063446841,0.996069700670157,0.99607103972747,0.996071421097207,0.996063843469778,0.996065509532126
13.7237974917809,7.06512245643371,1.62568969338633,1.02583924479444,1.0185404686414,0.992500945564532,0.95774574635718,0.956063856580342,0.956832838740573,0.950329616614063,0.951811872563694,1.01907071676342,0.96329631452632,0.959907352468632,0.942798613141507,0.961910848940897,0.962903459432818,0.970880125318076,0.988908238599603,0.993018792547244,0.991378213112552,0.988953860597779,0.985686093123268,0.995475258278798,1.02109644306671,1.01982106993119,0.997099752528311,1.02755411670699,1.01762412057914,1.00021463272743,1.01814401394404,1.01954835117221,1.0496003860965,0.980475827486657,0.982353038793911,0.996262658686883,1.01040911785534,1.0480021196191,1.06249529648978,1.02679022101211,1.0254537645416,1.02964750965772,0.996079641624112,0.996076922244241,0.996077010510045,0.996085526973473,0.996090930697278,0.996082273452833,0.99608384134216,0.996080866395725,0.996089391463457,0.996066749085444
13.7961193957975,7.06322169001205,1.62599072757894,1.02580159972819,1.01849164820981,0.992455199323547,0.957716348620004,0.956042530750379,0.956813141856809,0.950308324450118,0.951789942835443,1.01905148909222,0.963277962119351,0.959888304651173,0.942778993114924,0.961889921607904,0.962874472239456,0.97083210723671,0.988852445548135,0.992962675793021,0.991325570746843,0.988885254623276,0.985605569521531,0.995424188642532,1.02105133956579,1.01977589156212,0.997044710181522,1.02751915442628,1.01755668564546,1.0001524234816,1.01805176576972,1.0194516553241,1.04956839383814,0.980472203249042,0.98234722903224,0.996203432357383,1.01031488184862,1.04796491682375,1.06246127294689,1.02676110955446,1.02535558848247,1.02963791819426,0.996086407951268,0.996066970485964,0.996070147822946,0.996099515458358,0.996115842445801,0.996093995456103,0.996095662032013,0.996089257886824,0.996110630148331,0.996069356312004
13.868441299814,7.0592574246283,1.62668137386483,1.0257542248499,1.01842692882549,0.992397987902821,0.957693448238824,0.956038036311936,0.956812327799523,0.950303853035712,0.951783844644374,1.01903841616084,0.963277535598566,0.959887387181854,0.942775627856011,0.96188400886334,0.962852054697637,0.97077017426456,0.988774414637656,0.992885125794014,0.991255038498897,0.988782242918281,0.985482092992032,0.995351103494287,1.02098537203046,1.01971009668121,0.996967224181906,1.0274722786766,1.01745853366718,1.00006369779989,1.01791218309417,1.01930413204189,1.04952598773544,0.980507069472519,0.982368497444808,0.996113185062515,1.01016766061691,1.04790885864317,1.06241113648672,1.02672140273155,1.02520341647609,1.0296276674833,0.996092691786206,0.996065988815713,0.996070616157205,0.996109863932613,0.996131012325939,0.996103604522183,0.996105160191442,0.99609625287481,0.996122476004431,0.99607365698853
13.9407632038306,7.05516872754834,1.62749736794958,1.02570416877027,1.01835877072073,0.992337113444958,0.957668558202493,0.956032812450334,0.956811065767721,0.950298646345073,0.9517768901212,1.01902415289519,0.963276472662919,0.95988585734636,0.942771432756061,0.961877018513675,0.962827342341993,0.970702741213605,0.988689519323133,0.992801849054298,0.991179516627011,0.988670084441574,0.985348510442223,0.995270596330128,1.02091186306041,1.01963683721103,0.996882605853091,1.02742234689935,1.01735647318364,0.999970335698194,1.01776885397355,1.01915278903424,1.04948124482185,0.98054542187849,0.982390982689555,0.996013934154136,1.0100090241396,1.04784557983769,1.06235455643093,1.02667852729217,1.02504700531376,1.02961675121157,0.996098636701584,0.996077300662987,0.99608119301422,0.996115506785717,0.996134085152872,0.996110117363098,0.996111465244454,0.99610177772661,0.996123282714193,0.996079833452988
14.0130851078472,7.05291965772015,1.6281291734388,1.02565851677808,1.01829951982674,0.992280255194564,0.957632611608111,0.956008343755142,0.956788973425814,0.950274230099893,0.951751532400221,1.01900104901278,0.963255246618843,0.959863989844654,0.942748431331719,0.96185202265029,0.962790968642715,0.970638572550742,0.988613842402041,0.992728911372811,0.991112090610207,0.988574960339325,0.985238381304049,0.995198377914031,1.0208454744104,1.01957056131978,0.996807018430851,1.02737820077475,1.01727693093898,0.999894140093925,1.01766453704246,1.01904377997303,1.04944218714512,0.980549790982464,0.982387333357888,0.995928765229617,1.00988106681569,1.04778812891075,1.06230233071525,1.0266400134124,1.02493545829879,1.02960512996099,0.996104263379756,0.996098352695436,0.996099594537129,0.996116562687597,0.99612679247135,0.996113269522393,0.996114516202329,0.996106039129109,0.996115395189889,0.9960879446579
14.0854070118637,7.05361708010735,1.62834314030205,1.025623810181,1.01825904615925,0.99223491802635,0.957583410490265,0.955956855926967,0.956737148915047,0.950222867728225,0.951700583566042,1.01896684876622,0.963205432798304,0.959813277544375,0.942699099914295,0.961802185404721,0.962740708508918,0.970586569400039,0.988560796445052,0.992679279607145,0.991063800372074,0.988516584138916,0.985175806051189,0.995147713057964,1.02079871746184,1.01952361112598,0.996753993617424,1.0273470669015,1.01723774480097,0.9998507276025,1.01762626159364,1.01900605366256,1.04941526058558,0.980500057346307,0.982343849649483,0.99587532753572,1.00981303069218,1.04774772533651,1.06226393860955,1.02661209693395,1.02489942191472,1.02959356229683,0.996109478615051,0.996121956798483,0.9961196425719,0.996114398321287,0.996114053429393,0.996113684483733,0.996115063541429,0.996109458601847,0.99610411961126,0.996097882652807
14.1577289158803,7.05701795981542,1.62807424116183,1.02560561426712,1.01824320122599,0.992208064552244,0.957529464258039,0.955887630509547,0.956664970541118,0.950153879080885,0.951633296039926,1.01892783829023,0.963136185640225,0.959742997899412,0.942632433967036,0.961736564475857,0.962685355196209,0.970555029334234,0.988538543979748,0.992660338116297,0.991041917106064,0.988503347412931,0.98516916551554,0.995126658861877,1.02077921732471,1.01950354822411,0.996731760253165,1.02733346025101,1.01724331885084,0.999845738662331,1.01765683645193,1.01904206417832,1.04940432897096,0.980404777939982,0.982268872668272,0.995861478957441,1.00981341420109,1.04773120849406,1.06224549965291,1.02659876140696,1.0249409569425,1.02958407339635,0.996114159151482,0.996139606879577,0.996134222852467,0.996111230265666,0.996101986080496,0.996112674873442,0.996114366950143,0.996112553059701,0.996095567112365,0.996109291182803
14.2136247895614,7.06064020713891,1.6276121341808,1.02560440568574,1.0182479326938,0.992202428780308,0.957493870638368,0.955835222273101,0.956609227066903,0.95010174340879,0.951582971324487,1.01890153538803,0.963082854238737,0.959688942844112,0.942581866619269,0.961687530263393,0.962648715708317,0.970547674746369,0.988542878539693,0.992666617453548,0.991043909567694,0.988521448822946,0.98519752217381,0.995131095841302,1.02078324644221,1.01950691757747,0.9967361096071,1.02733505888109,1.01727266280684,0.999864979889377,1.01771565360843,1.01910709916032,1.04940696997891,0.980319505977745,0.982205122164995,0.995875924461572,1.00985326749547,1.04773520353875,1.06224551127348,1.02659871584895,1.02501168028529,1.02957957329577,0.996117385909834,0.99614522075632,0.996138589243115,0.99610955750122,0.996096405196015,0.996111885260688,0.996113823323575,0.996115038680636,0.996093817614802,0.996118733821651
14.2695206632425,7.0640395955589,1.62703124682022,1.02561569100945,1.01826718574953,0.992213051806823,0.957476049060962,0.955801405434157,0.956572192747072,0.950068138284979,0.951551020907635,1.01888749847938,0.963047672608759,0.959653316144203,0.942549238183547,0.961656629987444,0.962630256633863,0.970558750416025,0.98856580830013,0.992690537249847,0.991063131580023,0.988559448692714,0.985247125771377,0.995153183214601,1.02080343574011,1.01952632446876,0.99675897863681,1.02734760960741,1.0173165985393,0.999900027314385,1.01778943156516,1.01918698081965,1.04941912659728,0.980251716567053,0.982157357920697,0.9959082780023,1.00991608071534,1.04775326430394,1.06225793303021,1.0266079668482,1.02509652799101,1.02957921713187,0.996120348293159,0.996142775691278,0.996136299781062,0.996109576834816,0.99609578432254,0.996111852691467,0.996113922329419,0.996117842817865,0.996097468621501,0.996128243378581
14.3254165369236,7.06625418927953,1.62649291896416,1.02563865690641,1.01829785158208,0.992239156692827,0.957483142940091,0.955797910458224,0.956566474325409,0.950064850222428,0.951548815686024,1.01889174721254,0.963042672256951,0.959648315155449,0.942545827776858,0.961654663991878,0.962637269787832,0.970587280394723,0.988603108573377,0.992727646825787,0.991096442578782,0.9886088673421,0.985306544890713,0.995188810242324,1.02083598796888,1.01955804435779,0.996796128516059,1.02736883625016,1.01736511441546,0.999943329618612,1.01786048576202,1.01926241353477,1.04943881760912,0.980221628113349,0.982140945113602,0.995951179840841,1.00998706096098,1.0477820571361,1.0622800920415,1.02662473478238,1.02517472346048,1.02958388925611,0.996123222057905,0.996133894957128,0.996128954571743,0.996111699325654,0.996100239283039,0.996113021234077,0.996115056956877,0.996121112035782,0.996105982606701,0.996137313736743
14.3813124106046,7.06666169777657,1.62610740259362,1.02567141904301,1.01833682617013,0.992279366865535,0.95751927965788,0.955831956212931,0.956599936494892,0.950098992465817,0.951583109454171,1.0189171483272,0.963075333994675,0.959681514034015,0.942578614016614,0.961688285146914,0.962673999840943,0.970631715390377,0.988650856253083,0.992773993764183,0.991140808608111,0.98866257348798,0.985366469378675,0.99523413572255,1.02087733339531,1.01959856845656,0.996843614461912,1.02739674290025,1.01741093157852,0.999989093603047,1.01791637766371,1.01931984221873,1.04946403268001,0.980243549157068,0.982165770238825,0.995998349280799,1.01005438962336,1.0478184368091,1.06230940841767,1.02664739108206,1.02523160971909,1.02959370381372,0.996126270682629,0.996122055974032,0.996119628964874,0.996115875889853,0.996108804631445,0.99611560926584,0.996117465840206,0.99612494747932,0.996117696651517,0.996145428534768
14.4507594784513,7.06452872046552,1.62594373541927,1.02572051362935,1.01839052413427,0.992342635832964,0.957599567021871,0.955922233707581,0.956691963965659,0.950189197315833,0.95167212318973,1.01897453937179,0.963164259812292,0.95977180282502,0.942665570205912,0.961775241156006,0.962755837664389,0.97070191987328,0.988716733423019,0.992836752657368,0.991204091364365,0.98872551889004,0.985430516481708,0.995296467555288,1.02093418471758,1.01965446903544,0.996909077485329,1.0274360738368,1.01745631677995,1.00004169813135,1.01795492993229,1.01935596117905,1.04949895035364,0.980342214637531,0.982251566747681,0.99605416805137,1.01012023167474,1.04786840431481,1.0623507080864,1.0266799231284,1.02526222100232,1.02961153722874,0.996130776636179,0.996109967990244,0.996110947711046,0.99612326121791,0.996122499747697,0.996120826166001,0.996122384859929,0.996130586027016,0.996133154180353,0.996153509377016
14.5059053708246,7.06123328739227,1.62605408652915,1.02576192494762,1.01843332135195,0.992397812812936,0.957681905962671,0.956020286368379,0.956792967452224,0.950287031137161,0.951768144858689,1.01903360711098,0.96326153314438,0.959870547924683,0.942759991371057,0.961868963081004,0.962839829201983,0.970763220509455,0.988769185428743,0.992886068760198,0.991255810255999,0.988768506923926,0.985469658963748,0.995346098809605,1.0209795457392,1.01969914243117,0.996961202962896,1.02746802929778,1.01748191172774,1.00007738057807,1.01796257724432,1.0193588815429,1.04952686708671,0.980462727216295,0.982351033848349,0.996092604227927,1.01015548042942,1.04790836803636,1.06238419805121,1.02670672246261,1.0252577143564,1.02962830681756,0.996135220390146,0.996106703610326,0.99610977104067,0.996130238626516,0.996133735000307,0.996126447604952,0.996127813467511,0.996135766751701,0.99614376053528,0.996158045145366
14.5610512631979,7.05741401054703,1.62632529075702,1.02580049637196,1.01847176842167,0.992449880415802,0.957765743418956,0.956122522571779,0.956898711503857,0.95038901391864,0.951868040597372,1.01909401987765,0.963363202926004,0.959973758120197,0.942858390248852,0.961966331385808,0.962925336235675,0.970821006946127,0.988816094088962,0.992929807927764,0.991302822512433,0.988802578618834,0.985497385890223,0.99539074018284,1.0210205973685,1.01973956525873,0.997007898289908,1.02749697039423,1.01749885843488,1.00010580227298,1.01795639721777,1.01934687398569,1.04955198323969,0.980594054739447,0.982457461490682,0.996123270872181,1.01017647153785,1.04794480821173,1.06241479568288,1.0267313102045,1.02523723690201,1.02964482090105,0.996140618741961,0.996111711020685,0.996115621983733,0.996137652785815,0.996143611651317,0.996133239421278,0.996134519380415,0.996141540595195,0.996151270425598,0.996160845047055
14.6161971555712,7.05407116903986,1.62663909208628,1.02583179056399,1.01850279564245,0.992492923622679,0.95783720695843,0.956210446919396,0.956989831333785,0.950476629971128,0.951953748296883,1.01914517595486,0.963450781984776,0.960062645392619,0.94294304107299,0.962049998930426,0.962998229141689,0.970868785613913,0.988853972681876,0.992965003035057,0.991341067399105,0.988827884178136,0.985516049769378,0.995427196530282,1.02105447357732,1.01977287064392,0.997045727677065,1.02752049332407,1.01751047829497,1.00012755375909,1.0179467364418,1.01933186940662,1.04957225305949,0.980709846362939,0.982550256802776,0.996146185720825,1.01018802442744,1.04797526526296,1.0624402207585,1.02675158630947,1.02521452155817,1.0296585323628,0.996146973416405,0.996125059199001,0.996128304838788,0.996145238303202,0.996151395472182,0.996141082342026,0.996142381771866,0.996147840228801,0.996155392828961,0.996162101246625
14.6713430479444,7.05206705539313,1.62689070822126,1.02585261093231,1.01852405458305,0.992521941742282,0.957884143897953,0.956267791251081,0.957049238602223,0.95053370015427,0.952009559340313,1.01917838000132,0.963507999168777,0.960120668254717,0.942998344381389,0.962104707337254,0.96304611283795,0.970900955500392,0.988879940040949,0.992989228357122,0.991367167636141,0.988845016720645,0.985528376366103,0.9954527551969,1.02107868796944,1.01979658912394,0.997071829651157,1.02753669710025,1.01751978515064,1.00014328076318,1.01794273586482,1.01932441416815,1.04958609291924,0.980785781444479,0.982611214292946,0.99616180816735,1.01019525879158,1.04799754592707,1.06245854175096,1.02676584332526,1.02520177034917,1.02966750670463,0.996154110955086,0.996144670358349,0.996145915091159,0.996152948585796,0.996157167698597,0.996149838407696,0.996151212170332,0.996154553367247,0.99615690657162,0.996162215910106
14.7264889403177,7.05191328544835,1.62699623870306,1.02586077004982,1.01853391125853,0.992533717743618,0.957899055515147,0.956284547839403,0.95706642649251,0.950550258249757,0.952025787180324,1.01918818496442,0.963524914806512,0.960137701776351,0.943014758340778,0.962121130426935,0.963061371650887,0.970913961551118,0.988892072694149,0.993000850131036,0.991378899726715,0.988854463713145,0.985536371637992,0.995465449079076,1.02109132627347,1.01980883567006,0.99708424297179,1.02754430374479,1.01752857068143,1.00015328092684,1.01795007351654,1.01933109787132,1.04959240557504,0.98080673824512,0.982629229551319,0.996170556310858,1.01020188524797,1.04800986856105,1.06246826781643,1.02677288555988,1.02520670801464,1.02967048382944,0.996161700538334,0.99616688619233,0.996165365944566,0.996160865749355,0.996161711572219,0.996159295974751,0.996160729573227,0.996161518651544,0.996157391561297,0.996161745284678
14.781634832691,7.05363214206848,1.62692093612674,1.02585556390593,1.01853158858873,0.99252726882525,0.957880535252193,0.956259006601914,0.957039611973048,0.950524613802631,0.952000786817211,1.01917364889168,0.9634999098908,0.960112076292171,0.942990703855568,0.962097719248227,0.963042611556176,0.970906749602831,0.988889464273226,0.99299902772074,0.991375363530717,0.988856020711862,0.985540317804269,0.995464161482994,1.02109118135878,1.01980843781553,0.997081980937166,1.02754275358995,1.0175365260549,1.00015701076499,1.01796897780323,1.01935231113433,1.04959066861269,0.980769864786606,0.982602558114573,0.996172271482888,1.01020872236823,1.04801102080362,1.0624684639497,1.02677212440395,1.02523003430528,1.02966719287284,0.996169309347397,0.99618742697886,0.996183197843866,0.996169059637661,0.996166206781596,0.996169116585811,0.996170543646067,0.996168532729193,0.996158738964586,0.996161317134502
14.8367807250643,7.05675798777647,1.62668802682254,1.02583781959671,1.01851719808406,0.992503890520656,0.957833349129976,0.956197882680938,0.956975876164503,0.950463478392601,0.951941074786338,1.01913839203696,0.963439770077786,0.960050678055238,0.942932651010486,0.962040777590112,0.962994723757489,0.970880803573998,0.988872250167799,0.99298372792758,0.991357009002411,0.988848631331368,0.98553847017916,0.995448725655462,1.02107789413479,1.0197950608632,0.997065080166816,1.02753220327018,1.01754115840733,1.0001530460353,1.01799402623778,1.01938201157135,1.04958096382163,0.980685008828746,0.982538901373388,0.996166051354993,1.01021323106663,1.04800052968028,1.0624588222104,1.02676359223466,1.02526513192699,1.02965836745552,0.996176482654677,0.996202514045113,0.996196461528974,0.996177455183631,0.996171815765904,0.996178811226794,0.996180155548377,0.996175364005108,0.996162578305151,0.996161536582182
14.9191559651835,7.06209694878089,1.62623768624647,1.02579371052324,1.01847610800135,0.992445652071282,0.957732862062496,0.956072428136827,0.956845690335676,0.950338162249812,0.951818450941235,1.01906481175189,0.963316577293578,0.959924988235989,0.942813318412117,0.961923216235438,0.962892780980717,0.970816353615312,0.988822715022991,0.992938239273544,0.991306574316838,0.988817517947059,0.985517337140015,0.995402092412497,1.02103580395784,1.01975311645401,0.99701578794606,1.02750194785903,1.01753270221858,1.00012867686236,1.01802024707918,1.01941656651414,1.04955357309312,0.980516453643454,0.982410891180977,0.996138981282771,1.01020329961698,1.04796493703016,1.062427580699,1.02673815210148,1.02531066285147,1.02963876820368,0.996185571299924,0.996210698912322,0.996204676342617,0.996189620351307,0.996183580326506,0.996191653786976,0.996192819708879,0.99618469559326,0.996174394367319,0.996164116088696
14.9786445506983,7.06516414040106,1.62596529454912,1.02575378040808,1.01843544491626,0.992393779475716,0.957656023254271,0.955980514920006,0.956750927817321,0.950246365543235,0.951728349704787,1.01900920497071,0.963226748464535,0.959833339470055,0.942725884952414,0.961836642598865,0.962814925620701,0.970759175431531,0.988773702180667,0.992892324934647,0.991258202679408,0.988779476509689,0.985484632100096,0.995355047757723,1.02099261143094,1.01971017005628,0.996966732163629,1.02747215750664,1.01751069631331,1.00009647482835,1.01801718649581,1.01941843879717,1.04952659569908,0.980399237408605,0.982320303984536,0.996105597583894,1.01017639064036,1.04792767583878,1.06239512701768,1.02671267136025,1.02532013515903,1.02962281495263,0.996190644149862,0.996206293288266,0.996202381524266,0.996197428838438,0.996194336488611,0.996198850250623,0.996199923988701,0.996190500495457,0.996186807891048,0.996168033174936
15.038133136213,7.06651610005073,1.62586367585428,1.02571281776093,1.01839030534514,0.992341814676992,0.957592544653949,0.955909575860842,0.956678622322374,0.950175484286427,0.951658383895092,1.01896380656958,0.963158023477566,0.959763208128956,0.942658427908494,0.961769276767688,0.962750734914548,0.970702197386859,0.988719448785181,0.992840600904253,0.991206084920597,0.988729624916115,0.985435722433082,0.995302559467171,1.02094407825168,1.01966188522596,0.996912291426376,1.02743921333803,1.01747315355815,1.00005301113542,1.01798571115582,1.01938915082938,1.04949674219621,0.980317752346221,0.982254911679943,0.99606162777876,1.01012816236403,1.04788555312108,1.06235816015071,1.02668420469116,1.02529585382596,1.0296083148877,0.996194465726533,0.996196456738567,0.99619575898929,0.996203641825262,0.996205582868331,0.99620364062988,0.99620471278606,0.996195324434178,0.996200341717751,0.99617374824316
15.0855454755093,7.06612484848512,1.6259652440802,1.02568308056897,1.01835421813438,0.992304148940302,0.9575572827262,0.955875105224759,0.956644324669006,0.950141140569372,0.951624148563208,1.01893986391108,0.96312517244829,0.959729693205073,0.94262558687034,0.961735859220839,0.962715138783105,0.970660992455587,0.988675879945274,0.992798363371357,0.991165282590089,0.988683364292395,0.9853861714327,0.99526043351064,1.02090510012195,1.01962303129642,0.99686857420514,1.0274127611768,1.01743289753768,1.00001211277186,1.01793895678923,1.01934165148563,1.04947290096547,0.980287026144177,0.982227854710034,0.996020651825176,1.01007450757251,1.04785175255888,1.06232802542377,1.02666117117494,1.02524972864256,1.02959932820546,0.996196784509759,0.996187696228839,0.996189657715746,0.996207125724283,0.996213630972386,0.996205625324146,0.996206762993656,0.996198440402712,0.996210203818761,0.996179447975871
15.1329578148056,7.06457069480361,1.62620058890424,1.02565776659978,1.01832092687016,0.992272825711141,0.957538024298767,0.955862247426065,0.95663273315243,0.950128361576413,0.95161087691357,1.0189277050703,0.963113725706241,0.959718019016355,0.942613299863323,0.961722500652221,0.962695811418854,0.970626980546636,0.988635845987974,0.992758932753452,0.991128605685243,0.988635348372672,0.985331533692024,0.995221883112385,1.02086947871064,1.01958740593674,0.996828447166956,1.02738822773374,1.01738741811265,0.999969487111818,1.0178780279767,1.01927791678375,1.04945095246075,0.980288674532591,0.98222441539682,0.995977930124134,1.01001195110112,1.04782097741925,1.06229986638386,1.02663964509102,1.02518492000016,1.02959298762911,0.996198701992511,0.99618088702334,0.996184918299768,0.99620919364826,0.996219675960539,0.996206138178554,0.99620737711273,0.996200961840347,0.996217720126325,0.996185934862752
15.1803701541019,7.06222647175923,1.62653498765869,1.02563903338731,1.01829330162508,0.992249850387435,0.957533901683893,0.955868554975054,0.956641066789642,0.950134764845475,0.95161637718705,1.01892686888476,0.963121102758038,0.959725558467306,0.942619215955438,0.96172703400531,0.962691825945049,0.970602225220376,0.988602617688201,0.992725623670525,0.991098916438558,0.988589982659278,0.985277083839073,0.995190268265063,1.02084045304679,1.01955821673344,0.99679525749933,1.02736762135577,1.01734168102386,0.99992936248292,1.01781053403257,1.01920607497271,1.04943272903925,0.980316628823579,0.982240866691448,0.995937336163524,1.00994678805145,1.04779613834947,1.06227616986744,1.02662135528545,1.0251098962366,1.02958965208033,0.996200472171898,0.996177959655712,0.996183000463126,0.996209935327109,0.996222881386366,0.99620553651333,0.996206881435352,0.996203001767032,0.996221887490909,0.996192953349578
15.2277824933981,7.05961396953862,1.62690220129131,1.02562781882186,1.01827352637205,0.99223614656091,0.957541787799599,0.95588860130049,0.956663456597135,0.950154920400358,0.951635437839601,1.01893476746846,0.96314184206583,0.959746732502049,0.94263820246415,0.961744574020059,0.962699989007538,0.97058765994686,0.988578796674912,0.992701191839831,0.991078313423515,0.988551969457684,0.985229026450795,0.995168159540193,1.02082043329101,1.01953786479957,0.99677163547744,1.02735245796359,1.01730138991607,0.999896139885018,1.01774633468183,1.01913685721098,1.04941966006523,0.980360929552961,0.982270401138618,0.995903032609816,1.00988696509702,1.04777933974687,1.06225879528713,1.02660763266231,1.02503616609585,1.02958904260473,0.996202337621772,0.996179970958287,0.996184716032559,0.996209602885675,0.996222837664904,0.996204322838914,0.996205752662652,0.996204719653838,0.996222274347497,0.996200234954482
15.2859125351876,7.05687838183552,1.62727749011636,1.02562516128012,1.01826287790503,0.992232815867825,0.957562040764566,0.95592230098804,0.956699728094771,0.950188744115364,0.951668015215397,1.01895158306216,0.963175872260353,0.959781448529214,0.942670233080704,0.96177515795251,0.962720671812246,0.970584447973284,0.98856582865863,0.992687110264415,0.9910681527605,0.988522541432461,0.985188635183996,0.995157165744714,1.02081100296775,1.01952782878256,0.996759094016566,1.02734348608714,1.01726841778884,0.999871513226459,1.01768808085103,1.0190730112315,1.04941251248741,0.980420378158455,0.982312630383945,0.995875927217738,1.00983377974428,1.0477720837918,1.06224849585446,1.02659892795089,1.02496635453654,1.02959136682345,0.996205043449475,0.996188988141129,0.996191711732565,0.996208321933433,0.996218655901423,0.996202868650768,0.996204358561076,0.996206680150131,0.996218075298842,0.996209140220149
15.3559290627891,7.05526570491068,1.62748680787476,1.02563733504626,1.01827121630108,0.99224676122975,0.957591544920267,0.955960959470219,0.956740075940983,0.95022759209526,0.951706019259647,1.01897449768279,0.963214230129176,0.95982053464346,0.942707118083295,0.961811259231429,0.962750616260826,0.970599743161248,0.988575132189603,0.992695141329492,0.99107847543917,0.988518870224459,0.985177466515126,0.995168171911392,1.02082213548244,1.01953804785344,0.996769033062219,1.02734765289939,1.01726177666928,0.999871264271864,1.01766604942254,1.01904712213559,1.04941769011453,0.980474100510158,0.982354635273618,0.995871200846896,1.00981389607347,1.04778296667514,1.06225299122871,1.0266011920602,1.02493491445018,1.02959724536755,0.99620916577528,0.99620633309894,0.996205154987897,0.996206655068878,0.996209701831973,0.996202448020955,0.996203963637673,0.996209321191195,0.996208825196068,0.996219320361658
15.4259455903906,7.05597753030449,1.62733418965759,1.0256642301329,1.01830194699813,0.992277940549972,0.957619537547685,0.955987639912389,0.956766377264987,0.950254462475601,0.95173302553217,1.01899476252174,0.963239943288318,0.959846657234596,0.94273279986955,0.961837475456112,0.962778852517523,0.970633134726424,0.988610596952945,0.992729954534934,0.991112221141721,0.988552710247816,0.985212579085218,0.995203833472246,1.02085570583835,1.01957066224619,0.996804990672735,1.02736810261275,1.01729569943452,0.999905414437206,1.01770662319821,1.01908828638986,1.04943740462079,0.980493092398123,0.982375822912301,0.995899697608651,1.00985052748181,1.04781310018574,1.06227507065464,1.0266173520964,1.02497392483346,1.02960522673594,0.996214262707905,0.996225182402347,0.996220121037016,0.996206211806747,0.996200292342646,0.99620452464032,0.996206056577508,0.996212772416025,0.996199468479212,0.9962284455603
15.4959621179921,7.05859863822446,1.62682824077224,1.02570174907059,1.01835056852928,0.992322575349655,0.957644749007645,0.956002365717356,0.956778950174066,0.950269241894755,0.951748732045194,1.01901103056118,0.963253196268016,0.959860005567419,0.942747302304685,0.961853667381803,0.962804143242737,0.970680546346224,0.988666988941358,0.992786539152923,0.991164781756917,0.988619086732057,0.985288863748431,0.995258206663791,1.02090573213079,1.01961983610203,0.996861411049964,1.02740227223446,1.01736495722977,0.99996885072555,1.01780290762389,1.01918937193165,1.04946874371913,0.980480949214962,0.982377372207489,0.995957288792467,1.00993839789031,1.04785698022192,1.06231076494405,1.02664526854709,1.02507644419273,1.02961433744672,0.996220121079799,0.996239362126033,0.996232140394597,0.996208196203958,0.996194942174174,0.996209450541558,0.996211013872954,0.996217389448459,0.99619498208772,0.996236189886074
15.5659786455936,7.06188065048846,1.62614686826722,1.02574427488113,1.01840810782178,0.992374241993484,0.957669874602498,0.956013019386341,0.956786680402489,0.950279846265865,0.951760584726919,1.019026162541,0.963262046674214,0.95986884775106,0.942757976711657,0.961866559666125,0.962829268998822,0.970735235742743,0.988733785383719,0.992854056998138,0.991226862120224,0.988703195490512,0.98538804305764,0.99532096461234,1.02096263392649,1.01967606086705,0.99692767985984,1.02744379757879,1.01745230197177,1.00004717761699,1.0179278232196,1.01932137448363,1.0495058931179,0.980456234411594,0.982370935223116,0.996031117891368,1.0100552369083,1.04790633636371,1.06235303320355,1.02667969217827,1.02521217344899,1.02962409709823,0.996226405574283,0.99624509620934,0.996238342383006,0.996213289885603,0.99619705411259,0.996216764400721,0.996218341935519,0.9962232676111,0.996198762032026,0.996242385150916
15.6359951731951,7.06434013691038,1.62552076348791,1.02578579954522,1.01846423299643,0.992426183199122,0.957700113493767,0.95603153131329,0.95680281807043,0.950298210916638,0.951779880215035,1.01904486698939,0.963278696149079,0.959885660422693,0.942776075516029,0.961886619694584,0.962859620479115,0.970790397965105,0.988799251770014,0.992920126101298,0.991288075621308,0.988786317734688,0.985486078996437,0.995381277837467,1.02101673813299,1.01972965378938,0.996992200488701,1.02748522743148,1.01753591763876,1.0001227658193,1.0180458038817,1.01944590860978,1.0495421735749,0.980445037638003,0.982373406276407,0.9961047400914,1.01017087147056,1.04795305833051,1.06239430941187,1.02671440343078,1.02534040517858,1.02963425445099,0.996232829314016,0.996242591948688,0.996238628793456,0.996221519481508,0.996207696661749,0.996225513431969,0.996227019606998,0.996230255490875,0.996211379741073,0.996246988590844
15.7060117007966,7.06489925867376,1.62515120305438,1.02582047674361,1.01850911528249,0.992471422144502,0.957738114049048,0.956065886254785,0.956836399956487,0.950332337984743,0.951814123470565,1.01906989174148,0.963311518934486,0.959918977109531,0.942809196212675,0.961920805496043,0.96289803955484,0.970839083397507,0.98885242237962,0.992973097404884,0.991338438964104,0.988850618469137,0.985560022500916,0.99542964271489,1.02105991092573,1.01977241459821,0.997044355569982,1.02751921506084,1.01759569161635,1.00017926828438,1.01812436012468,1.01952789474782,1.04957121701883,0.980466721875013,0.982397401528807,0.996162329903482,1.01025641679853,1.0479905275583,1.06242786382505,1.02674322885882,1.0254237646502,1.02964426576503,0.996239270139205,0.996235793949407,0.996235621196315,0.996232243331495,0.996225207239613,0.996234707838298,0.996236017804312,0.99623801961034,0.996230359072305,0.996250079869741
15.7760282283981,7.0633357839899,1.625136178213,1.02584326290767,1.0185352995181,0.992503260715767,0.957780443809192,0.956114351066683,0.956886034102395,0.950380540610034,0.951861500474632,1.01909928720879,0.963359224190659,0.959967439839767,0.942855777367758,0.961967293782834,0.962941175981532,0.97087444647449,0.988884956538248,0.993004261973384,0.991369956852917,0.98888372986217,0.985594534972259,0.995459272234155,1.02108660075703,1.01979871754234,0.997076230700936,1.02753989220932,1.01761907780706,1.00020587047111,1.01814476032305,1.01954729966794,1.04958817297289,0.980523507931398,0.982444033693782,0.996192746054713,1.01029304248976,1.04801433190159,1.06244884612891,1.02676117801201,1.02544104404713,1.02965295705872,0.996245783030311,0.996230552865816,0.99623347916684,0.996244297667267,0.996245816473148,0.996243711653945,0.996244743084053,0.996246141540501,0.996251119084102,0.996251888940491
15.8460447559996,7.06035481350777,1.62543795652461,1.02585064026799,1.01853912205762,0.992516291166437,0.95781735824449,0.956164597851506,0.956938893963547,0.950430556401633,0.951910048953271,1.0191261119726,0.963409831881406,0.960018785283198,0.942904193183426,0.962014648077169,0.962979186069817,0.97089061026427,0.988892499850199,0.993009450326375,0.991378005019717,0.988881614450598,0.985585780489038,0.995466853079537,1.02109421225989,1.0198059354376,0.997083783692214,1.02754403878002,1.01760441782149,1.0001998476104,1.01810764891427,1.0195052637263,1.04959061410614,0.980598263006236,0.982501133669274,0.996192114674865,1.01027705924979,1.04802238089346,1.0624548473263,1.02676540719277,1.02539387271642,1.0296585973096,0.99625250872826,0.996232029275147,0.996236091527348,0.996256294197465,0.996265035813076,0.996252389849429,0.996253178419272,0.996254208891417,0.996268707001743,0.996252831126929
15.9160612836011,7.0572665591867,1.62590672102244,1.02584130404183,1.01852128614085,0.992507668791046,0.957836038919346,0.956198122937095,0.956975367090335,0.950463941603668,0.95194192172949,1.01914078120918,0.963444928727281,0.960054224739874,0.942936864673225,0.962045819894646,0.962998973572225,0.970883963117197,0.98887521860505,0.992989578422119,0.9913621372844,0.988848794968086,0.985541393947068,0.995452624866289,1.02108293443141,1.01979429028809,0.997067223308885,1.02753172053288,1.01756056164618,1.00016658477912,1.01803155114714,1.01942237568579,1.04957892538264,0.980661336814812,0.982547693926581,0.996164117924162,1.01021960268966,1.04801464250664,1.06244592682642,1.0267557579483,1.02530480152568,1.02965939716687,0.996259524585766,0.996242455882709,0.996245386122789,0.996266991048948,0.996279243111604,0.996260952907386,0.996261659153472,0.996261872828142,0.996279618341195,0.996253513097909
15.9860778112026,7.05541704369489,1.6263476784505,1.02581658840839,1.01848642487135,0.992478151749452,0.957825872973521,0.95619796275642,0.956977246986873,0.950463759605249,0.951940819360085,1.01913501960696,0.963447300164004,0.960056249884249,0.942937548126583,0.962045201485569,0.962989558299922,0.970854432093793,0.988837433225019,0.992950029776435,0.991326068152132,0.988796065443408,0.985476817146406,0.995419939837998,1.02105530242251,1.01976639807732,0.997030605788265,1.02750614974973,1.01750305356281,1.00011716093934,1.01794506086277,1.01933000395747,1.04955603920482,0.980683180921196,0.982562548352033,0.996118062071196,1.01014140779592,1.04799281160416,1.06242424598842,1.0267346875111,1.02520781068973,1.02965422623255,0.996266716224823,0.996260194838343,0.996260452746611,0.996275609808319,0.99628684796466,0.99626959793883,0.996270428702334,0.996268870546371,0.996282989100854,0.996254679154177
16.0560943388041,7.05561937514593,1.62660112767779,1.02578041496588,1.01844173765969,0.992432339326342,0.957783383304296,0.956156271276647,0.956935825410014,0.950422151255359,0.951899295429993,1.01910568378174,0.963408556033107,0.960016401720747,0.942898562649102,0.962005591355087,0.962947146447974,0.970806060679171,0.988786386330839,0.992898998826641,0.991276704649056,0.988736521143213,0.985409418818858,0.995374409580399,1.021015628821,1.01972665141025,0.996980712591765,1.02747272499649,1.0174482965582,1.00006434606386,1.01787574077794,1.01925806513424,1.04952658513148,0.980647121983345,0.982533505370661,0.996065431895413,1.0100647483681,1.0479600219571,1.06239343726572,1.02670653742038,1.02513497271908,1.02964323093174,0.99627373893483,0.996280453986211,0.996277843451529,0.99628197107941,0.996288612804433,0.996278153283789,0.996279243143724,0.996275028425163,0.996280715953475,0.996257089991177
16.1208399053538,7.05762093557787,1.62660598063044,1.0257421205374,1.01839886746349,0.992382403088274,0.957720689265675,0.95608545202652,0.956863532134641,0.950351466768444,0.951829617253008,1.01906112660824,0.963340247523359,0.959946570236891,0.942831472118631,0.961938669115342,0.962883808829691,0.970751488696572,0.988735030517994,0.992849650576664,0.991226903213399,0.988685614013911,0.98535684089267,0.995327044974609,1.02097318440577,1.0196843283556,0.996930000083523,1.02744047484949,1.01741086066022,1.00002201232019,1.01784215120203,1.01922585316299,1.04949817917917,0.98056517383266,0.982469599215246,0.99601999224341,1.01000985536838,1.04792383750686,1.06236078275578,1.02667886105677,1.0251059082557,1.02962938700074,0.996279658543127,0.996296317095261,0.996292007497021,0.996286107095721,0.996287183526963,0.996285408712155,0.996286727143964,0.99627989729183,0.996276747423881,0.996260959960862
16.1855854719035,7.06067849174828,1.62642831573103,1.02570407990804,1.01835955234838,0.992331969407643,0.957646622409036,0.955997413857403,0.956772869199526,0.950263596040382,0.951743346201618,1.01900783106744,0.963254072190603,0.959858722932433,0.942747534614129,0.961855419418882,0.962808504337008,0.970694859725725,0.988685656497443,0.992803865813918,0.991179177038989,0.988643693765904,0.98531821104465,0.995279910664166,1.02092984001256,1.01964123305453,0.99688069705462,1.02741061182997,1.01738864278426,0.999989782852719,1.01783814851933,1.01922637411807,1.04947198212362,0.980454924377437,0.982383456471427,0.995982218962806,1.0099745269022,1.04788603145811,1.06232762782754,1.02665280506519,1.0251128138309,1.02961411087067,0.996284633432063,0.996305444499281,0.996300951699378,0.99628902526466,0.996285398747252,0.996291205294076,0.996292621087257,0.996283982220656,0.996274299925084,0.996266676539125
16.2503310384531,7.06376323095753,1.62615454678366,1.02567255239028,1.01832908623541,0.992289540567054,0.95757773608,0.955913344077671,0.956685899575255,0.950179695116049,0.95166115163746,1.01895806151564,0.963170951608857,0.95977417754073,0.94266695310188,0.961775706500398,0.962738089177047,0.970645757032042,0.988644934795877,0.992767575633032,0.991140438188425,0.988613807306145,0.985294415477592,0.995239416326887,1.02089152594676,1.01960317740859,0.996839465969279,1.02738747899652,1.01738066478916,0.999969654867435,1.01785550422702,1.0192497219023,1.04945150597153,0.980345624773618,0.982297248873501,0.995954951667029,1.0099572368164,1.04785193542907,1.06229817352315,1.02663208329735,1.02514378396022,1.02960053889828,0.996288453311203,0.996306361724796,0.996303106708812,0.996291142404687,0.996285259247141,0.996294797287562,0.996296139425493,0.996287376094619,0.996275604936741,0.996274181031354
16.2982262356843,7.06546443771733,1.62596520460678,1.02565604344827,1.01831366357843,0.992266648130412,0.957538591274685,0.955865127900437,0.956635907940521,0.950131649218649,0.951614163797755,1.01893013268393,0.963122839593103,0.959725364598318,0.942620440066572,0.961729707317549,0.962697835573937,0.9706183331851,0.988622611005766,0.99274841225339,0.991119797214452,0.988598810932426,0.985283898706986,0.995216349971205,1.02086914924554,1.01958091236134,0.996816549612954,1.02737565271525,1.01738032443955,0.999961201772221,1.01787288772204,1.01927124726298,1.04944101479096,0.980281690992661,0.982246176935739,0.995941061914498,1.0099515455798,1.04783176944415,1.06228065466476,1.02662111458638,1.02517041339591,1.02959316002216,0.996290547534134,0.996302309700585,0.996300541098989,0.996292346175627,0.99628677983335,0.996295800086471,0.99629700546011,0.996289528468768,0.996279415890635,0.996280689741858
16.3461214329154,7.06630770058233,1.62581499063884,1.02564664470579,1.01830528580866,0.992253668235261,0.957516068231765,0.955837421746566,0.956607179862713,0.950104023729576,0.951587135255276,1.01891397313463,0.963094904683102,0.959697120605237,0.942593495800243,0.961703028030475,0.962674491127807,0.970602007033074,0.988609063532603,0.992737368091621,0.991107975300935,0.988589819455119,0.985277966921249,0.995201605836102,1.02085436685907,1.01956609476139,0.996802363374428,1.02736920287761,1.01738249157704,0.99995765537509,1.01788777386933,1.01928906270647,1.04943518642272,0.980245050992188,0.982215810359542,0.995932509792234,1.00994887227564,1.04781831056342,1.06226843568594,1.02661466626742,1.02519172485077,1.02958888281684,0.996292161432598,0.996295749568579,0.996295532621453,0.996293303695658,0.996289585245042,0.996295471199262,0.996296526008181,0.996291483264765,0.996285228286015,0.996287727376723
16.3940166301466,7.06615411916033,1.62574749824277,1.02564527676683,1.01830394560665,0.992251161239344,0.95751235268796,0.955833330057971,0.956602962112871,0.950100026816382,0.951583243245844,1.01891180819972,0.963090350246912,0.959692671094167,0.942589149494414,0.961698619111159,0.962670340370761,0.970597663697119,0.988604647046596,0.992734388627832,0.991105151087679,0.988585822385914,0.985274678758927,0.995196070187642,1.0208483508253,1.01955985823701,0.996797449817229,1.02736791595778,1.01738457178084,0.999957533634657,1.01789476691336,1.01929716208066,1.04943402120375,0.980239693448668,0.982210093201664,0.995928418466243,1.00994623393667,1.04781281929009,1.06226239483755,1.0266126451729,1.02520106447829,1.02958830213892,0.996293513100552,0.996288524996558,0.996289576087741,0.996294042056612,0.99629316203484,0.996294149512896,0.996295094926692,0.996293353336943,0.99629213269302,0.996294980335142
16.4419118273777,7.06507246994253,1.6257625470003,1.02565183869378,1.01830949722685,0.992259139165538,0.957527570133845,0.955852951660534,0.956623362922701,0.950119729229444,0.95160254212833,1.01892355425135,0.963109437025826,0.959712229066659,0.942607625119394,0.96171672348928,0.96268559940176,0.97060560410675,0.988609676920066,0.992739576773157,0.991111398782899,0.988586826369544,0.985273796353136,0.995200353403089,1.02085185130167,1.01956293664788,0.996802232368086,1.02737165243759,1.01738593352036,0.999960526791189,1.01789248500886,1.01929397839569,1.04943744210071,0.980265752746267,0.982229581880085,0.995928790094034,1.00994312314631,1.04781604921116,1.06226309194113,1.02661497752912,1.02519661276998,1.02959136808604,0.996294869824687,0.996282560820628,0.996284334816895,0.996294614457853,0.996296803373422,0.996292377412919,0.9962932945227,0.996295259765982,0.996298997836954,0.996302113121906
16.4898070246089,7.06330137805714,1.62584501808913,1.02566566376754,1.0183214834186,0.992276632136085,0.957559192188036,0.955892816297116,0.956664734290182,0.95015966327627,0.951641659354951,1.01894729619377,0.963148802167925,0.959752338389599,0.942645681523606,0.961754189873736,0.962717738755077,0.970624879885169,0.988623828173678,0.992752593718972,0.991126149382749,0.988593171090252,0.985276036077623,0.995214295548481,1.02086481773697,1.01957529926503,0.996816441836794,1.02737999847448,1.01738706686838,0.999966767884438,1.01788240342688,1.01928119044894,1.04944513917983,0.980317986539992,0.98227071889941,0.995933916949294,1.00994068662231,1.0478279744835,1.06227061934996,1.02662134680069,1.02518022323568,1.02959765250783,0.996296506566522,0.996279475911502,0.996281312827258,0.996295137127345,0.99629980488433,0.996290821454655,0.996291802423706,0.996297324360261,0.996304726304521,0.996308805764287
16.5559038799509,7.0604427894105,1.62600181228714,1.02569409435908,1.01834722058742,0.992312961850958,0.957620590943745,0.955968588264756,0.956743161475207,0.950235490550169,0.951716000776507,1.01899270109945,0.963224020475628,0.959828794289905,0.942718455096553,0.961826075699427,0.962780456003143,0.970666152808717,0.988656551374452,0.992782094047128,0.991158363654794,0.988612101600779,0.985287637723819,0.995247450932634,1.02089631768014,1.01960577559266,0.996849676062002,1.027398053927,1.0173918291318,0.999982162705923,1.01786475013193,1.01925804729631,1.04946185007307,0.980414913344774,0.982349338044345,0.995950039282307,1.0099440689112,1.04785680879665,1.06229117328459,1.02663590565895,1.02514954900583,1.02960999348176,0.99629965888071,0.996281660894422,0.996282621495377,0.996296179200133,0.996302045998713,0.99629030650086,0.996291479135438,0.996300645232945,0.996309363215751,0.996316821088144
16.6079352782545,7.05840398537458,1.62611080556793,1.02572173874882,1.0183735593497,0.992348166033555,0.957675134601021,0.95603413278035,0.95681073446809,0.95030106497554,0.951780405282237,1.0190326463434,0.963289195232997,0.959894943853504,0.94278163940621,0.961888718864482,0.96283630031025,0.970706565797135,0.988690834446202,0.992813054489509,0.991191096610365,0.988635966954956,0.985306202927515,0.9952823430772,1.02092960788619,1.0196382123423,0.996884578572071,1.02741654470296,1.01740122062946,1.00000080369502,1.0178559786643,1.01924468180705,1.04947899704579,0.980495622242965,0.982416743601079,0.995970713286725,1.00995679884963,1.04788709160448,1.0623140404026,1.02665117866005,1.02512946484722,1.02962130150879,0.996303060801232,0.996288756943307,0.996288495018181,0.996297634205485,0.996302183477923,0.996291954808284,0.996293298898534,0.996303765902043,0.996310063253696,0.996321896207265
16.6599666765581,7.05704858696345,1.62615725199018,1.02575128855382,1.01840348241409,0.992385483847542,0.957726618765703,0.956093672283453,0.956871735712877,0.950360631637736,0.951839082564205,1.01906999006703,0.96334831672363,0.959954890792091,0.942839176944657,0.961946051695363,0.962889044612708,0.97074936953799,0.988729739230359,0.992848647769775,0.991227563134516,0.988667772258105,0.985334980000105,0.995321634421956,1.020966953552,1.01967478241815,0.996924101141499,1.02743758431536,1.01741849928308,1.00002589354409,1.01786004478222,1.01924515061541,1.04949845386241,0.980564550451316,0.98247640798881,0.995998493839766,1.00998240583398,1.04792078595169,1.06234058769321,1.02666875444078,1.0251239597311,1.02963252030848,0.996307316878318,0.996299608543234,0.996298005872336,0.996300058315184,0.996301428182717,0.996295818868629,0.996297280024132,0.996307415261535,0.996308699300211,0.996325777982969
16.7119980748617,7.05664131151043,1.62609882184015,1.02578007686159,1.01843520377219,0.992421986516827,0.95776933287408,0.956139936461965,0.956918623900011,0.950406847500281,0.951884810319489,1.01910012914231,0.963394058573627,0.960001217544057,0.942884026257989,0.961991137903046,0.96293278956327,0.970790919259149,0.988770506598168,0.992886746620637,0.991265318045478,0.988706671065695,0.985374339076514,0.995362056641249,1.02100496238896,1.01971217846482,0.9969652729782,1.02746012830233,1.01744539060707,1.00005748760851,1.01788248425371,1.01926586241311,1.04951903522708,0.98061247549368,0.982520238814534,0.996032672453198,1.01002262058979,1.04795467436471,1.06236841812448,1.02668770600462,1.02514048986786,1.02964239422446,0.996312302443775,0.996312453199979,0.996309708981768,0.996303742836098,0.996300793646761,0.996301819010747,0.996303298099689,0.996311610318512,0.996306476598271,0.99632852288605
16.7640294731653,7.05720885266879,1.62593753119199,1.02580579362987,1.01846629366384,0.992454576318054,0.957799192906754,0.956168355107179,0.956946726426692,0.950435175278098,0.95191313013453,1.01912032980161,0.963421795417964,0.960029265049284,0.942911687476511,0.962019465219334,0.962963287094777,0.970827417714876,0.988809539157746,0.992924191543846,0.991301199669847,0.988749625916646,0.985421531673184,0.995399828309242,1.02103996687815,1.01974678399246,0.997004381359309,1.02748248778367,1.01748064073766,1.00009351537376,1.01792347959688,1.01930739414208,1.04953913337036,0.980634173058484,0.982543499417638,0.996070610676825,1.01007500205589,1.04798547153021,1.06239485231389,1.02670659411524,1.02518028474817,1.02965010090659,0.996317779039541,0.99632520387388,0.996321755710588,0.996308826506784,0.996301510942502,0.996309504434227,0.996310892216281,0.996316313873261,0.996304941403714,0.996330299964899
16.8160608714689,7.05856299197533,1.62569392882009,1.02582640703656,1.01849413695163,0.992480785045256,0.957814885436453,0.956178283725111,0.956955529685151,0.95044497343112,0.951923345225695,1.01912980346734,0.96343092860235,0.960038445192054,0.942921487916901,0.96203025189522,0.96297917384262,0.970855986976131,0.988843348983127,0.992957691038996,0.991332196189237,0.988792327062315,0.985471602078966,0.995431504405899,1.02106874466394,1.0197753797647,0.997037899931728,1.02750286042966,1.01752084629559,1.00013063622087,1.01797868910361,1.01936527383787,1.04955704847142,0.980630553166383,0.982546187073059,0.996108529559704,1.01013383241696,1.04801039800955,1.06241735356623,1.02672387945831,1.02523897386167,1.02965516391978,0.996323446764561,0.996335946754193,0.996332343208493,0.996315247467483,0.996304711502476,0.996318159597697,0.996319372282165,0.996321435384173,0.996305607295754,0.996331357945136
16.8791142899708,7.06071848940914,1.62535737304397,1.02584222372321,1.01851941145258,0.992501089261036,0.957816416881384,0.956169498041343,0.956944763069357,0.95043601236819,0.951915245364567,1.01912849976742,0.963421234309083,0.960028520856667,0.942913227894452,0.962023328550351,0.962980427828288,0.970876932436848,0.988872405665316,0.99298791081148,0.991358898376114,0.988835671634839,0.985525777169751,0.995457370497639,1.0210915026657,1.0197981428077,0.997066228119371,1.0275218409692,1.01756774066682,1.00017011305396,1.018051162708,1.01944284728902,1.049573180849,0.980600787491602,0.982527912392623,0.996147331882496,1.01020074717834,1.0480297172711,1.06243612498738,1.02674010806317,1.02532022571126,1.0296576250961,0.996330138807841,0.996344443744511,0.996341345673717,0.996324403953469,0.996312871590275,0.996328748262609,0.996329708359125,0.996327998235422,0.996310876963585,0.996332106099211
16.9421677084727,7.06276283207403,1.62504625230202,1.02584707002404,1.0185324276983,0.992508058687021,0.957804398060696,0.956146955959529,0.95692023630826,0.950413249477262,0.951893384735997,1.01911752992475,0.963398158002549,0.960005006590812,0.942891709065554,0.962002971114708,0.962967835801036,0.970882570039627,0.988885507519134,0.993003301627655,0.991371222334459,0.988862402849917,0.985562248783694,0.995467419168655,1.02109945980382,1.01980623677472,0.997078416505447,1.02753250199492,1.0176033491785,1.0001968279345,1.01811279629511,1.01950997339746,1.04958129943,0.980558739816007,0.982497744052266,0.99617168303094,1.01024861303703,1.04803613427218,1.06244389535617,1.0267493579752,1.02539239176194,1.02965662093555,0.996336280161856,0.99634749650272,0.996345457978734,0.996334337233792,0.996325562717348,0.996338300887517,0.996339045173985,0.996334675355287,0.996321366717994,0.996332735762002
17.0328094875104,7.06423701708305,1.62485322546158,1.02583401182655,1.01852363985943,0.992492795624679,0.957773872676348,0.956107798670261,0.956879486707674,0.950373913404411,0.951854857658879,1.01909412897459,0.963359522738847,0.959965589069784,0.942854391191791,0.96196632115658,0.962936511748377,0.970863347959778,0.988871271916913,0.992992462586692,0.991358612957262,0.988857536259708,0.985563016108218,0.995451500024478,1.02108385825106,1.01979078693151,0.997063312938277,1.02752773023412,1.01761360867893,1.00019793713303,1.01814422064612,1.01954634707071,1.04957511472699,0.980505321662828,0.982456578672973,0.996168572468529,1.01025598190486,1.04802273012602,1.06243375894717,1.02674582268129,1.0254348755645,1.02965052043214,0.996343830600826,0.996345326341942,0.996345092320748,0.996348038418928,0.996348037756856,0.996348808396966,0.996349408540816,0.996343832797929,0.996342443109147,0.996334339799995
17.1234512665481,7.06353206334901,1.62501018414149,1.02580157087829,1.01848513128126,0.992453426410274,0.957739827765711,0.956076110098114,0.956848354422101,0.950342148581057,0.95182293979316,1.01907032187907,0.963330107101834,0.959935384790927,0.942824597852989,0.961935807371698,0.96290223127613,0.970819686794646,0.988823733964345,0.992946858449053,0.991315002972082,0.988803111447493,0.985501717924766,0.995406532196496,1.02104323079576,1.01975008526609,0.997015893954798,1.02750081759013,1.01757060915847,1.00015403164109,1.01809375250066,1.01949505080859,1.04954969296758,0.980481519295428,0.98243533685433,0.996121401335744,1.0101866905785,1.04798883920981,1.06240280449126,1.02672349828402,1.02538530561834,1.02964102833007,0.996350100017372,0.996341769470058,0.996342924366033,0.996359125492988,0.99636878741796,0.996355595557964,0.996356241657661,0.996351876647244,0.996363715443055,0.996337508465891
17.2140930455857,7.06132674224058,1.62546814098951,1.02575774071166,1.01842640655345,0.992398421603849,0.957705691722772,0.956052665279412,0.956827035369011,0.950318906527347,0.951798911568519,1.01904892532894,0.963310062130455,0.959914628804768,0.942802900635027,0.961912357230706,0.962868407670643,0.970761342321955,0.988755283293794,0.992878121403659,0.991250948117904,0.988715268495532,0.985397685072472,0.995344642880144,1.02098877235319,1.01969534428742,0.996948661241776,1.02745754822571,1.01748638324021,1.00007693065189,1.01797729565061,1.01937258844454,1.04951114727674,0.980481533216539,0.982431231646966,0.996044031335617,1.01006376875963,1.04794387732887,1.06235965718731,1.02668705946973,1.02525995240846,1.02963003756646,0.996355702657224,0.996343770725389,0.996345313416037,0.996366272082071,0.99638061280872,0.996360095730895,0.996360893458964,0.996358412899444,0.996377080497132,0.996342725218066
17.3047348246234,7.05925751945846,1.62596962748886,1.02571367897253,1.01836557197576,0.992341823256268,0.957670704433857,0.956028690109221,0.956805220084805,0.95029527893776,0.9517745403521,1.01902758505942,0.96328938508929,0.959893296324218,0.942780581225902,0.961888213883066,0.962833850336145,0.970702511789575,0.988686351635856,0.992807737954639,0.991185307287008,0.988626009596815,0.985291893504767,0.995283266126246,1.02093511187668,1.01964137827153,0.996881324962155,1.02741133728919,1.01739553643294,0.999995411281366,1.01784902970856,1.01923703200353,1.04947115412621,0.980481583001062,0.982426723556116,0.995964551702417,1.00993854181297,1.04789935061812,1.06231625264043,1.02664749004556,1.02511968707,1.02961904152017,0.996361166891155,0.996353948773583,0.996354743721343,0.996369488353619,0.996380728333856,0.996363986053399,0.996364954830751,0.996363444134511,0.996378583484227,0.996350079000044
17.395376603661,7.05880182093132,1.62623845281925,1.0256806983946,1.01832165534873,0.99229832810311,0.957634795949509,0.955996214553193,0.956773422937775,0.950263121593063,0.951742329366154,1.01900430830712,0.963258917197718,0.959862196443193,0.942749722317002,0.961856420871795,0.962797959460192,0.970657206177595,0.988636925458636,0.992757531523632,0.991137369274328,0.988566927585391,0.985224838817213,0.99523877271382,1.02089563507576,1.01960172890274,0.996832901181886,1.0273769228469,1.01733579438804,0.999940142068798,1.01776899743483,1.01915299674266,1.04944201299989,0.980458530354699,0.982405093678954,0.99591101641521,1.00986180770552,1.04786581507152,1.06228378170854,1.02661710212904,1.02503289605202,1.0296096153687,0.996366556073976,0.996369028619038,0.996368299157014,0.996369920447976,0.996372341339629,0.996367926233375,0.996369038851782,0.996367292540793,0.996370696969414,0.996359324510079
17.4860183826987,7.06033282033814,1.62613155756876,1.02566745817153,1.01830759633142,0.992279425086457,0.957604356811976,0.95595907101646,0.956734974831716,0.950226155087285,0.951706166122171,1.01898273703002,0.963221950078179,0.959824688490533,0.942713954499743,0.961821016344775,0.962766918811829,0.970636333260206,0.988619934601121,0.992741682704375,0.991120366826521,0.988555208230964,0.985217057309292,0.99522199561543,1.02087948837616,1.01958551139712,0.996815744881515,1.02736471714371,1.01732925944228,0.999929673597988,1.01777070460068,1.01915638343094,1.04943216660784,0.980410277957799,0.982366297752927,0.995899024580086,1.00985809317492,1.04785101517498,1.06226970529382,1.0266049096631,1.02503764317604,1.0296038243293,0.996371526907211,0.996382220697136,0.996379910477927,0.996369359964126,0.996362689585621,0.996371396747787,0.996372589526834,0.996370487018871,0.996360798961757,0.996369878658528
17.5577642258296,7.06239753868421,1.62581419608716,1.02567382192172,1.018319892848,0.992285523507538,0.957592009066591,0.955936703527091,0.956710618102509,0.950203860724936,0.951684885319881,1.0189729711506,0.963198544560714,0.959801043993571,0.942692175512876,0.961800256708798,0.962753796447017,0.970640805365436,0.988631477857857,0.992755433421587,0.991131399340667,0.988578440575773,0.985249645349175,0.995230594104991,1.0208856016876,1.01959150984698,0.996826410628469,1.02737279460352,1.01736106679909,0.999953547996813,1.01782628960921,1.01921673875829,1.04943960383412,0.980367966748295,0.9823351205416,0.995918373472313,1.00990122152824,1.04785511422579,1.06227328551226,1.02661017856073,1.02510156987366,1.02960333792547,0.996374932180657,0.996387389076071,0.996384313659732,0.996369418202288,0.996358886965381,0.996373259109731,0.996374440647644,0.996372957012635,0.99635682820926,0.996378585566657
17.6295100689604,7.06426989238963,1.62539659011072,1.02569399692193,1.01834928761266,0.992309692162953,0.957598339721517,0.95593363670997,0.95670566108925,0.950200763790634,0.951682635150827,1.01897589266698,0.963193931017511,0.959796482576265,0.942688968777756,0.961798268664452,0.962759507766111,0.970664132516832,0.98866199042106,0.992788358298393,0.99116128506906,0.988621079389917,0.985302577296096,0.995256786939906,1.02090764690257,1.01961323919244,0.996855802973777,1.02739394735204,1.0174131526568,0.999997096807198,1.01790701419901,1.01930310848491,1.04945826985708,0.980343914653207,0.982320592619733,0.995955213874337,1.00996596398608,1.04787324837457,1.06228891492272,1.02662678849551,1.02519180961492,1.02960725569054,0.99637789655054,0.996386752118695,0.996383693165136,0.996370781022327,0.996360813052092,0.996374256159587,0.996375345580318,0.996375762857497,0.996359238999053,0.996386939141458
17.7012559120913,7.06511969696873,1.62502713524606,1.02572496333781,1.01838913978907,0.992347786644436,0.957627067037876,0.9559578847905,0.956728923358959,0.95022499363658,0.951707198823198,1.01899533305478,0.963216552296384,0.959819545896229,0.942712100037504,0.961822344602416,0.962788064106304,0.970702803117189,0.988704928405508,0.992832831092585,0.991203649348663,0.988670823572048,0.985359237115962,0.995295748573696,1.0209420990441,1.01964710567403,0.996897882177516,1.02742310050174,1.01746921398028,1.00004784419974,1.01798511591526,1.01938533867104,1.04948391231468,0.980353909502498,0.982334640952027,0.995998788724468,1.01003077007491,1.04790295764618,1.06231366073587,1.02665068922766,1.02527609257665,1.0296157531046,0.996380767042382,0.996382116657525,0.996379889935371,0.996373846712431,0.996368039421251,0.996375009665411,0.996375952650181,0.996379229776599,0.996367906045351,0.99639429889617
17.7886017163878,7.06426451837495,1.62478819200594,1.02576900591904,1.018440051653,0.992403099744141,0.957688132944717,0.9560230179801,0.956794679951199,0.950290106612189,0.951771751666013,1.01903865453794,0.963280150239879,0.95988416299927,0.942774701807137,0.961885326218417,0.962849800664866,0.97076151075319,0.988762701315361,0.992890065999272,0.991260486765082,0.988726030152895,0.985415322454581,0.995350882256995,1.02099276425402,1.01969676548407,0.99695542846178,1.02746044713029,1.01752273891434,1.00010265063658,1.01804567057487,1.01944660997331,1.04951694703378,0.980417938740603,0.982392958488986,0.99604767590542,1.01008833675298,1.04794804681831,1.0623500018473,1.02668214719216,1.02533546666481,1.02963039773086,0.996384971256948,0.996376581333103,0.996375988466085,0.996379867853049,0.996380587058552,0.996377305717854,0.996378093994337,0.996384683302906,0.996383141150231,0.996401134328193
17.8759475206843,7.06181956737439,1.6248065067133,1.02581104366317,1.01848368529336,0.992456917315615,0.957763087954443,0.956110291248762,0.956884194902675,0.950377335146671,0.951857597997867,1.0190928439106,0.963366544584062,0.959971857414035,0.942858773638886,0.961968998848105,0.962926229815818,0.970821262659126,0.988815948701503,0.992940157610107,0.991312240538474,0.988767478942013,0.985450895501111,0.995404094212991,1.0210432349273,1.01974616407112,0.997009296979084,1.02749267010188,1.01755144755627,1.00014039856922,1.01805961002189,1.01945655862867,1.04954541259672,0.98052017947023,0.98247980977394,0.996084811169155,1.01011773997873,1.04799394453298,1.06238631220213,1.02670984941258,1.02533888074512,1.02964652143126,0.996390769483868,0.996377160414875,0.996378000283237,0.996387886346847,0.996392839943157,0.996382911961892,0.996383667630102,0.996391555832878,0.996397899463452,0.996405239277077
17.9437916722704,7.05963970216973,1.62495048174435,1.0258348068434,1.01850611227779,0.992488514391913,0.957814763538374,0.95617323775495,0.95694928165813,0.950440180761785,0.95191918069716,1.01913014054806,0.963429353252632,0.960035560829504,0.942919551293665,0.962029184694026,0.962979290354649,0.970858299732842,0.988846648473971,0.992967266728068,0.991341159117748,0.988787732741163,0.985465168435646,0.995436014972627,1.0210742935966,1.01977655054045,0.997040784601219,1.02750909566154,1.01755628293947,1.00015481094991,1.01804457480179,1.01943671679793,1.04956008656371,0.98060021767433,0.982545738809549,0.996103217554691,1.01012556681525,1.04802263009029,1.06240888241771,1.02672430564479,1.02531261522049,1.02965666506136,0.996396611839741,0.99638422131255,0.996385456789483,0.996395018275517,0.996400073400793,0.9963901873153,0.996391011819368,0.996397701973206,0.996405939689531,0.996406648461563
18.0116358238564,7.05810202589252,1.62512817252943,1.02584772070055,1.018516782284,0.992506111558742,0.957847331584958,0.956213987228347,0.956991599828097,0.950480876394866,0.95195898708114,1.01915388681067,0.963470273657338,0.960077013634818,0.942959010574681,0.962068166882316,0.963012996822869,0.970880496915382,0.988864295143744,0.992981568694723,0.991356761950104,0.988798733452531,0.985472217058648,0.995455046463749,1.02109327206225,1.01979516332003,0.997059118176532,1.02751684090939,1.01755196124633,1.00015855906744,1.01802224008374,1.01941013712739,1.04956696037728,0.980654254200355,0.982589948178697,0.996113421718417,1.01012840665259,1.04804039307638,1.06242326721923,1.02673132485427,1.02528067073082,1.02966279351661,0.996403374682131,0.996396615281196,0.996397364165775,0.996402550743667,0.99640510657198,0.996399660784829,0.996400578504806,0.996404205189004,0.996410104629274,0.996406972589318
18.0794799754425,7.05779542163966,1.6252311036064,1.02584761008909,1.01851557223497,0.992507613549793,0.957853554191833,0.956222397914142,0.957000494102761,0.950489156547369,0.951966968379762,1.0191578868414,0.963479225224684,0.960085938682678,0.942967505430697,0.962076558549059,0.963019875166582,0.970884706704935,0.988867452050108,0.992982710069514,0.991358037396206,0.988802076487473,0.985475651678191,0.995458874858286,1.02109743979202,1.01979930189638,0.997062531555421,1.02751603250566,1.01754493258811,1.00015512387771,1.01800662931765,1.0193925074296,1.0495659460405,0.980667486756664,0.982600957862231,0.996116770915595,1.01013212064633,1.04804452516905,1.06242727488647,1.02673087521671,1.02526050826765,1.02966341433631,0.996410455152726,0.996411701273471,0.996411261304519,0.99641021243499,0.996409100050617,0.996410190006278,0.996411146625601,0.996410644351519,0.996411483961022,0.996406878930496
18.1473241270286,7.05883937211623,1.62522144087478,1.02583507524227,1.0185034541844,0.992493094608941,0.957831899707411,0.956196151483654,0.95697345952946,0.950462771786103,0.95194099617901,1.01914133420375,0.963453858977439,0.960059946076927,0.942942797305366,0.962052186437127,0.962998234683068,0.97087016401597,0.988855746477961,0.992970969145242,0.991345190361122,0.988797218226865,0.985474808111179,0.995447025437283,1.02108629910009,1.01978840899367,0.997050600053279,1.02750737924074,1.017538205854,1.00014631106533,1.01800376361356,1.01939054682731,1.04955764528696,0.980635218436383,0.982575926003748,0.996112783780751,1.01013589558705,1.04803467701371,1.06242025485886,1.02672355530135,1.02525967999167,1.02965853467284,0.99641710392699,0.996425818528658,0.996424000437002,0.996417752553298,0.996413667637216,0.996420253271079,0.996421141068806,0.99641661762212,0.9964122099978,0.996407115451194
18.2294004395548,7.06131370432081,1.62508286992503,1.02580694849112,1.01847681643782,0.992458100428122,0.957777004933117,0.956129376142818,0.956904514308501,0.950395896573088,0.951875335622691,1.01910063885816,0.963388550865563,0.959993279252685,0.942879326594631,0.961989475470294,0.962942576918872,0.970831402524207,0.988823719914497,0.992941499337848,0.991313490865634,0.988777727640523,0.98546238031958,0.995414443083751,1.02105533218944,1.01975790072235,0.997017912375546,1.02748824591523,1.01752908536035,1.00012850424846,1.01801225255511,1.01940325226121,1.04953965726825,0.980550374124335,0.982509739034748,0.996095830408041,1.01013140032895,1.04800716370994,1.06239844233785,1.02670716016799,1.02527789776448,1.02964703521914,0.996423659657815,0.996436964968277,0.996434115032863,0.996426230188793,0.99642156810345,0.996429786978107,0.996430475470256,0.996422816322776,0.996415304848938,0.99640879925129
18.3114767520811,7.063946181036,1.62489040776077,1.02577063447867,1.01844120402963,0.99241199715687,0.957708720394231,0.956048004756968,0.956820733964854,0.950314478148059,0.951795311774443,1.01905060996191,0.963308983478259,0.959912119529773,0.942801827635994,0.961912663886368,0.962873079386528,0.970778777561957,0.988777737169057,0.992899814149862,0.991269917144666,0.988741837019728,0.985431430670712,0.99536857077171,1.02101214307584,1.01971507646146,0.99697128690142,1.02746253001685,1.01751371735568,1.00010188901871,1.01801831799619,1.01941461595591,1.04951582614876,0.980448961456094,0.982430007425046,0.996064251029237,1.01010578657215,1.04796922156231,1.06236630056807,1.02668507987343,1.02529668280565,1.0296325629773,0.996428189332173,0.996439437486686,0.996436878369931,0.996433311140023,0.996431855603535,0.996435266027232,0.996435754497192,0.996427748185734,0.996422401187247,0.996412651440265
18.376882104924,7.06528466088888,1.62481100821437,1.02574152130414,1.01840989402749,0.992373574529774,0.957658279202792,0.955990528547581,0.956761916249048,0.950257167290154,0.951738902134542,1.01901508546848,0.963252910265028,0.959854976533851,0.942746929304772,0.961857907362099,0.962821613150035,0.970734396648335,0.988736079927565,0.992861665427575,0.991231448698378,0.988701714827747,0.985390766899866,0.995328379886339,1.02097506332588,1.01967808706748,0.99692951113262,1.02743954369597,1.01749237007513,1.00007340894133,1.01800797493542,1.01940728934975,1.04949498175519,0.980380558491507,0.982375710443574,0.99602876512349,1.01006419062004,1.04793725340776,1.06233762760915,1.02666535422976,1.02529439143978,1.02962179226626,0.996430522491564,0.996436027158789,0.996434641473072,0.996437439001753,0.99644031252861,0.996436773827008,0.996437206882201,0.996430852759312,0.996430433657427,0.996417390511306
18.4422874577669,7.06548353534134,1.6248264331811,1.02571615920709,1.01838002049493,0.992340061524732,0.957622447455148,0.955953215242969,0.956724322599034,0.95022002441039,0.951702095446708,1.01899055698047,0.963216858763394,0.959818266337337,0.942711219567436,0.961821833823619,0.962785044056481,0.970695830911917,0.988696532573106,0.992824727654759,0.99119557439526,0.988656580295707,0.985340476073602,0.995291400712081,1.02094158385607,1.01964446361631,0.996890250020048,1.0274173555953,1.01746325006888,1.00004106108981,1.01797961589913,1.01937966041488,1.04947522138404,0.980342314795682,0.982343665542862,0.995988645883834,1.01000766105174,1.04790888902262,1.06231057946696,1.02664623434147,1.02526931599307,1.02961341105726,0.996432249818248,0.99643054118962,0.996430710911544,0.996439907072314,0.996446936994397,0.996436554092243,0.996437072662488,0.99643342878371,0.996438753629328,0.996423389852975
18.5076928106099,7.06454012548276,1.62496350542505,1.02569844024413,1.01835550740877,0.992315814295843,0.957605678601723,0.955940626576372,0.956712492021153,0.950207706873481,0.951689587085065,1.01898073177067,0.963205146424954,0.959806402961735,0.942699000504189,0.961808798170862,0.962767922851872,0.970668289194152,0.988664626452256,0.99279394778987,0.991167058249521,0.988613265656628,0.985288498767056,0.995262810740659,1.02091640193851,1.01961895218721,0.996858996948634,1.02739864803529,1.01742945025723,1.00000873188787,1.01793549386878,1.01933371171119,1.04945903222841,0.980338102732656,0.982337572956418,0.99594988669402,1.0099454575615,1.04788806981583,1.06228916782527,1.02662993012666,1.0252228502973,1.02960879932956,0.996433962636014,0.996426083473072,0.996427563326923,0.99644073546253,0.996450066594367,0.996435683521164,0.996436397566091,0.996435703262063,0.99644525332631,0.996430236620161
18.5730981634528,7.06286328623095,1.62516941250759,1.0256903425482,1.01834011117987,0.992303977500913,0.957608016278795,0.955950996598907,0.956724341324734,0.950218348530227,0.951699620891853,1.01898484781907,0.963215942241235,0.959817488480062,0.9427086822365,0.961817455360764,0.962770335028425,0.970655433246436,0.988645484034182,0.992774401588167,0.991150285489928,0.988580590892151,0.985246339797679,0.995246769318253,1.0209028766991,1.01960499295347,0.996840619966775,1.02738627929405,1.01739833953269,0.999982767898075,1.0178868371833,1.01928141460289,1.04944883501863,0.980363094888254,0.982354251784464,0.995920279810748,1.00989219638946,1.04787733642407,1.06227635159179,1.02661879291168,1.02516741805706,1.02960812891181,0.996436141131262,0.996425225791666,0.996427201095583,0.996440298254005,0.996448995474043,0.996435169312656,0.996436106003832,0.996437882990364,0.996448326877142,0.996437428156132
18.6385035162957,7.06109530578359,1.62536406171632,1.0256927265675,1.01833679283346,0.992305905920409,0.957625489143347,0.955977301182684,0.956752273342613,0.950244864110982,0.951725375089654,1.01899937594755,0.963242213899874,0.959844317665409,0.942733659082047,0.961841543263103,0.962788232152851,0.970658557206048,0.988642574575113,0.992769936360572,0.991148198296545,0.988566470707898,0.985225031417267,0.995245771965677,1.02090282120314,1.01960448880116,0.996838302560095,1.02738257084479,1.01737858594335,0.999969717002277,1.01784874639364,1.01923921370052,1.04944648745758,0.980404533002609,0.982384900189281,0.995906887199287,1.00986250326116,1.04787793393704,1.0622739763194,1.02661477623008,1.02512065569485,1.02961095980613,0.996439015122557,0.996429106915004,0.996430514459218,0.996439284984859,0.996444356877618,0.996435681914916,0.996436774911243,0.996440134869902,0.996447518629138,0.996444470171689
18.7215509298159,7.05971898622251,1.62545549040291,1.02570976385387,1.01835188946322,0.992327103199858,0.957659828883409,0.956019123128545,0.956795461959102,0.950286772261974,0.951766528382034,1.01902488534421,0.963283441120249,0.959886307037414,0.942773674180391,0.96188111840804,0.962823373567592,0.970683555571981,0.988663475450458,0.992788289998542,0.991167753913762,0.988581979745475,0.985238443529464,0.995266373518466,1.02092180821984,1.01962297522829,0.99685936748345,1.02739216637507,1.01738115968723,0.9999791016178,1.01783760059303,1.01922451249904,1.04945600566536,0.980457349325152,0.982427141344092,0.995919387015823,1.00987347429127,1.04789445310886,1.06228621081962,1.02662158459096,1.02510053032027,1.02961808126856,0.996443535022708,0.996439559969782,0.996439086100466,0.996438545079357,0.99643653446094,0.996438103042968,0.996439218959769,0.996443292497512,0.996442647198784,0.996452551695362
18.8045983433361,7.05986695511895,1.62531451720553,1.02573875238301,1.01838555724486,0.99236365410998,0.95769664476027,0.95605624213481,0.956832556763953,0.950323871797979,0.951803480671592,1.01905057781485,0.96331947873845,0.959922908529236,0.942809447424368,0.96191742763355,0.962860940506977,0.970724866672409,0.988706439517036,0.992829167188385,0.991207295143432,0.988630933559199,0.985293870561476,0.995306249236435,1.02095746520174,1.01965821704893,0.996901838573171,1.02741564635411,1.01741676954612,1.00001682052388,1.01787664722231,1.01926344600632,1.04947750724109,0.980490188826641,0.982458277068732,0.995961696671517,1.00993646880883,1.04792482248887,1.06231214753255,1.02664023034544,1.02513658136328,1.0296272869318,0.99644854044247,0.996452261415017,0.996449634854205,0.996439779250624,0.996431172027039,0.996442172738859,0.996443140656604,0.99644694936923,0.996437392715815,0.996459208689119
18.8876457568563,7.0613561012578,1.62493817164992,1.0257737436393,1.01843090606855,0.992408344275282,0.957729822724082,0.956083142214031,0.956858190118516,0.950350586368987,0.951830583547241,1.01907195543378,0.963345054664023,0.959948772709891,0.942835656807652,0.961944972648871,0.962894636531714,0.970773884389012,0.988761836152728,0.992883724033769,0.991258525086938,0.988700083986132,0.985375110647483,0.995356884987773,1.02100246120414,1.01970281972727,0.996956322279308,1.02744850223372,1.0174779868398,1.00007485991168,1.01795758741429,1.01934770014502,1.04950661229949,0.980499819903271,0.982474288706784,0.996022371900436,1.01003186820084,1.04796317345176,1.06234591462631,1.02666717710481,1.02522107929455,1.02963676726987,0.996453488057862,0.996462260060731,0.996458467061762,0.996443890308883,0.996432510050662,0.996447286302828,0.996448049109565,0.996451259838088,0.99643641398423,0.996464211762561
18.9706931703766,7.06322286549182,1.62448191345533,1.02580756278468,1.01847655792875,0.99245138237704,0.95775704545012,0.956101795197114,0.956875134962774,0.950369036871401,0.951849646506269,1.01908876503742,0.963362367621649,0.959966226394791,0.942853949943255,0.961964791503343,0.962922078908106,0.970819851379436,0.988815497924718,0.992937682675266,0.991308744637937,0.988767660336293,0.985454534439964,0.995406201506862,1.02104663855919,1.01974655796307,0.997009166934023,1.02748223679337,1.01754471119503,1.00013572818143,1.01805042769813,1.01944538244868,1.04953600345223,0.980496836852204,0.982480963920416,0.996082290886402,1.01012527891994,1.04800136925523,1.06237941116436,1.02669551293315,1.02532099629382,1.02964528292876,0.996458181104998,0.996466553565569,0.996463270005369,0.996450876704632,0.996441913684943,0.996453062777279,0.996453678420026,0.996456336250005,0.996442493783829,0.996467599969668
19.0537405838968,7.0643305734588,1.62413968827186,1.02583344445237,1.01851112820912,0.992484078888942,0.957779293516559,0.956118587346908,0.956890817558237,0.950385700927851,0.951866689139622,1.01910294330544,0.963378109123102,0.959982141224809,0.942870278975102,0.961982151207037,0.962944377665069,0.970853934039428,0.988854528937903,0.992977453009357,0.991346104385931,0.988813544155785,0.985506530950928,0.995442987805182,1.02108034908148,1.01977978637171,0.997047885867587,1.02750825866299,1.01759462175376,1.00018098796405,1.01811990227411,1.01951859077545,1.04955832716476,0.98049881064301,0.982489198438148,0.996123577297322,1.01018471660876,1.04803135487618,1.06240499800565,1.02671798181269,1.02539631889835,1.02965201359051,0.996462869414067,0.996465775867747,0.996464362001045,0.996459924584022,0.996457240510923,0.996459537330238,0.996460100899584,0.996462198260822,0.996455135312487,0.996469617061489
19.136787997417,7.06402534843402,1.62404975192567,1.02584623018192,1.01852642952704,0.992500235552815,0.957796660789569,0.956136980218909,0.956909366189925,0.950404059443598,0.951884887009809,1.01911513968165,0.963396101432128,0.960000397510718,0.942887979554108,0.961999974090774,0.962961833501378,0.970870348384563,0.988870640506059,0.992993962706598,0.991362551337391,0.988826378851139,0.985517390355566,0.995459538531554,1.02109656387305,1.01979556788062,0.997064294702879,1.02752025503762,1.01761214365298,1.00019796251318,1.01814122901002,1.01954059617799,1.04956821876361,0.980516497573959,0.982505765349499,0.996135918195395,1.01019367166363,1.04804684277398,1.06241726127427,1.02672899459687,1.02541852744015,1.02965619156261,0.996468012288961,0.996463665595868,0.996464387350386,0.996469736109048,0.996473939322082,0.996466905419141,0.996467473594127,0.996468691006168,0.996470810697133,0.996470679180511
19.2198354109372,7.06250437416134,1.62422804803623,1.02584332787635,1.01851959505203,0.992496966508232,0.957805654236089,0.956152918567082,0.956926641186226,0.950420025277523,0.95190019650728,1.01912264618025,0.963412579474151,0.960017095599376,0.942903342791693,0.962014599359767,0.962971079970293,0.97086670238928,0.988861814115485,0.99298481284563,0.991355499988223,0.988806602638726,0.98548933722628,0.995453242033498,1.02109236988381,1.01979111738682,0.997056161051395,1.02751582613161,1.01759426320374,1.00018393402573,1.01811057843432,1.01950734919376,1.04956370635987,0.980545301923293,0.982527305603392,0.996119354720186,1.01015632809894,1.04804475669604,1.06241408547262,1.02672611438516,1.0253832171374,1.02965692798571,0.996473874775998,0.996464763491125,0.996466698105542,0.996478944557866,0.996487297532334,0.99647507608247,0.996475651437918,0.996475438064736,0.996484746413353,0.996471364830201
19.3221766809139,7.06040216922618,1.62462566792252,1.0258198921224,1.01848643952555,0.99246880862989,0.957796722291615,0.956154210898246,0.95692998724255,0.950421318667079,0.951900563292793,1.01911793425645,0.963415837628814,0.960020197266514,0.942905008733162,0.962014907207189,0.962962613612986,0.970837577266554,0.988824228466069,0.992946273345062,0.991320563944528,0.988754666080425,0.985425785430647,0.99541958700945,1.02106304657867,1.01976182312266,0.997019377160923,1.0274918498845,1.01754038208813,1.00013697280161,1.018030484856,1.01942204349544,1.04954187063915,0.98056888552632,0.982541880156354,0.996074038762852,1.01007940435682,1.04802053641459,1.06239201335215,1.02670629013406,1.02529419801514,1.02965214403788,0.996481661763357,0.996473904189321,0.996475339411415,0.996487915305983,0.996495518562281,0.996485155597806,0.996485723042953,0.99648323828035,0.996494357868574,0.996472778925891
19.4245179508906,7.05970099604987,1.62498232543472,1.02578110264636,1.01843751800009,0.992420665951205,0.957757463106724,0.95611891253111,0.956895561463885,0.950386113186794,0.951865146673743,1.01909137916206,0.96338330379959,0.959986785746963,0.942871873302227,0.961980791574066,0.962923531822903,0.970787354294383,0.988769376942244,0.992890962869896,0.991267582767291,0.988693864364079,0.985358823722581,0.995368059007168,1.02101630211379,1.01971539616432,0.996964904300112,1.02745531234574,1.01747742831283,1.00007769215919,1.01794798164147,1.01933595790721,1.04950946570807,0.980545628852335,0.982520315207246,0.996020148094894,1.01000504868863,1.04798020892787,1.06235674910742,1.02667500631064,1.02520658982513,1.02964115627104,0.996488855358509,0.996489122018882,0.996488584551357,0.996493612013303,0.996495962236426,0.99649340028413,0.996493970669248,0.996489556018863,0.996495128083883,0.996475996472644
19.5027418850126,7.06070219056921,1.62503268350241,1.02574986650707,1.01840206401498,0.99238174869325,0.957712846158784,0.956070093342106,0.956846038989223,0.950337267420196,0.951816809412032,1.01905934843088,0.963336458542823,0.959938874523975,0.942825697718205,0.961934581928899,0.962878722003968,0.970746140717487,0.98872937942021,0.992851710959723,0.991228253388858,0.988657437048145,0.985323559836894,0.995329214781276,1.02098016247962,1.0196795378746,0.99692474557314,1.02742895756998,1.01744347151267,1.00004166961793,1.01791255702953,1.01930061277805,1.04948578878346,0.980493005699737,0.982477618790675,0.995987373878088,1.00997071289085,1.04794838730279,1.06232920518897,1.02665176197637,1.02517263469434,1.02963056820581,0.996493088658401,0.996500334139466,0.99649834359723,0.996495930235469,0.996494063288112,0.996497345388705,0.996497944260833,0.996492997122063,0.996492220340187,0.996480244278544
19.5809658191347,7.06263457761077,1.62492257577489,1.02572315241887,1.01837400151245,0.992346946168258,0.957663147640415,0.956011358697602,0.956785605502466,0.950278638711323,0.951759222897771,1.01902360775237,0.963278997921998,0.959880301117162,0.94276971962383,0.961879051047466,0.962828378320095,0.970708176104715,0.988696251398609,0.992820316156606,0.991195445731885,0.988632190600867,0.985302756841208,0.995296654574353,1.02094958270907,1.01964908964052,0.996891333476922,1.02740751295692,1.01742579284492,1.00001819606678,1.01790509558493,1.01929572319214,1.0494669118883,0.980419975782373,0.982420152111726,0.995964302540096,1.00995460367723,1.04792139855251,1.06230529024318,1.02663257397603,1.02517146797009,1.02962013888346,0.996495851348375,0.996506813036079,0.99650426456835,0.996497069953991,0.996493176497165,0.996498897395883,0.996499534640617,0.996495284529508,0.996489739226962,0.996486155884388
19.6591897532568,7.06461543295471,1.62470480586021,1.02570715436017,1.01835882411445,0.9923245284609,0.957623814580661,0.95596232788398,0.956734680116097,0.950229788020482,0.951711488004844,1.01899540142985,0.963230281084634,0.959830795965943,0.942722644507926,0.96183259628806,0.962788168573757,0.970682385918139,0.988676151913253,0.992802514276976,0.991175869406609,0.988619258555562,0.985294280613729,0.995276800715449,1.02093080072466,1.0196302006195,0.996871003240652,1.02739542482585,1.01742441082125,1.00000974805154,1.01791952536551,1.01931378656078,1.04945650963691,0.980353581360287,0.982368346292371,0.995952099819874,1.00995090798152,1.04790490426227,1.06228962207214,1.02662135101507,1.0251938335471,1.02961278368118,0.996497420344993,0.996506967088702,0.996504909684744,0.996497686696087,0.996494581059556,0.996498582650327,0.996499241127209,0.996496853364106,0.996490023744724,0.996493385802655
19.720559553327,7.06559523983414,1.62452896915722,1.02570443212873,1.0183572660371,0.99231889819348,0.95760877791258,0.955942219909659,0.956713527293117,0.9502098592167,0.951692174245426,1.01898494295494,0.963209788920747,0.959810095146681,0.942703058030145,0.961813369373242,0.962772488974843,0.970674527764826,0.988671384814509,0.992799446390559,0.991171863894222,0.988616681493389,0.98529327739871,0.995272196798707,1.02092641307985,1.01962555087574,0.996866189876357,1.02739354802804,1.01743141800963,1.00001236674899,1.01793754916096,1.01933421927797,1.04945520999896,0.980323090370923,0.9823447304951,0.995949287486729,1.00995154649259,1.04790121967228,1.06228474686967,1.02661911725177,1.02521674640483,1.02961061536315,0.99649826059642,0.996503331451294,0.996502175233879,0.996498146584708,0.996497101644969,0.99649768500033,0.996498345460862,0.996497966007521,0.99649264152003,0.996499559810557
19.7819293533972,7.06571105263499,1.62440137955706,1.02571096578211,1.01836477756012,0.992325181525487,0.95761260601224,0.955945116856696,0.95671615434407,0.9502129168604,0.95169539701983,1.01898825369252,0.963211942654512,0.959812461845144,0.942705436841552,0.961815848732623,0.96277593163,0.970679559293125,0.988677023684097,0.992806221241955,0.991178519465321,0.988620204996523,0.985295873778052,0.995277956946228,1.02093179807841,1.01963054915857,0.99687191098981,1.02739843849619,1.01744240002974,1.00002146313501,1.01795442185297,1.01935223424021,1.04945992264996,0.980322147513693,0.982344408960554,0.995951960847247,1.00995302122969,1.04790622372664,1.06228708054663,1.02662274387781,1.02523547864347,1.02961228686461,0.996499269151315,0.996498312758316,0.996498140617258,0.996498787410848,0.996500050220287,0.996496933252877,0.996497594626175,0.996499327397401,0.996496825972695,0.996505687129563
19.8432991534675,7.06492577052589,1.62435648716495,1.02572583225221,1.0183800110489,0.992342357736127,0.957635013350924,0.95597106241819,0.95674267067352,0.950239017267897,0.951721190251586,1.01900525220897,0.96323698591958,0.959838090266856,0.942729939212707,0.961840164097183,0.962798317464545,0.97069679205743,0.988692208859812,0.992821669154417,0.991194711154302,0.988629483732044,0.98530207175096,0.995293147368613,1.02094604174911,1.01964433541652,0.996887273336684,1.02740904291247,1.01745491489611,1.00003516273283,1.01796619279883,1.01936356427976,1.04946974915828,0.980351371361014,0.982368294990525,0.995959815125111,1.00995573807085,1.04791904615998,1.06229617058993,1.02663132462631,1.02524546389561,1.02961764662398,0.996500849465247,0.996494169948483,0.996494725556546,0.99649971686081,0.996502563537205,0.996496914490129,0.996497588911258,0.99650117517364,0.996501566854185,0.996511322265999
19.9261637914259,7.06295325816329,1.62439328518822,1.02575498596981,1.01840951432552,0.992378586796618,0.957687078047735,0.956032757235903,0.956806097831845,0.950300784513332,0.95178195016299,1.01904353748381,0.963297582179241,0.95989980105996,0.942788892131942,0.961898620713381,0.962851008057605,0.970735509087391,0.988725398748817,0.99285371571799,0.991228496178834,0.988652377426408,0.985319799486255,0.995325749782538,1.02097638845729,1.01967405275664,0.996920680061385,1.0274301305017,1.01747391667164,1.00005967811766,1.01797605476977,1.01937084988052,1.04948890028941,0.98042575196218,0.982429133635843,0.995979700369485,1.00996775202519,1.04794597266039,1.06231729666767,1.02664872528803,1.02524825087366,1.02962892731342,0.996504280415123,0.996493383238722,0.996494157901061,0.996501624483678,0.996504400935948,0.996498762009904,0.996499473569281,0.99650462929001,0.996507037361041,0.996517499158754
20.0090284293843,7.06087629414433,1.62447719750244,1.02578864186131,1.01844415099391,0.992421731877686,0.957748276736422,0.956104578870676,0.956879872018198,0.950372573210288,0.951852556380075,1.019087885345,0.963368572605447,0.959971917853891,0.942857938190775,0.961967244564169,0.962913332437018,0.970783272600293,0.988767475209164,0.992893364800129,0.991269663783841,0.988686522262354,0.985350728823228,0.995366447650375,1.0210139981727,1.01971111714903,0.996962829593368,1.02745519063941,1.01749615022055,1.00008930464807,1.01798609409601,1.01937749993987,1.04951135248036,0.980511751920609,0.982500879639686,0.996009663808837,1.00999532080217,1.04797904677653,1.06234477674109,1.0266695595253,1.02524909624355,1.02964199356065,0.996509139937954,0.996499664584462,0.996499793252705,0.996504591000179,0.996504836390255,0.996503006187517,0.99650374493541,0.996509106362573,0.996510398555773,0.996521646969253
20.0918930673428,7.05975066940869,1.62449228621362,1.02581888992852,1.01847740818459,0.992461785378891,0.957799552655054,0.956162232853378,0.956938728107425,0.950430044269503,0.951909182778848,1.01912385703405,0.963425717686181,0.960029823633961,0.942913734471791,0.962023068673398,0.962965847674613,0.970828893389722,0.988810509418608,0.992933572817801,0.991310037457358,0.988728661044091,0.985394283904753,0.995407392889726,1.02105151190037,1.01974822545948,0.997005706239591,1.02747948219654,1.01752274264688,1.00012164092329,1.01800566689125,1.01939479658486,1.04953283413173,0.980576850239641,0.982557260420373,0.996046860779419,1.01004085974843,1.0480118223204,1.06237304512263,1.02668985274447,1.0252616824683,1.02965305924298,0.996514892727571,0.9965115737924,0.996510607406809,0.996509035353692,0.996505682911832,0.996509331855399,0.996510037549846,0.996514290349311,0.996512088890512,0.996523809868191
20.1747577053012,7.06009261273634,1.62438059043607,1.02583950954629,1.01850296739621,0.992489815086968,0.957826721148307,0.956188666250535,0.956965040454466,0.950456241352967,0.951935237173295,1.01914157851771,0.963451855173392,0.960056167362934,0.942939683492222,0.962049611891466,0.962993908049513,0.970861684049335,0.988845361489429,0.992966251635037,0.991341176606731,0.988770352829675,0.985442013146822,0.995440073119882,1.02108125876028,1.0197777226333,0.997040256285942,1.02749836025202,1.0175513847996,1.00015189193619,1.01803728405785,1.01942646578569,1.04954921374025,0.980599229892871,0.98258008290186,0.996083902140981,1.01009583596714,1.04803777447268,1.06239611224918,1.02670577534465,1.02529150273096,1.0296594639127,0.99652076844763,0.996524931599467,0.996523046874755,0.996515230890737,0.996509313272884,0.996516952790141,0.996517545811357,0.996519776252824,0.996513990084594,0.996524524142198
20.2576223432596,7.06163544426919,1.62416774467688,1.02584673579758,1.01851555912535,0.992500148811055,0.957825436266495,0.956180459860022,0.956955540328413,0.950447849006446,0.951927389460533,1.01913867807375,0.963443548628867,0.960047539383949,0.942932286771745,0.962043154860413,0.962992897925413,0.970874465708987,0.98886378937155,0.992983898599699,0.991356213998099,0.988799888000921,0.98547952601193,0.99545707941047,1.02109670258673,1.01979305688626,0.99705841075248,1.02750790887273,1.01757531119294,1.00017300172934,1.01807304471782,1.0194645055213,1.04955710010447,0.980577307459501,0.982566869517112,0.996110475982861,1.01014273305123,1.04805140918964,1.06240866965029,1.02671408065398,1.02533091442368,1.02966019366103,0.996526131323629,0.99653511371923,0.996532974220677,0.996522989120269,0.996517201818234,0.996524909796039,0.996525351618158,0.996525217869197,0.996518205831953,0.996524619415358
20.3404869812181,7.06350689579901,1.62395111264302,1.02583992618919,1.01851224035613,0.992491656865089,0.957801487000333,0.956147448673503,0.956920821516218,0.950414764883057,0.95189517921054,1.01912014819318,0.963410775470134,0.960014106189008,0.942900901394722,0.962012607936,0.962968636871708,0.970865438012793,0.988860907680085,0.992981776437059,0.991351717192525,0.988806568840841,0.985492118591648,0.99545416737178,1.02109416230954,1.01979051848942,0.997055440212401,1.02750589570876,1.01758554167693,1.00017786160481,1.01809760486243,1.01949225433224,1.04955462789571,0.980528158268444,0.982530171937503,0.996117061512062,1.01016221384554,1.04804963740948,1.06240755446511,1.02671282170673,1.02536212981375,1.02965596832779,0.996530710228807,0.996539452903407,0.996537852874803,0.996531494050734,0.996528845217418,0.996532325305749,0.996532654248671,0.996530383422613,0.996525685157839,0.996524961295319
20.4450549149588,7.06484146703838,1.62385759185694,1.02581545620454,1.01848643210137,0.992459567701239,0.957757376157168,0.95609626525554,0.956868298758469,0.950363695296389,0.951844963319881,1.01908875338199,0.9633606396102,0.959963042565212,0.942851963433902,0.961963920562265,0.962923711586423,0.970829080781488,0.988827930094007,0.992951189268565,0.991320386398843,0.98877591957684,0.985461222838363,0.99542332230443,1.02106649742579,1.01976296089152,0.997022697924029,1.02748739090568,1.01756880824831,1.00015524528129,1.01809023763911,1.01948747218121,1.04953746646136,0.980465955324638,0.982480629404674,0.996090822619036,1.01013097070002,1.04802640571653,1.062387119853,1.02669773128045,1.02536171050721,1.02964664679395,0.99653555112111,0.996537989146527,0.996537738770834,0.996541222192367,0.996544625062558,0.996539916952023,0.996540234071677,0.996536271061043,0.996537972061414,0.996526782044827
20.5496228486996,7.06435346206475,1.62401583926983,1.02578155587557,1.01844522828128,0.992416120080643,0.957717569022502,0.956058189471838,0.956830612324328,0.950325737071922,0.951807025111843,1.01906170224185,0.963324497016094,0.959926164112236,0.94281565776101,0.961926805592601,0.962883245209405,0.970779823152855,0.988774925209895,0.99290081087752,0.991272267365815,0.988713168244652,0.985389594806116,0.995373839336323,1.0210218780294,1.01971849096744,0.996970140361279,1.02745744591515,1.01752263667102,1.0001075066085,1.01803731899568,1.01943384775435,1.04951030890613,0.98043465607945,0.982452349620717,0.99603576320415,1.01004888819041,1.04798839061621,1.06235300864516,1.0266725118236,1.02530981750198,1.02963638061307,0.996539803485933,0.996534694582213,0.996535668390184,0.996547729598933,0.99655563058162,0.996544979999501,0.996545400610721,0.99654123606198,0.996548891077363,0.996530699739371
20.6328756288978,7.06299347952411,1.62429274202197,1.02575555836269,1.01841064221275,0.992382708588507,0.957695793568552,0.956042727753134,0.956816387240275,0.950310441626077,0.951791302802397,1.0190482897639,0.963310751144096,0.959912074958493,0.942800998860246,0.961911026153516,0.962861220612727,0.970742322806679,0.988731006528353,0.992858291646099,0.991232876347658,0.988656828983776,0.985323284240116,0.995332802389024,1.02098471998499,1.01968142210017,0.996926588140284,1.02743190552876,1.01747567606054,1.00006271796406,1.01797541739071,1.01936924849262,1.04948748239125,0.980433402257919,0.982447828453,0.995985743163094,1.00997082163986,1.04795649797439,1.06232404921584,1.02665047693487,1.0252442484928,1.02962978186117,0.996542990011065,0.996535284062567,0.996536550568913,0.996549835502264,0.996557909797903,0.996547145522507,0.996547659710092,0.996544389629882,0.99655338071732,0.996535330513269
20.716128409096,7.06169167312192,1.62456809423533,1.02573507097839,1.01838240498,0.992356451743815,0.957681324910104,0.956034677316771,0.956809591910677,0.95030255202127,0.951782940591261,1.01903984577619,0.963304104262393,0.959905237579412,0.942793411346597,0.961902409039172,0.962846702444213,0.970713562620588,0.9886963912842,0.992824155109381,0.991201465606291,0.988611964624269,0.985270529357472,0.995300392110266,1.02095521210913,1.01965190512833,0.996892238180233,1.02741032651092,1.01743459411633,1.00002486262144,1.01791905199727,1.01930992446274,1.04946874861493,0.980439288422863,0.982449351382788,0.995945382137341,1.00990869222251,1.04793101742883,1.06230035567303,1.02663143374378,1.02518307891834,1.02962489100809,0.996545989434029,0.996540530600365,0.996541244454992,0.996549614396853,0.996554486147116,0.996547975510789,0.996548536497652,0.996546819848298,0.996553049534032,0.996541018105682
20.7993811892942,7.06126306148161,1.62468758687773,1.02572534883843,1.01836863144298,0.992343719026238,0.957673501610263,0.956029371588832,0.956804770457031,0.950297354714846,0.951777588153964,1.01903522020204,0.963299412108806,0.959900445504309,0.942788380323379,0.961896949310004,0.962838947978284,0.97070038075201,0.988680903069172,0.992808393572477,0.991186767260514,0.988592928511138,0.985249025978427,0.995285782082938,1.02094168650477,1.01963824415657,0.996876824394586,1.02739913851938,1.01741429648939,1.00000664750159,1.01789069611955,1.01927985582603,1.04945937729788,0.980439535450928,0.982448046084459,0.995927536574263,1.00988407384308,1.04791916779353,1.06228850600912,1.02662086131125,1.02515140091104,1.02962248852244,0.996548684375192,0.996548836461841,0.996548379839108,0.99654824246747,0.996548020870665,0.996548034647507,0.996548602076835,0.996548688135785,0.996549280830331,0.996547349433017
20.8826339694925,7.06196229196097,1.62459060332647,1.0257279417853,1.01837192770898,0.992346038483218,0.957671078649618,0.956024134238298,0.956798953421957,0.950292203944533,0.951772750478114,1.01903343443345,0.963293859575758,0.959894849826877,0.942783305196003,0.961892195205459,0.962836568092397,0.970703865217279,0.988686687176028,0.992813575263016,0.991190966434457,0.988602760289277,0.985262393746955,0.995291137398699,1.02094626309493,1.01964254143737,0.996882522829971,1.02740034308508,1.01742037024902,1.00001232070815,1.01789989039502,1.01928946969698,1.04946113253669,0.980428134824367,0.98243997107109,0.99593518802091,1.00990132320118,1.04792295484503,1.06229030964508,1.02662075704865,1.02516061634471,1.02962265665171,0.996551033893623,0.996556738603311,0.996555037292897,0.996547124589666,0.996542267993389,0.996548025098126,0.996548596944591,0.996550309749682,0.996544966372856,0.996553828078435
20.9867565601635,7.06368696541457,1.62423926661193,1.025747487957,1.01839757998235,0.992368804253232,0.957679799429897,0.956025080596719,0.956798292225394,0.950293259174118,0.951774561297865,1.01903878971278,0.963293426513696,0.959894522467868,0.942784060126493,0.961894048730621,0.962845289349091,0.970729230101576,0.988718813581299,0.992845060454571,0.991219457719263,0.988645613583851,0.985314348280518,0.995321385678297,1.02097354610572,1.01966931583025,0.996914412027766,1.02741784926261,1.01745888608964,1.00004760674632,1.01795440924278,1.01934686232215,1.04947743177056,0.980410464908607,0.982430624507657,0.995972175859831,1.009963739332,1.04794652969257,1.06230920145911,1.02663451301108,1.02521897970432,1.02962690273385,0.9965537716478,0.996561460162625,0.996559017921165,0.99654783652282,0.996540791440968,0.996549034663974,0.996549626053462,0.996552670132782,0.996543397429173,0.996561284387294
21.0908791508346,7.06494486797945,1.62381948985681,1.02578019152683,1.01843884393299,0.992408824370304,0.95770880234872,0.956048279198749,0.956820246886875,0.950316448602949,0.951798206942487,1.01905817120168,0.963314901443418,0.959916413140987,0.94280627215723,0.961917418947676,0.96287449005025,0.970772358508199,0.988767664582954,0.992893524136934,0.991265105244241,0.988703128176058,0.985379970120109,0.995367508699837,1.02101548088017,1.01971067796025,0.996962952406675,1.02744771842722,1.01751390152531,1.00009949765912,1.01802742816403,1.01942301607528,1.04950405590259,0.980416673681922,0.982442188053183,0.996022803088843,1.01003892103983,1.04798303444404,1.06233989717524,1.02665924831018,1.02529582679874,1.029635691354,0.996556887191057,0.996559793912465,0.996557991970299,0.996551669742691,0.996547020632165,0.996552025017185,0.996552610393846,0.996556051094866,0.996548392177748,0.996567140745893
21.2209835291982,7.06427712330947,1.62359758527524,1.0258219609695,1.01848758491074,0.992461318023597,0.957765372098959,0.956107973990387,0.956880404420482,0.95037610920712,0.951857395829618,1.0190981019842,0.963373096210451,0.959975542549588,0.942863635403824,0.961975211327736,0.962931655083811,0.970828104272661,0.988823157065555,0.992948470469131,0.991319430072242,0.988757738103094,0.985436191382692,0.995420322676806,1.02106395728424,1.01975853652638,0.997018224418148,1.02748361223022,1.01756624262694,1.00015266598655,1.01808753259469,1.01948400880115,1.04953567700302,0.98047430085179,0.982495060043526,0.996071668167274,1.01009753541474,1.04802569529122,1.0623762547543,1.02668983011845,1.02535513342125,1.02964936925053,0.996562246957989,0.996556213712605,0.996556293666283,0.996560024989262,0.996560953461729,0.996558884900834,0.996559359950523,0.99656216605648,0.996561117030674,0.996571310425288
21.3146416559175,7.06253703014436,1.62367644296745,1.02584333830694,1.01851016012745,0.992489890775548,0.957808061823692,0.95615900182039,0.956933020153947,0.950426979195456,0.951907283258718,1.01912857657309,0.963423854494399,0.960027027581519,0.942912829068421,0.962024002659885,0.962975047827173,0.970858692086866,0.988848734416626,0.992973303687282,0.991345752296349,0.988775713443354,0.985449890721094,0.9954449621458,1.02108687597456,1.01978117581913,0.99704379213382,1.02750090432125,1.01758133537898,1.00017187492828,1.01809540441996,1.01948991608116,1.04955031526546,0.980537734735401,0.98254765227209,0.996088255906854,1.01010670264186,1.04804617166775,1.06239393450763,1.02670488378033,1.02535778855457,1.02965800366651,0.996567269751007,0.996558405637092,0.996559492947968,0.996567273358465,0.996570829216616,0.996565555927828,0.996565911669914,0.996567646167362,0.996570847054915,0.996572203489407
21.4082997826368,7.0609369513376,1.62388363818357,1.02584952563362,1.01851445279269,0.992499303828278,0.957831238154408,0.956189979595644,0.956965524443971,0.950457851407584,0.951937308204068,1.01914557202233,0.963455228098832,0.960058782996822,0.94294282030255,0.962053385779576,0.962998818747208,0.970869376610717,0.98885423438807,0.992977853336531,0.991352097490518,0.988773613648294,0.98544269013991,0.995450836761846,1.02109284981836,1.01978703689235,0.997049466408113,1.02750466407341,1.01757526611881,1.00017042522795,1.01807727733055,1.01946904233624,1.04955296989575,0.980582765643123,0.982583462022367,0.996087016992881,1.01009388971834,1.0480520348994,1.06239899526945,1.02670853446771,1.02533372796595,1.0296618690969,0.996572883104891,0.996567179967458,0.99656813232436,0.996574295776646,0.996577612279124,0.996572855424144,0.996573141627821,0.996573404307809,0.996577708724818,0.996572046516656
21.5019579093561,7.06060014944343,1.62404208660399,1.02583820271713,1.01850029275798,0.99248644465256,0.957822794715445,0.956183568583971,0.956959587913849,0.950451347930742,0.951930584748153,1.01913948217363,0.963449821069489,0.960053115349901,0.942937047473979,0.962047291021388,0.962990659720948,0.970856829405693,0.98883988780632,0.992962771872766,0.99133773928184,0.988757009851667,0.985423810052038,0.995437918645802,1.02108164202211,1.01977586750063,0.997035391955224,1.02749449059283,1.01755554757872,1.0001528340686,1.01804930518464,1.01943943061942,1.04954350282138,0.980582459015668,0.982582116932619,0.996072704997316,1.01007242832717,1.04804290947441,1.06239100305293,1.02670023068495,1.025302946753,1.02965891000081,0.996578379958793,0.996579809014738,0.996579600727907,0.996580427275448,0.996581495601701,0.996579926236212,0.996580224581671,0.996578775993573,0.996581207008622,0.996571928621321
21.5956160360754,7.06181346324061,1.62405377900835,1.02581331651543,1.0184728157922,0.992455315625214,0.957783644644917,0.956139083617554,0.956914164368752,0.950406856211375,0.951886694723887,1.01911113132582,0.963406700008615,0.960009091690557,0.942894810559804,0.96200522169395,0.962951328041561,0.970824511285293,0.988810253371524,0.992933241889173,0.991307461090222,0.988731600595642,0.985399905000668,0.99541023478202,1.02105671222751,1.01975109452849,0.997006004739944,1.02747419375679,1.01753094644553,1.00012626486366,1.01802517721119,1.01941578467097,1.04952523473353,0.980531551983667,0.982540940943484,0.996050330570954,1.01005007026434,1.04802164327746,1.06237245344957,1.02668304253676,1.02528100710963,1.02964998791428,0.996583031619535,0.996590784779957,0.996589277604532,0.996585403797956,0.99658430451662,0.996585893434079,0.996586247595938,0.996583220924894,0.99658285693327,0.996572976991975
21.67421445893,7.06353628982899,1.62396478849161,1.02578746050654,1.0184450221355,0.99242169626395,0.957736994475222,0.956084377461667,0.956857948483246,0.950352249775201,0.951833028930779,1.01907766968851,0.963353203590559,0.959954564516121,0.942842663469205,0.961953453366464,0.962904180958504,0.970788532707625,0.988778620087161,0.992902596653251,0.991275563869666,0.988706125740998,0.985377212721642,0.995380235449724,1.02102932418254,1.01972388336756,0.996974486624362,1.02745349643691,1.01751052716821,1.0001015597473,1.01801101977307,1.01940341407505,1.04950675005419,0.980464464552435,0.982487719515156,0.996027714508045,1.01003030944408,1.04799795274657,1.06235174627391,1.02666525863952,1.02527181586857,1.02964009968164,0.99658593785265,0.996595219311006,0.9965932578985,0.99658863660725,0.996587122074671,0.996589491768635,0.996589877757394,0.996586030813816,0.996584338565522,0.996575330600838
21.7528128817845,7.06506468237615,1.62384883255267,1.02576259408959,1.01841830330835,0.992389110609536,0.957692249156423,0.956032223955825,0.956804395899047,0.950300208558357,0.951781866782114,1.01904565606465,0.963302179430613,0.959902581726849,0.942792894244559,0.961903988393642,0.962858822866636,0.970752812777357,0.988746626425066,0.992872200489909,0.991244203154131,0.988678900033457,0.98535188885993,0.995349586657739,1.02100108662169,1.0196957987584,0.996942502786461,1.02743344479474,1.0174915631822,1.00007777526929,1.01799953154764,1.019393991021,1.04948897599748,0.980400596691274,0.982436999114793,0.996003442265116,1.01000686616034,1.04797334663821,1.06233002499086,1.02664784086258,1.02526589581533,1.02963057625202,0.996587899249776,0.996594342212586,0.996592845799364,0.996590963469855,0.996590641717082,0.996591493587772,0.996591875009441,0.996588036646068,0.996586764664099,0.996579169364659
21.831411304639,7.06570300146188,1.62379232940751,1.02574454999052,1.01839783344501,0.99236482752454,0.957662168755139,0.955998684550897,0.956770173511271,0.950266834014879,0.951748995032442,1.0190248425405,0.963269409554751,0.959869238647549,0.942760765103803,0.961871842688486,0.962828156395657,0.970725162641535,0.988720077140403,0.992847467686323,0.991219509221681,0.988652608794397,0.985324823301872,0.995324002291148,1.02097735994549,1.01967213974752,0.996915905475292,1.02741796032681,1.01747489596148,1.00005771805989,1.01798699903399,1.0193827042437,1.04947530233442,0.980361486713001,0.982405443615112,0.995979903154603,1.00997863677897,1.04795258950937,1.06231130235721,1.02663414377419,1.02525698019232,1.02962408974955,0.996589159975614,0.996589920348217,0.996589559337134,0.996592309425985,0.996594077247191,0.99659194084778,0.996592301634759,0.996589452314989,0.996589927431669,0.996584223062321
21.9100097274935,7.06521138033364,1.62382895545206,1.02573668315032,1.01838714156035,0.992353675427437,0.957654006715577,0.955992380984795,0.956764185443544,0.95026068698404,0.951742788490333,1.01902019015717,0.963263396135071,0.959863184676772,0.942754546634574,0.9618652252141,0.962819622984213,0.970711368141639,0.988704097303328,0.992832927909448,0.991206146621068,0.988631620635916,0.985300120458734,0.995308608131079,1.02096300537897,1.0196577097793,0.996899889310367,1.02740963582998,1.01746201811032,1.0000441880657,1.01797244733218,1.01936795021165,1.04946807134442,0.980358504660521,0.98240174537869,0.995960948399014,1.00994947086438,1.04794003399013,1.06229923876637,1.0266264317267,1.02524253543658,1.02962200043017,0.996590144108807,0.996585267703352,0.996586058768899,0.996592665403549,0.996596171281504,0.996591257623708,0.996591619996129,0.996590585348179,0.996592884480965,0.996589938875289
21.9886081503481,7.06389786544595,1.62393584236133,1.02574016718432,1.01838807319524,0.992357268330441,0.957667441064546,0.956011787124054,0.956784682476146,0.950280217547638,0.951761795304916,1.01903115113233,0.963282583025061,0.959882812709419,0.942772850503074,0.961882911396519,0.962832999556197,0.970713846201484,0.98870216695046,0.99283158586902,0.991206628523553,0.988621313305356,0.985284544514624,0.995306915882989,1.02096138548671,1.01965584959701,0.996897992949086,1.02740978967545,1.01745582797352,1.00004011860018,1.01795960894706,1.01935358696564,1.04946848438583,0.980387903297516,0.982423510584189,0.995951330795829,1.00992775210986,1.04793869762893,1.06229650847589,1.02662589181452,1.02522636905597,1.02962441797513,0.99659132560873,0.996583592042379,0.996584870214624,0.996592253647225,0.996596005132558,0.996590214827427,0.996590620610569,0.996591769809217,0.996594604722316,0.996595640800439
22.0672065732026,7.06244868636603,1.62404002455039,1.02575373962749,1.0184004307043,0.992373941826295,0.957695724044219,0.956047100530549,0.956821283544113,0.950315607707219,0.951796491263459,1.0190524259153,0.963317268589739,0.959918202867821,0.942806425718559,0.96191596167356,0.962861540627378,0.970731332235788,0.988715222995125,0.992844202261272,0.991220829530515,0.988626332318672,0.985285173299363,0.995319824332399,1.0209733520835,1.01966743892414,0.99691115466214,1.02741825146889,1.01745977840005,1.00004778582258,1.01795563154557,1.01934756354611,1.04947639535508,0.98043420949276,0.982459626231561,0.995955199300473,1.00992335779376,1.04794931969597,1.06230400625393,1.02663244454581,1.02521723717386,1.02963025154497,0.996593078140391,0.996586479274398,0.996587260704236,0.996591622787459,0.996593686739713,0.996589737304979,0.996590210041469,0.996593295480736,0.996594670744162,0.996600706931561
22.1617643852481,7.0615090632723,1.62404060205619,1.02577865774929,1.01842707936084,0.992405342408559,0.95773571098624,0.956092319918562,0.956867444341321,0.950360815868236,0.951841085421806,1.01908113318138,0.963361477246338,0.959963216441353,0.942849691711419,0.961959136189022,0.962902141718309,0.970766014533159,0.988747579654285,0.99287497029173,0.991252030452941,0.988654664571365,0.985312572513493,0.995351305064565,1.02100246310905,1.01969602236571,0.996943628483417,1.02743708312611,1.01748088527963,1.00007295320531,1.01797202445295,1.01936230189945,1.04949361360286,0.980485666577235,0.982502339719497,0.995979628830343,1.00994983251108,1.04797493556758,1.06232452946534,1.02664780632319,1.02522828751155,1.02963921972692,0.996596143269876,0.996594726379891,0.996594020248734,0.996591743160099,0.996590074510411,0.996591007141459,0.996591529154446,0.996595848877523,0.996593503461298,0.996605372430727
22.2563221972937,7.06187282870509,1.62387532199686,1.02580660669439,1.01845989886117,0.992440243783842,0.95776901925979,0.956124884930235,0.956899785252174,0.950393369303766,0.951873603096108,1.01910425345532,0.963392988899569,0.95999520973706,0.942881102892839,0.96199116138602,0.962936112806647,0.970805351017874,0.98878920546675,0.99291462239249,0.991290179410819,0.98870048137555,0.985363098827386,0.995391356892681,1.02103935869004,1.01973245523428,0.996985262669862,1.02746053119349,1.017516409535,1.0001100757817,1.01801182091974,1.01940232152298,1.04951481676622,0.980512123710331,0.982528654739135,0.996019803893851,1.0100060196226,1.0480072428215,1.06235178922411,1.02666733393033,1.02526626629479,1.02964782475039,0.996600065948153,0.996604202537553,0.996602090549227,0.99659400390751,0.996588827721007,0.996594757272802,0.996595246877149,0.996599262612496,0.996593235481631,0.996608284653392
22.3508800093393,7.06315440953167,1.62357959466855,1.02583018445297,1.01849036569382,0.992470235208962,0.95778976854685,0.956140319424405,0.956914153879426,0.9504086912138,0.951889295982134,1.01911736282927,0.963407644095127,0.960009964155664,0.94289633217378,0.962007438210888,0.962957414249063,0.97083947496783,0.988828628121622,0.992952525651923,0.991325386541665,0.988749847117175,0.985420675239041,0.995428670267843,1.02107344989972,1.01976625409531,0.997024481810979,1.02748273068475,1.0175567890967,1.00014917895236,1.01806394482404,1.0194563940512,1.04953446214498,0.980513450505238,0.982536318171023,0.996063571102574,1.01007331479666,1.04803692068299,1.06237782536673,1.02668607528669,1.02532037851492,1.02965399664942,0.996604367210324,0.996610527528752,0.996608147983062,0.996598972396496,0.996592784751486,0.9966005642754,0.996600948613459,0.996603399621495,0.996596262456143,0.996609670378892
22.4454378213848,7.0643442083095,1.62331719714563,1.02584394157939,1.01850990777714,0.992488243864746,0.957798218256023,0.956143224330863,0.956915978389938,0.950411462182568,0.951892486896784,1.01912175396678,0.963410179189481,0.960012384954134,0.942899533039984,0.962011533982914,0.962966158759301,0.970859854306063,0.988853825049881,0.992977161684943,0.991347701579342,0.988784456029183,0.985462376674394,0.995452016260005,1.02109458497566,1.01978729090322,0.99704936630758,1.02749743420253,1.01758703732577,1.0001768483643,1.01810637627606,1.01950113860233,1.04954697772877,0.980503270952898,0.982533417518783,0.996094749136154,1.01012342653512,1.04805529168351,1.06239470237326,1.02669873707996,1.02536639409791,1.0296570461245,0.9966085494056,0.996612036233321,0.996610754630838,0.996606074523344,0.996602265800492,0.996607282317525,0.996607547216088,0.996607940604174,0.996603337662523,0.996610073390394
22.5399956334304,7.06458841181735,1.62323564409262,1.02584499033074,1.01851287999197,0.992490484927533,0.957797639247247,0.95614097369643,0.956913422970378,0.950409109211391,0.951890239581997,1.01912062124659,0.963408074843308,0.960010141401336,0.942897605399489,0.962009848047864,0.962965619954537,0.970862123933338,0.988857317366178,0.992981020611639,0.991350952431572,0.988790957063214,0.985470720867129,0.995454828013167,1.0210970486042,1.01978979421767,0.997052645401865,1.02750033437631,1.01759470980371,1.00018283499058,1.01811906111429,1.0195149162175,1.04954871534175,0.980497406744417,0.982530331506835,0.996101325549549,1.01013406868814,1.04805760819139,1.06239756208897,1.02670157969165,1.02538128618637,1.02965701757034,0.996612343089946,0.996610748088413,0.996611134381483,0.996613795665161,0.996614607096837,0.996613641641366,0.996613829107623,0.996612475980309,0.996612871893844,0.996610164307266
22.6566982733368,7.06356262786356,1.62342179866611,1.02582949211924,1.01849331672278,0.992471861286829,0.957786464460434,0.956133921456266,0.95690721666558,0.950402031976141,0.951882802372557,1.01911337093798,0.963401990666834,0.960003887742355,0.942890919024548,0.96200248169498,0.962954283914012,0.970840954223607,0.988832174846308,0.992956967934532,0.991328729959432,0.988758880499412,0.985432622871757,0.995431184396105,1.02107580195254,1.01976866658178,0.997027637595376,1.0274867685805,1.01756937677706,1.00015819264401,1.0180862685408,1.01948089019224,1.04953574167084,0.980500341038533,0.982529815092491,0.996073817783107,1.01008908570704,1.04803975519687,1.06238213983483,1.02669056459428,1.02534724552967,1.0296531690061,0.996616520763837,0.996611086736194,0.996612591367687,0.996621603126881,0.996627289188265,0.996619781369262,0.99661995440989,0.996617490247025,0.996623257787636,0.996610840617191
22.8220591747127,7.06211923813682,1.62382889100384,1.02579020603019,1.01844281837228,0.992422212290937,0.957749881423044,0.956104247379044,0.956878965846268,0.950372487050085,0.951852791151969,1.01908946021128,0.963374654475789,0.959975963139563,0.942862649637067,0.961972798372648,0.962917323889266,0.970786124303877,0.988769878724613,0.992896223995008,0.991271739855388,0.988681256519164,0.985342025334934,0.995373569738919,1.021024146761,1.01971715721598,0.996966064722988,1.02744972871306,1.01750342805619,1.00009486005172,1.01800059431153,1.01939170605836,1.04950245447795,0.98048902772688,0.982514689110691,0.99600528734996,1.00998325107526,1.04799585902238,1.06234239312408,1.0266592211642,1.02525700585105,1.02964254056494,0.996621764082314,0.996620135099191,0.996620452555466,0.996626755443178,0.996632076677919,0.996624877973629,0.996625129750651,0.996622779081412,0.996628390384811,0.996614505223361
22.9439095701261,7.06256648137641,1.62394222966976,1.02576226865209,1.01840857486072,0.992385308838009,0.957711530063577,0.956064524427975,0.956839003659956,0.950332980897958,0.951813636911346,1.01906335451201,0.963336529009053,0.959937072347233,0.942824826278077,0.961934596357734,0.962878601596707,0.970746156148251,0.988729173282905,0.992856360235431,0.991232784937381,0.988636718404198,0.985293503433678,0.995335897648687,1.02099013891035,1.01968319799524,0.996925839947222,1.02742349161642,1.01746516880871,1.00005613363388,1.01795634643195,1.01934659228195,1.04947973574298,0.980449412079022,0.982481671366455,0.995965129950825,1.00992974237446,1.04796657057338,1.06231534170175,1.0266363158156,1.02521241150819,1.02963350430939,0.996625015212392,0.996629401752256,0.996628064995719,0.996626700835186,0.996627064369369,0.99662643628733,0.996626771587525,0.996625256681237,0.996625572863091,0.99661972494697
23.0657599655395,7.06417751821634,1.62377932504286,1.02574992593875,1.01839559753996,0.992367534127953,0.957681730791788,0.956027551872456,0.956800610018921,0.950296219421896,0.95177774124418,1.01904229312217,0.963300048052369,0.959899932834086,0.942789524282881,0.961899773990364,0.962848418054008,0.970727131225233,0.988714518510955,0.992842342995271,0.991217349524681,0.988628089867894,0.985288825777508,0.995321779343483,1.02097683379303,1.01966984444555,0.996911168387926,1.02741253571167,1.01745948688345,1.00004690078851,1.01795858901104,1.01935063816839,1.04947079577885,0.980398823891815,0.98244328626855,0.995956466248371,1.00992925881597,1.04795460863272,1.06230387006831,1.02662584751338,1.02521853658097,1.0296279618317,0.996627418839842,0.996633527812725,0.996631781307186,0.996625705168461,0.996621907762073,0.996626829085922,0.996627221407199,0.996626917246705,0.996622503919456,0.996626615592727
23.155640704038,7.06518681659992,1.62357018559474,1.02575501362686,1.0184032922915,0.992372676506165,0.957678036006493,0.956018912825333,0.956790952366036,0.950287680189218,0.951769728404819,1.01903937915268,0.963290852936227,0.959890653012185,0.942781132226324,0.961891942245355,0.962844541501745,0.970732609603386,0.988723780822721,0.992851896574088,0.991225351768387,0.988643851044154,0.985309742859107,0.995329772012004,1.02098346018552,1.01967632352578,0.996920111714663,1.02741736856544,1.01747544227116,1.00006001049006,1.01798466688505,1.0193787182097,1.04947548414896,0.980378953839405,0.982429626769703,0.995969790520618,1.00995599147729,1.04795987387328,1.06230795558224,1.02662900763696,1.02524800401583,1.02962836549987,0.996628653681427,0.996631714761803,0.996630696250245,0.996625586630886,0.996621443966967,0.996626735418304,0.996627129988099,0.996627988055942,0.996622849510705,0.996632025627271
23.2455214425365,7.06527301499349,1.62339788046069,1.02577179162885,1.01842365496525,0.992393496649799,0.957696848890115,0.956036925963572,0.956808739779537,0.950305690897195,0.951787761452245,1.01905242089143,0.963307769309357,0.95990797898718,0.942798164864593,0.961909329308151,0.962863427528984,0.970754816826185,0.988747393964185,0.992875438631395,0.991248031201189,0.988670581455154,0.985339851129838,0.995351397201508,1.02100261930448,1.01969520484186,0.996943343167544,1.02743200797666,1.01750067668685,1.00008437401114,1.01801682905871,1.01941198916067,1.04948853446082,0.980392526462094,0.982442106380724,0.995993106688927,1.0099900388651,1.04797620132384,1.06232160308133,1.02664069715115,1.02528113300376,1.02963337169109,0.996629789058878,0.996627875785683,0.996627870295622,0.996626575988959,0.996624385200166,0.996626828085344,0.996627183544592,0.996629326778812,0.996625939124368,0.996636846661319
23.335402181035,7.06434995726864,1.62334423471938,1.02579582995852,1.01845042342732,0.992423751759029,0.957733355644683,0.956077533438766,0.956850048437614,0.950346301746472,0.951827890786138,1.01907867146792,0.963347158280303,0.959948151839911,0.942836840200319,0.961947988641816,0.962900268355811,0.970787130546074,0.988778029820313,0.992905482144384,0.991278318783719,0.988698904901552,0.985368027302293,0.995380360330785,1.021028990602,1.01972119010831,0.99697379377995,1.02745155621404,1.01752583821573,1.00011149714175,1.01804217984307,1.01943689464663,1.04950587882362,0.980436929775916,0.982478983530327,0.996018139166946,1.01001826563349,1.04799924166201,1.06234080535051,1.02665698421898,1.02530402415659,1.02964180550118,0.996631369471887,0.996625633687443,0.996626207762603,0.996628746515512,0.996629166038075,0.996627789119639,0.996628083619553,0.996631269140869,0.996630516811258,0.996640405274765
23.4252829195335,7.06297142889312,1.62337773085353,1.02582078811669,1.01847706973851,0.992455609621933,0.957776263558949,0.956127193626351,0.956900942852313,0.950395925541534,0.951876742588386,1.01910960806092,0.963395939514425,0.959997778613342,0.942884404467448,0.961995314622987,0.962943756829282,0.970821520758446,0.988808898264469,0.992935256766896,0.991309023554863,0.988723859299215,0.985390254351979,0.995410324678574,1.02105683167975,1.01974862054731,0.997004745993676,1.02747115396951,1.01754620125979,1.00013580516453,1.01805724638329,1.01945031303216,1.04952322844445,0.980495426504997,0.982527360343467,0.996040409010286,1.01003766379561,1.04802395028832,1.06236132493082,1.02667370541434,1.02531417506042,1.02965115485045,0.996633865381051,0.99662775270621,0.996628140302148,0.996631966840023,0.996633824469624,0.99663029158885,0.996630539012093,0.996634026441665,0.996634924761896,0.99664235098322
23.515163658032,7.06194628416864,1.62342761933008,1.0258400825848,1.01849745144083,0.992480520981833,0.957810576707932,0.956167057894633,0.956941846264622,0.950435725170918,0.951915888106178,1.01913417422728,0.963435477451066,0.960037884244796,0.942922856278361,0.962033587224673,0.962978713158463,0.970848933794375,0.988833373245812,0.99295845157882,0.991332978765021,0.988743020623091,0.985406711929715,0.995434637119898,1.02107981194535,1.01977128378216,0.997029481136612,1.02748618560591,1.01756029632797,1.0001537526603,1.01806525174129,1.01945658407356,1.04953650010469,0.980542729237899,0.982567485340672,0.996057663117791,1.01005130658317,1.04804457687361,1.06237857661971,1.02668678064271,1.02531737067979,1.02965848033919,0.996637389359797,0.996634433155115,0.996634110246001,0.996636023661081,0.996637327635356,0.996634612614386,0.996634849550325,0.996637564707169,0.99663821577541,0.996642800131655
23.6050443965305,7.06184975640554,1.6234275762851,1.02584881493458,1.01850727797631,0.992492146493297,0.957824628651554,0.956182378729162,0.95695742210968,0.950450964792098,0.951930920548095,1.01914378820333,0.963450980729767,0.960053472581347,0.942937960976843,0.962048786098599,0.962993230227457,0.970862383238633,0.98884643824851,0.992970538329378,0.99134496144651,0.98875515400918,0.98541856287418,0.995447892739111,1.02109256793393,1.01978391228931,0.997042781565017,1.02749350095543,1.01756841335416,1.00016354956231,1.01807135476366,1.01946201548839,1.04954281937373,0.98055903245293,0.982583195527268,0.99606873234173,1.01006303316353,1.04805614947222,1.06238862802357,1.02669332194559,1.02532137235185,1.02966153839187,0.996641575468546,0.996643274398918,0.99664227996434,0.996640668488636,0.996640103821862,0.996640350443685,0.996640597895548,0.996641567880463,0.996640664159178,0.996642316031914
23.6949251350291,7.06269046270706,1.62336244275533,1.02584513119846,1.01850472650434,0.992488052528949,0.95781494307497,0.956169165027506,0.956943571998724,0.950437671821446,0.951917938163401,1.01913604479937,0.963438279848301,0.960040383163427,0.942925706982436,0.962036895140804,0.962983659678981,0.970858849355502,0.988845331270245,0.992969171504818,0.991342576350256,0.988758318398522,0.985424346382994,0.995446983781289,1.02109193867656,1.01978336978928,0.997041723768272,1.0274918067885,1.01757014455538,1.00016394996263,1.01807683872744,1.01946831488618,1.04954096243334,0.980539686853076,0.982569820095582,0.996071864928058,1.01007189043629,1.04805574497485,1.06238899379798,1.0266920822093,1.02532849874092,1.02965962096816,0.996645713410438,0.996650769929763,0.996649606205194,0.996645572528915,0.996643451591514,0.996646453921542,0.996646692492423,0.996645527469578,0.996643350191666,0.996641723384254
23.7848058735276,7.06393991054508,1.62327579825275,1.02583058869106,1.01849059321304,0.992470097529741,0.957787080304792,0.956135228081784,0.956908523065818,0.950403685233775,0.951884570914848,1.01911533397125,0.96340503548499,0.960006465583563,0.9428934357005,0.962005031010346,0.962955549018181,0.970839912556436,0.98883004660052,0.99295446871913,0.99132658196597,0.988749777572426,0.985419516212762,0.995431910781264,1.02107791084793,1.01976957830266,0.997026297252867,1.02748167957694,1.01756359257248,1.000153929678,1.01807720595544,1.01947042156246,1.04953147235844,0.980496425779181,0.982535811188004,0.996064619918765,1.01007125210576,1.04804341462878,1.06237930899647,1.02668351690343,1.02533312384508,1.0296537191171,0.99664908286118,0.996654378932625,0.996653622424539,0.996650256425095,0.996648303447645,0.996651613469499,0.996651801335717,0.996648931743772,0.996647160497823,0.996641831058552
23.9054031420058,7.0650256043089,1.62324851696144,1.02580247756303,1.01846002379421,0.992434385315159,0.957741694418578,0.956083859085387,0.956856052694427,0.950352379675089,0.951833994626684,1.01908295483476,0.963354751076305,0.959955290821541,0.942844257842007,0.961955966787568,0.962909528257527,0.970800915822534,0.988793787899405,0.992919822453603,0.99129133612745,0.988718471850115,0.985389875727771,0.995396596502784,1.02104515480653,1.01973715096912,0.996989850870876,1.02745944278299,1.01753946741887,1.0001254024769,1.0180583829369,1.01945330861727,1.04951114566745,0.980437307135332,0.982486831515066,0.996037212506998,1.01004328651958,1.04801477241653,1.06235511322356,1.02666450240106,1.02531952314007,1.02964361455383,0.996651854463788,0.996653375511977,0.996653486910686,0.996655085723808,0.996656049912005,0.996655467456238,0.996655576459336,0.996652134146114,0.996653439700885,0.996643939404944
23.9930541374786,7.06495873930707,1.62331939011385,1.02578208031353,1.01843563702439,0.992408216587473,0.95771557529084,0.956057518234258,0.956829691291779,0.950326130640751,0.95180789576255,1.01906507933797,0.963329299683902,0.959929407393736,0.942818978590816,0.961930327172983,0.962882999929802,0.970771834916423,0.988763566345411,0.992890843432116,0.991263230372474,0.988685743849275,0.985354208755302,0.995367750918565,1.02101867850587,1.01971079185088,0.996959671947998,1.02744150048542,1.01751347644472,1.00009826267641,1.01802961469346,1.01942436265723,1.04949501565991,0.980412809409566,0.982464773072081,0.996008275755703,1.01000401418089,1.04799185191714,1.06233466781667,1.02664905860216,1.02529176339258,1.02963720034633,0.996652819801137,0.996650791423626,0.996651324537838,0.99665694877558,0.996660565241247,0.996655937491703,0.996656040745965,0.996653501546895,0.996657365308204,0.996646966161212
24.0807051329514,7.06425504301977,1.62345223143287,1.02576720197015,1.01841579529047,0.992388683104104,0.957701929375018,0.956047109127113,0.956819905112729,0.950315856378919,0.951797431133731,1.01905662248807,0.963319723311518,0.959919663575779,0.9428089811084,0.961919699367926,0.962869129330713,0.970749839371362,0.988738189734067,0.992866313065019,0.991240413659462,0.988653157940674,0.985315859013118,0.995344218753401,1.02099742694393,1.01968949328819,0.996934566086479,1.02742649909701,1.01748681939269,1.00007266573242,1.01799503878442,1.01938837323661,1.04948192773292,0.98040964740639,0.98245995118594,0.995979220512772,1.00995882771517,1.04797369878101,1.06231744675634,1.02663602618283,1.02525532822267,1.0296332589489,0.996653493336743,0.996649615988046,0.996650137405143,0.996657194120938,0.996662000658143,0.9966551646927,0.996655336282684,0.996654355660001,0.996659071853012,0.996650931527265
24.1683561284242,7.06341314643459,1.62357713860204,1.02576164176819,1.01840599410212,0.992380395352659,0.957701224673583,0.956050748560087,0.956824342889843,0.950319668907292,0.951800935237579,1.01905761970537,0.963323830586115,0.959923843972222,0.942812436462251,0.96192256667336,0.962868381133962,0.970740182558414,0.988724849042828,0.992853274587367,0.99122907964238,0.988631516049175,0.985288352522888,0.995332546745239,1.02098722729537,1.01967912341101,0.996921606906347,1.02741858426051,1.01746884491541,1.00005691899725,1.01796829286937,1.01935980565553,1.04947539752091,0.980421091247325,0.982467968379419,0.995959596089426,1.00992442213763,1.04796519148805,1.06230830532751,1.02662884304955,1.02522518454777,1.0296325039548,0.996654417750172,0.996651283887799,0.996651402488748,0.996656196311613,0.996659802281813,0.996654188888156,0.996654470873433,0.996655062467108,0.996658065240166,0.996655318019164
24.256007123897,7.06295853904601,1.62361463943588,1.02576601127781,1.01840883783348,0.992384711101801,0.957710098654875,0.956062355505851,0.956836424712636,0.950331403122819,0.951812456348469,1.0190648430019,0.963335356223106,0.959935588085834,0.942823513284467,0.961933401210268,0.962877337634785,0.970744561466079,0.988727329018639,0.992855587249565,0.991232175893514,0.98862909256933,0.985283074971281,0.995335689624748,1.02099040948262,1.0196820761491,0.996924346057955,1.02741982619942,1.01746710042327,1.00005693920344,1.0179622671462,1.01935268094382,1.04947710515883,0.980436383580109,0.982480547235241,0.995956820608012,1.00991577975833,1.04796809830561,1.06230940624311,1.02662928767294,1.02521640688745,1.02963446134874,0.996655864568221,0.99665536069812,0.996654897405904,0.996654800436988,0.996655235003616,0.996653871989443,0.996654240156066,0.996655937527739,0.996655278158894,0.996659579846616
24.3779522500743,7.06329986700907,1.62347032996163,1.02578540856376,1.01843173392982,0.992408285192724,0.957731323173488,0.956082554531452,0.956856353737517,0.950351639724122,0.95183274375818,1.01907968428578,0.96335453369097,0.959955159633464,0.942842772593387,0.961953079972692,0.962898767233171,0.97077028711478,0.988754819341647,0.992882424157889,0.991257993290217,0.988659128508391,0.985316379259114,0.995361751368354,1.02101400004905,1.01970535733232,0.996951720851123,1.02743570796583,1.01749364365908,1.00008347507688,1.017994476196,1.01938557230753,1.04949178590287,0.980451482096348,0.982495388106276,0.995982628540643,1.00995287514614,1.04798829027373,1.06232621006104,1.02664188530735,1.02524823367491,1.02964021899583,0.996658563734946,0.996661400891071,0.996660329534252,0.996654183264088,0.99665008358262,0.996655164002595,0.996655524993448,0.996657812366426,0.996652377879466,0.996664455627925
24.4998973762515,7.0642073575036,1.62318783440738,1.02581290581331,1.01846665996918,0.992443022964142,0.957758074137906,0.956105085192345,0.956878001811251,0.95037407938328,0.951855453251371,1.01909735674052,0.963375538790685,0.959976578871349,0.9428643131161,0.961975556405606,0.962925818209539,0.97080849447804,0.988797658665317,0.992924412588325,0.991297554554479,0.98871139162959,0.985376952834806,0.995401373508567,1.02104950804682,1.01974060485969,0.996994030465164,1.02746113628759,1.01753938888338,1.000127357953,1.01805386124993,1.01944724146658,1.04951428805454,0.980462090663808,0.982508305655111,0.996028615113439,1.01002320964582,1.04801863291479,1.06235304388617,1.02666286849371,1.02531004027802,1.02964783537293,0.996661535775842,0.996664357439579,0.996663270918743,0.996656563240226,0.996651262818987,0.996658204523191,0.996658442991813,0.996660577723505,0.996654336888294,0.996667548575813
24.6218425024288,7.0646164874347,1.62296351657713,1.02583686403131,1.01849696788831,0.992474241646884,0.957785276585325,0.956130180758734,0.956902652312798,0.950399015542436,0.951880424232645,1.01911533221282,0.963399597360656,0.960001003367774,0.942888523828502,0.96200047416823,0.962953469170434,0.970842995455015,0.988835097100552,0.992960938968164,0.991332312237679,0.988755959414961,0.985427744035374,0.99543606870956,1.0210808070977,1.01977166670184,0.997031011496225,1.0274838353141,1.01757739424687,1.00016451732564,1.0181014114006,1.0194963483644,1.04953388966535,0.980479585615398,0.982526504933042,0.996068458228922,1.01008146557613,1.04804575329396,1.06237716429353,1.02668213225776,1.02535907031627,1.02965486755003,0.996664482128132,0.996664034420395,0.996663533754113,0.996661920696952,0.996659726288171,0.996662381543624,0.99666250173495,0.996664116765609,0.996661670760137,0.996668752187175
24.743787628606,7.06402942276608,1.62295283521271,1.02584754918531,1.01850882111055,0.992488700467453,0.957804658230892,0.956152342242649,0.956925337480975,0.950421090396886,0.951902138642276,1.0191289125267,0.963421776761189,0.960023418848244,0.94291009295811,0.962022025047448,0.962973338474645,0.970859202238108,0.988849959784807,0.99297497348529,0.991346555825167,0.988769312466748,0.985440317177058,0.995450624360799,1.02109459973477,1.01978527477186,0.997045939203019,1.02749313166443,1.01758686706721,1.00017590174429,1.01810831735002,1.01950253045605,1.04954156350211,0.980504755234295,0.982548917999759,0.996081082601969,1.0100934294336,1.04805838957988,1.06238805889876,1.02669055726296,1.02536398135301,1.02965891061971,0.996667639510252,0.996664212663364,0.996664451025761,0.996668578180874,0.996670873698083,0.996667334084095,0.996667420263027,0.996668108989119,0.996670594330024,0.996668586086016
24.8657327547833,7.06305355796011,1.62312627404157,1.02584064016068,1.01849809420455,0.99248035330943,0.957805280822652,0.956157861945769,0.956931822320663,0.950426635238427,0.951907236875765,1.01913019668398,0.963428234938316,0.960029829636995,0.942915701911149,0.96202705451205,0.962974213522519,0.970850412088527,0.988837287211271,0.992961962644403,0.991335175414897,0.98874899597481,0.985413899764515,0.995440011839312,1.02108596047069,1.01977660742603,0.997033781867194,1.0274855315776,1.01756708328408,1.00015914897233,1.01807761764759,1.01946964875712,1.04953451092639,0.980519818866815,0.982560540760764,0.996063822401216,1.01006011751439,1.04805180792348,1.06238186812159,1.02668474108639,1.02532948474703,1.02965793671562,0.996671250425263,0.996668420006079,0.996668942668765,0.996674433108987,0.996678699097384,0.996672707979011,0.996672823207097,0.996672072305539,0.996676494256339,0.996668105136804
24.9876778809605,7.06277336714767,1.62331160899822,1.0258192183459,1.01847140822178,0.992453103544531,0.957781465473604,0.956135662099345,0.956909989223046,0.950404515879666,0.951885074776456,1.0191141114882,0.963407329864496,0.960008471005493,0.942894598394915,0.962005404102917,0.962950193547784,0.970820766732658,0.988805261626019,0.992930525503724,0.991305105644031,0.988711196707635,0.985370648526868,0.995410652878654,1.02105982886143,1.01975066658932,0.997002236264712,1.02746578135341,1.01753435531436,1.00012716907106,1.01803671643224,1.0194273802666,1.04951692204991,0.980503584159946,0.982545283204212,0.996030628501469,1.01001047055111,1.04802956059858,1.06236236616746,1.02666820350869,1.02528713124625,1.02965162758545,0.996674922297476,0.996675882167812,0.99667599015141,0.996678167314999,0.996680714596441,0.996677533390704,0.996677679732725,0.996675434731752,0.996677846306379,0.996668595299152
25.1096230071378,7.0636147158267,1.62335841305922,1.02579281425329,1.01844160894859,0.992419254034758,0.957741313976674,0.956091534720992,0.95686516134712,0.950360458766162,0.951841538573931,1.01908567217645,0.963364326896906,0.959964702571472,0.942852358811564,0.961963076240876,0.962909460328446,0.970783636083857,0.988769407424648,0.992896130747886,0.991270729313839,0.9886764173326,0.985335188051111,0.995376374860073,1.02102827062311,1.01971941523184,0.996966443706303,1.02744350432865,1.01750732878472,1.00009712893403,1.01801129548875,1.01940274446227,1.04949715351852,0.980455851096553,0.982504918435834,0.995999601295222,1.00997390497383,1.04800185021427,1.06233854777712,1.02664888563483,1.0252646913849,1.02964242742374,0.996677728662914,0.996681966222427,0.996681371206597,0.99667963051604,0.996679139720648,0.996680370995186,0.996680527630707,0.996677726666968,0.99667689608271,0.996671022285245
25.231568133315,7.06486807837062,1.623265591475,1.02577339809035,1.01842120839634,0.992393980372932,0.957705674655133,0.956049693705621,0.956822154458826,0.950318681863904,0.951800477521411,1.01906003035674,0.963323136036627,0.959922810859688,0.942812267703844,0.961923246784614,0.962873227015562,0.970755657662483,0.988744608720303,0.992872909476204,0.991246636523598,0.988656749628344,0.985318265795721,0.995351772232614,1.02100497172433,1.01969630232024,0.996941372978036,1.02742806091237,1.01749471079573,1.00008001473892,1.01800652976404,1.01939997490337,1.0494834760015,0.98040466431062,0.982463299590949,0.995981665559549,1.00995978987412,1.04798099649674,1.06232043017335,1.02663493097082,1.02526488339212,1.02963488503092,0.996679059613597,0.996682749564958,0.996681884947263,0.996679497973623,0.996677801576446,0.996680438169481,0.996680600828598,0.996678867225031,0.996676833065995,0.996675472058332
25.321956179104,7.06536024064966,1.62318269011425,1.02576940283873,1.01841691950611,0.992387706286208,0.957694935699062,0.956036386453263,0.956808303598339,0.950305506660598,0.951787652633621,1.01905280175019,0.963309860578182,0.959909339935833,0.942799450080365,0.961910589216118,0.962862239425837,0.970748400283394,0.988738818977325,0.992867780728013,0.991241074668491,0.988653166078382,0.9853161977662,0.995345772549954,1.02099906139011,1.01969033716611,0.996935420198066,1.02742450094597,1.01749392602869,1.00007735717603,1.01800991190853,1.01940431680797,1.04948044245318,0.980385838800926,0.982448931474569,0.995978084788036,1.0099593037589,1.0479756280605,1.06231517540925,1.0266312523717,1.02527036555756,1.02963307682163,0.996679266981703,0.996680061005229,0.996679485915031,0.996678930622984,0.996678126359422,0.99667908639249,0.996679261445821,0.996679207744008,0.996678119592378,0.99667958732214
25.412344224893,7.06511375198026,1.62312879103206,1.0257752498435,1.0184227794069,0.992394423211282,0.957703518666531,0.956046126704289,0.956818214063351,0.950315316441633,0.951797367831512,1.01905928536973,0.963319340657074,0.95991901343696,0.942808738716192,0.961919848295467,0.962870911333479,0.970755536817945,0.988745337143323,0.992874166993622,0.991247633293858,0.988658278440724,0.985320824774357,0.995352068941755,1.0210047723499,1.01969580288012,0.996941933628078,1.02742836132328,1.01749864862298,1.00008276455342,1.01801411343276,1.01940826977723,1.04948415695968,0.980395862714349,0.982457753097328,0.995982273806524,1.00996333445779,1.04798067231614,1.0623183356053,1.02663403813066,1.02527363726151,1.02963513955136,0.99667942269142,0.996676929669691,0.99667687999413,0.996678477816866,0.996679114929807,0.996677622257342,0.996677814830523,0.996679553850102,0.996679880197939,0.996683640581158
25.502732270682,7.06426904763275,1.62313052731492,1.02578995987803,1.01843753207115,0.992412284574407,0.957728265055518,0.956075061836385,0.956847876020605,0.950344337193495,0.951825974539002,1.0190776628572,0.963347661663534,0.95994787504725,0.942836354932468,0.961947277891995,0.962895983792844,0.970774953095567,0.988762524444834,0.992890517630522,0.991264649676455,0.98867105799451,0.985331450405465,0.995369112355189,1.02102071787939,1.01971140725952,0.996959292073697,1.02743871663006,1.01750815278372,1.0000951642208,1.01801900253309,1.01941185095276,1.04949373137281,0.980429613397836,0.982485692008483,0.9959933604044,1.00997157692709,1.04799485525248,1.06232931128303,1.02664253636694,1.02527491339634,1.02964069790631,0.996680143202726,0.996675878064853,0.996676205645347,0.996678550001627,0.996679837230871,0.996677161003032,0.996677370677904,0.996680324607499,0.996681133108915,0.996686953787718
25.6269165703903,7.06309721598396,1.62313952746655,1.02581623584346,1.01846555197618,0.992445434263699,0.95777133170298,0.956124200671366,0.956898111109411,0.950393465366933,0.951874402521128,1.01910866717166,0.96339573917109,0.9599968283461,0.942883351359029,0.961994118002188,0.962939669764256,0.970811288671083,0.988795999990262,0.992922434920356,0.991297214038648,0.988699359062948,0.985357700598079,0.995401871229191,1.02105120429539,1.01974147846204,0.996992971427604,1.02745886458431,1.01752971775744,1.00012107879983,1.01803503038231,1.01942608940773,1.0495119824471,0.980486239300769,0.982532529569818,0.996018296466954,1.00999572148717,1.04802170810658,1.06235157598593,1.02665945768803,1.02528546415524,1.02965027086361,0.996682568383097,0.99667971793033,0.996679846249861,0.996680097634348,0.996680092012511,0.996679278082711,0.996679495853991,0.996682492329071,0.996681661738181,0.996689557517677
25.718533236001,7.06280131956421,1.62310585137587,1.02583420117509,1.01848629165865,0.992468534612591,0.957797147494865,0.956151813267743,0.956926044414709,0.950421004918209,0.951901657622661,1.0191266651459,0.96342264513302,0.960024186681714,0.942909849432487,0.962020769101104,0.962965873088192,0.970836688107815,0.98882117245587,0.992946692334953,0.991321180315259,0.988724535282865,0.985383909558058,0.995425971208903,1.02107337346799,1.01976348485721,0.997018120032287,1.02747403769165,1.01755027455364,1.00014312829598,1.01805630336204,1.01944709227889,1.0495254411641,0.980514999578509,0.982557402595438,0.996040662127868,1.01002333297331,1.04804100899011,1.06236854109187,1.02667231360824,1.02530482771931,1.02965628700818,0.996685245770372,0.99668540952625,0.996684952509527,0.996682509149447,0.996680667963695,0.996682751207192,0.996682948583826,0.996684876576812,0.996682045293462,0.99669000657919
25.8101499016116,7.06320451227507,1.62301823795108,1.02584563914785,1.01850117102966,0.992483512607258,0.957809051710553,0.956162050154819,0.956935957424591,0.950431145065311,0.951911867691915,1.01913431922332,0.963432504622173,0.960034142396109,0.942919837201038,0.962031167756407,0.962977992021279,0.970853205185736,0.988839548469515,0.992964702853148,0.991338165468636,0.988746887273868,0.985409623680518,0.995443034637905,1.02108881158472,1.01977890841382,0.997036294944499,1.02748521200713,1.01756995339486,1.00016199043083,1.0180817092071,1.01947345367184,1.04953501531414,0.980520721987505,0.982564552042407,0.996060683883543,1.01005308912622,1.04805429002307,1.06238099068957,1.02668184877939,1.02533122725841,1.02965950648988,0.99668813046869,0.996690951661874,0.99668997308405,0.996685926861879,0.996683015559315,0.996687013667139,0.996687158093913,0.996687625762217,0.996683832522844,0.996689595073004
25.9017665672223,7.06400845685759,1.62290581251976,1.02584747520632,1.01850587003435,0.99248661416171,0.957805824957408,0.956155087929205,0.956928306926659,0.950424064024973,0.951905079089428,1.01913091036569,0.963425661435434,0.960027056329363,0.942913467757589,0.962025267356185,0.962974816494875,0.970856812511302,0.988845940481587,0.99297124018248,0.991343455023862,0.988758929461385,0.98542555352241,0.995448460778878,1.02109349210172,1.01978366672628,0.997042434162093,1.0274890908913,1.01758167608579,1.00017142001178,1.01810096513071,1.01949427545597,1.04953793879067,0.980506586378799,0.982555593219941,0.996071721621376,1.01007358919324,1.04805823572208,1.06238542993541,1.02668530590475,1.0253534071716,1.02965923538234,0.996690705462646,0.996694229331296,0.996693217840732,0.996689969123489,0.996687718857075,0.996691108706856,0.996691177736942,0.996690373557114,0.996687676974545,0.996688910072822
25.9933832328329,7.06468654483965,1.62284095282145,1.0258399500496,1.01849890505238,0.992477563318321,0.957791374623183,0.956137289115109,0.956909897567575,0.950406212493548,0.951887554028945,1.01912001662619,0.96340840702831,0.960009383707848,0.942896694002208,0.962008748619193,0.962960281904595,0.97084716837629,0.988838269191245,0.992963996309416,0.991335488323213,0.988754980790402,0.985423520759536,0.995440838706298,1.02108644532219,1.0197767318699,0.997034661366958,1.02748439693411,1.01757940275823,1.00016701671003,1.01810309868917,1.01949752799879,1.04953326272881,0.980483236825537,0.982538091103661,0.996068677732787,1.0100737735438,1.04805220432769,1.06238077570342,1.02668157106624,1.0253583088719,1.0296561473418,0.996692701020933,0.996694694871728,0.996694231839106,0.996694001353317,0.996693984674767,0.996694352667007,0.996694358520778,0.996692814385637,0.996692973755378,0.996688536527287
26.1403419596589,7.06473120479712,1.62292796642202,1.02581593461727,1.01847014532951,0.9924469895001,0.957760625807519,0.95610595275711,0.956878483922141,0.950374968399503,0.951856507591889,1.01909883276788,0.963378369818809,0.95997874060451,0.942866843933786,0.961978552639896,0.962929264254605,0.970814100938719,0.988804273241016,0.992930733872317,0.991303024386322,0.988718446775401,0.985383486674322,0.99540916383579,1.02105798324077,1.01974842658277,0.997000980364089,1.02746351623899,1.01754774558831,1.00013483599548,1.01806640672916,1.01946028167991,1.04951432887693,0.980453253315169,0.982512331299512,0.996036863965831,1.01002957221632,1.04802801891344,1.0623593989738,1.02666412965784,1.02532222743855,1.02964858285117,0.996694898800367,0.99669324736325,0.996693867079206,0.996698579477736,0.996702124359749,0.996697374817308,0.996697388372696,0.996695670518394,0.996700007967164,0.996689564509734
26.2490257337208,7.06410898761443,1.62309587015344,1.02579604252478,1.01844434428851,0.992421321161231,0.957740410163901,0.956088551390909,0.956861644498818,0.950357695446514,0.95183910140531,1.01908570791604,0.963361933875377,0.959962034728792,0.942850111111939,0.961961157902124,0.962908833178751,0.970786152200236,0.988773150408884,0.992900088011146,0.991274054038536,0.988680538974949,0.985339658019291,0.995380527950038,1.02103233560668,1.01972286058264,0.996970283865962,1.0274443350189,1.0175140475031,1.00010263813713,1.01802262289288,1.01941471214239,1.04949737789355,0.980443479827238,0.982501155363539,0.996003321405097,1.0099787276561,1.04800612133456,1.0623394385072,1.02664773320114,1.02527615684072,1.02964304276585,0.996696088715549,0.996693496639355,0.996694292180324,0.996699669530503,0.996703665526676,0.996698158315655,0.99669825831804,0.996696898111291,0.996701444149332,0.996691819330719
26.3577095077827,7.06360693365694,1.62324269486042,1.02578189363932,1.01842548362469,0.992402544717807,0.957726138202896,0.956076758543801,0.956850329441779,0.95034606015499,0.951827356528576,1.01907677834944,0.963350779441902,0.959950733490474,0.942838686360928,0.961949177898717,0.9628943293854,0.970765418552076,0.988749813849636,0.992877248622308,0.99125259901874,0.988651465738198,0.985305954643581,0.995358963259269,1.02101285198516,1.01970342684523,0.996947243175732,1.02742972233987,1.01748887519274,1.00007861569663,1.01799004262132,1.01938077035285,1.04948491020805,0.980437864644898,0.982494083227464,0.99597721009898,1.00993948249973,1.04798924387549,1.06232389678356,1.0266348810917,1.02524161841403,1.02963915247805,0.996697186340299,0.996696318504505,0.996696463017828,0.996698880763622,0.996700782094408,0.996698173424789,0.996698357106547,0.996697547578226,0.996699193038379,0.996695126899546
26.4663932818446,7.06374520012572,1.62324304202855,1.0257791704178,1.01842186086002,0.992398198696971,0.957721049216234,0.956071294789832,0.95684477376242,0.950340683270263,0.951822076659293,1.0190735774945,0.9633454027789,0.959945288560746,0.942833395021367,0.961943836650998,0.962889065387899,0.970760125330566,0.988744436243529,0.992872434978489,0.991247954278013,0.988645285814021,0.985299363361504,0.995353604849966,1.02100761058296,1.01969817957033,0.996941806617276,1.02742640189056,1.0174856657143,1.00007474118361,1.01798767330878,1.01937853762408,1.04948232116153,0.980431674725189,0.982489039090043,0.995971120225069,1.00993224316141,1.04798429750439,1.06231918182005,1.02663130236313,1.025239379333,1.02963818113337,0.996698182276137,0.996700012385566,0.996699248405463,0.99669727887656,0.996696089225276,0.996697739850206,0.996697944030706,0.996697936681415,0.996695662426744,0.996698945378682
26.5750770559065,7.06439876885328,1.62309584895372,1.02578813761948,1.01843367917061,0.99240878668644,0.957726328183255,0.95607372745363,0.956846617063371,0.950343134409014,0.951824788877428,1.01907693336649,0.963347346028758,0.959947277246682,0.942835727114417,0.961946595897162,0.962894281924467,0.970771105905041,0.988757738245601,0.992886084062717,0.991260570557138,0.988662452858534,0.985320007426135,0.995365492008097,1.0210178616592,1.01970831189358,0.996954803861153,1.02743458591584,1.01750375061125,1.00009082048653,1.01801386013731,1.01940620050599,1.0494898196707,0.980426979985164,0.982487618230403,0.995985751645108,1.00995682640377,1.04799270772314,1.06232629182631,1.02663752836992,1.02526763248256,1.02964027485183,0.996699046314695,0.996701961413262,0.996700814474021,0.996696232826699,0.996693103978152,0.996697226356788,0.996697392269158,0.996698453573303,0.996693959641766,0.996702586827858
26.7124283021536,7.06497534963354,1.6228673840211,1.02581029349783,1.01846113625957,0.992436107225334,0.957748348894021,0.956093087266047,0.956865380676658,0.950362498820428,0.951844340414213,1.01909194811531,0.96336555002419,0.959965835363161,0.942854236083808,0.961965758019165,0.962916484311402,0.970800664688883,0.98879038543516,0.992918303279183,0.991291173019598,0.988700529885291,0.985363243435592,0.995396002856302,1.02104538205857,1.01973551750259,0.996987148025766,1.02745436137857,1.01753870810467,1.00012440355229,1.01805906860961,1.01945314513545,1.04950757472557,0.980437325630633,0.982499887897621,0.99601920511656,1.01000614151306,1.04801644403463,1.06234650048207,1.02665386121237,1.02531475038417,1.02964653087368,0.996700289834647,0.996700973340986,0.996700385862892,0.996697171909449,0.996694690796854,0.996697523090762,0.996697632942116,0.996699871152524,0.996696601185711,0.996705894134696
26.8497795484008,7.06456292770543,1.62275755901653,1.02583387609134,1.01848824202665,0.992466144663161,0.957781325612642,0.956128009631413,0.956900611100861,0.950397372060502,0.951878910421984,1.01911507966152,0.963399409881202,0.960000306472236,0.94288767575691,0.961999444647902,0.962949977719179,0.970833953830438,0.988823737780893,0.992950276081159,0.991322608496198,0.98873445211763,0.985398754585277,0.995428125201041,1.02107509040222,1.01976487681996,0.997020514214879,1.027474348486,1.01756571030031,1.0001533942286,1.01808712344012,1.01948096583412,1.04952523845276,0.980472087477934,0.982530240887882,0.996049545231368,1.01004377312097,1.04804264692537,1.06236877307064,1.02667089586703,1.02534084987189,1.02965435287438,0.996702314193409,0.99669958560968,0.996699865727634,0.996700703319994,0.996700777569287,0.996700002532784,0.996700095228785,0.996702388192562,0.996702563951523,0.996707122702589
26.9871307946479,7.06356672917663,1.62281491983719,1.02584656018986,1.01850118007162,0.992483191016613,0.957806951454145,0.956158535658029,0.956932071655096,0.950427811963574,0.951908772399597,1.01913335356552,0.963429693000156,0.960031048379306,0.942917075895754,0.962028631518462,0.962976195891862,0.970853443165997,0.988840604726982,0.992965709323338,0.991338711784285,0.98874757686515,0.985409706272694,0.995444999380136,1.02109118039385,1.01978081309553,0.997037604638535,1.02748422666532,1.01757230740628,1.00016376594682,1.01808655508096,1.01947859459718,1.04953368026812,0.98051006557338,0.982561310362508,0.996061768828784,1.01005249506925,1.04805716200522,1.0623813849641,1.02667965317459,1.0253358700556,1.02965951097911,0.996705354771382,0.996702287659209,0.996702700038767,0.996705568198237,0.996707165479932,0.996704745114744,0.996704829836641,0.996705668647509,0.996707650068508,0.996706539920282
27.0966952248977,7.06315620018331,1.62290516026087,1.02584401236862,1.01849739449876,0.992480847883091,0.957808855594331,0.956162666293451,0.956936669180936,0.950431873523509,0.951912583154699,1.0191347062511,0.963434353777015,0.960035662037906,0.942921306770113,0.962032644358787,0.962978335009286,0.970851364049472,0.988836828654912,0.992961579615675,0.991335206474471,0.988741430432362,0.985401543976691,0.995441733636966,1.02108849696637,1.01977822750155,0.997033953938364,1.02748177915424,1.01756475807786,1.00015774195179,1.0180739851038,1.01946496087478,1.04953113675672,0.980518952511931,0.982568419155653,0.996056768056667,1.01004209951792,1.04805502090629,1.06238009436904,1.02667786008883,1.02532124947707,1.02965929168309,0.996708098124737,0.996707698421295,0.996707627962845,0.996709301687495,0.996710498870305,0.996709136404796,0.996709191682012,0.996708315136625,0.996709550626664,0.996705592652203
27.2062596551474,7.06355471261865,1.62295486362319,1.02583073703631,1.01848260244413,0.992464283566106,0.957789750166053,0.95614184558779,0.956915567557058,0.950411047694519,0.951891969437518,1.01912104984092,0.963414425702154,0.960015262296374,0.942901622835315,0.962012923807604,0.962959056321544,0.970833252107226,0.988819146064431,0.992944585915584,0.991318266519326,0.988724408823482,0.985384071323721,0.995424764333297,1.02107294164811,1.01976290546411,0.997016278757437,1.02747105297955,1.01755123056652,1.00014280595448,1.01806089235145,1.01945219593949,1.04952132436648,0.980496754387963,0.982550654643041,0.996041955773262,1.01002403774521,1.04804144432521,1.06236904441451,1.02666888695154,1.02530955593813,1.02965478333241,0.996710409449752,0.996713183284341,0.99671263739513,0.996712143595875,0.9967123562619,0.996712612717635,0.996712631179596,0.996710483375238,0.996710284640457,0.996705235640457
27.3158240853971,7.06449203050439,1.62293188741056,1.02581188088195,1.01846242283858,0.992440252348478,0.957758358556843,0.956105960499325,0.956878871399728,0.950375175928335,0.951856613342434,1.0190984246749,0.963379431760484,0.95997959519026,0.942867388448801,0.961978809859403,0.962927202703864,0.970806650574098,0.988794550315256,0.992921352599425,0.991294607165011,0.988702465403759,0.985362849668828,0.995400990647084,1.02105095630742,1.01974115162393,0.99699162974222,1.0274562657429,1.01753618418621,1.00012431940621,1.01805054216187,1.01944320399981,1.04950796410967,0.980455044300952,0.982516764182245,0.996022567389945,1.01000344780658,1.04802217200661,1.06235266950562,1.02665622589074,1.02530302619992,1.02964782886881,0.99671181950154,0.996715648913689,0.996715087716106,0.99671375931518,0.996713643951427,0.996714243724305,0.996714255783151,0.996711905065589,0.996711260560742,0.99670617175573
27.4253885156469,7.06524119873249,1.62289755168032,1.0257946568762,1.018443357817,0.992417625061088,0.957729319168936,0.956073067264264,0.956845251527949,0.950342375655425,0.951824307164201,1.01907792151807,0.963347117709912,0.959946752103065,0.942835806635325,0.961947278776071,0.962897652303877,0.970781505192147,0.988771061062031,0.992899131828056,0.991272121163298,0.988680463623226,0.985340927334048,0.995378544488896,1.02103029676412,1.01972060753043,0.996968173255197,1.02744205152355,1.01752100310606,1.00010618459882,1.01803903428282,1.01943282657276,1.04949534520361,0.980416875701631,0.982485083629819,0.996002944959449,1.00998138227312,1.04800416218572,1.06233667053601,1.02664385624311,1.02529486178213,1.02964151824935,0.996712346350747,0.996714269777914,0.996714124261176,0.996714102126324,0.996714658398176,0.99671400824168,0.996714058100407,0.996712581622391,0.99671290466582,0.9967085542563
27.5349529458966,7.06525416921809,1.62290464170571,1.02578553313544,1.01843182306044,0.992404993320588,0.95771617913318,0.956059583574533,0.956831673557224,0.950329034961064,0.951811115757734,1.01906933261364,0.963333826697584,0.959933316342915,0.942822697943577,0.961933996110564,0.962884238095322,0.970767457744787,0.988756678968431,0.992885288989465,0.991258664401906,0.988664298971833,0.985323084250191,0.995365168052386,1.02101813584217,1.01970840839962,0.996953934584709,1.02743312757465,1.01750833724398,1.00009307354303,1.01802499402007,1.01941867696511,1.04948768568438,0.980403208766899,0.982472764521487,0.995988354481691,1.0099614309097,1.04799366305371,1.06232659712556,1.02663584158177,1.02528120637362,1.02963856788303,0.996712443715099,0.996711158238268,0.996711421267975,0.996713435455084,0.996714830593211,0.996712726280041,0.996712831107148,0.996712775484694,0.996714325275774,0.996711921280084
27.6445173761464,7.06459427514175,1.62295004050747,1.02578777424991,1.01843208151178,0.992406955280222,0.957723502615764,0.956070043735785,0.956842682362742,0.950339623676324,0.951821462554049,1.01907554790721,0.963344141530084,0.959943878020746,0.942832567936113,0.961943554819327,0.962891648531637,0.970769592349657,0.988756671377297,0.992884952441666,0.991259193129241,0.988660171073636,0.985316343402017,0.995365610423793,1.02101868351462,1.01970880378247,0.996954079714199,1.02743273425161,1.01750322907005,1.000090045976,1.01801435654807,1.01940678400244,1.04948775852678,0.980418318968576,0.982484201756553,0.995984344314845,1.00995161602193,1.04799420047799,1.06232601002872,1.02663501184804,1.02526786479972,1.02964000198168,0.996712689485835,0.996709549942646,0.996709823303964,0.996712345225669,0.9967135918789,0.996711533868782,0.99671167410078,0.996712903943627,0.996714348308356,0.996715424792359
27.7540818063961,7.06384715640296,1.62297524212162,1.02580026191983,1.0184445148179,0.992422342668107,0.957745378053686,0.956095798602246,0.956869126609405,0.950365432678525,0.951846876943156,1.01909172121124,0.963369463812596,0.959969652926703,0.942857218703114,0.961968026703297,0.962913867494641,0.970786505599212,0.988771490642426,0.992898934459346,0.991273787923902,0.988671756129176,0.985326538928079,0.995379931094932,1.02103180795601,1.01972173057529,0.996968932451629,1.02744134624053,1.0175107255321,1.00010030025037,1.01801725291453,1.01940838176534,1.04949578965082,0.980448941577295,0.982509561708707,0.995994264304876,1.00996026105302,1.04800554425632,1.06233520627735,1.02664186629911,1.02526718619455,1.02964481688095,0.996713466979624,0.996711204602022,0.996711084328754,0.996711636950473,0.996711451319285,0.996711318132807,0.996711460145193,0.996713377903955,0.996712932714594,0.996718219204178
27.892759029758,7.06363588404622,1.6228929672393,1.0258224364895,1.01847031673335,0.992450657371327,0.957775955935227,0.956127940504739,0.956901530551648,0.950397493925145,0.951878656819914,1.01911296257041,0.963400782832857,0.960001479240305,0.942888121857745,0.961999187147647,0.962944907186087,0.970817532628679,0.988802608758484,0.992929075242087,0.991303430748216,0.988703874752486,0.985360753516831,0.99540930175606,1.02105848168716,1.01974817573742,0.996999876755896,1.02746002118444,1.01753735219365,1.00012830712347,1.01804610905105,1.01943717612114,1.04951252784854,0.980480878684706,0.982537990629316,0.99602250219596,1.00999706380109,1.04802852534804,1.06235514111191,1.02665736873667,1.02529417240041,1.02965207600726,0.996715262832377,0.996716151576059,0.996715510400566,0.996712445853391,0.996710219561002,0.996712922804344,0.996713031621218,0.996714842699792,0.996711594214576,0.996720021918009
28.0001437787611,7.06408751019497,1.62276538548392,1.02583766131488,1.01848970137872,0.99247005969504,0.957791572596225,0.956141620369171,0.956914814428924,0.950411101131479,0.951892358384327,1.01912325226,0.96341376594053,0.960014668778435,0.942901291833903,0.962012837533348,0.962960700859012,0.970838665988859,0.98882599421651,0.992952087547877,0.991325235992155,0.988731387988952,0.985391959710017,0.995431238986389,1.02107841383768,1.01976798850899,0.997023079911708,1.02747432286098,1.01756237941619,1.00015233507083,1.01807836812545,1.01947065310933,1.04952510105738,0.980488899597152,0.982547163838689,0.996046994165294,1.01003269816164,1.04804577608308,1.0623705532673,1.02666951122435,1.02532774407358,1.02965635819806,0.996717065365049,0.996719507280659,0.996718803246053,0.996714726044426,0.996712194125034,0.996715413215096,0.996715480164547,0.996716642107887,0.996712928954915,0.996720112306514
28.1075285277642,7.06463730783681,1.62264479271338,1.02584570007239,1.01850091519608,0.992480479827491,0.957797209629505,0.956144600600292,0.956917277484621,0.950414003999772,0.95189545365601,1.01912646223186,0.963416344902063,0.960017267556736,0.942904218271149,0.962016199089239,0.962966396429304,0.970850026389902,0.988839684720283,0.992965718200597,0.991337752827189,0.988749006741723,0.985412565528697,0.995444098337371,1.02109018908305,1.0197797215936,0.997036663937861,1.02748298013461,1.01757941339546,1.00016780911795,1.01810214996933,1.01949572786357,1.04953235094318,0.980485899994643,0.982546697154189,0.996062970164188,1.01005688884289,1.04805609596636,1.06238005415313,1.02667705945499,1.02535357838062,1.0296582654482,0.996718944630826,0.996720665653731,0.996720275253075,0.996718127376402,0.99671696706792,0.996718469498082,0.99671849145363,0.996718788678017,0.996716972357073,0.99671949955258
28.2149132767672,7.06479899405148,1.62261914056623,1.02584357522707,1.01849909028271,0.992478165138087,0.957793451072479,0.956139908897468,0.956912420857827,0.950409276356409,0.95189080434431,1.01912350089286,0.963411847717445,0.960012640703213,0.942899843723424,0.962011909373806,0.962962655777808,0.970847696127021,0.988837945366029,0.992964014042208,0.99133580035991,0.988748162410383,0.985411927796207,0.995442625459498,1.02108907573018,1.01977864837284,0.997034984257816,1.02748200768957,1.01757900034193,1.00016683831064,1.01810290530454,1.01949681560769,1.04953111829419,0.980479610490057,0.982542143672725,0.996062725155621,1.01005657047732,1.04805538494523,1.06237977649107,1.02667657705004,1.02535525286821,1.02965740121326,0.99672070546172,0.99672025401636,0.996720337650594,0.996721781027579,0.996722799685251,0.996721506242987,0.996721494327505,0.996720943035219,0.996722214678716,0.996718770995186
28.354787207771,7.06437484754632,1.62274014156267,1.02582878829976,1.0184804667657,0.992459859800291,0.957779122557172,0.956127478912166,0.956900392490173,0.950396873277028,0.951878281824396,1.01911387625276,0.963400435337091,0.960000924806641,0.942888153393438,0.961999802102964,0.962948339339066,0.97082818417365,0.988816295144663,0.992942478790165,0.991315324243111,0.988722892931149,0.985382992695719,0.995422548387753,1.02107111513029,1.01976085100326,0.997013576343167,1.02746859332563,1.01755508258326,1.00014407664676,1.01807168721339,1.0194643549,1.04951888741675,0.980472326561122,0.982534972829189,0.996040844221319,1.01002337345746,1.04804009994454,1.06236663067684,1.02666545931293,1.0253226322427,1.02965329629829,0.99672261060594,0.996720507929738,0.996720942617844,0.99672525596563,0.996727991773686,0.996724516548196,0.996724503892459,0.996723180065364,0.99672687641501,0.996718576479533
28.5232592601095,7.0639344386115,1.62292557455738,1.02580529985003,1.01845093475093,0.992430130610631,0.957754064739733,0.956104618138714,0.956878005222478,0.950374094682866,0.951855416185298,1.01909704766669,0.963378959700872,0.959978990231873,0.942866418894555,0.961977441276617,0.962923121713559,0.970796065273832,0.988781246011582,0.99290796067312,0.991282385086062,0.988682607126504,0.98533769771151,0.995389629400176,1.02104120288667,1.01973116911771,0.996978787576843,1.02744673563091,1.01751837202178,1.00010852035378,1.01802516687862,1.01941614231486,1.04949944371015,0.980456525804688,0.982519548549671,0.996005168236668,1.0099720694942,1.04801416282259,1.06234387577941,1.02664666681052,1.02527411975533,1.0296465306404,0.996724107939328,0.996723892840957,0.996724037765335,0.996726224683907,0.996727915273746,0.996725851707773,0.996725895124187,0.996724503494178,0.996726516433144,0.996720321004666
28.6571662293892,7.06427258573364,1.62295504252154,1.02579304514631,1.01843644372658,0.992413712486725,0.957735164078799,0.95608420563366,0.956857306163595,0.950353791897971,0.95183536723039,1.01908408837777,0.963358972476483,0.959958695804721,0.942846768600465,0.961957682839228,0.96290387057937,0.970777804842357,0.988763278974518,0.992890803941953,0.991265422940513,0.988664162328877,0.985318401008546,0.995372496163329,1.02102536133783,1.01971541096111,0.996960868035227,1.02743552735914,1.01750437812081,1.00009324811497,1.01801138304547,1.0194025760747,1.04948979545348,0.980434756450034,0.982500863660412,0.995988402328464,1.00995155997789,1.04800017515155,1.06233130291655,1.02663660964566,1.02526132342859,1.02964232080603,0.996724647932231,0.99672691624286,0.996726533034632,0.996724975050982,0.996724569023827,0.996725193123231,0.996725278857547,0.996724622868851,0.996723439045434,0.996723231374664
28.7910731986688,7.06496726806525,1.62284630873159,1.02579398976224,1.01843854127852,0.992413534168967,0.957728859168785,0.956074600208336,0.956847021391594,0.950344294993434,0.951826254020522,1.01907966752253,0.963348977758042,0.959948629832158,0.942837352854415,0.961948552987665,0.962897239044574,0.970776869514249,0.988764606306504,0.992892844002456,0.991266677585946,0.988668004784348,0.985324222774278,0.995373506867755,1.02102597855152,1.0197159489381,0.996962106385079,1.02743640644053,1.0175118904194,1.0000983615507,1.01802587446389,1.01941850379563,1.04949099003334,0.98041829786494,0.982488351063962,0.995991302723294,1.00995953117351,1.04800042988437,1.06233097662191,1.02663675315761,1.02527844266575,1.02964176744558,0.996724860302496,0.99672711485324,0.99672648654864,0.996723549722234,0.996722021087504,0.99672392849433,0.996724019969146,0.996724576590606,0.996721826103488,0.996726704248088
28.9249801679485,7.06519731345345,1.62269887326274,1.02580786707892,1.0184553361179,0.99243042188142,0.957743416628538,0.95608809577672,0.956860253202373,0.950357804411567,0.951839828485905,1.01908975338193,0.963361689368841,0.959961618734997,0.942850185936889,0.961961717165301,0.962911859407156,0.970794824665497,0.98878393399595,0.992912107352121,0.991285187519462,0.988689137911131,0.985347495131086,0.995391689954574,1.02104239324944,1.01973215120972,0.996981301501071,1.02744842770729,1.01753263409628,1.00011834794301,1.01805239190822,1.01944596330579,1.0495018500577,0.980427236548057,0.982497518184281,0.996009742525211,1.00998531111382,1.04801453241456,1.06234272685569,1.02664650177235,1.02530586302479,1.02964579237354,0.996725261746446,0.996724777612431,0.996724433273199,0.9967233036891,0.996722217284401,0.996723316892576,0.996723394374698,0.996725048202949,0.996723297656307,0.996729583120626
29.0588871372281,7.06460751756671,1.62264425779074,1.02582752027434,1.01847719237772,0.992455301212547,0.957772976066139,0.956120562106587,0.956893213949259,0.950390256662811,0.951871920206421,1.01911085438647,0.963393409073018,0.959993878828993,0.942881328019307,0.961992933084603,0.962941880965191,0.970822150660887,0.988810287142829,0.992937423394224,0.99131048660397,0.988714523118405,0.985373296460962,0.995416861189753,1.02106548754922,1.0197550083388,0.997007602993314,1.02746445887731,1.01755261357927,1.00014051333687,1.0180714140679,1.01946438823444,1.0495160871873,0.98046169044095,0.982527320567124,0.996032290643295,1.01001179055399,1.04803467756992,1.06235998198727,1.02665996044827,1.02532243465651,1.02965263778891,0.996726361960951,0.996723491531155,0.996723622338395,0.996724697654924,0.996724596027929,0.99672433484863,0.99672439693757,0.996726355552338,0.996726415618445,0.996730925392049
29.1927941065078,7.06380178815205,1.62267690067451,1.02584211168286,1.01849289369935,0.992474698039084,0.957799377154439,0.956151036220185,0.956924459769176,0.950420647881557,0.95190180590421,1.01912951434265,0.963423530841439,0.960024459812201,0.942910679168726,0.96202218091054,0.962968849220024,0.970844107167529,0.988830350301013,0.992956118774226,0.991329531457279,0.988732735442997,0.985390922568906,0.995436232461236,1.02108346177227,1.01977283915122,0.997027698449492,1.02747609309285,1.01756377944117,1.00015486725536,1.01807784266115,1.0194694930576,1.04952634438564,0.980497766706823,0.982557437961262,0.996048738232329,1.01002897333572,1.04805050517268,1.06237384549047,1.02666999001915,1.0253252471313,1.02965816356228,0.996728272992963,0.996726167953762,0.996726396813445,0.996727410391448,0.996727652447087,0.996727130880166,0.996727166211559,0.996728357487168,0.996728961341819,0.996730586621303
29.3267010757874,7.06366682168308,1.62270814725515,1.02584491956275,1.01849608909699,0.992479024045803,0.957805414334146,0.956157951295801,0.956931568206471,0.950427485252295,0.951908500390765,1.01913350246516,0.963430526461487,0.96003150459751,0.942917468740997,0.962028975717606,0.962975135532736,0.970849501065301,0.988835420170082,0.992960553989018,0.991333941910557,0.988737957393877,0.98539618801414,0.995441262554943,1.02108829570494,1.01977770801231,0.997032825258492,1.02747871133984,1.0175657376085,1.00015789247185,1.0180778903738,1.0194690363118,1.04952838105014,0.980506378883114,0.982564786387555,0.996053761674554,1.01003441210732,1.0480548623286,1.06237818595928,1.02667247034997,1.02532399420061,1.02965929115718,0.996730540791646,0.996731537757169,0.996731388643106,0.996730705815952,0.99673064166693,0.996730833700012,0.996730831721378,0.996730584004997,0.996730402239322,0.996729372487982
29.4606080450671,7.06435799892549,1.6226958708796,1.02583454546063,1.01848534251067,0.992465880077218,0.957786959429305,0.956136263781024,0.956909293922695,0.950405796506292,0.951887165902285,1.01912008926257,0.963409368553372,0.960009916168411,0.94289682804744,0.962008491157189,0.962956458643609,0.970835215323785,0.988822862561429,0.99294856823013,0.991321457154866,0.988727753512093,0.985386778910306,0.995429354950794,1.02107750667454,1.01976710058881,0.997020323087571,1.02747100111989,1.01755859593339,1.00014870973257,1.0180739502224,1.01946597793509,1.04952125713305,0.980480178538195,0.982543969781726,0.996045070768895,1.01002587967606,1.04804553936769,1.06237072996645,1.02666613618292,1.02532242046778,1.02965532282487,0.996732425720624,0.996735416424175,0.996734926111237,0.996733661191469,0.996733597125529,0.996733985432495,0.996733961872492,0.996732475336659,0.996731873493355,0.996728576857373
29.5945150143468,7.06514486867418,1.62266844798343,1.02581676497696,1.01846608393109,0.992443138035921,0.957757919671671,0.956103360129512,0.956875691247816,0.950372915545328,0.951854739785739,1.01909923695582,0.963377305085757,0.959977240924151,0.942865428701759,0.961977164510805,0.962926983561003,0.970809976063209,0.98879922470031,0.992926228457104,0.991298840939193,0.988705666990365,0.985364612573047,0.995406769768955,1.02105679182277,1.01974660052899,0.996996726560565,1.02745693695607,1.01754356155927,1.00013060853818,1.01806274069751,1.01945595227008,1.04950855901672,0.980442276367148,0.982513088780885,0.996025686573135,1.01000345385778,1.04802748431017,1.06235532897975,1.02665417330079,1.02531472920853,1.02964883528263,0.996733435545175,0.996735196795119,0.996734915719007,0.996735372977155,0.99673612059135,0.996735413026238,0.996735400683158,0.996733637719863,0.996734051869699,0.996729194165805
29.7284219836264,7.0652233053853,1.62271119815605,1.02580169579454,1.01844787269354,0.992423187315743,0.957737091434444,0.956081875064678,0.956854073461725,0.950351563268425,0.951833586538131,1.0190852227203,0.963356488664308,0.959956068179543,0.942844811929493,0.961956316246972,0.962905802311411,0.970787669528227,0.988776376444788,0.992904399297406,0.991277590323538,0.988680915675384,0.985337664347943,0.995385071318009,1.0210368968553,1.01972683488887,0.996973962407731,1.02744339671418,1.01752452694868,1.00011046742144,1.01804229018302,1.01943552132334,1.04949654612477,0.980420773093074,0.982494629019722,0.99600369198006,1.00997377767214,1.04801013949908,1.06233998062686,1.0266423753097,1.02529536288226,1.02964399867653,0.996733651997962,0.996732575737247,0.996732838976904,0.99673534161122,0.996736926448254,0.996734922994466,0.996734945111665,0.99673399386593,0.996735796915172,0.996731348876298
29.8623289529061,7.06463968334243,1.62279225409901,1.02579615817554,1.01843948771388,0.992415755669766,0.957734422977655,0.95608190305277,0.956854607854945,0.950351682701892,0.951833508514766,1.01908414046064,0.963356734388425,0.959956372672018,0.94284471393849,0.961955816072758,0.962903083567861,0.970779482890707,0.988765945160495,0.992894057354828,0.991268272117521,0.988666460441877,0.985320224569115,0.995375351046684,1.02102799906148,1.01971790322539,0.99696363395898,1.02743673838586,1.01751103649852,1.00009840520858,1.01802306023744,1.01941514947188,1.04949100145185,0.980426183401118,0.982497223725946,0.995990575832117,1.00995276589943,1.04800236158804,1.06233241308552,1.02663626857567,1.02527417019745,1.02964285766962,0.996733622680537,0.996731392724713,0.996731813117755,0.996733969895013,0.996735184002493,0.996733438141339,0.996733493800735,0.996733873107492,0.996735454604439,0.996734313591231
30,7.06413903251898,1.62281475428202,1.02580397837212,1.01844688243107,0.992425152487,0.957748173520477,0.956098254411032,0.956871415891961,0.950368090661882,0.951849667044709,1.01909445587048,0.963372653573198,0.959972635033962,0.942860238022345,0.961971196185686,0.962917028786666,0.970789962356109,0.988775012657388,0.992902465362295,0.991277115070349,0.988673229388662,0.985326001899946,0.995384189686118,1.02103608788161,1.0197258347545,0.996972751014832,1.02744168186418,1.01751460475799,1.00010404465385,1.01802283182639,1.01941387589804,1.04949574502096,0.980446091825316,0.982512947837331,0.995996158094347,1.00995737637037,1.04800930805464,1.06233773733428,1.02663994259312,1.02527113892564,1.02964592090116,0.996733932764741,0.996733334647818,0.996733228442372,0.996732495500117,0.996731987649598,0.996732364686279,0.9967324415376,0.996733855223551,0.996733139919904,0.996737074749783
