time,P_gen_01_MW,P_gen_02_MW,P_gen_03_MW,P_gen_04_MW,P_gen_05_MW,P_gen_06_MW,P_gen_07_MW,P_gen_08_MW,P_gen_09_MW,P_gen_10_MW,Q_gen_01_Mvar,Q_gen_02_Mvar,Q_gen_03_Mvar,Q_gen_04_Mvar,Q_gen_05_Mvar,Q_gen_06_Mvar,Q_gen_07_Mvar,Q_gen_08_Mvar,Q_gen_09_Mvar,Q_gen_10_Mvar,V_bus_01,V_bus_02,V_bus_03,V_bus_04,V_bus_05,V_bus_06,V_bus_07,V_bus_08,V_bus_09,V_bus_10,V_bus_11,V_bus_12,V_bus_13,V_bus_14,V_bus_15,V_bus_16,V_bus_17,V_bus_18,V_bus_19,V_bus_20,V_bus_21,V_bus_22,V_bus_23,V_bus_24,V_bus_25,V_bus_26,V_bus_27,V_bus_28,V_bus_29,V_bus_30,V_bus_31,V_bus_32,V_bus_33,V_bus_34,V_bus_35,V_bus_36,V_bus_37,V_bus_38,V_bus_39,f_gen_01,f_gen_02,f_gen_03,f_gen_04,f_gen_05,f_gen_06,f_gen_07,f_gen_08,f_gen_09,f_gen_10
0,247.352261273966,699.116952392246,672.468436689094,653.082058117456,517.001575315051,646.130159821521,525.643122908954,535.987289333204,821.977002538217,950.42814425992,178.514463804071,156.180960293536,138.262339677886,44.6487567663441,137.308386721733,221.895608855346,188.546916430546,13.8484055552004,43.6269834569362,226.716692479406,1.02689619675705,1.02001666624597,0.99447483961839,0.960052914488354,0.958759194400415,0.959595583265732,0.953428280202794,0.95459830027182,1.02020748978919,0.965720464430389,0.96248971145941,0.945223402898302,0.964270555325827,0.965187824060215,0.973078921276371,0.991037183180515,0.995070011903285,0.993422115057645,0.990604030237737,0.987464309584295,0.997579428206033,1.02295995468122,1.02167673627957,0.999263896725713,1.02837994251279,1.01926682520478,1.00205421142613,1.01980305097993,1.02109290474891,1.04990032627657,0.982000407484284,0.984100409692964,0.997200872807602,1.01230087613236,1.04940108840344,1.06360108401266,1.02750044803667,1.02650102943883,1.0300000719806,60,60,60,60,60,60,60,60,60,60
0.2,247.352147745071,699.116875730087,672.468339706033,653.081739041182,517.001256606137,646.130016465863,525.643241488003,535.987282931208,821.976581197761,950.431725245661,178.514127017439,156.180854278296,138.262193264818,44.6484893727895,137.308618915998,221.895644835238,188.546756533802,13.8483873878241,43.6269131685302,226.715712880076,1.02689634378284,1.02001685759086,0.994475040116049,0.960053108719427,0.95875938752272,0.959595776101752,0.953428472315214,0.954598491454614,1.02020762188374,0.965720652071003,0.962489901630435,0.945223589244182,0.964270745017948,0.965188021132473,0.973079138955677,0.991037411654313,0.99507023484134,0.993422330404824,0.990604276065881,0.987464585016073,0.997579651095649,1.02296017059666,1.0216769419533,0.999264124040779,1.02838009875034,1.01926704806138,1.00205443309992,1.01980331134105,1.02109317049967,1.04990045693871,0.982000579005199,0.984100570900671,0.997201083025544,1.01230119020072,1.04940130699953,1.06360124211743,1.02750060259845,1.02650129160951,1.03000011870622,59.9999979038618,59.999997571694,59.9999975493403,59.9999970162923,59.9999967670842,59.9999973615192,59.9999974020685,59.9999976695916,59.9999969668573,59.9999987836974
0.4,247.352218092851,699.116723760728,672.468164854075,653.081361639069,517.000884414698,646.129809866064,525.643137139853,535.987186002709,821.976092568697,950.435484704017,178.513762703417,156.180753131528,138.262044059416,44.6482250024715,137.308789170982,221.895577278759,188.546543677481,13.8483413713596,43.6268219703308,226.714758639993,1.02689648089711,1.0200170221294,0.994475214203374,0.960053285264132,0.958759568883695,0.959595957779237,0.953428654400047,0.954598673034264,1.02020775024188,0.965720825861157,0.962490078889232,0.94522376174441,0.964270919399559,0.965188199058754,0.97307932626899,0.991037604366685,0.995070424180451,0.993422515063769,0.990604478408985,0.98746481063787,0.997579833734196,1.02296033924555,1.02167710315841,0.999264314759182,1.02838021901172,1.01926723217719,1.00205461843999,1.01980352857608,1.02109339171522,1.04990055558314,0.982000744034681,0.984100719918018,0.997201250466193,1.01230144479778,1.04940146607249,1.06360134982795,1.02750071619575,1.02650150633936,1.03000016337049,59.9999957145334,59.9999955577163,59.9999955509847,59.9999950637978,59.9999946636475,59.9999952629817,59.9999951590603,59.9999956783764,59.9999950999276,59.9999970049888
0.6,247.35190462781,699.116568182073,672.468013607168,653.081187704122,517.000629309251,646.129569637328,525.642814456399,535.987081091968,821.975900788041,950.437540087147,178.513622771089,156.180693553986,138.261969631768,44.6480807357574,137.308816669092,221.895462063568,188.546354615397,13.8483055509414,43.6267205643762,226.714392626111,1.02689652586455,1.02001704629394,0.994475239185839,0.960053319651259,0.958759612541999,0.959596001863173,0.953428701879723,0.954598721623847,1.02020779355855,0.965720861934769,0.962490118067935,0.945223797966544,0.964270954063293,0.965188230987169,0.973079348359209,0.991037621773341,0.995070441989751,0.993422536206915,0.990604487500228,0.987464827011134,0.997579844401366,1.022960337746,1.02167709880461,0.999264330623479,1.02838021859646,1.01926723232162,1.00205462629739,1.01980351649809,1.02109337440733,1.04990055784362,0.982000780813263,0.984100745404836,0.997201240088831,1.01230146760403,1.04940145199876,1.06360130764405,1.02750070980737,1.02650147541243,1.03000017857566,59.9999940338879,59.9999943974097,59.9999944514378,59.9999946360277,59.9999944932387,59.9999943612691,59.9999942497888,59.9999944082486,59.9999949527771,59.9999943586762
0.8,247.351644502021,699.11655373899,672.46804441793,653.081286728971,517.000719945857,646.129526212919,525.642776165619,535.98704469732,821.976188999109,950.434923998617,178.513910467193,156.180710399892,138.262054035867,44.6481487675236,137.308688158259,221.895491666939,188.546381008994,13.8483715662576,43.6266753165716,226.715283095974,1.02689638912936,1.02001684293784,0.994475020133488,0.960053104706681,0.958759400236745,0.959595788849726,0.953428494064471,0.954598516570043,1.02020766358892,0.965720649152829,0.96248990465261,0.945223588050834,0.964270739573376,0.965188010297433,0.973079105652974,0.991037366929576,0.99507019283339,0.993422297824962,0.990604210848697,0.987464538640993,0.997579594018811,1.0229600920912,1.02167685351485,0.999264074901395,1.02838004290673,1.01926696898686,1.0020543707611,1.01980319076653,1.02109303516246,1.04990040987001,0.982000570674875,0.984100548431793,0.997200971921189,1.01230116063239,1.04940121508332,1.0636010753349,1.02750054732654,1.02650112277428,1.03000013409431,59.9999934559826,59.9999937660327,59.9999938740924,59.9999944662808,59.9999949130723,59.9999943494354,59.9999944671441,59.9999936918416,59.9999948530335,59.9999918043979
1,247.351919448914,699.116650101119,672.468208792161,653.081399449671,517.000997704739,646.129856362282,525.643092250139,535.987115098243,821.976456109469,950.428913480958,178.514465299017,156.18077075031,138.262231281765,44.648332965707,137.308465454197,221.895634079564,188.546577690938,13.8484934426564,43.6266901016509,226.717022777616,1.02689613197341,1.02001650365959,0.99447465088492,0.96005272883502,0.958759018711514,0.959595405388814,0.953428116387122,0.954598142528851,1.02020741569325,0.965720272081748,0.962489524218583,0.945223215958439,0.964270361507435,0.965187625896465,0.973078694472808,0.991036940258187,0.99506978189358,0.993421901286815,0.990603758590716,0.987464063594078,0.99757917147838,1.02295968149004,1.02167644552061,0.999263645090658,1.02837976212162,1.0192665756457,1.00205397218291,1.01980273929526,1.02109257282773,1.04990017057094,0.982000194217386,0.98410020178925,0.997200544261644,1.0123006520705,1.04940082684498,1.06360071622983,1.02750028868048,1.0265006552755,1.03000005001758,59.9999929154556,59.9999930308482,59.9999931528418,59.9999937866105,59.9999943446027,59.9999939661539,59.9999939609786,59.9999929808452,59.9999937595388,59.9999905544695
1.00057336886188,236.228680693504,686.756578177661,659.743334850513,649.680787780485,516.380869651466,642.82478880114,522.907655814032,533.124534391845,820.795824843278,919.600346731584,175.452622658255,156.103279262859,135.974605972368,42.4291521549772,137.044459568501,219.639341061795,186.18425095226,12.3735171122891,41.9460439575049,222.566071577845,1.02773441731466,1.02183454524837,0.996986947941422,0.963407139534945,0.962813443725584,0.963834219290202,0.957756161619938,0.958520572927559,1.02161292314912,0.969631409024432,0.966537807515529,0.949044355944958,0.968012318682626,0.968567216655886,0.975811916254728,0.993505029518508,0.997483387151124,0.995877939269492,0.992769450124974,0.989552313016905,0.999881933995099,1.02502794394943,1.02372158307754,1.0017086732603,1.03001538435617,1.0212859607661,1.00425562430787,1.02167193246355,1.02288340677924,1.05123392084647,0.98682724385705,0.987916074123638,0.999075943047454,1.0143142518995,1.05117030056567,1.06509111203767,1.02888383830529,1.02806447087649,1.03034080866475,60.0001067998932,60.0001684460173,60.0001459995168,60.0000449147848,60.000004597351,60.0000348041225,60.0000385139249,60.0000436361898,60.0000084709572,60.0000170676972
1.00130141443886,237.071455006129,686.718564282724,659.692774184209,649.631111870725,516.363277244904,642.77222270482,522.867891614087,532.967480997558,820.723771601098,919.311708455199,175.337648416557,156.107845679249,135.972968685964,42.4154103403329,137.051467630029,219.629677959923,186.167486412457,12.3964421256432,41.9537946492858,222.597869175591,1.02772742634868,1.02183273229225,0.996990853237156,0.963416425552747,0.962823412981877,0.963844536433525,0.957765223057941,0.958529067608921,1.02161490799824,0.969642821902901,0.966548854897624,0.949055345331309,0.968023669880519,0.968578161498681,0.97582332254364,0.993516794054731,0.99749263696995,0.995885340303762,0.992782503136153,0.989566238183647,0.999894318838539,1.0250400521687,1.0237334021291,1.00172079665294,1.03000527049226,1.02129132252049,1.00426260365793,1.02168554018734,1.02289888530129,1.05120724424609,0.986840511086704,0.987928575488826,0.999087376744887,1.01432930938179,1.0511815119975,1.06509961957152,1.02888206837568,1.02808206703199,1.03033980428862,60.0002459279408,60.0003915251525,60.0003404643393,60.0001103096448,60.0000178006973,60.0000870711062,60.0000954967927,60.0001097212759,60.0000277211829,60.0000508909583
1.00202946001584,237.781177641764,686.687608226659,659.651400722943,649.589586216733,516.348367427774,642.728025046603,522.834464943696,532.835440161689,820.66303736266,919.067418709617,175.241205094868,156.112053242442,135.971950814415,42.4039105403398,137.05770319526,219.621482042219,186.153453006528,12.4156463527851,41.9603681087398,222.624611502034,1.02772156419126,1.0218312879769,0.996994246305503,0.963424331402459,0.962831878131599,0.96385329583998,0.957772914573905,0.958536277572919,1.02161659277601,0.969652521793793,0.966558240536487,0.949064684099124,0.968033318567192,0.968587475431213,0.975833071830673,0.99352686678298,0.997500574454542,0.99589170431897,0.992793732964441,0.98957824229834,0.999904912953259,1.02505041291466,1.02374352488803,1.00173117347713,1.02999684493634,1.02129598695992,1.00426862952769,1.02169718296828,1.02291211171497,1.05118484526286,0.986851798977724,0.9879392316374,0.999097252332052,1.01434232187514,1.05119110655596,1.06510696983105,1.02888064950021,1.02809708741294,1.0303389637732,60.0003749634044,60.0006152257335,60.0005356290267,60.0001765745369,60.0000313453336,60.0001400968893,60.0001532360031,60.0001790544265,60.0000480220862,60.0000850052164
1.00328210549117,238.754351044222,686.647718688003,659.597547940926,649.533333126451,516.327642838773,642.667526970574,522.788739387661,532.654920648598,820.579564259749,918.729451006802,175.109589397595,156.118607397921,135.971366703065,42.3883022849622,137.067022176949,219.610123966808,186.134396096044,12.4417786848321,41.9694961859835,222.661313259695,1.02771359043145,1.02182957516146,0.996999158672441,0.963435349294594,0.962843611915435,0.963865433555276,0.957783566002684,0.958546259867682,1.0216189134139,0.969665990021351,0.9665712630397,0.949077648991775,0.968046721270956,0.96860044435908,0.975846756451049,0.993541049467804,0.997511798599523,0.995900739424515,0.992809662766394,0.989595325826796,0.999919807341322,1.02506498541028,1.02375778288151,1.00174577699411,1.02998555047204,1.02130274219877,1.00427724212327,1.02171357961383,1.02293069686594,1.05115461742244,0.986867482923819,0.987954091245484,0.999111343778271,1.0143609139654,1.05120460378166,1.06511745951995,1.0288788911788,1.02811815311358,1.03033781874868,60.0005781524661,60.0010012141233,60.0008726679841,60.0002921916828,60.0000552934884,60.0002327432845,60.0002539866158,60.0003043882989,60.0000849141554,60.0001442478368
1.00653815446901,240.314745024801,686.59836049016,659.527291107732,649.446487067568,516.29230532151,642.570486453556,522.715673394414,532.368217660822,820.443927422944,918.169626692915,174.899897853424,156.132821513452,135.974546546718,42.3640535993826,137.086043995403,219.591404657111,186.104719534583,12.4828529347463,41.9848490208001,222.721387584398,1.02770095374179,1.02182766792291,0.99700800068571,0.963453535668362,0.962862635693111,0.963885094302829,0.957800754107567,0.958562341241743,1.02162245733387,0.969688006853211,0.966592485120268,0.94909883101518,0.968068673045772,0.96862187550728,0.975870082274193,0.993565508822327,0.997531321228924,0.99591653972975,0.992837812173267,0.989625831237908,0.999945430846281,1.02509011215876,1.02378246014861,1.00177094151205,1.02996838457844,1.0213152334375,1.00429264967386,1.02174203348126,1.02296277948062,1.05110703450091,0.986893098758199,0.98797871727945,0.999136642235338,1.01439451723512,1.05122790940312,1.06513626778751,1.02887679266407,1.028154365809,1.03033596337179,60.0010326407972,60.0020081246025,60.0017529614826,60.0005988187674,60.0001201756481,60.0004790850637,60.0005213550578,60.0006536500943,60.0001885617892,60.0003004318716
1.00979420344684,241.013100772283,686.600717065728,659.522307664448,649.412453341128,516.272274428837,642.52613703767,522.682899707515,532.24423397053,820.379328695042,917.888133413321,174.806563927927,156.144270626575,135.98210937783,42.3543030133738,137.100931942991,219.582419327686,186.092658687873,12.5002408615913,41.9929677301927,222.751754811456,1.02769533984883,1.02182776176394,0.997013075752133,0.963461939369186,0.962870832332518,0.96389353521158,0.957807986691882,0.958569044067323,1.02162343162504,0.969697856828173,0.96660185286121,0.949108289554875,0.968078584511682,0.968631903442448,0.975882298927709,0.99357882407784,0.997542127622921,0.995925321923312,0.992854190429272,0.989644076385161,0.999959344369364,1.02510386312035,1.02379608355179,1.0017846291145,1.02996187436222,1.02132320058473,1.00430178372744,1.021758041031,1.02298062420603,1.05108645369712,0.986904372229569,0.987990232449871,0.999151882396776,1.01441522153183,1.05124073366161,1.06514751705248,1.02887675722428,1.02817433165877,1.0303350194004,60.001421448555,60.003016928077,60.00263579489,60.0009105894173,60.0001876578458,60.0007303801684,60.0007936005202,60.0010235478373,60.0002992926023,60.0004586704251
1.01447144628665,241.417875465907,686.649336112613,659.569426321282,649.400277141926,516.250933535079,642.496713394911,522.662651532668,532.180382933309,820.332367199249,917.663306505115,174.753483242468,156.158047056903,135.996522534358,42.3502899286252,137.120773111097,219.576588597602,186.087435751835,12.5091045489539,42.0001190667341,222.779381061829,1.02769180398587,1.02182920682619,0.997017286257403,0.963465995188537,0.962873453205367,0.963896159414877,0.957809824595763,0.958570559358509,1.02162208939943,0.969701936066934,0.966605427198518,0.949112177776223,0.96808293635255,0.968637148221261,0.975891604365277,0.993589977310575,0.997551365855709,0.995932743311957,0.992869618750956,0.989662064155959,0.999971059974985,1.02511564520947,1.0238078912206,1.0017961139479,1.02995983358031,1.02133164430024,1.00431052452405,1.02177291119943,1.02299697706665,1.05107647084491,0.986908261432796,0.987995887525446,0.999166847900699,1.01443654499781,1.05125186880854,1.06515833383192,1.02887800103719,1.02819244061624,1.03033406795243,60.0019338544665,60.0044630970988,60.0039018522829,60.0013612381856,60.0002873851986,60.0010950639635,60.0011881571818,60.0015684541841,60.0004640202853,60.0006877527305
1.01914868912646,241.542440443068,686.729971573135,659.652344741931,649.405287610614,516.22932618215,642.480636289663,522.653606495715,532.171332893981,820.302721440184,917.506398847264,174.738749517024,156.169694724852,136.013194393535,42.3508710370147,137.14143878035,219.574431004594,186.087726039189,12.5107692915572,42.0057696115967,222.80491173936,1.02768985450663,1.02183050248408,0.997019201916486,0.963464739274739,0.962869793048848,0.963892257205563,0.957805669793319,0.958566333797478,1.0216183182483,0.969699328028753,0.966602367271189,0.94910962480817,0.968080793886398,0.968636553292478,0.975896342236461,0.993597035878475,0.997557242989281,0.995937156268484,0.992881303656694,0.989676513157351,0.999978678481352,1.02512356949009,1.02381592260589,1.00180344884939,1.02996066738591,1.02133864355168,1.00431701142939,1.02178446870693,1.02300960206687,1.05107417648084,0.986903592497916,0.987994312362298,0.999178613380616,1.01445453373437,1.05125955405302,1.06516651875631,1.028879442542,1.02820637983105,1.0303330323036,60.0024240995856,60.0059017749176,60.0051614757855,60.0018122751053,60.0003900091591,60.0014620224895,60.0015846020304,60.0021186191383,60.0006326343023,60.0009181740477
1.02674866189406,241.603975463039,686.906029969092,659.832767149313,649.422028994466,516.184139150294,642.454155179564,522.640976306805,532.188021887577,820.252325437386,917.242790728956,174.736686523374,156.185084437827,136.042913934959,42.3539033265487,137.179524814513,219.573721878446,186.090601606956,12.5107681998766,42.0158125003208,222.859876484095,1.02768627159184,1.0218316790788,0.997019406170299,0.963456054323899,0.962855463949628,0.963877180613111,0.957790682194748,0.958551479144139,1.02160793403865,0.969686550343384,0.966588790693345,0.949097258177202,0.968069166161049,0.96862864023722,0.975899962192173,0.993605582308461,0.997564201506557,0.995941593803405,0.99289855020989,0.989699033551356,0.999988449788229,1.02513418441456,1.02382671044112,1.00181250822146,1.02996278538792,1.0213495131937,1.00432614929105,1.02180305741538,1.02303001051547,1.05107479272047,0.98688426520825,0.987982454621864,0.999196225920749,1.0144836777881,1.05127019090106,1.06517813727025,1.02888121736729,1.02822906367704,1.03033058125394,60.0032079235382,60.0082152756881,60.0071870952325,60.0025428554483,60.0005640798867,60.0020617256956,60.0022309623511,60.0030116625356,60.0009132031877,60.0012949782992
1.03733936622372,241.631831639498,687.230649670529,660.16092490714,649.448419028968,516.096070132642,642.402397829761,522.616691823951,532.231881323548,820.158005230371,916.780967801059,174.747667052357,156.199705459321,136.088496523203,42.3585421409082,137.243021594354,219.575834405202,186.094884762641,12.5116144423686,42.0336333032164,222.972913191455,1.02767833608229,1.02183013124247,0.997014273294303,0.963432550119028,0.962820795188992,0.963840840639179,0.957755174442187,0.958516521478009,1.02158521560658,0.969654081337216,0.966554988464781,0.949065913214756,0.968039082082969,0.968606048921494,0.975899348375295,0.993614253741164,0.997570639867727,0.995943711290849,0.992922024274136,0.989731617727146,0.999999654856005,1.02514721047515,1.02383989448604,1.00182212297346,1.02996392546659,1.02136457352991,1.00433741828542,1.02183178186675,1.0230619633877,1.05107493521498,0.986836566642797,0.987949953783163,0.999220251255527,1.01452747651442,1.05128386302895,1.06519277663008,1.0288816563922,1.02826507442874,1.03032529459527,60.0042913826537,60.011373414199,60.0099530084652,60.0035546042706,60.0008269949164,60.0029062298854,60.0031368267042,60.0042461832902,60.0013207849103,60.0018258227448
1.05124600279666,241.665208729705,687.785772990486,660.714345862695,649.481384668369,515.936096390187,642.3042641533,522.569127112816,532.306251245962,819.985222030794,915.98104954291,174.773612071287,156.206893284912,136.1546181901,42.3638373026577,137.344413226554,219.582748089119,186.099326342142,12.5169489255988,42.0645499055017,223.187963125219,1.02766200241375,1.0218224229158,0.996998500735407,0.963382985014693,0.96275100736298,0.963767814341815,0.957684329168614,0.958446966385242,1.02154138139157,0.969587381819621,0.966486128975932,0.949001594550616,0.967976846944955,0.968557558977002,0.975889771894297,0.993621005424905,0.997574205277133,0.995940066940963,0.992952843468721,0.989777429108836,1.00001117802759,1.02516217477518,1.02385490712034,1.00183052967718,1.02996108369297,1.0213844954677,1.00435016532761,1.0218754693878,1.02311127096519,1.0510715457298,0.986739535215448,0.987881022829631,0.99925169133191,1.01459143088233,1.05130060757902,1.06520989156494,1.02887844361492,1.02832145867171,1.0303149968669,60.0057057119547,60.0153684916196,60.0134555267888,60.0048715594307,60.0012219423442,60.0040373084918,60.0043395962105,60.005841676994,60.0018962137087,60.0025360289094
1.06515263936959,241.70061805772,688.476790864714,661.396158556091,649.510717948003,515.729104647306,642.175311180824,522.504995561139,532.396785547856,819.760024376568,914.970489062087,174.811751249738,156.200444369544,136.22699781464,42.3683889255084,137.464705958966,219.594006269048,186.102872122186,12.5271962292248,42.1038106717083,223.475981757686,1.02763908314797,1.02180830460468,0.996972667783025,0.963312997026633,0.962654825851491,0.963667267982296,0.957587144663478,0.958351687253016,1.02148230037979,0.969494498175108,0.966390646377524,0.948912070997259,0.967889860432073,0.968488503046161,0.975870361321187,0.993622335987897,0.997572105023535,0.995929127978727,0.992983191904136,0.989825962971388,1.00001879545258,1.0251743444067,1.02386697859309,1.00183394942486,1.02995323839936,1.0214041863987,1.00436031080364,1.02192518938604,1.02316810365227,1.05106393786296,0.986605108314899,0.987783531299043,0.999282576245962,1.01466170049865,1.05131553465229,1.06522436598095,1.02887093753312,1.02838727943679,1.03030101802564,60.0071104647976,60.0191482629242,60.0167765814575,60.0061761241629,60.0016904229064,60.0052019385718,60.0055631436984,60.0074014459614,60.0025315709818,60.0032651095037
1.08427630085238,241.753668728824,689.621838910214,662.51620811498,649.542221893708,515.377066762279,641.957851145159,522.394046973239,532.542650414997,819.374944942236,913.265820077091,174.883360763828,156.169770944078,136.334706619812,42.3740715791319,137.656768993309,219.615934603859,186.107660646007,12.5491376627675,42.1705552041382,223.982553194818,1.02759738404968,1.02177873455197,0.996921440311873,0.963185798787394,0.962482827144448,0.963487596328694,0.957413870180203,0.958181954673027,1.02137809283464,0.969327322497132,0.966219253952115,0.948750976148835,0.967732903187831,0.968362333167855,0.975828068408911,0.993614975626101,0.99755976621867,0.99590231493497,0.993022959812867,0.989895284297242,1.00002221012914,1.02518562256537,1.02387796653122,1.00183006189304,1.02993442898865,1.02142991721163,1.00436938297248,1.02200130814856,1.0232561896542,1.05104676926695,0.986364061871236,0.987606477097514,0.999323049752472,1.01476600367109,1.05133201483483,1.06523938966319,1.0288538177384,1.02849058114693,1.03027620326224,60.009025043476,60.0239092801634,60.0209789661014,60.0079527781731,60.0024886392345,60.0068736958116,60.0072906225895,60.0094757014113,60.0035315566353,60.0043066222523
1.10339996233517,241.814285459582,690.95514785792,663.810622263428,649.560339677999,514.959703743852,641.707367381024,522.26269543798,532.706245220762,818.916567149153,911.235433951163,174.976046280439,156.115441607695,136.449856231517,42.3800583457321,137.874156444179,219.644830330145,186.114190927877,12.5799828155175,42.2509654600167,224.60552148668,1.02754465371476,1.0217378414362,0.996853056748793,0.963026088280067,0.962269478833946,0.963264876490611,0.957199375225497,0.95797194861857,1.02124992513297,0.969119074423354,0.966006141203478,0.948550303603405,0.967536995391431,0.968203339525869,0.975768410552655,0.993596594785389,0.997536270949809,0.995862115575908,0.993058909158511,0.989965150768022,1.00001663145548,1.02518950605041,1.02388147882182,1.00181570768939,1.02990654277392,1.02145276972815,1.00437197254867,1.02208350189262,1.02335253368451,1.05102204749402,0.986064779639138,0.987384776400995,0.999359822513649,1.01487571042318,1.05134252757868,1.06524809461925,1.02882914820469,1.02860507991608,1.03024547503121,60.0109174361827,60.0280801882967,60.0246920334661,60.0097142004383,60.0034987052046,60.0086399921044,60.0090802581332,60.0114571501072,60.0047058978264,60.0054016659862
1.12252362381796,241.885327908027,692.428917729555,665.23259556266,649.562311064837,514.493828120399,641.441125620201,522.119020203769,532.878965592368,818.403809561849,908.930304266413,175.087846579731,156.039628423012,136.569452317888,42.3874273282186,138.109581003198,219.679942239026,186.124558809759,12.6192033264565,42.343062167781,225.327864149253,1.02748209448901,1.02168651527414,0.996769320465743,0.962838862396401,0.962021608748527,0.963006269055227,0.956950486204819,0.957728320512005,1.0211016476724,0.968876520794784,0.965758203439699,0.948316540262152,0.967308463278901,0.968016519095003,0.975692846498893,0.993567183584429,0.997501800170152,0.995809308281356,0.993089460235391,0.990032817706099,1.00000146462276,1.02518504589092,1.02387667890932,1.00179069148325,1.02987017391806,1.02147137477208,1.00436739186422,1.02216827074683,1.02345315464403,1.05099029307087,0.985717215739376,0.987125927325384,0.999391481365991,1.01498673581085,1.0513458482433,1.06524996124911,1.02879758591585,1.02872625686354,1.03020967812041,60.0127841476771,60.0315819515087,60.0278534424343,60.0114673570842,60.0047518244531,60.0105101499,60.0109402464605,60.0133373064916,60.0060807063627,60.0065588366005
1.14164728530075,241.969415502146,693.990907135112,666.73148332426,649.54647234704,513.997822751463,641.177168633959,521.971968494069,533.051941616052,817.857643410932,906.406697509191,175.216513251128,155.945682708403,136.690806852466,42.3973931931385,138.355255799308,219.720690785009,186.140917511533,12.6661037950386,42.4446089226491,226.13049830517,1.02741108039378,1.02162583243652,0.996672369487649,0.962629830480579,0.961746967427457,0.962719900344805,0.956674942325308,0.957458608148596,1.02093760154498,0.968607356103781,0.9654832752735,0.948057063124714,0.967054508001624,0.96780759136828,0.975603180571787,0.993526923323213,0.997456721685122,0.995744912059507,0.993113052071444,0.99009545907335,0.999976275728535,1.02517143857784,1.02386286821656,1.00175499857499,1.02982608177354,1.02148433219873,1.00435501833014,1.02225182863488,1.02355372484394,1.05095216060244,0.985332704749284,0.986838474827453,0.999416645200586,1.01509480266798,1.05134090423772,1.0652445918794,1.02875992866641,1.02884917013245,1.03016976606472,60.0146207833332,60.0343592258592,60.0304202866974,60.0132203539754,60.0062694280337,60.012486104059,60.012874168054,60.015112817241,60.0076736994387,60.0077851900356
1.16077094678354,242.068677978434,695.586556439219,668.254849672244,649.512612405886,513.49107072842,640.933436309033,521.831009491628,533.216661916528,817.300439089729,903.724531922117,175.359376167946,155.837738378137,136.811259970859,42.4111588603136,138.603070241623,219.766500268612,186.16526777988,12.719737117591,42.55298556397,226.992209901972,1.02733318493193,1.02155711116531,0.996564739681696,0.962405410488855,0.961454183324812,0.962414810943786,0.956381350583947,0.95717119426002,1.0207626121583,0.968320157611617,0.965190083477067,0.947780099845664,0.966783172358025,0.96758300049307,0.975501662483605,0.993476322392209,0.99740171595242,0.995670290033029,0.993128314334457,0.990150383134274,0.999940940643852,1.02514817431464,1.0238396291594,1.00170893654021,1.02977525636243,1.02149037814494,1.00433444321544,1.02233034811918,1.02364982880472,1.05090847306631,0.984923856671771,0.986531928418038,0.999434113180138,1.01519570654177,1.05132691420025,1.06523181221543,1.02871714299757,1.02896871935098,1.0301268088234,60.0164221733123,60.0363820236316,60.0323703108509,60.0149817922518,60.0080624662437,60.0145622721734,60.0148806080769,60.0167854546897,60.0094934781243,60.0090861142485
1.18579898574749,242.223712448872,697.631189651557,670.195515489371,649.444209007651,512.846006397654,640.674101267916,521.672411838567,533.407010351999,816.594641110219,900.082580756958,175.562046932735,155.682960273864,136.962217429929,42.4366655900908,138.916269878911,219.832781494464,186.211953285154,12.7977612598366,42.69961853227,228.168047002805,1.02722402962628,1.02145791982997,0.996413072410057,0.962100991382971,0.961060217057823,0.962004639800065,0.955986413362393,0.956784438854285,1.02052638564317,0.967933580172736,0.964795590511429,0.9474070872945,0.966417358037562,0.967278025281003,0.975355878205818,0.993396276105455,0.997316783659464,0.995560438932107,0.993134049231598,0.990206633831946,0.999880056544652,1.02510312077391,1.02379507924866,1.00163443967681,1.02970088198723,1.02148626805606,1.00429514265475,1.02241927680713,1.02376155274268,1.05084474343439,0.984376195168977,0.98612011634494,0.999443918551986,1.01531032395217,1.05129442311849,1.06520422274568,1.02865548316915,1.02911147831949,1.03006809135302,60.018716415666,60.0378892635539,60.033993802362,60.0173139255218,60.0108224155387,60.0174066380052,60.017603228205,60.0188315211595,60.0122134654771,60.0109072255928
1.21082702471143,242.406634796856,699.520635357655,671.976297214878,649.35491994409,512.258029022808,640.509172261319,521.560194337291,533.557016303022,815.958047127733,896.413553526721,175.777589861421,155.526640032314,137.104726913233,42.4733718234364,139.20251947257,219.906127779714,186.27848818361,12.8825736540297,42.8469894917404,229.357587838415,1.02710978812948,1.02135079016065,0.996254156542312,0.961796949632285,0.960670818268302,0.961599727310138,0.955596088210448,0.956401962121105,1.02029131469559,0.967551580313367,0.964405878590239,0.947038161312783,0.966055085736906,0.96697312871665,0.97520007008884,0.993301899839465,0.997218748458448,0.995439600564777,0.993121264404107,0.990240305751361,0.999802932723393,1.02504127578269,1.02373436190419,1.00154485118848,1.02961959362378,1.02146618538222,1.00424119138283,1.02248516370951,1.02384883280723,1.05077525093372,0.983838965637969,0.985714910165146,0.999436885366505,1.01539748436515,1.05124528330677,1.06516444358241,1.02858919315114,1.02922883098523,1.03000860628759,60.0209272396493,60.0381622586691,60.0346152418484,60.0196895293972,60.0140237208911,60.0203535360404,60.0204097290614,60.0207384223528,60.0152909237976,60.012865322672
1.24528635169468,242.698374748643,701.675077389067,673.986635050677,649.224291405341,511.617027383778,640.480913148018,521.514812348651,533.685201525575,815.2833507026,891.570726552708,176.076307476505,155.324392975271,137.269517637932,42.5433757305655,139.520675714933,220.012963281027,186.403144547306,13.0012540367299,43.0336649395372,230.904650764709,1.02695371555986,1.02120001274841,0.996040122945699,0.961413228013131,0.960186351032539,0.961096957075536,0.955110216257718,0.955925267277996,1.01999467432723,0.967077089056756,0.963921786848852,0.94657921986559,0.96560369866442,0.966588111183747,0.974985954328777,0.993157820155294,0.99707192581524,0.995267442033807,0.993074280834945,0.990245691315303,0.999677123471612,1.02493388118837,1.02362960512194,1.00140541633438,1.02950478964775,1.02141303301114,1.00414750944236,1.0225282587485,1.02391651657668,1.05067643619259,0.983179858164649,0.985215544084129,0.999400577028591,1.01546289904675,1.05115431743367,1.06509418107833,1.02849706914132,1.02933290960783,1.02993135514501,60.0238112225606,60.0367857906044,60.0340534528977,60.0230447207586,60.0190333371853,60.0244578004861,60.0243279751483,60.0232011969724,60.0200018282229,60.0157807580881
1.27974567867793,243.016973855237,703.12240814095,675.3118907608,649.119039087223,511.235601203557,640.699996447602,521.618451094493,533.720858910066,814.916432622997,887.232291467533,176.365969264843,155.173600627193,137.403032226292,42.6403386400484,139.727146200678,220.126451750245,186.56647461834,13.1161914984161,43.1916851166994,232.262120364299,1.02680605265088,1.02105146244205,0.995842838393273,0.96109541052852,0.959795336298796,0.960692727179624,0.954717541492731,0.955539028700429,1.0197481898666,0.966695626388389,0.963532461502833,0.946209152939658,0.965238679710447,0.966269118009252,0.974783614283515,0.99300276010365,0.996916865660807,0.995096179507459,0.992991218926895,0.990197201883003,0.999532894148079,1.02480427993064,1.0235037729172,1.00125239763692,1.02939174241707,1.02132803016006,1.00403245343083,1.02250464043262,1.02390966988435,1.05057808179206,0.982663146994789,0.984821089055946,0.999331785261964,1.015453733942,1.05103959010567,1.06500875178606,1.0284078056966,1.0293539168595,1.0298637968285,60.0264904412014,60.0338406655004,60.0322264923763,60.0264875697353,60.0245372140036,60.0284558075971,60.028188277032,60.0255575399283,60.0250763589722,60.0189327523423
1.32755490343959,243.449703886601,703.740317748445,675.825325286146,649.106256437731,511.228656280921,641.380685358255,522.021932713332,533.656294113593,815.01836636952,882.506904418326,176.710475546404,155.072790204201,137.506090557784,42.8137023175334,139.788557453198,220.280667350422,186.838043567613,13.2472877120974,43.3296615270515,233.616890720336,1.02663566365819,1.02087073984224,0.995630740647925,0.960823654731244,0.95948257182248,0.960372985228676,0.954401865493434,0.95522614774794,1.01953379094279,0.966394622123455,0.9632246242852,0.945914566782426,0.964945979372671,0.965996691125983,0.974558798893138,0.992795678368524,0.996713871616157,0.994888852409129,0.992829029614251,0.990047363134801,0.999326723556871,1.02461000842768,1.02331592347931,1.00104343915272,1.02925726683909,1.02116915560604,1.0038553370664,1.02235929731934,1.02377099195224,1.05045682596528,0.982287330240518,0.984526482981244,0.999194015928622,1.01531729758488,1.05086150362877,1.06488123525073,1.0283025802074,1.02923407134903,1.02979740130565,60.0298573918377,60.028481418834,60.0286656411841,60.0313035563061,60.0324083259471,60.0334650473627,60.0331457339159,60.0288118701391,60.0321937302737,60.023629339637
1.38943356206429,243.85902526234,702.158512826509,674.253882635925,649.434929475662,512.102025203881,642.648687649255,522.88382975045,533.499778052422,816.145540501105,879.136251723405,177.028454849653,155.183957611768,137.530970599244,43.0929804468682,139.492158604029,220.466546029541,187.217025334795,13.3527057307743,43.3571524084885,234.341428176763,1.02649116044334,1.02069639481969,0.995481517873339,0.96078382321595,0.95949559964781,0.960396821554213,0.954410535526484,0.95522787976146,1.01949284254753,0.966419211873534,0.963247915494296,0.945930993016275,0.964956029628916,0.965958040309417,0.974387919641348,0.992567164220371,0.996495445739726,0.994694594924155,0.992558225158656,0.989731595606722,0.999080746025099,1.02436716702427,1.02308136996446,1.00080638590644,1.0291351463911,1.02091217840453,1.00361682722375,1.02199771249818,1.02338928495979,1.05033748877532,0.982414286927127,0.984601475374393,0.998960363208406,1.01494880947536,1.0506331922734,1.06472192967347,1.02820596076905,1.0288410022111,1.02976432677992,60.0336976516569,60.022209281622,60.024567359638,60.0372152625876,60.0417445198252,60.0384915474666,60.0383504634556,60.0331656214653,60.0404367809155,60.0300804746802
1.45131222068898,243.971043940304,698.539404797113,670.805365438241,650.169485487285,513.734138059947,643.904135570353,523.869418026766,533.416699057736,818.052073037812,878.964420154472,177.176056244016,155.513415963878,137.448272203492,43.3901263477487,138.863210074848,220.615466354379,187.540441891398,13.3774837301888,43.2228789259744,233.944290527916,1.02644250055685,1.02060339828998,0.995476307970352,0.96105483055994,0.959915842011623,0.960845790876022,0.954826858448982,0.955628084859402,1.0196910257714,0.966845491230826,0.963680572229357,0.94633415751466,0.965345004287082,0.966232272111874,0.974361981585934,0.992414463328822,0.996354629400883,0.994602528440631,0.992265237242667,0.989339394387407,0.998900734735487,1.02418107179807,1.0229009089484,1.00064227678565,1.0290817609316,1.02064309093995,1.00340542741234,1.02151927659521,1.02286522676065,1.050270748381,0.983125568027944,0.985113163881074,0.998704504130798,1.01444186228067,1.05045573525983,1.06459813326618,1.02815918094674,1.02827127767912,1.02978834803489,60.0371904109473,60.0198599165475,60.0235450422304,60.0421862102661,60.0487306718031,60.0416250393796,60.0418172659597,60.0376624988805,60.0464317820286,60.0366914015191
1.51319087931367,243.734904820007,694.134666952638,666.666964352381,651.120714902999,515.648803651646,644.647446535055,524.611957922405,533.490387778653,820.103017263448,881.510787451366,177.160991351264,155.96380833762,137.334168528246,43.640918237002,138.094977839555,220.707269502511,187.717215686111,13.3390864457366,42.9876117985485,232.75873919331,1.02648115553908,1.02058911973986,0.995576087343343,0.961493588098815,0.960543229452383,0.96150869844293,0.955452447544336,0.956234761816634,1.0200254985644,0.967472475032406,0.964318572295571,0.946932180514039,0.965925855663878,0.966674709104436,0.974446553512659,0.9923496382719,0.99629959293784,0.99460377040269,0.992005956492962,0.988956576299944,0.998814938426572,1.02408800301313,1.02280879863595,1.00056886941372,1.02908885418832,1.02041727817485,1.00325544614483,1.02104752415007,1.02233762462115,1.05025607417713,0.984109108801013,0.985833619593425,0.998474458083485,1.01391686915029,1.0503680900794,1.06453127967716,1.02815607121741,1.02768028005421,1.02985109806835,60.0406922613876,60.0236195563435,60.0272892826102,60.0457101481762,60.0524149216557,60.0431883661937,60.0436565081093,60.042075717141,60.0495114576239,60.0431865481261
1.55845018556127,243.381510928559,691.273264498568,663.994168116926,651.764352406971,516.919287210797,644.679152692139,524.819244130611,533.623102822233,821.30606796014,884.60148509598,177.048023570236,156.263243948749,137.236037908061,43.7472834582073,137.567372923047,220.718928752155,187.712344595641,13.2820871164715,42.785161250171,231.62485928179,1.02655535271261,1.020628796977,0.995695055154185,0.961837843329596,0.961015473152613,0.962004686945854,0.955925035862163,0.956695225462803,1.02029306981874,0.967940751234181,0.964795705519218,0.947380879940473,0.966363276505632,0.967021359575248,0.974560786205812,0.992367485792645,0.996321478656787,0.99466132032799,0.991879122128893,0.988744226182622,0.998826884577444,1.02409595889571,1.02281422890123,1.0005843540645,1.02912856368665,1.02031829791241,1.00320971037797,1.0207899240251,1.02204260018481,1.05027821634752,0.984817041878841,0.986358273451289,0.998358471256957,1.01360642847513,1.05037709707343,1.06452957723798,1.02818059588289,1.02733834573468,1.02990918501045,60.0434540316821,60.0304246770584,60.0331722144793,60.047292703428,60.0529369117915,60.0437949784374,60.0443283851079,60.0450975919029,60.0499842122741,60.0477418548292
1.60370949180888,242.955100038621,689.365442826317,662.202208927257,652.174301780308,517.827130222415,644.237893401016,524.656101176956,533.751505281439,821.968262232659,888.235088725705,176.854810250103,156.467199013271,137.143020583409,43.7550216831028,137.174781842061,220.671494578863,187.582275709105,13.2125364175784,42.5922448465375,230.466723491716,1.02665889427571,1.02070872384836,0.995832441791505,0.962131054588488,0.961400077095369,0.962405788976667,0.956311678650742,0.957074057759098,1.0205266032629,0.968318659318029,0.965181371014093,0.947744893125032,0.966719593119834,0.967315942322281,0.974698978898874,0.992441363590273,0.996396160701258,0.994759489729342,0.991834882389089,0.988635393215698,0.998904621505825,1.02417146324081,1.02288501355189,1.00065998307927,1.02919183313479,1.02030127120381,1.00323270900003,1.02066686273434,1.02189288360403,1.05032666293355,0.985361474992711,0.986768744555584,0.998312562449524,1.01342381102933,1.0504500113131,1.06457101941812,1.02822624470698,1.02715026363092,1.0299670262968,60.046498512021,60.039886763856,60.0411009741506,60.0482122749475,60.0519569483539,60.0444652507052,60.0449247861401,60.0478825990169,60.0493801464436,60.052065137785
1.64896879805648,242.541433168432,688.748491771697,661.579833125402,652.226199076726,518.215006416722,643.398102082378,524.136108573556,533.799776295401,821.943510422127,892.03505307365,176.588947367019,156.535689175368,137.063834059711,43.6455835016085,136.98407146638,220.558744306447,187.338840477891,13.1379386933104,42.4288973224848,229.434077900759,1.0267824225176,1.02082577166495,0.995975070067266,0.962332188038362,0.961639519826613,0.962651492689763,0.956554368187527,0.957314574416472,1.02069177144668,0.968549848379627,0.965417892125246,0.947970229871086,0.966942425245958,0.967517375215011,0.974848069046741,0.992569488789201,0.996521735528649,0.994892265639746,0.991892311270522,0.988660465138541,0.999044402324974,1.02430964551158,1.02301723940772,1.00079343273127,1.02927415658636,1.02037961761284,1.00333114884865,1.02071152471212,1.02192621867905,1.05039893919867,0.985653921794261,0.987001332238699,0.9983542215191,1.01341232696254,1.0505803966497,1.06465451192145,1.02829176764741,1.02715924784176,1.03001697090601,60.0498490970097,60.0507408986044,60.0500956208657,60.0488234894125,60.0500551408616,60.0456260586561,60.0459175794961,60.0504884136068,60.0483035278556,60.0561320672639
1.71734126198908,242.101982843423,690.311677624984,662.857030358534,651.553859352049,517.660851196759,641.728898654467,522.913099018553,533.615047446365,820.583865465371,897.478617646852,176.081362548982,156.338810276713,136.956626884188,43.2701186753084,137.152284415419,220.279081599361,186.83971501825,13.0252654111878,42.2720670489015,228.248353636708,1.0269889323784,1.02105821186505,0.996181069767205,0.96243562019407,0.961696257176954,0.962697533194843,0.956618149370482,0.957386122632865,1.02079207824695,0.968592312746616,0.965463113701708,0.94801967403813,0.966998134675244,0.967618774770634,0.975070802696464,0.992844426415518,0.996788240331146,0.995138580717575,0.99217327900233,0.988965431582635,0.999341892100306,1.02460182138338,1.02330050464365,1.00107969666839,1.02942223184755,1.02066922116028,1.00360909306951,1.02109557587683,1.02232475926169,1.05054322195559,0.985578703878102,0.986986228022625,0.998586576660274,1.0137461389196,1.05084928072411,1.06484177302828,1.0284202218923,1.02755252753084,1.03007107035119,60.0553649918482,60.0662653183482,60.0630273945197,60.0502450565605,60.0472196308778,60.0489813273391,60.0490328792056,60.0544614258098,60.0474189737256,60.061793828171
1.78571372592169,241.96586630889,694.037593775863,666.014080370494,650.19445767246,515.858702490757,640.068857424871,521.592791215784,533.146248347899,818.002263795476,902.247350679232,175.508039036462,155.836102360935,136.852747648247,42.7179316882931,137.828446245037,219.917233610507,186.316344477183,12.9173714003488,42.2320683446361,227.505284771904,1.02719905306082,1.02132707254665,0.9963608570271,0.962336451027096,0.961453440785074,0.962425175639452,0.956384346842594,0.95717042275063,1.02074222471869,0.968334483966691,0.965202719075544,0.947783550042396,0.96677746368038,0.967515022277854,0.975270611020067,0.993173484820069,0.997106193312114,0.995408066193784,0.992636099073019,0.989533190333511,0.999687083633343,1.0249344912101,1.02362676779902,1.00141915449936,1.02958054920491,1.02110472633344,1.0039911025199,1.02176473442159,1.02303953313974,1.05071000965638,0.985002412088164,0.986616697088064,0.998980251473868,1.01443613945459,1.05114657697404,1.06506739445345,1.02856606430384,1.02829572348748,1.030100840068,60.0611473159262,60.0771864183588,60.0724995975244,60.0534218920541,60.0465816148439,60.0544992124659,60.0545198050419,60.0589934619674,60.049144631521,60.0669218311484
1.85408618985429,242.08337165124,698.247992847109,669.54285803428,648.669569681187,513.307543592614,638.918855436212,520.682573850649,532.589908163438,814.998492661923,906.358183257452,174.952443540054,155.188097827177,136.730166161318,42.1274665280523,138.815101109718,219.545413038568,185.916205683665,12.8136790603899,42.2792090676018,227.03165004408,1.02739081013561,1.02158888921059,0.996512229827248,0.962152519744959,0.961093891550834,0.962029725008904,0.95603421863241,0.956841773489944,1.0206287375432,0.967961085827172,0.964824434079791,0.947436761236918,0.966449153683293,0.967325978037891,0.975441984218157,0.993499259452389,0.997420965304996,0.995664737360509,0.993172450632477,0.9902232184026,1.00001167645478,1.02523765090309,1.02392754819493,1.00174959953912,1.02972882437179,1.02157713762547,1.00439240891031,1.02252514338691,1.02385882096114,1.05087108447325,0.984236240572043,0.986114456353871,0.99944300799036,1.01530478126923,1.05140785496046,1.06528725052417,1.02870441793709,1.02916107291472,1.03011660139483,60.0668507372713,60.0812238588159,60.0768313515716,60.0591148469064,60.0501394629875,60.0617973233376,60.0620579980359,60.0644749322281,60.0547331826259,60.0715841909943
1.9224586537869,242.29705721633,701.145664401733,671.873019604367,647.586481206312,510.811009408039,638.541483311348,520.490815896789,532.224372027997,812.569224294881,910.052544839733,174.468726082847,154.599875726202,136.550100058208,41.6392119719141,139.788238977443,219.223861780585,185.717102435516,12.7029818248865,42.3288337703423,226.502789120127,1.02755604379485,1.02181368240812,0.996659338845345,0.962052741259802,0.960864151986811,0.961772985687864,0.955811682672015,0.95663528497518,1.0205717573632,0.967720166472697,0.964580272197535,0.947215450171461,0.966242435829356,0.967223678828084,0.97560942411646,0.9937834962313,0.997696156119484,0.995894135942451,0.993661043737268,0.990862340507123,1.00027285161856,1.02546894329543,1.02416028556607,1.00203033612529,1.02986266559157,1.02197726471863,1.00473609603263,1.02315988896498,1.02454183022473,1.05100749409826,0.983688336397803,0.985768599191588,0.999869687093587,1.01611908578443,1.05159673903411,1.06547100504968,1.02882253129801,1.02988269258856,1.03013681396456,60.0722579520141,60.0790593199142,60.076566277232,60.067063679454,60.0585939436887,60.069918165776,60.0705281674064,60.070793194009,60.0640867471162,60.0758359805526
1.9908311177195,242.445655688583,701.546923007796,672.001685748813,647.328471837246,509.212845064346,638.880042341665,520.985353414115,532.221322725451,811.528090701753,913.469204426621,174.094940702456,154.257647363465,136.307122714282,41.3535828337427,140.411872162554,218.997571568545,185.711087821323,12.5882612596799,42.2929278461209,225.69170683827,1.02768880585747,1.0219793285634,0.996819753039555,0.962159725361289,0.960943009665185,0.961845018108008,0.955893285567077,0.956720899442424,1.02065675314777,0.967791610755781,0.964653026969789,0.947290851897846,0.966323466569275,0.967332968611362,0.975791192403317,0.993998326541423,0.997904412961407,0.996085379485547,0.993994807972291,0.991291694028777,1.00044798652882,1.02561033127722,1.02430521617839,1.00223466004706,1.02997884510027,1.02221803657909,1.00496156831001,1.02349373533737,1.02489331617264,1.05110521745644,0.983660945108161,0.985789923071517,1.00016523366702,1.01666021001956,1.05170198322073,1.06559802464967,1.02891439622226,1.03024305003905,1.03017450128143,60.0773475449903,60.0739200695975,60.0741230523149,60.0761146610349,60.0709977820841,60.0777406073328,60.0785433921935,60.077357910641,60.0757347652503,60.0797129323945
2.05920358165211,242.45599180141,699.314595402581,669.847730555676,647.875624979928,509.072757449087,639.609804868889,521.824961806765,532.530442495687,812.170300300527,916.408224954645,173.875361987364,154.256967571054,136.057612706615,41.3137323887239,140.47047710213,218.901091979035,185.830333397313,12.5015100348841,42.1407963391037,224.648965452552,1.0277754809529,1.02206175050791,0.996972503209399,0.962470507111996,0.961337971618157,0.962255453192988,0.956286601172245,0.957105229200562,1.02088354432687,0.968183337707952,0.965051031143229,0.947669439144515,0.966697090093315,0.96765027793231,0.975962528700588,0.994109449610756,0.998011382252868,0.996209141508177,0.99409500286138,0.991399996033821,1.00051816770316,1.02565268682189,1.02435092955865,1.00233304679197,1.03005840667733,1.02224494821281,1.00502332466738,1.02343814373932,1.02481705642049,1.05114870420792,0.984189996563512,0.986197794058027,1.00025687227931,1.01677896151198,1.05172267383685,1.06564927758996,1.02896905092702,1.03013751659194,1.03022729551763,60.0822422593334,60.0701702472911,60.0727291699584,60.0847885437133,60.0849956377816,60.0844178030847,60.0850864164894,60.0834487313758,60.0873552744588,60.0832540310705
2.13000650982672,242.355299398384,695.244152745225,666.120057931924,648.890377770305,510.495068936968,640.306775750546,522.560617878528,532.929485965845,814.222093729691,918.324022743573,173.863573462944,154.579431468058,135.898456598014,41.5124615799338,139.926742841657,218.959772519164,185.997167429316,12.4921997942016,41.9139612972025,223.692848330537,1.02779342632593,1.02203275290473,0.997058094427725,0.962861975706575,0.961893393707996,0.962842015387202,0.956838439591417,0.957639585144864,1.02117104203305,0.968739757434656,0.965616632851603,0.948200932384695,0.967214692903142,0.96804928054748,0.976055440466503,0.994073730652263,0.997974135461732,0.996216527377354,0.993917988124637,0.991137945268351,1.00045974144569,1.02558444601427,1.02428415830154,1.00228862809529,1.03006550169253,1.02203730088044,1.00489098298872,1.02299639421746,1.02432210662008,1.0511192061713,0.985054126250274,0.986829235700262,1.00010150227517,1.01641917463647,1.05165533428892,1.06560478179528,1.02896582053538,1.02958248812091,1.03027804464721,60.0872643145265,60.0716790215968,60.0752648919698,60.092183558703,60.0980070713306,60.0898336501141,60.0900867800727,60.0888143829083,60.0969152270622,60.0866530858816
2.20080943800132,242.242341217408,691.204818464236,662.442785856183,649.849881861833,512.944555756038,640.571263584971,522.800840541268,533.145687108812,816.770553443797,918.263990259435,174.067274551065,155.020803669298,135.882252747537,41.8622565810161,138.982139654572,219.145587584775,186.130766305545,12.5813377136507,41.6874915061845,223.302523949634,1.02772609915196,1.0218904040138,0.99702084996776,0.963141948195519,0.962343703877559,0.963324931892972,0.957285578147659,0.958069034636491,1.02138210822977,0.969195547536685,0.966080115828692,0.948631223842726,0.967628099481425,0.968334100103915,0.976008175073519,0.993885210630539,0.997787697898174,0.996084253004235,0.993509001680533,0.990580492079157,1.00028106993063,1.02542108944354,1.02411968193923,1.0021005652502,1.02997983961606,1.02166086478119,1.00459922387673,1.02232912685454,1.02359036085103,1.05101545392826,0.98584266989913,0.987386829107102,0.999735408125136,1.01568996833457,1.05151671548059,1.06547038231617,1.02889472910718,1.02878283654154,1.03030130721377,60.0923152477454,60.0801905251287,60.0829420900738,60.0976021381635,60.1068408226588,60.0940740884046,60.0939168877436,60.0933308590281,60.1024680893922,60.0899437078199
2.27161236617593,242.195168988628,688.976433574463,660.335269260325,650.392136521457,515.448481237318,640.260744753034,522.490714631326,533.069631078304,818.709310835298,915.592714360142,174.454066817576,155.383785881295,136.044250039744,42.2439160777567,138.002799335757,219.41168337006,186.213898240043,12.7566104932292,41.5598870788898,223.865338985049,1.02757054303205,1.02165263628217,0.996828621166889,0.963139448804172,0.962442381840671,0.96344297317075,0.957383513156857,0.958157388694822,1.02139274563217,0.96930436837502,0.966190703621141,0.948725291630025,0.967709109162975,0.968331090595648,0.975787326922489,0.99356977946736,0.997478950969653,0.995817632547887,0.992981109776045,0.989899357899006,1.00000766366012,1.02518586256881,1.02388150945713,1.00179517030142,1.02980112530273,1.02122676003975,1.00422202819365,1.02166562705963,1.02287741353514,1.05084891781151,0.986152757311657,0.98758616880271,0.999257209049,1.0148304332728,1.05132443004442,1.06526657019442,1.02875488035183,1.02802209992855,1.03027610287445,60.0973604482194,60.0940963248629,60.0945761726568,60.101487531836,60.1103621199274,60.0978949950136,60.0976385498008,60.0975153096059,60.1040589064348,60.0933698979922
2.34241529435054,242.242801077707,689.529166565585,660.626703458831,650.478791419325,517.041962248476,639.550177174655,521.906382807293,532.81875174421,819.237397023398,910.320184127226,174.931111026534,155.486676298404,136.324136918102,42.5348328663936,137.362093575959,219.678945591726,186.270851837435,12.9612952955603,41.5673811191822,225.441088043647,1.02734861503651,1.02136729315169,0.996510293224193,0.962807048249583,0.962098485995698,0.963097080756276,0.957040745956104,0.957816926494949,1.0211596064052,0.968974983682058,0.96585492234092,0.948398094964038,0.96737787026782,0.967993462583919,0.975430043676415,0.993199666260317,0.997120366212762,0.995473250064868,0.992488049453638,0.989309193836175,0.999695337835877,1.02492161226263,1.02361408385495,1.00144004570627,1.02956687053028,1.02086751184132,1.00386526402288,1.02122974397395,1.02242660882419,1.05065050627587,0.985804548167272,0.987304885952826,0.998803957454899,1.01412521247225,1.05110826436078,1.06503515059405,1.02856900531606,1.02756206125068,1.03019880511306,60.1022977893115,60.1093517957919,60.1072080232046,60.1046593650101,60.1094380218764,60.1020384655403,60.1020882954452,60.101879652611,60.1032307854268,60.0972088141806
2.41321822252515,242.369448215005,692.557952316095,663.075584407934,650.308873536623,517.151244192771,638.820950981103,521.466698125299,532.623361772397,818.144240063787,903.332993485149,175.408113221182,155.284175652068,136.644742565809,42.666998080327,137.292265802731,219.89338861355,186.355375419176,13.1415295484522,41.7125263878812,227.769010820297,1.02709529691885,1.02108117875456,0.996122725067752,0.962207979366419,0.961377888456368,0.962353570638605,0.956322266568102,0.95711185378273,1.02072379477432,0.968271224579825,0.965137591648843,0.94771304877692,0.966698825073443,0.967386404162901,0.975003003760888,0.992843151859618,0.996779234169702,0.99511451809289,0.992143348375985,0.988962012401211,0.999390604031224,1.02465977912411,1.02335052569316,1.00109681650514,1.02932133419889,1.02066159366191,1.00360207609849,1.0211266627778,1.02234849734556,1.05045082909347,0.984862020628157,0.986595842520303,0.998478412483878,1.0137706126881,1.05088765369733,1.0648103613732,1.02836496613636,1.02751727042212,1.03008206801889,60.1070168361548,60.1213117010562,60.1174150218637,60.1077878972356,60.1065291785009,60.1068292976049,60.1073973531849,60.1065572340284,60.1023362556958,60.1016898838295
2.48402115069976,242.560616688231,696.681459052887,666.532900485989,650.128796417485,515.827567370086,638.4755677448,521.493496056299,532.650390277804,815.889955501554,896.276393969705,175.802799198478,154.856397344443,136.911757156084,42.6381516821777,137.778286037253,220.030794944987,186.503643377041,13.2621786093033,41.9500286127015,230.279717913451,1.02685728910714,1.02083689966467,0.995744615010604,0.961509293407184,0.960497016123621,0.961438000164218,0.95544385586882,0.956252835662747,1.02020902555164,0.96740524091694,0.964255250233712,0.946875250446628,0.965873476582112,0.966679153379879,0.974592284573736,0.992552771579468,0.99650601040616,0.994802219153072,0.991984752890189,0.988891493170166,0.999127724019603,1.02442255718751,1.02311399328807,1.00081231748812,1.02910690081659,1.02061243027583,1.00345612895014,1.02130907046562,1.0225841707972,1.05027770718569,0.98363081918147,0.985682123614995,0.998316477870404,1.0137961836184,1.05067674809252,1.06461512095223,1.02817433703657,1.02781532874176,1.02995456943749,60.1114268533696,60.1268105127215,60.1227974399472,60.1111276108841,60.104647818593,60.1119962936827,60.1129475706259,60.11124703123,60.1035591890127,60.1069079077175
2.55482407887437,242.808459471496,700.118923101328,669.485798178642,650.069383491026,513.725836248825,638.724764527372,522.03698986516,532.887910125912,813.423890363923,891.098363450133,176.037314925973,154.362514148936,137.027462372294,42.4916974641015,138.554807987716,220.084744717753,186.695788997083,13.3067950661226,42.1812781617144,232.228616124024,1.02668815446908,1.02067496378499,0.995466746997587,0.960937508627093,0.959759055418652,0.960667890145195,0.95470834056038,0.955535100481093,1.01978731938991,0.96667491061279,0.963512075753474,0.946171464619758,0.965182138009007,0.966100056833904,0.974292508214513,0.992367819726636,0.996337149891395,0.994592852832061,0.991981602005282,0.989021264665684,0.998937561283988,1.02423467790386,1.02292884635365,1.00062337841103,1.02896165625511,1.02066774820162,1.00341389671652,1.02161783221985,1.02295026950095,1.05015758030742,0.982560024649392,0.984887067277303,0.998292792143651,1.01407393433236,1.0504966619009,1.0644667870283,1.02803220224748,1.02824546959988,1.0298545807769,60.1154523208129,60.125470983948,60.122943898467,60.1145804716666,60.1060927351851,60.1167997003206,60.1177468501245,60.1154779553686,60.1080052230425,60.1127666623105
2.62562700704898,243.085977645199,701.468890702074,670.691547252834,650.102853115341,511.816239700462,639.445026917092,522.848073157959,533.161961954728,811.779782766892,889.42415922553,176.051891704802,153.975991198387,136.933343385627,42.2861348376952,139.227980945799,220.056390726361,186.853541064945,13.2745417382062,42.2852268158505,232.964400112617,1.02663325613122,1.02062633914654,0.995364366229701,0.960691788145477,0.959433284733674,0.960325736038707,0.954384953312266,0.95522105536685,1.01961167930197,0.966345922274301,0.963179113513796,0.945856856421616,0.96487384436456,0.965849670785862,0.974180401642024,0.992313100615014,0.996293938838773,0.994527739808901,0.992067368423581,0.989220353657171,0.998849704338755,1.02412729029079,1.02282451002718,1.00055672654526,1.0289116906179,1.02075564756931,1.00344444052353,1.02186566602968,1.02323311316043,1.05011072626882,0.982054780846483,0.984504436005209,0.998349205530744,1.01439956716651,1.05037940520487,1.06438130757077,1.02796840444405,1.02856365512112,1.02981593348258,60.1190407836238,60.1197272197825,60.1195176873994,60.1179512244677,60.111494533527,60.1204330103386,60.1210082166101,60.1189820902273,60.1152413494609,60.1189799717575
2.69642993522359,243.306481704269,700.241187840064,669.635314624136,650.116763858322,510.935139916021,640.195286014787,523.502973142449,533.265421158934,811.601620199354,892.005919030884,175.837906006949,153.813815423425,136.651235273854,42.0749684307931,139.468214960861,219.954876384708,186.87912056201,13.1810674232721,42.1833644182346,232.220892701442,1.02670937643367,1.02069563847174,0.995459896728161,0.960850185615137,0.959629231200296,0.960527000806966,0.954583695057113,0.955417877958593,1.01974484108375,0.966528288011295,0.963368113919718,0.946036208684657,0.965050419289803,0.966006872814649,0.974278350108625,0.992387028849941,0.996371101167622,0.994611994716403,0.992171142861006,0.989365901501229,0.998879788814495,1.02412558503565,1.02282379626269,1.00061663584699,1.02895735800967,1.02081400579375,1.00351076059128,1.02191810295191,1.02328163006057,1.05014077484158,0.982284838966285,0.984663978482798,0.998423004145954,1.01459079543469,1.05035578033751,1.06436854579221,1.02799125016045,1.0285996835874,1.02985224379996,60.1222125348116,60.113691759533,60.1155219539234,60.1211740668004,60.1196174618101,60.1225234740188,60.1226293428403,60.1219091970689,60.1235197880269,60.1251352752669
2.76723286339819,243.330958512648,696.996869192579,666.690271822528,650.024144394101,511.390816078763,640.415841351928,523.614031624671,533.099074522966,812.834962380414,898.43687725468,175.449901786527,153.882746783623,136.275581547264,41.8946322171035,139.168393650315,219.797177970527,186.708821497903,13.0548489604292,41.8873169754626,230.241881460175,1.02689505377384,1.02085451283085,0.995708819597251,0.961333303836034,0.960247798072551,0.961168856457364,0.955206297533858,0.956029622551673,1.02013054845044,0.967127417303214,0.963981860278214,0.946617136337427,0.9656207872999,0.966492206498725,0.974540097481034,0.992556919595776,0.996533842154564,0.994807356393415,0.992242202610664,0.989390441623362,0.999017546531107,1.02423321724952,1.02292845242077,1.00077765646393,1.02906982770318,1.02081261799768,1.00358074733586,1.02174744881557,1.02306888022171,1.05023025642795,0.983111639452831,0.985275524739457,0.998469101715608,1.01456087983006,1.05043803553633,1.06442551616076,1.02808008736058,1.02832800114664,1.02995024313455,60.1251310820688,60.1114301350688,60.1140935108039,60.1243679237627,60.1280359929137,60.1234688028875,60.1233305514913,60.1247456617544,60.1306176588895,60.1308016416645
2.8380357915728,243.033254161138,693.099032266613,662.963605309916,649.822245055557,512.833922786231,639.730048007079,523.024501754633,532.728541508085,814.757150755118,907.236828608695,174.975986799164,154.077020148684,135.91863298857,41.7513992991693,138.483736903576,219.599839369569,186.348303831693,12.9231444511767,41.4865804075658,227.654085643824,1.02714078151946,1.02105688095104,0.996024889677141,0.961951144113147,0.961040345518565,0.961991707972864,0.95600463379081,0.956814090485358,1.02062601561397,0.967900679742525,0.964772267144222,0.947365197188925,0.966355191128049,0.967114512950253,0.974875546169575,0.992774464681749,0.996735645678545,0.995052656006874,0.99227016268349,0.989307670428743,0.99923019412446,1.02442822234045,1.02311619978386,1.00099619022645,1.02920772203762,1.02076995673989,1.00364439950247,1.02144817569044,1.02270695499392,1.05034999810675,0.984174738712534,0.986083862363787,0.998477981901605,1.01435099043643,1.05061113680635,1.06453622623125,1.02819770685464,1.02788154635599,1.03007708733987,60.1281273097019,60.1153234196535,60.1172803403944,60.1277342442277,60.1343574614941,60.1243896063226,60.1243801640103,60.1280157129372,60.1349009219299,60.1356484373103
2.90883871974741,242.399550035597,690.139532631206,659.858388311189,649.565490036065,514.452271315647,638.184807019677,521.892602658359,532.322627964816,816.32332560993,916.299708852401,174.496721069115,154.241923378827,135.658897504156,41.617167948807,137.747901073362,219.374390457357,185.875761272787,12.8015005635636,41.1011027998287,225.197999459181,1.02738938019749,1.02126058590726,0.996320485400622,0.96249143463621,0.961724118617084,0.962699787225469,0.956695677132364,0.95749493052404,1.02106743164119,0.968570212019488,0.96545562561949,0.948012813643623,0.966991949084279,0.967659486842795,0.975191211962092,0.992996173122911,0.996939176709436,0.995291835929564,0.992288243429818,0.98920411543047,0.999473965503867,1.02466864846461,1.02334689878435,1.00122820022875,1.02933782283727,1.02074727999592,1.00371984351059,1.02119736979698,1.02239948216303,1.0504725546964,0.985061218004121,0.986787616207935,0.998478565443582,1.0141084532534,1.05083469118665,1.0646760851954,1.02831046183347,1.02749460179438,1.03019515110587,60.1316192224806,60.125148477047,60.125254615585,60.1314252272027,60.1373786079055,60.1266632244194,60.1270375151596,60.1319867729853,60.1361000194244,60.1395356704768
2.96225112845646,241.781901245191,689.269529884922,658.640385496926,649.367444406931,515.264277997498,636.724875430411,520.913018560913,532.090198334193,816.72429484473,922.061290997542,174.156440881598,154.248530616862,135.536607203151,41.4902181714625,137.366390107714,219.185512633586,185.513505389233,12.7162965624302,40.8706561935126,223.774070013391,1.02755285040576,1.021402249713,0.996497286077798,0.96275719908315,0.962044985237034,0.963029165099963,0.957022381003198,0.957819178823103,1.02129245939881,0.968884349703775,0.965775792632717,0.9483176774052,0.967293271489746,0.967927564878617,0.975380251038598,0.993153255967635,0.997085811561006,0.995450929346726,0.992332388680363,0.98918486564837,0.999656512605026,1.02485375838347,1.02352496835538,1.00139606665203,1.02942417912864,1.02079130001865,1.0038080611142,1.02115301731585,1.02233095397617,1.05055776012216,0.985434950553449,0.987111457431205,0.99850594956158,1.01401697682908,1.05100793727334,1.0647875117725,1.02838350374587,1.02738579895722,1.03026188747753,60.1347883171728,60.1350397802272,60.133517767163,60.134460324895,60.1376654352978,60.1298939382115,60.1305613824044,60.135413079256,60.1355979297152,60.1418669833092
3.0156635371655,241.185424538667,689.79212882836,658.68151724105,649.162917990686,515.386504282946,635.380398416994,520.075360420283,531.954812162291,816.191876946133,926.076365541969,173.860595951332,154.125528901543,135.483141978034,41.3262453223544,137.273863555482,219.000522580385,185.218573270222,12.6435806387396,40.7352516703863,222.93454341007,1.02767580048917,1.02152124178984,0.996611902014216,0.962852536081263,0.962135091663079,0.963116719244731,0.957117993779835,0.957917967586583,1.02138508626476,0.968971090382391,0.965863843506722,0.948403919262864,0.967381109766746,0.968023082784551,0.975500879746634,0.993285211716925,0.997213811075077,0.995575171557419,0.992420245789407,0.989256681768505,0.999810882842979,1.02501020215719,1.02367649174843,1.00153762312661,1.02949318368411,1.02090597068396,1.00392788956174,1.02128466322774,1.02246226057094,1.05062822113036,0.985468909644515,0.987186288596895,0.998571911432576,1.01407070774654,1.0511517013801,1.06488543035567,1.02843974658736,1.02750356683909,1.03029930809393,60.1384812362174,60.1451008356371,60.1422854434201,60.1377175459741,60.1371307524086,60.1345648336612,60.1353855577762,60.1390604531734,60.1349537726003,60.1438005037831
3.06907594587455,240.759684199795,691.490005985886,659.883011199546,648.935178583119,514.743594741699,634.47321149136,519.568704765528,531.898762751367,814.77772541128,928.013831984507,173.626347409942,153.884123448407,135.482688523592,41.1279309488481,137.501370792107,218.835260633604,185.03857057502,12.589722711152,40.7105895422989,222.717535985705,1.02774970945963,1.02160975587903,0.99665856062345,0.962779790446087,0.962001182931711,0.962970032998812,0.956988865466323,0.957797083573415,1.02134622634085,0.968836159892246,0.965725995382414,0.948277027008605,0.967260422166266,0.967947973164875,0.975545552938561,0.993380705226505,0.997312988541307,0.995655849668466,0.992549388533353,0.989422188227172,0.999918131910568,1.02511582982285,1.0237803453572,1.00163877052132,1.02954040195124,1.02108124167198,1.00406933390725,1.02157925466645,1.02278012139912,1.05067808755197,0.985180922777119,0.987017654724018,0.998674513271227,1.01427793443899,1.05124368677757,1.06495635621534,1.02847657250264,1.02783568920659,1.03030620403558,60.1426038685125,60.1536177082511,60.150186971459,60.1412159319132,60.1369019282872,60.1403600834537,60.1411411505952,60.1427824067423,60.1352355144362,60.1454896184827
3.1224883545836,240.620447196526,693.86243927633,661.864005840391,648.674720012722,513.47402937536,634.206015424668,519.497572746173,531.882902823543,812.774321886771,927.904372644264,173.471689958689,153.561599164079,135.515086614219,40.9169124543368,137.990034917321,218.717511046334,185.000610053696,12.561573401733,40.7852862300031,223.061365656344,1.02777126138237,1.02165996438782,0.996639872006993,0.962573891081446,0.961695871450957,0.962645083893232,0.956687117028593,0.957506733084856,1.02120131069599,0.968530809721277,0.965414923238234,0.947986074443291,0.966978541478212,0.967737316606256,0.975516453632456,0.993428104643245,0.997371221372645,0.995686189165138,0.992696788730443,0.989648895671232,0.999962389745954,1.02515341639866,1.02381951846581,1.00168620515201,1.02956106995879,1.02128375121931,1.00420837635765,1.02197408066876,1.02321564450721,1.05070201906911,0.984660563308303,0.986662681351805,0.998793815606872,1.01459525784461,1.05126809578503,1.06498732388307,1.028491468169,1.02830776947127,1.03028619510232,60.1469352548899,60.1593513065731,60.1561146467483,60.1449924944492,60.1380599202544,60.1466558180509,60.147235572281,60.1464786240238,60.1373133441344,60.1470998011093
3.17590076329264,240.81209323163,696.267949768493,664.067804354217,648.403677203873,511.894891222948,634.603920699587,519.857715675359,531.874713316118,810.644433982739,926.089221596913,173.411727317202,153.219863930755,135.558274497939,40.7288142717499,138.608290865858,218.669642253852,185.100791036395,12.5633117330088,40.9281214545725,223.818523166925,1.02774271884064,1.02166491577437,0.99656584511493,0.962293153135098,0.961303624821499,0.962231266591884,0.956296872339522,0.957128372995776,1.02099428544056,0.968138710820281,0.965016073842877,0.947611059047099,0.966613058613571,0.967450352466995,0.975425446396654,0.993419300487146,0.997377893846578,0.99566316171646,0.992825223919996,0.989878213511865,0.999936594267015,1.02511718990348,1.02378748861612,1.00167193979626,1.02955100099931,1.02146450431623,1.00431286756124,1.0223709615929,1.02365991213401,1.05069546675837,0.984043257545366,0.986216151723166,0.998897439697828,1.01493955487454,1.0512219193294,1.06497105916337,1.02848181383513,1.02880007973122,1.03024696267971,60.151178064427,60.1618207078463,60.1594851682565,60.1490749257189,60.141334084954,60.1526911441233,60.1530009127392,60.1501075050559,60.1416169603251,60.1487816510874
3.22931317200169,241.28537053664,698.09872185813,665.907995158094,648.183928238612,510.41821334735,635.505414124767,520.537752491945,531.868505799088,808.907747478251,923.109331796213,173.45452582452,152.927067245303,135.594446306231,40.6030256277651,139.187530936386,218.703219807069,185.305520791027,12.5942414619568,41.0917932681953,224.795568971569,1.02767104735772,1.02162052600514,0.996452020896861,0.962005470862244,0.960920437269038,0.961829876294696,0.955913926930566,0.956754988711968,1.02077671321897,0.967755877528138,0.964627135723434,0.94724372499625,0.966253269259041,0.967156499275141,0.975291944656486,0.993352531538506,0.99732750152371,0.995589064951312,0.992894232590895,0.990042651829425,0.999844575895679,1.02501422867373,1.02368985828108,1.0015959574484,1.02950865034667,1.02157313052265,1.0043521178788,1.02266367237938,1.02399418975614,1.05065612298128,0.983477916291331,0.985787562561844,0.998950049513113,1.01521229242298,1.05111532553993,1.06490766848286,1.02844600481644,1.0291803820059,1.03019826997659,60.1550380674041,60.1613775058515,60.1603605161813,60.1534316810248,60.1468880284659,60.1577801143084,60.1578601018181,60.1536589714264,60.1479989797509,60.1506504212065
3.28272558071074,241.911171364915,698.929998540545,666.914018636023,648.102251554031,509.44026071205,636.614435863704,521.350137941624,531.886351029108,808.002988642119,919.57120303737,173.599128914732,152.740579774499,135.615958475554,40.571976515694,139.568500184338,218.815434783041,185.561086654729,12.6500134951482,41.2269609556936,225.801618754906,1.02756620624486,1.02152634166514,0.996314946263697,0.961770170425915,0.960628483907013,0.961527367430626,0.955620566597102,0.956466699871058,1.02059461046995,0.967465293897181,0.964332234773208,0.946963289100521,0.965976508049936,0.966916775720785,0.975137265554421,0.993232327114183,0.997220524785772,0.995470380763103,0.992870450920949,0.990083492826253,0.999699493815218,1.02486202868672,1.02354237741738,1.00146568827983,1.02943514615705,1.02157023348348,1.00430422360574,1.02276460967484,1.02411984019932,1.05058425318136,0.983087327637499,0.985472413777208,0.998922285357055,1.01532562459744,1.0509683324888,1.0648043331974,1.02838374523596,1.02933743171316,1.03014952900296,60.1583072936512,60.159063402571,60.1594035004759,60.1579269438257,60.1542564555425,60.1614995446525,60.1614673525129,60.1571096876773,60.1557461788322,60.1527753643433
3.33613798941978,242.518871233699,698.61120490387,666.841529661268,648.235925253032,509.233897974612,637.592652899106,522.082131351167,531.961239450223,808.166581618713,916.023579320811,173.836052041359,152.691669020324,135.62785464204,40.6525584080042,139.643332000887,218.990660897919,185.80926860244,12.7255297865172,41.2978989442915,226.693669633402,1.02743911498192,1.0213856235954,0.996167217699196,0.961621870924445,0.960474263217515,0.961372374498065,0.955463824302207,0.956309643014886,1.02047672587421,0.967314588399491,0.964179400019716,0.946815129918274,0.965827248689175,0.966767052470136,0.974977868614319,0.993067044133687,0.997062100317428,0.995315091447028,0.992734882129604,0.989964451436048,0.999519026096686,1.02468258728687,1.02336556315045,1.00129275194288,1.02933321506563,1.02143608673179,1.00416035012964,1.022625644943,1.02398202671841,1.05048263658106,0.982935594330999,0.985326586388124,0.998797037490417,1.01522343262914,1.05080428629498,1.06467259375253,1.0282959634693,1.02920807268534,1.03010751573993,60.1609220954901,60.15630719572,60.1576877669808,60.1623103140615,60.1624523492757,60.1637939657642,60.163785417881,60.160391315818,60.1637438221977,60.1551794016903
3.38955039812883,242.95054068874,697.285069097808,665.724692591549,648.613129020106,509.874938585792,638.162067711447,522.553391734509,532.11147619308,809.364219283975,912.868822488742,174.147192492194,152.777120656611,135.644551962739,40.8405615338974,139.381764277668,219.204999566381,186.003358157512,12.8168600035375,41.2924690169449,227.402529941537,1.02730030521348,1.02120585336393,0.996015196651028,0.961562899392541,0.960458409336972,0.961365032022297,0.955445224177578,0.956285941605412,1.02042851452069,0.967305178189749,0.964169753759629,0.946800522234117,0.96580698730508,0.966709952314438,0.974821434698768,0.992866685260616,0.99686089099998,0.995131119308731,0.99248731019248,0.989680056932395,0.999320386829288,1.02449607892253,1.0231788284232,1.00108980980798,1.02920667730046,1.02117563467095,1.00392702007342,1.0222503059871,1.02358362174738,1.05035665601078,0.98301422340614,0.985353056207796,0.998573309479954,1.01489429990003,1.0506430472223,1.06452494131315,1.02818526105462,1.02879332625565,1.03007510817815,60.1629767556132,60.1545475637945,60.1564141872768,60.1662584824268,60.1702158702503,60.1649677584844,60.1650793151436,60.1633937363523,60.1707528390175,60.1578472899617
3.44296280683788,243.108088046889,695.337669414579,663.861541035787,649.18773225113,511.223705767957,638.185349795349,522.664620817461,532.321524778477,811.297999373315,910.324552386001,174.504199553627,152.960541656771,135.681645188994,41.1084918003571,138.836061503414,219.430565658056,186.118794740704,12.9201802215771,41.2220679352588,227.93057464764,1.02715989116724,1.02100022267675,0.995861100287779,0.961567381384531,0.960540872829867,0.961462417993985,0.955525681711737,0.956358354256599,1.02043394470357,0.967396930837633,0.964262402543407,0.946881265597215,0.965878778618414,0.966718779174283,0.97466835037029,0.992643243599988,0.996630016519458,0.994927683772878,0.992148804988433,0.989259092515145,0.999118131755862,1.02431735065747,1.02299718915054,1.00087003465726,1.02906178180103,1.02082021358706,1.00362748462986,1.02169600823438,1.02298756610686,1.05021511677851,0.983251270146385,0.985505673460257,0.998268573643932,1.01437601343892,1.05049711103217,1.06437279210545,1.02805742036904,1.02816097338715,1.03005152469047,60.1646884627714,60.154875134866,60.156603915797,60.1694622819222,60.1763353756885,60.1655706635539,60.1658284775124,60.1660051953763,60.1757244865192,60.1607388847116
3.50905866807736,242.91998859145,692.874235973688,661.276216609747,649.983574485035,513.368338288241,637.539251943924,522.33222416552,532.581056678615,813.952319985609,908.07245900227,174.948093597021,153.235372196858,135.76899822291,41.4747727885429,137.960544964549,219.682244585316,186.156817395371,13.0546025073597,41.09143845631,228.415077494757,1.02699959446644,1.02074085757366,0.995671364429198,0.96159569107873,0.960678632104941,0.961620639485358,0.955663016029645,0.956485555741881,1.02046830774676,0.967548452689618,0.964415119297904,0.94701645799149,0.966001478979737,0.966753282142744,0.974480742975414,0.992359516103165,0.996333285304403,0.994669542357705,0.991670802986455,0.988645772821051,0.998881675063803,1.02412070865109,1.02279482864608,1.00059808432842,1.02887354405308,1.02033464382845,1.00322628425631,1.02092257583241,1.02215277211098,1.05003824520028,0.983592561128585,0.985747372362364,0.997836679142984,1.01360402976756,1.05034464363234,1.06419351262487,1.02789164269608,1.02726939841691,1.03002961471155,60.1667429029252,60.1588013395024,60.1596680745109,60.17213428716,60.1804073911175,60.1664523395944,60.1668336885449,60.1686285515986,60.1782493791924,60.1645485084218
3.57515452931685,242.452387094154,691.209887002817,659.279717000624,650.616471885171,515.352679191255,636.497280377634,521.690972855231,532.728402416107,816.012975844161,906.682726054983,175.302374849214,153.434633928132,135.878474720058,41.7733778226875,137.125328127116,219.857369586402,186.112636867593,13.1704363181543,40.94869069981,228.790032311955,1.02687469078044,1.02052416392126,0.995503160334551,0.961593688963492,0.960761268687237,0.961718664469557,0.955747390588818,0.95656321182922,1.02048754201689,0.967643730693003,0.964510664222132,0.94709865975658,0.966073388787322,0.966755294462095,0.974308536725304,0.992111398227715,0.996075931147696,0.994444619649164,0.991232281141978,0.988078141146669,0.998687708038284,1.02396687594831,1.02263539345306,1.00036496927422,1.0287079830616,1.01992252974398,1.00288341226938,1.0202720669933,1.0214506421677,1.04988985758698,0.983822012936408,0.985921044272543,0.997435511489116,1.01288499550553,1.05022830707583,1.06404434480761,1.02774698224295,1.02651672874521,1.03001158894215,60.1690975694012,60.1660145252489,60.1656521917092,60.1734588800561,60.1803469650368,60.1682136981204,60.1686197406055,60.1706968530956,60.1770065922334,60.1685314932474
3.67468354850267,241.766416396737,691.264665816745,658.752997677182,650.81825087886,516.625807322771,635.244252688385,520.875541992708,532.587643342298,816.486344819656,905.913148423686,175.500577046159,153.442033527202,136.019425464709,41.8929861857163,136.522066519252,219.91989951284,186.010923551807,13.253882072622,40.8346748711875,229.255278795084,1.02679073481071,1.02036991342795,0.995339433292819,0.961458636396204,0.960641634567989,0.961600519535796,0.955632993483051,0.956450542181174,1.02041863570626,0.967534135982721,0.964398211446168,0.946986103495548,0.965956391473715,0.966617911514114,0.974119857547302,0.991898139801002,0.995867994314784,0.994253166608734,0.990877045890247,0.987632682829714,0.998526385242421,1.02383965511723,1.02250419333161,1.00016705821778,1.02856783931603,1.01967184774988,1.00265277582062,1.01992724155809,1.02108391787404,1.04977746247217,0.98369893259753,0.985854297259382,0.997095406621952,1.01233170359517,1.0501261691827,1.06391343121222,1.02762674146082,1.02612346123219,1.02998636906293,60.1735085826857,60.1786782320725,60.1768387184151,60.1741811823756,60.1752275191395,60.1727702905871,60.1731257644994,60.1735493918414,60.1717043202713,60.1746763765072
3.79705965789776,241.583736165877,694.506358765907,661.608533278197,649.947093889854,514.823805495558,635.141020456221,520.881492122233,532.048754770939,812.94642672681,907.457253950259,175.117658499049,152.933610480713,135.99086331846,41.4538167447331,137.109843160962,219.715270263886,185.928999824708,13.1518777417254,40.8808551942412,229.34997891058,1.02688466866297,1.02051270710171,0.995365272519738,0.961205627645343,0.96024933403103,0.961179789283244,0.955248181566919,0.95608305084858,1.0202542605799,0.967131581960486,0.963990949443442,0.946605102815003,0.965587197519519,0.966350646884142,0.9741004877583,0.99198244934754,0.995987113864238,0.994339196539143,0.991078360892766,0.987933872271283,0.998591170318982,1.02388323760013,1.02255004047299,1.00024667164531,1.02862926873977,1.02004084511144,1.0029119794375,1.02061963798846,1.02184259931134,1.0498535761352,0.98299551854519,0.985365410892035,0.9972399936011,1.01274418783738,1.05014287304884,1.06393775312074,1.02767704384649,1.02693469791935,1.02997613977762,60.1796152214417,60.1888970291596,60.1868122403311,60.1758782316532,60.1693957194895,60.179313727347,60.1796624206323,60.17795163153,60.1683033045113,60.1821366964004
3.91943576729285,242.023941492039,697.628978004879,664.771684109169,648.788303915389,511.208124169898,635.969467448102,521.64646061481,531.66281091494,808.167406626125,912.776040964033,174.292089620905,152.219314287368,135.677088341136,40.6990556427245,138.421008969107,219.361785079633,185.817734964071,12.8889591896699,40.990245618908,228.342402676017,1.02715304873106,1.02089909425437,0.995639727687203,0.961158924626971,0.960045194230393,0.960943304533719,0.955051079637522,0.95590437244325,1.02023211662611,0.966899365620735,0.96375944255412,0.946398434257608,0.965397692589101,0.966290363146447,0.974354776989819,0.9923728620884,0.996409812230358,0.994709032890958,0.991729701367337,0.988795666973521,0.998904840706751,1.02413215586879,1.02280107596252,1.00061603288303,1.02888042292282,1.02077243434386,1.00350592800696,1.02181654690428,1.02313594155602,1.05008851619579,0.982430194809476,0.984980328183462,0.997792498840042,1.01384742621326,1.05033093541482,1.06413443189833,1.02787995850726,1.02830773052178,1.03001976891904,60.1851417765493,60.189014263877,60.1881131225326,60.1805607423801,60.1727652480054,60.1840204370005,60.1843920797164,60.1836977825151,60.1751685150658,60.1889394736326
4.04181187668794,242.263643802662,697.281974138106,664.4421854774,648.285617468465,509.184290715475,635.972682212762,521.82213018665,531.696413795156,806.552238002672,921.842493946576,173.455172534596,151.80536394411,135.207516192813,40.1242921634247,139.124132937677,219.02187124691,185.491081543476,12.6239469639326,40.8915136295716,226.01347996114,1.02748794189485,1.02129945648569,0.996058264593826,0.961555980753028,0.960440498968437,0.961335488748941,0.95545199101603,0.956307862281851,1.02054118512138,0.967269507978756,0.964138912223136,0.946769344947781,0.965774451968961,0.966689327196494,0.974809444415454,0.992856763135576,0.996886386491896,0.995165959153607,0.99231845137315,0.989491769086438,0.999336740018191,1.02451102948846,1.0231741480491,1.00108761858645,1.02916818409633,1.0212739325572,1.00399363000216,1.022461914238,1.02380727291067,1.05033661178941,0.982738066245963,0.985265747908004,0.998303890029794,1.01466925786622,1.05065785417946,1.0644134029078,1.02811082532696,1.02898707712752,1.03013008749938,60.189626640428,60.1844794921519,60.184826983046,60.1876240343594,60.1858148621132,60.186793814128,60.1870310829867,60.1897170752888,60.1899025659254,60.1943936140772
4.11210629389894,242.044535429929,695.319278561659,662.31525380867,648.341793511491,509.583461988827,635.181530216593,521.275405561188,531.789270085948,807.813286674648,927.850300486905,173.113014106444,151.80290360516,134.964916005114,39.9939782637343,138.936808091826,218.871611044203,185.191935224832,12.5336361835933,40.6892387377235,224.335676302754,1.02765944123632,1.02145754943988,0.996293111216721,0.961950596322016,0.960922055577019,0.961832010252836,0.955936033735514,0.956784586148219,1.02084614724385,0.967745024791408,0.964622238325032,0.947230649066841,0.966231460624359,0.967093345326892,0.975086949408689,0.99308381861228,0.99708762235176,0.995380468728404,0.992472528596236,0.989611616610273,0.99956801682681,1.02473341742005,1.02338973109207,1.00131853734515,1.02929009419668,1.02131212191117,1.00410197507754,1.02235548927492,1.02366605009191,1.05043477988017,0.983330749815374,0.985753139310815,0.99843943531594,1.01475165711686,1.05086529586935,1.0645652163403,1.02821201805355,1.02880051807601,1.03021098983654,60.1920569139907,60.1837129401926,60.1843589249291,60.1919521495896,60.194823409035,60.188623673394,60.1887224805979,60.1928587812735,60.1983426428562,60.1967190312017
4.18240071110994,241.584943016814,692.875324152061,659.593049653341,648.46384715111,510.940719271597,633.992947074908,520.366226256639,531.774116331854,810.079260859376,933.014884487569,172.933305723665,151.931988566993,134.818794565104,40.0095732108852,138.393856996357,218.775530554456,184.891703652419,12.5162250893158,40.4310619933808,222.872005157774,1.02777732188701,1.02153001472504,0.996458199560926,0.962333947461849,0.96142146585666,0.962352135602379,0.956437686345236,0.957276101717208,1.02114601641064,0.968245491904973,0.965129725454897,0.947711806963603,0.96670473276131,0.967488219048544,0.975294230652267,0.993213712361312,0.997184925099268,0.995503474477054,0.992458864642901,0.989507198791926,0.999725917396083,1.02490003443394,1.02354967031583,1.00145945953979,1.0293476446167,1.02117551986397,1.00406718709328,1.02196589947771,1.0232183466059,1.05047840515137,0.984002069980369,0.986301266755424,0.998427202174747,1.01454457762372,1.05102959726707,1.06467233274531,1.02826676873447,1.02828528818477,1.03028169651929,60.1948178491496,60.1866850971063,60.1872282730446,60.1960047282057,60.2019187193598,60.1917067611455,60.1917300592309,60.1957836124662,60.2038264684633,60.1984463745541
4.23485649626274,241.187482453504,691.29868399253,657.797755921082,648.515794930668,512.191491358743,633.104796306164,519.666001081311,531.668277736694,811.81264585835,935.581115498742,172.903887096223,152.061356215211,134.789881331572,40.0844296145335,137.906047121461,218.744601431373,184.72626002105,12.545834662172,40.251335447361,222.147005701685,1.02781910272625,1.02152932173714,0.99651552114925,0.962540249731353,0.961706361753283,0.962651225586669,0.956724073345794,0.95755569097361,1.02131106003771,0.968534444057365,0.965422172721166,0.947987515794663,0.966974253154787,0.967701764743837,0.975373850708219,0.993237218960455,0.997186917876878,0.995526220307244,0.992365376539877,0.989333542247812,0.999777685945109,1.02496588459059,1.02361212033538,1.00149299635899,1.02934663442777,1.02101088990214,1.00397552565114,1.02160527048829,1.02281331282127,1.0504755105554,0.984409469856125,0.986634868618556,0.998343823133908,1.01427964461965,1.05110016205664,1.06471171069217,1.02827469819492,1.02783050505778,1.03031665914495,60.1972173814684,60.1914588576464,60.1917177803041,60.1988343236888,60.2051367652852,60.1950261240753,60.1950809251526,60.1979772579322,60.2054436107373,60.1994255406976
4.28731228141554,240.856418250934,690.363371077662,656.695556373466,648.518148858753,513.255959631052,632.459390023153,519.16303784063,531.517114486639,813.048971242126,936.528294543507,172.946982582999,152.166236561644,134.829332779788,40.1775430375115,137.497384688478,218.752602357955,184.656638136875,12.5973685417545,40.1205025118331,221.885108057897,1.02781739831039,1.02149141752524,0.996510821079513,0.962631173033301,0.961847259787191,0.962801262940658,0.956865936907909,0.957693303510163,1.02138747384695,0.968680674782146,0.965569594169198,0.948125121872645,0.967107291270049,0.967796864995555,0.97537813924693,0.993202741302445,0.997139496720072,0.995494695858619,0.992239741489515,0.989141919975738,0.999768569185544,1.02497223533386,1.02361734318385,1.00146695704345,1.02931553735615,1.02085180421598,1.00386570179812,1.0213027189717,1.02247840738549,1.05044808990764,0.984631890408405,0.986819483036975,0.998231115100152,1.01401255994099,1.05111425892566,1.06471313800988,1.02825801921902,1.02745984597889,1.03032924933515,60.199903941343,60.1978155440579,60.1976905930023,60.2015613723881,60.2065043038826,60.199080334302,60.1992422842403,60.2003045816874,60.2051872013598,60.2002618625414
4.33976806656835,240.677387396944,690.271767790423,656.526247898802,648.50606385468,513.866263272043,632.211631363853,518.998498447064,531.383638668569,813.467984562201,935.652351224971,173.045578432825,152.218638996136,134.923616182333,40.2649546109458,137.275713145432,218.79502561025,184.701122528586,12.6586028226602,40.0770234083184,222.132568060453,1.02777371580188,1.02142569808043,0.996446577781924,0.962587517997519,0.961813440021821,0.962769326379992,0.9568325309302,0.957659298212429,1.02135998636757,0.968652717138933,0.965540070062426,0.948094984106023,0.967075359626376,0.967753605018686,0.975308208363011,0.993120578136408,0.997055786289932,0.995418026765481,0.992113377819724,0.988980204341629,0.999703390857317,1.02492072910256,1.02356708927997,1.00138978277463,1.02926231637221,1.02073767642412,1.00376559401079,1.02113242679374,1.02229565071971,1.05040179018351,0.984616334104718,0.986815345097754,0.998116982931439,1.01381007118253,1.05107223532673,1.06467964774545,1.02822073090818,1.02726386697329,1.03031730348826,60.2027738499143,60.2047851331891,60.2042490939765,60.2042293680694,60.2065029621614,60.2035042980634,60.2038075367938,60.2027878944415,60.2038039923987,60.2010909905859
4.39222385172115,240.702525658054,691.033471704836,657.30100025937,648.532739005596,513.896083804307,632.418241459914,519.224535247923,531.328997086347,812.977059463528,933.02859137751,173.181312421134,152.195176221389,135.054895514592,40.3314073720117,137.287275453397,218.874081614129,184.856521841552,12.7183198145107,40.1242968676193,222.867519629167,1.02769321824299,1.02134245207397,0.996333309455357,0.96241582850552,0.961608995980195,0.962559112173312,0.956627538053934,0.9574573504601,1.02123078621868,0.968454102353563,0.965337221639168,0.947901053480482,0.96688288891164,0.967578726168059,0.975176023985163,0.993004954717465,0.996950828576141,0.995309594649737,0.992009557456754,0.988879879629462,0.999592854935303,1.02481957984544,1.02346916171831,1.00127456985579,1.02919710908099,1.02069289066585,1.00369533749576,1.02113273993972,1.02230639532524,1.05034325032043,0.984362525959004,0.986621574863663,0.998022215841592,1.01371302719077,1.050981259298,1.06461633178152,1.02816931438081,1.027286955967,1.03028191641438,60.2056588750575,60.2112573266751,60.2103509384054,60.2068213239831,60.2059176768821,60.2078104420817,60.2082266509692,60.2053488346299,60.2022844237457,60.202053641593
4.44467963687395,240.939390660685,692.460423567044,658.804200435468,648.639719642464,513.384162489311,633.028081479341,519.791010803828,531.385315926206,811.712532013045,929.021673299392,173.343123463537,152.096709916468,135.203480667551,40.3764049204049,137.514473079642,218.98878868639,185.096911700757,12.7734544519896,40.2574710048994,223.990864034712,1.0275840404932,1.02124790337164,0.996183683553701,0.962142892708954,0.961267957080968,0.962205929396434,0.95628501037669,0.957120818635187,1.0210199729523,0.968118824638067,0.964995533711963,0.947576159156986,0.966562310918357,0.967299952765032,0.974997879988879,0.992867541415128,0.996834099993582,0.995180092389172,0.991933673389955,0.988843225910428,0.999449469855445,1.0246812149623,1.02333509888487,1.00113333655407,1.02912564023826,1.02071335637843,1.0036566217182,1.02128657756514,1.02249079415769,1.05027662366596,0.983914332297657,0.986273905224992,0.997951890287086,1.0137202109457,1.05085394316349,1.06452934393975,1.0281082112282,1.02750667296305,1.03022778405325,60.2083629760669,60.2162352470312,60.2150609643994,60.209255352626,60.2056035347617,60.2115055882062,60.2119496665312,60.2078333283461,60.2016011793425,60.2032732045137
4.49713542202676,241.348671116246,694.218705920211,660.654406395838,648.836205472825,512.520475266653,633.895536382799,520.560200957218,531.543106201005,810.010989476628,924.231022670437,173.52297250838,151.941695875234,135.349647202307,40.409431275191,137.878068981665,219.134560672856,185.378952137633,12.8258908682023,40.4524850821835,225.339603274759,1.02745734924124,1.0211462878946,0.996013476558785,0.961813410411467,0.960850267327216,0.961772443998264,0.955865148630559,0.956708563263172,1.02076265344726,0.967707028775031,0.964576046898481,0.947178002280362,0.966170196815784,0.966963426754063,0.974794636123197,0.992718691711749,0.996711559372922,0.995039188331652,0.991876655423299,0.988848023902386,0.99928765931883,1.02452165321314,1.02317982025498,1.00097792437215,1.02905108668025,1.02077297499829,1.00363725140801,1.02153228705723,1.02277936098138,1.05020495076025,0.983354823338027,0.985838964718395,0.997898205480514,1.01379442779345,1.05070698891911,1.06442623735784,1.02804125870546,1.02784541151162,1.0301626639304,60.2107056343051,60.2190623532743,60.2177717432231,60.211415079915,60.2062445881731,60.2142075323516,60.2145700152908,60.2100688858405,60.202460636316,60.2048350981937
4.54959120717956,241.850684137834,695.910266275178,662.402997777515,649.094207756746,511.589859938891,634.817795491688,521.346448552846,531.755630618664,808.323019511089,919.388049224484,173.711715948186,151.761860742203,135.475136393358,40.4434719537215,138.260763673978,219.300515654866,185.65093170712,12.87876129612,40.6690576798304,226.708590511173,1.02732703990299,1.02104189191032,0.99584132889841,0.961482958541794,0.960431246569799,0.961337512503899,0.955443715498268,0.95629466990224,1.02050329048358,0.967294233328342,0.964155443070824,0.946778938218991,0.965777346505602,0.966626353210488,0.974590641398165,0.992569041401485,0.99658825747783,0.994897059913841,0.991822022021087,0.988858550766168,0.999123933294411,1.02435982325533,1.02302121960967,1.00082113840034,1.02897594908449,1.02083416948502,1.00361825464956,1.02178364889384,1.02307499814741,1.05013141589648,0.98279037035654,0.985401377831514,0.997846664423386,1.01387802332082,1.05055977670875,1.06431679132788,1.02797266414439,1.02819432640484,1.03009642945104,60.2125629830928,60.2195608067646,60.2183356509953,60.2131976330995,60.2081651686773,60.215732814722,60.2159261923729,60.211928734947,60.2051193556198,60.2067723257787
4.60204699233236,242.341430533647,697.164113010436,663.642894908469,649.360730666804,510.889669378411,635.582973735519,521.967003128342,531.958187257346,807.09683991155,915.226605509731,173.896243987864,151.594548087242,135.565288233031,40.4886820241153,138.541593208509,219.469282450765,185.864099788575,12.9330642981346,40.8593439487724,227.885233223402,1.02720843047717,1.02094056328364,0.995687235872639,0.961207769155385,0.960086759785158,0.9609805244901,0.955097095995975,0.955953892728153,1.02028725893612,0.966956254345408,0.963810769470153,0.946451653059083,0.965454869872833,0.966346429113073,0.974411296803837,0.992430507883808,0.996470593493006,0.994765238750213,0.991754310995138,0.988839604545879,0.998976078965727,1.02421579757348,1.02287862069581,1.00067712545115,1.02890364899394,1.02086060310472,1.00358202640257,1.02195517235696,1.02328102720401,1.05006023670926,0.982328542473359,0.985045949730512,0.997783550049409,1.01391329621474,1.05043211405308,1.06421293390085,1.02790746786519,1.02844410144018,1.03003943162401,60.2138981593837,60.2180568981882,60.2170822334246,60.2145565408526,60.2112465623329,60.2161360782067,60.2161350907645,60.2133768482885,60.2093166781502,60.2090601760927
4.65450277748517,242.714662315599,697.716093798008,664.100086146047,649.579453852493,510.643317682429,636.018361692865,522.289029453556,532.093108828464,806.658038202366,912.355441983145,174.05995939829,151.473734741828,135.611388757388,40.5485241508016,138.631090347722,219.62005139709,185.98366859067,12.9863360885736,40.9806927998454,228.690602253992,1.02711593155004,1.02084971149374,0.99556932411118,0.961032921166962,0.959876819320464,0.960764172189275,0.954885794253411,0.955745537395379,1.02015124066542,0.966752652574286,0.963602658427952,0.946253370547872,0.965258776745687,0.966169705853509,0.97427883798867,0.992315418906388,0.996366652801319,0.994655614050514,0.991665530376286,0.988768513433879,0.99886066133537,1.02410752842563,1.02276964886902,1.00055990822186,1.02883875148046,1.02082779921345,1.00351840538074,1.02198523094648,1.02332717808567,1.0499965933553,0.982054186946914,0.984838617861946,0.997701703941796,1.01386088597447,1.05034085148216,1.06412703359842,1.02785094728895,1.02851413680346,1.03000044815915,60.214773618693,60.2152944366761,60.2147239738463,60.2155211848635,60.214972538033,60.2156942880347,60.2155514860309,60.2144770445549,60.2143438344067,60.2116210484058
4.70695856263797,242.886596337205,697.461792566795,663.688960191359,649.711476457087,510.935625958981,636.028613575265,522.259879934564,532.12988114558,807.120040187062,911.158770080659,174.185273978388,151.421469864251,135.61193682509,40.6184995709059,138.496487039975,219.733030685449,185.996039666163,13.0332189736598,41.0077177857993,229.015182402433,1.02706051206666,1.02077733959221,0.995500350053961,0.960982543030283,0.959832341571226,0.96072057951789,0.954841092877932,0.955700402482408,1.02011522347821,0.966713518720104,0.963561895854427,0.946213190618205,0.965217600492389,0.966120578596188,0.974208006090337,0.992234569023785,0.996285178316945,0.994578478589661,0.991558421715934,0.988642354436056,0.998789979579729,1.02404737039401,1.02270679223215,1.00048101471289,1.02878626326325,1.02072972205507,1.00342786678295,1.02185189428841,1.02318760194745,1.04994592303136,0.982010248135618,0.984811613565724,0.997603481685066,1.01371152827511,1.05029659613635,1.06406941946537,1.02780760436446,1.02837320112504,1.02998484183113,60.2153413546883,60.2122609788168,60.2121794618016,60.2161869053442,60.2185905975427,60.2148411286906,60.2146692956855,60.2153653819752,60.2192349283767,60.2143382166202
4.75941434779077,242.817032389836,696.474917548389,662.523133789819,649.746309485871,511.689903372065,635.616359117487,521.91395140656,532.07281608047,808.353241919637,911.743891825293,174.255720565955,151.44184347291,135.571849860153,40.6864414240988,138.169865548959,219.793098109859,185.909936560155,13.0666966272187,40.938082294995,228.837210367741,1.02704807162404,1.02073125982896,0.995485896173649,0.961055597182085,0.959949480684599,0.960845378020992,0.954959294193067,0.955815112905506,1.02017879524695,0.966834026652803,0.963683819029728,0.946326830678997,0.965327280675395,0.966197547061271,0.974203867332966,0.992195886753405,0.996234684902343,0.994541297519805,0.991446949564527,0.98847983639521,0.998770314496434,1.02404020191018,1.02269547705848,1.00044797061195,1.02875117377194,1.02058116979351,1.00332244592601,1.02157919380577,1.02288808861,1.04991335252497,0.982189301075985,0.984957555105435,0.997501211758094,1.0134895154956,1.05030210169494,1.06404657914659,1.02778081424329,1.02804793035993,1.02999360283132,60.2158115309132,60.2099668890386,60.2103583749867,60.2166831638943,60.2213405044778,60.2140671292094,60.2139950486265,60.2161998359357,60.2230286189311,60.2170755740036
4.82312236443264,242.438714550724,694.652879460554,660.52129849683,649.682060756354,512.898702311933,634.704543306638,521.22949653231,531.926383685174,810.369187010561,914.568433322704,174.247992861623,151.5422978237,135.483805963915,40.739230577307,137.649451558359,219.783277363518,185.713374802031,13.0793798859245,40.758494298179,228.050016735337,1.02709053280609,1.02072063843143,0.995538298252149,0.961271549058177,0.960252164256781,0.961163177661733,0.955264813625381,0.956113896999571,1.02035875653047,0.96713709769195,0.963991966381057,0.946616633707988,0.965609828007487,0.966420284544919,0.974280771767448,0.992211672644223,0.996225795268596,0.994555408852121,0.991340027504434,0.988289019108519,0.998814447735027,1.02409830078214,1.02274783234699,1.00047340280799,1.02873857107217,1.02038313464187,1.00320728042276,1.02116019696931,1.02241963593235,1.04990434449657,0.982620439464685,0.985299554467879,0.997401961886604,1.01320199053208,1.05036815899314,1.06406799482412,1.02777397098648,1.02752597913461,1.03003165855459,60.2165740661618,60.2093245059295,60.2100997170054,60.217241040421,60.222769711288,60.2138583229508,60.2140214310119,60.2173232151526,60.2251966746298,60.2202317723151
4.90272997385118,241.723400438741,692.323368721553,658.09268244655,649.506084228304,514.140452149021,633.391259479928,520.333295029741,531.729139984242,812.553792862659,920.250480427292,174.061247346598,151.687549847524,135.331047309979,40.7030636427016,137.099401729305,219.643878125145,185.412426311457,13.0343709348757,40.4590805423024,226.511788880781,1.02722154147913,1.02079576853905,0.995698633193905,0.961639817697616,0.960734983948552,0.961665854172562,0.955752265464502,0.956592665778268,1.02065961381454,0.967614043662865,0.96447798856725,0.947076221480659,0.966060616045329,0.966796887576356,0.97447859845108,0.992335658061287,0.996316356597739,0.994672646452797,0.991322558724113,0.988181008228494,0.998965623400208,1.02425616433987,1.0228997276082,1.00060829252959,1.02878526163927,1.02023108862429,1.00316111667533,1.02074599957531,1.02194439774687,1.04995112820872,0.983273112766256,0.98581436134454,0.997380387143532,1.01299053076744,1.05051947312825,1.06416669697034,1.0278151904041,1.0269770614277,1.03010545037642,60.2182102039789,60.2125255813773,60.2132705447065,60.2180875635261,60.2215772327728,60.2152695447519,60.2157122760609,60.2190175287986,60.2239666581643,60.2236590400699
4.96586716428192,241.177517480946,691.102105313923,656.892308944632,649.323293159188,514.447895891879,632.569391928179,519.832626574701,531.612057724978,813.26257423854,925.442846274416,173.767492378112,151.746851952986,135.195250963789,40.5642585749169,136.93630109055,219.451806450736,185.189915025922,12.9481382395429,40.2366984708589,225.145015472115,1.02737135947677,1.02093013079155,0.995881749708062,0.961928798389468,0.961086188461804,0.962027587216383,0.956107015058155,0.956943005297984,1.02089101543161,0.967956370062651,0.964827409639782,0.947409050065935,0.966389666181902,0.967090159141626,0.974687635162389,0.992511125650305,0.996473050489032,0.994840039799529,0.991439425607412,0.988268957013084,0.99914591199222,1.02442844294226,1.02306947188146,1.00078788874347,1.0288769176609,1.02026364282665,1.00324738033043,1.02066779411165,1.02183770484369,1.05003650459843,0.983709793545374,0.986163175790264,0.997478886089636,1.01304632282001,1.05067237095891,1.06429135181257,1.02789096346364,1.02682767537606,1.03017048152281,60.2201450493624,60.2177776251548,60.2180506471179,60.2189788662756,60.2190975917867,60.217678137339,60.2182007935053,60.2205681898898,60.2207694529308,60.2258551888063
5.02900435471266,240.847458639558,690.883847473394,656.728313545889,649.098822615156,513.938262397721,632.188262442197,519.649445314386,531.532456035245,812.664810175628,930.294502823754,173.364764069998,151.69790503223,135.062643962058,40.3251824665134,137.107611214753,219.225352242167,185.020081440091,12.8268652976522,40.0844144720483,223.908614325628,1.02754141892351,1.02112287075416,0.99609024015556,0.962151331255906,0.961323520841265,0.962266902696884,0.956346981905097,0.957182481432506,1.02106361317639,0.968182736911308,0.965058897037314,0.947632813667587,0.966614376132324,0.967313567680932,0.974911406735306,0.9927373981377,0.996694144280891,0.995057470025199,0.991678519523872,0.988532588373055,0.999357474066952,1.02461908492785,1.02325991085362,1.00101236753855,1.0290125313001,1.02046788027019,1.00345804565458,1.02089921075985,1.02207034952267,1.05015907605473,0.983950968958369,0.986367306422912,0.99768587816288,1.01333958353015,1.05083325860185,1.06444039729695,1.02800256782174,1.02704620958676,1.03022878590495,60.2225065527042,60.2240949086303,60.2236202616264,60.2201406269054,60.2167076170544,60.2207751678186,60.2212016052423,60.2222258615624,60.2173093649506,60.2275693564906
5.0921415451434,240.815038778176,691.690461233375,657.555066627149,648.809340325205,512.739033328638,632.271002911393,519.758533218945,531.456487717258,810.884086473068,934.247126149111,172.905644162627,151.53722954842,134.943802835194,40.0207138723027,137.565846506315,218.99955374335,184.909058250744,12.6944125211743,40.0422650335893,222.945983453624,1.02771074930796,1.02134787666351,0.996295321195153,0.962277389962305,0.961415076015028,0.962351412382006,0.95644047072456,0.957279796669887,1.02115702658153,0.96826362547442,0.965141932579838,0.947718068554118,0.966705243970192,0.967437240079237,0.975119173345252,0.992983268697944,0.996948209244403,0.99529435350919,0.992001767974736,0.988925829112389,0.999573976605122,1.02480655673891,1.02344872851431,1.00125163493308,1.02917172355805,1.02080932616451,1.00376009573393,1.02139744067957,1.02259876048297,1.05030151752452,0.98395681820748,0.986401574438496,0.997968338053434,1.01381496190495,1.0509868451045,1.06459470594188,1.02813549924808,1.02759152124444,1.03027354933169,60.2250028288835,60.2298819552932,60.2286301237047,60.2216611371911,60.2157956029144,60.2239497241319,60.2241601477261,60.2239521511531,60.2153270293538,60.2288603007491
5.15527873557414,241.03769840698,693.202778800038,658.996734848869,648.451715307391,511.220515951749,632.656368847094,520.028734753605,531.352666775882,808.457912336191,937.063288833876,172.46156817938,151.28573052932,134.848927862947,39.7101981961587,138.161769997647,218.820365554784,184.845739555185,12.5768695809726,40.0979189759544,222.313800196147,1.02785862172599,1.02156906368907,0.996470298850749,0.962310620471122,0.961379529980109,0.962302513862977,0.956406348305651,0.957252567602939,1.02117697341329,0.968219357234415,0.965097096788505,0.947683004130106,0.966678744763081,0.967465903042888,0.975286310684197,0.993211333375241,0.997193468121759,0.995514413703686,0.992343034914765,0.989358858939236,0.999767467557836,1.02497015294908,1.02361404295349,1.00147093355814,1.02932757922014,1.02120921862128,1.00409106281958,1.02203218800903,1.02328205873394,1.05044103512514,0.983772085121189,0.986297830107365,0.998268450503273,1.01435527766322,1.05111973616245,1.06473336052726,1.02826901001202,1.02831431355713,1.03030222650683,60.227320454717,60.233774298463,60.2320022742825,60.2236492018087,60.2172947294362,60.2266790321058,60.2266642196177,60.2257714328168,60.2161122994523,60.2298245687797
5.21841592600488,241.369823567688,694.865174333812,660.489464754411,648.075497633946,509.864947856662,633.081710447546,520.286659090288,531.219854139792,806.15197175414,938.782186116392,172.106353069319,151.00321427363,134.781532234996,39.4607625721548,138.70258686397,218.714089779032,184.807558323301,12.4962693793709,40.2106161744102,221.982546322356,1.02796805395645,1.02174747316708,0.996594714967814,0.962281292748129,0.961272921577189,0.962180960962626,0.956300919756004,0.957154854640627,1.02115009172536,0.968107499438682,0.964982886697588,0.947581471499306,0.966586121759026,0.967431876880727,0.975398731542594,0.9933875793967,0.997388089580625,0.995683654778847,0.992628603372059,0.989727621073019,0.999915747299746,1.02509575476989,1.02374049647856,1.00163978719213,1.02945219150629,1.02156611625768,1.00437578371699,1.0226236573271,1.0239236377719,1.05055302505879,0.983498891735748,0.98613013932745,0.998521549342347,1.01482138599948,1.0512243999623,1.06484050456066,1.02837982547293,1.0290021305478,1.03031647927709,60.2292527825522,60.2350908673101,60.2332784535088,60.2261736285386,60.2213551623964,60.2287243275514,60.2285774601385,60.2277391264448,60.2200543279097,60.2305681827982
5.28155311643562,241.630286192617,696.083982460377,661.48348131967,647.781114424779,509.095669358171,633.298754357458,520.388595548305,531.0938272359,804.706201915855,939.588136150752,171.894335848269,150.76297078968,134.739598375528,39.3257284593416,139.020641234391,218.686209265745,184.773902851957,12.4633162318263,40.3182946670966,221.870009246159,1.02802873961895,1.02185307101432,0.996659956778216,0.962234824230868,0.961168425540784,0.962065141792709,0.956197305570186,0.957057129589732,1.02111250871138,0.968001970326103,0.964874559531255,0.947483426990684,0.966494682815961,0.967382773188175,0.975455713538875,0.99349054654063,0.997502792073438,0.995780393540391,0.992800451949093,0.989948081499473,1.00000647494647,1.02517673160752,1.02382073486838,1.00173959016697,1.02952615780512,1.02179151892704,1.00455190095332,1.02300640504818,1.02434094734871,1.05061858035474,0.983263622471102,0.985987922829094,0.998676422824786,1.01509911207471,1.05129780812458,1.0649078181379,1.02844996176381,1.02945452597496,1.03032062662157,60.2307786202752,60.2340550734858,60.232743526708,60.229177796449,60.2272916206996,60.2301943697332,60.2300511109456,60.2298763125107,60.2264921928357,60.2311866362915
5.34469030686636,241.687338826372,696.431421497357,661.627552569103,647.6787242962,509.130116286294,633.181382623108,520.276334022989,531.026847872818,804.570829390114,939.669801935957,171.850849676128,150.629935368473,134.721244349706,39.3306136279882,139.030695177479,218.726058064606,184.738646087738,12.4787685598245,40.3683017111082,221.891996022897,1.02803727251798,1.02187059492189,0.996666848649421,0.96221060468089,0.961125629704401,0.962018532248778,0.95615485580043,0.957016679807235,1.02109408412406,0.96796215472192,0.964832735475758,0.947445453675753,0.966459121808071,0.967359398173816,0.975463904334406,0.993512274577279,0.997524613421746,0.995796739759851,0.992829455409873,0.989977813750761,1.0000351407325,1.02521036199407,1.02385214550175,1.00176354966146,1.029540882397,1.02183371993924,1.00458484895857,1.02307890626312,1.02442102730678,1.05062799299585,0.983167736435343,0.985940486831654,0.998706826712637,1.01513058274032,1.05133728113806,1.0649328397236,1.02846980593516,1.02954544404361,1.03031907265953,60.2320541014275,60.2316963870762,60.2312889354287,60.232430155465,60.2338254135748,60.2314547661564,60.2314192756522,60.2321177368711,60.233927756649,60.2317577834698
5.4078274972971,241.520475808389,695.789190402404,660.878540292342,647.829937617416,509.91385909564,632.775964702693,519.996270360039,531.055912723628,805.748397890118,939.124357701092,171.971094240187,150.638594796498,134.729380216617,39.4675124161855,138.75296324207,218.815951475854,184.715004437189,12.5373883179604,40.3420540588245,222.006327903878,1.02799608271088,1.02180121005397,0.996620805194742,0.962223647402815,0.961165227806969,0.962062994583778,0.956194103747221,0.957053382228262,1.02110558228727,0.968007761521963,0.964877780106111,0.947486612563491,0.966497922270243,0.967376772912727,0.975429688051778,0.993455549309799,0.997455868518006,0.995736151287252,0.992719097693973,0.98982320312927,1.00000157636024,1.02519428869423,1.02383325754292,1.0017136078479,1.02949746443106,1.02168910823256,1.00447368479987,1.02283049196833,1.02415119197366,1.05058172104049,0.983247176028931,0.98600919099491,0.998614752037857,1.01492546986906,1.05133770461367,1.0649161329881,1.02843852572711,1.02925857107342,1.03031400850742,60.2333215090966,60.2294779850601,60.2300778110502,60.2355574587676,60.2395240126688,60.2329281625969,60.2330264824043,60.2343107539539,60.2405353256044,60.2323459367001
5.49359479390033,241.139451272719,693.848402765631,659.002676703912,648.363745226198,511.596771550041,632.140611005392,519.595717672928,531.234521142457,808.548113068682,937.346614457212,172.330376483099,150.849361779395,134.795121371671,39.7863931374024,138.136901227694,218.9840984583,184.749157250468,12.668153498413,40.2345533975134,222.345840822617,1.02787558568254,1.02160228375025,0.99648777568435,0.962265833158418,0.961291863360928,0.962205701015302,0.95631934885782,0.957170210120209,1.02114152971174,0.968145122711584,0.965016074495017,0.947611509624265,0.966614070321937,0.967427614323746,0.975320621857889,0.993277093430173,0.997250156703195,0.995556579161126,0.992413780111716,0.989419846884992,0.999865426448735,1.02509214163674,1.0237286014014,1.00154698446789,1.02936487404013,1.02128542617675,1.00415778492408,1.02214955872754,1.02341154994179,1.0504507127647,0.983535838707385,0.986212599512932,0.998350784649036,1.01440911474051,1.05126692857398,1.06483332492236,1.02833011951663,1.02846640368083,1.03029944167004,60.2353526100451,60.2290872331332,60.2305738815758,60.2388955984612,60.2440378284788,60.2356652194115,60.2358586164678,60.2368753117658,60.2455612342213,60.2332869355309
5.59672158211606,240.92842320574,691.553590855168,656.983443993156,649.123242109811,513.347380914127,631.923015133877,519.506782371147,531.521816094591,811.593183880556,933.59142201289,172.85962614026,151.199889738063,134.94749773811,40.1769099762613,137.487265524469,219.208073600588,184.935132195685,12.845112725602,40.0918630549074,223.130582267908,1.02768047720863,1.02131112524541,0.996269587569707,0.962253805715355,0.961379460855988,0.962312893272141,0.95640397451584,0.957244271218265,1.0211339126007,0.968246319498433,0.965117812274826,0.947698585347797,0.966689629439537,0.967423848758762,0.975120628008586,0.992991479825754,0.996938544891962,0.995278296217045,0.991995667884233,0.988900689389831,0.999617106471214,1.02487975520356,1.02351754700977,1.00127044857003,1.02916400109092,1.02075963896828,1.00372775879888,1.02130272101239,1.02249632829616,1.05025716391518,0.983838921708233,0.986400961794368,0.997982550401497,1.01377228439619,1.05109053986486,1.06467547673754,1.02816066895217,1.02748836295508,1.03026462658235,60.2381726694572,60.2338738348766,60.2350975034761,60.2409506897572,60.244060440096,60.2395609254321,60.2397002219642,60.2390023008634,60.2446050420016,60.234835735941
5.69984837033179,241.29723349012,691.10002157427,656.733133828006,649.553663094781,513.782256673001,632.603265858023,520.031150389155,531.707740241148,812.275579311959,928.682206091694,173.256501451335,151.384405073311,135.137497046198,40.3855917441916,137.330995310447,219.404979516638,185.234100569195,12.9747949344414,40.0659565819072,224.299431803686,1.02749815225617,1.0210907398102,0.996056188160245,0.962084905513291,0.961227593048876,0.962165494142713,0.95624855885435,0.957085773844467,1.0209999187058,0.968106156996178,0.964974043147503,0.947556229934382,0.966543104183968,0.967255440687106,0.974895272127021,0.992739532394226,0.996688883225947,0.995040936440103,0.991721662483287,0.988606306408083,0.999368423622561,1.02464624460285,1.02328909939601,1.00101653206507,1.02900467856469,1.02048553970163,1.00346622721574,1.02094195553373,1.02211759297721,1.05010644658286,0.983757650465916,0.98630588528525,0.997734914486596,1.01345215089406,1.05087972984719,1.06451173369914,1.02802470645538,1.02709469358531,1.03021058396973,60.2406644404686,60.242010224783,60.2417908032595,60.2411830266829,60.2405133086858,60.2425649216612,60.2425915622524,60.2401446504687,60.2389613855148,60.2370436289972
5.76935239307328,241.794074355632,692.204590929719,657.803361198967,649.546268728624,513.22626558374,633.373570862468,520.602058731152,531.726325123254,811.08354824409,925.493564496945,173.365958081371,151.322055246377,135.249953411726,40.3835257947509,137.5456267827,219.502683505325,185.429077683716,13.011527558871,40.1466371359002,225.160518722558,1.02741521798497,1.02102597814489,0.995948089644088,0.961883302529356,0.960974323845453,0.961903220611316,0.955993476993072,0.956834850871229,1.02084059650071,0.967858495198036,0.964721182662089,0.94731599950882,0.966306274834874,0.967049208841806,0.974761594435042,0.992635149837198,0.996604068579139,0.994947079721349,0.991673618004482,0.988595957355574,0.999249332035146,1.02452490293154,1.02317114270846,1.00090574531924,1.02895214325135,1.0205173035825,1.0034476939146,1.02108952745048,1.02229077472318,1.05005829519238,0.983425998255862,0.986050769738483,0.997686496278011,1.01348350060518,1.05076487605547,1.06442894902262,1.02797938764062,1.02729460082115,1.0301694094695,60.2417042627106,60.2468316298958,60.2455380207205,60.240845020014,60.2380866792857,60.2432886761854,60.2432849550499,60.2405696409536,60.2352869648476,60.2389476550313
5.83885641581478,242.235141909412,694.030832156228,659.444687845227,649.363710530613,512.290807513797,634.003368381876,521.082356313244,531.671569295374,809.066860852157,923.371335480172,173.338420255851,151.120651463378,135.315926438444,40.2947160692462,137.899024985245,219.556938167867,185.542132542175,13.0069351903105,40.2904131041768,225.845552205065,1.0273825512328,1.02103252403862,0.995887233381381,0.961663481462983,0.960670147545356,0.961583316561405,0.955689104804806,0.956538545695363,1.02067113568059,0.967556951583779,0.964413688841938,0.947026546661058,0.966023801705871,0.966822524854285,0.974669926265723,0.992599712360379,0.996594738265097,0.994918644152988,0.991722436732662,0.988703562684389,0.999197136707061,1.02446593758586,1.0231133601888,1.00086385867863,1.02894733827735,1.0206845824685,1.00353774397221,1.02146198782078,1.02270840320154,1.05005686902947,0.982964662297217,0.985716105397568,0.997723946754581,1.01365741925414,1.05070772430106,1.06438730489419,1.02797459861312,1.02775853682096,1.03013535441511,60.2420831365672,60.2490337867819,60.2471596477645,60.2406016455946,60.2370559493424,60.2427957910048,60.2428104125624,60.240938752334,60.2338836951386,60.2411234882786
5.90836043855627,242.396204655288,695.819617357681,660.975245093085,649.127465819664,511.388065265745,634.193677847287,521.252387064384,531.573368553681,807.050518194321,923.088055095876,173.196870286166,150.851412760695,135.310960971299,40.1655702394064,138.228780397296,219.562961937602,185.528545963465,12.9689680463058,40.433003921478,226.117976981098,1.0274067703489,1.02109676132585,0.995886219526457,0.961502827140379,0.96042704951498,0.961324079871091,0.955447930979149,0.956306303635328,1.02055397885172,0.96731221379728,0.964164697436556,0.946793825608169,0.965798507137695,0.966655133943729,0.974643719441443,0.992633165112253,0.996650749384523,0.994953875979716,0.991829398586135,0.988864216016942,0.999220687186896,1.02448265643,1.02312840991317,1.00089397199647,1.02898300429872,1.02090541094909,1.00368591641602,1.02189093456757,1.02318299978981,1.05009461247831,0.982548098249295,0.985426589702204,0.997814267480322,1.01387912750499,1.05072266005239,1.06439389560812,1.02800415985057,1.02827930869832,1.03012010383334,60.2420138460102,60.2480208429016,60.2463099622932,60.2406667780783,60.2377885834652,60.2415324159059,60.2415770504528,60.2413831865562,60.2354206723982,60.243419494621
5.97786446129777,242.17799066962,696.820702477506,661.753056574284,648.929209096578,510.864727401825,633.839456451412,521.014136535384,531.452384107529,805.815407921608,925.084132533205,172.967661224455,150.605219703664,135.218041968048,40.0312023456631,138.400069127938,219.50207624904,185.375934381863,12.9053333890532,40.4956037246703,225.786572084733,1.02748862127235,1.02120344194639,0.995957173847271,0.961479487648664,0.960357864048277,0.961244982517019,0.955382373424879,0.956246986471994,1.0205478764862,0.967236602779352,0.964088738039624,0.946725228431897,0.965734733646221,0.966627718243985,0.974705459372171,0.992733429886984,0.996761084322856,0.995050271669637,0.991960259333013,0.98902206521538,0.999321602403329,1.02457844905654,1.02322010076457,1.00099541194411,1.02905174954081,1.02110125904842,1.00384345616387,1.02221451029636,1.02353393834749,1.05016170473812,0.98235856237261,0.98531011214646,0.997927516779575,1.01406807435153,1.05081235664162,1.06445226535381,1.02806192333626,1.02865579925631,1.03013361755315,60.2419098513069,60.2445032022282,60.2436185987165,60.2410577058748,60.2398827061627,60.2402541826532,60.240307983881,60.2419795187404,60.2393393272669,60.2456207624255
6.04736848403927,241.653320093731,696.594588957469,661.42334357395,648.783378556242,510.859825014691,633.058113385846,520.433624547725,531.31391092667,805.772209436201,929.252089394136,172.682569100104,150.462534263197,135.045655862762,39.907608555982,138.363484625791,219.371399966531,185.117735751292,12.8262747267101,40.4311524943873,224.815904735494,1.02761838428484,1.02133623111712,0.996099569250951,0.961632230808476,0.96052153984313,0.961409117007344,0.955550360323213,0.956416023921148,1.02067841414846,0.967389912019902,0.964246504753298,0.946877489357237,0.96588740638644,0.966780596877442,0.974859480688204,0.992889564449365,0.996910629711814,0.995198003020428,0.992093293963842,0.989147493423754,0.999485954820794,1.0247381563272,1.02337470910063,1.00115624621033,1.02914357563525,1.02122155999745,1.0039755647016,1.02233573579054,1.02365363269836,1.05024698404991,0.982501619976909,0.985438616882755,0.998044139405371,1.01418559010297,1.05096024614219,1.06455538370751,1.02813995787542,1.02876837514656,1.03017828769666,60.2422002682218,60.2402241748028,60.2404566050868,60.2416931694344,60.2424399983853,60.2397128188421,60.2397547102382,60.2427754231191,60.2441584580642,60.2474950285321
6.11687250678076,241.028778736129,695.191786758995,660.058674290468,648.642454832097,511.262440708358,632.127470199203,519.712133625441,531.163499767727,806.807150105135,934.893886465289,172.375587427596,150.45695731605,134.828975058039,39.7930415463913,138.169668146781,219.186152461312,184.820868280021,12.7429504781855,40.2458988923454,223.364818738952,1.02777638008985,1.02147912907779,0.996295080453301,0.961938947177373,0.960892959323829,0.961791219527319,0.95592559866183,0.956786782762818,1.02092370823599,0.967749199261226,0.964614136611962,0.947227808972231,0.966233899622906,0.96709175121278,0.975085304290164,0.993081516345084,0.99708111016019,0.99537865483924,0.992222277276365,0.989242417645997,0.999686750931164,1.02493222997796,1.02356439461241,1.00135385868063,1.02924616486376,1.02125768562929,1.0040695475258,1.02225322335856,1.02354222907295,1.05033906709195,0.982955837246134,0.985793538999472,0.998157969707998,1.0142428422477,1.05113632080096,1.06468702167469,1.02822818007535,1.02861848910905,1.03024678914989,60.2431385808597,60.2372697075334,60.2384134009136,60.2425207658206,60.2445275957834,60.2403638095072,60.2403980136811,60.2438054755374,60.248152993526,60.2488520854588
6.16276256353946,240.675425372581,693.833667491963,658.787026452201,648.524707762619,511.623237471726,631.579116870011,519.274692550367,531.066234585532,807.841188134229,938.924388746242,172.176439078684,150.524191802624,134.685112144965,39.7182540717023,138.010264172947,219.04424934607,184.638137694213,12.6909657693948,40.0869459890473,222.275328560734,1.02788496220661,1.02157169011763,0.99643786053344,0.962191919364988,0.961207809745202,0.962116883078569,0.956242445611216,0.957098523622604,1.02112183996818,0.968056406272769,0.964927897315404,0.947526092788517,0.966528165319423,0.967349477257762,0.97525493891546,0.99321558065861,0.997195488560623,0.995504132787281,0.992306403986364,0.989298057629304,0.999824059957617,1.02506327679461,1.02369353012004,1.00149099008178,1.02931309574739,1.02124568768664,1.00411230094679,1.022119562652,1.02337959123389,1.05039821973386,0.98336469801088,0.98610773518681,0.998232400740397,1.0142669839125,1.05125286887716,1.06478029064925,1.02828627068609,1.0284189724048,1.03029872514849,60.2441230296307,60.2368554528343,60.2382850177811,60.2431844587192,60.2453588150508,60.2414851821855,60.2415286073749,60.2446202660936,60.2497079443853,60.2494119484122
6.20865262029815,240.441361454196,692.42345676038,657.475565199068,648.376553419268,511.930845630417,631.177503757305,518.949036795683,530.982963087202,808.884908504106,942.71356178399,171.989549959689,150.616490293023,134.556921890627,39.6390864011073,137.876053943946,218.907824605265,184.49145950607,12.6424420366618,39.911791753254,221.230063625134,1.02798610705853,1.02165926311538,0.996578373407224,0.962448458200996,0.96152870083563,0.962449378108189,0.95656444367228,0.95741466479052,1.02131834100718,0.968370895584911,0.965248705555662,0.947831035870962,0.966828950770848,0.967611368036363,0.975423465856454,0.993346312974678,0.997306183974002,0.99562638090693,0.992394488970149,0.989362026749155,0.99995317118056,1.02518374130697,1.02381320216288,1.00162315078307,1.02937693900366,1.02122789603259,1.00415026523786,1.02197649408946,1.02320648081284,1.05045383910513,0.98379072765059,0.986433274641458,0.998310344089048,1.01430453022275,1.05135733186665,1.0648698236707,1.02834170793236,1.02820708229351,1.0303488103179,60.2453188150505,60.2379949607899,60.239372933469,60.2439770617723,60.2457122249879,60.2430491174442,60.243114132,60.2455306984931,60.2501784999749,60.2497001219341
6.25454267705685,240.355205489789,691.21521525663,656.350210368556,648.20759722009,512.093919495695,630.964841000319,518.773310436328,530.926014137347,809.708289593823,945.892525543248,171.822144219237,150.713638093978,134.457183168324,39.5560499088775,137.806166328419,218.782976834003,184.390880227128,12.599922189428,39.7554047109552,220.329885617637,1.02807340388462,1.02173798441736,0.996703821604462,0.962674448780883,0.96181001371085,0.962740839623268,0.956846231725617,0.957691135272006,1.02148883736884,0.968647699172163,0.965530648333209,0.948099306453418,0.967093848841399,0.967842533934929,0.975574599958404,0.993465213688636,0.997407319965912,0.995736942082619,0.992486756483169,0.989440377854224,1.00006596134463,1.02528636780407,1.02391604107453,1.00174178926741,1.02943407931693,1.02121897850676,1.0041891293264,1.02186228266807,1.0230666939129,1.05050306049121,0.984165052165951,0.98672153096313,0.998392070084575,1.0143681772349,1.05144401347515,1.06495036102843,1.02839117621269,1.028033207926,1.03039212908218,60.2466151407394,60.2406053144617,60.2416127212166,60.244928761559,60.2457177770123,60.2448901795429,60.2449802447586,60.2465080091952,60.2496652738975,60.2497459705209
6.28982494472583,240.387945071435,690.561911779577,655.733959572326,648.076036189859,512.084750303255,630.932837415888,518.745263532497,530.90591654316,810.084232091971,947.733525531906,171.710554204693,150.775526601046,134.404281927981,39.4912599540036,137.810576342223,218.702489394013,184.34766682452,12.5721135151003,39.6599189360475,219.79375584201,1.02812735110128,1.0217906746207,0.996783568463091,0.962809825241602,0.961975833190744,0.962912342822444,0.957012052537377,0.95785385343556,1.02158919507215,0.968811531449504,0.965697195265104,0.948258149700567,0.967251091093787,0.967981272619345,0.975670418419082,0.993543992695442,0.997475671382245,0.995809761742849,0.992559716334308,0.989512122406404,1.00013732208166,1.02534936799116,1.02397976630048,1.00181924109724,1.02947219216746,1.02122694596821,1.00422330847529,1.02181570596005,1.02300640601742,1.05053547077018,0.984382775180755,0.986892189727588,0.998456798073562,1.01443943608629,1.05149566526861,1.06500282361863,1.02842393975872,1.02795324050672,1.03041804698129,60.2476072590563,60.2434147215263,60.2439671716028,60.2457774373445,60.2456190848783,60.2463801615323,60.2464835849788,60.2472790838016,60.2487737642338,60.249646733636
6.32510721239482,240.491935372255,690.235577501188,655.410817607931,647.957179940287,511.948575120772,631.002274277121,518.800360410033,530.907977478106,810.18163352315,948.935208940847,171.616718046972,150.811452330412,134.375637877975,39.4282369563963,137.868636457753,218.64037088697,184.332610433614,12.5492330107601,39.5887426761309,219.437319128515,1.02816683855874,1.02183496813168,0.99684435630485,0.96290031975798,0.962082389115436,0.963022054840883,0.957118182853686,0.95795804879534,1.02165346465987,0.968917385626055,0.965804463228364,0.948361015689622,0.967353511098835,0.968074286338532,0.975742879678555,0.99360859634785,0.997533760391421,0.995869031001967,0.992632438781689,0.989592716562139,1.00019290277924,1.02539669839292,1.02402814280927,1.00188173855353,1.02950449249547,1.0212534006923,1.00426344995541,1.02181873681139,1.023002751781,1.05056219451941,0.984517941828915,0.987001236019348,0.998521467258554,1.01452986610717,1.05153313971211,1.06504491511384,1.02845145541801,1.02793775124603,1.03043537281242,60.248537223899,60.2466411774243,60.2466583920538,60.2467222605123,60.2455733066992,60.2478383980934,60.2479424175378,60.248040335136,60.2476690060311,60.2494656036851
6.3603894800638,240.646090370531,690.267751695622,655.41283996851,647.863172085075,511.696336355248,631.151226741581,518.919866683765,530.929962467899,809.985411026297,949.450231333933,171.544901704292,150.819037386417,134.370916002037,39.3720967300633,137.976668969482,218.600018952557,184.34279267841,12.5334027043763,39.5531596211583,219.273507346519,1.02819060162007,1.02186850112425,0.996882169621064,0.962938924941709,0.962121240065089,0.963061163327324,0.957156487473142,0.957995912781015,1.02167807169121,0.968956744299244,0.965843841429396,0.948399648310048,0.967392894438978,0.968114291602332,0.975786962633993,0.9936549994731,0.997577912552476,0.995910939074263,0.992699961323794,0.989676441721345,1.00022991666423,1.02542645665631,1.02405910612416,1.0019256168595,1.0295288818398,1.02129653939711,1.00430694662207,1.02187122503205,1.02305612327212,1.05058178161563,0.98455765293896,0.987039663984844,0.998581746916953,1.01463285494724,1.05155535946274,1.06507446153729,1.02847214265047,1.02798818351829,1.03044343899886,60.2493664779658,60.2499827424024,60.2494556425091,60.2477453455348,60.2457046767274,60.249194332972,60.2492815233268,60.2487685691276,60.2465721237551,60.249237726012
6.39567174773279,240.8250443981,690.650470740464,655.735880783672,647.803765561605,511.356516731208,631.352488205903,519.079716540789,530.966630153974,809.521277619832,949.280332804999,171.498327278035,150.795035637017,134.389030552237,39.327636761573,138.122675268455,218.583436421346,184.373594521051,12.5260720830882,39.5534937608465,219.308570918916,1.02819765583651,1.02188937670192,0.996894954169456,0.962923827861749,0.962090741284644,0.963028031021054,0.957125380172315,0.957965880300332,1.02166200818866,0.968927765890194,0.965813554459235,0.948372269582118,0.967367390778791,0.96809936973895,0.975800319836055,0.993680599994169,0.99760554127014,0.995933099091982,0.992757185978687,0.989756387858458,1.00024693112118,1.02543794801315,1.02407180893891,1.00194863841984,1.02954399655007,1.0213530627033,1.00435080892197,1.02196831849991,1.02316138141318,1.05059309547807,0.984500370824469,0.987005375241118,0.99863315227843,1.01473937235949,1.0515622053736,1.06509014357071,1.02848505204836,1.02809931665217,1.03044189340022,60.250071274651,60.2531272049027,60.2521170139963,60.2488186657354,60.2461174005506,60.2503959247239,60.2504475314633,60.2494446748355,60.2457009034229,60.2489994563351
6.43095401540177,241.003314171624,691.335328257302,656.340606076731,647.784266336149,510.970396213087,631.577318675202,519.254245262083,531.010237441247,808.844931581177,948.474093413872,171.480235001185,150.741481776575,134.427162923777,39.299948357059,138.289703193318,218.59152216757,184.420097766358,12.5288048436659,39.5886088655183,219.532686045685,1.02818788211255,1.02189568101011,0.996881802318135,0.962857479633454,0.961995233171551,0.962927308117502,0.957029316910273,0.957872296446615,1.02160786415535,0.968834538415314,0.965717873673088,0.94828277877572,0.967280675667192,0.968031962030032,0.975782149905482,0.993683213533086,0.997614036655234,0.995933532383485,0.992798235391882,0.989823980619177,1.0002429128491,1.02543082470956,1.02406578187581,1.00194899036649,1.02954832536283,1.02141626873179,1.00439012382285,1.02209798332122,1.02330540046998,1.05059498790023,0.984353428843387,0.986902957762993,0.998670483749674,1.01483772707883,1.05155377121626,1.06509098409156,1.02848916607775,1.02825715071694,1.03043116219774,60.2506440340836,60.2557864887218,60.254415791244,60.2499072393149,60.2468800530073,60.2514123180715,60.2514123980162,60.2500566404532,60.2452424276021,60.2487858209144
6.46623628307076,241.158585312366,692.240143696282,657.156959736791,647.805380900911,510.587404058935,631.799429996103,519.420108526131,531.052264980212,808.038153539896,947.120809215151,171.492963878802,150.664019612134,134.481154967102,39.2934004885798,138.457449992775,218.623661221322,184.477506595315,12.5426720009415,39.653995588833,219.922907492635,1.02816197061771,1.02188597052659,0.996843442750157,0.962746736288032,0.961844919700738,0.962769790806808,0.956878579969006,0.9577251686554,1.0215213731605,0.968686992304525,0.965567011408798,0.948140694064469,0.967141935868296,0.9679190431311,0.975733779557193,0.993661774807887,0.997601545968172,0.995911347233908,0.992817561157426,0.989870421500146,1.0002177204589,1.02540543851106,1.0240412955968,1.00192592129672,1.02954071098891,1.02147752172837,1.00441922295777,1.02224321085759,1.02346935348115,1.05058659664604,0.984132854529595,0.986743422839528,0.99868879641134,1.01491536967025,1.05153061828919,1.06507670251745,1.02848373054479,1.02844107389058,1.03041231817778,60.2510923651758,60.2577296713159,60.2561653657492,60.2509733644948,60.2480147900021,60.25223368664,60.2521730344385,60.2506013637787,60.245331159236,60.2486281964246
6.50151855073974,241.274243271745,693.259040661806,658.092215821561,647.863475474012,510.25861287608,631.997679028953,519.55924349208,531.084991475019,807.198313444904,945.340844995444,171.537499445892,150.571460497765,134.545920132577,39.3110036112664,138.60488738532,218.677726610892,184.541604585859,12.5679571480983,39.7420179893645,220.444926344712,1.02812143253447,1.02185953369931,0.996782280580757,0.962602213227435,0.961654856988639,0.962571344778753,0.956688263467052,0.957539185616948,1.02141090717961,0.968499920576814,0.965376110096639,0.947960214803687,0.96696496944644,0.967771462425927,0.975658643585709,0.993616601352994,0.997567338737156,0.995866980285762,0.992810757457633,0.98988792409194,1.00017224401501,1.02536290345721,1.02399942800875,1.00187996387718,1.02952059859121,1.02152747452406,1.00443252891408,1.02238438033535,1.02363134524651,1.05056750737267,0.983861729138305,0.986543098901354,0.998684124157012,1.01496062620882,1.05149379661869,1.06504780686612,1.02846840741892,1.02862681333787,1.03038700689224,60.2514362515281,60.2588083610035,60.2572394285833,60.2519807842677,60.2494922594994,60.2528684822225,60.2527474480341,60.2510846580561,60.2460325206783,60.2485524076854
6.53680081840873,241.341036051354,694.275200241388,659.041625355006,647.951854765917,510.030146642665,632.157979087063,519.660888025861,531.103144003246,806.426883215625,943.273868190244,171.613061708803,150.47474484444,134.615886642779,39.3539422096712,138.712914572256,218.750191621509,184.609026537122,12.6039642212301,39.8429973426067,221.056077288637,1.0280685473719,1.02181662263809,0.996702312167996,0.962437297092946,0.961443474405555,0.962351336156043,0.956476791863884,0.957332281077206,1.02128668475915,0.968291531761888,0.96516375596613,0.947758836074484,0.966766848321758,0.96760293380135,0.975562100113445,0.993549555023595,0.997512087553717,0.995802342451459,0.992775249355912,0.989870811262047,1.00010849184471,1.02530514208291,1.02394210718218,1.00181307011765,1.02948822802272,1.02155731748509,1.00442538224893,1.02250166708859,1.02376906417755,1.05053789885795,0.983567776826005,0.986322004830565,0.998654095511487,1.01496426344884,1.05144488583456,1.06500564782303,1.0284433909284,1.02878931050074,1.03035730834597,60.2517038983278,60.258972103184,60.257585242875,60.2528981433368,60.2512332390041,60.2533388964583,60.2531683604541,60.2515194918306,60.2473349824082,60.2485773922926
6.57208308607771,241.357566397269,695.174574166684,659.900284250677,648.062422971529,509.937136965049,632.273962591412,519.722232212946,531.105068615385,805.81750989686,941.066279687399,171.716921229374,150.385643364578,134.685547703356,39.4213174665651,138.766733507999,218.836374231966,184.677321136922,12.6489829838242,39.946125238244,221.709231974376,1.02800622934737,1.02175856169885,0.996608832932563,0.962266796664158,0.961230659991698,0.962130611179339,0.956264009162292,0.957123779490706,1.0211597522286,0.968081557274333,0.964950045627879,0.947555534303165,0.966566153815425,0.96742865328198,0.975451009797595,0.993464025960214,0.997437979925199,0.995720780471488,0.992710780166234,0.989816388411122,1.00002956392742,1.02523486030437,1.02387207738988,1.00172858910477,1.02944472049289,1.02155996626816,1.00439475725454,1.02257753675483,1.02386257137918,1.05049861433363,0.983280373629575,0.986101735991083,0.998598375390439,1.01492080728857,1.05138599592314,1.06495238252711,1.02840946395611,1.0289058317574,1.03032554823661,60.2519269002725,60.2582721400645,60.2572285294316,60.2537010711237,60.2531167639043,60.2536753033918,60.2534754741012,60.2519226833513,60.2491512091673,60.2487145096442
6.6073653537467,241.329747879225,695.858859982195,660.574859439269,648.187303668723,509.999032117916,632.34651989127,519.74773144915,531.09316192785,805.44480769113,938.85915726116,171.844485993123,150.315296033368,134.750014769031,39.5101613871249,138.757709028113,218.930848760584,184.74486753975,12.7004546196964,40.0407688373597,222.357211399172,1.02793782383223,1.02168770760087,0.996507948006318,0.962105366430222,0.961035610866552,0.961929235885346,0.956069042677899,0.956932322744011,1.02104084255471,0.967889111391856,0.964754407776209,0.947368712584639,0.966380967277163,0.967263679269722,0.975333086353607,0.993364691577722,0.997348597304169,0.995626819518309,0.992619578410046,0.9897254087816,0.999939465969959,1.02515540889848,1.02379274858406,1.00163103999527,1.02939201539191,1.0215309429095,1.00433970270668,1.022598804834,1.02389663265964,1.05045114081494,0.983027267597116,0.985903097146464,0.998518824574263,1.01482935005443,1.05131968953007,1.06489082454723,1.0283679622872,1.02895861822645,1.03029407589932,60.2521354274699,60.2568534202423,60.2562695252984,60.2543727374937,60.254993780428,60.2539105864164,60.2537077588819,60.2523107140275,60.2513282099612,60.2489675021709
6.64264762141568,241.26934046614,696.256287250619,660.993867326298,648.320039718765,510.21694178069,632.382434512754,519.747310506142,531.073457751523,805.355546809899,936.77791498046,171.989607855025,150.272770876984,134.805482620943,39.6156660109213,138.68444773518,219.027921681473,184.810661086995,12.7552739895638,40.1177022480034,222.957174738748,1.02786686254475,1.02160728887025,0.996405973129336,0.961965915616704,0.960874724969835,0.961764285810511,0.955908212217014,0.956773839513578,1.02093925158415,0.967730578774896,0.96459345969528,0.947214171199946,0.966226877196945,0.967121294966396,0.975216132720573,0.993257118635213,0.997248618631263,0.995525754828989,0.99250623366221,0.989602130967817,0.999842817321503,1.02507057255559,1.02370797231581,1.0015257442893,1.0293326959573,1.0214689229023,1.00426151723215,1.0225581441073,1.02386245356829,1.05039751401171,0.982831434297486,0.985743773743301,0.998419400203581,1.01469381362368,1.05124885318778,1.06482422075032,1.02832067499905,1.02893690186355,1.03026503700245,60.2523540507853,60.2549361254189,60.2548707745753,60.2549030941145,60.2567045898721,60.2540751254488,60.2538969971972,60.2526955259547,60.2536653130988,60.249333049862
6.67792988908467,241.191843075545,696.329110717086,661.115418622423,648.456098280257,510.573354478467,632.392404316024,519.73384309489,531.054415895597,805.563253289039,934.924546994957,172.145016685552,150.263847358509,134.849521522348,39.7315695333096,138.55298153867,219.122099429292,184.874014825901,12.8101538237887,40.1701168818467,223.474387425302,1.02779681737835,1.02152117006279,0.996308832039764,0.961858235447708,0.960759832263727,0.96164799720496,0.955793279171752,0.956659843350922,1.0208618889585,0.967617828441242,0.964479201357864,0.947103391147155,0.966115286599381,0.967011591365602,0.975107287017819,0.993147284358312,0.997143417459124,0.995423175206335,0.992377324074176,0.989453989139232,0.999744506802161,1.02498432431081,1.02362178403357,1.001418386908,1.02926975425001,1.02137592935913,1.00416367982297,1.02245491726785,1.02375866984036,1.05034017565147,0.982708505673384,0.985636364369417,0.998305833855706,1.0145226640496,1.05117654026301,1.06475599447643,1.02826971393355,1.02883811025295,1.03024017381775,60.2525987025497,60.2527891125532,60.2532381095586,60.2552873196075,60.2580978241247,60.2541930302565,60.2540635144567,60.2530812019768,60.255937737653,60.2498018043023
6.72255996695831,241.096140854431,695.963639535729,660.837545818476,648.628340510049,511.16470659294,632.387544498162,519.718653987708,531.045596575542,806.210264387166,933.02010328682,172.343735684622,150.302670705018,134.887672578827,39.8814228018281,138.325318026271,219.229326539876,184.949497269335,12.8748448484073,40.1966030960033,223.974424184169,1.02771451239512,1.02141080939503,0.996200609294016,0.961775735008375,0.960688830896862,0.961579129166558,0.95572202799597,0.956587675439558,1.02080425511231,0.96754934471169,0.964410124074749,0.947034321938216,0.966043512954894,0.966928113496201,0.974990188068393,0.993014434630781,0.997011797877952,0.995299755685691,0.992204931943533,0.989247242786218,0.999625386716514,1.02487941584621,1.02351702413815,1.00128849159525,1.02918988950934,1.02122276165838,1.00402061931748,1.02224575206488,1.02353901825923,1.05026659552719,0.982666147778619,0.985583353181982,0.998153292712608,1.01427528110345,1.05108782455609,1.06467267541855,1.02820361454807,1.02861375227054,1.03021647475311,60.2529525996738,60.2502041066783,60.251201600371,60.2555625411442,60.2592118112799,60.2542990003161,60.254251005037,60.2535596183856,60.2583652458905,60.2505192341773
6.76719004483196,241.02991132747,695.168645748691,660.141171673632,648.797177649295,511.827171577472,632.384240975245,519.723360201445,531.06679864018,807.182245506614,931.67509369426,172.528767673566,150.389864505935,134.906447617996,40.0202655092155,138.061465371615,219.316115758763,185.017437297186,12.9288614773602,40.1760564919046,224.28237111363,1.0276445603787,1.02130747238665,0.9961158610956,0.961754378221023,0.960698873794346,0.961595093257822,0.955731563933842,0.956594206451739,1.02079173557118,0.967561751975537,0.964423236837871,0.947043026372573,0.966048070152982,0.966907591525128,0.974903602024371,0.99289867613404,0.996892457899984,0.99519279753048,0.992038886274391,0.989041005689668,0.999520616822102,1.02478619566603,1.02342407757583,1.00117500372478,1.02911613386829,1.02104651039897,1.00386994912274,1.02197480647316,1.0232485213702,1.05019738438263,0.98274196166064,0.985619175243263,0.998005559550583,1.01402174337088,1.05100780456269,1.06459846392198,1.02814064356598,1.02830748919449,1.0302023973787,60.2533438336586,60.2482308825639,60.2495778150105,60.2556053261698,60.259474340876,60.2543651228659,60.2544001858435,60.2539979178861,60.2599654053969,60.2513439606495
6.82207856469045,241.016807437881,693.846265547464,658.924845100074,648.988321762346,512.575739137241,632.402797080978,519.767037308255,531.13959094471,808.557940821747,930.802764362069,172.717039513259,150.541309843511,134.909607750992,40.1553534304923,137.75445146533,219.387622972906,185.085779120945,12.9769665458018,40.1056122119503,224.417104571287,1.02758059905059,1.02120098056403,0.996047536346295,0.961795731772026,0.960795779261264,0.961702508946471,0.955827689984536,0.956684841514034,1.02082594714644,0.967661428506443,0.964524959758719,0.947135247362215,0.966134241911944,0.966951993075839,0.974841580990852,0.992790756545375,0.996774965900326,0.995093063693138,0.991867621684552,0.988822352099579,0.999420929271463,1.02469575428097,1.02333411218972,1.00106854662733,1.02904046541679,1.02082822219535,1.00369652052438,1.02161188026456,1.02285455235412,1.05012526204288,0.982949867850645,0.985753706081214,0.997851932947428,1.01374743992119,1.05092830439076,1.064526227437,1.02807332919913,1.02788424794285,1.0301971126596,60.2538269407613,60.2472113587121,60.2486351427926,60.2553561198142,60.2586188544059,60.254381081159,60.2544862804146,60.2544147461964,60.2604664005435,60.2524474602107
6.87696708454895,241.085977233212,692.49050430747,657.631255163759,649.14222785985,513.094892191355,632.454418038074,519.843609451274,531.251876693516,809.821398551489,930.72058520925,172.833593734331,150.694967008777,134.893292324208,40.2284837217668,137.527851274669,219.413617652923,185.12730418198,12.9983137902524,39.9932650890088,224.322461720473,1.0275470734526,1.02113204968045,0.996023221018106,0.961887668129126,0.960947110563825,0.961865142850251,0.955978094553956,0.956829184587038,1.02089576381269,0.96781488103039,0.964681089421068,0.947280217535564,0.966273542476498,0.967048249605971,0.974830219480676,0.992733545896493,0.996705566127967,0.995040096389394,0.991759390520794,0.988679416647946,0.999364903761807,1.02464224089439,1.02328112613493,1.00101107602233,1.02899222526523,1.02065104949022,1.00356706090893,1.02129327009102,1.02250449327174,1.05007716989865,0.983217783595657,0.985940148615722,0.99775287454531,1.01356366040359,1.05087860480512,1.06448259336367,1.02802692440962,1.02750092857988,1.03020296620436,60.2542422618616,60.2479832025425,60.2490986031625,60.2548142428376,60.2566947468871,60.2542980425063,60.2544150923821,60.2546287350884,60.2593139041122,60.2535878787107
6.95663961739709,241.268841703494,691.199917663856,656.335263910747,649.224566274101,513.2189294902,632.538070831193,519.938329636122,531.402285976438,810.811215342812,931.718172614888,172.851735075667,150.850107462481,134.852406960721,40.2062327493,137.440666242952,219.376760104243,185.124051830988,12.9878906675482,39.8401541876209,223.949685622626,1.02755324326974,1.02111097761393,0.996050738110859,0.962029985983304,0.961148745153899,0.962077968160593,0.956179243896003,0.957024369749524,1.02100311675018,0.96801763636018,0.964887069365116,0.947473972438996,0.966462467805228,0.967196157705772,0.974878770190152,0.992740642005815,0.996696873173938,0.995044805359671,0.991738120751447,0.988645169168265,0.999364027183816,1.024634830115,1.02327414161914,1.00101568255496,1.02897536425085,1.02052973855106,1.00349534613049,1.02104175826268,1.02222250479532,1.05005841949193,0.983529818265633,0.986171118858581,0.99772787526648,1.01351362711349,1.05086548556666,1.06447231765892,1.0280042994773,1.02718161308513,1.03022194645885,60.2545953358079,60.2516717429682,60.2518893967575,60.2537090223339,60.2530611571819,60.2539715680114,60.2540106595335,60.2545372669605,60.2555516997628,60.2551840725005
7.03631215024522,241.421500127711,691.212813865355,656.246589770941,649.069423275064,512.609836272786,632.544264408066,519.921099372118,531.436590607792,810.473120551765,933.708319692282,172.675854536629,150.836613341868,134.791740302036,40.0383849698053,137.638190188487,219.259807484517,185.03038412217,12.9301982287958,39.7274784317731,223.440789658737,1.02762236823015,1.02119013834289,0.996140216297235,0.962126025543508,0.96124962482402,0.96217953972237,0.956280937643181,0.957125796025125,1.02107537187526,0.968115033989564,0.964986285144021,0.947570291344154,0.966559625270414,0.967294160539205,0.974982613949019,0.992847984628536,0.99679741468509,0.995141785646618,0.991875619943132,0.988814354652299,0.999456532019627,1.02471177480336,1.02335069406705,1.00111952520127,1.02902637494425,1.02061230442286,1.00358545377618,1.02113000658961,1.02230884881437,1.05010495337201,0.983630669367868,0.986258387893098,0.997842718726127,1.01371902585328,1.05092558934992,1.06452450998606,1.02804225180977,1.02725579373645,1.03024593315193,60.2546288175201,60.2565652307604,60.2557920406324,60.2526024250692,60.2498879952304,60.2534776630025,60.253398946245,60.254129785539,60.2510875271185,60.25659618608
7.11598468309336,241.393190919178,692.446873904327,657.346693830985,648.658362521457,511.544922579438,632.368258989061,519.722945522704,531.283691456709,808.944506870323,936.413830762929,172.356512881063,150.662049582479,134.711007492229,39.7830549423179,138.020103834592,219.098070169328,184.860881031368,12.847727985817,39.7095191625934,222.90721309498,1.02773701697016,1.02134285600414,0.996260172919207,0.962143819488531,0.961218363690723,0.962138227678474,0.956252800076068,0.957103686500087,1.02109491970383,0.968075260987957,0.964946906359841,0.947537771329518,0.966532841762537,0.967308824119214,0.975103724310499,0.993015630494648,0.996969027228133,0.995295173149394,0.992114835990703,0.989113137686788,0.999610281372092,1.02484748915789,1.02348501244215,1.00128479392789,1.02912369192112,1.02085991718436,1.00379896353524,1.02151072421338,1.02271571192343,1.0502003956546,0.983485253983713,0.986172101307104,0.998048742369162,1.01408676641048,1.05103937120343,1.06461928170501,1.0281253528743,1.02767911946232,1.03026913980442,60.2544962403388,60.2601582521768,60.2587975496572,60.2520163195088,60.2485699084114,60.2530584621421,60.2529189572508,60.2537858010814,60.2481512777583,60.257721914534
7.1956572159415,241.120443140602,694.16523177562,658.955306918512,648.100786732117,510.479659187701,631.990298570991,519.367967250366,530.981501892509,806.93172757297,939.650201673364,171.972656763618,150.392310696547,134.607857132055,39.5203056262754,138.409549006327,218.922832094224,184.651890103108,12.7578415484283,39.7612860645619,222.344082243586,1.02787451059809,1.02152778556431,0.996389668774309,0.962120577326263,0.961122373355924,0.962027159923992,0.956161786834318,0.957021954698628,1.02109065339784,0.967966425679651,0.964838472781631,0.94744042265208,0.966443012461854,0.967278833679101,0.975223939047855,0.993201155906609,0.997165347843715,0.995467800989132,0.992377242708959,0.989435255355467,0.999787456372754,1.02500895817302,1.0236444410123,1.00147008471329,1.02924059728565,1.02117780919509,1.00406250116069,1.02202046008076,1.02326520376891,1.050318143322,0.983220704455866,0.985997278211383,0.998277874334029,1.01447853960613,1.05117874446604,1.06473306109251,1.02822967749149,1.02826113456609,1.03029241997596,60.2545028064449,60.2607557068467,60.2594711817828,60.252372696283,60.2496516524334,60.2530615718436,60.2529568866674,60.2539254845848,60.2482474796975,60.2584866585229
7.27532974878963,240.671837579422,695.386281161315,660.117071053315,647.603426552861,509.825088137177,631.504469587067,518.961951593476,530.657640563587,805.34913189061,943.175843779874,171.610066580721,150.140502204953,134.478857741319,39.3215468311623,138.646624478365,218.757337427061,184.451193304321,12.6730184395349,39.8146735213208,221.691400304973,1.02801051754026,1.02170110209908,0.996518856672122,0.962131602427044,0.961079691757796,0.961972817013367,0.956124245260219,0.956992007251023,1.02111447982785,0.967909831165664,0.964783689839544,0.947392897932499,0.966401072995906,0.967283343925783,0.975343214647994,0.993370754245043,0.997345039672737,0.995629733344675,0.992593210370799,0.989686484743366,0.999953981752863,1.0251637336975,1.0237973153825,1.00164106755006,1.02935224767796,1.02145419307335,1.00429541173945,1.02245334797476,1.02373086289337,1.05042935496458,0.98304275574063,0.985881585997124,0.998469147179548,1.01477160630237,1.05131397686499,1.06484387466417,1.02833025263591,1.02875474289554,1.03032007006411,60.2549488816834,60.2583603476975,60.2577450615824,60.2537579564173,60.2526668708687,60.2537668400638,60.2537471220493,60.2547636751311,60.2514624590737,60.2588414254455
7.35500228163777,240.23026953188,695.421255331713,660.141598198539,647.364678176855,509.773615835747,631.089831801732,518.641616203723,530.455578226665,804.891409299031,946.542340432531,171.32732369501,149.998913715729,134.326105365836,39.2209031885727,138.655177906907,218.611558092477,184.298707083933,12.5975977348334,39.7809448424814,220.917694748312,1.02812566872955,1.02183326407118,0.996647348752092,0.962242923895349,0.961188102868404,0.962079627320497,0.956235482915264,0.957104803664856,1.02120651065724,0.968007405004904,0.964885028608269,0.947491700528939,0.966501189053782,0.967392431369002,0.975471836888246,0.993508708754154,0.997485950962762,0.995766746427883,0.992727366979268,0.989820353506684,1.00008992880955,1.02529041845954,1.02392307734264,1.00178039202859,1.02944568529249,1.0216131018396,1.00444556598355,1.02266150366668,1.02394833377373,1.05051374437913,0.98312044419964,0.985948497374245,0.998590743798233,1.01490648855955,1.05142387751084,1.06493803905357,1.0284121852781,1.02897706880586,1.03035530720656,60.2559543932205,60.2546300209631,60.254938542301,60.2558316184516,60.2564395174559,60.2552132708308,60.2552450642656,60.2561785738534,60.2564573801906,60.2587786037276
7.41082583026578,240.027438096769,694.644491238453,659.386103339497,647.388592110005,510.058365568636,630.920462195319,518.516386655062,530.425097084898,805.322683933093,948.467319512775,171.222342541484,150.019599021223,134.236284094656,39.2201332132389,138.547273999235,218.543909380736,184.244974921058,12.5686547315986,39.7306679309501,220.390911630973,1.02817727272517,1.02187936305494,0.996717466836843,0.962369800442079,0.961347174157401,0.962244355875626,0.956395199700476,0.9572616859708,1.02130446642518,0.968162721075813,0.965043654914456,0.947642377158926,0.96664969553261,0.967520989907845,0.975549711895757,0.993565944127964,0.997538591200723,0.995826029959567,0.99275531420519,0.989829304155689,1.00014596107539,1.02534235010154,1.02397523732143,1.00183815554836,1.02948214193671,1.02161962737522,1.00447196065825,1.02262318930181,1.02389956022008,1.05054244892979,0.983328308735957,0.986107113727495,0.998618509642944,1.01489445903591,1.05146779019316,1.0649791849715,1.02844321102364,1.02891567971231,1.03038043895782,60.2569349170107,60.2524786390759,60.2533542351215,60.2573894328833,60.2588532461802,60.2565590784298,60.2565753742228,60.2573274724645,60.2599707232823,60.2585097632915
7.45207370382548,239.974798338614,693.755221975841,658.524330654757,647.49621469037,510.380202278245,630.890152949548,518.489377088928,530.463619668447,805.978343302507,949.467545675902,171.196531010162,150.089261751031,134.185515449315,39.2489232398112,138.42740678576,218.513775842433,184.235721947271,12.5606516761636,39.6722302923732,220.055594323836,1.02819684701934,1.0218876627368,0.996755139489621,0.962478491287685,0.961493513902967,0.962397753412436,0.956541075415128,0.957403672342048,1.02138509857124,0.968308570608773,0.96519197509715,0.947782500528244,0.966786970165299,0.967632552755402,0.975596973544615,0.993586417395874,0.997552533512226,0.995848743164197,0.992745258765325,0.989799078520081,1.00016493383366,1.02535920821721,1.02399277439229,1.00185853228768,1.02949299245836,1.02157414279332,1.00445243474033,1.02250888424541,1.02376975959398,1.05054656683425,0.983542218103822,0.986267037939593,0.998611867637535,1.01484153803979,1.05148068427704,1.06499479371418,1.0284515996306,1.02876890338028,1.03039713478949,60.2577284668788,60.2517200944936,60.2528662459333,60.2584397350576,60.2602487030429,60.2576304262422,60.2576065757014,60.2581473724171,60.2620688015624,60.2582189794289
7.49332157738519,240.011375395426,692.754282913961,657.558863005691,647.65072467628,510.737021523429,630.942959960853,518.515198641943,530.541781610473,806.805508438062,949.979805057614,171.214564778586,150.190139032013,134.154503375444,39.295250812645,138.295845954941,218.502795394933,184.251575015625,12.5654425840094,39.6019408118347,219.815396958007,1.02819870199586,1.0218743297862,0.996776007664524,0.962582490374044,0.961640309349983,0.962552807456641,0.956686692358552,0.957544555549387,1.02145977857426,0.968456656176014,0.965342207348429,0.947923961465186,0.966925041063004,0.967740304797841,0.975629358804517,0.993587098823505,0.997544944833238,0.995851573690249,0.992713744458811,0.989745996053421,1.00016373013321,1.02535681204048,1.02399142482485,1.00185872612518,1.02948945017929,1.02149539589099,1.00440493424371,1.02234279025959,1.02358416060807,1.05053634914157,0.98377158345311,0.986435955610186,0.99858591335275,1.01476398233157,1.05147626741065,1.06499670298869,1.02844748991516,1.02856247401039,1.03040974523474,60.2585059717272,60.2519130378014,60.2531589393206,60.2593222362597,60.2612138504618,60.2586795371357,60.2586021286448,60.258871659764,60.2634849276051,60.2578800836614
7.53456945094489,240.129296777227,691.798520995079,656.646094231512,647.819466061822,511.076012661145,631.066757021114,518.584301819206,530.642746693713,807.676151847962,949.919149289016,171.275169296872,150.309299270902,134.148612259092,39.3536192717225,138.173793576911,218.513023989953,184.290782499162,12.5848235382171,39.535033065367,219.710700206312,1.02818190176212,1.02183982648245,0.996774775981412,0.962663083824635,0.961762054078641,0.962682644256839,0.95680691820847,0.957660065335391,1.02151602474416,0.968581158186459,0.965468209793429,0.948042039251121,0.967039671026674,0.967824853686859,0.975639672345503,0.993566012846657,0.997514907796408,0.995831988960937,0.992664055248024,0.989676526246362,1.00014103424833,1.02533431904338,1.02397022953912,1.00183694957632,1.02947033297669,1.02139273451867,1.00433430778482,1.02214693645398,1.02336770053104,1.05051207465573,0.983976948399074,0.986584789847648,0.998543369013847,1.0146719065966,1.05145417815755,1.06498380983324,1.02843042268319,1.02832460627682,1.03041612192445,60.2592042020213,60.2530931489827,60.2542576066355,60.2600035888714,60.2617363224178,60.2596356562174,60.2595047422618,60.2594597490392,60.2641162425666,60.2575259641613
7.57581732450459,240.306628008056,691.041745485842,655.937009990214,647.973520090107,511.354043140666,631.241912246462,518.68433416783,530.750015117346,808.467759783233,949.240813091934,171.372401105831,150.426982761387,134.169209812993,39.4175900869206,138.076935325254,218.544073351635,184.349182831572,12.6176222955281,39.4798068023233,219.773765219142,1.02814694460321,1.02178709230384,0.99674918077181,0.962705114168391,0.961836988513961,0.962764228467484,0.95688017070801,0.957729343257403,1.02154288189651,0.968659872271587,0.965547532844729,0.94811561101503,0.967110259509875,0.967870417916591,0.97562391185413,0.99352405665098,0.997464613811722,0.995790559950497,0.992601506784961,0.98959870405728,1.00009820941396,1.02529327963234,1.02393061237925,1.00179426350083,1.02943694654254,1.02127932478554,1.00424890147791,1.02194796883349,1.02314999488638,1.05047577236566,0.984123878061029,0.986687417626064,0.998488820936778,1.01457643427527,1.05141605216772,1.06495680002594,1.02840180007415,1.02808800270603,1.03041451478711,60.2597711077216,60.2551365297379,60.2560533028742,60.2604840922631,60.2618617021739,60.2604420361934,60.2602703232097,60.2598924197839,60.26397350531,60.2571935223325
7.6170651980643,240.514258428106,690.606146410366,655.549976948094,648.091918861519,511.540334173216,631.443297571874,518.801166858331,530.848777215072,809.073382817031,947.950240756778,171.498737110814,150.526491387606,134.215478522866,39.482505316392,138.016673282514,218.594173694799,184.421894636389,12.6619175989356,39.4455749206505,220.021140905215,1.0280955047686,1.02171965330766,0.996698354250292,0.962697059637908,0.961848254551315,0.96277963572406,0.95688983188277,0.957736410525416,1.02153250857494,0.968675476775553,0.965562689254157,0.948128234150487,0.967120784279369,0.967864902908369,0.975579553003864,0.993462732991726,0.997396783280214,0.995728702062327,0.992530611159765,0.989518878032168,1.00003731220707,1.02523594665746,1.02387469280604,1.00173237264026,1.0293911222108,1.02116733805864,1.00415672491838,1.02176988896213,1.02295769493304,1.05042980924556,0.984184470115922,0.986723112831962,0.99842626093421,1.01448602292349,1.05136415290762,1.06491692698584,1.0283633514432,1.02788217493074,1.03040392287566,60.260173627734,60.2577766997966,60.2583185991378,60.260791325872,60.261680351405,60.2610618839301,60.2608707016598,60.260170608152,60.2631722226877,60.2569208738131
7.658313071624,240.71954668518,690.563429346413,655.551835595193,648.165988753891,511.620696884906,631.645733412041,518.921420190833,530.92875194014,809.419159669917,946.109938083761,171.645298284808,150.594345498756,134.283839005472,39.5454223229507,137.9978436409,218.660166251464,184.50369618047,12.7146824049776,39.4389287324463,220.450464156339,1.02803045574592,1.02164175293531,0.996623741286013,0.962633637203097,0.961787297225066,0.962719635658145,0.956827536636163,0.957673314210558,1.02148155651939,0.968618978211599,0.965504640351058,0.948071462993165,0.967063073073211,0.967802615090174,0.97550678910137,0.993384711370402,0.997315090952142,0.995649288632609,0.992455196864545,0.989441632518596,0.99996140832052,1.02516542377515,1.02380546398847,1.00165411402307,1.0293355705269,1.02106711670714,1.00406517155213,1.02163154963849,1.02281153883263,1.05037706029172,0.984142776119948,0.986680317919145,0.998359162296671,1.01440612783447,1.05130138741838,1.0648661902109,1.02831735033626,1.02772985077608,1.03038428322735,60.2604016801344,60.2606469451775,60.2607440925837,60.2609691141485,60.2613102025175,60.2614810770771,60.2612942410922,60.260311489705,60.2619111605643,60.2567440259743
7.6995609451837,240.893098510273,690.923060417424,655.946561408615,648.199411365749,511.598050774918,631.827974696739,519.03388365846,530.984503472708,809.472443987887,943.838404533242,171.802518243657,150.622376991003,134.368286896382,39.6051064400838,138.018500914582,218.737657266282,184.589456401576,12.7722159577855,39.4626877884506,221.038850787208,1.02795569466623,1.02155797484554,0.996529108289273,0.962516790852817,0.961655362435323,0.962585289903062,0.956694659920978,0.957541560323307,1.02139191251139,0.968491256129365,0.965374355488198,0.947946308907147,0.966938220372769,0.967685305326571,0.975408724708291,0.993293690378111,0.997223873192555,0.995556465401358,0.992378185385474,0.989369531297161,0.999874354164333,1.02508541350821,1.02372655544833,1.00156329084962,1.02927359871278,1.02098591779239,1.00398018230593,1.02154433662677,1.02272382160848,1.0503205889271,0.983997368830442,0.986558564653809,0.998290254476417,1.01433892420736,1.05123104924491,1.0648071781231,1.02826642466685,1.02764426792912,1.0303565701116,60.2604682471657,60.2633381659618,60.262988123344,60.261064087423,60.2608765450596,60.261706605144,60.2615440861431,60.2603425205734,60.2604390097483,60.2566933770234
7.74080881874341,241.0130981207,691.630903831797,656.675032653631,648.205741310549,511.491058854627,631.976110263967,519.130746768428,531.015287919857,809.244914395002,941.302574847542,171.960839514692,150.608671790408,134.460935786654,39.6616435237716,138.07049566019,218.821407903733,184.674540905716,12.8305215084705,39.515630494882,221.743599092477,1.02787595196266,1.02147300151809,0.996420397309859,0.962355792336877,0.961463719388412,0.962388200209989,0.956502535779047,0.957352319552416,1.02127077185709,0.968303299590531,0.965183049876817,0.947763457181137,0.966756791634012,0.967522284595272,0.975291304340182,0.993194250049405,0.99712789162369,0.995455447217728,0.992301588841379,0.989303193818659,0.999780578273868,1.02499997310771,1.02364199812108,1.00146449891072,1.02920888297573,1.02092722551606,1.003905759813,1.02151091586325,1.02269700511703,1.05026350766944,0.983761901161769,0.986368839178186,0.998221482403595,1.01428346663809,1.05115658519656,1.06474290023794,1.02821340961723,1.02762760571914,1.03032278002538,60.2604053340461,60.2654636345638,60.2647317985625,60.2611135840737,60.2604922720613,60.261761677916,60.2616348390845,60.2602953421936,60.259015764033,60.2567904822712
7.78205669230311,241.069049473587,692.578273262215,657.625244966537,648.203643459156,511.330654150727,632.085102433552,519.208092238771,531.023840309648,808.789275666542,938.703323666388,172.111001534518,150.557710768826,134.552727344245,39.7156634338779,138.140827244746,218.905590224881,184.754908492393,12.8856079694827,39.592267203611,222.505537514685,1.02779651995582,1.0213914684551,0.996305413863071,0.962166410785237,0.961232543662684,0.962149342974769,0.956271337367807,0.957125332697247,1.0211299943038,0.96807509446722,0.964951052732174,0.94754219811837,0.966537776600979,0.967329583066815,0.9751630247384,0.993091793650147,0.99703224467241,0.995352346818773,0.992226866240764,0.989241883597983,0.999685002120717,1.02491343276793,1.02355614000822,1.00136305931793,1.02914529715238,1.02089086060375,1.00384399524778,1.02152561873342,1.02272416015772,1.05020885237388,0.983463622431694,0.986132373826258,0.998154282011291,1.01423654406059,1.05108153442776,1.06467671688178,1.02816127030852,1.02767147022407,1.03028578273018,60.2602569412107,60.2667198862302,60.2657298896936,60.2611374917272,60.2602409755217,60.261678575666,60.2615882072149,60.2602005335796,60.2578739254201,60.2570455033094
7.82330456586281,241.062380332915,693.619708728488,658.651122434923,648.211299623959,511.154901394374,632.158267409939,519.265685301216,531.014959360563,808.190155819066,936.256309639659,172.244340255406,150.47959894891,134.634342148321,39.7675146910173,138.213711892508,218.984138919138,184.827080861686,12.9337379809822,39.6833910752174,223.254725118207,1.02772292332509,1.02131784949483,0.996193261562506,0.961969122567827,0.960988472217144,0.961896504248347,0.956027638659847,0.956886538507553,1.02098476531203,0.967833164646244,0.964705312779805,0.947308072462591,0.966306284794425,0.967128114198543,0.975034289961875,0.992992394960028,0.996942255818774,0.995253896012343,0.992155373511808,0.989184292501399,0.999592928139021,1.02483032017652,1.02347355842705,1.00126487542752,1.02908674992624,1.02087365237198,1.00379540235547,1.02157605073954,1.0227907780558,1.05015951951744,0.98313985891603,0.985877890733837,0.99808994916079,1.01419384568511,1.05100950469294,1.06461225041541,1.02811302109997,1.02775890695506,1.03024904601027,60.2600704309779,60.2669339008551,60.2658492557729,60.2611357265396,60.2601651779269,60.2614909890637,60.2614284835286,60.2600840244812,60.257185124522,60.2574556991772
7.86455243942252,241.00512602725,694.596212630134,659.596349987746,648.241353526727,511.002830222048,632.204827827376,519.306052699384,530.994062234886,807.550584399831,934.170126967042,172.35305511345,150.388448522038,134.697227262898,39.8165827508542,138.273078799412,219.051152288639,184.888013851819,12.9716703748201,39.7771715348913,223.918237819911,1.02766049681222,1.02125629393587,0.996093508219,0.961786513971805,0.960761065799579,0.961660566231637,0.955800890109158,0.956664646678316,1.02085166810178,0.967607014566317,0.964475789969057,0.947089464962245,0.966090210898192,0.966941009807596,0.974916427509012,0.992902509665765,0.996863282230215,0.995167017928028,0.992088799502061,0.989129385999348,0.99950985995219,1.02475526081549,1.02339894072722,1.00117617467391,1.02903697008897,1.02087051166519,1.00375944080027,1.02164566092579,1.02287767136824,1.05011815982984,0.98283282224909,0.985637602619988,0.998030010760844,1.01415127304728,1.05094415439571,1.06455326184135,1.02807159369044,1.02786765190846,1.03021624327233,60.2598881624033,60.2660892407697,60.2650887720838,60.2610915025437,60.2602613356902,60.2612276287349,60.2611786971524,60.2599653262197,60.2570368418658,60.258005187212
7.90580031298222,240.916257609885,695.360019081866,660.319110229694,648.297607715826,510.908021199784,632.236164613146,519.333022830588,530.966146546677,806.975887729428,932.62480982523,172.430679743457,150.300082400512,134.734638779273,39.8609692203921,138.305192208411,219.101387589893,184.934993173905,12.9969213697808,39.8607906975162,224.429120643718,1.02761389882349,1.02121036436227,0.996015106066189,0.961640154351206,0.960578597135381,0.961471088316723,0.955619229239219,0.956487065259242,1.02074639852993,0.967424895080793,0.964291162269896,0.946913546614381,0.965916257560383,0.966790410388395,0.974820391061624,0.992828472267453,0.996800351809428,0.995098199862835,0.992029412329129,0.989077080634771,0.999441163813725,1.02469275955383,1.02333684427754,1.00110305219772,1.02899920754661,1.02087561907379,1.00373502687466,1.02171673514198,1.02296437545199,1.05008702901216,0.982583389917958,0.985442474863192,0.997976446483172,1.01410610842606,1.05088908534274,1.0645034303006,1.02803961478001,1.02797399003434,1.03019078830952,60.2597409807648,60.2643275098103,60.2635780820095,60.2609791413439,60.2604823971774,60.2609085567396,60.2608581727654,60.2598573484379,60.2574224800202,60.2586660460844
7.94704818654192,240.817077180094,695.796953698176,660.713693576364,648.37412831661,510.892875914295,632.261707746474,519.349995134128,530.935176762465,806.557339695759,931.753197586637,172.472645798243,150.229387609964,134.742521977319,39.897587414688,138.301011355805,219.130777940737,184.965601105042,13.0080347422116,39.922379748703,224.735233966288,1.02758661318355,1.02118269572733,0.995965218120166,0.961547422722749,0.96046382168562,0.961351872722659,0.955505279223268,0.956375816836772,1.02068147596157,0.967309557818691,0.964174520525054,0.94680220156257,0.965805938871836,0.96669420846378,0.974755336600962,0.992775835757341,0.996757664739574,0.99505274567906,0.991980061784437,0.989028638069907,0.999391595994898,1.02464686600448,1.02329134384791,1.00105086404482,1.02897587182353,1.02088352268779,1.00372093124966,1.02177332994058,1.02303250488426,1.05006778151978,0.982424832313095,0.985317503398594,0.997931710408619,1.01405785314272,1.05084762859883,1.06446604768527,1.02801911411802,1.02805660416886,1.03017536562733,60.259644778205,60.2619255420877,60.2615560403528,60.2607741571689,60.2607476669903,60.2605449952467,60.2604819756691,60.2597672773468,60.258246150456,60.2594006615916
7.99795081078213,240.708243677014,695.798504087499,660.675530664555,648.474209349669,510.992057382177,632.290422320702,519.358805921538,530.896922223481,806.347246402495,931.705383834708,172.472029988842,150.182206220496,134.710428282176,39.9259911117704,138.242888465936,219.134593120448,184.977570658368,13.0018860747222,39.9535822149117,224.788401803013,1.02758225454331,1.0211757990171,0.995949298420957,0.961521974518698,0.960435042713465,0.961322061759176,0.955477375827426,0.956348808800304,1.02066750766908,0.96727882799634,0.964144128388122,0.946772631004309,0.965776050325518,0.966666098467261,0.974726692720584,0.992746562066805,0.996737256655046,0.995033965712865,0.991938131392605,0.988978684998394,0.999362310365081,1.02461800905244,1.02326293234306,1.00102134729351,1.02896886723174,1.02089138903719,1.00371645110852,1.02180675463717,1.02307198146136,1.0500616913401,0.982383623378887,0.985281459681421,0.997893101653732,1.01399790201778,1.05081947807413,1.06444098167151,1.02801140048201,1.02810369514079,1.03017237262798,60.2595959132939,60.2586517101702,60.2588363972167,60.2603757328517,60.2609848172102,60.2600435169328,60.2599598237164,60.2596846178769,60.2596029286953,60.2603408510063
8.04885343502233,240.632230617039,695.219389621595,660.085099090614,648.548414069249,511.198286612821,632.308141183124,519.349844773886,530.860858100354,806.500611781224,932.775950385624,172.416813656883,150.189763361404,134.638666372244,39.930022496381,138.136797179974,219.102850688368,184.959041847447,12.976720360355,39.9334015643864,224.487403768718,1.02760950086793,1.02119778566431,0.995983200983771,0.961594210811093,0.960530101158315,0.96142098675168,0.955573146311671,0.956442790446241,1.02072604730246,0.967370654877967,0.964238398219536,0.946861477619201,0.965862872041183,0.966737748101155,0.974756353035011,0.992758698711571,0.996752909330492,0.995056454695878,0.991921932111548,0.98894594524091,0.999370460005316,1.02462215453384,1.02326739246274,1.00103244668708,1.02898456747186,1.02089285546725,1.00372399990962,1.02179122049869,1.02305244031786,1.05007437923909,0.982512633679781,0.98537557791848,0.997876958139991,1.01394573665847,1.05081913877408,1.06444099473452,1.02802233704373,1.02807917764454,1.03018688315455,60.2596040972605,60.2557117011798,60.256423235911,60.2598318668272,60.2609667259422,60.2594952329701,60.2593964605991,60.2596328056843,60.2609830447362,60.2612402669808
8.11343024182481,240.58290473741,693.889492532917,658.791913344841,648.555199855559,511.519547828254,632.280614068428,519.294954571418,530.819688786653,807.120693249049,935.469205963746,172.278953276048,150.264760058115,134.508013477954,39.8913311082414,137.973828238748,219.016291688739,184.889925104324,12.923983997494,39.8352274373354,223.693201405167,1.0276825154877,1.02126183907412,0.996086492888852,0.96179741499679,0.960790101100289,0.961691165564893,0.955833837216041,0.956698292788544,1.0208824996432,0.967624893194443,0.964498118161301,0.947107520915021,0.966104665124035,0.966942944966209,0.9748672523893,0.992830842043702,0.996821006744951,0.995137851842947,0.991946249665456,0.988943466168384,0.999433402412068,1.02467477784462,1.02332003332508,1.00110260423696,1.0290323015423,1.02088983246734,1.00375175523469,1.02171542308602,1.02295924549212,1.0501140044909,0.982866517204033,0.985640096368682,0.997895790374013,1.01391248831171,1.05085960115547,1.06447683625117,1.02805960114225,1.02796367013037,1.03022555398195,60.2596483398754,60.2534776779035,60.2546146493935,60.2590339032333,60.2604089599692,60.2587836296392,60.2586841070172,60.259606025002,60.2621761268129,60.2621963474683
8.1780070486273,240.55543177371,692.336950803646,657.321326498388,648.435934739569,511.769646116422,632.1543342734,519.167718207646,530.781717672515,807.965935815608,939.128354091406,172.084108085404,150.37239185482,134.358316883659,39.800006191308,137.837265995143,218.887313432239,184.772151008627,12.8574349618542,39.6797131577266,222.628874651483,1.02778497169473,1.02135648097861,0.996234318181004,0.962068090256152,0.96112979165193,0.962043444563567,0.956174037222465,0.957031890257414,1.02108733930039,0.967957380792415,0.964837467798648,0.947429848029564,0.966422331111624,0.967217796607698,0.975035386902691,0.992955506585222,0.99693320455175,0.99526371080544,0.992025841582236,0.988999679179806,0.999546971079339,1.02477434850241,1.02341903448833,1.00122530426743,1.02910244510761,1.02089474917896,1.00380309670425,1.02161728476897,1.02283607084441,1.05017373472688,0.983324067251327,0.985983791838753,0.997963293096528,1.01394240205675,1.05094173772197,1.06454798267619,1.02811638371872,1.02780721616222,1.03027721604195,60.2596942631384,60.253523830771,60.2546717588201,60.2582895995119,60.2592725363341,60.2581623738252,60.2580788705255,60.2596169900458,60.2623187813731,60.2628416354591
8.22313914936701,240.524838590133,691.392293142101,656.448421918901,648.277012997779,511.823460326531,631.988779689119,519.024824170135,530.7535807871,808.507868351185,941.902306498565,171.930775930062,150.451417069444,134.259561204977,39.7096986865688,137.793706361533,218.783904511506,184.668044781447,12.8106386857201,39.5677567050479,221.847412277723,1.02786471010669,1.02143207288783,0.996345429614665,0.962255711159964,0.961360640309738,0.962282089295146,0.956405643089596,0.957259534431681,1.02123036928623,0.968182896846015,0.965067622648121,0.947648939560771,0.966638780539985,0.967408748190997,0.97516508236311,0.993060788060985,0.997026364411115,0.995363925900807,0.992110502096655,0.989075521916725,0.999645339577339,1.02486254511172,1.02350649341249,1.00132972749177,1.02915673008421,1.02090863422048,1.00385122762484,1.0215601272503,1.02276139634804,1.0502219013427,0.983626369607263,0.986214164117798,0.998036293831817,1.01400877565505,1.05101639353938,1.06461160749839,1.02816138017087,1.02770838736899,1.03031478765985,60.2597245973117,60.2549420624175,60.2558270888186,60.2579104428846,60.2582547544503,60.2578649161334,60.2577945831881,60.2596469033639,60.2617223713399,60.2630729446477
8.26827125010672,240.466284068768,690.774571051629,655.889677153163,648.072832974622,511.735034349003,631.762790561151,518.838572255188,530.721215467172,808.875521628188,944.550150231687,171.769921279528,150.499498826175,134.174123203392,39.6009693289714,137.809193883029,218.672954346636,184.551142450674,12.7651559576853,39.4583987309557,221.138724873338,1.02794367654347,1.02151154001135,0.996452866734201,0.962415965203692,0.961551132014781,0.96247801901562,0.956596887245719,0.957448018510592,1.02135163683638,0.968367971802751,0.965256636781831,0.947829560789792,0.966817964746171,0.967572091901042,0.975292420845389,0.993174241705402,0.997127041526808,0.995467577035559,0.992217548042364,0.989183354994832,0.999753215120628,1.02496062480651,1.0236036530048,1.00144288837023,1.02921298070057,1.02094284765233,1.00391404436753,1.02154158911143,1.0227292054879,1.0502727635552,0.983865795569271,0.986397600909608,0.998129387253971,1.01411829453806,1.05110050232134,1.06468276788098,1.02820875944237,1.02765556864264,1.03034847919577,60.2597702829251,60.2572267170726,60.2576696896665,60.2577271592514,60.2572405385553,60.257757004062,60.2576932576107,60.2596997566974,60.2606662994105,60.2631191285555
8.31340335084643,240.374536765737,690.579009747282,655.727304071601,647.843417009879,511.493861628699,631.493737801601,518.619450263359,530.680823081456,808.980627919789,946.8585053077,171.612926972914,150.512758155066,134.107815747218,39.4836592887584,137.890900037716,218.563916747509,184.431998140947,12.7253381886527,39.3752737147373,220.560634305688,1.02801642358186,1.02158898413202,0.996545926701791,0.962529164667763,0.961676960493876,0.962605932830521,0.956723841872406,0.95757410751999,1.02143854210449,0.968488756531906,0.965380175826118,0.947948511784614,0.966936935086898,0.967687530930234,0.975403545997575,0.99328480940086,0.997225961642053,0.995564810895254,0.992337878391596,0.989314957507583,0.999860136702734,1.02505904236011,1.02370113463487,1.00155379966446,1.02926617739138,1.0209977113764,1.00398770199156,1.02157135789884,1.02275157641259,1.05032253909416,0.98400684532378,0.986509747824556,0.998234729203984,1.01426370115154,1.0511856541215,1.06475457815745,1.02825449640193,1.02766421725512,1.03037545373182,60.2598560040866,60.2599564244952,60.2598626885904,60.2577813734081,60.2564239715156,60.2578911704045,60.2578234617437,60.2597842807796,60.2593663430964,60.2629959595509
8.35853545158614,240.254813580504,690.826043611537,655.969946594823,647.612183646635,511.120102169108,631.213816914876,518.38835038007,530.630471386336,808.793084697167,948.670227521914,171.4671877445,150.48263387258,134.062779908368,39.367025581513,138.030776549138,218.462738675459,184.320909474832,12.6925708026747,39.3242589192434,220.154639811992,1.02807840449997,1.02166045682272,0.996618973985735,0.962587288705992,0.961728778165123,0.962656263186021,0.956777015691517,0.957628376349315,1.02148453200967,0.968536138324594,0.965428953743135,0.947996891522161,0.966986829114796,0.967746726976459,0.975490637351449,0.993384733669377,0.997317062523019,0.995649691605673,0.992462611675458,0.989460432869459,0.999958140556776,1.02515012772221,1.02379147268682,1.00165454335922,1.02931388524416,1.02107354833212,1.00406976271207,1.02165495072346,1.02283526798507,1.05036857324347,0.984038308770556,0.986541426739895,0.998344592200667,1.01443384617356,1.05126477271744,1.06482172592323,1.02829647804242,1.02774275910991,1.03039379033072,60.2600063757032,60.2626451578421,60.2620243001719,60.2580885679095,60.2559927877931,60.2582950230016,60.2582130400448,60.259913123039,60.2580976629745,60.2627317735596
8.40366755232586,240.122012920199,691.451636591303,656.551295085121,647.400322779085,510.659448405101,630.961559657077,518.172383845253,530.569972821946,808.333479702989,949.896146348078,171.340767986639,150.412461864217,134.038258107577,39.2618460694909,138.210748523201,218.375972245625,184.229092696404,12.668286765551,39.3097841777862,219.933815536052,1.02812635851722,1.02172185657554,0.996668490446113,0.962590706913657,0.961709076873182,0.962631899583798,0.956758820144067,0.957613012824615,1.02148994392072,0.968512839584168,0.965405717807105,0.947977100364658,0.966969787445756,0.967749910429599,0.975548485095743,0.993466478164881,0.997393971829024,0.995716861228915,0.992580564436132,0.989605800491655,1.00003923553548,1.02522605561492,1.02386703834833,1.00173733271616,1.02935356708553,1.02116495264364,1.00415442486578,1.02178590189669,1.02297374537737,1.05040811986699,0.983966729155559,0.98649703713508,0.998449169826164,1.01461148102977,1.05133062411498,1.06487879223869,1.02833245940631,1.02788509445775,1.0304030011773,60.2602378397394,60.2648296075503,60.263797550717,60.2586374508111,60.2560913917713,60.2589608722806,60.258858552109,60.2601003232492,60.2571412485162,60.2623632651382
8.44879965306557,239.99739731976,692.322716764231,657.346168571335,647.226102769908,510.177644851413,630.77620052682,518.001177001218,530.50273878783,807.675202704548,950.515320127376,171.24083100729,150.313065693631,134.031002985312,39.17843668576,138.404335662136,218.309299608794,184.166610434491,12.653216462224,39.3303679051782,219.887215472781,1.02815832558727,1.02176964266174,0.996693906563093,0.962548337453439,0.961631836427189,0.962547789910262,0.956683071172998,0.95754127654746,1.02146119016822,0.968432989666675,0.965324830081955,0.947902511715846,0.966898699932273,0.967706103664465,0.975575798030096,0.993524363434263,0.997451495747299,0.995762804482867,0.992680337329119,0.989735497852855,1.00009706772853,1.02528042642964,1.02392158523367,1.00179617894594,1.02938330156739,1.02126247190074,1.00423412481502,1.02194771739184,1.02314904273291,1.05043878302062,0.983816017090316,0.986393494980046,0.998538391249926,1.01477620033889,1.05137723396733,1.06492135020691,1.02836058528526,1.02807200696674,1.03040380822932,60.2605521501524,60.2661566423314,60.2649150474139,60.2593931102118,60.256790857451,60.2598421740199,60.2597197726253,60.2603575761176,60.2567324084132,60.2619308717974
8.49393175380528,239.902774145707,693.264228926006,658.196082600322,647.103947348676,509.749160708072,630.688906066029,517.900540307199,530.435769598836,806.930484651948,950.565615973497,171.173296221533,150.201570539873,134.036194877211,39.1253911130119,138.581291609531,218.266812412718,184.140528312782,12.647449855595,39.378783933532,219.984688596632,1.0281735952506,1.02180097146694,0.996697140840511,0.962475342666649,0.96151924005934,0.962427471705545,0.956571737703687,0.957434357615084,1.02140915219577,0.968318840825144,0.965208926881976,0.947794334291146,0.966794152149412,0.967630787872047,0.975574829458023,0.993555040180197,0.997486024522092,0.995785931509319,0.992751804229793,0.989834623242537,1.00012761307391,1.02530905302429,1.02395099497645,1.00182744438573,1.02940182870418,1.02135397691775,1.0043004799885,1.02211672667598,1.02333497625538,1.05045863528919,0.98362238297158,0.986256501672423,0.998603239276397,1.01490757358679,1.05140069613496,1.0649464239516,1.02837945439084,1.0282748191684,1.03039788066121,60.2609336336093,60.2664459792079,60.2652436660475,60.2603011100997,60.2580699126842,60.2608571329237,60.2607207075473,60.2606892167104,60.2570148962051,60.2614744685386
8.53906385454499,239.855239911625,694.093520429259,658.940210464164,647.044582781176,509.444162963916,630.716142141067,517.886703818711,530.378870153322,806.23072427943,950.127338196047,171.14239868624,150.098313566278,134.048630947689,39.1085639123514,138.712955439683,218.250740688604,184.153669882313,12.6506130557531,39.4440232343642,220.184720622552,1.02817253572526,1.02181385237346,0.996681833270861,0.962389859727958,0.961397073010813,0.962298212083217,0.956450385774548,0.957316972291432,1.02134685044371,0.968196162541913,0.965084234914557,0.947677206905385,0.966680131354173,0.967542560071999,0.975550476829616,0.993557615419146,0.99749573830214,0.995786428534802,0.992787369950392,0.989891016854246,1.00012948980855,1.02531035275051,1.02395365437688,1.00183003775726,1.02940852298003,1.02142649086624,1.00434541068611,1.02226591793851,1.02350140399231,1.050466330368,0.983427066857833,0.986115329556592,0.998636867019701,1.01498816817211,1.05139956272655,1.06495269028328,1.02838814429761,1.02846005371369,1.03038742264486,60.2613508989839,60.2657185504743,60.2648024738729,60.2612920991333,60.2598119522372,60.2618998959762,60.2617584343564,60.2610877580798,60.2580116470388,60.2610299348933
8.58419595528471,239.862873058709,694.655194003541,659.445278415151,647.054919177683,509.315803570435,630.855841708644,517.962077408986,530.342762572614,805.703067264463,949.303868789012,171.150446596823,150.023059896758,134.063974032758,39.1303398555035,138.777297791559,218.261188317561,184.203982007202,12.6621091567106,39.5132103033025,220.443603057332,1.02815631944241,1.02180722633755,0.996652325419998,0.96230922821687,0.961289502364461,0.962185504938454,0.95634300898596,0.957212360101586,1.02128678900636,0.968089032390799,0.964975271882918,0.947574205529745,0.966579150348344,0.967459265643025,0.975508986245015,0.993533448097577,0.997480588797205,0.995765868797047,0.992782930021625,0.98989703896247,1.00010391255347,1.02528539069755,1.02393050032831,1.00180526556977,1.02940329026925,1.02146829256432,1.00436231483432,1.02236964031295,1.02361951532264,1.0504611684358,0.983268161084157,0.985996993749993,0.998635456185352,1.01500627113042,1.05137490973163,1.06494048618239,1.0283862029446,1.02859536853234,1.03037469302508,60.2617624279141,60.2641858782557,60.2637515881952,60.2622863945631,60.2618189937292,60.2628569517056,60.2627183695541,60.2615313027791,60.2596168053701,60.2606269316149
8.62932805602442,239.923024580675,694.849679134989,659.628958851119,647.137126043759,509.390244098907,631.087286596928,518.113737717412,530.336469786714,805.446960546646,948.202969189522,171.19774866368,149.991127174687,134.079747501495,39.1893567763869,138.76286463956,218.296265623126,184.284855615041,12.6814263460797,39.5742912151741,220.72408990758,1.0281266178389,1.02178096363071,0.996612587789795,0.962246466010986,0.961214279127583,0.962108019146245,0.956267282808174,0.957137690508725,1.02123851077145,0.968015058841919,0.964899984630256,0.947502254572769,0.966507757477976,0.967394370520407,0.975456478983785,0.993485593343417,0.997442004989345,0.995726630192893,0.992738277808841,0.989850604944777,1.00005420831257,1.02523745719504,1.02388462218987,1.00175629907655,1.02938636945196,1.0214707405484,1.00434696384345,1.0224079246456,1.02366672622868,1.05044309264547,0.983173095050508,0.985920971890084,0.99859859191911,1.01495764498706,1.05132993944344,1.06491154043583,1.02837357035742,1.02865511624886,1.03036155372731,60.2621245940888,60.2622037017674,60.262355432276,60.2631991825924,60.2638405955568,60.2636255488495,60.2634932073488,60.2619841100998,60.2616110850434,60.2602879662684
8.67446015676413,240.023157173254,694.650566955754,659.472982634817,647.287080281192,509.661535632461,631.37496029749,518.3153190237,530.364780837819,805.515693716972,946.922178963517,171.282529602319,150.010233892749,134.095730369715,39.2805706396137,138.670784974689,218.352340156209,184.386244994255,12.7082786720288,39.6183325418689,221.001519439151,1.02808537791004,1.02173590344849,0.996565471469234,0.962207864478591,0.961179476899999,0.962074165629437,0.956231332189215,0.957100930738359,1.02120690820209,0.967982147977401,0.964866453809902,0.947469016669993,0.966473493027947,0.967354473518363,0.975397796373449,0.99341820938478,0.997382584627454,0.995671423509581,0.992657097256394,0.989755511300041,0.999985176880434,1.02517143276954,1.02382066737994,1.00168756216652,1.02935821736091,1.02142971566877,1.00429817626144,1.02236992898544,1.02363059087461,1.05041270877838,0.983153490105448,0.985895648073156,0.998529274158171,1.01484623284025,1.0512693500571,1.06486862147587,1.02835054577212,1.02862480763419,1.03034915472373,60.2624000259811,60.2601996362751,60.260928277337,60.263947168138,60.2656127563624,60.2641303506828,60.2640015506541,60.2624007726983,60.263698092945,60.2600285869916
8.71959225750384,240.144075440731,694.1079222573,659.024149140486,647.492789065319,510.092290865561,631.675429838486,518.532005139966,530.426494073019,805.906338500292,945.540325139622,171.400677275385,150.078819324652,134.113620167965,39.3956162950992,138.514542033514,218.42431006816,184.496314405791,12.7424697645401,39.640953036302,221.266057938133,1.02803474881913,1.02167399513767,0.996512522454529,0.962192277633871,0.961182513781098,0.962081066244761,0.956232748206495,0.957099887352339,1.0211916684361,0.967987552360361,0.964871916922608,0.947471973863333,0.966473993008207,0.967338549431283,0.975335983444644,0.993336132482775,0.997305930800452,0.99560311999748,0.99254663350154,0.989621088333634,0.999902497336813,1.02509313002076,1.02374422974675,1.00160424567356,1.02931958166348,1.02134653773205,1.00421825883895,1.02225601563901,1.02351115407687,1.05037135853175,0.983203549877567,0.985917267556794,0.99843364842165,1.01468378586827,1.05119865292992,1.06481521534182,1.02831786686761,1.02850380640432,1.03033782858674,60.2625643112532,60.2585890343642,60.2597726931056,60.2644570491218,60.2668997965206,60.2643348703093,60.2642020303175,60.2627334027871,60.2655550431979,60.2598583590655
8.76472435824356,240.264420666059,693.337286279902,658.383532152014,647.733768807238,510.619939707101,631.945735132836,518.727566555104,530.514043915794,806.560126306342,944.115913886944,171.545394348573,150.186243510359,134.136076072751,39.523471177735,138.317619446826,218.505884928899,184.60327416428,12.7834907805352,39.6426314967066,221.52075877932,1.02797716185932,1.02159851248881,0.996454388062253,0.962192215164391,0.961211610897085,0.96211608685642,0.956260008088691,0.957123571812516,1.0211879398471,0.968019345264401,0.964904258919896,0.947499839405995,0.966498375039738,0.96733903733625,0.975272494065629,0.993244692210719,0.997216666760782,0.995524909652374,0.992417090389752,0.989461237031942,0.999812289765413,1.02500873633832,1.02366133379932,1.00151203327242,1.02927177036333,1.02122823158116,1.00411316120077,1.02207814399115,1.02332137894197,1.05032123966348,0.983302261904968,0.985971554188565,0.998320500398708,1.01448848144223,1.05112356934972,1.06475528531175,1.02827689959099,1.02830581785082,1.03032721039094,60.2626095620412,60.2576949779885,60.2591223235313,60.2646752532556,60.2675317369505,60.2642454241155,60.2640995954571,60.2629403153854,60.2668885430167,60.2597821844896
8.80985645898327,240.365338089635,692.496481977843,657.686062277328,647.98222043406,511.167224959839,632.151389529146,518.871779117321,530.614672637511,807.373063929539,942.691666621783,171.706995311646,150.314816557899,134.165468315782,39.6514680641284,138.109519131799,218.589933664984,184.6970647596,12.8300256459493,39.627943079681,221.776346525127,1.02791548120322,1.02151420150077,0.996391602262971,0.962196342043665,0.961249199759019,0.962160426815812,0.956295824784046,0.957155432508557,1.0211879869627,0.968059826575467,0.964945472596883,0.947535823659692,0.966530433216944,0.967344370960234,0.975207922511322,0.993149669173706,0.997120499540555,0.99544062899763,0.992280736077907,0.9892929041725,0.999720808678658,1.02492437856301,1.02357802608566,1.00141696510283,1.02921698775491,1.02108700895709,1.00399221307322,1.0218584528515,1.02308552771317,1.05026548341982,0.983418721659677,0.986037475039995,0.998200496786217,1.014282671825,1.05104955902278,1.06469308530602,1.02822984293972,1.02805706039412,1.0303165318616,60.2625442603137,60.257687345695,60.2590992851903,60.2645772972285,60.2674307022647,60.2639070113661,60.2637424231004,60.2629941571771,60.2674851696347,60.2598015234924
8.85498855972298,240.434106296864,691.754510498601,657.074271008022,648.206352051825,511.654865293514,632.272255924633,518.946421748121,530.712902686641,808.214506848973,941.303316408618,171.873185092536,150.443165375972,134.202733034999,39.7666741258173,137.920903654352,218.669003466839,184.770621312467,12.8796073570575,39.6041057578163,222.044415175798,1.02785310706564,1.02142718656515,0.996325401975906,0.962192651264509,0.961276348556467,0.962193792998903,0.956321516519419,0.957177573923316,1.02118337637116,0.968089930726881,0.964976146439468,0.94756185692603,0.966552756109161,0.967342204922475,0.975142897733566,0.993057201101045,0.997024119780695,0.99535499536121,0.992150680126787,0.98913407555979,0.999634157586173,1.02484575230147,1.02350001142415,1.00132527194188,1.02915853749423,1.02093888097603,1.00386730303762,1.02162611514318,1.02283562178431,1.05020808435527,0.983519199649505,0.986092169467707,0.998085135567497,1.01408997754808,1.05098145704669,1.06463294992561,1.02817980622588,1.02779230571016,1.030304996015,60.2623897368339,60.2585523353583,60.2596936857353,60.2641744269908,60.2666221119813,60.2633923119581,60.2632101413621,60.2628874848972,60.2672477472201,60.259915165594
8.91560840773823,240.469252225042,691.166917436979,656.599155926688,648.414581906139,512.095658580598,632.299471475034,518.93553342084,530.814152506669,809.147031407496,939.570681876048,172.079053306245,150.579129368242,134.262661770829,39.8814242738014,137.74581846705,218.755330133919,184.83271667756,12.9447683316656,39.5748750006605,222.43369590504,1.02777512916408,1.02131852664962,0.99623543514361,0.962158521441071,0.961268583590118,0.962191386479693,0.956312633252263,0.957165775168639,1.02115782769924,0.968085959822723,0.964972159867898,0.947554630642818,0.966541949290933,0.967309924088973,0.975057062701536,0.992947664336272,0.996906946000389,0.995247454664905,0.992007534674223,0.988964774424466,0.999534858362024,1.02475740431671,1.02341196653959,1.00121784673693,1.02908175461768,1.02076023563631,1.00371626614284,1.02135056116251,1.02253977196808,1.05013648067976,0.983577450125248,0.986113573312695,0.997956700632191,1.01388949988154,1.05090580385188,1.06456250508384,1.02811463934272,1.02747896460304,1.0302873546564,60.2620942407602,60.2606949400655,60.2611836302637,60.2632529594383,60.2646731050093,60.2625789652663,60.2623896005106,60.2625235473151,60.2657196272634,60.260208272054
8.97622825575349,240.449742008578,691.205213770953,656.651204377736,648.476974274189,512.21203951199,632.208234021185,518.829594604601,530.861117033723,809.644912378912,938.109674615773,172.232218899942,150.636851908865,134.323325627367,39.9335067781747,137.690424170564,218.805634880408,184.8536359701,12.9964450025479,39.553356110993,222.830451444052,1.02771385692724,1.02123609301465,0.9961555173198,0.96208751482546,0.961199288665815,0.962122601031843,0.956243169050176,0.957096204910185,1.02110662298925,0.968019590353211,0.964904708871932,0.947488594697295,0.966474766101921,0.967239858057158,0.974981533769672,0.992868805934281,0.996820760944146,0.995163388888444,0.991921697382578,0.988872163591843,0.999466268960617,1.02469773827756,1.02335230690845,1.0011415933877,1.02901955680023,1.02064048531966,1.00361173060241,1.02117662314768,1.02235444103904,1.05008197071696,0.983521520004668,0.986057823042046,0.997877658619171,1.01378801715099,1.05085485245521,1.06451221520144,1.02806236068506,1.02728371616025,1.03026840995319,60.2617553300347,60.263227010581,60.2629431506497,60.2620781788173,60.2621840051496,60.2617830772935,60.2616156608764,60.2619833504168,60.2632038286143,60.2606448950332
9.04985866626448,240.385742589745,692.027596337662,657.369695488783,648.346460794304,511.908613384588,632.02875944016,518.656043882209,530.834982415594,809.494290729009,936.970518540893,172.317451031975,150.59381209462,134.378867693861,39.9099391624627,137.791939460775,218.811508354649,184.838610842366,13.0311232237093,39.5668656351249,223.250447349154,1.02767291517959,1.02118723156909,0.996086239610645,0.961964515705567,0.961045528832568,0.961962901991592,0.956090586956074,0.956947287610756,1.02101969322858,0.967867439808982,0.964750094716831,0.947341556070966,0.966329683982466,0.967116081400515,0.974914121210109,0.992824429065948,0.996771594100561,0.995106817080968,0.991905523143006,0.988874080693661,0.999430475005595,1.02466759115082,1.02332222281618,1.0010998186768,1.02897532731038,1.02060178715727,1.0035687482914,1.02114782897539,1.02232800888976,1.05004908378064,0.983310592090082,0.985896717492055,0.997858911527094,1.01380966058754,1.05082808494764,1.06448387775635,1.02802591181914,1.02726024234803,1.03024710166256,60.2613535613165,60.265478870987,60.2644801995853,60.2606717070792,60.2593021314329,60.2610085803417,60.2609007658723,60.2612563298318,60.2598229972705,60.261316433634
9.12348907677546,240.314695951565,693.294795606865,658.469408104654,648.057671883435,511.2627513032,631.876045234827,518.520068906666,530.739624167935,808.633937334498,936.853227137666,172.271237352651,150.452828202649,134.389290693354,39.8087683021309,138.022078601342,218.759479864943,184.796487646293,13.0235112070465,39.6091212858072,223.458987526912,1.02767971484994,1.02120604483403,0.996067831677416,0.961847346931261,0.960876289667714,0.961783318002161,0.955923606495722,0.956786494440385,1.0209389653564,0.967696459708518,0.964576660250975,0.947178732042682,0.966171291871711,0.966995995916614,0.974891723561951,0.992843239213424,0.996792703323412,0.995113613604982,0.991978695964489,0.988984984075247,0.999449595172871,1.02468436346601,1.02333944229003,1.00111929490099,1.0289776786941,1.02068405158314,1.00362408608302,1.02131420921719,1.02251247605944,1.0500601578342,0.983032317838917,0.985696833310257,0.997919662013098,1.01396331517725,1.05083914470136,1.06449387816487,1.0280285266385,1.02746185965406,1.03023511172499,60.2609928518931,60.2657755586568,60.2645988331804,60.2596251835618,60.2573826292717,60.2604843090118,60.2604391711977,60.2606198179229,60.2572250111048,60.2620545702493
9.19711948728645,240.251357676996,694.3910474534,659.431300278976,647.734150862752,510.535784655019,631.810927747192,518.464275000256,530.613898676998,807.437873233526,938.026589792254,172.102816693205,150.276498652788,134.335464992374,39.6661911977015,138.280433098664,218.657497553319,184.73690692469,12.9743037177129,39.6623515501024,223.318164913844,1.0277361744472,1.02128834168668,0.99611396036379,0.96179666321293,0.960777587743663,0.961674811771424,0.955827470128982,0.956696213269671,1.02090772401804,0.967592012545734,0.964471473176928,0.947081852675389,0.966079090500267,0.966941334154341,0.97493038547621,0.992922064804545,0.996879408491916,0.995185782409284,0.992113188037461,0.989160450993906,0.999519686874361,1.02474418673141,1.0234000621113,1.00119647954888,1.02902743213165,1.02085195672366,1.00375588018816,1.02160108359937,1.02282465771305,1.05011253481077,0.98282535481051,0.98555423542625,0.998036188602013,1.01418585868963,1.05088513205575,1.06453998434669,1.0280703735358,1.02779704542699,1.03023981131548,60.260674246356,60.2638616337516,60.2631029670911,60.2591275806762,60.2568909049231,60.2601311621367,60.2601094965064,60.2601914818805,60.2562786102165,60.2627313966786
9.27074989779744,240.181821847039,694.786723810228,659.800221577152,647.492964872315,510.000603253368,631.818043842378,518.46009943635,530.494420060551,806.408512101202,940.518651104853,171.845677829503,150.138149173681,134.21534296041,39.5211171492177,138.462324099616,218.523604805286,184.660378355321,12.8935254456076,39.6875399461011,222.755546353769,1.02783507720691,1.02141712042957,0.996225478218124,0.961858801960009,0.960819412887238,0.96171203763254,0.955871416728048,0.95674302175333,1.0209589182905,0.967624606261959,0.964506241077952,0.947117939242775,0.966117955815949,0.967000010663095,0.975035585068235,0.993048324479013,0.997015082055333,0.995313068018429,0.992271809279073,0.989346733135032,0.999630548000585,1.02483898578963,1.0234956889477,1.00131939871169,1.02911597423318,1.02104963320109,1.00392557339536,1.02190075150925,1.02314542099948,1.05019537306511,0.982810008800928,0.985552304661381,0.998176021398961,1.01440451271093,1.05096049938494,1.06461475788697,1.02814426443002,1.0281349537776,1.03026537434344,60.2603977873604,60.260531868664,60.2605561735952,60.2591327677929,60.2577177716767,60.2598319870264,60.2597750922035,60.2600022246781,60.2571454369872,60.2632026327046
9.34438030830843,240.075732017516,694.281020831931,659.388293573144,647.384387594336,509.828203764145,631.822235209789,518.432294130131,530.398782255357,805.948594727623,944.008948532406,171.554246704551,150.089557400899,134.052000748241,39.4027780039242,138.504815292486,218.378829047503,184.563487012743,12.8011821566119,39.6563771591338,221.834608792214,1.02795831100071,1.02156431780426,0.996383658073487,0.962037846739425,0.961016539295351,0.961911965530649,0.956069776121283,0.956940010609731,1.02109477014688,0.967810875487213,0.964697575617736,0.947301949543606,0.966301746740457,0.967177584621826,0.97519361835953,0.993199882664543,0.997172418148328,0.995471257474796,0.992419378859035,0.989498949147662,0.999765274709875,1.02495590427545,1.02361306976659,1.0014674065123,1.02922413205325,1.02121882383959,1.00408865205996,1.02211312495273,1.02336556609798,1.05029067097473,0.983025733120685,0.985717702696881,0.998307759990468,1.01456312803571,1.05105615624771,1.0647063729766,1.02823494665857,1.02835741256257,1.03030901206857,60.2601922686698,60.2572543055589,60.2580290814433,60.2594311628921,60.2592738845815,60.2595385291607,60.2594073491465,60.2600199114638,60.2592489401386,60.2633402052264
9.38818766498702,239.987178033362,693.606107516181,658.81058531806,647.375449016916,509.912822634675,631.789195139371,518.375001266871,530.354514597297,806.025016800696,946.327205902017,171.385958516319,150.109695747299,133.949031597328,39.3505406374211,138.459044926396,218.295967870946,184.496365105422,12.7485787210091,39.6016946997497,221.177649926385,1.02803489820905,1.02164951655976,0.99648819964403,0.962186418702653,0.961192506252632,0.962092828999214,0.95624606441438,0.95711365738275,1.02120608400534,0.967980533804389,0.964871195366465,0.947467709365628,0.966466015346612,0.967326510632441,0.97530201907832,0.99329225084498,0.99726509978048,0.995568637480319,0.992492420013273,0.989563429275633,0.999849053385539,1.02502988563434,1.02368705661815,1.00155816170443,1.02928968687596,1.02129032468591,1.00416889721502,1.02217496236428,1.02342406032459,1.05034609227414,0.983246281352083,0.985883119401497,0.998373588984722,1.0146185384818,1.05111805061792,1.06476355604572,1.02829041499672,1.02840864603431,1.03034060634893,60.2601251915184,60.255926547984,60.2569803501577,60.2596540092447,60.2602421603776,60.2593862044757,60.2592098845362,60.2601075463491,60.2607039609998,60.2632296250883
9.4319950216656,239.878202855402,692.78211048511,658.089273544459,647.383323602122,510.102683814958,631.707746709424,518.272989840724,530.315566847233,806.330864116368,948.586334679793,171.244718405581,150.161969359352,133.857925679142,39.3146989019834,138.377391823823,218.221703739557,184.425825485716,12.7080924917823,39.5415159748683,220.533445180134,1.02810350503754,1.02172097711911,0.996585228568488,0.962342873665488,0.961383900096873,0.962290630566703,0.95643759951007,0.957301727588803,1.02132301516658,0.968166631394747,0.965061357225004,0.947648704478726,0.966644791436226,0.967484288820354,0.975406356179522,0.993375082565582,0.997344781569439,0.995654990735445,0.992547758320995,0.989603971600036,0.999926368461354,1.0250996887734,1.02375665601405,1.00164029783443,1.02934524303871,1.02132847112762,1.00422478892756,1.02217800580988,1.02341832972897,1.05039279428668,0.983498291167,0.986071276663102,0.998423911844674,1.01464290267244,1.0511776954068,1.06481696316179,1.02833836239741,1.02839051554572,1.03037166006371,60.2601197316953,60.2554026092959,60.2565345836802,60.2598601587742,60.2610245248167,60.2592952353587,60.2590880155381,60.2602382960302,60.2619889294698,60.2629674787549
9.46614046839104,239.784919625533,692.122569114712,657.501434168091,647.388674289281,510.29539435428,631.610402718449,518.164616859975,530.289236820193,806.692929859874,950.181584725896,171.156591130056,150.217986154557,133.799717689017,39.2962377179808,138.299269749246,218.172104894888,184.371385603124,12.6853517468493,39.4886734986805,220.069665155075,1.0281495320297,1.02176540144814,0.996651246383455,0.962459347899691,0.961529226219199,0.962441273307301,0.956583046163687,0.957444344114278,1.02141057443192,0.968308743607716,0.965206405342006,0.947786522572439,0.966780667095196,0.967602272435083,0.97547973433322,0.993430390443,0.997395654080332,0.995711637486221,0.992579187712124,0.989621492471067,0.999979614668789,1.02514882558994,1.02380554620392,1.00169570996477,1.02938030329828,1.02133748736922,1.00425185220316,1.02214663641463,1.02337731919917,1.05042194869412,0.983694387105779,0.98621826300886,0.998452762353887,1.01464506454259,1.05122042011549,1.06485423999778,1.02836929839488,1.0283371876582,1.03039406413494,60.2601662128177,60.2556171374261,60.2566630185582,60.2600026490007,60.2614359743808,60.2592954497582,60.2590787559427,60.2603653177013,60.2627482309744,60.2626636462249
9.50028591511648,239.689011129617,691.528412972641,656.959731385659,647.383483949525,510.496797073445,631.488100124251,518.03744083413,530.266234751433,807.113565168773,951.526854332593,171.091310288998,150.275616816395,133.756080600354,39.2838335902749,138.219690316009,218.129780976956,184.320021767608,12.6712143748748,39.433981498882,219.680035238135,1.02818591886313,1.02179814354084,0.996705047700766,0.962561504832769,0.961658350329672,0.962575437481155,0.956712154700902,0.957570739208708,1.02148688185792,0.968435663181344,0.965335804367293,0.947909366361262,0.966901665552797,0.967706292936179,0.975542203779511,0.993475897587276,0.997435257607775,0.99575664045363,0.992602017551226,0.989630439342586,1.00002497743157,1.02519165876924,1.02384811557706,1.00174185405263,1.02940656994829,1.0213314364533,1.00426558011597,1.0220942463482,1.02331407285848,1.05044356617767,0.983872286585172,0.986351617836501,0.998473914706905,1.01463863003742,1.05125822911579,1.06488662232523,1.0283932040367,1.02826069868443,1.03041289289787,60.2602607200181,60.2563586983886,60.2572038020763,60.2601341254616,60.2616435006446,60.2593812057794,60.2591692263125,60.2605100179165,60.2632194024811,60.2622838345576
9.53443136184192,239.598862211149,691.059333553948,656.519207255165,647.3623214069,510.678734143161,631.350130545625,517.901091382019,530.247332966717,807.542160981638,952.541766539385,171.050871610785,150.330863342872,133.729678818199,39.2767431617614,138.150476173995,218.096514465949,184.27563689018,12.6662942338144,39.3846115264792,219.385780447217,1.02821134231748,1.0218181246929,0.996743259945358,0.96264079206087,0.961760019123238,0.962681307518484,0.956813843496098,0.957670199101462,1.02154640037129,0.96853619186156,0.965438157211914,0.948006443561795,0.966997189170065,0.9677875513754,0.975589481488189,0.993509273757595,0.997461808697433,0.995787619852044,0.992616665504123,0.989632967886574,1.00005999970421,1.02522578133773,1.02388203090405,1.00177632834502,1.02942284141214,1.0213130356801,1.00426672297134,1.02202865411937,1.0232375912255,1.05045687056177,0.984014704164286,0.986459210854091,0.998487722832789,1.01462773604683,1.05128885968967,1.06491252706272,1.02840898300075,1.02817142586807,1.03042710113554,60.2604021448378,60.257546568004,60.2581047904137,60.2602663660134,60.2616516413636,60.2595673935321,60.2593726939153,60.2606682912995,60.2633756638804,60.2618429325581
9.56857680856737,239.52177240105,690.76287445134,656.225035764291,647.324467068493,510.817180781968,631.210136208518,517.767817344418,530.234094049236,807.93135396821,953.164771138483,171.035296818524,150.376590130148,133.721161318591,39.2736178264422,138.100671659085,218.072626968536,184.241554232776,12.6699977992496,39.3439626333194,219.206696451288,1.02822474675536,1.02182539254645,0.996764303668606,0.96269149721185,0.961826289603426,0.962750531390904,0.956880135587992,0.957734943905849,1.02158456292775,0.968602375030269,0.96550537933439,0.948070148122791,0.967059818807274,0.967840164380221,0.975619336213549,0.993529782059493,0.99747520076363,0.995803922605553,0.992624728264932,0.989632260463554,1.00008351649314,1.02524982703913,1.02390600306608,1.00179824171462,1.02942911015072,1.0212867583929,1.00425775055032,1.02195965752995,1.02315885503693,1.05046186666279,0.984109739066087,0.986531936211124,0.998495596137314,1.0146173548764,1.0513108625467,1.06493117787501,1.02841646260972,1.02808161386237,1.03043572930677,60.2605846121552,60.259054527003,60.2592774198778,60.2604138855151,60.2614909141081,60.2598602782559,60.2596916668974,60.2608347882795,60.2632268721258,60.2613594675529
9.60272225529281,239.465777799936,690.666913431052,656.10685021509,647.27301229785,510.893545738687,631.0835837509,517.650479581653,530.228015225433,808.238840726384,953.357161309621,171.043591251992,150.408273853592,133.730071905051,39.2738334720632,138.077418041254,218.058546958259,184.220973015618,12.6815046515867,39.3160726819438,219.153662420675,1.02822577011218,1.02182046055143,0.996767427607936,0.962709936055785,0.961851983807087,0.962777646066117,0.956905855470159,0.957759946631333,1.02159857901562,0.968628943193316,0.965532137660067,0.94809545596078,0.967084647379334,0.967860258201927,0.975630262147553,0.993536916951278,0.997475606896703,0.995805374156503,0.992627341463817,0.989630628554762,1.00009452899662,1.02526255548104,1.02391886271995,1.00180691347452,1.02942574444405,1.02125678342516,1.00424108608378,1.02189607830032,1.02308773520104,1.0504588295132,0.984149450590869,0.986563618589197,0.99849856590633,1.01461113677877,1.05132290593387,1.06494187344301,1.02841579757848,1.02800229346973,1.03043825742768,60.2607975447503,60.2607238237316,60.2606055216762,60.2605901382271,60.2612130637303,60.2602552416601,60.2601163566754,60.2610025400285,60.2628166340597,60.260854538065
9.63686770201825,239.437298078076,690.777562647096,656.176211151395,647.214852605774,510.897602576478,630.986739695629,517.561477292691,530.230634828025,808.43370039016,953.10707824327,171.073754763196,150.423113552671,133.754682162595,39.2773259913737,138.08446356573,218.054527650499,184.21652121536,12.6996073304138,39.3038320342443,219.228995702237,1.02821470290763,1.0218044020046,0.996753016606431,0.962695089352933,0.961835441141147,0.962760867719703,0.956889326205493,0.957743585231037,1.02158757910567,0.968614076008012,0.965516622837367,0.948080671072318,0.967070027088497,0.967846648115069,0.975621940726048,0.993530726964787,0.997463738303124,0.995792560906198,0.992625281745106,0.989629469307128,1.00009253581337,1.02526316593527,1.02391986836032,1.00180220384485,1.02941363966057,1.02122688319165,1.00421915783454,1.02184518103662,1.02303227475012,1.05044842929044,0.984131057595329,0.986551768276515,0.998497358909795,1.01461117699266,1.05132405157012,1.0649441993543,1.02840758880646,1.02794234218919,1.03043458684738,60.2610259550235,60.2623809860302,60.2619575120406,60.2608040933631,60.2608842748869,60.2607357904257,60.2606246411311,60.2611629777512,60.2622162856013,60.2603505396226
9.67101314874369,239.441017533989,691.078856288482,656.425348519691,647.159216644952,510.828544150548,630.93434546839,517.511082123689,530.242885584089,808.49895632052,952.43046607233,171.123018298149,150.420467165447,133.792247931374,39.2845832114334,138.121729161609,218.060617118652,184.229901373609,12.7229250917516,39.3087480399112,219.426391267789,1.02819242029747,1.02177865886835,0.996722452383105,0.962648582266411,0.961778557282067,0.962702141879298,0.956832415434575,0.957687686876926,1.02155265567921,0.968559463454186,0.965460606969608,0.948027474487873,0.967017611769128,0.967800834287473,0.975595175367241,0.993511733242104,0.997440685130454,0.995766677187817,0.992618824653162,0.989629058674665,1.00007753404522,1.02525134907782,1.02390874722113,1.00178445909141,1.02939404115132,1.02119995077603,1.00419406263394,1.02181188235344,1.02299784103012,1.05043157394399,0.984057094451173,0.986497733997913,0.998492263764774,1.01461774653282,1.05131384126812,1.06493803165413,1.02839276671198,1.02790760798015,1.03042503948145,60.2612514845449,60.2638564691378,60.2631999043833,60.2610574765554,60.2605763591448,60.2612738282749,60.2611833667863,60.2613062397987,60.2615155019217,60.2598697636919
9.71340923634376,239.492649407049,691.659896404525,656.941595318572,647.109232481705,510.656584539075,630.948038048762,517.51237146488,530.27156158872,808.400432063045,951.068176320578,171.205627072916,150.395177225329,133.851372573702,39.3002924679579,138.203113275328,218.081802174989,184.271908068584,12.7568948801522,39.3385802651931,219.817939114275,1.02815138637019,1.02173588946104,0.996665699714233,0.962553606565287,0.961660539271809,0.962579966053826,0.956714243701497,0.957571725615513,1.02148086003132,0.968444730233133,0.965343316026775,0.947916117355214,0.966907919012442,0.967705865611019,0.975539391125562,0.9934719417834,0.997398710338627,0.995719103326037,0.992604245384505,0.989628039622405,1.000041749487,1.02521989256976,1.02387858105106,1.00174568414204,1.02936160949341,1.0211730787938,1.0041608224425,1.02179761835293,1.02298696156627,1.05040339075341,0.983900571385206,0.986380386920799,0.998480194181224,1.01463216484621,1.05128563472007,1.0649189373531,1.02836701154629,1.02790217920198,1.03040616764271,60.2614958560226,60.2652121999033,60.2644047261525,60.2614145177326,60.2603264080061,60.2619616005931,60.2618817765921,60.2614440604406,60.2606558372086,60.2593369950076
9.75580532394383,239.592824285914,692.377622819198,657.611415209957,647.095161118546,510.421926588813,631.057248263986,517.587216368248,530.313298404681,808.132736202513,949.249727206072,171.306162971227,150.353378007193,133.917844944361,39.3258389710714,138.309833129758,218.118190847026,184.340722585551,12.7942392421267,39.3919852616451,220.331298043726,1.02809893906864,1.02168415370637,0.996593042644996,0.962428178812374,0.961504288122998,0.96241811217944,0.956557723513394,0.957418148014749,1.02138590930715,0.968291877977903,0.965187338810249,0.947767953340498,0.966761884727189,0.967579450408011,0.975463134168537,0.993416156146265,0.99734426205315,0.995657709024375,0.992580555384168,0.989622306279043,0.999988468600267,1.02517101198894,1.02383141791616,1.00169018731251,1.02932277784834,1.02115341010253,1.00412623014562,1.02181027524041,1.02300763022588,1.0503691470505,0.983692875924887,0.986222075314555,0.998460172981468,1.01464673286566,1.05124121318883,1.0648878229394,1.02833526406869,1.02793397724278,1.03038150211924,60.2616663780992,60.2658692284293,60.2650808988984,60.2617888338704,60.2603091037036,60.2625934878171,60.262505817681,60.261520846914,60.2599608656099,60.2589046970269
9.7982014115439,239.730670608826,693.116188890226,658.332839090736,647.128285403347,510.174038403621,631.258752099064,517.72943010036,530.364175363071,807.755506718072,947.146191018989,171.417590810641,150.303384074669,133.984112124256,39.3629416097151,138.420953181019,218.16717207427,184.431244873719,12.8325555575416,39.4626689432816,220.915553795877,1.02803917553236,1.02162700764974,0.996511331254536,0.962287725253522,0.961330026566179,0.962237722531149,0.956382973299844,0.957246542571838,1.02127894666106,0.96812074801091,0.965012944193662,0.947602138716404,0.966598283128262,0.96743717951072,0.975373692067069,0.993348163815874,0.997280925618084,0.99558730136086,0.992546223714281,0.989606991416596,0.999921299991047,1.02510802384255,1.02377045632699,1.00162173401776,1.02928058424982,1.02113889207264,1.00409068186313,1.02184138970838,1.02304991478213,1.05033120063496,0.983463623528303,0.986043907842596,0.998430836411532,1.01465276738309,1.05118361823221,1.06484677129936,1.0283001371304,1.02799137469727,1.03035353173086,60.2617304425867,60.2657427861951,60.2651329872448,60.2621339491971,60.2605714335858,60.263081381175,60.2629699507032,60.2615218826337,60.2595609677661,60.2585964915111
9.83045626219415,239.850909740645,693.623516748372,658.852409368269,647.187431966094,510.009231516271,631.463891647679,517.873656731467,530.405870444856,807.441887654578,945.467624133987,171.505378781831,150.265339960785,134.030072722736,39.399351295099,138.49454757681,218.211428187266,184.51038999372,12.8609557166276,39.5215437472716,221.374135620905,1.02799147644453,1.02158207649275,0.996447468502797,0.962180735204648,0.961198402356934,0.962101674745416,0.956250783710665,0.957116549714494,1.02119679016972,0.967991150139332,0.964881022895483,0.947476544417507,0.966474187068554,0.967328396971419,0.975301656358924,0.993290909202526,0.997229122957314,0.995530795374537,0.992512261571047,0.989586052164818,0.99986357184827,1.02505319409993,1.02371727867348,1.00156366488671,1.02924810032056,1.02112937140064,1.00406292395706,1.02187063234178,1.02308863708393,1.05030131562718,0.983293721335954,0.985908871991281,0.998401610157653,1.01464631274931,1.05113333748844,1.06481042294982,1.02827278314056,1.02804291660425,1.0303316703636,60.261693973807,60.2651351800489,60.2647469229244,60.2623449326268,60.2609527727355,60.2633085596331,60.263172141219,60.2614663837438,60.2594987520515,60.2584531152949
9.86271111284439,239.974050179139,694.029138767433,659.293928581343,647.273522572415,509.891228113047,631.699108501654,518.037324037878,530.446934855505,807.14679462239,943.821288894662,171.593389489137,150.236148562083,134.070504522791,39.4436604096472,138.548941274052,218.260503139986,184.59423229248,12.8884310585947,39.5832895784238,221.81332194193,1.0279443008932,1.02153701006131,0.996384810425083,0.962080661735815,0.9610771212803,0.96197659134864,0.956128917494476,0.956996554857774,1.02112010454185,0.967871497603514,0.96475935927669,0.947360473402872,0.966359241271332,0.967226282115836,0.975229229072064,0.993230303430285,0.997175121656315,0.995473326174994,0.992470069555233,0.989553698640888,0.99980194606621,1.02499436998384,1.02366009962494,1.00150199546419,1.02921595276306,1.02111755456008,1.00403291598467,1.02189598717005,1.02312319878681,1.05027131496317,0.983140779701819,0.985784826137192,0.998365093183663,1.01462473627294,1.05107947116343,1.06477082280966,1.02824558198294,1.0280902433876,1.03031082273408,60.2615781792653,60.2641509073502,60.2640295105613,60.2624836366703,60.2614568016825,60.2633793554919,60.2632164177621,60.2613608857597,60.2596507216935,60.2583898511429
9.89496596349463,240.089873418505,694.300884084793,659.621669382805,647.381779380725,509.83971208675,631.947984242561,518.208218213837,530.484851139258,806.907893691968,942.287589716587,171.678395869697,150.21699187192,134.103007834057,39.4944266861088,138.57505824526,218.312118057922,184.67801311784,12.9139119097798,39.6405655261157,222.212474003378,1.02789942928379,1.02149343506024,0.996326621621597,0.961994237133702,0.960974728227319,0.961871389153616,0.956025836237954,0.956894786212078,1.02105345386285,0.967770308913872,0.964656607606271,0.947262152086405,0.966261558153943,0.967137769491944,0.975160487412917,0.993169186367285,0.997121246435861,0.995417581213754,0.992420586960395,0.989509643111231,0.99973942729576,1.02493447312686,1.02360175114492,1.00143965823877,1.02918552966631,1.02110221255833,1.0040009774354,1.02191240781941,1.02314762415204,1.05024231551911,0.983017120939897,0.985680867837733,0.998322049331582,1.01458634259774,1.05102471065401,1.06472984341755,1.02821973692167,1.02812618088721,1.03029199259472,60.2613845598843,60.262884587881,60.2630453759343,60.2625293684315,60.2620306339574,60.263277882159,60.2630909521225,60.2612073440812,60.2599912222833,60.2584031997646
9.92722081414488,240.188784240423,694.418324104084,659.810093844155,647.504750779683,509.866747132919,632.191990761807,518.373163351104,530.517204502445,806.753932107902,940.936759793554,171.7583939141,150.211641802182,134.127100135461,39.5504758243117,138.56817519797,218.364209540745,184.757298016186,12.9371227021228,39.6904392179667,222.552241514213,1.02785855856034,1.02145229739598,0.996274858047578,0.961925720145714,0.960896736379962,0.961791795850546,0.955947131013872,0.956816752970894,1.02100042646188,0.96769311513977,0.964578373572015,0.947186894055701,0.966186364188151,0.967067262874067,0.975098037647968,0.993109452764871,0.99706880214446,0.995365116302195,0.992364372545995,0.989453541507827,0.999678312321664,1.02487590533076,1.02354454782556,1.00137870942185,1.02915738204167,1.02108126310617,1.00396650242047,1.02191430753472,1.0231555304784,1.05021496640252,0.982929975918546,0.98560314886896,0.998272918536016,1.0145297842469,1.05097137048535,1.06468902783253,1.02819579828039,1.02814343100117,1.03027609755073,60.2611203363992,60.2614519072742,60.2618803014282,60.2624667025039,60.2626064337619,60.2630006288935,60.262795727783,60.261010214713,60.2604710582642,60.2584860126193
9.95947566479512,240.262412660603,694.37637870506,659.84725692133,647.633940722781,509.97680022329,632.412774049638,518.519451468976,530.542295591476,806.705797411324,939.824839243646,171.831347363848,150.221232951238,134.14263605493,39.6097255685247,138.526293637465,218.414417651905,184.827817304121,12.9576850803719,39.7295688297966,222.818973034781,1.02782308022288,1.02141458093359,0.99623120158723,0.961878017725639,0.96084667355617,0.961741446841917,0.955896375563903,0.956765987931193,1.02096336687477,0.967643492825776,0.964528264070836,0.947138149671998,0.966137086589245,0.967017817739101,0.97504427512022,0.993053238170076,0.997019348894032,0.995317549913233,0.99230300396009,0.98938660779701,0.999621078237769,1.02482119851031,1.02349095006481,1.00132143078327,1.02913209683111,1.02105365899,1.00392958026534,1.02189810833755,1.02314273066812,1.05018994304665,0.982883585866824,0.985555562082181,0.998219037779453,1.01445587313084,1.05092182940894,1.06465007380937,1.0281743104102,1.02813702047791,1.03026377486082,60.2607979504259,60.2599791753925,60.2606333910563,60.262287053579,60.2631086135321,60.2625571951026,60.2623427755993,60.2607760505494,60.2610233212453,60.2586280809649
10.0011021919366,240.310052104341,694.106600861565,659.678320690747,647.794507951864,510.231572313733,632.6356512301,518.661941676951,530.562184869547,806.812590538126,938.805042243082,171.912362522972,150.254967103216,134.151103993188,39.6864603146585,138.4242590758,218.472628415682,184.899909513398,12.9799243186199,39.7604740014767,223.043545867909,1.02778691379302,1.02137229216149,0.996188437031237,0.961848482607385,0.960824353053887,0.961720636407295,0.955873284567677,0.956741942481816,1.02094038496285,0.967621332550068,0.964506251936762,0.947115541139873,0.966112975643822,0.966986587823528,0.974990385679846,0.992989098889823,0.996962308518289,0.99526549833709,0.992220105914102,0.989288651832464,0.999556642831041,1.02476005361203,1.02343078017539,1.00125635623723,1.02910432743796,1.02100807924663,1.00387926989804,1.02184846265512,1.02309314808877,1.05016199500649,0.982883704089176,0.985539839527804,0.998145872742167,1.01433990838869,1.05086696838848,1.06460516378258,1.02815079099737,1.0280906390205,1.03025365839187,60.2603248152247,60.2582267018932,60.2590758455123,60.2618823899412,60.2635223681483,60.2617793674075,60.261566611775,60.2604328453719,60.2617112355108,60.2588774864137
10.042728719078,240.299706423949,693.644670222497,659.301732100024,647.932650182356,510.584589336715,632.766323373164,518.737354268377,530.567889999118,807.097668053792,938.284838263148,171.9749934228,150.307457867659,134.147800672777,39.7571996541409,138.279186966931,218.517838584179,184.945222043376,12.9965559202859,39.7677655424166,223.129538890483,1.02776309705865,1.02133894888152,0.996162196661101,0.96185346816492,0.960846473529722,0.961746062647796,0.955894849481814,0.956761682622549,1.02094436993667,0.967643257108006,0.964529084161804,0.947135433973379,0.966130653457281,0.966990662132324,0.974956255221808,0.992938301466294,0.99691600416118,0.995226399686774,0.992139347820714,0.989185727850453,0.999507020031558,1.02471369394758,1.02338484549346,1.00120528784737,1.02908293844661,1.02095368677542,1.00382865466587,1.02176934984743,1.02300927495841,1.05014007317364,0.982944450727818,0.985571718114888,0.9980741299733,1.01421089149616,1.0508260188275,1.06456942337397,1.02813276354463,1.02800411853799,1.03025018223063,60.2598248880909,60.2568397375597,60.2577531480208,60.2612990203939,60.2635532291692,60.260836690978,60.2606400009729,60.2600600395935,60.2622226931161,60.2591743861319
10.0949610907169,240.208993133,692.920646156699,658.644574314074,648.050610234517,511.084467254009,632.779273541079,518.723861085955,530.556187407573,807.635909840252,938.319922912463,172.024918383057,150.389362849089,134.13237123817,39.8271685381735,138.069786235782,218.551717066775,184.96098617204,13.0095902261377,39.7465891077601,223.064073856992,1.02775087687255,1.02131124889941,0.99615108636651,0.96189763898161,0.960921031780275,0.961826313444761,0.955969187726809,0.956833075871369,1.02097968124222,0.96771727680615,0.964604954717242,0.947205369161046,0.966197297461493,0.967034797262662,0.974940661137763,0.99289713286924,0.996876186683674,0.995197048096154,0.992052093698984,0.989065708791436,0.999469467275858,1.02467998010191,1.02335095858035,1.00116481475186,1.0290652655272,1.02088015080974,1.00377008648657,1.02164236374049,1.02287094727067,1.05012207109521,0.983079570576814,0.985661137200972,0.997995900385779,1.01405261814813,1.05079721736939,1.06454053381731,1.0281180461842,1.02785554789487,1.03025394760146,60.2592273624791,60.2558543419262,60.2566617954801,60.2603712047211,60.262923390243,60.2595673046818,60.2594041235279,60.2595794328485,60.2623959347949,60.2595650460151
10.1471934623557,240.053763222666,692.20176765522,657.938261198907,648.092145574807,511.541319750343,632.635073554165,518.597444839657,530.528309659572,808.256054524583,939.025374587196,172.036197217185,150.467231223682,134.106385235975,39.863223137249,137.871497276052,218.552146469956,184.931008962994,13.0116438468942,39.6953717575257,222.840326216226,1.02775855965028,1.0213028509507,0.996163845698821,0.96197081395337,0.961027374129291,0.961938762450806,0.956075777610854,0.956936629811625,1.02103794346507,0.967822717513727,0.964712650229568,0.947306079216796,0.966294860183059,0.967109056306443,0.974955442285325,0.992886702986081,0.996862456832053,0.995193138465801,0.991995965148703,0.988978359634002,0.999464111325741,1.02467734811748,1.02334757410303,1.00115601981285,1.02906012631933,1.02081530678344,1.00372769441898,1.02151147305682,1.02272537760474,1.05011683756404,0.983247047980333,0.985781240743042,0.997944501763314,1.01392899915573,1.05079629736123,1.06453325426976,1.02811387421107,1.02769449616987,1.03026500122702,60.2587259992064,60.2557919481585,60.2563265470679,60.259313453323,60.2615443563808,60.2583701617274,60.258244945903,60.2591122000636,60.2619082255575,60.2599256289884
10.2183629592301,239.805595175235,691.525249830612,657.206844186325,648.014665733986,511.883715131796,632.266233757727,518.299166932764,530.472595583939,808.93950671811,940.750671282926,171.988669809555,150.540696781278,134.062867102304,39.84432884463,137.709181176669,218.498726395289,184.834246759729,12.99798925652,39.6107434323576,222.387543244416,1.02779621154301,1.02132345395919,0.996210181664276,0.962080578607575,0.961172325391838,0.962089944352373,0.956221980100526,0.957080037300295,1.02112684261892,0.967965731595621,0.964858537946493,0.947443844076307,0.966429790581582,0.967221189579276,0.975012729946846,0.99292128521965,0.996887109237648,0.995226078247024,0.991988799130325,0.988944785321233,0.999505492721449,1.02471942353516,1.02338830330536,1.00119353196284,1.02907263848952,1.02076635174127,1.00371082912754,1.02138258795424,1.02257801551288,1.05013062886031,0.983448740954208,0.985936100790634,0.997935110147812,1.01386494255866,1.05083467293141,1.06455729502398,1.0281246146802,1.02752526308383,1.03028642156993,60.2582703743719,60.2569243414237,60.2569692692352,60.2578763975593,60.258803975274,60.257141265659,60.2570560399813,60.2585398072607,60.2602289677244,60.2602853237675
10.2895324561045,239.596984138544,691.399501422295,656.985372733647,647.800460168335,511.763774040376,631.840978767838,517.954458293295,530.40658781453,809.181011647976,942.955435238781,171.865320503194,150.542365511151,134.009503934534,39.7415501647632,137.727471281808,218.389307099609,184.700941049775,12.9626487724108,39.524251837588,221.870739847894,1.0278593734335,1.02138362648491,0.996284521213648,0.962175864199561,0.961280185701038,0.962199715864386,0.956331546491091,0.957189098433092,1.02120369519359,0.968070202553996,0.964965193014503,0.947546310365752,0.966532040995101,0.967318800570237,0.975103549167427,0.993010105272042,0.996963907840464,0.995302477528886,0.99207424717728,0.98903255525929,0.999596647586539,1.02480568748489,1.02347359193519,1.00128460507224,1.02911106467245,1.02079243000699,1.00375868995872,1.02137143089392,1.02255700986124,1.05017000470197,0.983566816671553,0.986036010260679,0.998007452726646,1.01395563385513,1.05090934490153,1.06461693737369,1.02815690304508,1.02748882346526,1.0303101618241,60.2580718048534,60.2587482387064,60.2583594121214,60.2566810936143,60.2557976171689,60.2565436874383,60.2564742973224,60.2580715209524,60.2578321461305,60.2604329384466
10.3448277478529,239.505573639564,691.696272130645,657.219315848281,647.564710861563,511.337403247383,631.571900796318,517.726214598562,530.352316117373,808.95983858256,944.746175351635,171.725497519022,150.494772674315,133.961482952012,39.6150520288695,137.877089994844,218.275101790748,184.594276917663,12.9235284881219,39.483661061259,221.476742302753,1.02792062020554,1.02145356501444,0.996354097965674,0.962226939116106,0.961322846748289,0.962240363393095,0.956375852951551,0.95723488671645,1.02124585446557,0.968108954794495,0.965005038056239,0.94758626955237,0.966573705523418,0.967370889849703,0.975186184479333,0.993106656210673,0.997052270235872,0.995384375567529,0.992196959452788,0.98917795358456,0.999690505828348,1.02489190370805,1.02355964768002,1.00138179182179,1.02915606954849,1.02086860050903,1.00383971578904,1.02145945860332,1.02264620068573,1.05021532682253,0.983581113879159,0.986058709258214,0.998113901881687,1.01412758596983,1.05098213394021,1.06468109475468,1.02819478055819,1.02757443086353,1.03032785304937,60.258042527298,60.2600343048661,60.2594570345256,60.2560590991564,60.2538797517183,60.2565160269765,60.2564424853607,60.2577911685533,60.2559636423083,60.2603802658348
10.4001230396012,239.485664182716,692.231298836164,657.726715611916,647.300428949001,510.704536514924,631.415307916765,517.577409081268,530.29685645572,808.419527126186,946.440392021206,171.56111516236,150.41145979106,133.908338027054,39.467218866773,138.111454911517,218.156002180237,184.504142385475,12.8777095866197,39.4645229791215,221.12589298608,1.02798584767355,1.02153723665875,0.996428379537179,0.962258281702866,0.96133323623952,0.962246425261502,0.95638775305661,0.957249372397145,1.02127138325209,0.968114335735259,0.965011147093013,0.947594865407744,0.966585189725306,0.967402169971287,0.975270763537826,0.993214938005693,0.997155661963632,0.995477475625745,0.992350675128256,0.989367786478971,0.999791315017827,1.02498204158385,1.02365027906709,1.00148925318421,1.02921114010665,1.02098721402693,1.00395109011028,1.02162535477677,1.02282103704136,1.05026944018167,0.983540898509182,0.986039228279387,0.998248582224495,1.01435957867559,1.05105645344817,1.06475137563092,1.0282413558616,1.02775364996434,1.03034332789912,60.2580475627046,60.2607352547419,60.2601428959787,60.2557827322837,60.2527984545996,60.2567659649953,60.2566788202886,60.2575884286621,60.2545672191932,60.260181589441
10.4554183313496,239.521201197426,692.838718954773,658.349942434551,647.044211253765,510.005085564591,631.387360794312,517.52194320349,530.242397365744,807.686353206042,947.958594419075,171.387392283891,150.311262728005,133.84974996251,39.3209529737076,138.376256718947,218.04226411182,184.43790917192,12.8297506373139,39.4690891539122,220.811638353461,1.028050842536,1.02162646031169,0.996503105604369,0.962278652960642,0.961327050033375,0.962234895753939,0.956382844617908,0.957247475151389,1.02128738934667,0.968102350686768,0.964999793558471,0.947587086575015,0.966580758152656,0.967421520831442,0.975351855729201,0.993323321548663,0.997262838257073,0.995573081587632,0.992512051432087,0.989569994445631,0.999888780861,1.02506730356369,1.02373655630838,1.00159561646234,1.02927136729326,1.02112919990978,1.00407723376309,1.02183711568033,1.02304690429827,1.05032701924436,0.983475415265364,0.985997985841975,0.998391108565163,1.0146094875864,1.05112546985849,1.06482091353456,1.02829265656141,1.02798986340184,1.03035715828157,60.2580237448459,60.2606343366722,60.2601857817487,60.2558658844101,60.2527761587985,60.2571504629694,60.257044936981,60.2574637367397,60.2539594933706,60.2598482285855
10.5107136230979,239.576876662742,693.34004449112,658.90247588016,646.832565550104,509.396858052403,631.462735479569,517.543991099591,530.190864219896,806.942272674951,949.255132819594,171.224767649459,150.217448562475,133.789457401707,39.200230943677,138.609833766558,217.948586334684,184.398649565979,12.7857580394148,39.4884229319442,220.533187614644,1.02810978206192,1.02171056619012,0.996572612520892,0.962297994378589,0.961322371887884,0.962225426855982,0.95637905937298,0.957246283293361,1.02130144060582,0.968091836073605,0.96499002197793,0.947580483693639,0.966577130239817,0.967439257767648,0.975423500291268,0.993418850762291,0.997360445205899,0.99566062932794,0.992655068057484,0.989748871210836,0.999972061968151,1.02513873790607,1.02380927364334,1.00168844194338,1.02932992310488,1.02126948863158,1.00419827755896,1.02205174125597,1.02327696316848,1.05038134084847,0.983418755634635,0.985959817226286,0.998518594169361,1.01483038476467,1.05118242946007,1.06488176836146,1.028343106661,1.02823268527685,1.03036956228709,60.2579336115516,60.2597522679952,60.2595548445143,60.2562687182475,60.2537949125315,60.2575303935514,60.2574044025248,60.2574137441093,60.2542699165473,60.2593967197668
10.5660089148463,239.614664158858,693.593826596811,659.224380144126,646.69819496862,509.016450077856,631.592980071709,517.60847585445,530.145549551954,806.372720825227,950.295898767172,171.092544804722,150.151194776569,133.732878181695,39.1241100082474,138.758916289264,217.883944823162,184.38336343439,12.7514305834579,39.5112695055057,220.287528305596,1.02815754764393,1.02177919576819,0.996631498181732,0.962324971902733,0.961334988842309,0.962235167332643,0.956392104810095,0.957260796944551,1.02132041815146,0.968099471368083,0.964998622494714,0.94759056696737,0.966589121263666,0.967464619489281,0.975481174205314,0.993491042225054,0.997436700916997,0.995730671432931,0.992757709261727,0.989874067386491,1.00003330980329,1.02519042919901,1.02386223861637,1.00175799598667,1.02937986764595,1.02138262479133,1.00429481864768,1.02222459995373,1.02346243697552,1.0504257994983,0.983400259161902,0.985947044379789,0.998611481360667,1.01498225187945,1.05122319718852,1.06492805665846,1.0283868932958,1.028429337055,1.03038082565981,60.2577760286189,60.2583306698204,60.2584219623882,60.2569007378804,60.2555986232802,60.2578089156891,60.257661113195,60.2574303877217,60.2554036483978,60.2588469321816
10.6213042065946,239.605256634681,693.53145791413,659.226032657089,646.66192100517,508.943618616832,631.722041213978,517.672777529773,530.110596866299,806.118967970824,951.036183114667,171.007273869471,150.12714392028,133.687246844228,39.1033385110894,138.792369826681,217.852220421932,184.386030467092,12.7316234765802,39.5272886473162,220.082678943319,1.02818948299986,1.02182346307898,0.996674174239524,0.962362600688328,0.9613720469917,0.962272054389874,0.956429117890975,0.957297762984313,1.02134700313757,0.968133232575411,0.965033533081257,0.947624595880745,0.966623585289201,0.967501166018664,0.975520770078371,0.993532440473635,0.997482475724658,0.995775377963851,0.992805645649477,0.98992641770765,1.00006752346798,1.02521900299369,1.02389185673798,1.00179757034696,1.0294147818282,1.02144817413012,1.00435142967492,1.02232012380024,1.02356442178267,1.05045471102958,0.983434780392633,0.985971644511443,0.998656806627117,1.01504027844317,1.05124562585044,1.0649559491705,1.02841852656894,1.02853750376327,1.03039061758895,60.2575832793642,60.2567568965078,60.257106341091,60.257632519529,60.2577555591989,60.2579507501578,60.2577807480482,60.2574990446434,60.2570650400777,60.2582220220628
10.676599498343,239.540329237526,693.172789581815,658.912200680492,646.726190541508,509.181670651032,631.806078912302,517.702231313183,530.09006123094,806.240286029654,951.410393553983,170.980252738909,150.14997784054,133.660208387452,39.138467451591,138.708482001232,217.852897368904,184.40112930419,12.7297373277678,39.5304833384263,219.940728247837,1.02820183693747,1.02183728212785,0.996695224038359,0.96240637598332,0.961429130811125,0.962331689338969,0.956485754137516,0.957352871502826,1.0213782785869,0.968189224033919,0.965090687343376,0.947678618188871,0.966676532750179,0.967544721123023,0.975538379027022,0.993539196847281,0.997492404095431,0.995789368693121,0.992794502039585,0.989901333947368,1.00007244841959,1.02522312208237,1.02389671242319,1.00180383772265,1.02942963992324,1.02145497779852,1.00435952298879,1.02232008705751,1.02356310603983,1.05046409031628,0.983517962847769,0.986031090846974,0.998650246061455,1.01499956677117,1.05124880212124,1.06496362729362,1.0284335987433,1.02853565273571,1.03039783898102,60.2574062815561,60.2554530977864,60.2559788784725,60.2583180443013,60.2597656936144,60.2579800501372,60.2577904226007,60.2575979371816,60.2588335147825,60.2575497320725
10.7318947900913,239.434920132667,692.618561688576,658.37959586966,646.872615460896,509.65873231746,631.827351923433,517.682141929185,530.087301441948,806.699703182423,951.339302779971,171.015621737775,150.213604291212,133.657795312928,39.2200055107685,138.534182075245,217.881605806361,184.425789583018,12.7469779490354,39.5212238670536,219.894266138749,1.02819237191721,1.02181849351346,0.996690378882082,0.96244518739619,0.961491245306672,0.962398333874812,0.956547145541464,0.957411694143485,1.02140628971135,0.968252519037021,0.965154904813181,0.947738320835713,0.96673397415055,0.967584189657732,0.975530812085273,0.993511470100142,0.997465699722073,0.995770584553439,0.992730253627777,0.989809100091412,1.00004855632609,1.0252032757188,1.02387737012381,1.00177710088492,1.0294217681328,1.02140339095854,1.00431896169715,1.02222743014069,1.02346195210543,1.05045242477857,0.983627479560264,0.986108889592372,0.998596549160912,1.01487531338145,1.05123283938041,1.06495134362091,1.02842960201301,1.02842761400734,1.03040081107708,60.2572925846661,60.2547593708574,60.2553532037212,60.2588234535931,60.2611831010897,60.2579580212078,60.2577565049914,60.2576988710729,60.2602718351306,60.2568638162471
10.7871900818397,239.323409067714,692.021982110699,657.788703081398,647.065414312695,510.24887596618,631.798454584665,517.622458856613,530.10412859427,807.37656898299,950.752159089374,171.109113390006,150.302975342786,133.682523099905,39.3306905931075,138.316975059116,217.9314075014,184.460440047047,12.7818582203452,39.505441773858,219.977001782545,1.0281609703222,1.0217694369407,0.996657784567339,0.962464658632952,0.961537302569141,0.962449618959716,0.956592341615982,0.957453990653231,1.02142039427136,0.968301651456424,0.965204450204051,0.947783335368545,0.96677613502835,0.967604915438986,0.975496631164441,0.993453460725397,0.997406424264464,0.995720922916685,0.992627611639768,0.989672021057314,0.999998958007781,1.0251616532881,1.02383621342775,1.00172127461432,1.02939158482828,1.02130506376299,1.00423805240662,1.02206513459884,1.02328637844024,1.05042104493661,0.983729699011611,0.986179545675668,0.998508225126554,1.01469853392622,1.05119884176808,1.06492127680168,1.02840658466449,1.02824109217913,1.03039776074837,60.2572652049391,60.2548414339244,60.2553939929653,60.2590549886321,60.2617205397074,60.2579494914709,60.2577492609673,60.2577692312997,60.2610360999855,60.2562042472339
10.8424853735881,239.247317600663,691.547240528624,657.317958941586,647.260744502655,510.806541623771,631.756238654408,517.553622625446,530.140367607086,808.101404835545,949.618384110285,171.248373998143,150.397986755398,133.732301423174,39.449494254103,138.111981313634,217.994087329412,184.507664565876,12.8301436821567,39.4922122555763,220.211487516614,1.02811006880283,1.02169675599843,0.996599060810737,0.962451733160074,0.961546578430883,0.96246335890303,0.956600725095936,0.957459923571825,1.0214106204181,0.968315199277282,0.965217688176457,0.947793502936468,0.9667835691699,0.967593375711998,0.975437209298432,0.993372917957375,0.997322976613586,0.995646304400262,0.992506645196737,0.989518995712277,0.999929205766003,1.02510215469944,1.02377737717124,1.0016434767527,1.02934285533516,1.0211801496749,1.00413175672794,1.02187018334269,1.02307700191185,1.0503740763606,0.983789531267048,0.986216241006812,0.998402670138451,1.01450827905096,1.05114915423797,1.06487729474287,1.02836740476329,1.02802018059039,1.03038744639072,60.2573095392294,60.2556463287243,60.2560681406102,60.2589775080092,60.2613094472137,60.257990351758,60.2578071464418,60.2577750878415,60.2609575125776,60.2556151918495
10.8977806653364,239.241301791939,691.325592952231,657.112941529608,647.418896918456,511.204236706725,631.747320496764,517.51474011574,530.19331000251,808.70224423098,947.977909502199,171.414853426416,150.478431908477,133.800574031722,39.556479210723,137.967617363266,218.061492180654,184.569908844226,12.8855313242699,39.4906575943936,220.598249661914,1.02804465392644,1.0216102845088,0.99651960984101,0.962398975222707,0.961505103875193,0.96242433600659,0.956558389008337,0.957416228635514,1.02137097281273,0.968278366210592,0.965179727141054,0.947755100416254,0.966743203809066,0.967541633522736,0.975357223709195,0.993279947563879,0.997226657890194,0.995555879768047,0.992388245789579,0.989378664489912,0.999846731371516,1.02503023636674,1.02370650115969,1.00155303080136,1.02928215140249,1.02105247780123,1.00401835656496,1.02168412347515,1.02287918598506,1.05031775962864,0.983780508255037,0.986198830345092,0.998298236159492,1.01434212142333,1.05108754789623,1.06482446543524,1.0283173490834,1.02781388051063,1.03036970615182,60.2573732979725,60.2569170143838,60.2571523586144,60.2586172304253,60.260101906986,60.2580671423765,60.2579138254207,60.2576851451188,60.2600751230036,60.2551404139108
10.9655589405782,239.347619419191,691.481055050081,657.316331284829,647.527651246656,511.365256489268,631.836038773054,517.553558875644,530.271861748109,809.083553449414,945.486375899471,171.624711060945,150.535655379758,133.894857598805,39.6514180490144,137.914701219778,218.140348157613,184.665799979388,12.9530003850433,39.5158736837759,221.235843282037,1.02795515528049,1.02150189051465,0.996406742601848,0.962282492999468,0.961382735888824,0.962301279293723,0.956435076459951,0.957293209382831,1.02128298293411,0.968161080395589,0.965060062148375,0.94763914090568,0.966626458547633,0.967425331747781,0.975242586120516,0.993164692458515,0.997108622302671,0.995439331213204,0.99227087866878,0.989254601767474,0.999740597438427,1.02493490410996,1.02361302544327,1.00143960345749,1.029203172337,1.02092337065217,1.00389477552616,1.02151896620625,1.02270748255181,1.05024659152842,0.98366290157811,0.9860947719399,0.998193436369272,1.01420937227655,1.05100347405017,1.06475584413304,1.02825096492534,1.02763993771941,1.0303397904742,60.2573617308888,60.2585120506463,60.2585038530038,60.2579047990029,60.2580313081864,60.2581086145005,60.2579958832243,60.2574102023553,60.258256837265,60.2547675278156
11.0160349896196,239.497027386697,691.879709714738,657.767825085478,647.545873273551,511.245214360058,631.987177072592,517.655131829144,530.33303335477,809.068888586205,943.493221338546,171.763973615235,150.540266802769,133.961201571998,39.6899066111102,137.964711221256,218.191424038722,184.74652040158,12.995648411994,39.5506373760939,221.769542245565,1.02789032108669,1.02143040517162,0.996322683396142,0.962169818979138,0.961252018329815,0.962167464441958,0.956303719728219,0.957163405918471,1.02119725474865,0.968033124825213,0.964929873102813,0.947514415805045,0.966502392273961,0.967311875431405,0.975155679573727,0.99308804165004,0.997031952347872,0.995359653675469,0.992213335936596,0.989206809306944,0.999666563448859,1.02486608649006,1.02354590862048,1.00136300583315,1.02914981807176,1.02086186521618,1.00382707082829,1.02146174872208,1.02265213650847,1.05019926620653,0.983510492572404,0.985967415807161,0.998141119184756,1.0141719401677,1.05094096577153,1.06470743962554,1.02820528705816,1.02758953032754,1.0303144418174,60.2572171572911,60.2593375397734,60.2591747727937,60.2572678979312,60.2564315730604,60.2580120984997,60.2579216325275,60.2570773017187,60.2566938000693,60.2546589401068
11.066511038661,239.674988968254,692.430183431161,658.376481478631,647.523816402449,510.967722096485,632.197387845982,517.806140529669,530.38730926838,808.822895196534,941.63313654219,171.874032416904,150.516033203924,134.01498043848,39.7031941659381,138.072837163719,218.232675890498,184.826912827286,13.0278630266637,39.5979879550072,222.283151254093,1.02783454630306,1.02137413992157,0.996248009045162,0.962050572931353,0.961106817753919,0.962017599698941,0.95615806823633,0.957020149920799,1.02110660178434,0.967889527503121,0.964783983603185,0.947375335481025,0.966364776604166,0.967191098512089,0.97507646113524,0.993025583206464,0.996971603460738,0.995293781022145,0.992182342006053,0.989194778629161,0.999603159157302,1.02480521361146,1.02348679580293,1.00129954456884,1.02910684135986,1.02083400008773,1.00378532226052,1.02146228914865,1.02265974193323,1.0501616812921,0.983327019680188,0.985817442776808,0.998112078442016,1.01418087050902,1.05088431790652,1.06466544888406,1.02816791501112,1.02760702579681,1.0302898359722,60.2569078187281,60.2595530686954,60.2592892530638,60.2566161181926,60.2551022616987,60.2577210109877,60.2576372909678,60.256638442984,60.255271821464,60.2546956532686
11.1169870877024,239.842381621878,693.014633397711,659.011795092648,647.481867313043,510.613062386135,632.43203760446,517.976124713789,530.426143355333,808.424952627091,940.136019478322,171.946840102787,150.470379707919,134.049648273432,39.6974621275376,138.207124225308,218.261878719461,184.896876165397,13.0478249122406,39.6513891952568,222.714149471564,1.0277930263669,1.02133707025947,0.996190347031691,0.961942268268329,0.960970157155584,0.961875735246938,0.956021143892118,0.956885916769217,1.02102421457817,0.967753287698808,0.964645752414536,0.947243992149862,0.966235282956878,0.967080798846487,0.975012984908351,0.992981300420496,0.996931224386315,0.995246846018729,0.992173992623449,0.989209393572173,0.999555198669858,1.02475735407118,1.02344051677762,1.00125352882352,1.02907756783208,1.0208362071089,1.00376909951783,1.02150866649102,1.02271649923647,1.05013662564917,0.983144868661446,0.985670189339508,0.998103151155433,1.01422112314995,1.05083858843698,1.0646329059091,1.02814195813329,1.02767655941669,1.03026899766627,60.2564262855182,60.2590408427687,60.2587465790584,60.2559904840457,60.2542184703387,60.2571900855819,60.2570951458948,60.2561116952659,60.2542069691324,60.2548588623524
11.1674631367437,239.960421847801,693.507235417996,659.537711758893,647.440140136094,510.273534832568,632.646134301902,518.126153102689,530.442783151675,807.983990852728,939.20578327352,171.977007696377,150.415575328792,134.06063782566,39.6801216643781,138.331217190481,218.276902233083,184.94578455962,13.0542994958555,39.699931072354,222.99777125137,1.02777054612351,1.02132163747915,0.996156231137117,0.961862518984708,0.960865749053225,0.961766693210332,0.95591673761316,0.956783950655213,1.02096397306164,0.967648161474649,0.964539294907895,0.947143142575273,0.966136179346141,0.966998924442335,0.974972441657015,0.992957884200442,0.996912815154246,0.995222542974171,0.992182083815473,0.989238508501544,0.99952667173534,1.02472704731561,1.02341138877846,1.00122812965591,1.02906431556979,1.02086105221978,1.00377508523551,1.02158197046004,1.02280090511305,1.05012584070898,0.982997899483367,0.98555236709221,0.998109048366364,1.01427379103458,1.05080842512251,1.06461243938334,1.02812964075325,1.02777376240193,1.03025511062526,60.2558004119759,60.2578362962242,60.2575884834037,60.2554049865965,60.2538288611133,60.2564181264347,60.2562978451154,60.2555272570788,60.2536123126609,60.2551133200141
11.2179391857851,239.999164339595,693.801581133297,659.842752627564,647.411198871114,510.030972930852,632.793845306051,518.21803969481,530.43267653845,807.609663277107,938.984977659565,171.964121254678,150.364711934397,134.046571592972,39.6577416135809,138.413472214401,218.275691869602,184.964816359929,13.0477891872261,39.7337156959925,223.089328351763,1.02776949235478,1.02132780801582,0.996149472946421,0.961825126762293,0.960812765026322,0.961710646837804,0.955864050581085,0.956732947021833,1.02093661806629,0.967593460763865,0.964484204199052,0.947091227973196,0.966085459848097,0.966959658069247,0.974959732595889,0.992956334397382,0.996916310220931,0.995222249238641,0.992200030320086,0.989270366225168,0.999520036144835,1.02471746171269,1.02340242460427,1.00122486864088,1.02906733583275,1.02089864488142,1.0037976960158,1.02166043502357,1.02288853057129,1.05012942955306,0.982914837025348,0.985486203621755,0.998124027224366,1.01432122109391,1.05079718699683,1.064605862743,1.02813142677465,1.02787131444278,1.03025038376585,60.2550892256487,60.256121523427,60.2559899659112,60.254851761929,60.253854093337,60.255454218029,60.2553038019389,60.254924301233,60.2534802346612,60.2554106465538
11.2684152348265,239.945241106668,693.833116463258,659.864494360671,647.396580248554,509.937636605995,632.840023977788,518.224361948626,530.394998296448,807.387525908437,939.528557568129,171.911588119412,150.328988920051,134.00916225381,39.6342820837777,138.434270229608,218.256698439706,184.949139173304,13.0298670773213,39.7448529071841,222.969490581814,1.02778995590733,1.02135369412503,0.996170867525873,0.961837474799389,0.960822018196757,0.961719064642118,0.955873892323606,0.956743380768079,1.02094786627559,0.967600157249246,0.964491605279562,0.947098675399603,0.966093251483998,0.966970700682175,0.974976833184247,0.992976205484493,0.996940143158754,0.995245275882236,0.992222853825157,0.989296780293951,0.999536033393362,1.02472997169336,1.02341494983502,1.00124371713115,1.02908532477231,1.02093963901807,1.00383100817024,1.02172529490767,1.0229584956977,1.0501462145986,0.98291311929703,0.985484802188261,0.998143652511122,1.01435157043334,1.05080641060584,1.06461402828555,1.02814636816992,1.02794603641006,1.03025579147065,60.2543712594856,60.2541868441724,60.2542204355653,60.2543134496616,60.2541158215469,60.2543924410812,60.2542186754545,60.2543462611456,60.2536944520672,60.2556949762131
11.3188912838678,239.804624346646,693.592497895776,659.602295500557,647.387236538447,510.004327232454,632.768946723089,518.135415916527,530.333182300686,807.35951484151,940.7911120341,171.826042178437,150.315249174001,133.952915197412,39.6104775330292,138.390563677396,218.219319686747,184.89923077021,13.0029223810582,39.7295171706245,222.649114115728,1.02782963728543,1.02139591908284,0.996217970820964,0.961898869607937,0.960893551461484,0.961792156419274,0.955946262946833,0.95681515788777,1.02099708374502,0.967668449389817,0.964561684216148,0.947165582222089,0.966159565594748,0.967031549200415,0.975022315323572,0.993015655756573,0.996981543696662,0.995288970524503,0.992248276247086,0.989314956078646,0.999573462578758,1.02476379599275,1.0234482538748,1.00128304697521,1.0291156874872,1.02097727334113,1.00387002941886,1.02176495206714,1.02299812404341,1.0501739758364,0.98299504695559,0.985549266451061,0.998165801837879,1.01436146139747,1.05083542956628,1.06463663155796,1.02817230656529,1.0279841016127,1.03027082823526,60.2537282215353,60.252369797072,60.2525847304876,60.2537775553674,60.2543886134032,60.2533553328314,60.2531745594871,60.2538345100165,60.2540668267454,60.2559100807582
11.3867391316936,239.526964488463,692.941788774143,658.926665736395,647.354710141594,510.276526848072,632.510292500128,517.890217589216,530.226632082674,807.595788218485,943.335720918932,171.675673104939,150.332265378903,133.860177591651,39.573841610396,138.260246341112,218.142267317494,184.790577393717,12.9578594810882,39.671442834767,221.98142105796,1.02790486899987,1.02147020659645,0.996311154810363,0.962040452968005,0.961065057239768,0.961968738522232,0.956119169574638,0.956985784369374,1.02110882329874,0.967834805384139,0.964731757402184,0.947327472989089,0.966319502960502,0.967173586130677,0.975118431382096,0.993093315861342,0.997057850952884,0.995371885676103,0.992288068381673,0.989332704529578,0.999651125291841,1.02483664970268,1.02351991175229,1.00136184413555,1.02916946687835,1.02101806670141,1.00392591499453,1.02177684015474,1.02300255514376,1.05022304082479,0.983208020183856,0.985716115262947,0.998200675683333,1.0143542829052,1.0508996212486,1.0646864782057,1.02821880946862,1.02797733482314,1.03030240123642,60.2530982192767,60.2506625026503,60.2510746678054,60.2530740121797,60.2544086963702,60.2522272425296,60.2520676186548,60.2533069665338,60.2544465111734,60.2560040293855
11.4314814389731,239.322164610039,692.398176701423,658.379488473266,647.3069153445,510.50749477945,632.267330117543,517.676674755702,530.151196547257,807.867907418477,945.337065933676,171.563802121334,150.36043409302,133.795105601159,39.5432918680728,138.155281091291,218.077146101854,184.702755237039,12.9254740397467,39.6159636660048,221.452741209839,1.0279625560392,1.02152565284471,0.99638426844306,0.962156475284548,0.961206802713878,0.962114960534331,0.956261892419846,0.957126420776399,1.02119961166012,0.96797284540221,0.96487274735213,0.947461617774668,0.966451962607962,0.9672905477757,0.975196762672029,0.993156091012456,0.997117244944645,0.995436649884907,0.992320596908019,0.989347262754128,0.999714957929862,1.02489720613732,1.02357959897196,1.0014259192271,1.02920946716866,1.02103988106848,1.00396383961543,1.0217655126879,1.02298298501499,1.05025970497182,0.983388039520834,0.985856548298194,0.998229228389402,1.01434863966418,1.05095317382573,1.06472893323091,1.02825357296871,1.02794622621117,1.03032742903129,60.2528637288984,60.2501928768083,60.25067158774,60.2526446385184,60.2540867959591,60.2517444560852,60.2516140249178,60.2530753765673,60.2544690387186,60.2559124791731
11.4762237462527,239.134926374727,691.870201801678,657.863813121959,647.230418934413,510.707476250584,632.00789344903,517.455817552136,530.081392970257,808.157365737589,947.364455081666,171.45038120305,150.39288569929,133.733221416777,39.5042829116467,138.064056177686,218.004920948052,184.613473912924,12.8932501416052,39.5534645585709,220.920339709756,1.02802086229588,1.02158220569977,0.996459432525155,0.962274442616603,0.961350213648003,0.962262858713375,0.956406166959047,0.9572685515763,1.02129102932074,0.968112514263113,0.96501538222593,0.947597431101838,0.966586180152825,0.967409773270295,0.975279341622984,0.993223983345581,0.997180260872775,0.995504474915276,0.992361540296937,0.989372434878675,0.999783739758759,1.02496232706057,1.02364401921288,1.00149515379258,1.02925008183769,1.02106153329092,1.00400324628163,1.02175129664865,1.02295980485577,1.05029706767232,0.983570613072817,0.985998340399107,0.998265187917339,1.01435622875437,1.05101036937422,1.06477578330992,1.02828886616422,1.02791038903341,1.03035260203418,60.2527762421752,60.2503144356169,60.2507864922156,60.2522783982336,60.2534777240051,60.2515221518234,60.2514242923585,60.2529369889672,60.2542323836219,60.2556849545774
11.5209660535322,238.989723058177,691.441715958142,657.463848016075,647.126651488761,510.822005585981,631.7698954297,517.256413733507,530.024148379215,808.396196018788,949.231204031725,171.34197611059,150.423767005518,133.679413081158,39.4564782158738,138.009881770069,217.929593697531,184.531812851698,12.8631957097016,39.4946641617309,220.431690115605,1.02807571049473,1.0216365578951,0.996530343435856,0.96238072384231,0.961477618670116,0.962393985738693,0.95653436800927,0.957394985521089,1.02137313539044,0.968236308108579,0.965141837382994,0.947718036872991,0.966705582330781,0.967517372667242,0.975358943563613,0.993292581759257,0.997243136682588,0.995570632447522,0.992411780162189,0.989412602578466,0.99985246312752,1.0250269764269,1.02370829165942,1.00156486905648,1.02928873458361,1.02108581652236,1.00404407740692,1.0217442043937,1.02294473549939,1.05033284251827,0.983730514902265,0.98612260591341,0.998309385791641,1.01438543125823,1.05106652708208,1.06482386550701,1.02832242020356,1.02788364432978,1.03037565293459,60.2528115764811,60.2509639717257,60.2513523642117,60.2520081135388,60.252656611544,60.2515594760006,60.2514885685774,60.2528792861843,60.2537516730712,60.255325974047
11.5539291163957,238.91924071843,691.229367310238,657.280441778361,647.036967340002,510.829622740994,631.62767713951,517.137095384866,529.992862988677,808.508120309229,950.410214784747,171.268515858964,150.441037928358,133.64670796414,39.4160090800415,138.002572147792,217.874696730063,184.480910510104,12.8432900081549,39.4579948783489,220.124614473352,1.02811172931682,1.02167365427703,0.996576977770658,0.962445304791624,0.961553108799816,0.962471383859689,0.956610364420314,0.957470089304041,1.02142279428671,0.968309341260095,0.965216476471779,0.947789434565868,0.966776493685046,0.967582854615291,0.975412294035736,0.993341395072756,0.997287618721844,0.995616123355793,0.99245486649518,0.989453443468232,0.999900534899997,1.02507174123824,1.02375304544995,1.00161420937206,1.02931489658264,1.02110709727046,1.0040752758167,1.02174892017086,1.02294505914775,1.05035715682182,0.983822412981648,0.986194274955205,0.9983473686331,1.01442415064633,1.05110487204005,1.06485835085018,1.02834508444531,1.02787701718981,1.03039009758682,60.2528944983639,60.2517029801934,60.2519851511365,60.2518862444853,60.25198806959,60.2517352137891,60.2516761400682,60.2528772449681,60.2532796736305,60.2549857122865
11.5868921792593,238.883249040802,691.127471213544,657.210028542444,646.941520077934,510.762921474833,631.52579436803,517.049285408702,529.971784948497,808.54805028838,951.358687275274,171.203396633499,150.44960827974,133.621241381341,39.3722625649503,138.026099705778,217.823824279878,184.441149887435,12.8260406195215,39.4280466567157,219.883669277093,1.02814202051293,1.02170689634697,0.996616686241048,0.962494146708816,0.961607786771245,0.96252708557473,0.956665377405977,0.957524607874223,1.02145962779463,0.9683618748016,0.965270203244733,0.947841101517067,0.966828099889192,0.967632474484421,0.97545855225095,0.993386758342616,0.997328966630461,0.995657050755521,0.992502323591457,0.989503820481423,0.999944195355829,1.02511181115084,1.02379335569033,1.00165973161291,1.02933827808594,1.02113232873002,1.00410734396858,1.02176576154202,1.02295936925435,1.05037887903254,0.983885633349999,0.986243696096752,0.998389302664623,1.014478319419,1.05113858258198,1.06489030500521,1.02836530973768,1.02788650454618,1.03040137529662,60.2530028948486,60.2525687125962,60.252717368528,60.2518388494914,60.2513433041355,60.2520088092566,60.2519522684499,60.2528978346671,60.2527598517889,60.2545924520748
11.6198552421229,238.881909206386,691.14242815106,657.256046554206,646.84654467439,510.62360194665,631.471375514411,516.996954631711,529.961085670999,808.508986540729,952.040470822095,171.14836700856,150.449207186397,133.603510810261,39.3275255872135,138.080424412376,217.778462383977,184.413920883227,12.812061489051,39.4085649763814,219.71429836889,1.02816591576547,1.02173528785056,0.996647978254038,0.962525058992375,0.961639109519034,0.962558451954069,0.956696934826685,0.957556153417892,1.02148246984506,0.968391420780575,0.965300477970981,0.947870601095303,0.966857973836516,0.967663962794068,0.975495744677461,0.993426826042272,0.997365593091438,0.995691856923225,0.992552121672294,0.989561538499388,0.999981715332116,1.02514564395156,1.02382767461854,1.00169959975285,1.02935814816949,1.02116087728352,1.00413923955094,1.0217947913455,1.02298793956774,1.0503973309191,0.983916440496738,0.986268423902849,0.998433439296204,1.01454554761224,1.05116640207304,1.06491856209776,1.02838250598095,1.02791275514271,1.03040924623191,60.2531161759806,60.2534675103822,60.2534688091199,60.2518680210203,60.2507925968934,60.2523486798995,60.2522848490146,60.2529304193217,60.2522465025004,60.2541585036972
11.6528183049864,238.911399103017,691.269969116937,657.410731088267,646.758355730945,510.422066898938,631.466399311261,516.98042718671,529.959944735365,808.394555253373,952.436042705152,171.105306364961,150.439188277603,133.593729711238,39.2843725826886,138.161214103148,217.740891184183,184.400049412729,12.8019071201294,39.4001075730197,219.622290831804,1.02818256927186,1.02175786242144,0.99666981353083,0.962537261991188,0.961646422259154,0.962564855694739,0.956704359313539,0.957564027048446,1.0214906713748,0.968397405696192,0.965306705049325,0.947877335583316,0.966865491790644,0.967676510485395,0.975522476561809,0.993459929450831,0.997396065516863,0.99571924717559,0.992601788354248,0.989623515093299,1.00001155028257,1.02517186329868,1.02385459913411,1.00173215979442,1.02937390699626,1.02119176642513,1.00416979315115,1.02183504406026,1.02302982773145,1.05041191355066,0.983914430670089,0.986268129604218,0.998477628081155,1.01462202780339,1.05118722853969,1.06494192263222,1.02839620555902,1.02795493103569,1.03041344188632,60.2532148986869,60.2543048854892,60.2541605131563,60.2519703803122,60.2504004973755,60.2527198155097,60.2526398375851,60.2529646723139,60.2517952439098,60.2536975567252
11.68578136785,238.965900595905,691.495034753246,657.656395545847,646.682806492909,510.175978081134,631.508747095814,516.997175977198,529.966858110511,808.216461879485,952.542832567263,171.075759370142,150.420388455727,133.591727527114,39.2458166900797,138.261373353851,217.712935566576,184.399534340643,12.7960854547844,39.4029508275656,219.607406813525,1.02819156953524,1.02177375736756,0.996681556499632,0.962531252957792,0.961630849143286,0.962547531371541,0.956688785260807,0.95754931295316,1.02148475394265,0.968381003485306,0.965290074808972,0.947862382249601,0.966851658302686,0.967670598387245,0.975537807076428,0.993484513687481,0.997418980523361,0.995738097323883,0.992648227261405,0.989685531240646,1.00003240958554,1.02518940689391,1.02387302507212,1.00175592207707,1.02938499739411,1.02122314782042,1.00419735634739,1.02188365491666,1.02308197652123,1.05042208178315,0.983881740198578,0.98624444511641,0.9985191582146,1.01470224130008,1.0512002760574,1.06495936804362,1.02840598905481,1.02800987417671,1.0304139844767,60.2532824848923,60.2549940933634,60.2547220298029,60.2521372472864,60.2502181484719,60.2530870141069,60.2529842652276,60.2529914336032,60.251456292276,60.2532238496103
11.7272008024786,239.0571160681,691.876442491275,658.052254952577,646.613615317084,509.841860243112,631.618785978535,517.05699855916,529.984002865662,807.934906754358,952.291762314896,171.059455123361,150.387141688373,133.5992095904,39.2086248174402,138.39905783415,217.693386850153,184.416396662272,12.795360937644,39.420884839347,219.690005401909,1.02819196624486,1.02178329491179,0.996681963284682,0.962500985267516,0.961583659687858,0.96249726260802,0.956641438735717,0.957503470208067,1.02145979892282,0.96833351527235,0.965241720168569,0.9478174466275,0.966808434839736,0.967640124122181,0.975540587909181,0.993501521863395,0.99743534046737,0.995748576217079,0.99269682566492,0.989755913157429,1.00004462201951,1.02519825969517,1.02388314932654,1.00177165372447,1.02939175096611,1.02125952212652,1.00422489305556,1.02194968907766,1.02315447732317,1.05042802590567,0.9838050163964,0.986187342097986,0.998563008800949,1.0147979175838,1.05120513718426,1.06497181553409,1.0284123202994,1.02808880506967,1.03040988921734,60.2533042824882,60.2555414789946,60.255158057154,60.2524161549821,60.2503316268038,60.2534920358846,60.2533563579833,60.2530029016218,60.2512485985112,60.2526326561396
11.7686202371072,239.158247630065,692.311036642336,658.489221106241,646.578590153715,509.526785783843,631.774500284199,517.147115341238,530.006739718288,807.632986855157,951.664202175953,171.06817833365,150.349406230633,133.616806235471,39.1894486437715,138.531787648442,217.692602229545,184.450286740602,12.8027115759307,39.4536621003963,219.869862776643,1.0281805394369,1.02178004586652,0.996666556520571,0.962450049586565,0.961512854270859,0.962422843517545,0.956570377471274,0.957434187808743,1.02141938256034,0.968263219402806,0.965170060252668,0.94775014940899,0.966742930489162,0.967588642013382,0.975524983501878,0.993501081355978,0.997435775017476,0.995743091746033,0.992728169302641,0.98980835137321,1.00004005263878,1.02519175509735,1.02387798924392,1.00176990522044,1.02938958654268,1.02128691098323,1.0042404858382,1.02201090794322,1.02322340289827,1.05042563748933,0.983699930907363,0.986108277428849,0.998591917847941,1.01487473658912,1.05119692855706,1.0649727377982,1.02841133444068,1.02816646458178,1.03040122019195,60.2532446356717,60.2556605636465,60.2552398701717,60.2527406737624,60.2508285372974,60.2537894832631,60.2536222103636,60.252980994933,60.2513166552923,60.2520683079437
11.8100396717358,239.253005615773,692.73227558242,658.903985010617,646.581464702314,509.283204156301,631.953729670336,517.252111771527,530.031693816769,807.366184802995,950.739425200404,171.101284093793,150.312671255479,133.641825812835,39.1917592836032,138.637414958229,217.710137305843,184.497158551934,12.8175171355501,39.4947360168772,220.123192511336,1.02815859595846,1.02176420718367,0.996637553544013,0.96238617256519,0.961429158348844,0.962335566400363,0.956486295244755,0.95735185188985,1.0213692835797,0.968180759246007,0.965085948048475,0.947670693627242,0.966665086074386,0.967524003489808,0.975493441670811,0.99348330649213,0.997420156234402,0.995722397878571,0.992737708332401,0.989835034334815,1.00001941062353,1.02517087580396,1.02385841776101,1.00175099481233,1.02937886886467,1.02130073988946,1.00424150515833,1.02205702766842,1.02327716258433,1.0504151099653,0.98358291051898,0.986019131632794,0.998601793800675,1.01492110546553,1.05117674980318,1.06496235529093,1.02840331944313,1.02822978884653,1.03038914079174,60.2531023238576,60.2553298099398,60.2549567070007,60.2530710893854,60.2516543082233,60.2539463255353,60.253754895691,60.2529204027926,60.2516539757218,60.2515517810292
11.8514591063644,239.327979587433,693.076726106979,659.239116806817,646.621792123999,509.153061907545,632.133317084059,517.356709540642,530.056021415485,807.183828428817,949.609725033964,171.15764523744,150.284252383569,133.672058247053,39.2177698916675,138.699061114793,217.744347890353,184.552718054616,12.8392527392379,39.5392466485662,220.423492808012,1.02812777389817,1.02173617764683,0.996597266744337,0.962316895469637,0.961343035901888,0.962246431550358,0.956399695371041,0.957266702943103,1.02131547762635,0.968096453829806,0.964999925878801,0.947588976944665,0.966584533267541,0.96745385208668,0.975448631453807,0.993448788326207,0.997388679674368,0.995687479138689,0.992721955250235,0.989829676616067,0.999983883027593,1.02513705709785,1.0238257780111,1.00171572680825,1.02935985252818,1.02129653112801,1.00422551770303,1.02207800484536,1.02330445704959,1.05039673378559,0.983469733536349,0.985931412742464,0.99858945966465,1.01492753756097,1.05114606527946,1.06494134816366,1.02838847660007,1.02826608145266,1.03037492464908,60.252887193035,60.2545947747758,60.2543508430548,60.2533659937247,60.2526972846618,60.2539499033323,60.2537458763535,60.2528198583433,60.2522062998692,60.2510987172001
11.892878540993,239.374930419025,693.294577873657,659.45209296668,646.696337061269,509.162345016152,632.293606472447,517.448427658974,530.078255106807,807.123374565632,948.369527312708,171.234446562736,150.270193505916,133.705187708827,39.267098882173,138.705903060515,217.792153900721,184.612699397151,12.8667635829078,39.5820353974494,220.744007346922,1.02809017542324,1.02169727393898,0.996548700079372,0.962249415593909,0.961264036680034,0.962165423689,0.956320154805742,0.957188099979975,1.02126353961549,0.968019660400108,0.964921560212403,0.947514022086076,0.96651009669024,0.96738549333114,0.97539410684562,0.993399519723418,0.997342883085475,0.995640428439139,0.992680136279855,0.989789708235867,0.999935768061253,1.02509260544196,1.02378232004525,1.00166623064552,1.0293334285131,1.02127176265712,1.0041917730416,1.02206684862157,1.02329724511693,1.05037137746007,0.983374312624054,0.985855224145846,0.998554104129195,1.0148894025617,1.05110695147117,1.06491120381887,1.02836747691018,1.02826601132471,1.03035985564735,60.2526171862754,60.2535598234358,60.2535089175946,60.253586134266,60.2538047683303,60.2538069944273,60.2536032926395,60.2526809370362,60.2528796222606,60.2507189508722
11.9342979756216,239.391274720544,693.356968918521,659.520808121007,646.799276298407,509.31608964901,632.420924814122,517.518898740186,530.098099909269,807.203345470884,947.106036029795,171.327468842225,150.274532025635,133.739132749083,39.336731069268,138.655210413605,217.849371723857,184.673255886998,12.8984348689381,39.618581250368,221.06084015269,1.02804815559237,1.02164960424769,0.996495143550417,0.962189539629035,0.961199411605335,0.962100061502341,0.956254949757446,0.957123184990096,1.02121790490203,0.967957417497468,0.96485805465734,0.94745266593946,0.966448509459504,0.96732482620677,0.975333805902916,0.993338651578763,0.997285467042811,0.995584178826296,0.992614381631517,0.989716769341801,0.999878207979684,1.02504043911465,1.02373094389366,1.00160570469621,1.02930101147434,1.02122631477617,1.00414137524055,1.02202084079739,1.02325216201638,1.05034040624437,0.983306607389663,0.985797820073182,0.99849746958914,1.01480780037962,1.05106187560645,1.06487403659811,1.02834139490667,1.02822530539079,1.03034507263483,60.252314298535,60.2523703003567,60.2525466048743,60.2536973613761,60.2548052032242,60.2535396879819,60.2533478125115,60.2525064303131,60.2535541041639,60.2504166656064
11.9757174102502,239.380207368574,693.259949287624,659.446036835859,646.922835469281,509.597435660049,632.509129432715,517.564580342823,530.11616179134,807.420249960774,945.892389394471,171.43132392054,150.298554283301,133.772210611433,39.4213156050208,138.552860109578,217.911231295621,184.731284156899,12.9323641618786,39.6458606278647,221.355135324274,1.0280041564986,1.021595938588,0.996439867566766,0.962141020563397,0.961153251383206,0.962054496523243,0.956208198347994,0.95707604791959,1.02118138868424,0.967913609668932,0.964813393419664,0.947408749922295,0.96640361940966,0.967275666118114,0.975271645039512,0.993270195658832,0.99722006403051,0.995522244957333,0.992529534780801,0.989616568451294,0.999814889287888,1.02498381005663,1.0236749204431,1.00153811297709,1.02926443062328,1.02116261333213,1.00407726313074,1.02194203898095,1.02317110458844,1.05030559474389,0.983271304619784,0.985762729042215,0.998423697634179,1.01468946019285,1.05101346912611,1.06483237530525,1.02831164032372,1.02814543314086,1.03033146176873,60.2520003048753,60.2511888768305,60.251589724105,60.2536731264061,60.2555340252871,60.253179408508,60.2530072878368,60.2522990156983,60.2541026902055,60.2501910544986
12.0171368448788,239.349440075711,693.024661580713,659.250421707483,647.057737276516,509.970197497848,632.559690099716,517.586604004068,530.133488236674,807.749100512844,944.784155988489,171.539750561981,150.340478509106,133.803158819903,39.5136344583536,138.412363243193,217.972793313065,184.784492817879,12.9664771362632,39.6625087681481,221.614125183538,1.02796057827245,1.02153956005312,0.996385927868616,0.962105326276576,0.961126228944644,0.96202925021722,0.956180601224404,0.957047469604759,1.02115501268147,0.96788873467412,0.964788098340777,0.947382887345938,0.966376157705516,0.967239510299202,0.975211257912799,0.993198747019166,0.997151003212169,0.995458501530165,0.992432741893586,0.989498348227845,0.999749807112111,1.02492611077151,1.02361768962044,1.00146791660844,1.0292258480097,1.02108551999365,1.00400404569378,1.02183723103541,1.02306120904275,1.05026904084591,0.983267467727332,0.985749554100982,0.998338981571962,1.01454606484125,1.05096439397885,1.06478898714335,1.02827991254232,1.02803363666698,1.03031960515795,60.2516929246746,60.2501697112857,60.2507546058627,60.253496361976,60.2558585664357,60.2527601560339,60.2526110770728,60.2520603914734,60.2544109569244,60.2500373027207
12.0585562795074,239.309469817658,692.69361073322,658.974245068847,647.193565263311,510.384463394132,632.580357616349,517.589856457921,530.151009140937,808.147298753176,943.81896942934,171.64598079013,150.395637648732,133.83107117985,39.6053480806358,138.252789842225,218.029383299186,184.831335031107,12.9986744784013,39.6688611292503,221.831077731781,1.02791967479089,1.02148405466366,0.996336028543717,0.962081798738284,0.961115915478821,0.962021558666805,0.956169756611177,0.957035222099588,1.02113813963528,0.96788023475597,0.964779563647562,0.947372769950495,0.966364028578638,0.967215698062044,0.975155805148317,0.993129139304193,0.997082987643736,0.995396928581585,0.992332693473615,0.989373795724638,0.999687006608746,1.02487068464679,1.02356265733092,1.0013997522685,1.02918763284735,1.02100184020716,1.00392758525186,1.02171711972375,1.02293397025713,1.05023303310592,0.983289116482953,0.985754415018112,0.998250910080608,1.01439277622066,1.05091722833554,1.06474668726961,1.0282481175901,1.02790200428246,1.03030978467462,60.2514031012222,60.2494343955524,60.2501306538245,60.2531609084421,60.2556980665807,60.2523122594666,60.2521850100886,60.2517910604043,60.2543950403721,60.2499476908767
12.099975714136,239.271322328658,692.323647758687,658.668718547037,647.319229252523,510.784308107697,632.582810092391,517.581533100277,530.169089611012,808.561378617709,943.01896921259,171.743185314092,150.457137541572,133.855268393426,39.6878949843278,138.095834469168,218.076954015734,184.870830537653,13.0269674663787,39.6666620652818,222.004261795644,1.02788347893056,1.02143306593009,0.996292454885428,0.962068155579358,0.961117589266115,0.96202623860546,0.956170967886164,0.957034846810856,1.0211288726919,0.967883309340166,0.96478288464249,0.947373936167449,0.966363046207093,0.967201918087433,0.975107879626823,0.9930660892774,0.997020736417919,0.995341360379997,0.992238664235807,0.989255618771054,0.999630341754272,1.02482066704993,1.02351302128377,1.00133810964493,1.02915221762368,1.02091955027591,1.00385440790621,1.02159492371741,1.02280370863543,1.05019990225102,0.983326608991038,0.985770928908576,0.998167629786448,1.01424627624575,1.05087438440358,1.06470816356081,1.02821826227186,1.02776581368357,1.03030203504654,60.2511337683345,60.2490534106204,60.2497676217983,60.2526724730467,60.2550356825347,60.2518577426016,60.2517477640818,60.2514907565994,60.2540147864186,60.2499126343875
12.1540142566926,239.23954865526,691.887730623285,658.317336157274,647.448664493755,511.194177688937,632.579680282602,517.566165240732,530.192245045326,809.02949785021,942.240850141279,171.846175525183,150.533669091804,133.880597299976,39.7690719140444,137.930844319793,218.120518300224,184.910391725969,13.0554278436199,39.6567920447567,222.168504480733,1.0278461007095,1.02137882396484,0.996247818838189,0.962059305076602,0.961127272355105,0.962039540625087,0.956180213068556,0.957042209479138,1.02112357945105,0.967894155879983,0.964794236840808,0.947382489875062,0.966369089657762,0.967193017943183,0.975059569606562,0.993000438238275,0.996955128883076,0.995283283143901,0.992139456498703,0.989131032867498,0.999571094487666,1.02476797469427,1.0234608828681,1.00127388905506,1.02911384254625,1.02082773786991,1.00377443973959,1.02145562203664,1.02265458992705,1.0501645285491,0.983379279221687,0.985796718130505,0.998078942643578,1.01409183306692,1.05082846684472,1.06466742016154,1.02818533565305,1.02760867759973,1.03029474439999,60.2508037548691,60.249089668826,60.2496817575102,60.2518394638546,60.2535175637586,60.2512722044662,60.2511754889546,60.2510526919622,60.2530009772471,60.2499304067402
12.2080527992492,239.237740683026,691.609122994854,658.106886842579,647.521204517701,511.403999508975,632.588918680594,517.557635174046,530.212396720238,809.329176155354,941.772079798194,171.910358126342,150.588176919717,133.896169145156,39.8085277541203,137.839035324237,218.13910350894,184.934879263899,13.0707727352251,39.6405786434725,222.264983149619,1.02782305633572,1.02134479337576,0.996220716891426,0.962055928089744,0.961136226494979,0.962050921599036,0.956188873763383,0.95704960315422,1.02112178558717,0.967903461217533,0.964804032817172,0.947390352845256,0.966375295230064,0.96718965749298,0.975031114822861,0.992960911751619,0.996914960019029,0.995247834227121,0.992080924938129,0.989058930162017,0.999534487995901,1.02473448093583,1.02342803970133,1.00123497969392,1.02908913640406,1.02076835100688,1.00372371151497,1.02136385945486,1.02255590877809,1.05014214217412,0.983417943444063,0.985815065639629,0.998025430865972,1.01400352705397,1.05079789759152,1.06464158682568,1.0281633549152,1.02750358942764,1.03029049552957,60.250476200619,60.2495977859522,60.2499339385703,60.2508481615222,60.2514929832861,60.2506930914859,60.2506001312186,60.2505656968777,60.2515371970368,60.2499981591233
12.2842479761951,239.278428702506,691.603067450519,658.144557226382,647.499921783094,511.297536026321,632.63258965361,517.562880450997,530.223998639114,809.354314604533,941.654687124011,171.927147919369,150.611081086183,133.901246440201,39.7881719765184,137.863711510603,218.123950365989,184.942644693077,13.0707913604462,39.627008046042,222.300383771326,1.02781681410054,1.02133533093069,0.996212101394769,0.962049331690535,0.961130787021719,0.962045719072743,0.95618354429734,0.957044227229998,1.02111771275512,0.967897225997857,0.964798099479824,0.947384304391227,0.966368899221533,0.967182895114757,0.975023600632361,0.992952992719683,0.996905678713366,0.995238813942447,0.992077300931182,0.989060055268341,0.999524574781145,1.02472302560843,1.0234175453368,1.00122649026746,1.02907985441435,1.02075279906249,1.0037109939243,1.02134065513683,1.02253077993927,1.05013545931238,0.983418250227511,0.98580878549934,0.99801903027475,1.01400953633978,1.05078416362362,1.06463312655643,1.02815369559817,1.02747567523379,1.03028876740295,60.2499650811309,60.2505711841318,60.2504625559435,60.2493775022059,60.2484944482286,60.2498552516103,60.2497585569104,60.2498215791253,60.2492130539715,60.2501261218398
12.3604431531411,239.333653015784,692.014334950785,658.534331635844,647.338948193584,510.801913801386,632.6880252097,517.571491019401,530.205762679546,808.951989277273,942.201206649765,171.856212290496,150.562557738014,133.881223337758,39.6909542861036,138.037446206369,218.066433228165,184.91618414881,13.0460610441263,39.6237622006444,222.207563829996,1.02784221388974,1.0213715461817,0.996239027120002,0.962043464693682,0.961108210345256,0.962019843050295,0.95616166019237,0.957024219593296,1.02111400501807,0.9678722120269,0.964773037310885,0.947361937660429,0.966348405661684,0.967176519299984,0.975054084196735,0.992999499958534,0.996951041336357,0.995277585418055,0.992158951359496,0.98916966305066,0.999563222465174,1.02475413664147,1.02344941946599,1.00127112247481,1.02910195850142,1.02081667322775,1.00376653354963,1.02144032419334,1.02263754642455,1.05015848020895,0.983360649458921,0.985768786941528,0.998088026637924,1.01415108473107,1.05080648332521,1.06465753165586,1.02817087366659,1.02758717424177,1.03029255554991,60.2493629034055,60.2511451645772,60.25068854834,60.2480674696621,60.2461359773177,60.2489682444913,60.248865129097,60.2490638337229,60.247225680968,60.2502281647252
12.4667847284097,239.329554034161,692.80794902581,659.248477333049,646.983165822693,509.912130782681,632.678050949462,517.514119168462,530.123486071314,808.086997497131,944.061585924134,171.651957177413,150.425635244433,133.809461259444,39.4982752242078,138.356818397356,217.943653434755,184.824902893349,12.9849530962665,39.6278056441701,221.836086877161,1.02792013484409,1.02147667872804,0.99632535643132,0.962062290284488,0.961093649508741,0.961998474382425,0.956148922644154,0.957015413621273,1.02113038455831,0.967851625256287,0.964752830156538,0.947346420991866,0.966337069729625,0.967194267343927,0.975147372977126,0.99312600671861,0.997076248212838,0.99538897167045,0.992349979095151,0.989411080149564,0.999675934984411,1.02485185644025,1.02354739394133,1.001394787961,1.02917175971783,1.02098366228207,1.00391450373395,1.02169040209343,1.02290441588306,1.05022670947953,0.983267842149067,0.985713717580365,0.998254270131133,1.01445081982331,1.05088621424607,1.06473224500716,1.02822945111664,1.02786639737344,1.03030873499432,60.2484330165916,60.2503210481483,60.2498283920774,60.2469281887818,60.2449595911474,60.2477459751955,60.2476355228911,60.2481400646734,60.2459942221149,60.2501759823275
12.5731263036784,239.170204849404,693.187096822188,659.587946361891,646.652590647246,509.33895158252,632.493501469483,517.321770908306,529.998471771898,807.465579315521,946.889620857814,171.401784798324,150.30423860703,133.70077470822,39.332113231216,138.559671764678,217.806909080981,184.691848940463,12.9153932953655,39.6174030215254,221.200329210813,1.02802393392029,1.02160488425068,0.996445464347089,0.962143947937563,0.961159010261165,0.962060039316943,0.956216506865655,0.957085459715664,1.02119590437891,0.967908956760331,0.964812268914226,0.947406343908631,0.966399861196514,0.967275159649634,0.97527547408464,0.993275739242963,0.997223828692728,0.995527018057733,0.992536810623892,0.989628250552786,0.999816197205718,1.02497861801592,1.02367353341936,1.00154341497907,1.02926045207492,1.02115193933869,1.00407281455213,1.02191927659356,1.02314512668955,1.05031078186388,0.983281756861283,0.985739715845296,0.998419937755848,1.01470390047242,1.05099462209069,1.0648278828828,1.02830616717878,1.02811434758646,1.03033750705264,60.247612973958,60.2479048955869,60.2478531635666,60.2467078228526,60.2460290973392,60.246839698758,60.246721268343,60.2475241589565,60.2466005887626,60.2497465939706
12.6236513235673,239.04455037231,693.071308291558,659.490035599888,646.555069534438,509.294188687874,632.349161507374,517.185428650654,529.937090256966,807.40139415004,948.389745923346,171.291681017609,150.279031765229,133.644075227463,39.2843876785808,138.571450682926,217.747015311704,184.625117357722,12.885965145369,39.5998762475192,220.833392182642,1.02807350461282,1.02166101736288,0.996505814741335,0.962209204180196,0.961229148791178,0.962130772230029,0.956287543660144,0.957156377944086,1.02124704689243,0.96797517208375,0.964880247995102,0.947471948289284,0.966465635409796,0.967340446594668,0.975339857547016,0.993340512264068,0.997286910315933,0.995589350116135,0.992600219271089,0.989692279932104,0.99987927675386,1.02503723292123,1.02373173281713,1.00160854521376,1.02930073037142,1.02120799910466,1.00413155393273,1.02198100288639,1.02320747686559,1.05034787648619,0.983352219522529,0.985797350021915,0.998477311021059,1.01476926228632,1.05104586335971,1.06487199533611,1.02834159641596,1.02817530208029,1.03035451497366,60.2473365555963,60.2465770112401,60.2468088305701,60.246871780966,60.2469878731764,60.2466242246332,60.2465014715232,60.2473662903349,60.2473111610999,60.2493774010871
12.6741763434563,238.909944557376,692.756215078787,659.218518762556,646.51331267421,509.402870550624,632.196703385834,517.040899057655,529.885236875331,807.513454170232,949.797013493406,171.202178397861,150.283711416242,133.592352486853,39.2626143398671,138.526910764255,217.696195608263,184.566875008794,12.8627662929574,39.5734646074974,220.46723352514,1.0281167228725,1.02170647519289,0.996561115957545,0.962285952359032,0.96131943222703,0.96222336076601,0.956378433759809,0.957246182117167,1.02130633936419,0.968062033210637,0.964969185871968,0.947556902001404,0.966549878326889,0.967417589101465,0.975399194229461,0.99339297277026,0.997337216505698,0.99564170602758,0.992638956505882,0.989722631324411,0.999931714166866,1.0250867974279,1.02378102755453,1.00166179237217,1.02933449714069,1.02123937587824,1.00417090584516,1.02200000687015,1.0232232268443,1.05037808281392,0.983461539435357,0.985881524078495,0.99851330394338,1.01479058198751,1.05108950758312,1.06490972529412,1.02837164087816,1.02818598964716,1.03037175971673,60.2471676190152,60.2455116229225,60.2459773759414,60.2471167134058,60.2478966618223,60.2465947097652,60.2464688071055,60.2472899121055,60.2480230272717,60.248897302979
12.7247013633453,238.788821016692,692.308826165779,658.831159059939,646.521985559369,509.620630492147,632.065388816001,516.911010210088,529.848738340937,807.763031627406,950.954846761691,171.140484066944,150.314525877668,133.551772715966,39.2640306884158,138.443122728051,217.657831340987,184.524816320168,12.8477093318049,39.541235274009,220.145737543457,1.02814936325656,1.02173777292477,0.996606142296198,0.962364246855713,0.9614171162267,0.962324580669961,0.956476325857267,0.957342236030989,1.02136575062974,0.96815721107795,0.965066445875903,0.947649255098217,0.966640868251984,0.967496616093079,0.975448050444954,0.993429546452892,0.997371378140659,0.995680013264606,0.992653788720429,0.989723042504583,0.999969270060576,1.02512289789105,1.02381715019857,1.00169931017072,1.02935907035733,1.02124645480464,1.00418963662964,1.02198067234725,1.02319766737008,1.05039905820898,0.983592644057209,0.985979522669039,0.998528323711442,1.01477495363783,1.05112128607654,1.06493812961438,1.02839388632057,1.02815272318896,1.03038715529346,60.2471037932475,60.2449181008791,60.2455146964741,60.2473711386579,60.248560553106,60.246743700934,60.246617418247,60.247275293468,60.2485600363733,60.2483193101029
12.7641660335316,238.717686730072,691.927141455277,658.500675889052,646.55547274922,509.827770492874,631.995855203846,516.834449380409,529.833608357757,808.013396598559,951.591688115681,171.114281857835,150.353128956687,133.531589674915,39.2783984639311,138.366113951486,217.637604703476,184.50702749964,12.8424506865614,39.5170262119969,219.949112429929,1.02816579692901,1.02175097902905,0.99663093657344,0.962418595563931,0.961488111796054,0.962398687687495,0.956547285466652,0.957411538094261,1.0214067249672,0.968227042029813,0.96513769062571,0.947716613206651,0.966706916903081,0.967551659290966,0.975475338170158,0.99344534933186,0.997385322940402,0.995698013343694,0.992650425827871,0.98970653397083,0.999986219723552,1.02513963646595,1.02383417491472,1.00171582441528,1.029370575203,1.02123692281996,1.0041903061684,1.02194465971349,1.023155628599,1.0504080189789,0.983694544623985,0.986054611667794,0.998526795299228,1.0147436900775,1.05113587692396,1.0649525247347,1.02840468328406,1.02810385744631,1.03039676706944,60.2471143316375,60.2448572090335,60.2454655836138,60.2475388297933,60.2488302966065,60.2469615714006,60.2468374422946,60.2472900608125,60.2487787600446,60.2478142748957
12.8036307037179,238.675574881988,691.578389185633,658.199053844578,646.602392126023,510.031322153907,631.967138200112,516.78982927662,529.830998619118,808.272295745248,951.924212550332,171.108777867922,150.396252204441,133.523325872348,39.3002121705751,138.291703100588,217.627645034899,184.504991885,12.8431729025164,39.4950847399834,219.827553184482,1.02817248194679,1.02175384323405,0.99664459207808,0.962460339857731,0.961545195805924,0.962458739904907,0.95660405485097,0.957466643200248,1.0214372105486,0.968283813435554,0.965195491943184,0.947771056614789,0.966760078276639,0.967594162675519,0.975490989603204,0.993449734731815,0.997388087558221,0.995704797513843,0.992637404500839,0.989681195438914,0.999991574764049,1.02514532197336,1.0238404027274,1.00172071568992,1.02937489050974,1.02121794831716,1.00418084662092,1.02189873852697,1.02310367924522,1.05041017220259,0.983782498506074,0.986118226626199,0.998516560693277,1.01470444300697,1.05114043581266,1.06495931283438,1.02840927910705,1.0280454256148,1.0304029179764,60.2471580849385,60.2451515987265,60.2456922263734,60.2476564587159,60.248858621795,60.2472343701883,60.2471141780734,60.2473106952109,60.2487886267767,60.2472801874334
12.8430953739041,238.667300772945,691.311054739463,657.970422700934,646.653697340133,510.201750272503,631.985135211089,516.782424385095,529.840490750989,808.503115037259,951.912152871475,171.124122684582,150.439773567408,133.52846657504,39.3269822333991,138.232108592746,217.628288301277,184.519355590874,12.850203065492,39.4809189280299,219.793196065588,1.02816901551109,1.02174621149742,0.996645307537549,0.962483602553852,0.961580348972192,0.962496272942569,0.956638751694945,0.957499957336189,1.02145343657363,0.968319486347165,0.965231679939686,0.947804877779284,0.966792814848683,0.967618102579122,0.975492858492177,0.993442238077759,0.99737938243595,0.995699514734815,0.992616752435876,0.98965072601744,0.99998481887318,1.0251394527772,1.02383531916556,1.0017134884039,1.02937153960978,1.02119207930944,1.00416256222478,1.02184908957801,1.02304885096607,1.05040536263365,0.983843683892527,0.986161363231001,0.998499355466548,1.01466284169918,1.05113456172377,1.06495811966021,1.02840728746679,1.02798546337906,1.03040498439853,60.2472126346963,60.2457452091742,60.2461525319144,60.2477146256044,60.2486654457849,60.2475236726069,60.2474080408313,60.2473218789271,60.2485961842193,60.2467362884277
12.8825600440904,238.692741068634,691.163628449186,657.850252615536,646.702482623854,510.318171294641,632.050197519658,516.812983106056,529.860858787656,808.678222247288,951.539910990568,171.159101771164,150.477502685405,133.54664877002,39.3559379666438,138.194735933148,217.639613310729,184.549331517057,12.8631139026858,39.4762911759133,219.855479163574,1.0281553412078,1.02172875752184,0.996632625865852,0.962484733776707,0.96158819061789,0.962505578471119,0.956646006223656,0.957506280562225,1.02145256597138,0.968328625924461,0.965240738445531,0.947812915599467,0.96680012375867,0.96761974799226,0.975480374877535,0.993423603365923,0.997360106666091,0.995682569082175,0.992591180345644,0.989619162471043,0.999966572586116,1.02512254539937,1.02381939747194,1.00169484694331,1.02936088460227,1.0211626626734,1.00413772087765,1.02180226740396,1.02299839979786,1.05039404674824,0.983869355661705,0.986177527180129,0.998477543943763,1.0146244192683,1.05111874023209,1.06494916393434,1.02839900084582,1.02793194959525,1.03040246818574,60.2472539945065,60.2465392931709,60.246770987042,60.2477122979427,60.2482998801844,60.2477882538197,60.2476762309057,60.247309303109,60.2482359475309,60.246203472876
12.9220247142767,238.748327374814,691.157498284857,657.859486883153,646.744281343026,510.369206209072,632.157184488471,516.877616827083,529.889893318191,808.779399204927,950.819587310968,171.211790842697,150.505273709785,133.576661103616,39.3853817612372,138.183613552621,217.661205018558,184.592868056943,12.8813804264444,39.4829251574389,220.015206585494,1.02813206017918,1.02170242913207,0.996606743392454,0.96246191912372,0.961565883731825,0.96248360858793,0.956623038292046,0.957482961093162,1.02143342431607,0.968308262860662,0.965219681998855,0.947792379263879,0.966779303354434,0.967597200058242,0.975453624976166,0.993394766333753,0.99733129193162,0.995654689035739,0.992562566941031,0.989589030927426,0.999937837232704,1.0250955807766,1.02379355447584,1.00166575637131,1.02934346050254,1.0211321883033,1.00410816323109,1.02176284979006,1.02295737668727,1.05037684622033,0.983854388859992,0.986162921835349,0.998452796128036,1.01459245074023,1.05109393037387,1.06493293194122,1.02838488770465,1.02789045972396,1.0303952816124,60.2472595140686,60.2474053127886,60.2474480487686,60.2476544278349,60.2478297790341,60.2479887888194,60.2478778542009,60.2472607758411,60.2477626273228,60.2457027390246
12.9737916873972,238.853821922968,691.361195005782,658.069204836008,646.787120476074,510.339571375673,632.343110590521,516.999483367883,529.936320464531,808.79394286447,949.424810658076,171.303018559021,150.522765530958,133.629868614155,39.4236230837466,138.206986304575,217.703336828875,184.664899822513,12.9120478593487,39.5092804258379,220.357781996707,1.02808913890183,1.02165679136574,0.996554945540728,0.962397370644171,0.961492496938844,0.962408902571778,0.956548762127614,0.957409156478714,1.02138219067177,0.968238073587694,0.965147762973264,0.947723438715232,0.966710677122064,0.96753253788107,0.975399046621465,0.993343865588826,0.997281454033642,0.995603881679086,0.992522263815394,0.989553196243738,0.999886943334644,1.02504768361597,1.02374719995005,1.00161427996458,1.0293118775527,1.02109325699938,1.00406476715959,1.02172587340284,1.0229215424818,1.05034695125101,0.983773858210775,0.986097497084916,0.998417576051655,1.01456145149415,1.05105038415436,1.06490212096035,1.02835887174585,1.02785811197401,1.03037939901098,60.247181131596,60.2484078857862,60.248233649312,60.2475081432417,60.2471836758819,60.2480996882489,60.2479847287898,60.247127536774,60.2470843618406,60.2451276972617
13.0255586605177,238.977732888623,691.759038317632,658.465183673698,646.820896948648,510.225930985206,632.554920479064,517.141951713737,529.986590063687,808.695706187265,947.663638543977,171.411512576297,150.518907793553,133.692084916368,39.4615735195307,138.262345319218,217.75696120971,184.745546177465,12.9477385169085,39.5526198386072,220.812876786753,1.02803634563508,1.02160231452584,0.996487747484139,0.962301260367854,0.961378543869435,0.962291916358089,0.956434004944884,0.957295814905025,1.02130763537569,0.96812758414253,0.965034879235895,0.947615664829792,0.966603861418603,0.967435768135864,0.975327371991903,0.99328204492114,0.997221743354253,0.99554112826198,0.992479736851006,0.989520597934352,0.999825461086363,1.02498998020683,1.02369097102508,1.00155182153306,1.02927314268015,1.02105690923649,1.00401853969369,1.02170481459358,1.02290478726838,1.050311214859,0.983636124502233,0.985988315141389,0.998380141040386,1.01453979058145,1.05099849788518,1.06486328071824,1.02832667701418,1.02784882490425,1.03035798765375,60.2469841793199,60.2490147000243,60.2487050678716,60.247295542926,60.2466303265997,60.2479989318028,60.2478741873231,60.2469062050686,60.2464623266786,60.2446748586408
13.0659857666749,239.072545244866,692.150537631319,658.855821931094,646.845738183176,510.106840601695,632.71781374139,517.250802226611,530.024158591752,808.569022125215,946.160080665232,171.503400355639,150.503286705358,133.742016622834,39.4918215444604,138.315894151181,217.80457769088,184.809108743184,12.9775881024926,39.594591383858,221.216982060016,1.02799099312664,1.02155610518387,0.996428550376604,0.962212157659307,0.961271511818086,0.962181746366528,0.956326406817977,0.957189749849708,1.02123906639318,0.968023164592344,0.964928366781248,0.947514073969862,0.96650328318243,0.967345829414852,0.975263801463682,0.993228952773451,0.997170836772996,0.995486930586837,0.99244485605329,0.989495403315171,0.999773116663831,1.02494107776528,1.02364307882837,1.00149831461642,1.02923973475899,1.02102998303159,1.00398139541759,1.02169610756062,1.02290094096437,1.05028094609843,0.98350303231838,0.985882888904614,0.998349328729922,1.01452525642106,1.05095491202192,1.06482917622809,1.02829880050854,1.02785274015233,1.03033880234123,60.2467428757457,60.2490846239898,60.2487470181394,60.2470887990848,60.2463248495864,60.2477626129953,60.2476279568992,60.246670920366,60.2460824566671,60.2444200047011
13.106412872832,239.154964388693,692.550736629067,659.261559756262,646.874378274088,509.991259977526,632.863272734943,517.344998740639,530.057484000631,808.432271605164,944.670648632161,171.595424724665,150.482563173987,133.788684778693,39.5235682931066,138.366682559763,217.853055928021,184.86798528157,13.0071282066609,39.6402484798938,221.62276535781,1.0279458332798,1.0215095762553,0.996368028450363,0.962119866569789,0.961160446901628,0.962067317542495,0.956214946298011,0.957080007054381,1.02116897421725,0.967914342817275,0.964817509521176,0.947408316906045,0.966398558599213,0.967252475749549,0.97519835171184,0.993174622967773,0.997118939510242,0.995431626672475,0.992408026308946,0.989467768212935,0.999720236779949,1.02489204482822,1.02359488064962,1.00144378321607,1.02920573631495,1.02100337114853,1.00394398353582,1.02168916607224,1.02289924001424,1.05025047425939,0.98336334037163,0.985771930513453,0.998316753394607,1.01450767168042,1.05091158449203,1.06479408840835,1.02827035568367,1.02785937531149,1.03031944249012,60.2464303825386,60.2487495048187,60.2484555940522,60.2468455585408,60.2461490015713,60.2473960355639,60.2472521912478,60.246384750763,60.2458253814393,60.2442557370018
13.1468399789891,239.216563487049,692.904429412199,659.629464088775,646.909632493035,509.905134778554,632.980276670753,517.416099986781,530.084399578728,808.317465943476,943.305589528862,171.682794233154,150.460203055212,133.82817990873,39.5566608858175,138.403515554414,217.89967676275,184.918861523718,13.0346428952656,39.6836949868149,222.000967461518,1.0279034395465,1.0214652310204,0.996310567081181,0.96203334230923,0.961056838831243,0.961960618637434,0.956111041348492,0.956977707609613,1.02110367135382,0.967812480047842,0.964713879001238,0.947309361615038,0.966300471656572,0.967164805625749,0.975135874944908,0.993122128098358,0.997068892837945,0.995378637897981,0.992369682966728,0.989436477499417,0.999669804336808,1.02484562016117,1.0235490909217,1.00139131597571,1.02917316790793,1.02097664954256,1.00390729793105,1.02168008549158,1.02289493742499,1.05022149262943,0.983233528883268,0.985667563667747,0.998282811129345,1.01448393955973,1.05087085784895,1.06475996920086,1.02824302732356,1.02786289254034,1.03030133068798,60.2460590493744,60.2480279658567,60.2478391762368,60.2465605992156,60.2460840583084,60.2469189684444,60.2467694806356,60.2460544946186,60.2456865876362,60.2441778570156
13.1872670851462,239.253123329557,693.16286472356,659.911702061371,646.9520217782,509.8682370449,633.062616684328,517.459806215942,530.103563214802,808.250802181814,942.163771259297,171.760532250998,150.441726523318,133.85784592482,39.590639632971,138.418627579804,217.941159426857,184.959194630668,13.058514944816,39.7210402588654,222.319936270489,1.02786669568485,1.02142553026517,0.996260200180167,0.961960625682232,0.960971000219613,0.961872376038998,0.95602503248789,0.956892984273694,1.02104938073813,0.967727784170278,0.964627860024235,0.947227049937285,0.966218698547788,0.967090970600477,0.975080736944842,0.993074287899398,0.997023291842198,0.99533110171557,0.992330363070401,0.989400666084456,0.999624544156022,1.0248043109245,1.02350822033782,1.00134374380968,1.02914392350153,1.02094931443151,1.00387218043661,1.02166508119226,1.02288347237624,1.05019559075026,0.983127764898694,0.985580808226185,0.998247972311663,1.01445162571637,1.05083485883751,1.06472879307209,1.02821840102398,1.02785774819992,1.03028602062525,60.2456457700676,60.2469909797943,60.2469494792482,60.2462269713626,60.2460843986962,60.2463590625706,60.2462097770563,60.2456892155131,60.245635851904,60.2441758171733
13.2276941913033,239.262859615501,693.29186210386,660.072756362199,646.999539748519,509.891660637373,633.108408597077,517.47560597899,530.114382973515,808.249978488001,941.323698786079,171.824162323782,150.431083710708,133.875873946089,39.6240367614054,138.407518692549,217.974579332421,184.987468479497,13.0772582832132,39.7484690557074,222.555061866947,1.02783796170931,1.02139278256799,0.996220513661406,0.961908339126443,0.960911247510264,0.961811228543296,0.955965221611407,0.956833960679187,1.02101098711843,0.967668542169887,0.964567860761451,0.947169375794255,0.966161125408473,0.967037713245999,0.975036886889122,0.993033907185938,0.996984746347378,0.995291997680338,0.992291521494955,0.98936100599071,0.999586998043681,1.02477036112112,1.02347453373692,1.00130382328887,1.02911980335378,1.02092168190497,1.00383994308851,1.02164216387171,1.02286228238005,1.05017428267006,0.983057398201998,0.985520603549262,0.998213498336467,1.01441052954251,1.05080543080267,1.06470242005867,1.02819797750005,1.0278405807834,1.03027472772006,60.2452096436438,60.2457516969656,60.2458744532434,60.245838547007,60.2460862428145,60.2457479356798,60.2456058556123,60.2452992585683,60.2456234281958,60.2442336831544
13.2681212974604,239.247391616768,693.276145959057,660.094217271902,647.047722706726,509.975561270394,633.119801203585,517.466265840704,530.116776736696,808.320536372705,940.836853542041,171.869949612373,150.430779893166,133.881630737369,39.6546198494556,138.370152282627,217.997582020866,185.003179531764,13.0897429163071,39.7634065082028,222.689889987449,1.027819002507,1.02136892260611,0.996194184021842,0.961880742317946,0.960882721016588,0.961782489156952,0.955936732913067,0.956805660949416,1.02099157007013,0.96763992187323,0.964539102168527,0.947141329903349,0.96613270450039,0.967009390637622,0.975007308746639,0.993003423843026,0.996955548959992,0.995263767111487,0.992255334569818,0.989319608927285,0.999559257957293,1.02474554545121,1.02344984028127,1.00127390975903,1.02910228383397,1.0208948250999,1.00381218579284,1.02161140130554,1.02283116229246,1.05015881401046,0.983029138312616,0.985492518557364,0.998181280533636,1.01436271959456,1.05078397614119,1.06468241560605,1.02818299849521,1.02781073478676,1.03026826778496,60.2447698083557,60.2444484716176,60.2447257172655,60.2453926674859,60.2460191122809,60.2451174412829,60.2449891528643,60.2448954417571,60.2455891309595,60.2443315723143
13.3187893111514,239.198589981271,693.064446331808,659.929811175578,647.099356940511,510.14716759179,633.094151472957,517.427118289799,530.108603160931,808.495882673675,940.753013487882,171.898242706827,150.445623951502,133.872542447307,39.6846199118774,138.294103308304,218.009245738203,185.005735941754,13.0955793758097,39.7633458672272,222.708789347749,1.02781049105237,1.02135367317427,0.996182196453195,0.961882703538127,0.960892485538608,0.961793620961798,0.955946657698574,0.956814981968482,1.02099506262415,0.967648830578031,0.964548670179115,0.947149527309056,0.966139832187443,0.967010876051169,0.974992874938842,0.992982019991509,0.996934857880598,0.995246243886689,0.992218077766341,0.989270777140542,0.99954059264091,1.02472915651833,1.02343346907806,1.0012532191614,1.02909116914649,1.02086518045199,1.00378654043069,1.02156561017712,1.02278212753429,1.05014902915118,0.983054081036406,0.985504249423792,0.998147886589709,1.01430018889413,1.05076971593494,1.06466811625532,1.02817322062342,1.02775938639612,1.03026741388669,60.2442399672864,60.2429499021138,60.2433700071382,60.2447587470516,60.2457391220831,60.2443448186342,60.2442396862766,60.2443865383874,60.245423010973,60.244475602952
13.3694573248424,239.127025460964,692.689977242022,659.596202562661,647.130265274422,510.355260298367,633.037054246898,517.367897502824,530.089571115369,808.731768164809,941.225824990059,171.891641743074,150.473511538687,133.847686924731,39.6999194246268,138.200539157014,218.0005919481,184.990900051495,13.0900010306849,39.743005708213,222.569222690745,1.02781922371529,1.02135618557519,0.996193970640764,0.961922128568239,0.960947679328865,0.961851643490256,0.956002096335841,0.956869046715254,1.02102673245751,0.967702495709776,0.964603762641428,0.947201135205325,0.966189924524063,0.967050329726882,0.975004215781241,0.992981492528275,0.996934052128399,0.9952501220997,0.992195559977703,0.989233565153628,0.999541388582432,1.02473025026277,1.02343449740699,1.00125321503494,1.02909317693968,1.02084473440429,1.00377468001415,1.02152011424422,1.02273103279476,1.05015085522508,0.983137396342026,0.985562377188746,0.998127298921679,1.01424586430355,1.05077025951299,1.06466704460072,1.0281743782819,1.02770227984094,1.03027420179971,60.2437564845712,60.241813001741,60.242291888823,60.2440610634413,60.2451714751161,60.2436307491761,60.2435494797361,60.2438914726661,60.2450439375446,60.2446044148987
13.4380722136256,239.014792549831,692.085322879867,659.027036955275,647.120459163728,510.596840958581,632.934866266639,517.273138828133,530.049678452574,809.039914422883,942.572132296791,171.83061740499,150.520248577545,133.798218779581,39.6897022637862,138.087610792153,217.958648422242,184.948252590665,13.0668612581466,39.6951264362711,222.188366434019,1.02785482231983,1.02138635789905,0.996241633434694,0.962016293256037,0.961068827509727,0.961977638747246,0.956123743529163,0.95698830217847,1.02110011100918,0.967820839533611,0.964724727996578,0.947315567086557,0.966302209727195,0.96714513733114,0.9750542882744,0.993013112072503,0.996963935959467,0.995286739242609,0.992197109948149,0.98921661513869,0.999572057799946,1.02475805434509,1.02346218149804,1.0012850548242,1.02911511709255,1.02083984617687,1.00378485368401,1.02147841210467,1.02268056833101,1.05017078493555,0.983304223456509,0.985686854390402,0.998127457911182,1.01420765615254,1.05079315964754,1.06468615887589,1.02819218947451,1.02764066628416,1.03029253890482,60.2432020341723,60.2411007658669,60.2415109274402,60.2430847379221,60.2439425485509,60.2428081414267,60.2427482045969,60.2432729630329,60.2441467509814,60.2446844263572
13.5066871024088,238.905794484057,691.574475186989,658.52571175993,647.043240094366,510.692505466094,632.827229300963,517.174011373431,529.998403065174,809.217961650667,944.425101106529,171.718269055634,150.55419316462,133.738892441032,39.6387413789893,138.03067166105,217.887878973789,184.88563206952,13.0292505152321,39.6343792604225,221.683632230763,1.02791067578294,1.02144328846593,0.996316022220167,0.96213133909703,0.961208139327071,0.962121316037511,0.956263573868072,0.957125921609471,1.02118775921016,0.96795678174711,0.964863440946241,0.947447726953308,0.966432897802747,0.96726123174098,0.97513412893456,0.993078394651734,0.997026458102665,0.995353933619654,0.992242766493736,0.989252476616896,0.999633025573621,1.02481255576762,1.02351659419655,1.00134987016892,1.02915619611674,1.02087019743656,1.00382897405192,1.02148277124575,1.02267801437754,1.05020816086825,0.983482570503083,0.985825106225126,0.998166441064077,1.01423256028285,1.05083844982243,1.06472652868149,1.02822634566074,1.02762716067341,1.03031664314865,60.2427691387959,60.2413337982681,60.2415416470058,60.2421739096218,60.2423649819106,60.2421767120994,60.242117662049,60.2427402383689,60.2429142550941,60.2445987555245
13.5613785672607,238.832188526043,691.35655034,658.302549732012,646.935488748179,510.614338494412,632.746856948469,517.09491611466,529.952575352822,809.198991399089,946.015857568965,171.605321501154,150.56504964426,133.69324001089,39.572821504813,138.04909481723,217.81883542049,184.827371763181,12.9944126579014,39.5939916972712,221.264953275952,1.02796302138134,1.0215010335081,0.996383105250101,0.96221587809788,0.961304211629555,0.962219352843265,0.956360306382703,0.957221743038454,1.02125249260646,0.968049880410754,0.964958420131357,0.947538875156553,0.96652373648888,0.967346474767756,0.975206605216705,0.993146334953969,0.997091894340337,0.995420256187283,0.9923080964663,0.989319543928907,0.999695976450398,1.02486876124344,1.02357276437254,1.00141712165419,1.02919708357071,1.0209191417521,1.00388480402682,1.02152650282851,1.02271951726755,1.05024599409741,0.983593361122366,0.985915328102781,0.998223207085302,1.01430206663129,1.05088542473911,1.06476920822866,1.02826084297015,1.0276628265959,1.03033641574783,60.2425032433915,60.2420123493189,60.2420151032422,60.2415722368713,60.2410859127438,60.2418133752404,60.2417405866507,60.2423906273958,60.2418595727029,60.2443884059051
13.6160700321126,238.773971608828,691.363699953546,658.299182937499,646.798388026308,510.398216246995,632.673913978365,517.01518752741,529.905470864001,809.026344974365,947.499761981069,171.48445757794,150.550298449857,133.651951815002,39.4907724597599,138.12382404858,217.746023739301,184.766296626894,12.9591361170415,39.5637427837192,220.897792237414,1.02801523225991,1.02156330361513,0.996448938783284,0.962281326858665,0.961371428140006,0.962286745150607,0.9564281422236,0.957289558303162,1.02130179546271,0.968114040784561,0.965023935396303,0.947602548575497,0.966588044595484,0.967412398458752,0.975278377484528,0.993221430480931,0.997164562665527,0.995490695873275,0.992393768369186,0.989416086620357,0.999765379740774,1.02493076893316,1.02363477249117,1.00149138237274,1.02924083342704,1.02098742365581,1.00395462852377,1.02160662051034,1.02280115019808,1.05028680543383,0.983657641769324,0.985971348915669,0.998298249910458,1.0144116344799,1.05093746409592,1.06481688695851,1.02829815687226,1.02774246753899,1.03035351030303,60.2422926464856,60.2428320526909,60.2426485920565,60.2411390346357,60.2400351746137,60.2415682537623,60.2414750476915,60.2421136825516,60.2409420781414,60.2440512011629
13.6707614969645,238.731715124406,691.576189675947,658.504458535061,646.647677026503,510.08087806647,632.608322770219,516.935092565216,529.860427233804,808.731181825281,948.737534203743,171.369178861883,150.514879522973,133.618157250777,39.4042382920682,138.242422131853,217.677226686541,184.708224833983,12.9276940455507,39.550449208258,220.610537603771,1.0280624877021,1.02162306271542,0.996506043084125,0.962320971452172,0.961403477252604,0.96231719121036,0.956460926226711,0.957323295619046,1.02133192340107,0.968143025555569,0.965053701256783,0.947632534099708,0.966619441151373,0.967452101271396,0.975340965590232,0.993294529026635,0.997235566040883,0.995556845836704,0.992488175552448,0.989528270804201,0.999833147244821,1.02499158198407,1.02369562626143,1.00156373800635,1.02928233820072,1.02106558576642,1.00402927021136,1.02171097825965,1.02291037120185,1.05032599937132,0.983669271111286,0.985987810833192,0.998381494645543,1.01454484017867,1.05098879325656,1.06486418944605,1.02833403003623,1.02785372283417,1.03036661818943,60.2421217217779,60.2434985780798,60.2431938524585,60.2409048243441,60.2394039467733,60.2414333126922,60.2413210593477,60.2419088081627,60.2403295377676,60.243601631278
13.7254529618164,238.703063559277,691.923360732724,658.852786456816,646.502333362068,509.72678930134,632.551162069095,516.857906947343,529.821015129302,808.380993316068,949.641587947549,171.271926338118,150.464879675653,133.592648415968,39.3255038601989,138.379411890712,217.619069963579,184.658816278083,12.9033377439112,39.5526519029692,220.421497354266,1.02810020757094,1.02167387030203,0.996549614152379,0.962335532889542,0.961403863776362,0.962314747611085,0.956462029994509,0.957326002888495,1.02134316747709,0.968140575421924,0.96505152536865,0.947632193114797,0.966620963451216,0.967466373756822,0.975389139322901,0.993357737029925,0.997297112919767,0.995611989438193,0.992578484183744,0.98963940900363,0.999892134257523,1.02504488491356,1.02374903456868,1.00162644425836,1.02931734141756,1.0211424432354,1.00409906979073,1.02182220691888,1.02302853831116,1.05035940286642,0.983637830030323,0.985970447998385,0.998461708752206,1.01468048996921,1.05103406495985,1.06490627907358,1.02836480717806,1.02797695660055,1.03037496018862,60.2419757890971,60.2437792590731,60.2434456874652,60.2408747736141,60.2393027581841,60.2413991007785,60.2412756508198,60.2417693647394,60.2401304654543,60.2430635146245
13.7801444266683,238.685706921525,692.301692132476,659.24263931606,646.381635475475,509.410870881637,632.506622564587,516.790423939075,529.790876278026,808.059127918109,950.17462602914,171.202845918974,150.41195131534,133.575677225934,39.2664924833593,138.505298085313,217.576882244116,184.623723302329,12.8883838637593,39.566501704505,220.329185796238,1.02812541037823,1.02171039850179,0.996576980422654,0.962330690319204,0.961382645885245,0.962290311334872,0.956441411804945,0.957307180635538,1.02133982093173,0.968117033693726,0.965027898295443,0.947611206041424,0.966601846268343,0.967461045632834,0.97541988355968,0.993404240476604,0.997342406794648,0.995650827475974,0.992651640931852,0.989731828758651,0.999936015036395,1.02508496490071,1.02378932560589,1.00167276293934,1.02934245691024,1.02120581247964,1.00415423962172,1.02191965418749,1.02313320138527,1.05038353708206,0.983582072263193,0.985932511200332,0.998527386769974,1.014795554962,1.05106832367782,1.06493882287477,1.02838750412177,1.02808808448551,1.03037874290718,60.2418424249671,60.2435592923409,60.243294057747,60.2410262407562,60.239730825182,60.2414521969169,60.2413278388711,60.2416824143283,60.2403624146283,60.2424658125744
13.8348358915202,238.677599162015,692.604043427704,659.566008818929,646.303283476256,509.20093413594,632.482529408337,516.741820969523,529.773463067988,807.845470793063,950.338971959593,171.16856462262,150.368985204063,133.56714614939,39.2363171588788,138.593117393889,217.55397371977,184.607574193775,12.8839030761383,39.5861351474161,220.320720419047,1.02813656707384,1.02172913471063,0.996587659873759,0.962314922633162,0.961353023979584,0.962257996119773,0.956412147948635,0.957279393897998,1.02132807143393,0.968085911398635,0.964996500143875,0.947582330274375,0.966574407078303,0.967444812370762,0.975432585661298,0.993429441181387,0.99736680486147,0.99567023668889,0.992697056623261,0.989790699590601,0.99996030995002,1.02510762718128,1.02381235414643,1.00169807570162,1.02935562580907,1.02124525618998,1.00418691310857,1.02198431727154,1.02320346900142,1.05039610470607,0.983524522917446,0.985890548011422,0.998569101833878,1.01487027716877,1.0510878062543,1.0649586693004,1.02840020523665,1.02816427524927,1.03037872410874,60.2417113761074,60.2428674680877,60.2427496916701,60.2413098463264,60.2405732006668,60.2415713733212,60.2414541343952,60.2416288682581,60.2409440111249,60.2418389346273
13.8895273563721,238.677880722658,692.748378122708,659.738302549193,646.280344832677,509.141037297,632.48820536754,516.720811272725,529.77115815749,807.795634113549,950.161667022441,171.171727175189,150.347138941055,133.567159446844,39.2396562456178,138.624972070513,217.551569328787,184.613131059904,12.889865282706,39.6055222343969,220.378886976086,1.02813347804324,1.02172861086402,0.996582690583023,0.962296389894903,0.961326942885557,0.962230486420249,0.956386077037534,0.957254062158706,1.02131380865503,0.968059409779033,0.964969672233369,0.947557136585657,0.966549885508348,0.967426034322364,0.975428301867082,0.993431286641814,0.997368194494317,0.995669258984692,0.992708427840236,0.989806905678731,0.999962774198575,1.02511059922236,1.02381588887748,1.00170023832799,1.02935612656664,1.02125411431643,1.00419244495789,1.02200315321339,1.0232248501006,1.05039612287803,0.983484648715317,0.985859188018029,0.998581120758835,1.01489227442272,1.05109034159858,1.06496408660341,1.02840212287999,1.02818941379865,1.03037583809219,60.2415738700485,60.2418618798914,60.2419351126391,60.2416541019471,60.2416252187424,60.2417247194992,60.2416171698358,60.2415846098971,60.2417112070096,60.2412120925987
13.9614167934932,238.690925169857,692.649803637405,659.682801700387,646.341695953336,509.299108578812,632.553092095699,516.743219168921,529.791763683298,807.99830723008,949.477644882581,171.229661614824,150.360121859855,133.580925823835,39.2927349094377,138.576736594001,217.577718446868,184.653182635833,12.9117818640559,39.6238604913591,220.532169461408,1.02810955059868,1.02170014386505,0.996555667252073,0.962275839627807,0.961308659759952,0.962212770389512,0.956367202829587,0.957234736230552,1.02129694959835,0.968042369079323,0.964952242615094,0.947539913758304,0.966532186480311,0.967405655074731,0.975400303788796,0.993399688954743,0.997336477973607,0.995639108766896,0.992671122597714,0.98976204733749,0.999933634651041,1.02508487546163,1.02379122095552,1.00166916139357,1.02933864876189,1.02121782591295,1.00415829001634,1.02195337617249,1.02317288761227,1.05037800576929,0.983475072020173,0.985846508021266,0.998550910077839,1.01483878182257,1.05106783829898,1.06494931170148,1.02838896480921,1.02813778852653,1.03036892079222,60.2413687930695,60.2404837150094,60.2407970296793,60.2420501449435,60.2428947671109,60.2419023070992,60.2418018340079,60.2414937990965,60.2426366054864,60.2404339533524
14.0333062306144,238.719170938689,692.289131135187,659.370348667723,646.49268380808,509.660429745909,632.684371880093,516.819145293662,529.835158585893,808.434868524392,948.367357908527,171.337232795522,150.41762704594,133.611230605627,39.3876250170829,138.449716462864,217.631531745345,184.724271392645,12.9461400766938,39.6330246140646,220.755767296818,1.02806725394337,1.02164593485289,0.996509602706283,0.962258948104513,0.961305530446495,0.962212524293223,0.956362931451636,0.95722867726727,1.02128203151313,0.968042218855729,0.964951727918748,0.94753775711922,0.966528257623702,0.967389350432307,0.975351239488149,0.993336064845845,0.997273356206426,0.995581987798609,0.992585320265401,0.989656619544371,0.999873502145269,1.02503040482328,1.02373810167538,1.00160598058198,1.02930410598275,1.02113712918187,1.00408562901028,1.02183473774627,1.02304690177557,1.05034302173641,0.983506378362126,0.985861252817307,0.998477481692524,1.01471054715692,1.05102000887611,1.0649129296209,1.02836086100928,1.02800756617433,1.03035916775606,60.241119340913,60.2395000931023,60.2399622001919,60.2422216204633,60.2436048472134,60.2419571232259,60.2418527380784,60.2413168401772,60.2430930947031,60.2397519785755
14.1051956677356,238.76172702586,691.842854470335,658.97672477094,646.692977746464,510.093838866571,632.865109941193,516.93100956307,529.891498128772,808.951527172371,946.941021605894,171.475105321937,150.499960000176,133.656719355934,39.5004595091583,138.292337865733,217.70223482088,184.813205954563,12.9877603093009,39.6374597680806,221.045214810829,1.02801265795252,1.02157591498697,0.99644975336402,0.962236706192641,0.961301253436287,0.962212039039626,0.956357198035779,0.957220614095479,1.02126252544475,0.968041930057801,0.964950941450402,0.947534788162038,0.966522932686068,0.967367742172663,0.975286727829972,0.9932524866605,0.997190987818078,0.995507560957334,0.992472977516791,0.989520240229381,0.999793709164634,1.02495741143374,1.02366658946813,1.00152267476325,1.02925837142799,1.02103345716993,1.00399176886024,1.02168351715068,1.02288628692034,1.05029761495011,0.983547885210437,0.985881186152537,0.998379698219797,1.01454603477257,1.05095570737376,1.06486202822188,1.02832279201469,1.02784082901476,1.03034651062098,60.2408068512238,60.2392243486023,60.2396895546087,60.2420373872685,60.2434628607438,60.2417936161902,60.2416783345248,60.2410131879563,60.2428237684386,60.2392063060731
14.1770851048568,238.814743296721,691.524694647103,658.714646319766,646.885253807692,510.452756583261,633.060466145774,517.050924034918,529.947479619638,809.369411627132,945.342463261077,171.620029912759,150.5799353887,133.71303117853,39.6047063516529,138.16020406672,217.777405987511,184.903688991838,13.0307876778798,39.6467696670905,221.392642929041,1.02795348408339,1.02150207288296,0.996382040277946,0.962196973395609,0.961274460176897,0.962188106988415,0.956329052538633,0.957190679158672,1.02123029432783,0.968019113319103,0.964927314999411,0.947510111618486,0.966496204970528,0.967328178626525,0.97521305117361,0.993163418433124,0.997103893318323,0.995427240051491,0.992360349272359,0.989387823216772,0.999708261108425,1.02487883049325,1.02358939667672,1.00143374054226,1.02920854544979,1.02093265079378,1.00389749573956,1.0215437100576,1.02273893313608,1.05024959637147,0.983558800869399,0.985877015051263,0.998280452477982,1.01439018505623,1.0508863438477,1.06480572190953,1.02828089598564,1.02768911357732,1.03033095457901,60.2404159390411,60.2396207744358,60.2399442774402,60.2414600703246,60.2424681868909,60.2413579499357,60.2412351039739,60.2405685947954,60.2418354395891,60.2388233290262
14.248974541978,238.870048287545,691.489782242054,658.733976236805,647.01520995664,510.630439605862,633.229459576998,517.150124027288,529.9902141093,809.557486311997,943.769864523735,171.747652973869,150.630904718683,133.770864140432,39.6780502583945,138.093665083588,217.843346511486,184.979264198668,13.0686097770822,39.6673307317437,221.770430314158,1.02789859381508,1.02143697250358,0.996314788355451,0.962134588792837,0.961213092330368,0.962127269653248,0.956266776181931,0.957127972070107,1.02118215053977,0.967960757816854,0.964867780913091,0.947451835709629,0.966436915333223,0.967265190333037,0.97513929337072,0.993084225981951,0.997027284451176,0.995353768303436,0.992271603841695,0.989289836346,0.999632175776967,1.02480863776332,1.02352029467684,1.0013546277436,1.02916269539383,1.02085791238934,1.00382240339603,1.02145251452363,1.02264502156462,1.05020718195917,0.983511577340902,0.985829676724653,0.998201131197654,1.01428080390583,1.05082426712797,1.06475417212412,1.02824211606198,1.02759535228286,1.03031351211589,60.2399391973047,60.2403232409996,60.2404156208987,60.2405588458721,60.2408875464978,60.2406573550351,60.2405387672927,60.2399985990864,60.2403830994668,60.2386109459646
14.3208639790992,238.915914088431,691.763615558458,659.050691822566,647.051102619548,510.59374878834,633.338191780417,517.206804630595,530.010435446399,809.479978236552,942.473618626832,171.837200667368,150.637960068215,133.818205796597,39.7085691163957,138.105132043572,217.888008270901,185.02723485571,13.0951933562578,39.6992182320177,222.122912470251,1.02785687425848,1.02139132390308,0.996258263265311,0.962056855444509,0.961123084118786,0.962035120737757,0.956176501734767,0.957038843834063,1.02112397314826,0.967872163841533,0.964777804772126,0.9473654784693,0.966350852153015,0.967186113330074,0.975076781439818,0.99302804480814,0.996973865485013,0.995299007911844,0.992222402764176,0.989243735997706,0.999578270098916,1.02475876911442,1.0234710955822,1.00129853951122,1.02912836050064,1.02082279872258,1.00377958050805,1.02142776629765,1.02262324989406,1.05017740309242,0.983407013302079,0.985741594809625,0.998155935145337,1.01423753530161,1.05077998072813,1.06471638511643,1.02821291803667,1.02757887689333,1.03029669839141,60.2393822085186,60.2408026028283,60.2406646150132,60.239484673993,60.239136748211,60.2397598374936,60.239657661569,60.2393440039606,60.2388583984649,60.2385528155325
14.3927534162203,238.939245765645,692.229803802543,659.539335361187,646.994715157421,510.386786030412,633.370767670012,517.210904946206,530.004767748468,809.204158095658,941.718766767726,171.874779364555,150.603314550176,133.84326223747,39.6965743691513,138.177635546115,217.903229614518,185.041042147424,13.1060986261158,39.735128718242,222.372605314421,1.027835880878,1.0213722896751,0.996223350244886,0.961983520421969,0.961029049040023,0.961937148749484,0.956082857703017,0.956947451071744,1.0210706012518,0.967777738155979,0.964682180423648,0.947274646136256,0.966261338377794,0.96711107068194,0.975037587913154,0.993003656025598,0.996951772024699,0.995272138390752,0.992217177216409,0.989251015415862,0.999554948461841,1.02473697363283,1.02344954145047,1.00127425204651,1.0291113682767,1.02082855462023,1.00377323319634,1.02146395207329,1.02266654226129,1.05016499776292,0.983276967051693,0.985638305276541,0.998149338018191,1.01425862365841,1.05076019419132,1.06469858844729,1.02819827320603,1.02763077130172,1.03028427790333,60.238766619862,60.2406096878621,60.2403330439915,60.2384166310494,60.2376225236812,60.2387746214113,60.2386929949837,60.2386601432652,60.2376329645772,60.2386047587672
14.4646428533415,238.929067318789,692.681566554564,659.990857636049,646.877387813679,510.105647640622,633.332316016654,517.164457602546,529.975867472741,808.866302269497,941.716666056425,171.855092360872,150.544549287895,133.837701385886,39.6519835702678,138.27461199027,217.885933417532,185.02063902988,13.099232658523,39.7624188519004,222.441646052132,1.02784031939335,1.02138259150833,0.99621921428307,0.961940525975773,0.960965937180041,0.961870017983794,0.956020623588003,0.956887609889318,1.02104105422428,0.967712617250636,0.964616535216232,0.947212998063058,0.966201349327615,0.967066582970247,0.975031950765643,0.993014490990031,0.996963745781362,0.995278268650157,0.992250402546912,0.989300124055731,0.99956523741668,1.02474591875131,1.02345839646655,1.00128511412121,1.02911496288353,1.02086615406085,1.00379948245603,1.0215376462179,1.02274823166466,1.05017180378815,0.983172813154484,0.985559212808188,0.99817701743859,1.01432569782062,1.0507670739533,1.06470342858394,1.02820094344132,1.02772081370619,1.03028020475451,60.2381295443371,60.2395838718805,60.2393156683588,60.2375017476128,60.236606199606,60.2378212462171,60.2377538051707,60.2380033798567,60.2369208572989,60.2386968779294
14.5365322904627,238.880097753597,692.913055774256,660.207713961157,646.743121404881,509.856408447779,633.243651825813,517.078643766794,529.930707442841,808.611425693272,942.54884033914,171.782115264423,150.486838316761,133.799755537119,39.5891969765188,138.356380059324,217.838627836601,184.971612726869,13.0754809487872,39.7683256839304,222.281796433778,1.02787063538342,1.02142019039212,0.996250216611882,0.961949463319813,0.960964488721669,0.961866264808357,0.956020246106694,0.956888729813885,1.02105070639142,0.967707980239102,0.964612447536221,0.947210217833778,0.96619980240636,0.967074782252041,0.975064873802413,0.99305832035381,0.997007053691225,0.995317254558503,0.992310347332175,0.98937290841368,0.999606659555848,1.02478317818126,1.02349538614224,1.00132879021924,1.02913908611591,1.02092129537157,1.00384913220705,1.02161895759989,1.02283494612316,1.05019653702838,0.983143674063393,0.985540829122805,0.998228992329019,1.01441327919516,1.05079834922007,1.06472976804021,1.02822092949788,1.02781190548369,1.03028707948991,60.2375183909308,60.2379341554563,60.237817023481,60.2368148392055,60.2361373821481,60.2370000636785,60.2369346860974,60.2374193137371,60.2367145567772,60.2387434717131
14.6084217275839,238.795572270368,692.809924171659,660.09227149789,646.62777984381,509.713599385022,633.131162831506,516.9693247297,529.877843476391,808.532618039413,944.113982289297,171.668834901074,150.452437583948,133.736026265923,39.5220255849632,138.396298327252,217.769158032649,184.903697380062,13.0390585281718,39.7462389502386,221.900490154516,1.02792219456709,1.02147844856267,0.996313173436098,0.962017121855721,0.961036661307284,0.961938919831273,0.956093383612098,0.95696181921889,1.02110377591426,0.96777631234484,0.964682516687889,0.947277954913876,0.966267835220449,0.96714272168161,0.975133080487948,0.993127427307751,0.997073866501281,0.995382936734962,0.992383323996101,0.989451458870615,0.999671663190502,1.02484178429753,1.02355369235023,1.00139751876151,1.02917990733099,1.02097985962084,1.00391088666639,1.02168366033642,1.02290024945286,1.05023488545489,0.98321371558649,0.98559975935539,0.998293290042792,1.01449859819115,1.05084793079652,1.06477292298692,1.02825513056113,1.02787539226546,1.03030477094332,60.2369815890078,60.236157316257,60.2362685221481,60.2363542414632,60.2360752248628,60.2363745566085,60.2363013051878,60.2369359600513,60.2368164926642,60.2386599178356
14.6803111647051,238.687894920923,692.40030346573,659.689827718363,646.545644923918,509.695307226984,633.017733667112,516.852929737075,529.825050092525,808.635912123722,946.124256949429,171.535491636211,150.451696018638,133.660529815953,39.4604986249527,138.390092526982,217.689425454224,184.829011163677,12.997056425302,39.6997974992021,221.369406398302,1.02798565925315,1.02154705563904,0.996396616940524,0.962130324643256,0.961168110034496,0.962073505481618,0.956225501557456,0.957092371679328,1.02118984788738,0.967903778874831,0.964812632723601,0.94740257733387,0.966391766184402,0.967257086847355,0.975224136018391,0.99320960878344,0.997152364474134,0.995463575120816,0.992457038863855,0.989522934324073,0.999748745531125,1.02491134745619,1.02362303623476,1.00147916726525,1.02923011331218,1.02103187511055,1.00397404371,1.02172117402239,1.02293353910433,1.05028011245106,0.983369292025141,0.985723606495243,0.99835892934714,1.01456811393733,1.05090693849098,1.06482539751133,1.02829758315066,1.02790100807388,1.03032992451925,60.2365571257441,60.2348288257182,60.2351444889432,60.2360701057217,60.2361797718224,60.2359686441639,60.2358849425769,60.2365626696283,60.2369471537844,60.2383826125352
14.7364625389157,238.600017913112,691.961006955032,659.276055488836,646.501301931837,509.746733771714,632.939042410125,516.766561584948,529.787897301472,808.799209458471,947.747546970615,171.431719792537,150.473211551799,133.604465644824,39.4200805835747,138.363021918262,217.628271568858,184.773778060513,12.965466956822,39.6551044983696,220.919416586004,1.0280364375519,1.02160050454853,0.99646542854232,0.96223235653734,0.961289805192979,0.96219872179073,0.956347558380027,0.957212596595619,1.02126689201646,0.968022509156267,0.96493370326479,0.947518204312582,0.966506396584236,0.96736031901175,0.975299407529072,0.993273868391762,0.997213292375426,0.995527648521942,0.992509217014905,0.989569587460047,0.999809024247038,1.02496587484796,1.0236774952789,1.00154301398003,1.02927018136736,1.02106487191506,1.00401893810327,1.02173329164721,1.02294018680093,1.05031539715741,0.983521363547937,0.985842778765989,0.998405754096807,1.01460900125525,1.05095330292262,1.06486737022166,1.02833181729153,1.02789920221295,1.03035143755848,60.2363159854883,60.2343793656453,60.2347763712384,60.2359337831127,60.2362328698501,60.2358006636942,60.2357114329472,60.2363442804391,60.2369179995964,60.2380122916261
14.7812237467083,238.534958322513,691.617329050418,658.963644553066,646.471918323641,509.804297528336,632.885596372885,516.704509341144,529.761953846948,808.938967041778,948.908606802464,171.358756233014,150.497825209913,133.567731051587,39.3937687511596,138.337875481816,217.585512996359,184.736161988972,12.9444659504015,39.6206045197515,220.594339728599,1.02807234465631,1.0216382546021,0.996515261198374,0.962308681629921,0.961381682175982,0.962293453496909,0.956439571581794,0.95730308019667,1.02132395750992,0.968112343308891,0.965025276686179,0.947605570586125,0.966592914456606,0.967437595021541,0.975354121360791,0.993319638165321,0.997256469160549,0.995573437991371,0.99254496412585,0.989600309617986,0.999852036121436,1.02500490318657,1.0237165463231,1.00158852120919,1.0292987998099,1.02108599789344,1.00404949537064,1.02173674075303,1.02293909763473,1.05034039230776,0.983639146028622,0.985934085608461,0.998438024203605,1.01463442827697,1.05098655816376,1.06489793257463,1.02835660209269,1.02789134895225,1.03036702718994,60.236179946776,60.2344553986806,60.2348448353228,60.235863152876,60.2362025954064,60.2357514028283,60.2356604837338,60.2362107187936,60.2367655069325,60.2376231822836
14.825984954501,238.480931159246,691.345287521101,658.728165121956,646.443674304718,509.855178368794,632.843290810772,516.651655724626,529.740437017498,809.05322392784,949.832282312977,171.299524964753,150.522290724564,133.54143408685,39.3726664787953,138.317729431268,217.550546849957,184.706705039255,12.9286448744877,39.5913557266026,220.334266019109,1.02810120613149,1.02166908323434,0.996555988520263,0.962370752033578,0.961456295666814,0.962370418903572,0.956514196881874,0.957376408698802,1.02136983762634,0.96818531434075,0.965099653670148,0.947676539496647,0.966663203301147,0.967500459803239,0.975399017360957,0.99335741059995,0.997292009597865,0.995611017265438,0.992574852094191,0.989626123597009,0.999887650703993,1.02503735856943,1.02374910643653,1.00162612621299,1.02932240375047,1.02110351671708,1.00407472845667,1.02173975662545,1.02293837321152,1.0503608690495,0.983735940327204,0.986008463591276,0.998465155828334,1.01465600598662,1.05101425990347,1.06492390855812,1.02837738578003,1.02788501007621,1.03037952401465,60.2360868504543,60.2348730632847,60.2351899106532,60.2358213289713,60.236099414826,60.2357664800138,60.2356756258015,60.236107040829,60.2365043535533,60.2371637233611
14.8707461622936,238.442471711191,691.189595936073,658.609280374592,646.414902867063,509.882947825687,632.814648116342,516.610434983567,529.724280926786,809.117307466013,950.43602677837,171.258203222884,150.542677041713,133.528027314429,39.3574541987408,138.309405368924,217.525608101458,184.687520374533,12.9192813952444,39.5726134406078,220.162153324968,1.02812098342742,1.02169085020372,0.996583868130596,0.962411133650687,0.961504197726894,0.962419758273023,0.956562087478937,0.957423496836201,1.02139950188925,0.968232047424335,0.965147300046878,0.947722057837314,0.966708345160008,0.967541331790951,0.975429853520565,0.993384352785693,0.997317319172137,0.99563735937315,0.992597794218263,0.989646989009594,0.999913245359578,1.02506087901476,1.02377282688285,1.00165303007901,1.02933918511538,1.02111749884351,1.00409354957854,1.02174521437343,1.02294157988391,1.05037541460737,0.983797998720323,0.986055873117844,0.998486166569936,1.01467487036191,1.05103437267656,1.06494348149111,1.02839261214331,1.02788468377051,1.03038780497709,60.2360258509019,60.2355277313306,60.2357205385217,60.2358076171296,60.2359419148034,60.2358332144366,60.2357429128198,60.2360262557948,60.2361704901001,60.2366526536275
14.9155073700862,238.422835222827,691.175264552928,658.626251338927,646.386891658954,509.878129309591,632.802648590272,516.583103924157,529.714259971603,809.119137035869,950.668445500373,171.237538036251,150.554324501679,133.527991375023,39.3486127220775,138.316189780364,217.511948175268,184.679962113173,12.9169468962536,39.5664045375863,220.095213182464,1.02813006602065,1.02170215584152,0.996596730220952,0.962425689699329,0.961520086844215,0.96243595712785,0.956577917280581,0.957439120170689,1.02140969127228,0.968247348956028,0.965162915586102,0.947737110470974,0.966723417259953,0.96755604026706,0.975444285043555,0.993398846214297,0.997330928259055,0.995650731269949,0.992613210251155,0.9896629703847,0.999927234498623,1.02507396835832,1.0237862234987,1.00166760482905,1.02934807161433,1.0211281278694,1.00410542319174,1.02175503437821,1.02295105333308,1.05038310104481,0.983817856211915,0.986070702839535,0.998500534934301,1.01469179216245,1.05104555029409,1.06495546107136,1.02840130431934,1.02789325170496,1.03039103117673,60.2359830024181,60.2362757306797,60.2363171385418,60.235821548229,60.2357655912662,60.235935965991,60.2358454130157,60.2359601476644,60.2358180218145,60.2361132154752
14.9602685778789,238.42342415934,691.301913188467,658.774549879346,646.36339541957,509.839414673405,632.810491595452,516.571726695628,529.711119270587,809.059859230516,950.514882501511,171.238941821439,150.555476652002,133.540675006844,39.3470580464605,138.338227086148,217.510199873046,184.684856206944,12.9217238125094,39.5737838429589,220.137521492843,1.02812788347729,1.02170227161758,0.996593742321011,0.962413483274525,0.961502926580683,0.962417950794226,0.956560659113894,0.957422270781316,1.02139978337176,0.968230236045031,0.965145490865009,0.947720730108645,0.966707456993736,0.967543646796922,0.975441375013688,0.993399948279387,0.997331960335497,0.995650268541479,0.992620240218702,0.989673264939138,0.999928641497075,1.02507566649129,1.02378834681366,1.00166888484146,1.02934853631228,1.02113477363856,1.00410961229172,1.02176871130687,1.02296634541463,1.05038344606005,0.98379399636345,0.986051962553326,0.998507506524827,1.0147060171081,1.05104689797688,1.06495906677895,1.02840293043746,1.02791041825694,1.03038900743248,60.2359424937795,60.2369591376027,60.2368523039151,60.2358597112704,60.2356130421404,60.2360558597076,60.2359634779908,60.2358994213938,60.2355066619975,60.2355708738323
15.0050297856715,238.443813890722,691.544489733803,659.027544510699,646.349802793158,509.77427747846,632.84112025037,516.578020746156,529.71543601032,808.954346640999,949.998047659507,171.262280105442,150.546686849566,133.564154388511,39.3537986480837,138.372055477324,217.520223412975,184.702317281564,12.9331497263638,39.5939178673244,220.281628561057,1.02811478236477,1.02169123716005,0.996575601321508,0.962377017279663,0.96145617417952,0.962369369237525,0.956513761818716,0.957376303032963,1.02137166310806,0.968184172665872,0.965098544894505,0.947676234609758,0.96666370735517,0.967506708620496,0.97542188421868,0.993387663013388,0.9973203847839,0.995636208342699,0.992618003671205,0.989676452153781,0.999917347324245,1.02506577201747,1.0237790005041,1.00165683301881,1.02934069937971,1.02113624693653,1.00410543319869,1.02178359601558,1.02298448806971,1.0503764682915,0.983731385635547,0.98600347206683,0.998506309082943,1.01471549081298,1.05103816751819,1.06495408952773,1.02839749570193,1.02793289823088,1.03038210311004,60.2358881639772,60.237433961756,60.2372127452777,60.2359133488258,60.2355229885137,60.2361708867101,60.2360751418904,60.2358338608942,60.235288510173,60.2350508248938
15.0601900779062,238.492105173934,691.932469000549,659.415505715701,646.354880302993,509.681069150499,632.912579004805,516.611324719334,529.731305662294,808.801040033475,948.952414539847,171.318313522161,150.52634681417,133.603234219037,39.3745702758254,138.419637677334,217.547147196566,184.739808743572,12.9547714229596,39.6316106194368,220.57087876762,1.02808562384397,1.02166373557784,0.996535909605169,0.96230755122617,0.961369591343056,0.96227972539215,0.956426886396074,0.957290981090042,1.02131843044507,0.968099237640728,0.9650119445684,0.947593939804495,0.96658255906348,0.967436427048104,0.975378943659476,0.993355848615466,0.997290307573802,0.99560244249876,0.992601585555016,0.989668063908903,0.999887394236465,1.02503878790981,1.0237528499352,1.00162530189053,1.02932094583418,1.02112878528155,1.00408821865321,1.02179713356252,1.02300331325387,1.05035873544841,0.983617894713244,0.985915431028955,0.998492779189822,1.01471622231748,1.05101444116381,1.06493691107856,1.02838205633524,1.02795932135042,1.03036827738044,60.2357797551207,60.2375805792853,60.237300810358,60.2359765617284,60.2355313918447,60.2362684418009,60.2361678069235,60.235729901335,60.2351926187328,60.2344743658351
15.115350370141,238.558553981784,692.322747628549,659.799811624516,646.389640726926,509.605344760712,633.019312566638,516.67143730635,529.757927108388,808.673182631675,947.600364404136,171.39947328953,150.505248039787,133.648593434659,39.4099555173097,138.460620814128,217.587890475278,184.792383169673,12.9827994040312,39.6786937590627,220.93734517975,1.02804567143967,1.0216233413671,0.996482182692227,0.962223249369663,0.961267307650948,0.962174216072842,0.956324243404985,0.95718998404308,1.02125431919261,0.967999245282386,0.964909970447853,0.94749676741716,0.966486452743442,0.967351191607265,0.975320619833069,0.993308325507733,0.997245129613504,0.995553903991769,0.99256906963502,0.989642754351133,0.999842176422442,1.0249976071273,1.02371263862696,1.00157800115999,1.02929197130718,1.02110806604895,1.00405700989678,1.02179626171751,1.02300774504529,1.05033253007314,0.983487425361517,0.985813602259358,0.998465009499329,1.01469891727878,1.05097820784481,1.06490898781726,1.02835850115717,1.02797222993808,1.03035082472334,60.2356064120701,60.2371854028582,60.2369545803306,60.2360006615148,60.235666494713,60.236275750105,60.2361715218984,60.2355827423124,60.2352844364071,60.233996904524
15.1586501327957,238.616710095849,692.568003535335,660.042594143311,646.439062706427,509.580735502156,633.123771827253,516.734629297628,529.785116255683,808.626441954406,946.439587861678,171.474941757593,150.491649068659,133.683448646403,39.4465500181141,138.477718596416,217.626199984412,184.84072490311,13.0069507310995,39.7144031960174,221.246493940772,1.0280096437947,1.02158556169103,0.996435383605476,0.962157060288895,0.96118921047863,0.96209403814011,0.956245688297903,0.957112429553138,1.02120347068528,0.96792323404768,0.964832423454678,0.947422665773848,0.966412940483912,0.967284374839431,0.975269926075021,0.993263876002543,0.997202652932592,0.995509641201111,0.992533574805749,0.989610826811311,0.999799519508095,1.02495846408525,1.02367430876701,1.00153362107866,1.02926526966391,1.02108240052904,1.00402419310462,1.02178145908083,1.02299615006743,1.05030797212819,0.983392166616484,0.985737752111159,0.998434336056957,1.01467076328059,1.05094366998271,1.06488176080387,1.0283363519208,1.02796660092708,1.03033618383775,60.2354163352891,60.236526501501,60.2364047065772,60.2359644631762,60.2358293718246,60.2361923243223,60.2360875268289,60.2354261163339,60.2354514783147,60.2337036061303
15.2019498954505,238.674040657315,692.713706998883,660.194775710448,646.505079124639,509.600613354705,633.239098405105,516.807018695733,529.815811858792,808.646921142784,945.295498533221,171.555887633405,150.488355946993,133.715919197454,39.4899187160159,138.476410562128,217.667853329601,184.892254315864,13.0317087162455,39.7473372461354,221.541171927022,1.02797265977595,1.02154483651583,0.996388069963169,0.962097702528113,0.961121897603887,0.9620253693894,0.956177907332478,0.957045278775123,1.02115810469912,0.967858003017099,0.964765875466312,0.947358786038652,0.966349260876048,0.967224494649347,0.975218632282979,0.993215647034836,0.99715627464644,0.995462710325697,0.992489938974829,0.989567775465548,0.999753052043631,1.02491566817861,1.02363232003011,1.00148539399003,1.02923670094936,1.02104779559084,1.00398466357819,1.02175054718591,1.02296690651721,1.05028147018777,0.983314963258613,0.985674667019698,0.998396363752173,1.01462800234806,1.05090588276697,1.06485151067976,1.02831237998134,1.02794185305882,1.03032232027,60.2351766460114,60.235651027507,60.2356804660741,60.2358563341405,60.2359895559319,60.2360134611757,60.2359106497477,60.2352261655929,60.2356412551549,60.2334850840634
15.2452496581052,238.724751027712,692.741506616878,660.241195553705,646.582707097935,509.670507246363,633.356700386643,516.882511616308,529.847644598188,808.742575512411,944.250243583004,171.636775712692,150.495664813436,133.743125161592,39.5370598535091,138.45339284341,217.709718913299,184.943130318775,13.055303036426,39.7724321790078,221.80147893175,1.02793706329757,1.0215040090523,0.996344039461331,0.962050777032482,0.961071995596736,0.961975058658531,0.956127455133684,0.956994932539818,1.02112192062229,0.967810027068541,0.964716931035358,0.947311442628839,0.966301680014122,0.967177238674287,0.975171005379412,0.993167297026193,0.997109462899726,0.995416716629877,0.992440983197758,0.989516020141577,0.999706276527646,1.024872427076,1.02358982878313,1.00143697280438,1.0292084211105,1.02100628980245,1.00394107371506,1.02170451810255,1.02292068281408,1.05025490375796,0.983264841660367,0.985630819020006,0.998353523755631,1.0145726065586,1.05086765107689,1.06482051280158,1.02828840960673,1.02789804697175,1.03031018752174,60.2348904593033,60.234676442874,60.2348712943892,60.2356604392266,60.2360875585597,60.2357323523732,60.2356337793905,60.2349797797676,60.2357856979945,60.2333375915822
15.28854942076,238.764297181371,692.652158261238,660.183757907286,646.66477576941,509.786538550151,633.466609862427,516.953790026875,529.877812490839,808.906421144959,943.370217942752,171.712581034591,150.514775334074,133.764267545797,39.5849256966067,138.410112447274,217.74909899552,184.989751599049,13.0765018599985,39.7885025953697,222.010138946364,1.02790521784745,1.02146561188654,0.99630589999465,0.962018881822132,0.961042243647071,0.961945852441511,0.956097147511309,0.956964228623948,1.02109716615572,0.967781874616108,0.964688229566562,0.947283181049179,0.966272749285029,0.967145190001825,0.975129822878762,0.993121741507265,0.997065012501323,0.995374399507946,0.992389598481772,0.989458558853538,0.999662124468797,1.02483151776428,1.0235495622091,1.00139131702293,1.02918210111234,1.02096025395432,1.00389596540816,1.02164593026857,1.02286003607628,1.05022992859594,0.983244437444437,0.985608518924922,0.998308324755234,1.01450773397066,1.05083146406023,1.06479074776564,1.02826591525332,1.02783758478779,1.03030059026582,60.2345648950683,60.2337296738885,60.2340731789284,60.2353679849919,60.2360628577913,60.2353511885969,60.2352582316075,60.2346873854706,60.2358162019472,60.2332525494936
15.3318491834147,238.789194070751,692.466562730661,660.041433596406,646.743428776864,509.936657760363,633.559171763444,517.013364449291,529.903552183375,809.119865488732,942.701846949587,171.778511156402,150.543738286871,133.778922354873,39.62982054125,138.351140359522,217.783274502047,185.028648803814,13.094152295826,39.7950496132114,222.157855890042,1.02787901708084,1.02143209820736,0.996275672787753,0.962002537816731,0.961032446479198,0.96193741177191,0.956086839382498,0.956953109945194,1.02108432059402,0.967773233302488,0.96467946409637,0.947273787486638,0.966262342031865,0.967128842478658,0.975097249968752,0.993081878401733,0.997025768928742,0.995338315078602,0.992339511615282,0.989399798906707,0.999623502289482,1.02479568885738,1.02351422961782,1.00135136748116,1.0291593318755,1.02091327500415,1.00385258662987,1.02157998047763,1.02279046757324,1.05020815661373,0.983251950538526,0.985606831597719,0.998264024247621,1.01443859609134,1.05079976896832,1.06476421033055,1.02824630564128,1.02776612092522,1.03029393628911,60.2342102210028,60.2329264137209,60.2333732503491,60.2349788369105,60.2358650289815,60.2348817045549,60.2347945919211,60.2343532168568,60.2356762596681,60.2332177061646
15.3852539983842,238.797149436986,692.162463003114,659.798674922309,646.823529970555,510.138491519146,633.636953728421,517.060435192045,529.925197163602,809.406454731933,942.203992393679,171.840474402667,150.587447242647,133.788786710492,39.6754980493296,138.268904810194,217.814941567354,185.061861334417,13.1099155454797,39.7921008999599,222.254140992108,1.02785640194697,1.02140046241013,0.996250753975636,0.96200088224927,0.961042679524954,0.961949992302161,0.956096602312661,0.95696156281836,1.02108290670179,0.96778419573552,0.964690764185645,0.947283252209975,0.966270307440679,0.967127300050795,0.975070435985152,0.993044009578405,0.996988032906836,0.995305154753034,0.992285483112769,0.989333328316467,0.999586984987021,1.02476182805114,1.0234807442138,1.00131347696566,1.02913789165543,1.02086029487976,1.00380649480362,1.02149914753268,1.02270395798033,1.05018766403667,0.983289696470611,0.985626602164734,0.998215875250235,1.01435738487617,1.05076982314296,1.06473839152581,1.02822769437058,1.02767525808125,1.03028979413507,60.2337517718598,60.2322561867862,60.2327386303917,60.2343810618049,60.2353403448086,60.2342138142419,60.2341327370755,60.2338963128036,60.2352220166226,60.233221294997
15.4386588133536,238.780832308226,691.853430913655,659.548200043849,646.874467790238,510.320394373797,633.667555506802,517.071561692533,529.933114638452,809.66415076963,942.069584245465,171.874494732389,150.629218402633,133.789370465313,39.7039258865187,138.190914261995,217.830772154806,185.0750545977,13.1171935246719,39.778080855535,222.259702964174,1.02784626399283,1.02138291854125,0.996240986626516,0.962015324013004,0.961070058945407,0.961979867277495,0.956123710537673,0.95698732669092,1.02109397628711,0.967811506456997,0.964718791979205,0.947308878605763,0.966294494901928,0.967141915345161,0.975059934484429,0.993022659742426,0.996966285233642,0.995287760394692,0.992247482203187,0.989283454781408,0.999566655419359,1.02474299247907,1.02346202542382,1.00129221498521,1.02912613247847,1.02082114904137,1.00377510024508,1.02143316628812,1.02263221131632,1.05017638300334,0.98334512295177,0.985661137605261,0.998181513911115,1.0142935192496,1.05075309352846,1.06472307013133,1.02821726406576,1.02759806401551,1.03028988303806,60.2332919028442,60.2319892617594,60.2323973296178,60.2336852476924,60.2345099401683,60.2334951858199,60.2334182594457,60.2334093095245,60.2344609417979,60.233250002129
15.5092807955718,238.728609147979,691.57099031288,659.318443922851,646.881615811509,510.457864801736,633.633686228736,517.027864702351,529.919287898153,809.859659722078,942.391753308775,171.874747127879,150.66828894349,133.780603996617,39.7090302622459,138.125606866497,217.826571164613,185.06218133817,13.1147155776044,39.7559923578043,222.160776829176,1.0278513591313,1.02138252427315,0.996248298329268,0.962045102363741,0.961112684348503,0.962024868694176,0.956166482326681,0.957028937172806,1.0211178035488,0.967852983500947,0.964761397138248,0.947348673058095,0.966332998230053,0.967171764701104,0.975067537860525,0.993020890327581,0.996963569827927,0.995288775536995,0.992229762870799,0.989255486641338,0.999565694552925,1.02474216989623,1.02346102808887,1.00129074398997,1.02912543797125,1.0208001061762,1.00376211355015,1.02138895887169,1.02258271951291,1.05017639457844,0.983413126136529,0.985707309409398,0.99816443321759,1.01425351928521,1.05075209248311,1.06472007894933,1.02821627560369,1.02754252570634,1.03029473197142,60.2327194529555,60.2321522021533,60.2323322143337,60.2327037837806,60.233073440189,60.232569197635,60.2324958843804,60.2327641880956,60.2331223501841,60.2332776094854
15.5993446706687,238.635301735405,691.551302655546,659.306415738716,646.789636230614,510.393745278341,633.503412176148,516.901215816811,529.867765841136,809.785186736215,943.436049957924,171.802236142475,150.667542840743,133.753932454256,39.6586515735864,138.133301738287,217.779569760185,185.003776647572,13.0914523104899,39.7303390996336,221.912754549672,1.02788528923432,1.02141941989,0.996287145479952,0.962086088729605,0.961156777415037,0.962069334283714,0.956211408153037,0.957073906645336,1.02115116705122,0.967894225765786,0.964803891483012,0.947389562205353,0.966373872749646,0.967212491347267,0.975108489112343,0.993062362950846,0.997003877105204,0.995328781576009,0.992268679646964,0.989295389210855,0.999606358272182,1.02477954763459,1.0234979164813,1.00133258910727,1.02914955213744,1.02083430652241,1.00379877069481,1.02142535011116,1.02261882624126,1.05020082075538,0.983458747723391,0.985743568728596,0.998196833748022,1.01429457332972,1.05078402386222,1.06474513463092,1.0282365031305,1.02757584276905,1.03030614993532,60.2320948599133,60.2326944546828,60.2325313847503,60.2315431475173,60.2311322023277,60.2315922061673,60.2315242161124,60.2320222068602,60.2313318320667,60.2332196706607
15.6894085457657,238.540022867701,691.864749432836,659.575139066178,646.609613187898,510.080365510147,633.338611567151,516.745398530289,529.793284215628,809.393117794892,944.914691014034,171.671636134716,150.613633455906,133.713981791276,39.5610426953624,138.240133237973,217.700510863292,184.920931588398,13.0530493453462,39.7192079156757,221.594902487554,1.02793966833687,1.02148667207523,0.996347795794145,0.962121322886188,0.961180958786168,0.962091092222548,0.956236917491677,0.957101008163048,1.02118039702209,0.967914573444666,0.964825089326681,0.947411504328202,0.966397452726233,0.967247096462215,0.975172467476215,0.993139596740157,0.99708034527453,0.995399772431848,0.992363970736706,0.989406896396651,0.999680186851794,1.02484679215029,1.02356471536594,1.00140981977964,1.02919415915074,1.02092445962513,1.00388248458549,1.0215509378539,1.02275119549255,1.05024509819069,0.983452414740653,0.985748343631285,0.998279565882419,1.01442510441614,1.05084131251321,1.06479404973181,1.02827452034564,1.02771184816927,1.03032036191621,60.2316092384425,60.2329018372903,60.2325467858552,60.2306959101295,60.2296762823018,60.2309612094717,60.2309006511,60.2314465080005,60.2300528325675,60.2329902035345
15.7613129967666,238.479773424007,692.198156467644,659.866666280713,646.441669396633,509.740348029811,633.232294117436,516.640102040358,529.733692787606,808.98806794928,946.209761622791,171.545835563827,150.548784202997,133.672500261148,39.4690697693951,138.363495634077,217.625383443093,184.853307640353,13.0163637418565,39.7167144402479,221.310831414922,1.02799052085671,1.02155172415371,0.996405493203444,0.962150609008063,0.961197072716234,0.962104414962064,0.956254117943425,0.957119898650534,1.02120409569659,0.967927210577436,0.964838317655301,0.947426028330632,0.966413875264006,0.967275874445691,0.975233615537835,0.993215190343611,0.997155463544601,0.995468791311809,0.992462298984179,0.989523985854669,0.999751190037281,1.02491093753331,1.02362874046329,1.00148496736189,1.02923862358311,1.02101719124277,1.00396705147309,1.02168310609652,1.02289120407186,1.05028781016031,0.983434220774943,0.985744474389515,0.998366067742569,1.01456426787233,1.05089563673273,1.06484290110439,1.02831252585412,1.02785718265267,1.03033309679261,60.2313122866601,60.2324825565651,60.2321751765637,60.2303422195697,60.2291944564556,60.2307156203311,60.2306595652375,60.2311305011318,60.2297052206012,60.2326565548157
15.8332174477676,238.436547429294,692.416400403462,660.07007824754,646.293339338458,509.437847738209,633.171943755712,516.571194670473,529.68539164551,808.664699589968,947.434619725242,171.43005535543,150.493195959178,133.628560363458,39.38922546604,138.476729319211,217.557742928902,184.799851025875,12.9834509370201,39.7167474424926,221.032813428906,1.02803769772843,1.02161218827434,0.996461488484988,0.962185772096557,0.961222886769674,0.962128211507637,0.956280757679089,0.957147731306276,1.02123128386666,0.967949690494311,0.964861549075044,0.94744985873124,0.966439259146939,0.967310779125364,0.975293578154569,0.993286555749488,0.997226007370377,0.995534231722944,0.992554826709934,0.989633485642682,0.99981718128784,1.02497007749781,1.02368800839594,1.00155555102582,1.02928104507946,1.0211007664901,1.00404448708222,1.02179938791463,1.02301403279471,1.05032761340994,0.983434098937383,0.985752424954478,0.998448365913358,1.01469388196238,1.05094541681837,1.06488949157823,1.02834906073694,1.02798460607272,1.03034571019221,60.2310734180384,60.2315621865421,60.2314613095307,60.2302806793195,60.229384342626,60.2306438169705,60.230585737104,60.2309298822426,60.2299781451953,60.232186236271
15.9051218987686,238.409000132209,692.408470717404,660.089523085686,646.199312567167,509.267345468535,633.16090380077,516.53948819294,529.656322903476,808.54264150456,948.435068079952,171.343718459696,150.466763551579,133.588085948159,39.3386062708724,138.543302149824,217.507594067572,184.766717136663,12.9596258619642,39.712143430577,220.782177590873,1.02807444582577,1.02165780260695,0.996508756588307,0.962229643437851,0.961266222883282,0.962171299659459,0.956324457795381,0.957191566637594,1.02126390107057,0.96799028355217,0.964903166268446,0.947490544632568,0.966480597573984,0.967354858225549,0.97534519771001,0.99334203993465,0.997279978636637,0.995585899882713,0.992622210784766,0.989710412401684,0.999867752840028,1.02501511099974,1.02373338707189,1.00161018060989,1.02931468498209,1.02115543567499,1.00409851647709,1.02186744901966,1.02308462953089,1.0503577771959,0.983471306980306,0.985784377191636,0.998509288111079,1.01478237436349,1.05098311358486,1.06492652446265,1.02837836084618,1.02805646415165,1.03035740181013,60.2308710234093,60.2304452892498,60.2306094038399,60.2304394758446,60.2300689635336,60.2306706562663,60.2306014043672,60.2308102085295,60.2306503931189,60.2315951871295
15.9614497706609,238.394755827595,692.234872817136,659.964192475966,646.176661043752,509.257658170708,633.179305332097,516.533575149091,529.649051179535,808.618321504509,948.963336645896,171.3068827046,150.472871465475,133.564442024549,39.3260497559523,138.55054908315,217.485662365249,184.756673840798,12.9503943892813,39.7038109485039,220.628426558005,1.02809200626791,1.02167783453197,0.996534670958638,0.962266738164705,0.961309809623985,0.962216093465303,0.956367964751471,0.957234355768534,1.02129079260828,0.968032473916286,0.964946266639213,0.947531803813103,0.966521601259515,0.967392469335266,0.975374475122528,0.993368149340672,0.997304385839468,0.995610915269254,0.992648675165037,0.989737312377153,0.99989122053391,1.02503594534321,1.02375459618758,1.00163578813042,1.02933100184241,1.02117012430587,1.0041173095776,1.02187566474754,1.02309129289297,1.05037121992517,0.983526131561448,0.985825382643733,0.998534171521537,1.01481016969485,1.05100045917431,1.06494494108502,1.02839296182333,1.02806112253654,1.03036483994812,60.230726939889,60.2296918576171,60.2300261441623,60.2306428022137,60.2307519705246,60.2307156015844,60.2306330379253,60.2307439968582,60.231238068508,60.2310671425485
16.0177776425532,238.385869422597,691.963680041321,659.752812866659,646.199641398202,509.352642698617,633.211804430698,516.536238622064,529.654601216077,808.824046298249,949.185157855854,171.302002207074,150.50024864744,133.552907817889,39.3381157965333,138.519624813327,217.480968789608,184.760378304913,12.9510658823716,39.6927142345455,220.538778823558,1.02809714974683,1.02168141500683,0.996546819087355,0.962299150677343,0.961353045371333,0.96226145023816,0.956410815455837,0.95727594357571,1.02131362342355,0.968075247158103,0.964989847065989,0.947572997349297,0.966561978251889,0.967425632754985,0.97538951463368,0.99337566476056,0.997309943507722,0.995618882843053,0.992649127536887,0.98973231668148,0.999897767729154,1.02504182652513,1.02376090794075,1.00164311792539,1.02933620342217,1.0211590070591,1.00411346025266,1.021845070147,1.02305646395581,1.0503739510637,0.983591658812258,0.985871846688466,0.998536203748624,1.01479918956726,1.05100526179067,1.06495198106498,1.02839827750679,1.02802212989389,1.030369454349,60.2305885075214,60.2292456276181,60.2296618740072,60.2308382466978,60.231362538159,60.2307522539674,60.2306567783949,60.2306750262251,60.2316773318795,60.2305070754301
16.0741055144454,238.382885081306,691.673615245433,659.520234674907,646.259535912137,509.522528785155,633.252065707789,516.543284253085,529.670943505485,809.106165020466,949.047221052686,171.329034089744,150.541841466921,133.556895042372,39.3711627497168,138.461240480881,217.493290750938,184.777154416921,12.9615931843478,39.6824402762076,220.533166772131,1.0280892322994,1.02166854599977,0.996542820152387,0.962318559957159,0.961384444800146,0.962295262457597,0.956441641040184,0.957305332029492,1.02132659401001,0.968107211938598,0.965022294387518,0.947603188836996,0.96659105259368,0.967445841911465,0.975387333982263,0.993363925227885,0.997296392336095,0.995608769465145,0.992625560121517,0.989699280221971,0.99988689607773,1.02503233252946,1.02375188920849,1.00163156103682,1.02932980202994,1.0211262746789,1.00408920886932,1.02178527581628,1.02299094757563,1.05036596285721,0.983649865517661,0.985911191366867,0.9985169191321,1.01475539255427,1.05099711819178,1.06494712435452,1.02839384822535,1.02795151811012,1.03037021560491,60.2304499278594,60.2291888284734,60.2295809365476,60.230964011693,60.2317514933472,60.2307649646593,60.2306615532209,60.2305821386223,60.2318367521373,60.2299431923248
16.1304333863377,238.388500623435,691.449601737299,659.339423549857,646.341217770147,509.722809235979,633.29773297365,516.554629921584,529.694659463422,809.394701589812,948.528305556624,171.384949112684,150.587546924685,133.577799518689,39.4190993307902,138.392275180671,217.520617465774,184.805952599375,12.9811657875702,39.6784852647495,220.62854450012,1.02806843824853,1.02164073111735,0.996521586889166,0.962317097059939,0.961392568784971,0.962305399698906,0.956449102451104,0.957311574125493,1.02132400086969,0.968116901133373,0.965031944569847,0.947611440370048,0.966598197805477,0.967445019096424,0.975366347054272,0.99333410475703,0.997265348001109,0.995581200020441,0.992582832810911,0.989645688573233,0.999859633501127,1.02500831151103,1.02372839643782,1.00160226167619,1.02931226660366,1.02107894256543,1.0040491944056,1.02171048122381,1.02291053077968,1.05034819301579,0.983682019669877,0.985930169068448,0.998480413192592,1.01468927245999,1.05097663590702,1.06493097511696,1.02838003214165,1.02786671303145,1.03036619741333,60.2303038265341,60.229489023527,60.2297656974934,60.2309763018467,60.231830481252,60.2307433259315,60.2306399240664,60.2304489814508,60.2316609626862,60.2294068487076
16.1867612582299,238.405774816375,691.358151492598,659.271164729577,646.42807150304,509.907214664933,633.351371326803,516.574296442757,529.722373930677,809.623873940617,947.652456303119,171.462960130851,150.627085395248,133.613833510063,39.4742294977335,138.329731401061,217.559309309443,184.845263795701,13.0074656724385,39.6848473951458,220.826717808353,1.02803671302672,1.02160147152295,0.996484523148294,0.962290370089009,0.961370040845433,0.962283896658532,0.956425916929395,0.957287718358836,1.02130270434919,0.968096718348578,0.965011105712859,0.947590616949414,0.966576566283947,0.967418577448974,0.975327620942508,0.993289689735404,0.997220717590397,0.995539173780342,0.99252817859112,0.98958149933783,0.999818908131847,1.02497217114444,1.0236928561135,1.00155856459144,1.02928573093868,1.02102582343402,1.00400005506934,1.02163642296963,1.02283245234285,1.05032289722568,0.983674426245902,0.985919119154045,0.99843294215799,1.01461391545245,1.0509456671733,1.06490542389179,1.02835853369419,1.02778642493788,1.0303572149316,60.2301399808843,60.2300072728977,60.2301184824384,60.2308551933572,60.2315858377511,60.2306769904106,60.2305815674524,60.230265240652,60.231178919687,60.2289292758816
16.2632414889001,238.450606179252,691.485407851891,659.403355784475,646.529216431219,510.068210979278,633.445417266332,516.623386109186,529.760176474389,809.764589864692,946.049502868419,171.587350770307,150.658407975062,133.677997795104,39.5472468160386,138.278363973651,217.621457777666,184.910899339401,13.0482353273868,39.713546072861,221.228923676437,1.02798240196487,1.02153855687661,0.996416115521657,0.962216096848422,0.96129059919481,0.962203794365605,0.956345712061496,0.957207745235912,1.02124577551699,0.968021009479468,0.964933639859355,0.947515711476398,0.96650131958127,0.967343920736854,0.975253969326533,0.993215610096401,0.997148307237646,0.995467947044042,0.99244908005294,0.989495146845477,0.99975024382017,1.0249105788928,1.02363220539415,1.00148542096061,1.02924123941944,1.02095895908301,1.00393117863682,1.02155951728942,1.02275433834517,1.0502821400811,0.983595254664308,0.985852495264101,0.998363425740532,1.01451872422999,1.05089236789899,1.06486105894872,1.02832190123637,1.02771031582821,1.03033844151763,60.2298652171796,60.2306714761971,60.2305761678912,60.2304887588479,60.2308539248609,60.2304867067126,60.230408718605,60.2299286187606,60.2302313470177,60.2284228660356
16.3215102566165,238.499621632229,691.747139814969,659.659184054835,646.584643457104,510.103323887875,633.537732773279,516.681424133695,529.786201196998,809.731789630207,944.672000693695,171.682659667755,150.661132758962,133.729362238725,39.5938593111111,138.270566646102,217.669512486527,184.965577350796,13.0782414395662,39.7472256446465,221.593203676634,1.02793828157374,1.02149028195891,0.996357983088754,0.962139337831523,0.961202364399594,0.962113608453861,0.956257011912789,0.957120017241458,1.02118749792484,0.967935469663368,0.964846352524564,0.947431991454011,0.966417938509316,0.967266293353867,0.975190077406273,0.993156793013283,0.997092200908001,0.995410873463943,0.992394162057677,0.989440051337586,0.999694818470249,1.02486017547749,1.02358259455667,1.00142703607041,1.02920620261184,1.02091980342287,1.00388491290392,1.02152795556796,1.02272526652926,1.05025074588587,0.98349276428963,0.985770009900745,0.998314670043529,1.01446291374819,1.05084820260458,1.0648245170252,1.02829265681326,1.02768646423734,1.03032119680608,60.2295996039057,60.2308902472497,60.2307075308802,60.2300804406868,60.2301176999937,60.230239615782,60.2301741754007,60.2296071609898,60.229452630083,60.2281672028207
16.3797790243328,238.554922607532,692.072371202488,659.984042474489,646.619883042848,510.069162796412,633.644997372442,516.75361809654,529.807234845802,809.608206983322,943.36454471555,171.76636772599,150.649938006609,133.773985553448,39.6285806761178,138.286794846786,217.712336786691,185.018255508997,13.1034464584129,39.7868205027018,221.948297158125,1.02789801625027,1.02144791812341,0.996303142807129,0.962058861350662,0.961106967236865,0.962015545019935,0.956161320694941,0.95702571836723,1.02112690578977,0.967842094315874,0.964751253013823,0.947341054681122,0.966327664495311,0.967184576858684,0.975128802423893,0.993103489430738,0.997042371053905,0.995359000896309,0.992349855610783,0.989399467613523,0.999643621928328,1.02481293641575,1.0235361480158,1.00137379530374,1.02917489906935,1.02089367730178,1.003848672562,1.02151904052983,1.02272093189607,1.05022312671299,0.983375423687106,0.985676327199593,0.998274982487892,1.01442606079634,1.05080628993164,1.06479019839268,1.02826621517945,1.02768940555983,1.03030425494237,60.2292736722919,60.2306777597766,60.2304975976656,60.2295957335474,60.2293705298086,60.229879053045,60.229820426074,60.2292370757263,60.2287851566843,60.2280288067767
16.4380477920492,238.606239792557,692.369445567623,660.294400690025,646.639059334849,509.992987540625,633.755446212996,516.828641311139,529.821452792765,809.450146492333,942.311836670813,171.830255614052,150.631045582866,133.804744666936,39.6503919207591,138.316104922594,217.745431947313,185.062431712628,13.1213786699253,39.824908206708,222.242835630578,1.02786618230583,1.02141570208932,0.996258983428767,0.96198937187305,0.961023152621542,0.961929121366166,0.956077325371464,0.956943096858774,1.02107468172876,0.96775935131504,0.964667164018384,0.947260758022962,0.966248072823803,0.967113749700143,0.975078701310891,0.993061618232825,0.997004012718519,0.995318347000953,0.992318805786895,0.989374091523973,0.999602387566972,1.02477418664757,1.02349809609853,1.00133162883333,1.02915071994423,1.02087961291869,1.00382416309521,1.02152556306239,1.0227326639613,1.05020209897757,0.983269506245565,0.985590923946666,0.99824684429035,1.01440669014707,1.05077139226121,1.06476190753972,1.02824547635339,1.02770868854123,1.03029011386557,60.2288866624425,60.2300076393773,60.2299107896653,60.229063384699,60.22870814743,60.2293935923842,60.2293346343154,60.2288294164419,60.228311122682,60.2279934642701
16.4963165597656,238.642523287676,692.555569637183,660.509606061085,646.64750004351,509.910532958973,633.851646863657,516.890948296872,529.828024826858,809.320076711728,941.668688412406,171.867613601183,150.612980932363,133.817097972157,39.6594887672803,138.344173329666,217.765049555596,185.091641783135,13.1300543492553,39.8531620543714,222.426620627081,1.02784709604592,1.02139703136042,0.99623185998079,0.961944274574939,0.96096818828681,0.961872317710622,0.956022308124369,0.956889064143344,1.02104103941091,0.967704379490515,0.96461150991785,0.947207623505838,0.966195415500345,0.967067499704439,0.975047165968872,0.993035972352134,0.996981170492129,0.99529383053891,0.992302061007491,0.98936262419255,0.999576050273545,1.02474868887103,1.02347310334569,1.00130544073296,1.02913651059591,1.02087516454903,1.00381176155666,1.02153801945592,1.02274931305412,1.05018992338546,0.983198981605636,0.985532313629718,0.998231301104029,1.01440086342016,1.05074787556666,1.06474301300345,1.0282329000876,1.02773117698654,1.03028124661316,60.2284489637723,60.2289802315036,60.229013203555,60.2285048876406,60.2281733171497,60.2287909503484,60.228726547459,60.2283977638597,60.2280374573505,60.2280321032328
16.554585327482,238.653624336895,692.580823674314,660.574674088147,646.647553277991,509.852950093552,633.913537097469,516.924144555647,529.826112271066,809.265885819006,941.53054221569,171.875506661007,150.602517359113,133.810127386414,39.6569019891177,138.359245341105,217.768911966506,185.100888084362,13.1290619383881,39.8654889392835,222.470216027744,1.02784301890085,1.0213933820567,0.996225318727369,0.961932038675909,0.960953178545975,0.961856737783522,0.956007369021872,0.956874456320523,1.02103234913522,0.967688380441267,0.964595629383446,0.947192393390464,0.966180249905052,0.967054549208741,0.975038575585817,0.993029132597828,0.996975774257922,0.995287988874636,0.992299191799956,0.989362649541138,0.999567639947035,1.02473958848435,1.02346423511447,1.00129800059006,1.02913351332882,1.02087727693339,1.00381059049269,1.02154780917898,1.02276099326319,1.0501876155833,0.983179616147623,0.985513085301177,0.998228055103293,1.01440393382491,1.05073875422485,1.06473572418302,1.02822967140098,1.02774545479701,1.03027910184144,60.2279820751978,60.2277929336691,60.2279557072433,60.2279357678314,60.2277522042256,60.2281031847775,60.2280325604759,60.2279572967955,60.2279005080238,60.2281046979363
16.6128540951983,238.633912625951,692.441331659488,660.47601578348,646.637387755267,509.837042474948,633.924736439673,516.916087815751,529.81510820045,809.306563908159,941.915093731393,171.854268655217,150.602914290679,133.786345056616,39.6436665144057,138.355617939633,217.756359991793,185.087911942045,13.119192744043,39.8592174415251,222.368240773442,1.02785419263536,1.02140455588898,0.996239746259299,0.96195438908333,0.960980499726784,0.961884889164469,0.956034886148589,0.956901585742646,1.02104992414062,0.967713975531599,0.964622108183827,0.947217520989541,0.966204991232039,0.96707676657029,0.975053700390331,0.993041409740455,0.996987779477126,0.99530094131621,0.992309204008753,0.989372199174671,0.999578004883152,1.02474801753281,1.02347259165316,1.00130981095529,1.02914156446644,1.02088386012882,1.0038194599623,1.02155045768978,1.02276267497781,1.05019507544859,0.983214886084952,0.985536745517487,0.998236268250542,1.01441284334341,1.05074523214674,1.06474088528564,1.02823581586279,1.02774582328739,1.03028394298692,60.227515675255,60.2266828685275,60.2269327915321,60.2273710287837,60.2273901495714,60.2273859440429,60.2273127002363,60.2275245216592,60.2277933014578,60.2281662694575
16.6711228629147,238.583650149621,692.178790072937,660.245083129817,646.612051491332,509.860166452864,633.878220980574,516.862824744729,529.794855556915,809.42686643827,942.758634832578,171.807262185234,150.613116631936,133.750846524588,39.6205885635407,138.335529641001,217.728418200544,185.053928446607,13.1021842014697,39.8358677893096,222.140483486502,1.02787881656969,1.02142884051374,0.996272403749931,0.962006029291193,0.961043378705359,0.961949734370805,0.956098086201986,0.956963821628404,1.02108976040151,0.967774697057304,0.964684288963036,0.947276706733674,0.96626345694865,0.967128848329236,0.975089645503192,0.993070899967084,0.997015318252551,0.995330494709047,0.992331013087364,0.989390537212609,0.999605684283566,1.02477286904924,1.02349709888648,1.00133910009811,1.02915924682673,1.02089450649983,1.00383733503672,1.02154701513695,1.02275574293894,1.05021119737551,0.983295380083094,0.985596935435896,0.998254998929915,1.014427265437,1.0507664382646,1.06475785887655,1.02825029531221,1.02773405268118,1.03029479520196,60.2270821410481,60.2258602700947,60.2261291849999,60.2268306981153,60.2270200999457,60.2267100537961,60.2266400630989,60.2271165995882,60.2276056270796,60.2281738498298
16.7539687061837,238.475888164859,691.74963797182,659.833818242096,646.54101516584,509.914078722415,633.73000568275,516.725463333564,529.7520503085,809.638922182558,944.453470875265,171.708913635514,150.634801324266,133.693535591296,39.5729847657274,138.299715523928,217.6685212952,184.980476889807,13.0707597482886,39.7860595611294,221.687219913016,1.02792933729011,1.02147942996871,0.996338651377094,0.962106148821185,0.961163528211456,0.962073391089974,0.956218912909184,0.957082952846547,1.0211669053825,0.967891571892596,0.964803625645423,0.947390550404711,0.96637618988766,0.967230204406838,0.975163458532526,0.993133859449734,0.997073606056879,0.995391991967252,0.992379618492387,0.989432445536589,0.999666614831258,1.02482894417483,1.02355243672912,1.00140225698393,1.02919573127658,1.02091902521144,1.00387630446046,1.02154452615412,1.0227464044549,1.05024473410641,0.983445394130438,0.985713950339305,0.998297379794045,1.01446185600513,1.05081521636074,1.06479750666636,1.02828103232282,1.02771473400367,1.03031631794488,60.2265771061966,60.2254006799926,60.2255838167159,60.2261632681005,60.2263995366277,60.2259618577166,60.2259038501901,60.2266127822278,60.2270761440396,60.228026241259
16.8141838105087,238.386506034535,691.500510748125,659.578202935469,646.463254333224,509.930569990143,633.587904047464,516.600991560068,529.713436358541,809.752042201809,945.81874678023,171.623914394364,150.646508497004,133.653826832851,39.5293429846092,138.284698884431,217.615586787293,184.918446733894,13.0457044664442,39.7466751361145,221.33021247466,1.02797137461239,1.02152317485588,0.996393015797843,0.962181631194547,0.96125177775034,0.962163858351674,0.956307724562265,0.957170712867499,1.02122486563214,0.967977541743463,0.964891283686253,0.947474441290601,0.966459548922052,0.967306718935293,0.975224199819855,0.993188589723544,0.997124477428382,0.995444389849537,0.99242602056391,0.989475485926392,0.99972011158556,1.02487858631416,1.02360154333433,1.00145735130139,1.02922696469616,1.02094622338564,1.00391358415824,1.02155533035866,1.02275279245359,1.05027371520873,0.983551230034381,0.985799209138784,0.998338158594448,1.01450145857566,1.05085854340161,1.06483355200242,1.0283078070069,1.02771395850999,1.03033317182692,60.2263120164603,60.2255743197642,60.2256414131477,60.2257929561192,60.2258860311345,60.2256383179759,60.2255898600765,60.2263194704342,60.2265053795089,60.2277802201726
16.8743989148336,238.306025526216,691.385121943778,659.447941122925,646.370609922882,509.893879589958,633.452577331312,516.482613174146,529.672995908733,809.769935657466,947.054060880011,171.539118355792,150.647412782476,133.621644085258,39.4818245663249,138.293422409607,217.562357169622,184.861008885504,13.0221498195614,39.7143407081975,221.018973917399,1.02801113137878,1.02156702167728,0.996443672023991,0.962243120092057,0.961320435993029,0.962233725766048,0.956376897257874,0.957239337085448,1.02127173096633,0.968044174774627,0.964959193688031,0.947539781989251,0.96652484840124,0.967369008203931,0.97528057081649,0.993243083634353,0.997175750696522,0.995495665278798,0.992478206169874,0.989528140280411,0.999773213527569,1.02492781136289,1.02365042174161,1.00151216967474,1.02925800157533,1.02098224809398,1.00395600261153,1.02158527791528,1.02278061194124,1.05030276615771,0.983627755845303,0.985863150462141,0.998384275041891,1.01455513250468,1.05090128445527,1.06487027299945,1.02833475335017,1.02773703216104,1.03034774028198,60.2261345917,60.2260209286482,60.225971909197,60.2255547318783,60.2253893981455,60.2255238007572,60.2254803480804,60.2260975280998,60.2258720904979,60.2274162885739
16.9214061010111,238.258809902698,691.403604031906,659.456501016652,646.296455820215,509.820667550276,633.372195243803,516.409151573909,529.643845005744,809.703390207385,947.820383534315,171.478522906712,150.640504442807,133.603777293526,39.4453410407555,138.320713832074,217.523895173678,184.824709137583,13.0062092871541,39.7000207430184,220.829093763064,1.02803810339284,1.02159845788452,0.996476719252821,0.96227548581463,0.961353437286939,0.962266737950112,0.956410327523631,0.957272846790216,1.02129670326768,0.96807572896793,0.964991382738883,0.947571094997833,0.966556505012338,0.967401656503052,0.975316881779074,0.993281385866914,0.997212397571034,0.99553114412315,0.992519822549993,0.989573296348137,0.999810248795192,1.02496202074595,1.02368457522891,1.00155061745866,1.02928008275485,1.02101505234703,1.00399028917507,1.02162221837198,1.0228179547477,1.05032356432328,0.98365807373226,0.985890855223555,0.998421254655454,1.01460474224318,1.05093074101764,1.06489675566273,1.02835413388176,1.02777312248708,1.0303565512096,60.2260469388653,60.2264261127872,60.2263098398766,60.2254695208854,60.2250760265863,60.2255642221585,60.2255198502754,60.22597327395,60.2254193714997,60.2270613032321
16.9684132871886,238.229379840294,691.508477632502,659.557831290952,646.229011314616,509.713227561681,633.32602967946,516.360948635038,529.6192693798,809.574138287763,948.345636614972,171.429026769353,150.62635896601,133.592734163033,39.4128121324637,138.363564569312,217.492856377007,184.800409395189,12.9940072529251,39.6955371345394,220.708637807488,1.02805840510224,1.02162446268424,0.996501152319446,0.962291667876355,0.961366019736162,0.962278587594718,0.956423207052726,0.957286152688413,1.02130888321573,0.968087112535429,0.965003044923601,0.947582914232538,0.966568952950837,0.967417814145936,0.975343303177312,0.993312500335876,0.997242821511943,0.995559473698361,0.992558747679164,0.989618435150431,0.999839786052363,1.02498901279538,1.02371172136727,1.00158167925108,1.02929831310708,1.0210494056218,1.00402275532695,1.02166853432725,1.02286653739062,1.05034080627156,0.98366158240364,0.98589718439384,0.998456057947073,1.01465737036023,1.05095362764218,1.06491857317194,1.02837035152499,1.02782283825931,1.03036203711407,60.2259888173551,60.2267586421146,60.2266098043587,60.2254693304834,60.2248851814734,60.2256864066934,60.2256368826046,60.2258865562232,60.2250821813571,60.2266605315259
17.0154204733662,238.220333800401,691.673397228778,659.728937826337,646.176485730559,509.586508396083,633.320702868858,516.342547103809,529.60200375384,809.40497693739,948.602074264292,171.393580818093,150.6079262193,133.588174567701,39.3874469713309,138.416195344171,217.470836623688,184.789550814089,12.9860633642293,39.7012465459681,220.656666953912,1.02807128223578,1.02164340600167,0.996515940959149,0.962292550993226,0.961360059919789,0.96227131829895,0.956417431544482,0.957281079696409,1.02130926311842,0.968080198880186,0.964996100342904,0.947576988955162,0.966563834894939,0.967418382570278,0.975358707394819,0.993334417026667,0.9972649876821,0.995578988667206,0.992591605989714,0.989659204507188,0.999859928805512,1.02500707385605,1.02373014507185,1.00160335275292,1.02931171274539,1.02108181669147,1.00405055776293,1.02171839213307,1.02292005011259,1.05035338480202,0.98364187311734,0.985884530897424,0.998485708507202,1.01470752467256,1.05096850915169,1.06493441157859,1.02838249233673,1.02787949561051,1.03036430394092,60.2259439276849,60.22693191387,60.2267897437116,60.2255403249502,60.2248531348107,60.2258513626121,60.225793651874,60.2258285244969,60.224913602756,60.2262319791222
17.0624276595437,238.229841679851,691.862271422564,659.934274978439,646.144987717942,509.461617200519,633.355191491319,516.35332122089,529.593658402913,809.228910333758,948.588432590231,171.375566617647,150.588856087021,133.589706080382,39.3723931604657,138.469963805649,217.459926980068,184.792633105547,12.9831826021101,39.7153860624948,220.671827562042,1.02807580236614,1.02165358266427,0.996520432196747,0.962280453172835,0.961339403868157,0.962249071766272,0.956396806312425,0.957261266681628,1.02129950262877,0.968058928643056,0.96497454614899,0.947557029425751,0.966544714762233,0.967405773883852,0.975362586904048,0.993345381406055,0.997276963952104,0.995588219939066,0.992614788482395,0.98969066843805,0.99986911368386,1.02501484080071,1.02373844102888,1.00161391860298,1.02931918175795,1.02110798203477,1.00407044081751,1.02176418029601,1.02297016846973,1.05036021999328,0.983605794805852,0.985857766222256,0.998506999471899,1.01474871914595,1.05097431482947,1.06494301381008,1.02838958788326,1.02793409329923,1.03036344765292,60.2258957394908,60.2268959939105,60.2267964143218,60.2256598033745,60.2249914642964,60.226016929665,60.2259499110308,60.2257871192922,60.2249378765059,60.2257946787773
17.1094348457212,238.254850762074,692.036714756094,660.133739436347,646.138247140601,509.362036600424,633.423081489356,516.38890352174,529.594980768578,809.082391485429,948.326489944059,171.376823939341,150.573242558468,133.596682702678,39.3700348703692,138.515230597531,217.461022715364,184.808654526642,12.9857761751238,39.7351903007547,220.745413728382,1.02807186255788,1.02165398140796,0.996514864630138,0.962258980762303,0.96130941518184,0.962217541516419,0.956366682530842,0.957231891446959,1.02128237561429,0.968028750696565,0.964943906870008,0.947528208584513,0.966516610633775,0.967383719512904,0.975355465041412,0.993344553871853,0.997277621622949,0.995586543043752,0.992625256035846,0.989708258284199,0.999866776043499,1.02501192947122,1.02373616676462,1.0016126158364,1.02932007758052,1.0211237300953,1.00407957048028,1.02179782983592,1.0230079654778,1.05036065067993,0.983561916460109,0.985823345834761,0.998517200040535,1.01477461531386,1.05097084509884,1.06494380228433,1.02839106233473,1.02797682178814,1.03035991392431,60.2258297962091,60.2266445356153,60.2266139669704,60.2257990110505,60.2252812178021,60.2261444037784,60.2260688873584,60.2257485261255,60.2251432617679,60.2253669426089
17.1780313120437,238.307304575991,692.198550720718,660.3397409264,646.173297190801,509.304840081842,633.557540843214,516.468265738471,529.613292316595,808.988715748246,947.590030334613,171.413383223242,150.563962739136,133.615010732057,39.391234686311,138.547944204621,217.483110333358,184.849914722577,12.999171787781,39.766590824364,220.930580504067,1.02805226709428,1.02163683894013,0.996490995170216,0.962219463892673,0.961260884050358,0.962167473722613,0.956317656660823,0.957183518695917,1.02125076676257,0.967980851114894,0.964895175504591,0.947481822389205,0.966470782188604,0.967343507995022,0.975328455674199,0.99332286256693,0.997258216912244,0.995565350171776,0.992614177139662,0.989702648174648,0.999843984960874,1.02499007062188,1.02371528414739,1.00159030958936,1.02930949018502,1.02112163597779,1.00406998762166,1.02181123449254,1.02302537283666,1.05034972057325,0.983501713624146,0.985773316637728,0.998508900159719,1.01477528568656,1.05095078757435,1.06493143654735,1.02838299808882,1.02800027472119,1.0303512701331,60.2256800852779,60.2259838468285,60.2260717483423,60.2259688258587,60.225855724362,60.2262017561882,60.2261181916902,60.2256665836361,60.2256492544579,60.2247939278788
17.2466277783661,238.364895381684,692.210697158533,660.395768477236,646.253265441737,509.376051195001,633.701610551671,516.557182766576,529.646737075103,809.076478829037,946.566738255151,171.48685221555,150.576852778811,133.64208203793,39.439809790397,138.531006962681,217.525043162821,184.904186475944,13.0228937859574,39.7958293613883,221.172387346632,1.02801942831553,1.02160061127072,0.996452047877309,0.962177967446456,0.961216737326158,0.962123030951119,0.956272803907063,0.957138645644619,1.0212178187202,0.967938392922946,0.964851852760661,0.947439932724586,0.96642869621571,0.967301691239869,0.975286130750044,0.993279848447328,0.997216873098186,0.995524671721188,0.992571791697621,0.989657987857636,0.999801851027131,1.02495110742292,1.02367720687137,1.00154704525531,1.02928576188626,1.02108675770029,1.00403248759755,1.02177382161189,1.02298825984819,1.05032634804119,0.983459297973068,0.985734632408426,0.998472838709308,1.01472781408321,1.05091651724294,1.06490528981776,1.02836364787631,1.02796625765936,1.03034015762165,60.2254558834087,60.2251664652062,60.2253582102643,60.2260251540218,60.2264092825702,60.2260740280618,60.2259887976982,60.2255233323062,60.2261876495964,60.2243112946493
17.3152242446886,238.413484354553,692.083844596986,660.304148439896,646.361072123929,509.565706478286,633.823161251716,516.632124355549,529.68807762944,809.336467558283,945.418987946295,171.585568860475,150.609301524426,133.674588283523,39.5069013621967,138.465555667032,217.578840093803,184.961489128268,13.0532341214932,39.8144065563026,221.435319320829,1.02797844132077,1.02155117414968,0.996404359093785,0.96214090752422,0.961183575342303,0.962090846999828,0.956238775414539,0.957103907721219,1.02118824301317,0.96790778656055,0.964820455053719,0.947408873533798,0.966396750394467,0.967264789473823,0.975235616796946,0.993222927137266,0.997160579769899,0.995471298063507,0.992505529959137,0.989582121874586,0.999747790220631,1.02490195376135,1.0236287417093,1.00149034983871,1.02925278275357,1.02102474741904,1.00397327589273,1.02169131043306,1.02290216941227,1.05029439539111,0.983441114461471,0.985713147186045,0.998415307289584,1.0146405355049,1.05087401888857,1.06487006263002,1.02833625701319,1.02787955075751,1.03032819028524,60.2251598800726,60.2244392371779,60.2246876505434,60.225902357377,60.2266938827929,60.225767004655,60.2256857737008,60.2252937207149,60.2264883454412,60.2239402714592
17.3838207110111,238.445870631068,691.883122196884,660.128450300232,646.474013711359,509.819232410948,633.905132222372,516.679772275148,529.728610305827,809.691662311891,944.295055543235,171.693977439385,150.654135595014,133.710087983933,39.579776832498,138.37212648238,217.634789740163,185.013536566873,13.0858556420328,39.8231590346491,221.690795225528,1.02793531828637,1.0214963924049,0.996354027649894,0.962108950519099,0.961159534172476,0.962068534889987,0.956213912414361,0.957077978513157,1.02116306684654,0.967886651507807,0.964798645626195,0.947386654053915,0.966373231704551,0.967233275750123,0.975183133197199,0.993160874469025,0.997098197126473,0.995413108899979,0.992427824604794,0.989490499977845,0.999690101861546,1.02485010868601,1.02357737555542,1.00142897026055,1.02921545612638,1.02094807682516,1.00390319756729,1.02158287492288,1.02278762862953,1.05025896768668,0.983439491156599,0.985704119763353,0.998347095674055,1.01453244175748,1.05082958219397,1.06483141015024,1.02830498886003,1.02776164278509,1.03031658866486,60.224807989685,60.2239847315697,60.2242284635678,60.2255713862813,60.2265260599964,60.2253243605242,60.2252508099637,60.2249699638678,60.2263454896603,60.223686070884
17.4524171773336,238.461784510574,691.700487565627,659.964706305399,646.569481043356,510.058251530674,633.948567080667,516.699801516036,529.760752304314,810.029179960195,943.319059790019,171.793819662754,150.698943237161,133.744523338315,39.6436129858964,138.280757071082,217.683056704204,185.05463246704,13.1153642232923,39.8259931735921,221.916977580587,1.02789638343888,1.021445642571,0.99630760494645,0.962080281501637,0.961138724956816,0.962049399477985,0.956192488727617,0.957055589286275,1.02114113457553,0.967868428772866,0.964779868590025,0.94736736390161,0.966352656695481,0.967205008853287,0.975134963391546,0.993103644299837,0.997040240929455,0.995359196005808,0.992354566607786,0.98940362660161,0.999637612579891,1.02480322361652,1.02353081978628,1.00137262213537,1.02917998887523,1.0208744309644,1.00383674262692,1.02147726616125,1.02267570137327,1.05022614565792,0.983440073762353,0.985697427682515,0.998282161405819,1.01442940405924,1.05078942563317,1.06479549563536,1.02827506727211,1.02764556684587,1.03030625510496,60.2244208326215,60.2238521378575,60.2240349963473,60.2250446882908,60.2258557473337,60.2248034377819,60.224739393344,60.2245619783313,60.2256966310123,60.2235398544091
17.521013643656,238.465675898963,691.616259659098,659.898719811812,646.628855727608,510.208551002515,633.96686773617,516.701426214357,529.77901177842,810.241267265711,942.591765068965,171.867830927229,150.73081229751,133.772656170937,39.685317228887,138.220280079896,217.715673017682,185.081697452585,13.1365412211228,39.8277969458179,222.095131701075,1.02786738398094,1.02140787832407,0.996271423095046,0.962053434685498,0.961115853871953,0.962027398430179,0.956169307013838,0.957031944421647,1.02112128348841,0.96784719888049,0.964758205140241,0.947345694293093,0.966330129449116,0.967178211906842,0.97509705373018,0.99306054360331,0.996996746657089,0.995318258176509,0.99230096679894,0.989341202816868,0.999598243496409,1.02476798493256,1.02349584003638,1.00133026856631,1.0291526455723,1.02082141092317,1.00378814166918,1.02140331479435,1.02259761004212,1.05020172862228,0.983429751127643,0.985683679918769,0.998234003421005,1.01435635949378,1.05075891790828,1.06476793208835,1.02825177350424,1.0275647395439,1.03029798466819,60.2240165055896,60.2239434778471,60.2240301952961,60.2243722814779,60.2247861328528,60.22425247955,60.2241984319299,60.2240939618144,60.2246471305261,60.2234811800803
17.5896101099785,238.462542815445,691.666495535283,659.969358650176,646.641180333644,510.226730841847,633.975795305816,516.696251230024,529.780702155092,810.265091468396,942.194281386103,171.903488421869,150.74094547935,133.78916617069,39.6970577201709,138.208031166751,217.727948606563,185.09353249314,13.1456336886329,39.8322982694552,222.206416316995,1.02785265750012,1.02138968850308,0.996250785419123,0.962029650259273,0.961090193545248,0.962001416989774,0.956143668705716,0.957006538537695,1.0211042445997,0.967821834351025,0.96473255942918,0.947320823920801,0.966305075114501,0.967153967246517,0.975074500377887,0.993038437157991,0.996975102037405,0.995296931443323,0.992277454612605,0.989316324454053,0.999577725297582,1.024749197873,1.02347728941758,1.00130847317821,1.02913834385758,1.02080106831684,1.00376735768633,1.02138009703915,1.02257394246629,1.05019000349943,0.983403539324361,0.985659591203913,0.998212028786792,1.0143295358847,1.05074198556567,1.0647528600171,1.02823929676258,1.02754119413514,1.03029264110835,60.2236072723119,60.2240608272693,60.2240459976891,60.22363095709,60.2235389342133,60.2236992914134,60.2236543561647,60.2235991047788,60.2234334407826,60.2234802225073
17.658206576301,238.454544900511,691.829115796197,660.152777355411,646.605431644188,510.114522326049,633.983930474926,516.69075152779,529.765896377667,810.104813137068,942.185714668665,171.895630714178,150.727654010734,133.790019384189,39.6781523058623,138.244075554799,217.718974103004,185.089866020943,13.1412651865116,39.8401033394073,222.232113268747,1.02785443232731,1.02139387783438,0.996249121713466,0.962013619476166,0.961067133367827,0.961976971852794,0.956120930565209,0.956984640078926,1.02109331230182,0.967797659361615,0.964708328125266,0.947297946603495,0.966282683725327,0.967137038595026,0.975070922414069,0.993040500497591,0.996978524029034,0.995298514493122,0.992287159290873,0.989332053881537,0.99957876528255,1.02474922212001,1.02347751748684,1.00131028157847,1.02913953618548,1.02081639299277,1.00377745465734,1.02141083822147,1.0226079880934,1.05019282250365,0.98336768041705,0.98563035527572,0.998219283371249,1.01435197496646,1.05074072941742,1.06475233361868,1.0282398111013,1.02757833034164,1.03029114951747,60.22320093587,60.223993600689,60.223902282946,60.222908092514,60.2223785130031,60.2231542973609,60.2231156736297,60.2231135444352,60.2223390262347,60.2234999261857
17.7432495581139,238.434104459099,692.074954343153,660.417568612248,646.510438929209,509.866949564584,633.987214886801,516.678421332144,529.729196478158,809.762631977624,942.745172893864,171.830830880494,150.687695731655,133.766907330138,39.6221933235579,138.328668972855,217.682273272435,185.06402476388,13.1191336880797,39.8481028008178,222.124152471552,1.02787883949031,1.02142754687662,0.996274603613815,0.96201542772937,0.961057973462307,0.961965568754443,0.956112423012309,0.956977463351429,1.02109596585768,0.96778561074204,0.964696666231557,0.947287798873215,0.966273686565148,0.967137597790368,0.975095039551871,0.993074909249286,0.997015053480132,0.995331128395051,0.992337930839189,0.98939628145898,0.999608868433426,1.02477476375866,1.02350317669714,1.00134374881757,1.02916162688271,1.0208742043165,1.00382573307911,1.02150248364094,1.02270664665542,1.05021490447394,0.983334796302311,0.985606214241954,0.998262791202525,1.0144316679701,1.05076091184005,1.06477136595065,1.02825793454156,1.02768277998618,1.03029579820594,60.2227139884241,60.223473001813,60.2233546442325,60.2221560059986,60.2213798014926,60.2225018157205,60.222464281174,60.2225745332725,60.2214825082216,60.2234887708531
17.8282925399269,238.393268218137,692.221780841981,660.570843640205,646.388385403464,509.611704002222,633.961369948903,516.641916074267,529.679596887259,809.433494009266,943.86353965418,171.727366761619,150.64483933212,133.724046054234,39.5509348477136,138.417265413608,217.627816267605,185.017986159915,13.0866786593866,39.8511950833218,221.86912000084,1.02792127413422,1.02148135403231,0.996323821834331,0.962047780361638,0.961083585347919,0.961989634725287,0.956138903947978,0.957004937622133,1.02112189901274,0.967807522139103,0.964719557714565,0.94731085167456,0.96629782036145,0.967169098633957,0.975145069091022,0.993133494701378,0.997074770718827,0.995387200478852,0.992411604569855,0.989483172117511,0.999661882806977,1.02482136671173,1.02354965413938,1.00140126054937,1.02919863714068,1.0209493105076,1.00389373913532,1.02160971810477,1.0228203552976,1.05025026666434,0.983340705450785,0.985615069055972,0.998327246948988,1.01453406356341,1.05079976801829,1.06480643725039,1.02828909433489,1.0278011497776,1.03030740442926,60.2222687310294,60.2225312343684,60.2224673990488,60.2216449057878,60.2210024542433,60.2219120984969,60.2218677137856,60.2221451481665,60.2212969795342,60.2233699840745
17.8991201481799,238.34081539618,692.19167012848,660.537895287658,646.293834335541,509.474396094386,633.906334149461,516.582588999935,529.637772406716,809.295101513846,945.07739981153,171.6276144312,150.617208367789,133.676905841942,39.4929723502342,138.461637911813,217.575216917897,184.967551647522,13.0557838534018,39.8360727089805,221.564575322368,1.02796464974094,1.02153326391788,0.996377934295787,0.962101246140551,0.961138443937501,0.962044541981164,0.956194326434514,0.957060408246363,1.02116263393978,0.967859375547492,0.964772661528067,0.947362455312011,0.966349926564986,0.967222620623992,0.975202422416637,0.9931930973665,0.997133718272505,0.995444601098219,0.992477089024979,0.989555164078097,0.999717069697917,1.02487084725104,1.02359884599146,1.00146018040229,1.02923605300297,1.02100871272014,1.00395258382677,1.02168254346699,1.02289547681813,1.05028448080689,0.983391336819217,0.985658574320435,0.998385218648443,1.01461394691304,1.05084197574433,1.0648436162504,1.02832089141039,1.02787652977855,1.03032162527111,60.2219534486001,60.2216394273749,60.2216655944999,60.2214192678259,60.2210946094272,60.2215178666622,60.2214645981788,60.2218854339094,60.2215456828357,60.2231466269117
17.9699477564329,238.274128736599,692.013426817489,660.357467167844,646.22140816157,509.434734752417,633.819013492599,516.495780095957,529.600964367198,809.319902602761,946.330678957059,171.540777800676,150.611321477347,133.633543002503,39.450193124597,138.472810237023,217.526942221952,184.915464717071,13.0308466541208,39.815033546526,221.241871938773,1.0280052496969,1.02157866816096,0.996430713680887,0.962166769258034,0.961212214043869,0.962119684665555,0.956268562124723,0.957133980882716,1.02121238069602,0.967930767699277,0.964845499060814,0.947432479022683,0.966419842341306,0.967288854221547,0.975260359433934,0.993248229537828,0.997186318843925,0.995497464938798,0.992530261975015,0.989608950838956,0.999769596835973,1.02491898306867,1.02364661424416,1.00151518989532,1.0292691939069,1.02104789793609,1.00399732268636,1.0217177696604,1.02292928020398,1.05031461679081,0.983473981425315,0.985726408070821,0.998432875417253,1.01466896642378,1.0508838260847,1.06487978454367,1.02834957630323,1.02790706324035,1.03033681621077,60.2217102717584,60.2209273730821,60.2210489751246,60.2213466083084,60.221371413837,60.2212660825057,60.2212058013214,60.2217099314232,60.2219208913661,60.2227917073162
18.040775364686,238.207923280069,691.752059141167,660.10376850892,646.180176557041,509.480811220034,633.721974634976,516.399647205166,529.576500069826,809.482617418426,947.383237696376,171.476648756509,150.623687040549,133.599896761166,39.4252509883705,138.453812502986,217.487644432774,184.870707577245,13.0134556066607,39.7859930244461,220.952623660598,1.02803780276867,1.0216123840686,0.996474949964174,0.962232203810683,0.961289841766538,0.962199495495083,0.95634643537683,0.957210721049659,1.02126172306347,0.968006794887251,0.964922914974225,0.94750651470926,0.966493346508104,0.96735543772314,0.975310689075977,0.993292218179411,0.9972265954161,0.995539366576162,0.992566664862547,0.989641396934754,0.9998126770233,1.02495924896378,1.02368661375217,1.00155950200651,1.02929478528208,1.02106553198017,1.00402462800006,1.02171744537902,1.02292452369061,1.05033717004104,0.983569808680999,0.985802884197981,0.998466071853184,1.0146973642591,1.05091925321034,1.06491043587286,1.02837209597821,1.02789621533006,1.03035061330907,60.2215476159283,60.2206004885946,60.2207849350738,60.2213760320395,60.2216428852359,60.2211892160518,60.2211273549626,60.2215992661627,60.2221866595636,60.2223138193926
18.0921499516671,238.168294255772,691.564002597507,659.930241298876,646.168246481515,509.54347727267,633.661245252063,516.33760512725,529.567642767729,809.642155035167,947.894286061663,171.451721194334,150.641387897791,133.586536174791,39.4194313886411,138.431698979447,217.468807012918,184.849096865246,13.0081288099539,39.7671482844486,220.806362614074,1.02805219658189,1.02162584000458,0.996495972358899,0.96226933555044,0.961335827624929,0.962247134826917,0.956392438415721,0.957255833979358,1.02128939516234,0.968052222202099,0.964969116704152,0.947550512370572,0.966536829487603,0.967393453160287,0.97533589081987,0.993312267452763,0.99724374362913,0.995558010131647,0.992580220944971,0.989650803316571,0.999833062140501,1.02497880489142,1.02370613114998,1.00157997818734,1.02930552394931,1.02106488605089,1.00403167360222,1.02169962776136,1.02290271590981,1.05034637143723,0.983631083107947,0.985850552405678,0.998478907223002,1.01470231599261,1.05093664412986,1.06492586215311,1.02838195989158,1.02786962768291,1.03035766424988,60.2214757739019,60.2206497157933,60.2208436271762,60.2214302091397,60.2217580559634,60.221241726784,60.2211826067046,60.221543706277,60.2222182095136,60.2219066686352
18.1435245386481,238.144903441895,691.426294639898,659.814440380311,646.168997805396,509.606720009988,633.625136390522,516.295682856548,529.566928989142,809.792447594836,948.110002213506,171.446181992696,150.66094377578,133.583943312858,39.4225212103289,138.411276432212,217.459795307023,184.840676145916,13.0088888870901,39.7532852142181,220.736705121401,1.02805729964267,1.02162938673582,0.996505274662451,0.962291098639061,0.961364157948698,0.962276753193766,0.956420629111725,0.957283291751033,1.02130508522488,0.968080493382157,0.964997825740332,0.947577733224544,0.96656360384529,0.967415943446427,0.975348403404076,0.993320671467045,0.997249716417301,0.995565229805284,0.99258368611372,0.989650644928833,0.99984221657168,1.02498800452994,1.02371548920138,1.00158880336642,1.02930916857831,1.02105645739845,1.00402952058116,1.02167553442494,1.02287509123408,1.05034905471578,0.983672535398035,0.98588162048195,0.99848281751152,1.01469822048279,1.05094486300864,1.06493403575454,1.02838584440138,1.02783811705509,1.03036111621619,60.2214304710995,60.2209064226227,60.2210751212928,60.2214888273923,60.2217774406597,60.2213643882826,60.221309881894,60.2214938655936,60.2220898164439,60.2214713296134
18.1948991256292,238.142091780825,691.36906162531,659.78415630661,646.179885302014,509.653057393888,633.624688082806,516.282814985841,529.574011396009,809.899738703396,947.996667763283,171.459924890064,150.679162130119,133.592776528796,39.4334702531193,138.399421249594,217.461339789359,184.847298092335,13.0155610022679,39.749113362338,220.753005918074,1.02805278504612,1.02162310450105,0.996501657279569,0.962293429527612,0.961369311715933,0.96228253077656,0.95642555667473,0.957287828291756,1.02130608202026,0.968086032445072,0.965003389979616,0.947582835830472,0.966568435382745,0.967418678424879,0.975346401607822,0.993316636742295,0.997244174514739,0.995560365230181,0.992577724276778,0.989642585888438,0.999839109671943,1.02498574027131,1.02371360452165,1.00158508853402,1.02930560030912,1.02104291025182,1.00401951908957,1.02165133575586,1.02284863280427,1.05034525798866,0.983685524997426,0.985889779264248,0.998478334795651,1.01468787986918,1.05094285706908,1.06493420234249,1.0283836010311,1.02780961139111,1.03036050235499,60.2213945882525,60.2212868452786,60.2214014675805,60.2215361110201,60.2217121356698,60.2215224560232,60.2214723381223,60.2214367210909,60.2218288189153,60.2210319010053
18.2462737126103,238.161830751701,691.405736712654,659.848723615107,646.199259625615,509.673493376375,633.665002807705,516.302858490451,529.58759896074,809.945261891474,947.558435921084,171.49107340573,150.692236785439,133.611693844668,39.4508548127686,138.398821811021,217.473590862433,184.869017720134,13.0273238530862,39.7557008566167,220.856985970298,1.02803900756053,1.0216079560393,0.996485558690799,0.962275461560622,0.961349740748948,0.962262793827594,0.956405656410728,0.957267932786378,1.02129156239336,0.968067275070794,0.964984214795444,0.947564351922331,0.966549926292669,0.967400733946805,0.975330044932394,0.99330077047311,0.997228034968931,0.995544158722702,0.992563636515607,0.989628453392019,0.999824075294574,1.02497216091304,1.02370060518332,1.00156934978101,1.02929550437316,1.02102700058925,1.00400361191363,1.02163208134637,1.02282889052794,1.05033558542078,0.983667114534486,0.98587297917874,0.998466570005307,1.01467370560679,1.05093070208308,1.06492634725103,1.02837576105591,1.02779017496268,1.03035572084627,60.2213481657139,60.2216792399179,60.2217240406617,60.2215592195656,60.2215932008721,60.2216719490729,60.22162392463,60.2213605669832,60.221492491055,60.2206136221851
18.2976482995914,238.201451399513,691.528986453803,659.996783563355,646.226595422114,509.668646482779,633.744131618709,516.353750265322,529.606038808158,809.927271058197,946.839246285856,171.536740352384,150.698700191388,133.63849517691,39.4736461145379,138.408553091641,217.495712534344,184.903812904716,13.0430815350634,39.7730718261237,221.037745312541,1.02801733559064,1.02158543809523,0.996458614778466,0.962239226064929,0.961307744484877,0.962219877510586,0.956363256094084,0.957225920707543,1.02126314672583,0.968026461280842,0.964942580909774,0.947524472709453,0.966510262866015,0.96736414246314,0.975300935891144,0.993274513962448,0.997202810590082,0.995518174504982,0.992542496965941,0.989609163298773,0.99979846428595,1.02494848368399,1.02367765409126,1.00154301153945,1.02927995723366,1.02101023039986,1.00398329295882,1.02161955573431,1.02281770847204,1.05032103257252,0.983619611847491,0.985833335717023,0.998448457020551,1.01465643535216,1.05090950304838,1.06491115934096,1.02836319980614,1.0277817009784,1.03034727631331,60.2212716117093,60.2219675759528,60.2219446673017,60.2215469002628,60.2214581835234,60.2217669341413,60.2217174631667,60.2212560836249,60.2211502365254,60.2202398775834
18.3607171739072,238.267942482886,691.756722654893,660.246867623432,646.271307166412,509.64373072248,633.879431585996,516.4457412012,529.632240727258,809.844190993575,945.69487554397,171.606780307564,150.698265613767,133.677343720316,39.5076255432187,138.42731014748,217.533566963249,184.958404904191,13.0658830474522,39.8056507370345,221.332931228816,1.02798311958863,1.02155066985078,0.996415059001153,0.962177436427792,0.961235055541773,0.962145359201589,0.956289998732641,0.957153493279481,1.02121509356611,0.967955602402373,0.964870331725162,0.947455367533612,0.966441637618274,0.967301529615039,0.975252620494245,0.993231724465067,0.997162763119019,0.995476635929472,0.992508520965047,0.989578854235878,0.999756287821926,1.02490915896012,1.02363929406823,1.00149990413283,1.02925559460276,1.02098890437169,1.00395400114128,1.0216110907574,1.02281275193,1.05029844462618,0.983533754737543,0.985763188621659,0.998418962660363,1.01463006753114,1.05087437837386,1.0648846674205,1.0283431362357,1.0277825524689,1.03033339781998,60.2211138607267,60.2220423841357,60.2219659417877,60.2214667406074,60.2213130955543,60.2217508900058,60.2216952710933,60.2210800084663,60.2208123071626,60.2198691730624
18.4237860482231,238.339618937411,692.001511509372,660.505116293351,646.327947334711,509.623616296746,634.031737636059,516.549972896076,529.65925633345,809.741936696788,944.436883760836,171.68444798249,150.693454856655,133.717250593746,39.5466101349617,138.442616750337,217.578242122768,185.01731886331,13.0899923413109,39.8450899699801,221.658506880598,1.02794532560794,1.02151189810557,0.996366050739384,0.962108063848107,0.961153606564978,0.962061831918651,0.956208017347462,0.957072496298852,1.02116173624796,0.96787614147622,0.964789336005963,0.947377866109839,0.966364642492818,0.967231103031039,0.975197437433544,0.993182397502691,0.997117102538119,0.995429524070465,0.99246755987127,0.989541149480056,0.999707695312875,1.02486381855636,1.02359485245274,1.00145019493822,1.0292282269464,1.0209656081668,1.00392116280989,1.02160350620922,1.02280943112572,1.05027320368816,0.983436500964555,0.985684334627144,0.998383105276421,1.0145957187728,1.05083410003739,1.06485302310373,1.02832031460084,1.02778622267323,1.03031805392054,60.2208741014996,60.2217413418365,60.2216630356332,60.2212969503816,60.2212019231957,60.2215512700015,60.2214877200022,60.2208471614841,60.2206161545194,60.2196121021819
18.4868549225389,238.399499671008,692.188522433858,660.700133432071,646.392741572621,509.635344130859,634.169441532723,516.642041496042,529.68343058682,809.678315475635,943.267198231016,171.761106142244,150.689118713833,133.751700500287,39.5875632525695,138.442488055267,217.623680241241,185.070897790234,13.1127464817758,39.8820095746134,221.962289081879,1.0279088926987,1.02147350558005,0.996318876243689,0.962044842111384,0.961080683109597,0.961987247891112,0.956134599855751,0.956999856531823,1.0211132602893,0.967805115878876,0.964716950280352,0.947308457503495,0.966295532006918,0.967166895216202,0.975144085232272,0.993133040982379,0.997071369729879,0.995383050531454,0.992422872918369,0.989497381126103,0.999659426642529,1.02481893084702,1.02355064897715,1.00140056003333,1.02920110082749,1.02093923494935,1.00388655153153,1.02158914600623,1.02279852775388,1.0502482402901,0.983351358283579,0.985614653719747,0.998343743117116,1.01455255458293,1.05079450508802,1.06482057822627,1.02829748269592,1.02778151415154,1.03030373090876,60.2205564922822,60.2210957534939,60.2210701716136,60.2210214182899,60.2210914069562,60.2211646106456,60.221095918165,60.2205595551116,60.2205489264777,60.2194698775428
18.5499237968548,238.434804103209,692.262564471074,660.78301206538,646.457738197461,509.693091181526,634.266205488922,516.702590369285,529.70192745463,809.694747857994,942.363831779147,171.827718787333,150.690752142496,133.77597712097,39.6262434167973,138.420822774233,217.663004454087,185.110840840495,13.131519218097,39.9087505680495,222.194481192341,1.02787889787311,1.02144002328739,0.996280297778091,0.961999303125406,0.961030528310743,0.961936335277571,0.956084067842591,0.956949663604855,1.02107862810389,0.967756440132909,0.964667376326077,0.947260650991006,0.96624764234147,0.967120651499231,0.97510057614142,0.993090176192717,0.997031180823161,0.995343284479986,0.992378897447592,0.989450841714269,0.999618134191586,1.02478083298495,1.02351293985839,1.0013576603152,1.02917747621381,1.02090980483478,1.00385261034232,1.02156278329105,1.02277354401733,1.0502265423072,0.983297027250581,0.985568491590871,0.998304768904288,1.01450262049954,1.0507612095076,1.06479193715303,1.02827741045096,1.02776024160426,1.03029281243908,60.220182043011,60.2202393368876,60.2203028412818,60.2206340290621,60.2209107723657,60.2206281181572,60.2205607451278,60.2202257526467,60.2205293687722,60.2194257121436
18.6129926711706,238.439714863949,692.206004728086,660.74158305171,646.511496805994,509.790887689171,634.307356967978,516.721771718766,529.712550829707,809.800808084286,941.848585332989,171.876197677901,150.700887731562,133.787443974502,39.6572170441439,138.379878231056,217.690071726988,185.131966146994,13.144122096414,39.9203606289605,222.322485935733,1.02785926159817,1.02141556430713,0.996255463840377,0.961978282126275,0.961011007683814,0.961917143038156,0.956064337298842,0.956929747819698,1.02106306315784,0.967737711595988,0.964648377273429,0.94724188776224,0.966228380184043,0.967099323797958,0.97507296357624,0.993059546592294,0.997001684676235,0.995315398606835,0.992341388355532,0.98940750986181,0.999589394594855,1.02475468475064,1.02348687901897,1.00132726817033,1.02916023953518,1.02087980011923,1.00382296732348,1.02152504534703,1.02273459102328,1.05021080238342,0.983283032986764,0.985553253336962,0.998271248029181,1.01445221301652,1.05073864109019,1.06477114182755,1.02826257541202,1.02772163418158,1.03028684858495,60.2197823311306,60.219363842662,60.2195189400802,60.220144936821,60.2205819343261,60.2200083054379,60.2199496039449,60.2198594287947,60.220440753984,60.2194486110803
18.6760615454864,238.416589875108,692.043414861856,660.602051275401,646.541871848931,509.902823684628,634.293003656505,516.700759782292,529.713853988985,809.969708126948,941.769526691898,171.900301998967,150.718107914344,133.785805787692,39.6748199591574,138.33026492737,217.700599662835,185.132907288754,13.1490433576356,39.9159492796617,222.335210486172,1.0278522982071,1.02140336894035,0.996247184110896,0.961982724694929,0.96102215395228,0.961929532786206,0.95607546684795,0.956940258939458,1.02106720607343,0.96774881311492,0.964659843011761,0.947252175975645,0.966237874869947,0.967103850703367,0.975064396039355,0.993045283325258,0.996986884880508,0.995302970277083,0.992316617925758,0.98937525237595,0.99957688923435,1.02474370459328,1.02347574850128,1.00131342508367,1.02915159861881,1.02085421055444,1.00380216425062,1.02148312881417,1.02268928125655,1.0502031151369,0.983307661278055,0.985568007029952,0.99824873623454,1.01441108331963,1.05072939376174,1.06476103582371,1.02825490218921,1.0276734995722,1.03028634708118,60.2193908449233,60.2186562390739,60.2188685312029,60.219583938349,60.2200561482629,60.2193828053796,60.2193376135982,60.219477952829,60.2201779442219,60.2194995253188
18.7391304198023,238.374089332276,691.832096972418,660.418466574004,646.539813127738,509.991320068718,634.236328256097,516.649672338466,529.705315609579,810.147527019155,942.100571955533,171.896502906813,150.737413106305,133.772770683751,39.6745511514042,138.287634312434,217.692874615364,185.11572944055,13.1456169734528,39.898645054818,222.242552916018,1.02785848994753,1.02140535326796,0.996255715801631,0.962008219046978,0.961057080370775,0.961966161428621,0.956110567473828,0.956974539202086,1.02108753286266,0.967782859762811,0.964694747090747,0.947284977958336,0.966269829287001,0.96712970809029,0.975074876196444,0.993049321264175,0.996989055068501,0.995307531990362,0.992310056772589,0.989361989027628,0.999581960606482,1.02474883802844,1.0234806000833,1.0013178950794,1.02915282108452,1.02083944242263,1.00379478913281,1.02144891622096,1.02265068141086,1.0502046978996,0.983359489775354,0.985604663893812,0.998242132296774,1.0143899979352,1.05073402680682,1.0647628925268,1.02825553577322,1.0276300487466,1.03029080307762,60.2190347403719,60.218239572761,60.2184491845558,60.218998356041,60.2193429647784,60.2188210043209,60.2187893737155,60.2191006815743,60.2196914715283,60.219538356481
18.8253896599148,238.306187028787,691.592754654714,660.211753798596,646.481373133964,510.010812868373,634.129723245247,516.558798764229,529.679022847054,810.291796142988,943.041890990052,171.847534019139,150.755211318733,133.742776109322,39.6431027243179,138.268156267258,217.655925805645,185.071889399854,13.1285989274215,39.8664898416378,221.99680071137,1.02788525280551,1.02143053551944,0.996289811298856,0.96206159860174,0.961121930446238,0.962033001857065,0.956175931625321,0.957039004240742,1.02112947034688,0.967845453667894,0.964758859359643,0.947345995882441,0.96633010286427,0.967183697453478,0.975113800622534,0.993082289417986,0.99701858754967,0.995338914527227,0.992335000870878,0.989383376912028,0.999614327376951,1.02477867936938,1.02351004905161,1.00135115711565,1.02917001235395,1.02084659803692,1.00381157738555,1.02143693566445,1.02263393310236,1.05022148634517,0.983442276381703,0.98566706207693,0.99826301619361,1.01440739126769,1.05075964411353,1.06478332630996,1.02826963910044,1.0276065821475,1.03030240662305,60.2186306813755,60.2181524327114,60.2182626578241,60.2182657826645,60.2182284222874,60.218235313084,60.218213928709,60.2186277630443,60.2187483598934,60.2195087626274
18.9116489000274,238.246532500084,691.515930748459,660.147995974643,646.373558509434,509.885876396912,634.031244209308,516.471688368538,529.640307697705,810.244129374591,944.273877160176,171.758597556311,150.749826833781,133.705107059637,39.5817105204061,138.3058668897,217.598609830473,185.017120842819,13.1007275606177,39.8349723157495,221.690713922315,1.02792604714298,1.02147660000343,0.996341032632966,0.962118890790791,0.961184082811802,0.96209589964881,0.956238682085874,0.957101474135941,1.02117343319325,0.967904722745801,0.96481954392346,0.947404530060854,0.966388755811237,0.967241435867672,0.975170500801045,0.993139191307622,0.997072602823116,0.995392142898573,0.992395544870494,0.989449268107383,0.999667905200378,1.02482702423984,1.02355814751797,1.00140776114548,1.02920195323329,1.02088955134427,1.00385908285777,1.02147979630141,1.02267589680911,1.05025186154667,0.983508513754751,0.985720692612886,0.998315626653358,1.01447976216742,1.05080055657125,1.0648190840752,1.02829648231369,1.02764478851808,1.03031669308177,60.2183224976836,60.218404571396,60.2183629999995,60.2177222399635,60.2172442795125,60.2178813997313,60.2178571931225,60.2182387694326,60.217747395615,60.2193380133677
18.9979081401399,238.205847991966,691.620406442175,660.24429893642,646.247918762226,509.652192199047,633.969181364297,516.407157490933,529.596754563157,810.009117375835,945.481613408501,171.653185927102,150.723401174448,133.669635927489,39.5087393983478,138.390776367333,217.536602395172,184.965141063607,13.0698723422592,39.8198875391126,221.401676120933,1.02797056886399,1.02153151148985,0.996395369981076,0.962163721876814,0.961225646834318,0.962136666337595,0.956280924973611,0.957144245473707,1.02120772195269,0.967943388055931,0.964859169603703,0.947443562784937,0.966428727235602,0.967286282493857,0.975228969932148,0.993204191915607,0.99713628551337,0.995452626983632,0.992474401172596,0.989540550397901,0.999728007974073,1.02488079267659,1.02361187964173,1.00147203484075,1.02924015675833,1.02095731851605,1.00392471412036,1.02156762286032,1.02276729411494,1.05028797315827,0.983537792325915,0.985749507641624,0.998385054568056,1.01458583734951,1.05084584175281,1.06486051838156,1.02832909938155,1.02773708469122,1.03033002429981,60.2180888602261,60.2186267630177,60.2184756363849,60.2174436814541,60.2167106377999,60.2177216650117,60.2176855385879,60.2179574984614,60.2170516797886,60.2190088107989
19.0628117793971,238.187090871036,691.772311807676,660.383230431568,646.164899901544,509.461967630938,633.950414486916,516.376541258228,529.567016854165,809.774324779963,946.222285862615,171.577221836894,150.694006825288,133.64647545657,39.4583837599416,138.462931294601,217.495275306802,184.933599271278,13.0483395912231,39.8177728137816,221.224292949056,1.02800104471233,1.02157134148721,0.996432088172792,0.962186821665368,0.961242671723191,0.962152429418265,0.956298367812643,0.957162399130402,1.02122510711569,0.967958518038266,0.964874699041306,0.94745947665737,0.966445659736297,0.967309172158586,0.975267497672158,0.993249816608644,0.997182039582211,0.995495219406739,0.992533289940397,0.98961032093031,0.999769756263387,1.02491799967588,1.02364917817178,1.00151699427999,1.02926846158377,1.02101361827334,1.00397613892122,1.0216468033346,1.0228509955828,1.05031418101965,0.983539097540409,0.985756064324994,0.998437428887495,1.01466851818985,1.05087716367876,1.06489007107,1.02835353857519,1.02782375866113,1.03033817561982,60.2179455265918,60.2185861338575,60.2184257986261,60.2174114488435,60.2167104928972,60.2176882652608,60.2176423831782,60.217818208966,60.2168903664902,60.2186658617998
19.1277154186542,238.172708350287,691.91337647151,660.51607326128,646.106420935243,509.316216988504,633.946851208551,516.356672834725,529.543012936958,809.570115185994,946.7273458047,171.521945910829,150.668465363939,133.630943775667,39.4247609228755,138.52183973924,217.467622160438,184.913637182389,13.034286527469,39.8251244432266,221.110153384438,1.02802247467496,1.02160076704041,0.996457838036892,0.962199394020756,0.961249148392942,0.962157684827098,0.956305127923947,0.957169821889378,1.0212343339423,0.96796365027365,0.964880010013745,0.947465418229209,0.96645248035742,0.967321437774339,0.975293927157069,0.99328265024314,0.997215504876799,0.995525936061185,0.992577245353136,0.98966286161253,0.99979978735317,1.02494488274204,1.02367620631739,1.00154934450174,1.02928958050144,1.02105871180347,1.00401594141834,1.02171328117825,1.02292194016843,1.05033368702062,0.983531076806047,0.985754287614748,0.998477063408501,1.01473131426507,1.05089994535583,1.06491210441951,1.02837224861976,1.0278984877283,1.03034335576313,60.2178193616042,60.2183069889024,60.2182102991089,60.2174982342206,60.2170286592764,60.2176954047485,60.2176428954858,60.2177315582379,60.2170672608456,60.2182619625736
19.1926190579113,238.161712487171,691.987270511806,660.595263195887,646.082989802075,509.256385186012,633.954791876991,516.346065909868,529.529541340061,809.466795504162,946.95469770999,171.492987176189,150.65323569247,133.622350149862,39.4123835465801,138.549242154693,217.454812414172,184.906106191311,13.0281504254776,39.8336056734266,221.05495179376,1.02803348769647,1.02161670601718,0.996471565048866,0.962205484856234,0.96125163451675,0.962159473318236,0.956307671155568,0.957172706037273,1.02123837865485,0.967965401591943,0.964881835791442,0.947467660324088,0.966455233463781,0.967327316766858,0.975307690920114,0.993299939852317,0.997233451672494,0.995542368464313,0.992600247006157,0.989689808374489,0.999815700577142,1.02495933296512,1.02369085725897,1.00156642157937,1.02930187148135,1.02108439215506,1.00403811540642,1.02175167919491,1.0229631190331,1.05034443738103,0.983525675367065,0.985752093683604,0.998498503685985,1.01476307584563,1.05091234446442,1.06492484950924,1.02838359833544,1.02794247031755,1.03034590539637,60.2177055471115,60.2178512356462,60.2178678476384,60.2176520627128,60.2175413956051,60.2177224402679,60.2176673964702,60.2176807403115,60.2174890186133,60.2178221549334
19.2575226971684,238.153557204643,691.964592936993,660.594638809751,646.096173615105,509.294818245078,633.97084132022,516.3434142287,529.528328667941,809.498007309623,946.886477927605,171.496272969776,150.655027709353,133.622892811517,39.4234850600317,138.540444143353,217.458217800487,184.912090927497,13.0316484599975,39.8414181738919,221.064092747108,1.02803217626455,1.02161607590283,0.996471158492956,0.962205741309638,0.961252197533617,0.962160138820067,0.956308060640311,0.957172977203202,1.02123784006316,0.967965952842323,0.964882397353212,0.947468182860593,0.966455733706527,0.967327553332466,0.975307026617518,0.993298884282568,0.997232627533812,0.99554166823019,0.992598227014957,0.989686206988549,0.999814992941952,1.02495912189658,1.02369090587788,1.00156549224448,1.02930287810529,1.02108425913559,1.0040376626955,1.02175147399965,1.02296312127093,1.05034443073642,0.983527989495403,0.985752793344225,0.998497982387581,1.01475782264633,1.05091241215346,1.06492645860689,1.028385447234,1.02794342137067,1.03034557595093,60.2176002887447,60.217350319229,60.2174880718358,60.2178107549165,60.2180732713904,60.2177532701116,60.2176989923827,60.2176422885798,60.217986656125,60.2173744087572
19.3224263364255,238.153102864917,691.855898374636,660.521685432375,646.142067458173,509.415982800592,633.9976692134,516.351007589815,529.540088977482,809.6564237758,946.527154711505,171.531102263264,150.674180721089,133.63332354405,39.4550469275513,138.500681855065,217.476404490851,184.931471030904,13.0442579745152,39.8470519013982,221.137008165652,1.0280187755584,1.02159915828865,0.996456825188787,0.962199915805685,0.961250328275039,0.962159124518498,0.956305799514365,0.957170167806083,1.02123255246744,0.967964822609087,0.96488119234771,0.947466531411675,0.966453557851456,0.967321928748163,0.975292341757695,0.99328015687101,0.997213568273547,0.995524256815172,0.992572822076905,0.989654535746285,0.999798071236047,1.02494442557937,1.02367655762436,1.00154715485853,1.02929256004774,1.02105870815413,1.00401504416414,1.02171316923641,1.02292241946203,1.05033378556638,0.983537028436221,0.985755842904529,0.998476729897691,1.01471896609497,1.05090008339042,1.06491701985608,1.02837761352296,1.0279016079079,1.03034238478866,60.2174972803191,60.2169516365502,60.2171742589582,60.2179144395447,60.2184515456635,60.2177720823387,60.217720115592,60.2175902231765,60.218370839678,60.2169473490003
19.4128842283335,238.173624827195,691.655602692478,660.377184898768,646.239651844718,509.642780360631,634.061957917564,516.384624856403,529.574201752192,809.987330246653,945.609307769113,171.620326390139,150.719752563896,133.664102016585,39.519370911677,138.423178965528,217.519693552688,184.977263547379,13.0731147740703,39.8544771636975,221.338355863943,1.02798373253004,1.02155457160345,0.996417160967269,0.962177687549326,0.961235887624846,0.962146386922437,0.956290584849205,0.957153893743651,1.02121445369625,0.9679525109415,0.964868482452737,0.947453192404886,0.96643904702303,0.967300166434293,0.97525182534508,0.993231187265751,0.997163617156562,0.99547787966298,0.992510833458192,0.989580579586423,0.9997529412645,1.0249042669309,1.0236370606797,1.00149888448031,1.02926292941189,1.02099390509486,1.00395701643837,1.02161882749718,1.02282235711234,1.05030515913522,0.983544899552523,0.985753766171032,0.998423151969316,1.014631050926,1.05086566831917,1.06488884388152,1.02835342736114,1.02779821454912,1.03033334417787,60.2173327347599,60.2167383294078,60.2169702103443,60.2178801715846,60.2185122775457,60.2177344763927,60.2176858529835,60.2174472959025,60.2184485559916,60.2164387002328
19.5033421202415,238.223021353825,691.531749803118,660.29634979363,646.345778305685,509.835517861714,634.16185231911,516.447129175829,529.619385139697,810.2919367888,944.366046804,171.731886593313,150.766241822926,133.7076480756,39.5868730742561,138.356550106989,217.572652651519,185.036185383877,13.1071600230872,39.8649986387916,221.627282357112,1.02793812712575,1.02149838625543,0.996363624594935,0.962136824603151,0.961199813746878,0.96211150517745,0.956253634063131,0.957116141314071,1.02118218300204,0.967919329755173,0.964834439477852,0.947419428444143,0.96640423279808,0.967259656859437,0.975196504386611,0.993168909881087,0.997100748740137,0.995418190204786,0.992438782366748,0.989498760520402,0.99969440992342,1.02485124345318,1.02358485849713,1.00143710531478,1.02922423541511,1.02091981751138,1.00388820371217,1.02151707281443,1.02271535563009,1.05026877932538,0.983527148594502,0.985731578897422,0.99835988584472,1.01453757314019,1.05081949496164,1.0648507018539,1.02832099834697,1.02768856656238,1.03032013542983,60.2171061691835,60.2168846911512,60.2170114920785,60.2175948179461,60.2180076478403,60.2175611005609,60.217515543931,60.2171853832396,60.2179191578424,60.2160766563042
19.5938000121495,238.289903180246,691.582903732036,660.366936983143,646.426387899693,509.913850498422,634.283431198347,516.527504644536,529.660410509165,810.427108492293,943.07541184598,171.834499223378,150.79295950316,133.753072452535,39.6376816410427,138.330260936857,217.622046198305,185.094361546265,13.1371869756888,39.8833659769485,221.946524827509,1.02789373197308,1.02144670008679,0.996309112273047,0.962080769454795,0.96114112749891,0.962052584386554,0.956194230477225,0.957056726219509,1.0211387269429,0.967863394245031,0.964777262358217,0.947364010656188,0.966348422815835,0.967203451915647,0.975138754295132,0.993109819083598,0.997042447382166,0.995361046505011,0.992378646050785,0.989435519320709,0.999637697532328,1.02479900008307,1.02353343139697,1.00137808470663,1.02918756357656,1.02086313486467,1.00383115483654,1.02144938503158,1.02264599269027,1.05023516654644,0.983472033418965,0.985682730876052,0.998306342154064,1.01447021738781,1.05077336866112,1.06481264226478,1.02828979053779,1.02761991171371,1.03030527582329,60.2167805960907,60.2171080667127,60.2170923471051,60.217080451064,60.2171315305605,60.2171923654802,60.2171504255819,60.2167946166066,60.2169703725538,60.2158865539757
19.6842579040575,238.348457617535,691.788882982484,660.575495303181,646.46053761816,509.871392258068,634.392379931223,516.599721893874,529.68245169279,810.357896419496,942.078621625268,171.901159052647,150.791542398052,133.786478301082,39.6609245191875,138.345774986596,217.655948664376,185.136120678644,13.1555590061212,39.9080373357664,222.21236898289,1.02786235547644,1.02141330539982,0.996267782815561,0.962023676100878,0.961074591397338,0.961984418129702,0.956127351690866,0.956990655456245,1.02109524198197,0.967798466150951,0.964711117364499,0.947300649551812,0.966285404004557,0.967145579385891,0.975093055305082,0.993068754038642,0.997003687379976,0.99532118379246,0.99234458270081,0.9894049549669,0.999597270560891,1.02476102426067,1.02349603897232,1.00133672093573,1.02916287302514,1.02083946937043,1.00380110207636,1.02143521227134,1.02263443521486,1.05021340660717,0.983393307110591,0.985618579365897,0.998275294305911,1.01444315800208,1.05073934027386,1.06478445621023,1.02826847344693,1.02761275095539,1.03029265474044,60.2163496127514,60.2170366732908,60.2169349503262,60.2164253332844,60.2161952315142,60.2166186488486,60.216580939831,60.2163081367229,60.2159730902169,60.2158516346933
19.7747157959655,238.369265157626,692.021967108432,660.810329036574,646.446446902545,509.765307569416,634.448885267421,516.632856616637,529.677454291246,810.166130292747,941.684188905393,171.916737419113,150.769442052938,133.796194457523,39.6560807536058,138.380980054454,217.666024437643,185.148955749455,13.1581938223037,39.9302159059811,222.337644229169,1.0278525551189,1.02140591427945,0.996251357715633,0.961986825302716,0.961026952251192,0.961934733219363,0.956079835037066,0.956944272048037,1.02106809677701,0.967750630900785,0.964662656411193,0.947254642687585,0.966240089961214,0.967107584389691,0.975072509251674,0.993055377908519,0.99699317505789,0.995308458869153,0.99234045278711,0.98940709527246,0.999583175405577,1.02474707227553,1.02348226526437,1.00132293629103,1.02915621638489,1.02084891415632,1.00380185170621,1.02146608759677,1.02267024348868,1.05020867597011,0.983326755691727,0.985566031442511,0.998270549444939,1.01445215829745,1.05072633519112,1.06477326089958,1.02826242369556,1.02765432990607,1.03028647190776,60.2158518017727,60.2164649238561,60.2163805930026,60.2157447777051,60.2154457551048,60.215905915789,60.2158718400772,60.2157918767378,60.2152577127266,60.2159109861313
19.8651736878734,238.337156049315,692.129673740683,660.930150862104,646.397511675807,509.669582937805,634.429289075515,516.607255061383,529.647474774279,809.988544300718,942.048484964104,171.880704229146,150.743687909485,133.778000412597,39.629523505322,138.408516858314,217.649245077999,185.128384690106,13.1453318516616,39.9382893313345,222.267510610185,1.02786701544471,1.02142476317167,0.996265398026566,0.961988763826085,0.961023635124938,0.961930261258085,0.956077028874453,0.956942215698186,1.02107112427546,0.967745334355248,0.964657736052521,0.947250371064352,0.966236316880619,0.967108562539262,0.975084605790317,0.993072334080144,0.997011993941289,0.995325611176522,0.992362290230678,0.989433400015586,0.999598658186888,1.02476059798942,1.02349554834753,1.00133962722415,1.02916846562086,1.02088010686069,1.00382748978746,1.02151601827346,1.02272415769816,1.05022121851031,0.98331074387366,0.985553693710201,0.998288957571016,1.01448351718206,1.05073761088605,1.06478184604018,1.02827253828983,1.02771187910097,1.03028948706406,60.2153617722609,60.2155034056755,60.2155134594817,60.2151396626656,60.2149583471784,60.2151848654121,60.2151529936082,60.2153205170844,60.2149406890101,60.2159721112719
19.9556315797814,238.260081140466,692.033228674455,660.854724491946,646.331089993454,509.625080296079,634.340083804567,516.526415875436,529.603202005054,809.926627487383,943.091063448107,171.807024718981,150.730691788002,133.738536853866,39.5903258563773,138.415452209374,217.609650082723,185.080833075059,13.1217912050557,39.9272159861701,222.012718966124,1.02790110961048,1.02146284319058,0.99630609066535,0.962033621503547,0.96107259635873,0.961979741177826,0.956126714195084,0.956991810978038,1.02110694985084,0.967791247374734,0.964705009651134,0.9472958400362,0.96628174482612,0.967153145964257,0.97512690152766,0.993114186501549,0.997053437870797,0.995366963969472,0.992401843332217,0.989473410875548,0.999638738990127,1.02479720082272,1.02353164691965,1.00138145702307,1.0291949565724,1.02091790943178,1.00386662279277,1.02155869168382,1.02276745332652,1.05024648986893,0.983361486916483,0.985593758117638,0.998323432155521,1.01452426561888,1.05076930056795,1.06480755496011,1.02829494434572,1.02775432776588,1.03030131814256,60.2149594602099,60.2145248856574,60.2146321822014,60.2146732871033,60.2146561659961,60.2146043706091,60.2145738613739,60.2149506941391,60.2149009067396,60.2159373596798
20.0460894716894,238.168441443196,691.782069460092,660.623140560201,646.26166881596,509.622262834143,634.219195673083,516.418958966299,529.560158021155,809.994566871737,944.497571191043,171.713874514802,150.731873497058,133.688866185764,39.5448330069621,138.407136081109,217.555225598377,185.020276091057,13.0926307903443,39.8941755062936,221.644269017156,1.02794591007157,1.02151093150316,0.996363573351472,0.962109464958705,0.96116006468098,0.962069170708037,0.956214777700468,0.957078956518221,1.02116525684662,0.967875611436022,0.964791257299203,0.947378461576714,0.966363926199778,0.967229617590881,0.97518960118056,0.993171719296936,0.997108248008434,0.995423003958184,0.99245242723122,0.989521806984061,0.999694050145089,1.02484798558242,1.0235819314512,1.00143904483385,1.02922977900738,1.02095446343221,1.00391084511788,1.02158552971651,1.02279141768833,1.0502783537207,0.983464137417738,0.985674838519063,0.998368088179317,1.01457057695568,1.0508133232079,1.06484465648967,1.02832453335055,1.027772973918,1.03031872059265,60.2146932303415,60.2139353231,60.2140766511766,60.2143699691884,60.2144188977077,60.2142693665736,60.2142405197158,60.2147017795822,60.2148985448204,60.2157359080067
20.1180416783718,238.108019570866,691.560763895329,660.410876557126,646.207977640314,509.619574008107,634.13089050952,516.338843615679,529.53393256241,810.091327450842,945.58777208324,171.644086026262,150.741454858284,133.654714059735,39.5098590582552,138.40428684444,217.511693196168,184.975865591385,13.0719527188663,39.8646967499689,221.353021841542,1.02798009348576,1.0215472474636,0.996409049125086,0.962172718313169,0.961233935352788,0.962144915932049,0.956288982208789,0.95715221677233,1.02121318356956,0.967947574673854,0.964864623945853,0.94744870866112,0.966433761154019,0.967293790015119,0.975240654780875,0.993217796662214,0.997151102977502,0.995467002205991,0.99249371976572,0.989561740452285,0.999738233038683,1.02488856438137,1.02362227365596,1.00148513903421,1.02925638210272,1.02097827688188,1.00394275460989,1.0215964964459,1.02279895888433,1.05030244987446,0.983553283520615,0.985745988388334,0.998404831579323,1.0146093816582,1.05084839358328,1.06487528530949,1.02834735131898,1.02777505239576,1.0303325439668,60.2145787516055,60.2138889659049,60.213998333156,60.2142456378571,60.214237691486,60.2141966674948,60.2141689647755,60.2145801621212,60.2147973654522,60.2154405164565
20.1899938850543,238.075090988121,691.415384131177,660.268558096241,646.15923107094,509.591446027002,634.075055244027,516.28367103419,529.518519374948,810.164964078952,946.39423181878,171.59048854991,150.75019414937,133.632368920128,39.4799937116981,138.414867799571,217.476388625886,184.944670624942,13.0571596403274,39.8402153857794,221.136888636335,1.02800583559976,1.02157557831533,0.996444655486164,0.962221113378148,0.961289765451473,0.962202119036701,0.956344906301186,0.957207382605019,1.0212488768434,0.968002304807391,0.964920285721143,0.947502128945409,0.966486999681459,0.967343145535861,0.975281610405513,0.99325565836823,0.997185876817196,0.995502211801453,0.992530918242679,0.989599874738002,0.999774142107008,1.02492137824709,1.02365508536552,1.00152289220903,1.02927743180378,1.02099784576655,1.00396879420926,1.02160620700908,1.02280600269926,1.05032128980491,0.983620446838036,0.985800372159188,0.998438167955203,1.01464900921652,1.0508765215299,1.0649010853461,1.02836564457685,1.02777775327312,1.03034282996017,60.2145231557104,60.2141711988066,60.2142147478924,60.2142177232759,60.2140892963904,60.2142638709126,60.2142354044875,60.214503892321,60.2145867677809,60.215042424494
20.2451517829941,238.072047694072,691.389637718918,660.244507648214,646.12874424581,509.548161533073,634.063138253668,516.265111303636,529.514607960192,810.179069650528,946.717372295529,171.565222329012,150.754672574106,133.626283710422,39.463546969011,138.434383109656,217.458444364199,184.933113336996,13.0512762793267,39.8313650315571,221.045423032782,1.02801759252763,1.0215892947058,0.996460949591545,0.962240425657669,0.961310860875893,0.962223551142421,0.956366031040226,0.957228308046252,1.02126294161379,0.96802303339926,0.964941300425545,0.947522454970996,0.96650742313017,0.9673629562978,0.975300817659374,0.993274859406902,0.997203376118099,0.995519324829085,0.992553151624454,0.989624690401786,0.999792075640811,1.02493767666273,1.02367156029285,1.00154195611865,1.02928778556804,1.02100954093308,1.00398294169994,1.02161531193161,1.02281431749504,1.05033044564842,0.983643932630049,0.985820494597771,0.998458302323036,1.01467706400895,1.05089032449161,1.06491490106653,1.02837489782295,1.02778452939873,1.03034720701286,60.2144971888183,60.2145053028121,60.2144949558653,60.2142528399717,60.2140324212268,60.2143738339864,60.2143426945353,60.2144608920747,60.2143876788443,60.2146903180067
20.3003096809339,238.085593134928,691.445823415899,660.304382212597,646.108121220776,509.492463318234,634.078571619605,516.267512542783,529.516183909204,810.150653134865,946.739841280155,171.557393173093,150.754020766392,133.629540213907,39.4551618953795,138.460571401744,217.451531341603,184.933957529719,13.0511063663815,39.8317193283882,221.038126773237,1.02802023747334,1.02159422958443,0.996465410334078,0.96224122669317,0.961309577126361,0.962221936013331,0.956364629418093,0.95722701873947,1.02126255825708,0.968021843928073,0.964939983101705,0.947521479954755,0.966506757068966,0.967363969328913,0.975306726803211,0.993282935741501,0.997210688255626,0.995525592626155,0.992567038403378,0.989642463167648,0.999799221046984,1.02494402478005,1.0236782096528,1.00154985595956,1.0292918091402,1.02101780110875,1.00399075343959,1.02162668439142,1.02282632299328,1.05033385203851,0.983639578756786,0.985818284767379,0.998471156283032,1.0146994901164,1.05089546580617,1.06492154733186,1.02837891019627,1.02779701826748,1.03034757221197,60.2144648854648,60.214818448868,60.2147686961797,60.2143236423999,60.2140538921914,60.2144960215373,60.214460373583,60.2144186221817,60.2142093941014,60.214323779267
20.3554675788737,238.111410316628,691.566309894208,660.433142544483,646.102042637634,509.438114655916,634.118622274539,516.288519124956,529.522417868453,810.090134191794,946.470027295591,171.567457006051,150.750025017305,133.641370392767,39.4568136983191,138.487748186249,217.456066873394,184.946603293757,13.0565517973418,39.8423150864857,221.108424867148,1.02801410269207,1.02159002795958,0.996457874848626,0.962224382594275,0.961287420018225,0.962198862794118,0.956342293067,0.957205101705601,1.02124895161478,0.968000119160849,0.96491778427455,0.947500524443268,0.966486241934697,0.967346990910636,0.97529889928366,0.993278928620536,0.997206941184954,0.995520408991459,0.992570279485024,0.989649962128941,0.999794839699963,1.02493984129745,1.02367442552979,1.00154569499898,1.029289233602,1.02102103217318,1.0039909534119,1.0216375620482,1.02283903061095,1.05033127089885,0.9836095816358,0.98579527337207,0.998474678589609,1.01471197029035,1.05089151250282,1.06492041697058,1.02837740965042,1.02781207947324,1.03034425333539,60.2144118082786,60.2150092654244,60.2149453609685,60.2144119842799,60.2141619730364,60.2145977799058,60.2145565986634,60.2143680699927,60.2140962552921,60.2139673806392
20.4253248568162,238.151524188146,691.75793462141,660.642649770469,646.120636186295,509.397891802632,634.194349349035,516.333928106125,529.535416073869,810.004991539817,945.787568479324,171.604209855378,150.743167327811,133.664961457501,39.4746145711056,138.511873053505,217.4770683531,184.976547206544,13.0704221194107,39.8661125055939,221.287719854815,1.02799513664328,1.02157236327784,0.996433510816941,0.962184385875416,0.961238380103322,0.96214826055248,0.956292912272474,0.957156450617246,1.02121764882298,0.967952043638515,0.96486877917496,0.947453871745504,0.966440147115735,0.967306445294727,0.97527197052539,0.993257482918461,0.997187075320999,0.995498773219311,0.992557244352049,0.989641042352579,0.999773859931986,1.02492052704511,1.0236556894189,1.0015241471812,1.02927718039935,1.02101539172813,1.00397919179465,1.02164423840738,1.02284885441042,1.05031994778729,0.983547963370708,0.98574600491929,0.998464034363248,1.01470773426935,1.05087447617517,1.06490827807412,1.02836807382241,1.02782656016241,1.03033578221476,60.2143013531951,60.2149767337309,60.2149349195568,60.2145091830378,60.2143915762526,60.2146545169729,60.214607271939,60.2142804273021,60.2140798434961,60.2135658296846
20.4951821347586,238.190734785856,691.924729514852,660.833820232882,646.169321787502,509.412816625936,634.284346399194,516.390520318639,529.552699294151,809.956163474485,944.862115288242,171.662946157721,150.740998294496,133.69445555698,39.5091743892446,138.514667863309,217.511508266524,185.017174153001,13.0902432971507,39.8967588725874,221.527051295206,1.02796707210372,1.02154321359267,0.996397084735081,0.962133616587209,0.961179098158884,0.962087516139248,0.956233249862495,0.957097484464549,1.02117870076149,0.967894062706293,0.964809736504333,0.947397329110602,0.966383924108189,0.967254887235437,0.975231198206621,0.993220842496464,0.997152856228371,0.995463575507322,0.992525144613787,0.989609826343993,0.999738798870219,1.02488853749241,1.02362429060755,1.0014875734327,1.02925693142984,1.0209962455,1.00395362424128,1.02163482332592,1.02284224903572,1.05030112724776,0.98347799813151,0.985688432356675,0.998436479311914,1.0146773362493,1.0508466361565,1.06488613043276,1.02835169532478,1.02782500529464,1.03032450498651,60.2141391448398,60.2146283772262,60.2146428817426,60.2145406758552,60.2146422577194,60.2146001996629,60.2145505645111,60.21415646077,60.2141821898079,60.213248510302
20.5650394127011,238.221944612798,692.007759466292,660.943027688192,646.241829078173,509.493015158109,634.374105467412,516.448240638158,529.572959255213,809.98408643698,943.869927607494,171.734362685797,150.746809847809,133.723923824554,39.5550092909988,138.489997454869,217.552813780803,185.06165705679,13.1125400003656,39.9247550221571,221.778244043451,1.02793473600052,1.02150734826177,0.996355945663924,0.962084869019647,0.961125305199813,0.962032923820343,0.95617899299583,0.957043564318468,1.02114134050173,0.967841823295758,0.96475653563024,0.947346040741909,0.966332562524711,0.967205433937609,0.975185230613206,0.993175808556316,0.997110318639459,0.995421364976322,0.992478916805564,0.989560383115654,0.999696068648898,1.02484965516437,1.0235859435639,1.00144273612996,1.02923207699084,1.02096437299805,1.00391730313281,1.02160519626339,1.02281386705578,1.05027794095661,0.983420515384339,0.98563898221467,0.998396221400775,1.01462387277224,1.0508129234058,1.06485808969879,1.02833114508645,1.02780035033622,1.03031273984261,60.2139309974269,60.214057959659,60.2141405255681,60.2144569636749,60.2147908280563,60.2144215273136,60.2143746444165,60.2139880348488,60.2143155535082,60.2130316967644
20.6348966906436,238.243305535452,691.983873996757,660.942733347468,646.323752771701,509.623685975977,634.451574160878,516.498877001064,529.594197848593,810.0970322121,942.977428301904,171.807450726438,150.762616288396,133.749503088426,39.6039816576048,138.442800750377,217.593640027021,185.103168214329,13.1339500098938,39.9444052623207,221.996907088405,1.02790342115904,1.02147038577871,0.996317081229657,0.962047469862722,0.961087703436148,0.961995425479307,0.956140912431361,0.957005348102095,1.02111269021113,0.967805841966382,0.964719861465385,0.947310266977244,0.966296294837281,0.967167612240251,0.975142185900434,0.9931300160129,0.997066410410842,0.995379132869004,0.992426442852205,0.989501179955471,0.999652828548435,1.02481034063194,1.0235470603881,1.00139721305683,1.02920651446595,1.02092353867378,1.00387535320028,1.02155716939217,1.0227649641679,1.0502540312374,0.983387935843396,0.985608151419831,0.998350090890633,1.0145565521919,1.05077885347336,1.06482897214603,1.02830965408431,1.02775285583226,1.03030258857085,60.213688382617,60.2134310394952,60.2135677506858,60.2142280420725,60.2147190508838,60.2141262925053,60.2140864062784,60.2137708216828,60.2143547327072,60.2129136791366
20.7047539685861,238.256149929061,691.873663269635,660.851293937229,646.396736797797,509.769393839163,634.508634203909,516.536409656435,529.613639167263,810.26760603843,942.311944188675,171.870592292018,150.785722170765,133.768386973452,39.6462973351526,138.386437072955,217.626897910658,185.135593948762,13.1512290236486,39.9530506626818,222.152503378006,1.02787797175624,1.02143834661783,0.996286454616443,0.962025942845607,0.961070184924953,0.961978777416096,0.956122976178207,0.956986887376534,1.02109618671429,0.967789749259876,0.964703417303279,0.947293705214167,0.966278958734437,0.967146007392659,0.97510883301344,0.993091251025754,0.997028523156543,0.995343774137127,0.992377879191801,0.98944434976427,0.999616290254099,1.02477706539987,1.02351408351061,1.00135870102724,1.02918433602316,1.02088115490375,1.00383514104547,1.02150013298691,1.02270524393753,1.05023331028619,0.983382293480489,0.98559846376741,0.998306985956942,1.01448984025128,1.05074993760179,1.06480373403631,1.02829069173062,1.02769214780896,1.03029546032275,60.2134231818818,60.2129163969297,60.2130731340141,60.2138544368181,60.2143602187824,60.2137388133928,60.2137073632912,60.2135059040136,60.2141890950859,60.2128773251941
20.7746112465285,238.262624233183,691.730584648506,660.722321229001,646.443498660286,509.885437104822,634.540720671818,516.556485743507,529.627604438828,810.441767152208,941.947515886561,171.913543877764,150.809761131757,133.77892324075,39.6729914565899,138.338446954458,217.647077465185,185.154304409685,13.1618180072996,39.9515851279623,222.231215683597,1.02786205960948,1.02141656570921,0.99626807273008,0.962019834889478,0.96107006348685,0.96197985686724,0.95612257910187,0.956985820862663,1.02109152964502,0.967790556770392,0.964704199237171,0.947293702793746,0.966278155863634,0.967140076784509,0.975089473820827,0.993065934937541,0.997003060611296,0.995320832686437,0.992343238409279,0.989402595428642,0.999592383583857,1.02475515698748,1.02349232710089,1.001333541424,1.02916911147163,1.02084656621803,1.0038046887877,1.02144862191506,1.02265030579954,1.05021924373672,0.983396252747328,0.985605060239844,0.99827577374701,1.01443959399826,1.05073073010157,1.0647865440243,1.02827737213764,1.0276346614403,1.03029194245658,60.213145125302,60.2126189959183,60.2127535879293,60.2133696874308,60.2137296110639,60.2132942275721,60.2132695526663,60.213201563646,60.2137707108069,60.2128949253662
20.844468524471,238.263173533735,691.61727484996,660.619942977719,646.452955241459,509.933836306433,634.54638524334,516.556462734476,529.632394569812,810.559704066937,941.905638676052,171.929286880021,150.827007514172,133.780395624681,39.6783379807896,138.314315925111,217.651159886315,185.156821707989,13.1642163889733,39.9435767189271,222.233584207986,1.02785774727915,1.02140873004956,0.996263701576046,0.962025420183316,0.961080811074138,0.961991594083659,0.95613326088216,0.956995985979667,1.02109596305079,0.967801472912112,0.964715344589943,0.947303908654956,0.966287807058862,0.967145910478246,0.975085668208348,0.993057976021068,0.99699423673059,0.995313633791604,0.992329825648156,0.989385620939285,0.999584733115272,1.02474790281308,1.02348508073817,1.00132559904577,1.02916330608787,1.02082840370535,1.00379066771277,1.02141757035074,1.0226164458262,1.05021424464746,0.983417758876354,0.985619177995623,0.998263030150813,1.01441832056711,1.05072407590187,1.06478007575932,1.02827192932148,1.02759800830257,1.03029193636819,60.2128622930113,60.2125429558634,60.2126197761936,60.2128334565396,60.2129271445547,60.2128332161397,60.2128119274311,60.212874224121,60.213139718707,60.2129337462981
20.933847318375,238.252231666067,691.582669576593,660.596285783304,646.409316844861,509.874207703188,634.517849733486,516.527067510333,529.621290189025,810.566011443559,942.280187643996,171.907074900717,150.830428783484,133.769623751635,39.6537151796213,138.329015199667,217.633396782678,185.137252264975,13.1554284066367,39.9314175021659,222.142515635058,1.02786914952195,1.02142050051543,0.996277478669977,0.96204229284257,0.961099856292825,0.962010974307654,0.956152583502925,0.957015211938207,1.02110948846693,0.967819452057297,0.964733849686227,0.947321642813206,0.966305458423606,0.967162912650884,0.975101519686803,0.993073538121121,0.997008388387465,0.995327729447652,0.992346746153716,0.989404818839438,0.999599117566872,1.02476051712478,1.0234975283135,1.0013409953608,1.02917063746868,1.02083634729692,1.00380125447672,1.02142224532286,1.0226201074669,1.05022206366592,0.983439491016604,0.985635614910347,0.998276751164282,1.01444007664214,1.05073442160713,1.06478818688291,1.02827758603328,1.02759965928546,1.03029615910688,60.2125086920425,60.2126097999579,60.2125932114509,60.2121895656365,60.2119108045515,60.2122872755761,60.2122661563127,60.2124612911377,60.2122288917895,60.2129609056313
21.0522287304652,238.211573508725,691.708906548627,660.730324299408,646.289252467762,509.649755607829,634.437246709358,516.451032334825,529.580221223466,810.352300462777,943.308237001836,171.818961349487,150.801533799693,133.736404516667,39.5847311579514,138.404966718775,217.580947003401,185.083610277905,13.1279732937888,39.9176902201293,221.90630880222,1.02790675587417,1.02146633599104,0.996321447823398,0.962074677010625,0.961127720500262,0.962037772641888,0.956181219324456,0.957044576669382,1.02113524419053,0.967844208049198,0.964759518816357,0.94734717059975,0.966331854385815,0.967195037595587,0.975148953548218,0.993128029976563,0.997061585479275,0.995377765265115,0.992413893665324,0.989483545283708,0.999650103905885,1.02480634047661,1.02354296666482,1.00139506354854,1.02920160235303,1.0208937564158,1.00385651596274,1.02149794033933,1.02269907733273,1.05025222900385,0.983453408332721,0.985649945220532,0.998334974624805,1.01453236567056,1.05077336978633,1.06482139383003,1.02830359040893,1.02767955480144,1.03030692915546,60.2120956066137,60.2125628744828,60.2124670437149,60.211596706733,60.2110526384174,60.2117499775045,60.2117270791939,60.2120071015029,60.2113321969022,60.2128717913966
21.1706101425554,238.146241846135,691.864093751372,660.885587298236,646.160902343046,509.414637396115,634.342650792432,516.361752170996,529.525535427616,810.063746151799,944.581728491877,171.70491412939,150.759035863509,133.693444997365,39.5107565721425,138.48950979869,217.518696656918,185.022329858174,13.094925109166,39.9098112430594,221.610791517269,1.02795443336237,1.02152565790201,0.996377675265108,0.96211537210995,0.961162265613092,0.962070897994402,0.956216642864547,0.957080916279826,1.02116716255184,0.967875113139454,0.964791454731059,0.94737901867225,0.966364873410262,0.967235303510719,0.975208221917392,0.993196086729727,0.997129187986838,0.995441447753,0.992496015986222,0.989578149517184,0.999714123542198,1.02486436835492,1.02360064352524,1.00146269860936,1.02924293466415,1.02097120941023,1.00392925587466,1.02160289435985,1.02280931112272,1.05029135563416,0.983468937695417,0.985667874693934,0.998407551505802,1.01464184183947,1.05082316272016,1.06486503739262,1.02833911926231,1.02779269848511,1.03032043791317,60.2117956109945,60.2120987659445,60.2120312283529,60.2113956895481,60.2109902493996,60.2114970302557,60.2114731157354,60.2117267567551,60.2111458608982,60.2125775607175
21.2571679267235,238.09631618128,691.877379864537,660.89814836611,646.099793044669,509.330673975732,634.290191625975,516.30923056986,529.491951498099,809.94442221079,945.404414410451,171.635034531252,150.739435624301,133.665202244819,39.4752216207021,138.521494027286,217.481950352289,184.988347609555,13.0756392809462,39.9048997511101,221.408294284312,1.02798440047983,1.02156223040361,0.996414595048575,0.962149041923025,0.961195496758093,0.962103907124325,0.956250288583862,0.957114737888125,1.02119287048368,0.967906353538769,0.964823446966692,0.947410257487986,0.966396576197618,0.9672689108144,0.9752469865402,0.993237517597295,0.997170395899585,0.995481224202624,0.992541785824035,0.989628202134248,0.999753235317658,1.02490004094069,1.02363622257002,1.00150392518958,1.0292694277316,1.02101509674807,1.00397172000921,1.02165888300418,1.02286757470614,1.05031561597249,0.983496705409639,0.985693118015411,0.998448749812647,1.01469725302376,1.05085391357241,1.06489284123627,1.0283622954088,1.02785203578385,1.03032984737146,60.2116656619106,60.2115751398873,60.2115900163394,60.2114658059874,60.2113506119359,60.2114896980177,60.211464350481,60.211639252736,60.2114390301837,60.2122258466328
21.3437257108917,238.06259436549,691.769587486039,660.796922419362,646.084465016371,509.352831798679,634.270563262948,516.282004851325,529.475710705031,809.972957239747,945.904231341202,171.598690792723,150.741469780202,133.648506410885,39.4658698715033,138.51619974686,217.462718282647,184.973684568592,13.0666091488838,39.8988944301853,221.269117580037,1.02800138500388,1.02158174262272,0.996437875959936,0.962179854362917,0.961230954044044,0.962140205562971,0.956285786941703,0.957149762245317,1.02121561702171,0.967940998287172,0.964858703900269,0.947444085148043,0.966430277377248,0.967300048942677,0.975271914671385,0.993260113909965,0.99719239996078,0.995503761365598,0.992561730911282,0.989646636321223,0.999774627716537,1.02491972100447,1.02365602776599,1.00152644550654,1.02928475999166,1.02103188453275,1.00399065579303,1.02167357864864,1.02288166679133,1.05032876493074,0.983538862924425,0.985727295577257,0.998467508101938,1.01471430762568,1.05087091245188,1.0649093199554,1.02837612806626,1.02786504488047,1.03033651801268,60.2115999269319,60.2111505660705,60.2112545062176,60.2116219028574,60.2117907648163,60.211582035976,60.2115530013631,60.2116171860576,60.2118538133509,60.2117879243201
21.4302834950599,238.057706402907,691.600563386546,660.647216683161,646.112298846954,509.45064058578,634.290712676927,516.284915245218,529.480922083283,810.124605047668,945.930161966514,171.605070005319,150.763002890751,133.648830952825,39.481677280222,138.484574845336,217.464815329364,184.981504395521,13.070385269579,39.8939337233386,221.238358305671,1.02800072034239,1.02157951844728,0.996441168244618,0.962197070756742,0.961255366185406,0.962166073725846,0.956309831686986,0.957172914191441,1.02122718833376,0.967965888171545,0.964883864459343,0.947467780512801,0.966453407654134,0.967317864618462,0.975276525614271,0.993259161900647,0.997190462307972,0.995503713934369,0.992554072633591,0.989633666400413,0.999773757128733,1.02491916607484,1.02365582117178,1.0015255407011,1.02928512487349,1.02101927952289,1.00398273168737,1.02164700410482,1.02285214374946,1.0503276971987,0.983578541159583,0.985756557193017,0.998461912361508,1.0146954204039,1.05087040677302,1.06491096340873,1.02837724243169,1.02783291062572,1.03033826903727,60.2115627702856,60.2110214662895,60.2111725772774,60.2117609969511,60.2120784367143,60.2117022631945,60.2116683189677,60.2116074538367,60.2121281190475,60.2113156264564
21.516841279228,238.085491366486,691.474190137914,660.55196629952,646.168745493961,509.566309796511,634.34846758179,516.316515155363,529.505099160883,810.318233700706,945.430571936714,171.651082617414,150.793348200612,133.667669167231,39.5151317134126,138.447754963861,217.486719936232,185.009595180705,13.0857976025626,39.8944908417596,221.336877231431,1.02798262094383,1.02155698490561,0.996422568598559,0.962190089341971,0.961253601306275,0.962165481517163,0.956307461636603,0.957169765214847,1.02122025784654,0.967965572555907,0.964883307959929,0.947466648817856,0.966451638547886,0.967311401321475,0.975258248692295,0.993235625775408,0.997166044960071,0.995481321198149,0.992524480401299,0.989598376756086,0.999751489011501,1.02489908724836,1.0236362671781,1.00150215325138,1.02927093214791,1.02098519087424,1.00395302169353,1.02159532336151,1.02279696186539,1.05031326872076,0.983591652224079,0.985762743189226,0.998436667828176,1.01465355901457,1.05085295904254,1.06489796721265,1.02836587058831,1.02777535348655,1.0303339937573,60.2115060890475,60.2112079219976,60.2113384308329,60.2118003262506,60.2120920345823,60.2117729928181,60.2117360091545,60.2115546641421,60.2120980698288,60.2108739571809
21.6033990633962,238.137361326983,691.474303501717,660.586119581764,646.233490148349,509.647819681084,634.431780066081,516.368988757868,529.538966250046,810.46239296386,944.492514954596,171.725645236488,150.819356361677,133.701749452591,39.5565426418914,138.42448886692,217.523560574877,185.051947268735,13.1096937519707,39.9066587227214,221.558708340579,1.02795074101521,1.02151979017766,0.996384870411033,0.962154208387599,0.961217265097217,0.962129286988051,0.956270480619384,0.957132566268286,1.02119178679044,0.967931233391345,0.964848153001016,0.947432458136835,0.96641707986711,0.967275631522414,0.975219246823564,0.993194791433559,0.997125054931991,0.995441363074789,0.992482062376105,0.989552765045905,0.999712797625626,1.02486395563071,1.02360174085002,1.0014615299218,1.02924545210857,1.02094190848409,1.0039109814666,1.02154011155105,1.02273970983053,1.05028917898052,0.983561564952893,0.985734232678245,0.998399647173399,1.01460404748208,1.05082242311452,1.06487329698263,1.02834478091675,1.02771791240318,1.03032378964571,60.2113858584555,60.211527804625,60.2115830032666,60.2116977144832,60.2118491528407,60.2117301012479,60.2116942512179,60.2114194050216,60.2117638740036,60.210525608777
21.6899568475643,238.196668064906,691.61244708376,660.749886500833,646.29011750363,509.675666958633,634.524231702056,516.431040098637,529.57136636702,810.507334382879,943.34124604851,171.809773196293,150.83160373131,133.742049524868,39.5965057838201,138.420263467566,217.566464282896,185.099181860404,13.136020910636,39.9303636641602,221.852548025841,1.02791300189388,1.02147754368048,0.996337148781443,0.962096747732307,0.961153137780146,0.962064106345653,0.956205836278101,0.957068387401263,1.0211476635677,0.967869144855355,0.964784839887543,0.947371543308842,0.966356209307891,0.967217751120846,0.975168415173943,0.993146376372352,0.997077640956392,0.995393635707632,0.992437069821102,0.989507851629483,0.999666804444725,1.02482200097501,1.02356036662198,1.00141331354564,1.02921534323735,1.02090204401162,1.00386807934425,1.02149900291164,1.02269902231373,1.05026171802199,0.983492093579361,0.985675495848003,0.998359887424377,1.01455884244154,1.05078587786015,1.06484286818513,1.02831957185287,1.02767991108079,1.03030998888857,60.2111778814975,60.2116957665148,60.211667167859,60.2114536445055,60.211459163566,60.2115371004629,60.2115059680725,60.2111901209247,60.2112623527352,60.210312961323
21.7765146317325,238.243667247248,691.817886467736,660.966286884132,646.330121600058,509.665318616353,634.607224692657,516.488519942309,529.592718401029,810.464602172146,942.285169364265,171.883282569772,150.828953988449,133.776814747423,39.6281043225639,138.427220387734,217.605322921649,185.140721126433,13.1582839744367,39.9593768284624,222.138779867208,1.02787878957397,1.02144055924723,0.99629202133333,0.962035520984942,0.961082181034784,0.961991461850536,0.956134547027832,0.956997946359291,1.02110120396554,0.967799826310431,0.964714262627625,0.947303890762167,0.966288875124206,0.967155737441377,0.975119039817689,0.993101814891637,0.997035087445983,0.995349956381997,0.992398210010072,0.989470952150029,0.999624268510624,1.02478297211422,1.02352178882743,1.0013688606831,1.02918820702152,1.0208737101331,1.00383375027026,1.0214785381889,1.02268095325289,1.05023768174153,0.983408520942638,0.985606996803326,0.998325185125811,1.01452375511702,1.05075174016719,1.06481383830206,1.02829665412724,1.02766644986186,1.03029636457679,60.2108863884173,60.2114893980824,60.2114208828964,60.2110975852584,60.2110383635136,60.2111921371012,60.2111665505847,60.2108836626575,60.2107703106316,60.2102436942991
21.8630724159006,238.264857114017,691.976602176662,661.125667639701,646.352984847501,509.650052568079,634.664945848199,516.527915346351,529.599126616991,810.392362146644,941.622555093444,171.927329020572,150.819858919104,133.796031358067,39.6467103740485,138.431635140667,217.62989531032,185.166407451431,13.1702098863308,39.9828547237654,222.321847799756,1.02785805005401,1.02141829784636,0.996262675699202,0.961992483329946,0.961031374091592,0.961939212085942,0.95608370454644,0.956947903553735,1.02106946741786,0.967749753222262,0.964663385526955,0.947255179736313,0.966240455412457,0.967111824946807,0.975085445726966,0.993072222253552,0.997007856180546,0.995321846505942,0.992372249914608,0.98944636322396,0.999595774711799,1.02475657359283,1.02349564335953,1.00133925762735,1.02917147897966,1.02086019493553,1.00381436356489,1.02147517075735,1.02268027882329,1.05022323418984,0.983345490039082,0.985556101860865,0.99830167013976,1.01450035885146,1.05072844883211,1.06479360465081,1.02828228007724,1.02767002782159,1.03028757683833,60.2105418377268,60.2108860505324,60.2108457097636,60.2106695575805,60.2106430954075,60.2107280221789,60.2107064481388,60.2105355996862,60.2104015603622,60.2102860377103
21.9496302000688,238.253755065158,691.999943534947,661.149020385027,646.35833351045,509.653080777298,634.683072770634,516.536671308185,529.590103941643,810.351498710221,941.538120580325,171.93408378251,150.812343930025,133.793985911865,39.6496879575473,138.424655146068,217.634794595041,185.170124955901,13.1699022406289,39.9916922841482,222.352528340153,1.02785502928876,1.02141502445399,0.996256969447062,0.961983277107366,0.961020565856059,0.961928052675826,0.956073014328573,0.956937451239493,1.02106330889763,0.967738656541229,0.964652261204758,0.947244459722298,0.966229727542129,0.967102059922487,0.975077212589267,0.993064533047241,0.997001817365845,0.995315917096023,0.992363468417449,0.989436857704224,0.999587989498358,1.02474896988352,1.02348804264515,1.00133144142919,1.02916856837322,1.02086023741322,1.00381175953593,1.02148064198594,1.02268708749783,1.05022125122082,0.983331364763754,0.985543954428947,0.998293257677167,1.01448979135198,1.05072142310474,1.06478685114694,1.02827943604359,1.02767867300489,1.03028603274421,60.210190176169,60.2100821433701,60.2101177993408,60.210210605885,60.2102591922856,60.2102079887143,60.2101885315884,60.2101877762922,60.2101585328474,60.2103768155395
22.0361879842369,238.216206634943,691.873895266693,661.031567278834,646.344017620641,509.671944954459,634.656833383534,516.510052477537,529.569807761779,810.36906377249,942.041806750459,171.903324484395,150.812518726767,133.772585595027,39.6358130272689,138.408895523978,217.618482626923,185.150701865831,13.1579249906278,39.9821449798575,222.221695558204,1.02787028975889,1.0214309155307,0.996276086885717,0.962010734855601,0.961053390391006,0.961961780023309,0.956106091288728,0.956970115414102,1.02108480994444,0.967770158426696,0.964684564522519,0.947275228357134,0.966260145607696,0.967129449200572,0.975096522448742,0.993080611816596,0.997018072653004,0.995333307316829,0.992374075402919,0.989444914782908,0.999602873078668,1.02476211280301,1.02350096176933,1.00134733896026,1.02917979501916,1.0208718040847,1.00382527652032,1.02148963260152,1.0226952928083,1.05023182841109,0.983371722893795,0.985574593759316,0.998302001490898,1.01449490099701,1.05073244404799,1.06479536834973,1.02828850496222,1.02768536762393,1.03029221684474,60.2098774040555,60.2093851387961,60.209492283104,60.2097644050013,60.2098462068055,60.209714568384,60.2096964780968,60.2098771686906,60.209960056749,60.2104401919734
22.1227457684051,238.164198205716,691.667792819845,660.843361207134,646.305996040519,509.68006393388,634.592382736895,516.452803991936,529.543552395678,810.423173346633,942.966325050886,171.844406781662,150.818824852903,133.739675287156,39.6062016768524,138.397056441662,217.584901315189,185.113084294181,13.138105112938,39.9583825310324,221.976726971092,1.02789902754755,1.02146134745491,0.996313596314439,0.962063436604808,0.961115491586325,0.962025517615336,0.956168531973785,0.957031756427148,1.02112516606336,0.967830211549665,0.964745958465589,0.947333883224128,0.966318320575062,0.96718253437914,0.975137012644457,0.993116200548504,0.997052195229902,0.995368830435736,0.992403275743324,0.98947177469419,0.999636529624392,1.02479258888131,1.02353106890985,1.0013827614039,1.02920169298222,1.02089299948936,1.00385193717993,1.0215027240355,1.0227060884273,1.05025195428828,0.983447655135249,0.985633484054065,0.998327289220902,1.01451926628734,1.0507586267756,1.06481701656672,1.02830674091162,1.02769214777659,1.03030384171566,60.2096355099741,60.2090441382915,60.2091669107462,60.2093811517231,60.2093996368552,60.2093295514045,60.2093130547433,60.2096278924204,60.2097186773567,60.2104105526617
22.2093035525732,238.113186562808,691.493085656281,660.687532283614,646.24436549396,509.646436505816,634.508063290644,516.379547878209,529.516226024144,810.461665368826,944.028440847792,171.772805974748,150.824227282101,133.705820282363,39.5656311893328,138.403650128654,217.542481518662,185.067451961544,13.1160329463606,39.9305965195184,221.698545034193,1.02793309021189,1.02149848095344,0.996358065833532,0.962121358139283,0.961181910099021,0.962093406335513,0.956235334131201,0.957097843325801,1.0211692206758,0.967894383331107,0.964811515283525,0.947396738245021,0.966380899562866,0.967241061252575,0.975186231259484,0.993162033788152,0.997095480494894,0.99541273727491,0.992446231214495,0.989515029619718,0.99968015693015,1.02483239729831,1.02357049635683,1.00142847941783,1.02922835246768,1.02092177305754,1.00388682320937,1.02152416890526,1.02272527406512,1.0502764772367,0.983525865765787,0.985695341336236,0.998364950038304,1.0145632173733,1.05079302368893,1.064846227022,1.02832931939352,1.02770691607696,1.03031699548278,60.2094748371961,60.2091135856305,60.2091812971439,60.2091148408157,60.2089866686134,60.2091111204396,60.2090958483709,60.209449967556,60.2094156584619,60.2102515694872
22.2958613367414,238.075930986195,691.438130266277,660.642329973688,646.169922096643,509.560374019664,634.430976944025,516.311305774737,529.492314945665,810.440290946025,944.927356145862,171.705737480109,150.822312921406,133.680485390859,39.5229368910129,138.43464458532,217.501560102529,185.026197750411,13.0971276616966,39.9103434866541,221.466985787338,1.02796388620121,1.021533513238,0.996397266670423,0.962165054288825,0.961229055407273,0.962141080410855,0.956282890724603,0.957145191652554,1.0212025772635,0.967939618029595,0.964857715921092,0.947441374970905,0.966425702611806,0.96728527524114,0.975230211380527,0.99320645117819,0.997137295958041,0.99545376368512,0.992493882930956,0.989566748187453,0.999722545706891,1.02487124648496,1.02360910358636,1.00147283078152,1.02925334532709,1.02095442547097,1.00392325475117,1.02155603691472,1.0227563901932,1.05029962648873,0.983575497135158,0.985736697145044,0.998407095196269,1.01462002483811,1.05082664524761,1.06487565981572,1.02835087135404,1.02773536772158,1.03032786494311,60.2093836674277,60.2094322394546,60.2094075404584,60.2090062652498,60.208726141379,60.2090732636169,60.2090572642177,60.2093403413386,60.2091226014875,60.2099648862385
22.3628433907569,238.061029613995,691.493755258676,660.695923187033,646.115913013647,509.469468328565,634.392439890212,516.274261515418,529.478136833271,810.377237626287,945.364114833445,171.667323695889,150.81301605827,133.669788199864,39.4953449087802,138.470933673121,217.477642444238,185.004622561592,13.087581141411,39.9037201762491,221.361849553891,1.02798028590629,1.02155389726682,0.996417809208344,0.96218160219131,0.961243914558014,0.962155579957551,0.956297949344665,0.957160457421727,1.02121487498673,0.967953573223621,0.96487195071178,0.947455497224162,0.966440267288217,0.967302063457249,0.97525355157057,0.993232860534375,0.997162281013249,0.995477205592215,0.992526789560283,0.989604925420489,0.999747667790029,1.02489429036545,1.02363212108152,1.00149918177928,1.02926785367308,1.02097865710221,1.00394767616434,1.02158570046139,1.02278695036939,1.05031315066384,0.983585214875889,0.985747009239779,0.998436485459164,1.01466455533832,1.05084653796029,1.06489383230667,1.02836370749181,1.02776587725396,1.03033271999358,60.2093448096598,60.2096792249142,60.2095957389394,60.2090365661461,60.2086978741818,60.2091479743841,60.2091294069831,60.2092945203734,60.2089755048712,60.2096756931028
22.4298254447724,238.059356073434,691.606714529493,660.802042365802,646.078686643424,509.382157269823,634.38277003054,516.258867292256,529.469720121078,810.292342631149,945.507638316812,171.647746852703,150.800768921854,133.668465441562,39.4791940432512,138.508596047865,217.465276375367,184.99676993265,13.0842107385785,39.9071937157861,221.335073816914,1.02798750145201,1.02156472574613,0.996426342293981,0.962181410702261,0.961239189946467,0.962149998440315,0.956293315018278,0.957156271497786,1.02121437323759,0.967948546943689,0.964866799146055,0.947451070641296,0.966436406251715,0.967301892671333,0.975263370855161,0.993247077709518,0.997175958174326,0.995489022978028,0.992548991169395,0.98963271490652,0.999761049809704,1.02490656329988,1.02364453756289,1.00151333170786,1.02927558604962,1.02099686963823,1.00396382251215,1.02161298475826,1.02281614418303,1.05032043163678,0.983571142179931,0.98573870331855,0.99845666922858,1.01469899629235,1.05085704181718,1.06490442373937,1.02837095328004,1.02779674481357,1.03033386120627,60.2093158279335,60.2097851803976,60.2096856931783,60.2091473646637,60.2088435334768,60.2092740106138,60.2092514339758,60.2092712867378,60.2089520790892,60.2093571817721
22.4968074987879,238.069885219361,691.729536891854,660.920293389895,646.068929431381,509.326312880009,634.405545935131,516.267868298221,529.469064268268,810.218675679302,945.359063696266,171.64887211501,150.790045298659,133.674915210347,39.4778622829888,138.535670345644,217.465519949985,185.003370756893,13.0868194966755,39.918125170911,221.378436730375,1.02798531017746,1.02156494911916,0.996423080245361,0.962168306985539,0.961220632137591,0.962130449390911,0.956274694119689,0.957138139648354,1.0212039457085,0.967930248132351,0.964848090382109,0.947433539156903,0.966419382915968,0.967288641060189,0.975259818116897,0.993247622286413,0.997176860973766,0.995488372763023,0.992556440377953,0.989644339576682,0.999761260001008,1.02490672667218,1.02364500510968,1.00151379482277,1.0292760897014,1.02100529007556,1.00396894055691,1.02163068408587,1.02283600698846,1.05032076793515,0.983542897496405,0.985718329899498,0.998464008059994,1.01471554133853,1.05085698948773,1.06490628988973,1.02837207405022,1.0278192234852,1.03033175471364,60.2092812533984,60.2096930707125,60.2096294108765,60.2092988379367,60.2091281842189,60.2094050489559,60.209378259558,60.2092561675183,60.2090594591202,60.2090388113293
22.5802543475383,238.094932618383,691.825472485664,661.0236082595,646.099939327371,509.33063653412,634.471111563422,516.307849164651,529.479575527352,810.191169101968,944.840075251574,171.67915128426,150.786392898308,133.69105718569,39.498281869317,138.541656970494,217.483288841965,185.029504388621,13.0978870520031,39.93652187904,221.508827309537,1.02797035657554,1.02155038917119,0.996404679945044,0.962141776193529,0.961189139688956,0.962098135404495,0.95624286263946,0.957106643011638,1.02118284467739,0.967899732765183,0.964816898597302,0.94740376900447,0.966389885180508,0.967261819030258,0.97523929354589,0.993229530057627,0.997160105910555,0.995470912380068,0.992542155806914,0.989631215372566,0.999743548807182,1.02489043652486,1.02362923296149,1.00149561352533,1.02926669061932,1.02099757070295,1.00395735062217,1.02162939150898,1.02283653029051,1.05031148751575,0.983505135612827,0.985688159033529,0.998452409428978,1.01470373942351,1.05084261746942,1.06489626733817,1.02836484802692,1.02782292650958,1.03032566268298,60.2092110286307,60.2093473479711,60.2093778539385,60.2094621844807,60.2095429649504,60.2095051752467,60.2094749794504,60.209222067301,60.2093041758932,60.2086838906851
22.6637011962887,238.127343543042,691.818939781755,661.043028856746,646.169831539071,509.421229661697,634.559721491905,516.366920510064,529.500662174848,810.260244603117,944.082449181555,171.735588483766,150.79947344333,133.713738116961,39.538827206954,138.514149748508,217.516118963615,185.068935063001,13.1157777150827,39.9558971671689,221.687925249874,1.02794542908385,1.02152227174669,0.996374705448473,0.962111534600689,0.961157902801772,0.962066861026218,0.956211122506426,0.957074807574725,1.02115904198713,0.967869920365019,0.964786441054212,0.947374192258627,0.966360037020739,0.967231275062522,0.97520601944369,0.993194713341442,0.997126973325711,0.995438782035599,0.992504374766471,0.989589430819817,0.999710082566719,1.02485980880277,1.02359916352957,1.00146080359684,1.02924794978784,1.02096903187246,1.00392697880974,1.02159780783872,1.02280487637374,1.05029333326284,0.983476951188182,0.985662282703951,0.998419882223763,1.01465717900911,1.05081592173143,1.06487506409388,1.02834948186835,1.02779314873172,1.03031742251197,60.2090972213692,60.2089040733531,60.2090308759576,60.2095119759391,60.2098380350304,60.2094805135153,60.2094500762078,60.2091436533964,60.2095284582468,60.2084088681626
22.7471480450392,238.160134809,691.728520902893,660.989935161057,646.256570000385,509.568390688696,634.647616009743,516.427513697181,529.527292787896,810.411713061392,943.250443447062,171.805262098099,150.824685491772,133.738168949381,39.5878847748782,138.462199651919,217.555409917256,185.111483383675,13.136438709139,39.9694845469256,221.879044623286,1.02791604376349,1.02148719966461,0.996340158578985,0.962083913798471,0.961132982525248,0.962042631872427,0.956185583338037,0.95704876948594,1.02113711565533,0.967846611256006,0.964762623675695,0.947350615495631,0.966335771951677,0.967203484777912,0.975168183763964,0.993152134423455,0.997085779352347,0.995399856882943,0.992453662812914,0.98953111718308,0.999669503782311,1.02482276487982,1.02356259620041,1.00141834068924,1.02922432590047,1.02092670867926,1.00388537822456,1.02154364960045,1.02274873944028,1.05027061824175,0.98346330614811,0.985645403507974,0.998375501079349,1.0145898231641,1.05078377454792,1.06484821843848,1.02832968111145,1.02773702764662,1.03030870926028,60.2089342633494,60.2085570676816,60.2087251962392,60.2093872165732,60.2098381437991,60.2093072921081,60.2092795396005,60.2089996189612,60.2095648720075,60.2082333910149
22.8305948937896,238.187649900008,691.620393646933,660.91601586989,646.332309804981,509.714328347235,634.714142821294,516.473675085648,529.552044627976,810.586237073643,942.500618119258,171.873087823862,150.853344899814,133.761487841305,39.6319350037861,138.40772344588,217.591911502766,185.147470477123,13.1558873534125,39.9773285212865,222.051708742791,1.02788826997686,1.02145289385624,0.996307366875433,0.962060244785884,0.961113241771733,0.962023794303518,0.956165311347619,0.957027920571235,1.02111854628099,0.967828369558918,0.96474399279555,0.947331932094832,0.966316296286157,0.967179757176767,0.975132832604695,0.993111401711023,0.99704578529648,0.995362356100505,0.992403739289461,0.989473228270717,0.999631020667386,1.02478773924497,1.02352788498105,1.00137783092973,1.02920071489011,1.02088200862771,1.00384296319819,1.02148357334306,1.02268581694673,1.05024837478733,0.983456771208836,0.985633959091758,0.998331263692669,1.0145224248702,1.0507534655431,1.06482193393058,1.02830965329318,1.02767293862039,1.03030083244487,60.2087261823883,60.2084124678783,60.2085435319274,60.2090825134501,60.2094749979849,60.2090034703997,60.2089801164733,60.2087851397284,60.2093135643511,60.2081569848064
22.91404174254,238.205602001519,691.567397257424,660.881302257457,646.374988854867,509.800988703754,634.74880104903,516.496487179148,529.568052511891,810.710951320755,941.964011206324,171.923663855895,150.87376276798,133.779938200391,39.6589446931767,138.373126631012,217.617080688001,185.16958464278,13.1698932215561,39.9813409429286,222.18116082514,1.02786786947681,1.02142728857463,0.996282437693823,0.962040655387832,0.961095801779536,0.962006860245076,0.9561475812128,0.957009888303633,1.02110365911471,0.967812009838027,0.964727313976857,0.947315370765735,0.966299202622116,0.967160131280135,0.975106393439448,0.993081743270746,0.997016263654939,0.995334421769286,0.992368308292344,0.989432871271917,0.999603234871035,1.02476248755521,1.02350276590023,1.00134841875451,1.02918241800525,1.02084825874044,1.0038112311078,1.02143812351423,1.02263814273918,1.05023178242658,0.983447318819009,0.985622278732542,0.998299329081185,1.01447607564257,1.05073160046907,1.06480221189674,1.0282939520904,1.02762412153241,1.03029484753834,60.2084845609622,60.208432771987,60.2084713182316,60.2086478142712,60.2088222621355,60.2086171608948,60.2085987109678,60.2085142852028,60.2087970682471,60.2081611312693
22.9974885912904,238.211133111987,691.604308212843,660.917313781025,646.375101770378,509.796391090316,634.751686591392,516.495112966795,529.570810965939,810.735035268966,941.736068506228,171.945280930611,150.877883513654,133.789352912632,39.6624143239973,138.37124295772,217.625385138635,185.174338241281,13.1751667170068,39.9836128434724,222.246461800966,1.02785917029253,1.02141643979356,0.996270359460347,0.962026695567924,0.961080558077773,0.961991388405447,0.956132357717259,0.956994821885127,1.0210936316713,0.967797133014069,0.964712204858927,0.947300767890449,0.966284543593877,0.967146056553368,0.97509381532146,0.993069657150043,0.99700400608136,0.995322201575776,0.992356423110286,0.989421034789868,0.999592023247563,1.02475222585349,1.02349248048024,1.00133648060501,1.02917379131863,1.02083558023221,1.00379880382017,1.02142284605866,1.02262240894836,1.05022479760063,0.983430854054893,0.985608235463315,0.998287906611764,1.01446406202623,1.05072257474286,1.06479334658251,1.02828634112196,1.02760828955836,1.03029169678216,60.208226358034,60.2084684724893,60.2084132786005,60.2081678405225,60.2080642488885,60.2082077162232,60.2081939176199,60.2082161877406,60.2081534350883,60.2082131021284
23.0809354400408,238.202682129065,691.707478056081,661.008362026201,646.337263692572,509.708614672181,634.730040068109,516.474591769325,529.559469021238,810.654768968992,941.866126783968,171.933107141288,150.865329621299,133.786326335203,39.6431914210373,138.399808008189,217.615582004043,185.162277851337,13.1703592295066,39.984755658048,222.231397371526,1.02786414837486,1.02142289808465,0.996274086684385,0.962022385904619,0.961072230281746,0.961982229097561,0.956124330986291,0.956987325389803,1.02109131116586,0.967788254780223,0.964703293325374,0.947292546203893,0.966276705891354,0.967141513579714,0.975097853677676,0.993077407269456,0.997011568994087,0.995328400525766,0.992369740832348,0.989438945352562,0.999599285098482,1.02475858692501,1.02349870819117,1.00134418509731,1.02917705650677,1.02084704571492,1.00380851153948,1.02144161378816,1.02264266504448,1.05022910619538,0.983413379896932,0.985596122395666,0.998298749844467,1.01448716634068,1.05072775113209,1.06479698698812,1.02828878509912,1.02762967864526,1.0302921865954,60.2079717635698,60.2083578351022,60.2082594797684,60.2077323775431,60.2074153177452,60.2078290969585,60.2078189876961,60.2079271106683,60.207573131881,60.2082710877157
23.1848403582015,238.173633476924,691.824825829826,661.114925246539,646.261556724272,509.551342133508,634.683448308258,516.433102017801,529.53065970171,810.482155837491,942.49673043785,171.876684613468,150.83732182462,133.763716474951,39.5988934814436,138.452813419148,217.582847762552,185.129581781012,13.1520711515813,39.9812609465159,222.093242384557,1.02788766329557,1.02145215122696,0.996300590893791,0.962038084919773,0.961083218706054,0.961992162619835,0.956135875123318,0.95699955112274,1.02110425881965,0.967797341901943,0.964712825578706,0.947302388024907,0.96628725513846,0.967156894533146,0.975125739695735,0.993110929858278,0.997044919530652,0.995359378153862,0.992412518621273,0.989489920961755,0.99963042385763,1.02478638878786,1.02352626286633,1.00137736635366,1.02919662977914,1.02088698357067,1.00384536555318,1.02149766964142,1.02270184884681,1.0502483471703,0.983411019984675,0.985597688418196,0.998335787104528,1.0145476847883,1.05075124204304,1.06481696622831,1.0283050655252,1.02769071083111,1.03029839951037,60.2076921233256,60.2079330292344,60.207873883421,60.2073507343995,60.2069777604367,60.2074592204252,60.207450874154,60.2076302869381,60.2071625088276,60.2082837219762
23.3186271266557,238.116524721176,691.804014780089,661.105881889886,646.16752268847,509.406876302053,634.611869520461,516.368640482272,529.485952892548,810.318408405861,943.74384685796,171.774954388317,150.811869468319,133.718221664117,39.5394459229593,138.501382810953,217.528351201442,185.077211920315,13.1209220535725,39.9669937042501,221.785061002904,1.02793192261471,1.02150495316298,0.996354973279584,0.962090560906918,0.961136671010701,0.962045562222142,0.956190010502495,0.957053834507255,1.02114477610893,0.967847470251821,0.964764279059073,0.947352390265535,0.966337750995279,0.967209249897171,0.975183118669489,0.993171131271204,0.997104523642882,0.99541729397361,0.992478735861092,0.989562971468274,0.99968652309205,1.02483688538256,1.02357642372838,1.00143699847248,1.02923408532739,1.02094775856879,1.00390527601683,1.021573119015,1.02277982258497,1.05028312927359,0.983459476293391,0.98563898035886,0.998394277570972,1.01462903905173,1.0507944086403,1.06485478999909,1.02833688745513,1.02776898560332,1.0303127430016,60.2074394734787,60.2072217974573,60.2072773125992,60.2071660897522,60.2070070214223,60.2072021237934,60.2071900462667,60.2073996113853,60.2071775817637,60.2081109401144
23.4143400311612,238.074188237629,691.661685243909,660.98482374672,646.126402853215,509.391222051352,634.564661909027,516.323478378666,529.460215603478,810.314291688521,944.613592441114,171.711008279856,150.811844956331,133.687941108827,39.5112441065497,138.50599950663,217.494787047083,185.044936655773,13.102456782176,39.9515075758168,221.553048787358,1.02796123983562,1.02153837333862,0.996393494896538,0.962138419784016,0.961190765995473,0.962100727168078,0.95624436153013,0.957107639555526,1.02118084535642,0.967899602235323,0.964817540700187,0.947403539033668,0.966388760750699,0.967257402396995,0.975224381404827,0.993209962258146,0.997142337446111,0.995455506140934,0.992515347448032,0.989599508001752,0.999723065828509,1.02487014029697,1.02360951171024,1.00147558371916,1.02925885231156,1.02097833624096,1.0039388030743,1.0216029171906,1.02280901281864,1.05030526092902,0.98352176334105,0.985688493889094,0.998427216272996,1.0146658970302,1.05082314899079,1.06488037912914,1.02835833707347,1.02779613305696,1.03032375367246,60.2073464645778,60.206905643257,60.2070093217681,60.2072081221845,60.2072554489836,60.20717662668,60.207159115014,60.207338656339,60.2074025930643,60.207834897845
23.5100529356667,238.046199758623,691.502616425816,660.843410849581,646.115654149734,509.435023847656,634.53478284938,516.29016947344,529.448583241415,810.396689320332,945.11845066878,171.678864243885,150.825093900643,133.673359029417,39.5028548936934,138.491716928351,217.477083063074,185.028043875149,13.0946121500509,39.9380770622403,221.406459755919,1.02797732418289,1.02155562500825,0.996416578970303,0.962174017752555,0.961233587737202,0.962144903873255,0.956287164211268,0.957149686366747,1.02120707541764,0.967941668857427,0.964860351288835,0.947444410721077,0.966429264131514,0.967293542516759,0.975250019040283,0.993231444569249,0.997162416385203,0.995476756396274,0.992531833060991,0.989613073816214,0.999743741556088,1.02488935966873,1.02362872122219,1.00149709693748,1.02927250346173,1.02098766007325,1.00395272372677,1.0216033303052,1.02280724738227,1.05031687216353,0.983577075584917,0.985731659314882,0.998442614960559,1.01467644105102,1.05084001414207,1.0648958875315,1.02837063900168,1.02779142423927,1.03033084830999,60.2073150541378,60.2069480188936,60.207030829783,60.207316675265,60.2074663193505,60.2072594559871,60.2072377665977,60.2073321355283,60.2075749978164,60.2074598419588
23.5815397530392,238.042082058659,691.437216533073,660.784144778158,646.125009167689,509.478577098388,634.532324022252,516.280481295076,529.450922358684,810.47730061767,945.132955027716,171.68174566831,150.837812946882,133.676636389327,39.5091894202838,138.479313003195,217.477150726786,185.029240656396,13.0973381689529,39.9340668744999,221.390767260046,1.02797725146255,1.02155479019049,0.996418498230257,0.962182266898794,0.961245029758659,0.962157009072233,0.956298430562194,0.95716054393557,1.02121256429619,0.967953480154382,0.964872237034539,0.947455643301168,0.966440271319561,0.967302195493786,0.975253174498732,0.993232303744512,0.997162308616968,0.995477382876502,0.992529967278398,0.989608994499184,0.999745020286205,1.02489095946717,1.02363045862356,1.00149812840357,1.02927283483272,1.02098114410693,1.00394901779404,1.02158897748513,1.02279120469487,1.05031656996126,0.983595533338697,0.985745811815115,0.998441590300843,1.01466995744717,1.05084162371785,1.06489815097676,1.02837154877268,1.02777376029989,1.03033173115156,60.2073125686721,60.2071791808983,60.2072143305031,60.2073988792766,60.207531990561,60.2073629317248,60.2073404868247,60.2073362750612,60.2075920106213,60.2071517159457
23.6530265704118,238.055930792439,691.452541792511,660.801268996218,646.145318794607,509.509328352009,634.553577912795,516.289960675769,529.462091878678,810.539231954142,944.807212629424,171.707013844497,150.847418751274,133.691402230796,39.5239926099372,138.473061731368,217.488666583261,185.043330480766,13.1067982558993,39.9377514423387,221.467086562905,1.02796646438114,1.02154252031778,0.996406296640829,0.962170515548049,0.96123286171104,0.96214487332299,0.956285971324602,0.957147988977499,1.02120277810474,0.967942344004272,0.964860703056492,0.947444495983645,0.9664290764065,0.967290682655991,0.975241180079726,0.993219954590851,0.997149458186538,0.995464708308615,0.99251764674995,0.989595773238848,0.999733684760434,1.02488098597354,1.02362076007049,1.0014859794316,1.0292647782668,1.0209664762131,1.0039352216876,1.02156932179332,1.02277066087259,1.05030875590734,0.983585169163954,0.985737189909154,0.99843122390928,1.0146557128959,1.05083310779371,1.06489188589721,1.0283653019587,1.02775299387053,1.03032823623046,60.2073038881599,60.2074541553972,60.2074423340686,60.2074524256353,60.2075177006301,60.207463604009,60.2074423900457,60.2073237267712,60.207507714666,60.2068602137633
23.7245133877843,238.086481864834,691.542135296478,660.893742634974,646.173357810774,509.52070305043,634.599956988851,516.320268702856,529.479607184929,810.566031695285,944.197644048178,171.750144860997,150.852984481261,133.714899877145,39.5452340324468,138.475061460795,217.50992329321,185.068811090473,13.1214052698007,39.9507739319236,221.621337411093,1.0279469634328,1.02152107692566,0.99638200348299,0.962140465934071,0.961198816790923,0.962110200934466,0.956251609600268,0.957113889896496,1.02117939074938,0.967909681669188,0.964827274718965,0.947412429732476,0.966397133799654,0.967260578452095,0.975215767209516,0.993196250240165,0.997125965159311,0.995440813235557,0.992496781853651,0.989575485032056,0.99971132656776,1.02486077704016,1.02360094225985,1.00146243578496,1.02924980374713,1.02094666126549,1.00391392948473,1.02154888575046,1.02275046809703,1.05029488685424,0.983547219568359,0.985706572823844,0.998413161391896,1.01463598011543,1.05081556626959,1.06487801218225,1.02835308206331,1.02773428333035,1.03032100745932,60.2072667022863,60.2076344099752,60.2075986830284,60.2074595131988,60.2074557613127,60.207521355285,60.2075021057802,60.2072772043743,60.2073619100461,60.2066188528447
23.8202729435865,238.141568094661,691.711543084798,661.075891005575,646.219367206212,509.521362744549,634.690696079831,516.384924527292,529.506545211808,810.559274560944,943.161717080891,171.821363680379,150.854417481154,133.749795297618,39.5787942551173,138.481907654575,217.547008982608,185.112897273511,13.1439569046652,39.9767094961943,221.891219354438,1.02791390277803,1.02148540632766,0.996339933005873,0.962085596889931,0.961135784503845,0.962045811336386,0.956188106191925,0.957051005471964,1.02113705376335,0.96784853415042,0.964764889510748,0.947352623455791,0.966337598760686,0.967205246048039,0.975170525119957,0.993154776220974,0.997085874803339,0.995399813094829,0.992460954531048,0.989541416384778,0.999671578085179,1.02482434564114,1.02356510067575,1.00142101259998,1.02922444065751,1.02091760320649,1.0038802629865,1.02152428457501,1.02272749709091,1.05027169595338,0.983474752140499,0.985647242465589,0.99838174326392,1.01460363325965,1.05078368618795,1.06485213530874,1.02833193038801,1.02771509588405,1.03030827795291,60.2071434011061,60.2075636047699,60.2075439591458,60.2073743372895,60.2073490922034,60.2074675704648,60.2074498317867,60.2071449287422,60.2071556887135,60.2064137846191
23.896603613799,238.184675412136,691.823529585897,661.206135486014,646.260261935755,509.529464054994,634.770555221961,516.443161812651,529.526049316965,810.54536734174,942.358115340232,171.87698339473,150.85460098072,133.773681545063,39.6061203336008,138.482007591882,217.577550357978,185.14831849022,13.1604286964916,39.9981774866334,222.100376518363,1.02788809376669,1.02145742601088,0.996306771347839,0.962042940565017,0.961087191309193,0.961996217664369,0.956139176923785,0.957002542013344,1.02110439165143,0.967801125864585,0.964716625217616,0.947306275686772,0.966291377857437,0.967162028047888,0.97513403256191,0.993120717730933,0.997053519811864,0.995367019120435,0.992430120210327,0.989511242277133,0.999638611948149,1.02479386894594,1.02353504099356,1.00138687593781,1.02920446269221,1.02089523630107,1.00385369711189,1.02150648487664,1.02271122667922,1.05025346507453,0.983419537110605,0.985600913011091,0.998354473862459,1.01457391104087,1.0507569060623,1.06482993253368,1.0283150142195,1.02770210146569,1.03029840894058,60.2069782218551,60.2072358762349,60.2072569974734,60.2072185075985,60.2072487011326,60.2072907725938,60.2072729423084,60.2069811822167,60.2070164289799,60.206355709783
23.9729342840114,238.213689774432,691.862955710091,661.26642681613,646.299920794898,509.559839544566,634.835938451014,516.490287958302,529.53937335602,810.552616968596,941.771123415051,171.920039394657,150.858005606515,133.789044296772,39.6297181052953,138.470699589534,217.602273230819,185.17528120549,13.1721933553824,40.0142044790414,222.249060533339,1.02786875822424,1.02143568162364,0.996281795167767,0.962013607811548,0.961055031648084,0.961963589266024,0.956106796788132,0.95697038176609,1.02108225325474,0.967769656413132,0.964684664028662,0.947275416639478,0.96626042607777,0.967132166140565,0.975105904908212,0.993092999021449,0.997027470017761,0.995341257647856,0.992402127931993,0.989481982421819,0.999611699643448,1.02476888922209,1.02351032598163,1.00135905933647,1.02918896637798,1.02087583985318,1.0038315241367,1.02148875571666,1.02269428279592,1.05023930285363,0.9833853333575,0.985570721216898,0.998329530144102,1.01454289854677,1.05073494685711,1.06481121113728,1.02830170908885,1.02768732065812,1.03029142689723,60.2067645049039,60.2067608717271,60.2068226329345,60.2069819787012,60.2071012675808,60.2069994071068,60.2069815183255,60.2067758392191,60.2068901437222,60.206377298922
24.0492649542239,238.220348100838,691.819853893512,661.23963444578,646.330369422441,509.610647320262,634.869402071219,516.512739952402,529.543591764519,810.591579142054,941.514605864009,171.943532219806,150.864327375573,133.793333951978,39.6450862593156,138.448322890524,217.616569680949,185.18807140284,13.1775142464452,40.0199931441703,222.311260169527,1.02785908531826,1.02142383318219,0.996269698404813,0.962003921428483,0.961046515966624,0.961955321044025,0.95609815432634,0.95696159542302,1.02107503631515,0.967761347823531,0.964676302846367,0.947267068992395,0.966251763362736,0.967122181313545,0.975091750693672,0.993076891300735,0.997012461613031,0.99532726562138,0.992382025510524,0.989458744557635,0.999596067412205,1.0247543117483,1.02349579840988,1.00134289194918,1.02918057074425,1.02086186189314,1.00381717184495,1.02147206305061,1.02267721460763,1.0502316500783,0.983380791955884,0.985564068752592,0.998311379794158,1.01451582524306,1.05072214471063,1.0647995528704,1.02829431397008,1.02767059233341,1.03028855159651,60.2065276369484,60.2062864297036,60.2063677564866,60.2066761664191,60.2068603299866,60.206632461204,60.2066161330982,60.2065474383345,60.2067335967433,60.2064471878809
24.1255956244364,238.204069399982,691.719173588303,661.14643796173,646.342440151698,509.663338000386,634.863170543886,516.504760059541,529.53806973096,810.650009858118,941.620231635252,171.943631045585,150.872424009872,133.78751483925,39.6483199927491,138.422983866522,217.617322724595,185.184165064929,13.1757045303653,40.0152535818238,222.279028704455,1.02786072402591,1.02142384115099,0.996272051271695,0.96201379114797,0.961060673193226,0.961970258136611,0.956112349409105,0.956975402448398,1.02108290636189,0.967775206001026,0.964690509422351,0.947280345357394,0.966264615390436,0.967132024279822,0.975093586747134,0.99307532798896,0.997011116803716,0.995327291503668,0.992374311519693,0.989447166887914,0.999594648565928,1.02475292185509,1.02349425443078,1.001341352561,1.02918056671095,1.02085600495844,1.00381329316648,1.02146002273901,1.02266380442719,1.05023178215184,0.983402775229752,0.98557944845995,0.998304032558652,1.01449968828186,1.0507209353717,1.06479726808145,1.02829400679017,1.0276557489863,1.03029013529414,60.2062989212449,60.2059464434494,60.2060176960244,60.2063297466744,60.2065022040244,60.2062508406971,60.2062382726123,60.2063188661445,60.2065051458856,60.2065256621121
24.2173658239148,238.163628491343,691.590527431378,661.016108459568,646.322967434069,509.69016939546,634.810255655437,516.460705109344,529.520273251596,810.703641295967,942.143671895968,171.914524070047,150.879390947442,133.770986803206,39.6334476764915,138.405651223411,217.600411628884,185.160165985982,13.1653411461715,40.0002850551813,222.141875035825,1.02787599732722,1.02143877102452,0.996291281459374,0.962043291312436,0.961096404202864,0.962007063300126,0.95614835935125,0.957010925134575,1.02110607596811,0.96780995046113,0.964726004038734,0.947314142411495,0.966298016361925,0.967161747605976,0.975114223511309,0.993092342603597,0.997027255113225,0.99534465705594,0.992385144449892,0.98945501278918,0.999611276579827,1.02476821990956,1.02350919702051,1.00135846653667,1.02919091643954,1.02086297364783,1.00382418319558,1.02145954185676,1.0226613992202,1.05024172324598,0.98344753927926,0.985614558848014,0.998312891755514,1.01450413339516,1.05073429910732,1.06480711372457,1.02830251001252,1.02765043774484,1.03029662165889,60.2060730477748,60.2057989832659,60.2058281390662,60.2059261042749,60.2059641793819,60.205864869009,60.2058580751088,60.2060758746418,60.2061321625734,60.2065765414617
24.3301659351712,238.108536125245,691.517829677989,660.936043026639,646.252527349221,509.629179718141,634.716066634062,516.384130834273,529.489180683671,810.684943857154,943.090840245668,171.848052878249,150.874934870685,133.743014716234,39.5911477400917,138.421622979439,217.560482199755,185.114881888272,13.1446856478763,39.97797069655,221.904304551035,1.0279070236547,1.02147302813259,0.996329735468488,0.962087847230913,0.96114542434536,0.962056764083428,0.956197898656029,0.957060220672275,1.02114069287987,0.967857068656024,0.964774145041395,0.947360512927413,0.966344412450648,0.967206691508164,0.975156451319914,0.993133899008714,0.997066803366802,0.995383987959176,0.992426352432081,0.989498183285115,0.999651210283485,1.02480480691886,1.02354533169626,1.00140004668264,1.02921472537979,1.0208933485592,1.00385835231083,1.02148839969105,1.02268931456875,1.05026433192056,0.983499962109024,0.985658361760842,0.998348608124268,1.01454981914725,1.05076599367689,1.06483331093527,1.02832259824196,1.02767540537012,1.03030772470661,60.2058957486592,60.2059015501879,60.2058730584675,60.205570107333,60.2053593593258,60.2055973621044,60.2055945659845,60.2058618142909,60.2056551751149,60.2065142806539
24.4174775031314,238.077958109769,691.54938718806,660.966043169583,646.179711889811,509.516458644946,634.652844269899,516.331277039791,529.464743733275,810.596496415955,943.819958894323,171.788648564256,150.86138936808,133.72142588032,39.5499905456742,138.462088365567,217.524960311847,185.08004125173,13.1274488645162,39.965469240418,221.727750077856,1.02793294450692,1.02150389848686,0.996361536736355,0.962116884120925,0.961173921739433,0.962085043575286,0.956226807448428,0.957089317240785,1.02116301927977,0.967883880374294,0.964801595252083,0.947387350212069,0.966371684610309,0.967235915957425,0.975191515481026,0.993171860139564,0.997103247209238,0.995418873852483,0.992470417346802,0.989548108212743,0.999687158583024,1.02483752608174,1.02357783620634,1.00143785412633,1.02923625920949,1.02092802826905,1.00389359880973,1.02152991563005,1.0227318415833,1.05028466035325,0.983523633563807,0.985680018201642,0.998387366618693,1.01460678887207,1.05079412589056,1.0648579011193,1.02834102028702,1.02771736662173,1.03031589551449,60.2058281250228,60.2060265685373,60.205976266456,60.2054639655042,60.205113437118,60.2055629573382,60.205558400895,60.2057710507371,60.2054094836851,60.206355977671
24.5047890710916,238.065101665005,691.625237001535,661.047222942228,646.116765551454,509.389926577731,634.620439848329,516.300369826564,529.446121378529,810.478846427088,944.349162004937,171.740221305082,150.845158989234,133.705503236132,39.5156585084453,138.511619621306,217.49692590776,185.056404404289,13.1144654118435,39.9619379623303,221.605372273487,1.02795294885248,1.02152943133308,0.996386120730335,0.962134470392534,0.961188513158625,0.962098997974368,0.956241687500005,0.957104567160758,1.02117624385335,0.967897063900365,0.964815157271265,0.947400952716827,0.966385867137492,0.967253519291392,0.975218516882991,0.99320322641748,0.997133691834454,0.995447262478943,0.992510651929897,0.989595556682745,0.99971639796557,1.02486394262538,1.02360422663463,1.00146893900409,1.02925419553763,1.02096141486245,1.00392552184345,1.02157440647747,1.0227784446455,1.05030150656279,0.983529991631433,0.985687704110029,0.99842319473955,1.01466285495381,1.05081667823234,1.06487863967421,1.02835662833796,1.02776505213807,1.03032149947417,60.2057961556217,60.2060348212685,60.2059955314349,60.205516932245,60.2051735127865,60.2056406117235,60.2056304518245,60.2057382628957,60.2053811212447,60.2061149863773
24.5921006390518,238.067992492344,691.689451471637,661.121479731422,646.086472410103,509.306802474387,634.624939245103,516.296082782049,529.438178162586,810.393299029128,944.578216624163,171.713334033723,150.833479091766,133.697445785739,39.4984547301341,138.547090925409,217.482278858211,185.04824269971,13.1080691646509,39.9648596604654,221.549346627231,1.02796339746024,1.0215440075365,0.99639935606764,0.962141419933025,0.961192445783679,0.962102342612417,0.956245694337134,0.957108867341895,1.02118103809632,0.967900231501302,0.964818444322138,0.94740455464838,0.966389930957169,0.967260425192758,0.975232885862378,0.993220958567266,0.997151207863819,0.995463247816213,0.992535464539497,0.989625577630706,0.999732517821289,1.02487836720159,1.02361880670482,1.00148637758694,1.02926502045103,1.02098332706298,1.00394540509514,1.02160563911584,1.02281161520988,1.0503111857046,0.983527309196399,0.985687125029428,0.998445804388044,1.01469911329667,1.05082887397371,1.06489102436893,1.02836632021707,1.02779984180772,1.03032409107293,60.2057732349807,60.2058896498967,60.2058875549479,60.2056786535306,60.205501497926,60.2057647759943,60.2057483113164,60.2057406129117,60.2055675773023,60.2058241095324
24.679412207012,238.079416741288,691.699492141741,661.142515370303,646.097912348161,509.305707898805,634.657304781991,516.312944929947,529.441581575901,810.388187060762,944.476271110025,171.716030795837,150.833058541838,133.699619369912,39.5042436403891,138.552781624325,217.485191843761,185.056627744853,13.1105180253338,39.971356205874,221.56792807738,1.02796158943435,1.02154343472283,0.996398319333813,0.962138886753633,0.961188960167389,0.962098731487853,0.956242018827998,0.957105184711508,1.02117824123597,0.967896923468865,0.964815014474838,0.947401360477071,0.966386847679747,0.967257900496478,0.975231661561523,0.993220275157604,0.997150823770477,0.995462594620664,0.992536692058433,0.989627588819894,0.999731391000273,1.02487724602305,1.02361794996292,1.00148554288406,1.02926567084089,1.02098543141963,1.00394641662169,1.02161014864179,1.02281678835484,1.05031100484822,0.983523146313353,0.985683668143175,0.998447792343606,1.01470215052078,1.0508278195322,1.0648918389995,1.02836747553964,1.0278061375803,1.03032330445487,60.2057401063399,60.2056613955917,60.205704936122,60.2058621860666,60.2059363628419,60.2058711483202,60.205850888929,60.2057475463264,60.2058595913591,60.2055247601233
24.7667237749722,238.09478053246,691.652361829804,661.106317979403,646.145184936665,509.38759935916,634.704633403589,516.342551324055,529.454713526305,810.472909785457,944.074584331497,171.747960339629,150.845513992926,133.712337942907,39.5309274587479,138.527113674516,217.504290469025,185.078648347405,13.1214688570494,39.9789241778943,221.65481476072,1.02794807048289,1.02152776123975,0.996383342933016,0.962127871249945,0.961179448657186,0.962089618822894,0.956232110982909,0.957094960403621,1.02116888275981,0.967888482675858,0.964806252325317,0.947392662068888,0.966377866752539,0.96724697365227,0.975215436704851,0.993201588748042,0.997132670087123,0.995445518511759,0.992514180755923,0.989601188202644,0.999713664794184,1.02486126488457,1.0236022805333,1.00146693630805,1.02925586004325,1.02096633674107,1.00392783292415,1.02158497070545,1.02279061113253,1.05030098064522,0.983519456676041,0.985678841820152,0.998428738556494,1.01467124891572,1.05081413400914,1.06488117969616,1.0283597528992,1.02778004878762,1.03031941312469,60.2056867714429,60.2054703313427,60.2055473671446,60.2059773945174,60.2062661538884,60.2059152990838,60.2058948523788,60.2057297201575,60.2060907995225,60.2052583319901
24.8989115186184,238.123203285608,691.563008639052,661.036638071046,646.240684254427,509.570338122214,634.78105814347,516.394679108305,529.483523019957,810.67365700501,943.115419028283,171.830996509445,150.877266242573,133.746056087289,39.5888529195524,138.464422493611,217.550081243419,185.124755532203,13.1476735310836,39.9924555683753,221.877804331106,1.02791351176879,1.02148595309556,0.996342523614927,0.962095668412553,0.961150498018236,0.962061501185237,0.956202469321071,0.957064736789399,1.02114341104061,0.967861951254798,0.964778967732745,0.947365665197113,0.966350095670254,0.967214834422747,0.975171560943398,0.993152206195974,0.997084166692019,0.995399635752782,0.992454759734773,0.98953236694537,0.999667495944635,1.02481971370264,1.02356119585782,1.00141799174987,1.02922747181212,1.02091375572207,1.00387731011417,1.02151558940712,1.02271824920841,1.05027397002769,0.983503240999869,0.985661029667386,0.998376835851987,1.01459133447395,1.05077852605413,1.06485099498658,1.02833632941496,1.02770695934303,1.03030921562282,60.2055555382045,60.2054002056232,60.2054760637517,60.2059015972252,60.2062468160447,60.2058218341281,60.2058055622482,60.2056108643452,60.2060461781258,60.2049899323468
25.0010276072941,238.150595522354,691.553504901257,661.045419468809,646.301527837139,509.672950148056,634.835723574206,516.433900228057,529.505573984091,810.79214350217,942.308639129418,171.898894782817,150.897766053544,133.774543763869,39.6278152559104,138.42772568835,217.585243255341,185.159383361224,13.1678982646478,40.0039439615364,222.07604963841,1.02788475714834,1.02145150434227,0.996307025909511,0.962062217854726,0.96111710175361,0.962028267852323,0.956168641267742,0.957030754665827,1.02111773730056,0.967830250915962,0.96474658706723,0.947334063970779,0.966318043267483,0.967181230681767,0.975133473199295,0.993111753860066,0.997044429726047,0.995361305678657,0.992409219902148,0.989481645041863,0.999629586248364,1.02478538289837,1.02352717812833,1.00137787291198,1.02920310693468,1.02087333322891,1.0038374138417,1.02146520055334,1.02266619338132,1.05025160074295,0.983475301075436,0.985634774425324,0.998336359240934,1.01453430922747,1.05074885795178,1.06482524505634,1.02831576566344,1.02765490250324,1.03030000171508,60.205404536675,60.2054679729023,60.2055026227704,60.2056325970583,60.2057978562262,60.2056150285141,60.2056033133606,60.2054332956244,60.2056642027175,60.2049179343482
25.1031436959698,238.17806019214,691.625648234917,661.13373229066,646.327160775121,509.682357385584,634.878658275825,516.46505116325,529.519123702965,810.807365141301,941.719590604832,171.943931088667,150.903172119316,133.794057245463,39.6455038276685,138.42337094225,217.607297905859,185.181930663523,13.1802558649987,40.0153351692533,222.231407215878,1.02786479980064,1.02142870946929,0.996280997213366,0.962030842923502,0.961082240638146,0.961992831898706,0.956133589336693,0.956995991571452,1.02109408741262,0.967796218368081,0.964711987196932,0.947300719289777,0.966284665712892,0.967149473941832,0.97510531850475,0.993084790121826,0.997018256906804,0.995335091441645,0.99238335182105,0.989455708825375,0.99960386434707,1.02476169102511,1.02350369221466,1.00135098187578,1.02918625364201,1.02085157870721,1.0038138714527,1.02144316198546,1.02264442794785,1.0502367541975,0.983437546530881,0.985602138715002,0.998312788534786,1.01450796842947,1.05072803044946,1.06480701773293,1.02830120465871,1.02763450834243,1.03029264524593,60.2052052794208,60.2054532322971,60.205438214018,60.2052492679979,60.2051739430877,60.2053085735832,60.2053008114783,60.2051952007991,60.2051390023779,60.2049528981836
25.2052597846456,238.193957085935,691.728776455027,661.24438345258,646.315375059407,509.613304568216,634.89927034834,516.479200683466,529.519034584495,810.732391799712,941.554922278497,171.951369423773,150.893844568394,133.797336951679,39.6387186215595,138.44603259554,217.60992205702,185.185498795568,13.1806997681907,40.0229141289535,222.284403056199,1.02786062185274,1.02142513286309,0.996273659765454,0.962014470752415,0.961061055481322,0.961970713961172,0.956112515990349,0.956975457141312,1.02108230954718,0.967774750012287,0.964690301928274,0.947280127901105,0.966264380235107,0.967132638329739,0.975096827205283,0.993079743603522,0.997013928066723,0.995329650124121,0.992383665305392,0.989459975323135,0.999598370648627,1.02475607035278,1.02349810076961,1.00134572145146,1.02918277951367,1.02085436909182,1.00381356140236,1.02145393373445,1.0226570177774,1.05023441205089,0.983407810092459,0.985578113087148,0.998312208346193,1.01451658579612,1.0507226414976,1.06480207556686,1.02829779470164,1.02764916536885,1.03029000820934,60.2049691398632,60.2052130873511,60.2051727898756,60.2048512897907,60.2046331538046,60.2049425232413,60.204937256769,60.2049326590706,60.2046904004377,60.2050455497189
25.3073758733213,238.184221561387,691.78029571671,661.2930886124,646.276143497927,509.5221772573,634.884594518683,516.465749789596,529.503443280776,810.632569679983,941.89686272498,171.92169822865,150.878368877659,133.783132049925,39.6140888729023,138.475536588297,217.59390537531,185.168690563283,13.1703192151669,40.0230653598688,222.210779841885,1.02787304971484,1.02144060625532,0.99628751818956,0.962022734824884,0.961066994458549,0.961976109185962,0.956118781282664,0.956982087165367,1.02108930585417,0.967779513484424,0.96469536250017,0.947285311868722,0.966269897817449,0.967140623516395,0.975111004850713,0.993096745619458,0.997031145448369,0.995345703584964,0.992405551953038,0.989486391475461,0.999613752200934,1.0247694962763,1.02351133489377,1.00136239737462,1.02919294322944,1.02087591285313,1.00383310265907,1.0214849409861,1.02268991143641,1.0502445809633,0.983406810798542,0.985578617724114,0.998330880191539,1.01454821987256,1.05073386648007,1.06481121528774,1.02830605308244,1.02768334669419,1.03029330808313,60.2047307797302,60.2047741580179,60.2047493832462,60.2045273134529,60.204329076894,60.2045847322453,60.2045799484352,60.2046930401649,60.2044532460185,60.2051244572539
25.409491961997,238.146416250962,691.730848243683,661.237352127969,646.226080915299,509.462904522618,634.83334633199,516.422791385196,529.477103546006,810.575728030347,942.646001066878,171.865662445644,150.866533662106,133.755992306762,39.5815904537717,138.49225400482,217.56429487483,185.136002403747,13.152620474523,40.0117771011991,222.025267727313,1.0278982306316,1.02146958036946,0.996318674060841,0.962056461515224,0.961103174952385,0.962012608580392,0.956155363098205,0.957018577987016,1.02111541982208,0.967814002444397,0.964730656552582,0.947319401436376,0.966304104803114,0.967174434104228,0.975144085888321,0.993129908582275,0.997063706882927,0.995377883054602,0.992439484095813,0.989522529103201,0.999644904039353,1.02479764285084,1.02353912839244,1.00139531697938,1.02921333127916,1.02090588559513,1.00386401577801,1.02151915811821,1.02272464938328,1.05026367071357,0.983443152672476,0.985609315589864,0.99836057269582,1.01458709289043,1.05075813973343,1.06483143214758,1.02832323341683,1.02771727531423,1.03030196268286,60.2045395271674,60.2043307403253,60.2043488095012,60.2043292397403,60.2042505832263,60.2043192239723,60.2043132646066,60.204518963347,60.2044130909293,60.2051195142349
25.4952241271512,238.101959560928,691.624916052577,661.130703781592,646.186718272826,509.449951341854,634.773203417169,516.372197323426,529.453244281307,810.578875086374,943.404228320063,171.81156577116,150.863630105193,133.73033460664,39.5551482459659,138.493142525963,217.53516182992,185.1036354051,13.1362287791077,39.9948980166324,221.826143148149,1.02792338898702,1.02149751599725,0.99635088133811,0.962096410655225,0.961148234389424,0.962058514426183,0.956200726151343,0.957063544241646,1.02114594650522,0.967857564214376,0.964775115739781,0.947362118487754,0.966346728318755,0.967214707733161,0.975178818668048,0.993162662952103,0.997095348741211,0.995409869874935,0.992469721224234,0.989552474568765,0.999676175378767,1.02482628819395,1.02356745894906,1.00142800866696,1.02923363024743,1.02093024530227,1.00389138144246,1.0215415755619,1.02274620816948,1.05028212344901,0.98349391681209,0.985650825519818,0.998387361192225,1.01461697379404,1.05078308536674,1.06485248907517,1.02834059289421,1.02773656426336,1.03031137144933,60.2044449606114,60.204123343241,60.2041731975741,60.2042679975748,60.2042773638979,60.2042173818481,60.204210194515,60.2044393678082,60.2044489025181,60.2050181628823
25.5809562923054,238.061733408302,691.512716273244,661.025114636354,646.155556164454,509.454224439536,634.716195778258,516.323289042994,529.433671522471,810.607989459262,944.054139048112,171.767478079321,150.866981145949,133.710768289984,39.5352102438808,138.490543693943,217.51049750787,185.076686016925,13.1239880530298,39.979432151034,221.655563839389,1.02794421022897,1.02152046048205,0.996378427244421,0.962132714172241,0.961190002423644,0.962101249697002,0.956242677105897,0.957105000960481,1.0211732879676,0.967898171004251,0.964816518476147,0.947401815273543,0.966386250665993,0.967251423969289,0.975209058993201,0.993190506935586,0.997121800437697,0.995436827888096,0.992494559819381,0.989576322815328,0.999703057523392,1.02485114962908,1.02359210634525,1.00145590945131,1.02925046149206,1.02094806769559,1.00391283450709,1.02155489664737,1.02275818431458,1.05029735701502,0.983543382525031,0.985690586336843,0.998409612524157,1.01463998542634,1.05080484434881,1.06487120041796,1.02835526911592,1.02774600868895,1.03031945288823,60.2044176138376,60.2041484801671,60.2042040633787,60.2042892941985,60.2043168790778,60.2042415538139,60.2042335422252,60.2044173284989,60.2044716382782,60.2048260092559
25.6666884574596,238.041682233457,691.451324569643,660.975558636099,646.137264398736,509.4548080432,634.684653545125,516.293707418007,529.424179373241,810.633718907344,944.412329795015,171.74195893378,150.872248694739,133.701942973476,39.5239252439993,138.492325417913,217.495103233915,185.062286139956,13.1178052808217,39.9698620460038,221.5568565925,1.0279562861601,1.02153399446755,0.996394879888139,0.962154252896354,0.961214651839251,0.962126474033881,0.956267376501859,0.957129386461194,1.02118923535487,0.967922188497923,0.964840981082152,0.947425297329454,0.966409657600989,0.967273285245547,0.975227554419356,0.993207787710433,0.997137937866371,0.995453140504558,0.992510872133293,0.989592476875034,0.999719800955279,1.02486673573893,1.02360767955273,1.00147325796625,1.02926070888487,1.02095838937536,1.00392561592352,1.0215618079174,1.02276413685824,1.0503064023665,0.983573036509191,0.985714251476551,0.998424470253363,1.01465620475248,1.05081845990972,1.06488365968064,1.02836445394289,1.02775030380141,1.03032417078922,60.2044382246618,60.2043589656316,60.2043904787815,60.2043683478037,60.204350902784,60.2043646056017,60.2043559333315,60.2044333460914,60.2044581650387,60.2045688154243
25.7524206226138,238.048811685654,691.470970026757,661.006680205223,646.134077796599,509.440744459286,634.691509231755,516.294073090942,529.426309695806,810.635676879152,944.379832631079,171.741273878518,150.875753402806,133.706049192969,39.5232409263308,138.502465288283,217.493119404955,185.064752983717,13.1193836332868,39.9707487940111,221.560471776782,1.0279563397173,1.02153495246811,0.996395855472043,0.962154078603275,0.961213756406676,0.9621254925493,0.956266371803948,0.957128383320556,1.02118847350923,0.967921383782276,0.964840108930395,0.947424561512092,0.96640903050292,0.967273234897279,0.975229310723838,0.993210344819492,0.997140005405425,0.995454798975924,0.992515752166792,0.989598749679642,0.999722213489254,1.02486906028086,1.02361020765231,1.0014758199927,1.02926192925736,1.02096020374547,1.00392753376848,1.02156385425241,1.02276625120604,1.05030717642,0.98357188737379,0.985713361755123,0.998429285756329,1.01466421928641,1.05082041640533,1.06488675698813,1.02836601564477,1.02775254174704,1.03032405154107,60.2044700346508,60.2046138663438,60.2046078660639,60.2044725878899,60.2044005788011,60.2045252226403,60.2045153989345,60.2044579543769,60.2044314201489,60.2042905297145
25.838152787768,238.07986569089,691.558777944488,661.10179625149,646.148002683058,509.420952651852,634.736595243246,516.3244950743,529.438593217806,810.618540338112,943.9736883863,171.765281209125,150.876513009041,133.721351530775,39.5340382417816,138.516329550407,217.50536632772,185.083494345769,13.1282851142987,39.9821788381849,221.662288660908,1.02794462276123,1.02152334264647,0.996381520501281,0.96213318049964,0.96118877906179,0.962099843149199,0.956241147113335,0.957103444385414,1.02117189119565,0.967897206346767,0.964815383183895,0.947400989090227,0.966385703156394,0.967252239251948,0.975214231924866,0.99319762208345,0.997127623519795,0.995441626959129,0.992507620448689,0.989592877980617,0.999709749422713,1.02485758957623,1.02359910100743,1.00146302919635,1.0292540953741,1.02095301259665,1.00391814055942,1.02156018457741,1.02276360598307,1.05029968144379,0.98354190135437,0.985689506471189,0.998422586949823,1.01466094365887,1.05081028650414,1.06487974400911,1.02835984983621,1.02775175690621,1.03031928667917,60.2044734524045,60.2047530246279,60.2047227842945,60.2045648848733,60.2044897558151,60.2046491339682,60.2046371851359,60.204461479532,60.2044291897897,60.2040403826249
25.9238849529222,238.121957028789,691.666664050999,661.213649738678,646.17926718303,509.41739645795,634.805781774137,516.373971210909,529.456943703069,810.607136005758,943.31684598257,171.808233010861,150.876751924592,133.743172027028,39.5554665826998,138.523770059219,217.52905059551,185.113141978794,13.1423631582303,40.0000509736406,221.829347366422,1.02792435798396,1.02150199865849,0.996356116318109,0.962099475002677,0.961149764068272,0.962059948462052,0.956201792292241,0.957064472777129,1.02114563676947,0.967859486215184,0.964776841175647,0.947364093476881,0.966349029894553,0.96721828188734,0.975186798158138,0.993172652822975,0.997103667450046,0.995417020384869,0.992486873492752,0.989573642947209,0.999685517848954,1.0248352730543,1.0235771989601,1.00143798153669,1.02923926674581,1.0209368771755,1.00389871191072,1.02154798904751,1.02275270433186,1.05028580278613,0.983496498094493,0.985652938201765,0.998404649599389,1.01464330808746,1.05079075293252,1.06486436068585,1.02834764199239,1.02774356983815,1.03031144478176,60.2044215426692,60.2046810437149,60.2046589049826,60.2046059471093,60.2046041645226,60.2046750044201,60.2046606168076,60.2044217356786,60.2044620046539,60.2038585951419
26.0096171180764,238.159818649145,691.738844338673,661.291015441421,646.224131087343,509.448918672055,634.877239843528,516.425622482046,529.476185519177,810.628221326808,942.593313009171,171.860043991308,150.880003584676,133.765557232038,39.5840371205678,138.515954651899,217.558389235527,185.145561447513,13.1583187324154,40.0181112865359,222.01235466957,1.02790079001822,1.02147595202793,0.996326539118237,0.962064246521598,0.961110587564159,0.962020147032935,0.956162251647499,0.957025186143916,1.02111841727372,0.9678217335682,0.964738286171466,0.947326999749149,0.966311962079041,0.967182755661833,0.975154537117849,0.993141401711571,0.997073703872591,0.99538706499035,0.992456805497731,0.989542847629361,0.999655488606942,1.02480771538388,1.02354998932881,1.00140672439272,1.02922105317835,1.0209134894647,1.00387260641747,1.02152549155638,1.02273089928022,1.05026885314851,0.983453736148712,0.985617452770656,0.998378301938897,1.01461143966135,1.05076678786556,1.06484439935175,1.02833240660873,1.02772409170331,1.03030286947289,60.2043092354496,60.204413596874,60.2044294923488,60.2045609436911,60.2046791420572,60.2045754363413,60.2045600404921,60.2043291039254,60.2044924731313,60.2037656236612
26.0953492832306,238.182161566058,691.742809633711,661.305450058738,646.273326122615,509.515814748288,634.930655661396,516.46407088835,529.491593370852,810.690193129853,941.988553284559,171.908569206207,150.888239206658,133.783166475938,39.6133786280948,138.491755785819,217.585968859066,185.172462637367,13.1724201349013,40.0306725792786,222.162737144402,1.02787974306787,1.02145136167802,0.996300294702699,0.962037629102585,0.961083038145328,0.9619925153263,0.956134392798556,0.956997317547249,1.02109802506857,0.967795339945965,0.964711361735702,0.947300847580214,0.966285565304954,0.967155890113565,0.975125738684789,0.993111430352689,0.997044846918174,0.995359052196238,0.992423929933026,0.989506689162574,0.999627026075037,1.02478172932917,1.02352420566471,1.00137685812926,1.02920380816064,1.02088715717555,1.00384532387312,1.02149528220438,1.02270027537911,1.050252875445,0.983427841833333,0.985594188603121,0.998349222750864,1.01457123372332,1.05074432351302,1.06482480353519,1.02831780734753,1.02769447285608,1.03029585697131,60.2041520469098,60.2040612523535,60.2041214006832,60.2044102316554,60.2046266651855,60.2043634547089,60.2043500477129,60.2041874743193,60.2044506480604,60.2037581288324
26.1810814483848,238.186047435295,691.68568169611,661.263603035442,646.313143352706,509.595262625085,634.95460795183,516.480955275373,529.499729822319,810.773877837673,941.637486502873,171.942376962968,150.899903377234,133.792620412197,39.6354825728689,138.459788709813,217.60478765114,185.187771047078,13.1814146473904,40.0349298808594,222.247076906277,1.02786611412502,1.02143409546405,0.996283471710389,0.962025229653722,0.961072640147926,0.96198254464696,0.956123811728333,0.956986492459338,1.02108873958275,0.96778553719084,0.9647014135713,0.94729086158504,0.966275147155056,0.967143340491962,0.975107156860381,0.993090045828351,0.997024095787375,0.995339674006574,0.992396832147519,0.989474971458352,0.999607014895706,1.02476356335699,1.02350607545105,1.00135564922874,1.02919160951396,1.02086452043934,1.00382362515883,1.02146530634963,1.02266895720419,1.05024169063595,0.983423565451408,0.985587499182213,0.998324961852389,1.01453396345379,1.05072869817472,1.06481039016334,1.02830731169916,1.02766266802098,1.03029196415301,60.2039765035244,60.2037625123364,60.2038430634773,60.2041605017202,60.2043873212781,60.2040832234658,60.2040747294813,60.2040119337505,60.2042772399917,60.2038121310618
26.266813613539,238.175596326419,691.607166549078,661.199713481335,646.329958352399,509.651184145759,634.948971503777,516.476251057716,529.498951558803,810.840946996649,941.597044266424,171.953556089187,150.910218080231,133.792883608196,39.6432609016271,138.434584930586,217.610211001785,185.18890403752,13.1832924897689,40.0315843211395,222.253718036634,1.02786275677499,1.02142831404657,0.996279388268921,0.962027265907024,0.961078012947126,0.961988544961103,0.956129172387646,0.956991540992039,1.02109066259328,0.967790834976307,0.964706909056583,0.947295758117895,0.966279627343773,0.967145320533461,0.975102464487238,0.993082444645945,0.997016572207163,0.995333404014885,0.992383650144175,0.989458026302258,0.999600139752366,1.02475736117329,1.02349977247607,1.0013481929427,1.02918732047067,1.02085268719277,1.0038137205248,1.0214463916685,1.02264853374787,1.05023800033926,0.983436032944815,0.985594692164476,0.998312751330329,1.0145125399058,1.05072337385496,1.06480461190094,1.02830340082989,1.02764085875574,1.03029170259403,60.2038081943451,60.2036065369921,60.2036673382877,60.2038494654832,60.2039756820105,60.2037911926602,60.2037884728661,60.2038245802721,60.2039677506683,60.2038912845267
26.3525457786932,238.158043359867,691.554070805394,661.15382556707,646.316235458347,509.653144416419,634.921938925201,516.455604433964,529.489437815085,810.855105675978,941.846150255428,171.939699072486,150.913744927936,133.784864716447,39.6333968435395,138.429033013204,217.601222052093,185.176791669997,13.1777830768204,40.0237665692323,222.190980829607,1.02786996374308,1.02143537861056,0.996288147721369,0.962040098276199,0.961093464040156,0.962004439124247,0.956144785644322,0.957006970142613,1.02110090627675,0.967805608721046,0.9647220852118,0.947310189318971,0.966293870126403,0.967158155230887,0.975111767262109,0.993090349343293,0.997024120920945,0.995341446101417,0.992389072173609,0.989462540059103,0.999607761141503,1.02476423519839,1.02350646423945,1.00135611185783,1.02919189487786,1.0208564069436,1.00381907571366,1.02144730024328,1.02264865711788,1.05024267849951,0.983455475644908,0.985609172926653,0.998316864955677,1.01451598006478,1.05072922295555,1.06480869763051,1.02830697797986,1.02763963243989,1.03029464414759,60.203663871087,60.2035903027942,60.2036003254714,60.2035385869305,60.2034897450199,60.2035373481468,60.2035384416496,60.2036495682674,60.2035887989851,60.203956924113
26.4783598802121,238.130481262404,691.563120718361,661.156627192004,646.251756431834,509.555031788572,634.867174669303,516.412179143018,529.464798576972,810.767469696103,942.545102487603,171.884815150316,150.902726949548,133.763229495904,39.5941786679352,138.46048372395,217.569248523937,185.143795176682,13.160281486473,40.0114594106896,222.021608948114,1.02789422460763,1.0214636725623,0.996317376907785,0.962068112837614,0.961121867950242,0.962032780229455,0.956173642425893,0.957035959503125,1.02112289086339,0.967832345797874,0.964749496282282,0.947336841964699,0.966320803383347,0.967186206294346,0.975143211362725,0.993123615494041,0.997056509614881,0.995372816479758,0.992426150569283,0.989504170008004,0.999638947868049,1.02479229766883,1.02353422645896,1.00138912705779,1.02921119940374,1.02088752028041,1.00385056535778,1.02148469478538,1.02268695078815,1.05026123479844,0.983480665093902,0.985631464219054,0.998348842792965,1.01456301536896,1.05075316529926,1.06482886076965,1.02832308132941,1.02767727109109,1.03030248567241,60.2035076581405,60.2036359494918,60.2035799150795,60.203219576704,60.2029523047778,60.2032966802577,60.2032971258658,60.2034582541803,60.2031516193487,60.2039634729044
26.604173981731,238.104379742472,691.62842401259,661.208304390319,646.171339576964,509.407255798648,634.814545382803,516.367100160682,529.436497283381,810.622689730766,943.340441043101,171.81717472086,150.881447759484,133.738635869231,39.5475637397766,138.514589169582,217.531806229459,185.107648938429,13.1407097952362,40.0037711052284,221.835522297562,1.02792284799028,1.0214988693806,0.996352206953945,0.962096812818631,0.961148397618948,0.962058764797233,0.956200644385094,0.957063327506342,1.02114495620197,0.967857087374924,0.964774829153587,0.947361815709661,0.966346399389091,0.967214964912452,0.975180859114983,0.993165546187505,0.997097479573606,0.995411676642048,0.992476665653534,0.989562477972526,0.999678096642902,1.02482760743091,1.02356928948104,1.00143068235082,1.02923560962256,1.02093086208033,1.00389263221387,1.02154089128823,1.02274548288422,1.05028436601671,0.983498323942036,0.985649802216052,0.99839333366304,1.014630626349,1.05078343351846,1.06485536875859,1.02834394814418,1.02773658145587,1.03031103849077,60.2034171190467,60.2035655673038,60.2035126484309,60.2031491452206,60.2028680387799,60.2032313426053,60.2032263170402,60.2033696390654,60.2030623361638,60.2038285514652
26.7043847144524,238.087571454099,691.655374565178,661.233501594055,646.130261181999,509.330639134664,634.787874298033,516.34079836425,529.420980116016,810.551487078418,943.816592585177,171.77380711727,150.867656457656,133.721866490747,39.5217405245531,138.544005740727,217.508464916752,185.086339711212,13.1285838884626,39.9980451741888,221.713698390189,1.02794124878514,1.02152159026004,0.996375249567883,0.962116904080744,0.961167480496884,0.962077584206228,0.956219930665119,0.957082767178157,1.02116001824293,0.967875061965841,0.964793188013053,0.947379875116117,0.966364862349339,0.967235184260915,0.975205897973177,0.9931928897207,0.997124154723105,0.995437117776699,0.992509021990668,0.989599212423005,0.999703698142758,1.02485085440302,1.02359245028325,1.00145780617331,1.02925224955898,1.02095844149325,1.00391965870336,1.021575514117,1.02278136558259,1.05029935115431,0.9835127766627,0.985663746350742,0.998422347588608,1.01467266761935,1.05080350352617,1.06487349924823,1.02835840686291,1.02777283279955,1.03031673700846,60.203386856559,60.203393331309,60.2033946215155,60.2032579354989,60.2031310085897,60.203287285677,60.2032785160966,60.2033667083796,60.2032511932302,60.2036251887722
26.8045954471737,238.07685547069,691.62086414356,661.21092214779,646.124928566159,509.331093183859,634.778929451346,516.328527465697,529.415473629597,810.564548472987,943.992606402974,171.760826477071,150.868752291171,133.716556680775,39.5188250308196,138.547868769087,217.502094964792,185.080926899424,13.1266408510034,39.9977655676636,221.666241096127,1.027947230695,1.02152882970354,0.996383818977742,0.96212758266438,0.96117948516782,0.962089839519071,0.956231926508506,0.957094607947759,1.0211676995332,0.967886715470042,0.964805061242177,0.94739130121649,0.966376283061273,0.967246016949129,0.975215515703885,0.993202149572941,0.997132869848893,0.995445790596617,0.992518477465725,0.989608794220125,0.999712654489056,1.0248592932837,1.0236009245114,1.00146709105619,1.02925807120951,1.02096495799047,1.0039270829725,1.02158131159192,1.02278699186342,1.05030430081424,0.983526862874014,0.985674947901353,0.998431443092417,1.01468260787468,1.05081103817723,1.0648807594131,1.02836397268999,1.02777822925546,1.03031900796076,60.2033836948131,60.2032287051606,60.2032869610477,60.20343012081,60.2035062612714,60.2033994727073,60.2033894242511,60.2033953769897,60.203523189753,60.2033725835681
26.9048061798951,238.081084032454,691.551924702991,661.161530703793,646.155281922468,509.400914264405,634.79689301935,516.337999351989,529.423189018757,810.652941253904,943.805070506261,171.777952929356,150.881217089897,133.722696247795,39.5359675396196,138.525707407237,217.51153229421,185.092200220694,13.1331616197881,39.9983158299445,221.699062945609,1.02794060047825,1.0215205544431,0.996377468936897,0.962126915367136,0.961181500756966,0.962092441917781,0.956233661201754,0.957095953566904,1.02116637556152,0.967889231735062,0.964807541044394,0.947393409836775,0.966378092250111,0.96724554430184,0.975209138259377,0.993193153567005,0.997123661536559,0.995437588214928,0.99250563574421,0.989592503127079,0.999704437845838,1.02485214935782,1.02359398125006,1.00145824810565,1.02925335427484,1.02095168268866,1.00391564042872,1.02156049438952,1.0227646861236,1.05029907826517,0.983536114304787,0.985680151036309,0.998420826258957,1.0146623925007,1.05080506986221,1.06487650549072,1.02836052057163,1.02775496897653,1.03031764347889,60.2033881894036,60.2031908476997,60.2032670960192,60.2035699830777,60.2037775806132,60.2035157119368,60.2035058874799,60.2034185724172,60.2036987037849,60.2031207202052
27.0050169126165,238.102613440137,691.506487352352,661.132608002498,646.205099615526,509.492260574324,634.84123995302,516.369164764468,529.440549786226,810.759140662288,943.289248538591,171.820653282921,150.899127298952,133.740895662227,39.5656596923516,138.49581288694,217.534281996566,185.117611999553,13.14694081179,40.0040152184463,221.815257168008,1.02792264749896,1.02149913164919,0.996356780311428,0.962110738427942,0.961166967595173,0.962078354566755,0.956218704262811,0.957080662565733,1.02115324141904,0.96787596023237,0.96479387501165,0.947379899250256,0.966364204020819,0.967229459021746,0.975187184485913,0.99316842481384,0.997099221746908,0.995414422891314,0.992476426696705,0.989558880967862,0.999681206469837,1.02483121086668,1.02357336701284,1.00143370629962,1.02923907287638,1.02092483162459,1.00388998730784,1.02152467716512,1.02272724733883,1.05028522018422,0.983528665300311,0.985671370224447,0.998395471764167,1.01462359238649,1.05078704110343,1.06486182541363,1.02834882662968,1.02771701579516,1.03031237072482,60.2033712289982,60.2032929482226,60.2033404107942,60.2036040750941,60.2038090980252,60.2035739204524,60.2035646955371,60.2033998791125,60.2036697963577,60.2029216972954
27.1492397668645,238.152115862084,691.553780398628,661.189983761374,646.271979355871,509.570291307053,634.927427321824,516.43288928667,529.468510350064,810.836975720195,942.306848608451,171.896500454586,150.916830095291,133.775934910955,39.6076686344079,138.471676619964,217.57495470521,185.162112483866,13.1702495204557,40.0226561723727,222.059620724858,1.02788921397925,1.0214608005106,0.996315502822205,0.962067020043948,0.961120682688037,0.962031778818439,0.956171882138642,0.957033890841408,1.02111938429694,0.967831835422387,0.964748748477376,0.947336215286543,0.966320268541926,0.967185494256122,0.975142573397827,0.99312304055373,0.997055138702953,0.995371182699044,0.992429150915836,0.989508347744069,0.999637982479509,1.02479170841527,1.02353434855825,1.00138845657149,1.02921201790154,1.02088487075354,1.00384847494179,1.02147950265052,1.02268154924306,1.05026025094204,0.98348364602134,0.985632569649678,0.998353650915526,1.01456897380358,1.05075266919072,1.06483296504901,1.02832610886184,1.0276727972968,1.03030097901669,60.203257975855,60.2034324247077,60.2034184000663,60.2034325851602,60.2034872694216,60.2034634570505,60.2034553047305,60.2032654360491,60.2033449589625,60.2027974148352
27.2508651828699,238.183261811361,691.647943417375,661.285515973995,646.299596042398,509.569912727092,634.980558921883,516.472655103068,529.482013786117,810.823181744143,941.720093163963,171.937920268312,150.917188518958,133.794993164235,39.6250695320563,138.472353803972,217.597460490508,185.185952843325,13.1819739463182,40.0368174756499,222.214547894243,1.02787011966032,1.02143983976159,0.996290600469722,0.962034927973792,0.961084090883512,0.961994421615378,0.956135078726844,0.956997460690194,1.02109498211602,0.967796268658646,0.964712497799121,0.947301410401677,0.966285566359665,0.967153016497488,0.97511520195002,0.993097515130418,0.997030830290491,0.995346558258287,0.99240584916412,0.989485718457532,0.999613336850508,1.02476889268637,1.02351174278287,1.00136288712999,1.02919669609455,1.02086768434416,1.00382830480608,1.02146543691651,1.02266851647078,1.0502465602651,0.983441657165816,0.985598101794467,0.998332599803191,1.01454683376128,1.0507326472928,1.06481568279634,1.02831295815284,1.02766195138559,1.03029364079759,60.2031072988001,60.2033485281531,60.2033187645529,60.2031874456994,60.2031374808599,60.2032370534788,60.2032306715842,60.203101046397,60.2030487439761,60.2028295143092
27.3524905988753,238.19468777685,691.721616666958,661.363060560184,646.303641083567,509.541592922227,635.0023324592,516.488945733469,529.483799227045,810.78187832664,941.482286170126,171.952999757296,150.911312199856,133.800731037532,39.6273940038525,138.480778766502,217.605987413319,185.193186631378,13.1852620733274,40.0456998989929,222.282270898024,1.02786292675542,1.02143217538567,0.996279773223788,0.962017519066305,0.961063046102015,0.961972676617388,0.956114085473964,0.956976873625657,1.02108239927672,0.967775279625121,0.964691234963086,0.947281092912531,0.966265413330627,0.967135198751891,0.975102801929508,0.993087268795277,0.997021455632439,0.995336622357336,0.992398175544869,0.989479721404953,0.999603292360173,1.02475942181715,1.02350226640646,1.00135256526268,1.02919062338148,1.02086417590711,1.00382227132558,1.02146697918705,1.02267132087082,1.05024154686944,0.983414428551291,0.98557596940271,0.998325213701133,1.01454256786002,1.05072426792394,1.06480782094709,1.02830752441073,1.02766653818048,1.03029035632797,60.2029208734819,60.2030495213529,60.2030401437813,60.2029034778847,60.2028254829387,60.2029329541832,60.2029295358106,60.2029097333072,60.202819525425,60.2029244588267
27.4541160148807,238.179984201176,691.719593425614,661.367774850094,646.285823418101,509.512727537537,634.983208223787,516.474180446572,529.472817871024,810.752524332309,941.686189068831,171.939084768608,150.904646143558,133.791095933434,39.6159966123266,138.487206430994,217.598725422278,185.182018386528,13.1798488821086,40.0445302916235,222.23875578833,1.02786932396832,1.02143936361248,0.996286672504144,0.962023431081975,0.961068872068127,0.961978413158667,0.956120125447137,0.956983022148971,1.02108755779127,0.967780275273429,0.964696517599821,0.947286208228241,0.966270562566255,0.96714091006184,0.975109745813382,0.993094825111906,0.997029082095308,0.995344021486208,0.992406241383051,0.989488812060391,0.999610388872154,1.02476572515056,1.02350834996762,1.00136005795003,1.02919514954431,1.02087241021076,1.00383018626152,1.02147787065537,1.02268270681323,1.05024631537803,0.983418713975327,0.985578911639973,0.998331784154751,1.01455279214703,1.0507296884026,1.06481136890937,1.02831109728175,1.02767813557591,1.03029230784817,60.2027409635762,60.202657528574,60.2026806151836,60.2026427444055,60.2025963430094,60.2026337793594,60.2026330939708,60.2027310378301,60.2026786710609,60.2030218825299
27.5557414308861,238.146799453413,691.639481509911,661.293103242345,646.253198702544,509.494916866437,634.93312899189,516.43494613989,529.453603562268,810.750851265814,942.256960916067,171.90053392071,150.901186054786,133.770113440788,39.5943774937719,138.488551104142,217.577409874079,185.156422785931,13.1672410559824,40.0323502495052,222.094992365144,1.02788745647866,1.021459144099,0.996309356563868,0.962051551506899,0.961100713703846,0.962010848011298,0.956152263936511,0.957014912968761,1.02110941539056,0.967810750769953,0.964727733349062,0.947316153339115,0.966300394183112,0.967169150175273,0.975134130535231,0.993117848086292,0.99705131421416,0.995366522029639,0.992427333264535,0.989509849098683,0.999632358796836,1.02478573978323,1.02352804043894,1.00138302921293,1.0292090046559,1.02088928809395,1.00384927718638,1.02149340577888,1.02269762736134,1.05025934611605,0.983454583260875,0.985607374269275,0.998350047656171,1.01457388524925,1.05074705223965,1.06482530421143,1.0283226652285,1.02769139114135,1.03029904750476,60.2026083124601,60.2023676061577,60.2024055391924,60.2024549483964,60.2024369252468,60.2024225705195,60.2024229583653,60.2025989547784,60.2025857088433,60.2030600508391
27.6478306382163,238.112639901085,691.54172024293,661.195922076703,646.217901890536,509.480396987512,634.879162182881,516.391610209705,529.434612035639,810.759473012706,942.913770603062,171.85486121951,150.900971199949,133.748558155893,39.570526307205,138.490332706523,217.551624600613,185.128333662299,13.1531286972297,40.0164965674525,221.922702023037,1.02790890036651,1.02148262512591,0.996336825621988,0.962086406786538,0.961140346312968,0.962051278498849,0.956192174481322,0.957054454175561,1.0211361465766,0.967849086422289,0.964766865776038,0.947353713769654,0.966337832405356,0.967204320310281,0.975164005863841,0.993145810868678,0.997078105698138,0.995393681165049,0.992453082399543,0.989535438684457,0.999659038936927,1.02481013052529,1.02355216193824,1.00141093579342,1.02922585203181,1.02090870852445,1.00387177417978,1.02150996225792,1.02271315873395,1.05027480280191,0.983499889197802,0.98564416715218,0.998372680085425,1.01459951108294,1.05076820626522,1.06484312848109,1.0283369402537,1.02770458902378,1.03030718789467,60.2025468854995,60.2023083814985,60.2023341228991,60.2023717313957,60.2023373955223,60.2023482115685,60.2023480130813,60.2025335169071,60.2025076886742,60.2030096064386
27.7399198455465,238.086855457697,691.476374462573,661.127401962898,646.183802969531,509.454477301666,634.835659554096,516.355330615289,529.418571244801,810.75389824126,943.486161870454,171.813222181255,150.900351319493,133.731679981576,39.548128559095,138.499014676587,217.528047202913,185.10474075145,13.141206944566,40.0030699303956,221.774634841941,1.02792788131075,1.0215042453386,0.996361737774618,0.962116638319864,0.961174079945558,0.962085619004831,0.956226076381061,0.957088046157757,1.02115880893737,0.967881863662424,0.964800253015182,0.947385850377613,0.966369960594958,0.967234911139536,0.975191354673323,0.993172104302047,0.99710325161379,0.995418838187649,0.992479001199587,0.989562257065169,0.999683991212251,1.02483291744143,1.02357478776238,1.00143713479342,1.02924148682166,1.0209281570269,1.00389358045521,1.02152828489442,1.02273087476746,1.05028905999458,0.983537720820287,0.985675589339108,0.998395681659215,1.01462762175528,1.05078791953675,1.0648603512927,1.02835040503344,1.02772051835744,1.03031417935022,60.2025375986603,60.2024363653023,60.2024359451125,60.2023764136918,60.2022935255824,60.202385182937,60.2023832667476,60.2025178862562,60.2024394455002,60.2028740153298
27.8320090528767,238.077267857304,691.475653890097,661.124661230492,646.158871648662,509.416046321394,634.816910710374,516.337449827229,529.409550378274,810.724720913763,943.802490134735,171.786251130619,150.898226433676,133.724124042878,39.5325693275584,138.515520683429,217.512807408278,185.092006857648,13.1344088153595,39.997477330586,221.69189999504,1.02793957585757,1.02151847623825,0.996377021629752,0.962132156923255,0.961190081446909,0.962101692994952,0.956242160731019,0.957104087173092,1.0211702353331,0.967897355986146,0.964815997251485,0.947401167172277,0.966385444724671,0.967250635020006,0.97520822219969,0.993189668728136,0.99712012708644,0.995435185106667,0.992498858693735,0.98958431732287,0.999700515879263,1.02484799320202,1.02358986216774,1.00145459176994,1.0292519361283,1.02094366701628,1.00390959796527,1.0215459961374,1.02274886184651,1.05029847140972,0.983553337679682,0.985689637089668,0.998413525044354,1.01465243922183,1.05080091985343,1.06487243047467,1.02835964401595,1.02773810826438,1.03031808361306,60.2025596854556,60.2026402378208,60.2026194441144,60.2024554596979,60.2023365351946,60.2024979711402,60.2024936336627,60.2025374967249,60.2024183739339,60.2026768255137
27.9240982602069,238.084776724737,691.532548864453,661.184810195095,646.150269712052,509.379572660077,634.826855308588,516.341592522988,529.409006013977,810.685400069072,943.780900702967,171.781728148005,150.894941241568,133.727018870707,39.5286279724373,138.533673989579,217.510453953899,185.093441004861,13.1347819691364,40.0013750537294,221.697475669465,1.02794063169779,1.02152130036885,0.996378525319202,0.962129158996969,0.961184644529062,0.962095824327759,0.956236677423707,0.957098803320542,1.02116751009764,0.967891941655645,0.964810440150973,0.9473960739665,0.966380622911879,0.967247626693612,0.975210044304189,0.99319358359758,0.997123985937509,0.99543817548208,0.992506825337243,0.989594960022588,0.999704015393897,1.02485118654638,1.02359319952672,1.00145842542813,1.02925428746251,1.02095061928112,1.00391517534462,1.02155756117665,1.02276145464549,1.05030041680591,0.98354374943035,0.985683055645491,0.998421003501105,1.01466628710304,1.05080364790061,1.06487596163282,1.02836213117632,1.02775179463729,1.03031781412028,60.2025853297621,60.2027793794719,60.2027581008317,60.2025768717848,60.2024793325923,60.2026313178793,60.2026244119759,60.202569648817,60.202477152879,60.2024591269265
28.0161874675371,238.105054704756,691.607547464066,661.268997771969,646.163087585069,509.368019417822,634.860932017984,516.364665290443,529.416815622769,810.665387286473,943.448481713929,171.800962133206,150.893482706425,133.738559245351,39.5386016249777,138.543367201565,217.521579704864,185.108202784987,13.1421672699021,40.012388036678,221.782196118662,1.02793111340679,1.02151196459057,0.996366569581535,0.962111103965244,0.961162921984672,0.962073478008502,0.956214777320041,0.957077184504159,1.02115334602666,0.967870759417038,0.964788823546694,0.947375466322322,0.966360230472039,0.967229402206104,0.975197171807022,0.993182848069203,0.997113738253263,0.99542724026384,0.992499601329042,0.989589335596903,0.999693659722566,1.02484177410549,1.02358402909082,1.00144767856563,1.02924802983594,1.02094558095515,1.0039079102406,1.02155640979481,1.02276139026577,1.0502944090848,0.983517174554331,0.985661751002717,0.998415104260414,1.01466250275821,1.05079550948225,1.06487004546283,1.02835730918927,1.02775359834879,1.03031383069868,60.2025895843059,60.2027657614345,60.2027645287456,60.2026939716822,60.202684488065,60.2027294468686,60.2027205161148,60.202589613269,60.2026047415247,60.2022658079547
28.1340864392716,238.137866484932,691.660395801173,661.337043818323,646.208413509914,509.411147364388,634.921770907944,516.408435579657,529.435254454428,810.703923232526,942.767253926022,171.850316177921,150.898653655579,133.75951222655,39.567722922346,138.532532363818,217.549343135361,185.138703100259,13.1580605567619,40.028595569971,221.952767509595,1.02790878768304,1.0214872205565,0.996339060247433,0.962079406324292,0.961128090391238,0.962038185286598,0.956179553092408,0.957042114287538,1.02112859944206,0.967837205696455,0.964754568773279,0.947342465448781,0.966327204925729,0.967197476254121,0.975167465882418,0.993153729077717,0.997085581068095,0.995399191986529,0.992470966962653,0.989559430517944,0.999665972649705,1.02481660098615,1.02355919803788,1.0014186555565,1.02923100020158,1.02092229836249,1.00388264454279,1.02153237270106,1.02273766947833,1.05027834966505,0.983480587845879,0.985630499606322,0.998390270195517,1.01463096714823,1.05077378122063,1.06485212635039,1.02834327508855,1.02773177815393,1.03030586583757,60.20254102716,60.2025563189135,60.2025901982195,60.2027541393164,60.2028878842946,60.2027412200178,60.2027319003307,60.2025635815955,60.2027536083446,60.2021079502335
28.251985411006,238.166738788349,691.638300470342,661.327891495392,646.268573551384,509.501623225243,634.979801451688,516.451620819562,529.456056158669,810.803193824307,942.082596601188,171.906422285949,150.912689170267,133.780271544502,39.6028203637332,138.500657124102,217.58014013795,185.169804656402,13.1745438233991,40.0402350478367,222.116192742101,1.02788490987673,1.02145871750668,0.99630974992861,0.962052158326555,0.961101027651435,0.962011267238169,0.956152111916255,0.957014531465742,1.02110766610575,0.967811557467145,0.964728356395727,0.947316882240503,0.966301252191585,0.967170094602584,0.975135734208063,0.993119755684411,0.997052490240744,0.995367361653565,0.992432630314246,0.989516600060867,0.999633850835165,1.02478738730223,1.02353025333305,1.00138485361459,1.02921123801878,1.02088945249186,1.00384987221941,1.02149189690244,1.0226959990211,1.05025979041379,0.983457807953975,0.985609204350123,0.998356469442606,1.01458269443264,1.0507485563213,1.06483040558582,1.02832656998956,1.02769046013131,1.03029831021922,60.2024300794205,60.2022966271236,60.2023478874997,60.2026515998264,60.2028547499916,60.202605434731,60.2025988834709,60.2024613154056,60.2027310115407,60.2020709432844
28.3698843827405,238.181849205505,691.58100115082,661.27801293498,646.312882533367,509.582185937237,635.013677807075,516.477975534978,529.46894333227,810.898626434917,941.663339091994,171.945242401125,150.926643344527,133.79275875819,39.6263744057719,138.468535967819,217.600867681493,185.188845820359,13.1848714101921,40.0432794602317,222.214657443061,1.02786905491866,1.02143888932887,0.996290666761056,0.96203823941594,0.96108929757551,0.962000028033472,0.956140112929481,0.957002228742553,1.02109692561377,0.96780079017709,0.964717330945273,0.94730584720878,0.966289770991266,0.967156150945863,0.975115028643846,0.993095896844854,0.997029151263226,0.995345506524648,0.992403173025011,0.989482595716647,0.999611270024119,1.02476673499565,1.02350969787076,1.00136110534931,1.0291972912835,1.02086352090654,1.00382520865357,1.02145722034599,1.02265967171802,1.05024687597304,0.983452949461829,0.985602423366283,0.998330022807256,1.01454319760419,1.0507306431423,1.06481430945564,1.02831451499023,1.02765333754114,1.03029379181137,60.202276177521,60.2021493992939,60.2021850527628,60.2023896579288,60.2025206161422,60.2023553305272,60.2023532270968,60.2022932460583,60.2024605798825,60.2021316000869
28.4877833544749,238.179788189988,691.553476428092,661.254100793505,646.316651628004,509.595487455793,635.013316048466,516.478796693771,529.467007302059,810.918216278948,941.647759700551,171.950536226427,150.931467466563,133.793295567086,39.6264931316128,138.459577173544,217.603181639401,185.188578886964,13.1850838854185,40.0408251503249,222.219479427272,1.02786744768058,1.0214361546416,0.996288425256089,0.962038335773302,0.961090724247107,0.962001702996643,0.956141559365296,0.957003563074153,1.0210972827764,0.967802166972276,0.964718793009529,0.947307073369672,0.966290806626417,0.967156166790475,0.975112296886087,0.993091956989845,0.997025373815712,0.995342292798656,0.992396957024344,0.989475163448285,0.999607438373141,1.02476303449562,1.02350590006005,1.00135714575203,1.02919489557538,1.02085825798776,1.00382062072865,1.02144931542588,1.02265117329496,1.05024511040425,0.983457285650816,0.985604627707702,0.998323784504209,1.01453423149696,1.05072730173354,1.06481048180498,1.028312165669,1.02764418919271,1.03029356420083,60.202112586485,60.202123943483,60.2021229566678,60.2020581684349,60.2020197852169,60.2020679233753,60.2020690228354,60.2021019246082,60.2020459682521,60.20223065372
28.6056823262094,238.16182410044,691.57924896277,661.281021991059,646.27820285802,509.530663892451,634.98145502333,516.454544648548,529.450501954684,810.846571970043,942.017633216504,171.921232020132,150.923290218528,133.781714115246,39.6034889442753,138.479875915562,217.586940104129,185.169783624056,13.1755165340847,40.0363129773767,222.136307083629,1.02788015503294,1.0214511975392,0.996302956369943,0.962050098270941,0.96110170619739,0.962012449797717,0.956152853891858,0.957015060832206,1.0211069106467,0.967812046413221,0.964729039369526,0.947317114815196,0.966301039211445,0.967167755635655,0.975127495884737,0.993108895963553,0.99704216160759,0.995358326107907,0.992416542388765,0.98949774311901,0.999623302765418,1.02477724465878,1.02351986686894,1.0013739442614,1.02920473176259,1.02087637346721,1.00383805937933,1.0214731825697,1.02267605258665,1.05025497512293,0.98346470217235,0.985611386642612,0.998340375654103,1.0145602981861,1.05073944041386,1.06482011044953,1.02832028988464,1.02766927183144,1.03029734429259,60.2019746967927,60.2021001306609,60.2020693430065,60.2017873541961,60.2016052260771,60.2018320877313,60.2018336214998,60.2019424053846,60.2017075384737,60.2022981855733
28.7500120863386,238.129065350887,691.622949586896,661.322230336528,646.209548499035,509.414626717101,634.922862786808,516.407361002756,529.42259854545,810.722600122326,942.750296689438,171.85973968627,150.904124244331,133.757068028996,39.5623804872846,138.520035861735,217.553447840428,185.134544125667,13.1569723332198,40.0278954004754,221.962264626724,1.0279065011017,1.02148289099425,0.996334370240957,0.96207664975785,0.961126791730229,0.9620371051362,0.956178433524973,0.957040968736691,1.02112777240948,0.967835196643335,0.964752848255114,0.947340486775298,0.966324889804504,0.967194220663302,0.975161031140922,0.993145840436462,0.997078459900419,0.995392977963205,0.992459387941394,0.98954644473736,0.999658100341157,1.0248087714686,1.02355105867477,1.00141065507064,1.02922666207402,1.02091457570559,1.00387521544312,1.02152227062077,1.02272707395371,1.0502757699527,0.983482613111887,0.985628414112227,0.998377891494946,1.01461598560919,1.05076662018337,1.06484315871704,1.02833888659898,1.02772077340507,1.03030535679501,60.2018778556297,60.2019455261607,60.2019185595548,60.2016690071949,60.2014794996413,60.2017063459918,60.2017061008731,60.2018454607775,60.2016239368317,60.2022610830499
28.8943418464677,238.10164070977,691.600995118992,661.297159592192,646.163999424406,509.351354549736,634.876151966539,516.367644014013,529.402377975385,810.672968463798,943.39347955961,171.808361647803,150.893365526022,133.735513706798,39.5337959460432,138.543992191229,217.525520690204,185.106860454908,13.1425970203765,40.0187745530484,221.799802033445,1.02792912205811,1.02150964369859,0.996363016317325,0.962106176511932,0.961157573116531,0.962068024378201,0.956209495652715,0.957071992926416,1.02115016064991,0.967864641014171,0.964782905005026,0.947369659889384,0.96635431162247,0.967223988199664,0.975192251409518,0.99317805565186,0.997109618343938,0.995423327842249,0.992494476555871,0.989584726448961,0.999688602598851,1.02483663987446,1.0235787398139,1.00144272418456,1.02924600954265,1.0209432562789,1.00390479731216,1.02155514516636,1.02276052155256,1.05029341024744,0.983512131808882,0.985654265292488,0.99840927543253,1.01465826899417,1.05079081134016,1.06486444738162,1.02835565541158,1.0277536731208,1.03031296263991,60.201865229162,60.2017502229593,60.2017632674666,60.2017761837677,60.2017342442757,60.2017726584604,60.2017700659633,60.2018553702939,60.2018439580918,60.2020745374516
28.9998381167494,238.095665822505,691.540416728281,661.23922082529,646.162586990016,509.365944266492,634.868126451318,516.358533063509,529.399717843112,810.71145988331,943.572398797784,171.79654840951,150.897625603824,133.730384162542,39.5315090772784,138.541149766906,217.518929537598,185.101936547389,13.1402957711028,40.0142038844433,221.745644928948,1.02793498064918,1.02151610418338,0.996371910456388,0.962119987125449,0.961174089093597,0.96208505817492,0.956225959294291,0.957088148867886,1.02116010411969,0.967881045819755,0.964799534909867,0.947385574247033,0.966370121692664,0.967238117938789,0.975202456618254,0.993186721218999,0.997117548506382,0.995431631504007,0.992501875537929,0.989591357486373,0.999696896000759,1.02484437360422,1.02358651384916,1.00145138448716,1.02925136892132,1.02094665182548,1.00391013309181,1.02155473530648,1.02275921379758,1.05029776580545,0.983533210432477,0.985671290672241,0.998416376613454,1.01466419423053,1.05079762464612,1.06487108024342,1.02836062348423,1.02775124712091,1.03031560843978,60.2018908780399,60.2017143683881,60.2017542725806,60.2019231529149,60.2019963685959,60.2019000292658,60.2018956653525,60.2018988817924,60.2020349792576,60.2018728705438
29.1053343870311,238.105994092362,691.491070249406,661.19967619943,646.186212114535,509.414596435809,634.889033750355,516.372005970381,529.408049102561,810.781739914881,943.393539145357,171.812555763276,150.908887580719,133.737663879091,39.5449852099062,138.526879380918,217.527423763464,185.112999065018,13.146398266094,40.0146116474273,221.780551925314,1.02792850098964,1.0215083406483,0.996365736575138,0.962118379211896,0.961174536964872,0.962085981062898,0.956226134357233,0.957087992551846,1.02115798652383,0.967882136557191,0.964800513697079,0.94738630515781,0.966370626006787,0.967236745104294,0.97519641852402,0.993178624919256,0.997109172617233,0.995424017504444,0.992491367530897,0.989578567449608,0.999689277971794,1.02483759133155,1.02357992379898,1.00144334764271,1.02924669767161,1.02093486929866,1.00389989440377,1.02153668886381,1.02273992737563,1.05029281381399,0.983539512906999,0.985675023977952,0.998407617236876,1.01464882173762,1.05079184415992,1.0648669931353,1.0283571004881,1.02773114324034,1.03031410971215,60.2019145385498,60.2018211220107,60.2018630744957,60.202040592301,60.2021594777433,60.2020228746034,60.2020169042187,60.2019311145065,60.2021101978878,60.2016710789572
29.2108306573128,238.130511328,691.49785705913,661.220446298682,646.223636929326,509.465146625759,634.933456641015,516.404138371854,529.423505877774,810.837729500321,942.902959811694,171.849561088632,150.920465816966,133.755274926254,39.5677735927298,138.512168861586,217.54753207332,185.135899633923,13.1584718269526,40.0221920557212,221.896140868854,1.02791226381545,1.02148972325637,0.996346339321021,0.962099102563048,0.961154654828315,0.962066099624938,0.956205916709888,0.957067698600051,1.02114271961242,0.967863316170424,0.964781238701817,0.947367598251014,0.966351758483104,0.967217429633358,0.975175702143513,0.993157058075247,0.997088045083855,0.995403434024029,0.992468446635645,0.989553603327815,0.999668821113062,1.02481902841468,1.02356164529111,1.00142187331518,1.02923404367222,1.02091453760375,1.00387933888022,1.02151220515388,1.02271483305207,1.05028071297873,0.983522018932418,0.985659125883307,0.998387657186068,1.01462140171182,1.05077580038218,1.06485395169294,1.02834670671478,1.02770641138667,1.03030878901663,60.2019072013674,60.2019816049083,60.2020006009657,60.2020739698932,60.2021656536965,60.2020771820658,60.2020706623587,60.2019215920469,60.2020444903021,60.2015222320269
29.3140653765948,238.159571528044,691.56196448366,661.295488025553,646.260491288597,509.495061993791,634.984529963511,516.442472574536,529.439014323036,810.854488172872,942.284073724597,171.894906291826,150.927094982869,133.77683605432,39.5917713490263,138.504569319516,217.572636010217,185.162605211185,13.1727151098208,40.0363927881129,222.055062736271,1.02789171365232,1.02146677336996,0.996320328597019,0.962068327265894,0.961120630012701,0.962031570876356,0.956171608139861,0.957033606041363,1.02111909722651,0.967830432955959,0.964747699521653,0.947335283324498,0.966319418757627,0.967186347847184,0.975147369120016,0.993129584202274,0.997061588816179,0.995377025714914,0.99244150475645,0.989525808806425,0.999642700813767,1.0247951980718,1.02353807901117,1.00139449122917,1.02921767647819,1.02089323077623,1.00385592759443,1.02149105102225,1.02269410568487,1.05026575543434,0.983485647734861,0.985628374979754,0.998363840069463,1.0145924216789,1.05075514466577,1.0648364720154,1.02833302139431,1.0276873915766,1.03030131932889,60.2018524117276,60.2020453038627,60.2020364822707,60.2020066355391,60.2020449495256,60.2020261205009,60.2020207068638,60.2018594669503,60.2018996297826,60.2014625188011
29.4173000958767,238.184121682423,691.641780122855,661.379368789683,646.288829747415,509.505996176958,635.027396004515,516.475525435242,529.450336315473,810.845342136741,941.754254161345,171.932055083662,150.927349860989,133.793494669851,39.6094814024469,138.501391552391,217.593382615136,185.183763950745,13.1834605633574,40.0497339714019,222.192965401189,1.02787465330996,1.02144784248098,0.996297794443876,0.962039405324214,0.961087738153257,0.961997989966863,0.95613855404831,0.957000900809949,1.02109730792764,0.967798382643099,0.964715059542336,0.947303929368589,0.966288140164437,0.967157032807395,0.975122430709973,0.993106204526146,0.997039398703272,0.995354623936493,0.992419380845797,0.989503672321124,0.9996203791995,1.02477471312791,1.02351776207857,1.00137115450318,1.02920394208139,1.020877525287,1.00383750287746,1.02147802175326,1.02268199398332,1.05025337372117,0.983447880903695,0.985597209685495,0.998344010117211,1.01457002883797,1.05073731946913,1.06482098521908,1.0283213149327,1.02767729128554,1.03029479498838,60.2017503575544,60.2019214428376,60.2019028284308,60.2018525421116,60.2018572118906,60.2018709436714,60.2018680419376,60.2017512300295,60.2017473185621,60.2014917966883
29.5205348151586,238.194079639841,691.680643332991,661.417002551924,646.3014954322,509.507177023646,635.046576119638,516.491313385385,529.453419454201,810.835120511795,941.509421723273,171.950586459974,150.925029768276,133.799743574813,39.6168359112122,138.499343341803,217.603911651545,185.192817694856,13.1880426771569,40.0573491683113,222.261039977308,1.02786628369661,1.02143838736796,0.99628627732931,0.962024463332268,0.961070758492073,0.961980633466075,0.95612155126155,0.95698410994261,1.0210863160829,0.967781719795827,0.964698132271007,0.947287651764585,0.96627188470699,0.96714181392469,0.97510941384321,0.993093975159484,0.997027946820926,0.995343107254638,0.992407496510445,0.989491766512683,0.999608635635269,1.0247638249331,1.02350687903249,1.00135891899383,1.02919677238199,1.02086981242177,1.00382820933274,1.0214722649447,1.02267684466082,1.05024720061796,0.983427895236969,0.985580708405713,0.998333066081909,1.01455791898791,1.05072780614606,1.06481215611262,1.02831501974528,1.02767333746684,1.03029153223965,60.2016192489428,60.2016422404761,60.2016394389131,60.201645795973,60.2016470163684,60.2016478756447,60.2016477634373,60.2016172805987,60.2016197183818,60.2015810586757
29.6237695344405,238.186422254575,691.650674879362,661.386248473808,646.29597231001,509.505457810436,635.036525166555,516.484669663765,529.447787820341,810.84033525683,941.635502669005,171.944229879595,150.923335915591,133.793337435005,39.6116779117135,138.496122557406,217.600456903163,185.18666656588,13.1848037710829,40.0548428282221,222.231260914031,1.02786967467034,1.02144161298897,0.996290179912375,0.962030287584546,0.961077824432495,0.961987890100466,0.956128722110294,0.956991212471266,1.02109112138178,0.967788421729248,0.964705037689786,0.947294209137364,0.966278346810419,0.967147599228404,0.975113339373403,0.993097149555253,0.997031130560341,0.995346578467702,0.992409331742847,0.989493159318407,0.999611542365275,1.02476629909782,1.02350920228102,1.00136203784366,1.02919874284592,1.02087164380963,1.00383060881059,1.02147324397468,1.02267758211089,1.05024932701853,0.983436333602217,0.985587040594662,0.998334203852149,1.01455873997952,1.05072987582372,1.06481306160446,1.02831638971437,1.02767365277758,1.03029290918956,60.2014892347768,60.2013491258222,60.201372112955,60.2014335865856,60.2014354690902,60.2014184470793,60.2014201045463,60.2014855078967,60.2015031990691,60.2016794376184
29.7270042537225,238.163962233075,691.573131049589,661.311769252647,646.273145445748,509.495860651686,635.001442036782,516.457962384314,529.434990251298,810.852180607814,942.07224203066,171.915832276982,150.923071054898,133.777580455719,39.5952620295911,138.495211846353,217.584473959929,185.167649881486,13.1752015875404,40.0436934420699,222.11913766226,1.02788326840377,1.02145615141556,0.996307546322622,0.962053358969468,0.961104522985666,0.962015197990608,0.956155618177169,0.957017828316012,1.02110892251205,0.96781416755834,0.964731366165831,0.947319414006293,0.966303400477284,0.967170838330779,0.975132170347111,0.993114318199661,0.997047569024029,0.995363434966079,0.992424468794687,0.98950796542544,0.999627803728284,1.0247810213193,1.02352367340517,1.00137912396447,1.02920894437154,1.02088271977517,1.00384393899126,1.02148165535785,1.0226851459794,1.05025888302893,0.983467688483528,0.985611810240784,0.998347179532008,1.01457324380695,1.05074259444518,1.06482320272025,1.02832480916229,1.0276795002807,1.03029819295567,60.2013905592655,60.2011925933842,60.2012255886213,60.2012648717501,60.2012406501308,60.2012467344646,60.2012488317549,60.2013821284321,60.2013752980882,60.2017340688113
29.8277385365425,238.137097544284,691.502833363806,661.246232863016,646.239459227114,509.469605731889,634.956061660125,516.422244246676,529.418905530761,810.847604603471,942.630086426748,171.876255742038,150.922522972674,133.759704046932,39.5727249007046,138.502009474878,217.562236836012,185.143281979869,13.1630716617694,40.0303891021383,221.974489208041,1.02790164253438,1.02147646207117,0.996330882203375,0.962081856328181,0.961136521623069,0.962047767404658,0.956187875631012,0.957049835868802,1.02113085514551,0.967844958296217,0.96476283557501,0.947349653398353,0.966333578576913,0.967199558288537,0.975157615259563,0.993138670666268,0.99707088071663,0.995386857692643,0.99244797625747,0.989532150718867,0.999650957146958,1.02480213177232,1.02354453315184,1.00140339572997,1.02922335940144,1.020900338562,1.00386392157019,1.02149778410094,1.02270059292954,1.05027222112243,0.983503584876297,0.985640859496668,0.998367741242086,1.01459839142438,1.05076089290036,1.06483853905161,1.02833700328801,1.02769309476014,1.03030500803114,60.2013421776865,60.2012250966963,60.2012404015315,60.2011800535298,60.201104031036,60.2011770273083,60.2011786117539,60.2013258418559,60.2012517982497,60.2017120036325
29.9284728193626,238.11503182223,691.482194801072,661.22698441605,646.203708142863,509.425475164426,634.916173359643,516.38993633102,529.403479157535,810.813668038283,943.114220605137,171.8387462973,150.918334238036,133.745375080428,39.5504536416528,138.517954000163,217.541359324787,185.121859414753,13.1525520242478,40.0206045412788,221.853684253864,1.02791821332713,1.02149590030433,0.996352027983895,0.9621044754058,0.961160557208696,0.962072016424301,0.956212102069653,0.957073971721922,1.02114791182315,0.967867992788572,0.964786358782822,0.947372416193376,0.966356464231374,0.96722236113408,0.975180745426486,0.993162217959089,0.997093541038555,0.995409047871993,0.992473068556771,0.989559351143271,0.999673322402208,1.0248225693868,1.02356479961943,1.00142686058583,1.0292371915535,1.02092026816266,1.00388492310977,1.02151971832402,1.02272265072942,1.05028502025024,0.983528199194565,0.98566163419447,0.998389942241589,1.01462823924394,1.05077861988155,1.06485388857787,1.02834894682263,1.02771424834604,1.03031066121651,60.2013409556336,60.2013718888882,60.2013556740324,60.2011915585367,60.2010718211789,60.2012119450631,60.2012122948838,60.2013183808336,60.2011809318029,60.2016109677822
30,238.107563404644,691.503146349706,661.246061195819,646.183905521493,509.390368210294,634.90026458726,516.376195227049,529.395945653952,810.776457717206,943.324615711777,171.819111673187,150.913901091829,133.739885713254,39.538572894807,138.532345275125,217.530582070965,185.112155581034,13.1475193238646,40.0180503465935,221.799850090979,1.0279264982307,1.02150613783956,0.996362227525904,0.962112910055106,0.961168329035383,0.962079631992519,0.956219983829789,0.957081951117704,1.02115431833242,0.967875312743569,0.964793823762992,0.947379788714361,0.966364032657489,0.967230846404862,0.97519182897931,0.993174536781858,0.99710553066459,0.995420424702213,0.992487724637776,0.989576047517199,0.999684996069057,1.02483326659795,1.02357546549134,1.00143912980937,1.02924458564777,1.02093277343743,1.00389713605237,1.02153556478897,1.02273908938092,1.05029175744604,0.983533565056063,0.985667269242227,0.998403064881265,1.01464742597144,1.05078790063104,1.06486232791371,1.02835546677844,1.02773082892894,1.03031317444703,60.2013606301231,60.2014758639486,60.2014437755814,60.2012540788702,60.2011319078267,60.2012870495152,60.2012861292987,60.2013381907146,60.2011926257823,60.2015018298677
