time,P_generator,Q_generator,V_bus_01,V_bus_02,V_bus_03,V_bus_04,V_bus_05,V_bus_06,V_bus_07,V_bus_08,V_bus_09,V_bus_10,V_bus_11,V_bus_12,V_bus_13,V_bus_14,V_bus_15,V_bus_16,V_bus_17,V_bus_18,V_bus_19,V_bus_20,V_bus_21,V_bus_22,V_bus_23,V_bus_24,V_bus_25,V_bus_26,V_bus_27,V_bus_28,V_bus_29,V_bus_30,V_bus_31,V_bus_32,V_bus_33,V_bus_34,V_bus_35,V_bus_36,V_bus_37,V_bus_38,V_bus_39,f_gen_01,f_gen_02,f_gen_03,f_gen_04,f_gen_05,f_gen_06,f_gen_07,f_gen_08,f_gen_09,f_gen_10
0,8.21977002538218,0.436269834569362,1.02689619675705,1.02001666624597,0.99447483961839,0.960052914488354,0.958759194400415,0.959595583265732,0.953428280202794,0.95459830027182,1.02020748978919,0.965720464430389,0.96248971145941,0.945223402898302,0.964270555325827,0.965187824060215,0.973078921276371,0.991037183180515,0.995070011903285,0.993422115057645,0.990604030237737,0.987464309584295,0.997579428206033,1.02295995468122,1.02167673627957,0.999263896725713,1.02837994251279,1.01926682520478,1.00205421142613,1.01980305097993,1.02109290474891,1.04990032627657,0.982000407484284,0.984100409692964,0.997200872807602,1.01230087613236,1.04940108840344,1.06360108401266,1.02750044803667,1.02650102943883,1.0300000719806,1,1,1,1,1,1,1,1,1,1
0.2,8.21976581197761,0.436269131685302,1.02689634378284,1.02001685759086,0.994475040116049,0.960053108719427,0.95875938752272,0.959595776101752,0.953428472315214,0.954598491454614,1.02020762188374,0.965720652071003,0.962489901630435,0.945223589244182,0.964270745017948,0.965188021132473,0.973079138955677,0.991037411654313,0.99507023484134,0.993422330404824,0.990604276065881,0.987464585016073,0.997579651095649,1.02296017059666,1.0216769419533,0.999264124040779,1.02838009875034,1.01926704806138,1.00205443309992,1.01980331134105,1.02109317049967,1.04990045693871,0.982000579005199,0.984100570900671,0.997201083025544,1.01230119020072,1.04940130699953,1.06360124211743,1.02750060259845,1.02650129160951,1.03000011870622,0.999999965064363,0.999999959528234,0.999999959155672,0.999999950271538,0.99999994611807,0.999999956025321,0.999999956701142,0.99999996115986,0.999999949447621,0.99999997972829
0.4,8.21976092568697,0.436268219703308,1.02689648089711,1.0200170221294,0.994475214203374,0.960053285264132,0.958759568883695,0.959595957779237,0.953428654400047,0.954598673034264,1.02020775024188,0.965720825861157,0.962490078889232,0.94522376174441,0.964270919399559,0.965188199058754,0.97307932626899,0.991037604366685,0.995070424180451,0.993422515063769,0.990604478408985,0.98746481063787,0.997579833734196,1.02296033924555,1.02167710315841,0.999264314759182,1.02838021901172,1.01926723217719,1.00205461843999,1.01980352857608,1.02109339171522,1.04990055558314,0.982000744034681,0.984100719918018,0.997201250466193,1.01230144479778,1.04940146607249,1.06360134982795,1.02750071619575,1.02650150633936,1.03000016337049,0.999999928575556,0.999999925961939,0.999999925849744,0.999999917729963,0.999999911060791,0.999999921049695,0.999999919317671,0.99999992797294,0.999999918332127,0.999999950083147
0.6,8.21975900788041,0.436267205643762,1.02689652586455,1.02001704629394,0.994475239185839,0.960053319651259,0.958759612541999,0.959596001863173,0.953428701879723,0.954598721623847,1.02020779355855,0.965720861934769,0.962490118067935,0.945223797966544,0.964270954063293,0.965188230987169,0.973079348359209,0.991037621773341,0.995070441989751,0.993422536206915,0.990604487500228,0.987464827011134,0.997579844401366,1.022960337746,1.02167709880461,0.999264330623479,1.02838021859646,1.01926723232162,1.00205462629739,1.01980351649809,1.02109337440733,1.04990055784362,0.982000780813263,0.984100745404836,0.997201240088831,1.01230146760403,1.04940145199876,1.06360130764405,1.02750070980737,1.02650147541243,1.03000017857566,0.999999900564799,0.999999906623495,0.999999907523963,0.999999910600461,0.999999908220644,0.999999906021152,0.999999904163147,0.999999906804143,0.999999915879619,0.999999905977936
0.8,8.21976188999109,0.436266753165716,1.02689638912936,1.02001684293784,0.994475020133488,0.960053104706681,0.958759400236745,0.959595788849726,0.953428494064471,0.954598516570043,1.02020766358892,0.965720649152829,0.96248990465261,0.945223588050834,0.964270739573376,0.965188010297433,0.973079105652974,0.991037366929576,0.99507019283339,0.993422297824962,0.990604210848697,0.987464538640993,0.997579594018811,1.0229600920912,1.02167685351485,0.999264074901395,1.02838004290673,1.01926696898686,1.0020543707611,1.01980319076653,1.02109303516246,1.04990040987001,0.982000570674875,0.984100548431793,0.997200971921189,1.01230116063239,1.04940121508332,1.0636010753349,1.02750054732654,1.02650112277428,1.03000013409431,0.999999890933044,0.999999896100545,0.999999897901539,0.999999907771347,0.999999915217872,0.999999905823924,0.999999907785735,0.999999894864026,0.999999914217225,0.999999863406631
1,8.21976456109469,0.436266901016509,1.02689613197341,1.02001650365959,0.99447465088492,0.96005272883502,0.958759018711514,0.959595405388814,0.953428116387122,0.954598142528851,1.02020741569325,0.965720272081748,0.962489524218583,0.945223215958439,0.964270361507435,0.965187625896465,0.973078694472808,0.991036940258187,0.99506978189358,0.993421901286815,0.990603758590716,0.987464063594078,0.99757917147838,1.02295968149004,1.02167644552061,0.999263645090658,1.02837976212162,1.0192665756457,1.00205397218291,1.01980273929526,1.02109257282773,1.04990017057094,0.982000194217386,0.98410020178925,0.997200544261644,1.0123006520705,1.04940082684498,1.06360071622983,1.02750028868048,1.0265006552755,1.03000005001758,0.999999881924261,0.99999988384747,0.999999885880697,0.999999896443508,0.999999905743378,0.999999899435899,0.999999899349643,0.999999883014087,0.999999895992313,0.999999842574492
1.00000610186357,5.96135110822613,2.72050431260509,0.941672751688473,0.845225677203372,0.738006138170446,0.72043714371906,0.757102388401924,0.761483031265964,0.765723788719777,0.77141526599479,0.924619936038074,0.751190305215583,0.753085584492032,0.729129274378628,0.733185937875901,0.691844892156441,0.554053068943887,0.50266061477318,0.604120549961422,0.654111433599593,0.628684535097549,0.667645524360799,0.359717084104633,0.220479690021159,0,0.432267204215575,0.856024002843819,0.778819916903505,0.694305035973234,0.842978045632304,0.864414363274769,0.942831634651336,0.827426387764536,0.823941009484013,0.688107885560858,0.738105335606248,0.413705905416295,0.363318389223901,0.898113285569546,0.910489839449342,1.00083791308752,1.00000024734353,1.0000003113019,1.00000032044094,1.0000006168625,1.00000065133249,1.00000106332823,1.00000139224037,1.0000002396041,1.00000039528607,0.999999858912464
1.00001387370266,5.96114275337204,2.72052026681269,0.941670098134963,0.845224812131986,0.73800674289887,0.720439020541686,0.757104395058105,0.761485131597476,0.765725519878791,0.771416832902688,0.924619890292064,0.751192625759783,0.753087831645986,0.729131501610229,0.733188231848832,0.691847016975029,0.554054746612984,0.502662143413531,0.604121940602488,0.654112598513808,0.628686135616976,0.667646642440869,0.359717983629908,0.220479728395566,0,0.432268518782643,0.856020883386198,0.778820923223211,0.694306205325669,0.842981201231373,0.86441794186284,0.942823053739166,0.827429336587057,0.823943453047574,0.688109198875685,0.738105787210108,0.41370466208732,0.363317324707526,0.898111894360679,0.910493774702013,1.00083739747715,1.00000071256078,1.00000085575975,1.00000087395138,1.00000153446478,1.0000016009822,1.00000254576131,1.00000329370972,1.00000069386942,1.0000010312573,0.999999879729445
1.00002164554174,5.96093476007139,2.72053618704499,0.941667448527065,0.845223946927783,0.738007344721796,0.720440892291413,0.757106396546282,0.761487226599847,0.76572724643969,0.771418395538119,0.924619843801627,0.751194940463607,0.75309007312779,0.729133723204737,0.733190520001704,0.691849136198515,0.554056419229835,0.502663667138388,0.604123326665318,0.654113759343227,0.628687730138739,0.667647754470261,0.359718879277094,0.220479764585644,0,0.432269829122775,0.856017767756415,0.778821925801148,0.694307370591199,0.842984349276485,0.864421512166785,0.94281448795127,0.827432278769837,0.823945890543206,0.688110507045094,0.738106232737469,0.413703416579431,0.363316260191846,0.898110502675932,0.910497701114477,1.00083688252282,1.00000117735639,1.00000140025051,1.0000014274988,1.00000245210094,1.00000255064316,1.00000402820109,1.00000519517909,1.00000114830003,1.0000016672871,0.999999900561588
1.00003427265379,5.96059760422728,2.72056197983385,0.941663153902959,0.845222551928133,0.738008321527563,0.720443924424792,0.757109638461503,0.761490620018107,0.765730042725743,0.771420926153051,0.924619766975479,0.751198689709632,0.753093703781285,0.729137321650506,0.733194226263314,0.691852568787619,0.554059127297982,0.502666133588726,0.604125571355024,0.654115640112431,0.628690308600159,0.667649548838698,0.359720326962516,0.220479819022066,0,0.43227195016721,0.856012721234585,0.778823550166689,0.694309258089393,0.842989449786449,0.864427296794411,0.942800641354226,0.827437045350581,0.823949838351734,0.688112621842799,0.738106944117787,0.413701388677672,0.363314530673276,0.898108244674708,0.910504062505428,1.00083604734238,1.0000019316252,1.000002284969,1.00000232694057,1.00000394308071,1.00000409360633,1.00000643677439,1.00000828454658,1.00000188697697,1.0000027007861,0.999999934440373
1.00009740821399,5.95892603995288,2.7206896094839,0.941641848501703,0.845215649471119,0.738013128392998,0.720458899369379,0.75712565288617,0.7615073850153,0.765743850193177,0.771433417808713,0.924619355693902,0.751217213549283,0.753111641353416,0.729155099766423,0.733212536758933,0.691869521948887,0.554072478693226,0.502678282259265,0.604136632809113,0.654124908162724,0.628702969911876,0.667658287187165,0.359727418794205,0.220480007653204,0,0.432282397518156,0.855987690744335,0.778831549520428,0.694318556360842,0.843014669621892,0.86445590590048,0.942732271466465,0.827460621389912,0.823969342871338,0.688122996574729,0.738110266185296,0.413691166288817,0.36330588330417,0.89809696516718,0.910535529174074,1.00083189771021,1.00000568645345,1.00000670985124,1.00000682559859,1.00001139930987,1.00001180886201,1.00001847990244,1.00002373138468,1.00000558683397,1.00000787057684,1.00000010442841
1.00041308601503,5.95091045434631,2.72129593882094,0.941539378446705,0.845183038068776,0.738035378084995,0.720529328111665,0.757201039479563,0.761586356097192,0.765808709063767,0.771491998867868,0.924616645237452,0.751304490716164,0.753196148201397,0.729238848147478,0.733298786938681,0.691949255688261,0.554134705378698,0.502734625069068,0.604188075940278,0.654168028276127,0.628760725942565,0.667696369022225,0.359759360427306,0.220478944896694,0,0.432330849989178,0.85586750763324,0.778868647551204,0.694361739219063,0.843133992033591,0.864591415552829,0.942411737285998,0.827572323092014,0.824061225691508,0.688170079864851,0.738121235783589,0.41363806941883,0.363262652885405,0.898040882277158,0.910684685866202,1.0008117808673,1.0000240632403,1.00002886538906,1.00002935382081,1.00004871276246,1.00005039562527,1.00007870173163,1.00010096558767,1.0000242416779,1.00003377488498,1.00000096868351
1.00099183388506,5.93759112816571,2.72228290857798,0.941367561114726,0.845129587661271,0.738068370251841,0.720640329544543,0.757320251727605,0.761711473082266,0.765910673423321,0.771583667122749,0.924608971367277,0.751442884599755,0.753330106168248,0.729371570962378,0.733435446415034,0.692075021496353,0.554230410146501,0.502820070163204,0.604266556589182,0.654233722485907,0.628844231240387,0.667743587059705,0.359803684317318,0.220468903889238,0,0.432404329213271,0.855666290164234,0.778924605357493,0.694427255929096,0.84332528242211,0.864809375110277,0.941905288711046,0.827752179975234,0.824206925532067,0.688237099532785,0.738118647778284,0.413532745369467,0.363183425372499,0.897938874620863,0.910925162604939,1.0007774112884,1.00005615731752,1.00006961013917,1.00007079688512,1.00011725369502,1.00012118000509,1.00018913342556,1.00024256293226,1.00005906655438,1.00008149004032,1.00000261088589
1.00157058175508,5.92587585015288,2.72313034350191,0.941213923725641,0.84508088551398,0.738091007693529,0.720729718987144,0.757417001342003,0.761813370510829,0.765992598910197,0.771656715667145,0.924598001447939,0.751555806075484,0.753439333171581,0.729479741994204,0.733546783142167,0.692176624095644,0.554304358745126,0.502884384560375,0.604325979094751,0.654283005089175,0.628901510590893,0.667764365639541,0.35983122153112,0.220449371100878,0,0.432459636918003,0.855485620942786,0.778965694463009,0.694476145885115,0.843484097296498,0.86499144292333,0.941484427583725,0.827902796280267,0.824325945630481,0.688281536843842,0.738089549477269,0.41341811642888,0.363104237423833,0.89783688735725,0.911126979750038,1.00074591954052,1.00008639112571,1.00011050300459,1.00011240516791,1.00018595322982,1.00019201110884,1.00029959151503,1.00038416025675,1.00009461643627,1.00012946741969,1.0000043206877
1.0021493296251,5.91555949359529,2.72386123983287,0.941075784818113,0.845034820249536,0.738103881298959,0.720799950484798,0.757493937874075,0.761894805987992,0.766056837007071,0.771713315269873,0.924584025553832,0.751646321257306,0.753526792867166,0.729566303846025,0.733635832454025,0.692256915145279,0.554359121905326,0.502930069228982,0.604368422318232,0.654317482901016,0.628935830873662,0.667762034881961,0.359843991693919,0.220421519824252,0,0.432498923831329,0.855321868929727,0.778993344389111,0.694510118833385,0.843614327203831,0.865141998445601,0.941132996652118,0.828027771614331,0.824421581773814,0.688306222998521,0.7380373237579,0.413295388819803,0.363025091708371,0.897734404943225,0.911294957345487,1.00071688858088,1.00011500569202,1.00015152671607,1.00015415862899,1.00025479660011,1.00026288103212,1.00041007051986,1.0005257574933,1.00013079522746,1.00017767553578,1.00000608983843
1.00291874184494,5.90369507238827,2.72468533450797,0.940912134555954,0.844975112097705,0.738107102309099,0.720867535738924,0.757569675587942,0.761975680754249,0.766118517283743,0.771766478920672,0.924561255587469,0.751736727320814,0.753613969977762,0.729652501243962,0.733724432785675,0.692335118707961,0.554406241129946,0.502965870680484,0.604401893661705,0.654343067834925,0.628950953423627,0.667728290808552,0.35984124420585,0.220373424810567,0,0.432529711588823,0.855125245548502,0.779011691658521,0.694534986089235,0.843749284891154,0.865300174141021,0.940751107486579,0.828159776338182,0.82451760808866,0.688312823806483,0.737937294941806,0.413121547186472,0.362919942183588,0.897596844011263,0.911473332048971,1.00068146901922,1.00015091133763,1.00020624139256,1.000209861394,1.000346519792,1.00035714645927,1.00055696990156,1.00071400266924,1.00017971896402,1.00024207424862,1.00000852108095
1.00368815406478,5.8936337335365,2.72537237350857,0.940766940092994,0.844911865375504,0.738094330212425,0.720908995010053,0.757618869854527,0.762029227851874,0.76615646367962,0.77179751460006,0.92453408023093,0.75179737571971,0.753672184172241,0.729709942824556,0.733783370863643,0.692384745999254,0.554427632186463,0.502976697028646,0.604411785405513,0.654347262182872,0.628936031444456,0.667664451761676,0.359818851162213,0.220314398178667,0,0.432539021798281,0.854945825893979,0.779010489722812,0.694538658790518,0.843846115766665,0.86541668844134,0.940435312122075,0.828258099754638,0.824582955546615,0.688293667455709,0.737807320786207,0.412937276241905,0.362814878196391,0.897456205661176,0.911607448959288,1.0006490339248,1.00018474208246,1.0002611310072,1.00026575540835,1.00043844872058,1.00045145468434,1.00070388811682,1.00090224741128,1.0002294420658,1.00030677811887,1.00001103054245
1.00474854549351,5.88216129932432,2.72614608410363,0.940591246398467,0.844822027893403,0.738056322397937,0.720931536143184,0.757651280536477,0.762066577195948,0.766177033832023,0.771810672676357,0.924490446957359,0.751841339907186,0.753713828998604,0.729750825228854,0.733825136349426,0.692415202682242,0.554422994661112,0.502958528210902,0.604394416039858,0.654325133301314,0.628875578213849,0.667536598310603,0.359761879238215,0.220218505875368,0,0.432523397370625,0.854722652611182,0.778983417937776,0.694516009985776,0.84392923711339,0.865522183283415,0.940094980837368,0.828348672759879,0.824632150247164,0.688233042512624,0.737588639613962,0.412669623962069,0.362670232878948,0.897259129014117,0.911733657894892,1.00060815310709,1.00022863510434,1.00033701778993,1.00034304552916,1.00056543921362,1.00058147689599,1.00090638353501,1.0011616822385,1.00029901560638,1.00039636485344,1.00001459485421
1.00580893692224,5.87293074452568,2.72676703280844,0.940436353303655,0.844719970619397,0.737994364322189,0.720919605010522,0.757649093385357,0.762068408346118,0.766166543661602,0.771794767068923,0.924440296738512,0.751846910754499,0.753718013469331,0.729754532803383,0.733828572762046,0.692408509129425,0.554384921407048,0.502907929473757,0.604345541936197,0.654273542994927,0.628777033443937,0.667370860372469,0.359679515098981,0.220108643435236,0,0.432479884564201,0.854515593147209,0.778929328429533,0.694464557281998,0.843963313382896,0.865574515964596,0.939811426841306,0.828396225924058,0.824642262920872,0.688139867351207,0.737332606015335,0.412389087442675,0.362525777705352,0.897055491309369,0.911803959547549,1.00057060569798,1.00026998853932,1.00041313640278,1.0004205824629,1.00069273279005,1.00071153425323,1.0011088814077,1.00142111552684,1.00036955488399,1.00048634839965,1.00001826108372
1.00716978276427,5.8635787128808,2.72740403522295,0.940261004940248,0.844582640024829,0.737891337499025,0.72086660940762,0.757607744670042,0.762031128164334,0.766118285135534,0.771741729112442,0.924368044069078,0.751811337182865,0.753681660349752,0.729717951352666,0.733790427850809,0.692358930876614,0.554299266236934,0.502807378134404,0.604249049048991,0.654176496529856,0.628608315555213,0.667116296004168,0.359545678874655,0.219952094319898,0,0.432393414596826,0.854272417366649,0.778831892626193,0.694368159188638,0.843953584458535,0.865583406006963,0.93953605876004,0.8284090438788,0.824611586549666,0.68798409130764,0.736962986512067,0.412015081018042,0.362340697223681,0.896789703901097,0.911832482157321,1.00052584413163,1.00032028937778,1.00051109370666,1.00052037107155,1.0008564770732,1.00087846225835,1.00136873551182,1.0017540544584,1.00046112160998,1.00060228494821,1.0000230844474
1.00853062860631,5.8563453418752,2.72791628801552,0.940102199191172,0.844425052262208,0.737760726935764,0.720778134259135,0.75753108955098,0.761957725501447,0.766038057585303,0.771658592090238,0.924287706099521,0.751737187902987,0.753607513714961,0.729643919059634,0.733713724770222,0.692271753457146,0.55417980142242,0.502674091463526,0.604119818016019,0.654047913635011,0.628402335698112,0.666825150303745,0.359386248745065,0.219781645260867,0,0.432278793609825,0.854038453063889,0.778705511663148,0.694241358141895,0.843895286224846,0.86554016051985,0.939288151907907,0.828379153551698,0.824542326053068,0.68779660195068,0.736557930868805,0.411629072879182,0.362155989050468,0.896514670905932,0.911806867834364,1.00048352850814,1.0003682834315,1.00060929701963,1.00062040901218,1.00102059862469,1.00104538542397,1.00162854596167,1.00208698930712,1.00055354152633,1.00071862886207,1.00002801515795
1.01025312948273,5.8493490787528,2.72844884548794,0.939918454148086,0.844217978936158,0.737572881791214,0.720631075782721,0.75739784262051,0.761827645967614,0.765903337431862,0.771521999926397,0.924176479998156,0.751603873043976,0.753474923298427,0.729511949349751,0.733577372681734,0.692123590473014,0.553994768303372,0.502472779522915,0.603925116891004,0.653856448106824,0.6281038079716,0.666419822583941,0.359158499327519,0.21955166431308,0,0.432105673719434,0.853760083485257,0.77851968551353,0.694052851979043,0.84377393278928,0.865433808284737,0.939048349520476,0.828297023911655,0.824414914749944,0.687526938107211,0.736010041026007,0.411128886418759,0.361922780166818,0.896162330178296,0.911720118619376,1.00043189612536,1.00042679462727,1.00073387232419,1.0007472990996,1.00122880379963,1.00125662588695,1.00195731029733,1.00250839683959,1.00067132484604,1.00086633385962,1.00003437722783
1.01197563035915,5.84405793791733,2.72890472769664,0.939743525566236,0.843986237675839,0.737357254539897,0.720451305412223,0.757231998733347,0.761664350225699,0.765738583710154,0.771356825838239,0.924055321951267,0.751435831860607,0.753308061363848,0.72934613906759,0.733406302651664,0.691941406901996,0.553779212051454,0.502242027193646,0.603700187167534,0.653635071860086,0.627773210622017,0.665983809630392,0.358907584869113,0.21930927454465,0,0.431907236323514,0.853483083944922,0.778306535997502,0.69383594814314,0.843610614815255,0.865282964408172,0.938809435938127,0.828176989494754,0.824253662464417,0.687230120098554,0.735433516620979,0.410619360936733,0.361690285363995,0.895799687236077,0.911587944218038,1.00038096805326,1.00048364084163,1.00085869036649,1.00087441415599,1.00143746929968,1.00146778782911,1.00228594506916,1.00292979469606,1.00078967505862,1.00101441973297,1.00004085016412
1.01420854158515,5.83888123761426,2.72943731910446,0.939524581038601,0.843676822587131,0.737056378113027,0.720186291975962,0.756983301409619,0.761418195798856,0.765493293695777,0.771112269684715,0.923885611384317,0.751182478624724,0.753056523622871,0.729096613019286,0.733149275471985,0.691671290574983,0.55346962652518,0.501914059520719,0.603380798221263,0.653322031635664,0.627312721322584,0.665388694490748,0.358558952160411,0.218982392359016,0,0.431625197775643,0.853135120947365,0.778007186366493,0.693529781581916,0.843359431988626,0.865044983784517,0.938556463760619,0.827981914293247,0.824009877660606,0.686818122033917,0.734659215498061,0.409950607972154,0.36139007021375,0.895325877834888,0.911372503577579,1.00031445975661,1.00055591521618,1.00102077223171,1.00103943514603,1.00170856474832,1.00174136448327,1.00271172925377,1.00347604352111,1.00094351628243,1.00120680579072,1.00004937813518
1.01644145281115,5.83496578187706,2.72995089681789,0.939304679322259,0.843340030200688,0.736727496902596,0.71989025890964,0.756703123184292,0.761140121310413,0.765218081869497,0.770838741108925,0.923702143066105,0.750896954762318,0.752772826331602,0.728815558465103,0.732860136333024,0.691369620305626,0.553131860652422,0.501559121639442,0.603033110096699,0.652980307569138,0.626824786748022,0.664768669450646,0.35818863898606,0.218644034304709,0,0.431319965974361,0.852781152351219,0.77768201991561,0.693196896850109,0.843072882797578,0.864770194524668,0.938287162986378,0.827752347949802,0.823736024502191,0.686383064622356,0.733863573305802,0.409275433966511,0.36109129999607,0.894841494553947,0.911120480372541,1.00024608745725,1.00062735031045,1.00118310403148,1.00120465388412,1.00198026309106,1.00201473340371,1.00313721788674,1.00402226939586,1.00109752722387,1.00139955497273,1.00005804421828
1.01947739931265,5.83091638619548,2.73066417378823,0.939000014658384,0.842867311905095,0.736255449765983,0.719453631955206,0.756285204057197,0.760724463153796,0.764807699157035,0.770431359262168,0.923432448540921,0.7504718533231,0.7523498735205,0.728397239307672,0.732430480199195,0.690924226016991,0.552641576832933,0.501047211761268,0.602531431162417,0.652487651371875,0.626131722169146,0.663899989779026,0.357660603768634,0.218170840540103,0,0.430879744787195,0.852301583181319,0.777215825950597,0.692718218595743,0.842647953694535,0.864359460348511,0.937957596157497,0.827400082461928,0.823329502163096,0.685766508379204,0.73276168233329,0.408352170769788,0.360687652238563,0.894178365652862,0.910740498613975,1.00014871222251,1.00072409722806,1.00140412655657,1.00142950676968,1.0023505236453,1.00238603729676,1.00371519415042,1.00476489386744,1.00130679847011,1.00166205372636,1.00007003575385
1.02251334581415,5.82783342124493,2.73143529532611,0.938680663963391,0.842360967515335,0.735749713638802,0.718980565028793,0.755829016723732,0.760270200740864,0.764359489372832,0.769986608044045,0.923139546351305,0.750009654965933,0.751889195372853,0.727942304605176,0.731963916308554,0.690442562768504,0.552119069379759,0.50050480506539,0.601997405885713,0.65196164186702,0.625410287313011,0.663007712075636,0.35710705841816,0.217684113966136,0,0.430413297608885,0.85180710713981,0.776720402226272,0.692209142857241,0.842188304942389,0.863913570584266,0.937600042530393,0.827008847845127,0.822890198715754,0.68512640146034,0.731642768839168,0.407424355841059,0.360287251239228,0.893503260344628,0.910327058446334,1.00004517674443,1.000821030954,1.00162543654143,1.00165453059383,1.00272165648529,1.00275686934139,1.0042924982339,1.0055074596551,1.00151565199038,1.00192493484384,1.00008227007214
1.02699630352054,5.82447218192172,2.73271568572418,0.938178981827378,0.841577985990658,0.734958561202704,0.718227857536389,0.755095840346921,0.759539311062226,0.763637432430255,0.76926981578718,0.922665447151624,0.749270732165532,0.751151065692787,0.727214739103555,0.731219137221498,0.689677083860227,0.551299728705512,0.499659123309581,0.601163185944162,0.651138962686898,0.624304270040201,0.661657980209464,0.35625083750987,0.216944420701913,0,0.429686046501355,0.851061031125253,0.775950139750768,0.691415892674818,0.841463555580348,0.8632086179335,0.937080186425499,0.826371549280024,0.822192460308155,0.684147447478027,0.729970126423886,0.406049298080889,0.359702660925414,0.892495841371578,0.909672459071566,0.999879652781742,1.00096535819266,1.00195262574038,1.00198698062045,1.00327104223008,1.0033035197985,1.00514359990963,1.00660382340934,1.00182288439528,1.00231361504208,1.00010081167616
1.03251836075169,5.8218120985736,2.73458017549843,0.937503047877239,0.840538561550566,0.733904384179274,0.717212313760819,0.754096945877731,0.758542676788549,0.762650738970362,0.768289524695554,0.922011867859822,0.748270976087786,0.750149655450757,0.726229693553119,0.730212858241757,0.688646974350184,0.550212914522356,0.498544564725892,0.600059122921271,0.650046778486133,0.622877904499268,0.65994548474128,0.35513247643749,0.215998380964671,0,0.428727572515661,0.850098409272566,0.774934252360466,0.690367969274878,0.840498972550299,0.862269233060084,0.936388940957536,0.825493824251945,0.821257157023435,0.682889139983996,0.72787909288505,0.404345966781119,0.35899474670358,0.891229477663649,0.908801268523808,0.999653572378279,1.00114585119732,1.00235612402871,1.00239658400004,1.00394961417714,1.00397526015986,1.00618952548734,1.00795406327681,1.00219899046252,1.00279295155999,1.00012451893426
1.04026695150134,5.82040269616716,2.7378041122928,0.936439495963926,0.838946145080108,0.732279096423591,0.715623952981918,0.752517388352925,0.756965438651677,0.761084555856988,0.766731661385963,0.920960890018464,0.746702931525389,0.748574060843698,0.724683398158328,0.728636869869194,0.687040338581286,0.548543589336559,0.496844943055643,0.598368369373752,0.648368849343145,0.620757904036166,0.657449866926903,0.353442634210587,0.214603049138172,0,0.427265968630192,0.848664049849252,0.773385854633821,0.688767127718834,0.839017676459224,0.860825693849756,0.935340295806769,0.824092499273742,0.819806579162965,0.681026808614034,0.724887528921446,0.401933165326469,0.358027250628181,0.889405324957342,0.907465899631331,0.999292438936045,1.00140526636964,1.00292278692478,1.00297110129376,1.00490426415053,1.00491464701266,1.00765206901495,1.00984816563587,1.00272165435701,1.00346604668325,1.00015966243725
1.05119552376838,5.82259180420868,2.74373073814714,0.934694839973271,0.836419401274365,0.729679942896182,0.713043530902083,0.749920418718576,0.754370441730093,0.75849813158114,0.764155084810674,0.919196878453334,0.744149442944178,0.745998972905498,0.722162504996929,0.726074065027206,0.684438531461683,0.54588514392278,0.494160816422446,0.595685027840378,0.645695990928653,0.617515995568446,0.653729164031044,0.350801016977751,0.212485197246792,0,0.4249577314591,0.846455609022306,0.770942880665895,0.686234158321144,0.836666254742917,0.858534274858047,0.933689838367138,0.821768567495239,0.817477606163758,0.678195341079779,0.720536393996596,0.398464986158802,0.356721783123205,0.886724788716546,0.905355473072093,0.998689703930615,1.00178520209902,1.00372198723761,1.00377993891825,1.00625316860162,1.00623280026045,1.0097033758842,1.01251821453752,1.00344727172249,1.00441500823475,1.00021367617782
1.06640312179148,5.83288931898924,2.75516221304531,0.931744651316661,0.832304872440537,0.725405435326632,0.708730571035456,0.74552764004826,0.749978873248279,0.754101883882537,0.759767557904711,0.916141003429823,0.739875575016566,0.741672149625843,0.717937227096021,0.721789407534322,0.680104207677719,0.541530228311745,0.489803649865054,0.591305478798267,0.641316493738448,0.612452975857105,0.648099521723565,0.346558082515507,0.209197761840926,0,0.421210749597772,0.842963119614746,0.766983446965701,0.682114561342714,0.832843425469307,0.854813302892929,0.931026371462368,0.817812537463875,0.813646577025461,0.673806126110161,0.714163419736739,0.393452064501205,0.35503865576054,0.882738364034545,0.901952482753513,0.997650141085108,1.00234531088374,1.00483181793744,1.0049003039673,1.00812883708598,1.00805325497515,1.01253245731999,1.01623031874895,1.00443153245079,1.00573152273225,1.00029942574436
1.08161071981458,5.85028053479417,2.77106458807625,0.92811229690065,0.827410121211322,0.720266819445316,0.703476204849778,0.740125245170417,0.744577190369314,0.748671836321171,0.754338504854978,0.91229736178077,0.734668270821355,0.736382741548098,0.712781829080514,0.716571892921904,0.674837842327817,0.536307766656262,0.484619145580894,0.586070207261959,0.636064763419263,0.606641424028737,0.641839430189176,0.341554622280738,0.205437884258686,0,0.416752291732001,0.838889327311325,0.762280021064747,0.677205134951122,0.828308708650269,0.850409563954283,0.927886196580853,0.812933808962614,0.809057918356235,0.668801994517715,0.707317252202566,0.388127772634653,0.353531570980532,0.878377925651424,0.897960292599953,0.996345455477275,1.00294640858053,1.00593654014501,1.00601209234581,1.00999540132973,1.00985737679082,1.01532860622593,1.01993759041097,1.00538336113383,1.00703951256634,1.00039994671616
1.08333333333333,5.85252512739885,2.77319662563232,0.927651621138217,0.82679814767738,0.719622703770116,0.7028160828012,0.739444629343661,0.743896992659108,0.747986018866051,0.753651901891113,0.911806615876162,0.734015970922534,0.735718947100699,0.712135314179696,0.715918077420473,0.674177528080932,0.535655996001826,0.48397462153079,0.585416649267817,0.635407621685646,0.60593977875105,0.641096822305401,0.340934394068566,0.204984781373358,0,0.416198027877726,0.83838443747664,0.761695495163742,0.676593576997172,0.827748960899039,0.849867497293999,0.927491576837001,0.812322199230942,0.808489863934789,0.668202670991583,0.706520839586995,0.387520525722634,0.353372671291432,0.877856774978549,0.897472388667827,0.996179117076464,1.00301725624784,1.00606127084389,1.00613739903188,1.01020597874209,1.01006071139527,1.01564315173366,1.02035718467734,1.00548904631394,1.00718699307984,1.00041236185648
1.08341929044499,7.81181772400751,0.669532964424416,1.00835921673159,0.993773574154387,0.963268344650797,0.930976638909496,0.932352101876938,0.933580717258895,0.927657431742961,0.928964988950117,1.00291497654917,0.939208240268621,0.936048725109206,0.918647590714631,0.936545505037788,0.93401347614816,0.931213258615307,0.944403853332014,0.954769119227291,0.956377510976726,0.947411311547117,0.942517625504925,0.941253735478417,0.959130456084975,0.960830740542739,0.949468038740745,1.00395194953462,0.991931803479193,0.96910494564453,0.99922847082714,1.00255888408707,1.03177862438215,0.961911633711541,0.962865235738197,0.958503147950243,0.964198638519415,0.977002125473194,1.00895950662159,1.00239415742734,1.01186109849249,1.02381452024504,1.00301764799492,1.00606244689813,1.00613867704857,1.01020779777565,1.01006136901109,1.01564036633001,1.02035451849175,1.00549031656329,1.00718824632536,1.00041297333336
1.08352961342711,7.81314877260348,0.669871729671897,1.0083437856755,0.993721080600133,0.963201358575237,0.930905746249077,0.932283809880582,0.933512406743399,0.927591673469098,0.928900460197241,1.00287840634324,0.939139122108695,0.935979648327884,0.918578913089294,0.936474604096829,0.933938001659192,0.931125935848566,0.944311798925038,0.954684563186986,0.956297910182769,0.947336928767819,0.942450391363677,0.941154832259143,0.959034906512937,0.960732325099303,0.949371203090402,1.00393139192066,0.991873427379924,0.969035293226648,0.999163613370656,1.00249377095525,1.03177167563062,0.961847085763463,0.962806649456455,0.958440049410401,0.9641398070409,0.976924551333633,1.00888325479653,1.00236963049636,1.0117994746715,1.02380638820912,1.00301818429816,1.00606395489861,1.00614031588148,1.0102101293809,1.01006221291186,1.01563678752172,1.02035108529096,1.00549193822507,1.0071898521336,1.00041375803468
1.08363993640923,7.81444185537646,0.670209365772126,1.00832799551803,0.993669170033266,0.963135149294645,0.930835699735318,0.932216298879254,0.933444888346536,0.927526613376558,0.928836587473634,1.00284197844829,0.939070876069997,0.935911417803856,0.918511087894583,0.936404594828799,0.933863457494142,0.931039672052916,0.944220871470526,0.954601050927609,0.956219276541711,0.947263593992586,0.942384199409986,0.941057095326469,0.958940483609884,0.96063501897348,0.949275523063654,1.00391084126992,0.991815848077211,0.968966542033713,0.999099884803818,1.00242984835078,1.03176452473992,0.961783422588161,0.962748909448126,0.958377842790583,0.964082014499113,0.976847994827638,1.008807830381,1.00234544470701,1.01173906880111,1.02379817943166,1.00301878681555,1.00606546009916,1.00614195185485,1.01021245492101,1.01006305657547,1.01563320107719,1.02034762965331,1.00549354281446,1.00719145263985,1.0004145425426
1.08382162190047,7.81648518331115,0.670767178590497,1.00830113778264,0.993584792236975,0.963027337125669,0.930721734987446,0.932106428328045,0.933335035818729,0.927420622615274,0.92873246828769,1.00278210892242,0.938959983145773,0.935800498616,0.918400844042535,0.936290818624069,0.933742241606461,0.930899314447582,0.94407293445934,0.954465164485352,0.95609129421307,0.947144622533092,0.942277045597677,0.940897997513536,0.958786777995967,0.960476495478803,0.949119793480016,1.00387677266913,0.991722285904857,0.968854734658744,0.998996978990035,1.00232678509658,1.03175355859238,0.961680193003946,0.962655355427735,0.958276932691819,0.963988765778124,0.976723595662905,1.00868481766294,1.00230608138079,1.01164192885255,1.02378445105471,1.00301991881877,1.00606793312809,1.00614464015209,1.0102162718753,1.01006444555348,1.01562727836355,1.02034189015694,1.00549614952333,1.00719407732724,1.00041583421768
1.08473004935664,7.82533173438415,0.673547136668727,1.00815331998541,0.993181607957031,0.962512343471887,0.930178755933958,0.931582042512134,0.932811182071212,0.926912853387218,0.92823260930182,1.00248641384503,0.938433676364287,0.935273166389194,0.917877072815253,0.935750636800473,0.933165850562668,0.930231012960814,0.943368856495465,0.953818448276958,0.95548154745838,0.946583701572397,0.94177544335496,0.940139344733052,0.958053842150941,0.959718616487985,0.948377594473438,1.00370446275977,0.991279366242378,0.968323844064578,0.998519651309475,1.00185107426402,1.0316962408532,0.961193276396029,0.962215494724274,0.957801301032988,0.963557086906534,0.976134161941694,1.00809500072969,1.00211920400139,1.01119733689575,1.02371273531903,1.00302792288057,1.00608020646369,1.00615799006396,1.01023513670448,1.01007138872313,1.0155973743867,1.02031230442172,1.00550859575477,1.00720701916833,1.00042229462254
1.08609510446306,7.8349922704944,0.677724793004484,1.00789385533819,0.992621103226086,0.961799093100535,0.929431629962599,0.930858190420367,0.932089348221194,0.926206668987522,0.9275344840815,1.0020504529017,0.937715457498257,0.934551027813019,0.917160767947412,0.93501290734595,0.932376100756898,0.929312979141073,0.94240261505824,0.952930551453473,0.954642284354356,0.945828855419807,0.941110528893905,0.939094417386457,0.957044423283608,0.958669254114463,0.947356247662761,1.00343717177595,0.990677188557279,0.967598003549161,0.997899008303285,1.0012394304107,1.03159359945989,0.960537530024611,0.961627026891369,0.957161695920651,0.962998501947518,0.97533290228383,1.00727309233317,1.00186249702214,1.01063685535717,1.02359638458829,1.0030462287896,1.00609842869119,1.00617783878745,1.0102628757476,1.01008184036345,1.01555159099638,1.02026513930464,1.00552578589418,1.00722600108592,1.00043203902053
1.08773746673948,7.8422940316962,0.682777679572864,1.00753453980296,0.991994450258588,0.961009595324998,0.928612228872513,0.930061436177183,0.931296532186496,0.925422460609247,0.926755377064547,1.00153397019152,0.93693581812185,0.933763792054309,0.916381150990515,0.934211315796338,0.931514608675638,0.928308950136505,0.941347303353841,0.951959819097413,0.953721452787826,0.945023964749192,0.940414805135013,0.937948649780167,0.95593781987032,0.957511333360593,0.946237241385861,1.00310122916928,0.990025626854238,0.966807893975226,0.997265684397289,1.00062500054564,1.03142990887478,0.959837385376832,0.961003878277609,0.956480442819768,0.962432192923452,0.974468413827293,1.00635835109872,1.00157962312888,1.01008967279645,1.0234453891851,1.00307595334469,1.00612014695533,1.0062015449482,1.01029545502244,1.01009449595941,1.01549529379673,1.02020425082485,1.00554476816745,1.00724832210655,1.00044388631506
1.0893798290159,7.84629331269659,0.687859706471802,1.00713553949534,0.991397803835739,0.960269822232396,0.927851834944334,0.929319551218612,0.930559802378761,0.924686304884256,0.926020705346698,1.00102127782461,0.936219290853906,0.933037371802665,0.915662870075423,0.933473976538488,0.930719404535872,0.927380777044643,0.940373312982667,0.951062611060209,0.952867052674861,0.944297718212076,0.939798336724032,0.936887821674181,0.954913619729251,0.956432985075521,0.945201626541196,1.00274997921247,0.989428286776322,0.966080074674382,0.996718460022148,1.00010307110803,1.03121036997605,0.959204019785261,0.960444652577259,0.955866657074048,0.961946090591497,0.973680407753857,1.00549900662574,1.00131425054395,1.00963971019572,1.0232848499852,1.00311188602665,1.00614177998617,1.0062252156268,1.01032733070649,1.01010728884565,1.01543780730257,1.02013900812648,1.0055625752515,1.00727029295822,1.00045593088795
1.09102219129232,7.84803079225105,0.69301911235143,1.00670848581087,0.990821025257952,0.95955998631007,0.927127189387492,0.928610852258521,0.9298571142485,0.923978830446444,0.925312299244449,1.00050868575281,0.935541481594419,0.932348134441614,0.914982111167763,0.932775969178254,0.929964534001009,0.926498467050375,0.939448539905577,0.950209765881089,0.952052671063068,0.943619655291991,0.939230776355353,0.935878508315176,0.953939231111737,0.95540183838331,0.944216394276812,1.0023865385075,0.988863675474845,0.965389743523402,0.996226074201686,0.999640544586472,1.0309663081095,0.958612480422427,0.95992547113482,0.955294074710251,0.96150985159317,0.972939429910862,1.00466930379981,1.00105838305728,1.00925292291356,1.02311713840628,1.00315233612513,1.00616343542652,1.00624897004412,1.01035862780049,1.01012025745808,1.01537924300994,1.02006955406671,1.00557973083656,1.00729207878535,1.00046822065895
1.09312129325707,7.84810426400573,0.699728188931808,1.00613220680403,0.990096397871516,0.958675479497506,0.926229760290763,0.927731558915436,0.928986389088816,0.923096820311734,0.924426763663325,0.999849663322351,0.934707138113923,0.931497671280209,0.914142848936274,0.931916244459611,0.929032765247352,0.925408812315832,0.938307816057029,0.949156297944835,0.951044149575611,0.942794208902338,0.938547377400799,0.934632242719365,0.95273630359385,0.954123119879969,0.942999420623111,1.00190529476137,0.988168296708297,0.964537836997161,0.995645049001143,0.999102369464623,1.03061941921807,0.957892126125071,0.959296192189383,0.954597628432644,0.960995278980468,0.972033605303895,1.00363006949727,1.00073636000458,1.00881590151363,1.02289451649927,1.00320879121333,1.00619126298721,1.00627958071867,1.01039791922192,1.01013713202429,1.0153029590848,1.01997483597552,1.00560127137774,1.00731983296301,1.00048433638064
1.09522039522183,7.84665113157853,0.706512315691698,1.0055283090401,0.989374700967287,0.957804956001118,0.925350682010714,0.926868427426534,0.928132521718099,0.922227503206307,0.923552029706045,0.999183520685847,0.93389345569583,0.930666610243,0.913323394931016,0.931077530548431,0.928122652789046,0.924345538582429,0.937196449342021,0.948128590229819,0.950057868475429,0.941998098652859,0.937893503785299,0.933417783994501,0.951564464978246,0.952872588596847,0.941812684906065,1.00140802945513,0.987490739780274,0.9637069854976,0.995098523392515,0.998602251875622,1.03022268603568,0.957195437044376,0.958689884308172,0.953926764947385,0.960510420410413,0.971158582275396,1.00260433051095,1.00041568146379,1.00842033824629,1.02266385774861,1.00326926512857,1.00621934341152,1.00631056353483,1.01043650562787,1.01015437341181,1.01522517895075,1.01987360293107,1.00562278799644,1.00734761473653,1.00050094697692
1.09796835304903,7.84333116201529,0.715626180828117,1.00470915321296,0.988426457666803,0.956663862856748,0.924202059831656,0.925739810029726,0.927016769104448,0.921088168458649,0.922404071793509,0.998297471482358,0.932833404052696,0.929582762489689,0.912255056223713,0.929984500341139,0.92693548108835,0.922959270577309,0.93574881121915,0.946788059677195,0.948769469097477,0.940965566165507,0.937048264546235,0.931837280884307,0.95003940884692,0.951239973137814,0.94026660074574,1.00073413326748,0.986605405084242,0.962621949505107,0.99440144171516,0.997969893305513,1.02968433820629,0.956293223530064,0.957905868706367,0.953056790037604,0.959887522544146,0.970025523738746,1.00124960431164,0.999987853012463,1.00792988850272,1.02235266801462,1.00335291658373,1.00625659001018,1.006351794538,1.01048605719117,1.01017753893748,1.01512126388475,1.01973149235983,1.0056514096371,1.00738418268788,1.00052348356481
1.10071631087623,7.83912071525068,0.724904143123896,1.00386167214525,0.987466837731204,0.955515974819243,0.92304841628414,0.924604684776465,0.925895087772774,0.919940039950778,0.921245999626067,0.997393616441643,0.931770238244146,0.92849484598119,0.911183103996055,0.928888217210807,0.925744794483858,0.921571973914752,0.934302205903221,0.945446710461347,0.947478355855077,0.939935976561993,0.936206132332629,0.930260536017372,0.948518622644685,0.949607491984157,0.938721943582306,1.0000386219352,0.985717122323442,0.961534587472903,0.993713619850387,0.997349758211799,1.0291069201905,0.955391730273146,0.957123159576805,0.952189951342983,0.959267679159618,0.968900721365253,0.999881351848269,0.999550015149158,1.00745567318992,1.02203162812295,1.00344060430805,1.00629445757855,1.00639385482059,1.01053457676683,1.01020140715073,1.01501512942146,1.0195787767759,1.00568086472546,1.00742107954463,1.00054694494127
1.10454411456916,7.83242515091414,0.738228941094719,1.00264531723488,0.986102745345051,0.953885509530268,0.921411910299137,0.9229940187579,0.924303881656253,0.918309755883925,0.919600811664784,0.996103209840701,0.930262945992179,0.926952227689855,0.909663192549617,0.927333911777656,0.924057033709441,0.919609554113523,0.932258010504333,0.943547927608125,0.945648743562633,0.938477412419796,0.93500968495474,0.92803864322746,0.946376143602778,0.947302719904551,0.936541135683173,0.999031705760572,0.984452294707477,0.9599906430326,0.992742252300998,0.996476695420625,1.02828069719711,0.95411627065736,0.956014769523681,0.950961636920916,0.958381517363728,0.96731901384549,0.997926498465851,0.998913110981464,1.00679286651733,1.02157091999889,1.00356818539839,1.00634832802788,1.00645390006817,1.01060049211283,1.01023586370019,1.01486387407078,1.0193489264135,1.00572366250304,1.00747315141561,1.00058119727087
1.10837191826209,7.82525674825465,0.751901281126686,1.00138962167788,0.984705414537928,0.952219762185411,0.919739845741309,0.921346655414663,0.922676617550864,0.916641108265128,0.917916165204762,0.994775539222573,0.928722274761961,0.925375287888017,0.908109681990816,0.925745506095879,0.922333858268718,0.917613024816553,0.93018157882946,0.941615698485194,0.943784725151416,0.936990422588038,0.93378473088253,0.925789672049293,0.944209228185571,0.944966880893613,0.934328586528389,0.997986850615905,0.983156957554974,0.958414388918244,0.991751757381399,0.995587898898891,1.02741828164286,0.952813471192801,0.954881416031927,0.94970967759654,0.957466170376743,0.965722704364129,0.995922999512552,0.99824716765422,1.00612071176131,1.02109469582336,1.00370130377896,1.00640355887653,1.00651567339576,1.01066446512918,1.01027175250493,1.01470893631364,1.01909977877984,1.00576872897701,1.00752608692909,1.00061729277204
1.11443434599381,7.81343557611845,0.774319541619038,0.999332221842399,0.982420599498977,0.949499441713734,0.917009107065169,0.918654146270484,0.920016968431752,0.91391309211489,0.915161432438705,0.992599332370152,0.926203651816044,0.922797831764369,0.90557069804353,0.923149715759056,0.919521758952748,0.914369774344515,0.926814612115409,0.938473929277625,0.940749569910688,0.934561888754428,0.931770317221301,0.922161895401366,0.940718401577732,0.94119781106044,0.93074812489881,0.996253965056731,0.981030070364141,0.955838893360719,0.990125193188167,0.994128278597386,1.02600845194102,0.950682523754616,0.953023997987746,0.947664113405744,0.955939885387966,0.963153508963765,0.992651781520004,0.997126262115702,1.00501672353356,1.02031247222647,1.00392217648714,1.00649389171588,1.00661703942072,1.01076171554424,1.01033154698987,1.01445680915215,1.01866768677579,1.00584500240213,1.00761179835577,1.00067823676546
1.12219767813313,7.79801038222515,0.804109413632243,0.996581495227737,0.979378422172043,0.945887959281529,0.913379363769179,0.915068045087736,0.916474322060243,0.910277452447987,0.911488946991754,0.989686914827421,0.922849313240501,0.919365450214294,0.902190584358411,0.919695104594056,0.915788604059813,0.910096890463488,0.922391905343287,0.934330724101597,0.936738243781181,0.931340236237001,0.929073551847144,0.917433305582425,0.936180699446987,0.93629003329048,0.926059168636036,0.99391248764826,0.97818876835551,0.952420657878964,0.987947402264417,0.992172370906666,1.02412464883125,0.947838855703089,0.950540260326764,0.944949632934581,0.953859980351976,0.959820484557791,0.988337778926177,0.995583516983842,1.00353441681512,1.01926265756808,1.00422134077609,1.00661473311218,1.00675302117437,1.01087866217443,1.01041336433989,1.01412339630487,1.01805163321012,1.00595155531642,1.00772498291052,1.00076300962361
1.13463549714404,7.77365428256865,0.853663356084185,0.991936007587537,0.974279982046743,0.939867623067954,0.907312207376786,0.909049201741931,0.910526868783705,0.904167688606377,0.905313775355699,0.984759418522958,0.917223338019725,0.913607705171429,0.896525061845833,0.913909469879633,0.909564215148633,0.903065740618528,0.915151034563491,0.927502201015682,0.93010168913357,0.925984842607229,0.924533849321184,0.909790182583248,0.928890407628076,0.928398175166675,0.918421881168557,0.989921484069522,0.973415444179254,0.946733964325816,0.984267554230853,0.988860335190857,1.02096569060325,0.943046368520162,0.946347094932708,0.940433791392712,0.950275626662064,0.954483471436658,0.981330114761754,0.99289117583697,1.00101165339167,1.01748038816081,1.00473369896292,1.00682028280444,1.00698443117927,1.0110469015337,1.01055614940828,1.01356951363685,1.01693514710193,1.00614270423673,1.00791423920771,1.00091439154537
1.15306202322442,7.74102800995954,0.928610278314798,0.984615670559106,0.966401255183976,0.930672434095521,0.897986522462112,0.899711760571814,0.901294687146241,0.894659304628698,0.895691723832071,0.976983309130379,0.908521476767618,0.904692851398281,0.887771219896512,0.904988818437545,0.900049460582129,0.892589219167742,0.904469709935942,0.917301803224039,0.920111290419363,0.91788922348229,0.91754850927085,0.898783527887724,0.918549168441104,0.917221254233922,0.907265061153947,0.983642416069469,0.966066892891251,0.93811457206317,0.978537883566828,0.983682029841082,1.0160819943552,0.935553336617511,0.939793592654798,0.933598590041663,0.944586686406361,0.946980290132025,0.971420646882399,0.98853278015229,0.997029756275182,1.01465175133449,1.00555094467891,1.00715026016311,1.00735375858198,1.01124798332855,1.01079045921418,1.01271704163186,1.01504600472149,1.00646908076795,1.00821100893162,1.00117310189883
1.17674604175075,7.71067942049579,1.02165492298898,0.974689389683707,0.956151784074805,0.91898438353197,0.885977247362998,0.887464761582883,0.889171735353716,0.882106358059736,0.882958118767823,0.966445969098793,0.897194988026415,0.893056075393453,0.876395008579962,0.893447444044849,0.887929970545718,0.879865093968721,0.89174542793529,0.904864338682743,0.907747115517178,0.907854070479686,0.908677329120896,0.886259939147885,0.907197946586062,0.905054669378269,0.894216451505435,0.975362674846924,0.956682224829016,0.927369301188712,0.971072095077275,0.976886625036758,1.00972700367433,0.925594280813681,0.931132808583577,0.925106093745347,0.937075916036743,0.938934022486654,0.961022120453735,0.982611008760844,0.991721224793172,1.0107833507482,1.00666142228746,1.00761224655278,1.00786179513366,1.01140942098642,1.01111736149102,1.01158651206562,1.01234441639447,1.00695265169212,1.0086142526927,1.00156374516752
1.20043006027708,7.69879138748401,1.10471113759869,0.964485012377608,0.94627604281576,0.908128315736747,0.874582552843509,0.875509320783124,0.877316159208587,0.869728548417041,0.870357562973656,0.955658741933097,0.886278743942495,0.881785489298832,0.865453930498834,0.882426463027885,0.876626377042148,0.868861113359092,0.881092632824984,0.894052775082071,0.896734093431023,0.898904405869642,0.900504900052167,0.876593360628307,0.899067648582601,0.89651672471938,0.883630949241743,0.967345479379954,0.947971738353659,0.917730196716316,0.963927005340047,0.970315495044928,1.00360213221007,0.915684656163279,0.922620004758705,0.917498741186349,0.929824536800495,0.933491070327964,0.954402286040122,0.976716598705877,0.98647327317888,1.00677362278301,1.00778381909488,1.00810435618767,1.00838688359272,1.01144528771135,1.01144831527582,1.0104324308535,1.00950628809152,1.00748825109291,1.00902903035475,1.00201643838539
1.23338921670286,7.71963182589959,1.1956084363423,0.950346193993892,0.933898270904953,0.89536439920208,0.860669279344391,0.860208996297759,0.862097859963356,0.853636803779055,0.853889080969341,0.940850838499903,0.872601041200658,0.86754567977252,0.851790811329271,0.868828135968359,0.863227479150312,0.857567254415427,0.870906190358676,0.88285213121396,0.88475239337557,0.889156137959426,0.891075618567782,0.869133278256994,0.894344417304779,0.891977667704005,0.874232274278259,0.957346431794437,0.937801949425471,0.907134105063911,0.955114824340936,0.96206913636926,0.995910451304077,0.902598358919659,0.911629799053834,0.909149386565447,0.920823356549253,0.931311993167015,0.95294918729033,0.969138900600369,0.979651093244627,1.00117406844646,1.00924688790259,1.00880384555991,1.00909525694929,1.01125588930339,1.01184800230554,1.00879969760668,1.00567412432098,1.00826599054263,1.00958854835237,1.00274141978338
1.26634837312864,7.78487442448892,1.2567780304552,0.936790715671983,0.923454758910502,0.885611972574413,0.849337039843281,0.846866268162087,0.848759880194689,0.839328309868497,0.839159600912456,0.926865325662937,0.860981171213288,0.85531686755752,0.840248173406106,0.85753696552469,0.852786834097483,0.850878440077209,0.86585858881166,0.876117633498143,0.876789215101445,0.882365057778077,0.883733500979548,0.868006459476296,0.896335036839411,0.894764609406503,0.870608358761467,0.94900408192749,0.93005179198979,0.899903267153283,0.947692332679506,0.95492228235204,0.989383921990433,0.890574038085865,0.901837257615468,0.90320280732109,0.912950098723862,0.934618615548724,0.958589348689596,0.962563324181583,0.973411871596228,0.995774326575296,1.0104726071726,1.00947379315836,1.00971812359397,1.01076893722124,1.01209637404051,1.0071489222765,1.00233103788755,1.00901236549488,1.01008092457698,1.00356644352591
1.29930752955441,7.88933410368744,1.29144874639521,0.92430608634799,0.914989471568178,0.878724309371345,0.840555161714198,0.835618290703121,0.837438565564655,0.827028089794089,0.826433503170417,0.914197936934102,0.851437899220623,0.845159075844005,0.830843314831966,0.848527153816046,0.845164450807914,0.848212503192315,0.865162809224046,0.873298009549578,0.872450387110794,0.878192524807033,0.878184329266041,0.872006017274512,0.903585844674586,0.903004946369616,0.871731689067288,0.942323324030485,0.924483732270713,0.895647886290638,0.941483546074269,0.948718894326113,0.984020053152996,0.879685980201479,0.893271343794581,0.899462951423923,0.905959810982935,0.942447796019645,0.968934787512839,0.957037259443626,0.967640194119104,0.990798553397045,1.0113464279531,1.01005955373466,1.01019288208868,1.00999085705481,1.01211097181327,1.00551694377584,0.999821919095823,1.00964776653715,1.01045492516279,1.00447781889352
1.33226668598019,8.02264460713537,1.30785734470551,0.913418393465857,0.908236330900044,0.873985794529704,0.833773068465655,0.826205639778457,0.827880512859587,0.816622836906935,0.81566107985822,0.903305597711743,0.843535933799584,0.836697520397227,0.823134121502059,0.841272076744215,0.839601537221769,0.848022851286067,0.866954162253191,0.872930208144284,0.870544229492236,0.875569719754916,0.873570527308863,0.87858669620141,0.913161125784523,0.913268522269591,0.875386795931885,0.936980259391846,0.920313505719662,0.893265501089237,0.935913332176325,0.942951473379524,0.979658024028525,0.86969844040111,0.885636097020464,0.897078966279617,0.899233484775017,0.952458848615953,0.979820643454976,0.952355680903657,0.961966699813418,0.986477388243854,1.01179230633195,1.01051079148737,1.01047035497556,1.0089684942584,1.01183426728755,1.00398582900601,0.998398072907706,1.01010029973753,1.01066892651181,1.00545989033814
1.36522584240597,8.17145310382716,1.31356698594066,0.904745908170277,0.90303214572997,0.870804984879114,0.828580229839845,0.818505399270422,0.819973516607799,0.80812283663601,0.80690810927537,0.894683017404212,0.837000833560042,0.829711051682092,0.81683290210348,0.835407158394951,0.83550605390909,0.849056387166291,0.869758188684971,0.873794818705476,0.870059529606462,0.873840074988919,0.86945563700909,0.885778942595628,0.922925496207801,0.923198956073611,0.879839812414017,0.93275013591879,0.91692145575593,0.891844770742917,0.930590018414739,0.937295572743208,0.976200787419428,0.860547799040653,0.878807716773763,0.895584772092654,0.892568786102677,0.962912350035469,0.988976292136662,0.948394738013274,0.956191643653593,0.983062363766632,1.01177922551851,1.01078574847896,1.01051957186378,1.00779037347542,1.01124298293481,1.00268894618133,0.998172454239973,1.01031355233445,1.01069581316684,1.00649535667332
1.39818499883175,8.32572920309992,1.31061533132498,0.899046246122827,0.899635256478627,0.869151409928076,0.825086744812626,0.812841929219049,0.814053843562791,0.80194219768186,0.800624195284302,0.888951026202776,0.832062244095213,0.824463162099353,0.812149046720286,0.831097346020578,0.832879655348802,0.850933088629392,0.873114127741188,0.875504951713314,0.870707494640029,0.873211270717646,0.866281367615829,0.892802879003122,0.932003068124464,0.931995423519628,0.884509524242829,0.929835978125423,0.914280250521973,0.891178959759665,0.925630171867167,0.931901519435909,0.973871784061699,0.852612010742122,0.873112720566925,0.895249511268043,0.886659343416143,0.972900532990585,0.996071901950153,0.945386613463077,0.950509982254667,0.980831289594758,1.01132414702885,1.01085292022783,1.0103290930532,1.00657425456894,1.01034564047431,1.00178204509245,0.999084812879584,1.01025337271693,1.01052282851482,1.00756583187685
1.43114415525753,8.48090732399937,1.29700012938112,0.897109171058754,0.89859829801757,0.869411691407829,0.823791309350967,0.809869090250492,0.810788944360991,0.798785349738642,0.797530148667803,0.886772502106555,0.829322103620773,0.821575787818497,0.809660617798397,0.828900678005993,0.83216585824253,0.853868715045555,0.877213523423897,0.878254583142629,0.872723317612004,0.874284964610075,0.864893761736954,0.899659468536461,0.940360572793881,0.939872606200129,0.889554619502104,0.928743306197298,0.912787463975819,0.891566605337538,0.921493187241509,0.927230683835012,0.973099682794249,0.84660179432088,0.869192034579249,0.896607761880838,0.88260802552376,0.982135310083445,1.00209129250034,0.943818513086044,0.945355209338344,0.980056409669668,1.01048668500432,1.01068824250392,1.00990248275141,1.0054420857122,1.00917186393247,1.00139997475856,1.00092186104335,1.00990872948817,1.01014632902279,1.00865243639694
1.46410331168331,8.63501764753801,1.26762087006278,0.899607006502738,0.900677519600904,0.872311419407231,0.82550721285567,0.810493863042912,0.811104027983181,0.799562126507286,0.798527602329664,0.888754286351045,0.829687517974753,0.821960093033006,0.810246653179508,0.829699368239313,0.834176823063042,0.85858059119115,0.882786604424444,0.882736073583804,0.87678901716005,0.877949798050377,0.866437576132446,0.906987153525255,0.948582958061179,0.947676716768942,0.895729369891173,0.930202117892362,0.91321712229233,0.893749296973242,0.918972058445012,0.924058377417169,0.974448143447576,0.843537529904239,0.867959020105438,0.900377886733051,0.881834051194797,0.990837846955649,1.0084150070462,0.944388034574164,0.941424625891017,0.98096160577912,1.00936223502559,1.01027288167824,1.009253816573,1.00449775566328,1.00776306626856,1.00161675913616,1.00336391155936,1.00929175259358,1.00956699886059,1.00973600908997
1.49706246810909,8.78747944372735,1.21659428234649,0.906923229867062,0.906580851950599,0.878624684683579,0.831098683479887,0.81564055800278,0.815949425900168,0.805160543561343,0.804474208976861,0.895316643628949,0.834124545750918,0.826574877115335,0.81484260174604,0.834442549697044,0.83980749073836,0.86589464137695,0.890656197519398,0.889760247310633,0.883689750363731,0.885036147062752,0.872012501729376,0.915549564924492,0.957351312900592,0.956231914960878,0.90387860583539,0.934922554862041,0.91644971516223,0.898591575259177,0.918989386847307,0.923290299232645,0.978429790805858,0.844565939282694,0.870391840843658,0.907186894347786,0.885733387457664,0.999418867179471,1.01602236410854,0.947804539266937,0.939536527934205,0.983676078111829,1.0080728978712,1.00959314252025,1.0084053167633,1.00381331793421,1.00616764993905,1.00242234876228,1.00603750417774,1.0084388107433,1.00878749693834,1.01079680040793
1.53002162453487,8.93649049249891,1.13898813898795,0.919040840956024,0.916769437551862,0.888960258218276,0.841279110991085,0.826058770376885,0.82610850938288,0.816261754808555,0.816002335655444,0.90660509480322,0.843456812427518,0.836228338153298,0.824242558702533,0.843941368671241,0.84982477422185,0.876529784511266,0.901526518888143,0.900033117816199,0.894091515098357,0.896149853504177,0.882463480241111,0.926061865415451,0.967351039152279,0.966239007361322,0.914726354871531,0.943399238262062,0.923272777485546,0.906863168637324,0.922449784469844,0.925833771747659,0.985362767502318,0.850799009012115,0.877356859784557,0.917466927996936,0.895426857455085,1.00848923042769,1.02553174679925,0.954611740804221,0.940541061947042,0.98820515231193,1.00675615834862,1.00864273798404,1.00738714365089,1.00342211502562,1.00444097034623,1.00371879834142,1.0085619894765,1.00741130751003,1.00781235138495,1.01181359914469
1.56298078096065,9.07465344415967,1.03351328869345,0.935418607463613,0.931212144265498,0.903474316071955,0.856325002335638,0.842046781406748,0.841919419171064,0.833074900020787,0.833260581975748,0.922355226380828,0.858078468845388,0.851293773091083,0.838816463675067,0.858576832427429,0.864564170230385,0.890755581923787,0.915623157939032,0.913822422338625,0.908224132584199,0.911398804952342,0.898075905560918,0.938759251941954,0.978783428196196,0.977805044310254,0.92849363229299,0.955664593961298,0.934116704154215,0.918939220973307,0.930044220155257,0.932426421555247,0.995188056103461,0.863046416794514,0.889356332952306,0.931250004391651,0.911420387439468,1.01831939181274,1.03669021871592,0.964953066185992,0.9452000592558,0.994384415169508,1.00555360905926,1.00743033473168,1.00624160603049,1.00331876520652,1.00265264790785,1.00533268995335,1.0105816350275,1.00629778971654,1.0066520171603,1.01276255586157
1.59593993738643,9.18654646917653,0.904438130420417,0.954967164738797,0.949245729938424,0.92167950947032,0.875847514715513,0.86320934258782,0.863024345247365,0.855110102457998,0.855698057936528,0.941794897747448,0.877693716100421,0.871452493271054,0.858258005018156,0.878043124201526,0.883686634862569,0.908186095285845,0.932512908690324,0.930753745147039,0.925679193558224,0.930200587193839,0.918307646014401,0.953269295281668,0.991318671643002,0.990472521683957,0.944743727341801,0.971131598794764,0.948838107144298,0.934581241108064,0.942034912075824,0.943430434593334,1.0073906058234,0.881496333731826,0.906264382895611,0.948021528881924,0.933247280810548,1.02878216791843,1.04869467648942,0.978386423309634,0.954013979399059,1.00185209083706,1.00459756589176,1.00599286074641,1.0050306692436,1.00346251578892,1.00089937630137,1.00703735834611,1.01179801843931,1.00521441684219,1.00533098813368,1.01361614377035
1.62067138446165,9.23919887096346,0.798025588317519,0.970797332261456,0.964441059964791,0.937138870704666,0.8928138326208,0.881820108542492,0.881684381551613,0.874349949024652,0.87517859775281,0.958024508803749,0.895085212143695,0.889300856051675,0.875441098547252,0.895218393924236,0.900315029568974,0.922803733827226,0.946451474785527,0.94497394111083,0.940387636303773,0.945994606776155,0.93580218255807,0.964851444284372,1.00102175247609,1.00021927924676,0.958009542186581,0.984184982150044,0.962015842416084,0.948184574184466,0.953775013940573,0.954518483135886,1.01761693610389,0.899034331877909,0.921681149397255,0.962049908866809,0.952665482081993,1.03676133673237,1.0576350191367,0.989919175022974,0.963426011629139,1.00796748230002,1.00410623249246,1.00480964955825,1.00412795872733,1.0036924887175,0.999681169003194,1.00822997882305,1.01205875199155,1.00449934479259,1.00426006615187,1.01417608319487
1.64540283153687,9.25222040971127,0.689502032500801,0.986765884391708,0.980381867369402,0.953489287113758,0.911062506223177,0.901992611966982,0.901987195835466,0.895085711106732,0.896080791427995,0.974836976735004,0.914034428490473,0.908734096819756,0.894127924892517,0.913874718853474,0.918211158152568,0.938150797675958,0.960910122443156,0.959927393482714,0.955884386890522,0.962515463967901,0.954418367555857,0.976578884171987,1.01062310434686,1.0098060413231,0.971664477670278,0.997827670303904,0.976521350065612,0.962855595045592,0.967552959543455,0.967779260758218,1.02829827638036,0.919078638132761,0.938769883937648,0.976708969985093,0.973668744732596,1.04459028862368,1.06611024516134,1.0020829068551,0.975097741357307,1.0141798886949,1.00384580312389,1.00359723011944,1.00328323231399,1.0039783115084,0.998625338628407,1.00921880653203,1.01171212068455,1.0039370102836,1.00315610026611,1.0146500849893
1.67785969009649,9.18289859008212,0.558139072552816,1.00644044827304,1.00082077402465,0.974676573494459,0.935151458993921,0.928835900006583,0.929115502171583,0.922501345514841,0.923581256076188,0.996174636493717,0.93938896242007,0.934719062682426,0.919082670538442,0.938756325710684,0.941850366969456,0.957865618472392,0.979206883997074,0.979197484236989,0.975902580124498,0.983557373428243,0.978526089105971,0.99096337538907,1.02203620567746,1.02112310756886,0.988782354496359,1.01511928323827,0.996243356239109,0.98233268532002,0.987744764595043,0.987624452516161,1.04193118866776,0.947313503795922,0.962099582679532,0.995444430919511,1.00138586784135,1.05377624983633,1.0755530644616,1.01762866044004,0.993262758886309,1.02186554754631,1.00387401379341,1.0020959027055,1.00235821961883,1.00435613234447,0.997624399147944,1.01003266583735,1.01038949462395,1.00352061028807,1.0017373083788,1.01511586886398
1.7103165486561,8.99328482930095,0.452931163281145,1.02311514910264,1.01938784004578,0.994183077067767,0.957657511361073,0.954022056184447,0.954672091818773,0.94800355748737,0.949003670074199,1.01476058712522,0.963339588175747,0.959241529865613,0.94261821023383,0.962208411738101,0.963985289679289,0.976004404406007,0.995874553485497,0.997013850054406,0.994389377758807,1.00262992919831,1.00053517637969,1.00379571252491,1.0320186271616,1.0310898952033,1.0043108801092,1.03046251281719,1.01544773684081,1.00086988216847,1.00901462762443,1.00896026686409,1.05428699302531,0.975226783511277,0.98452063470404,1.01254014970816,1.02692756245534,1.06164511345605,1.08357440626792,1.03147435083477,1.01352547740009,1.02828336566067,1.00430039575023,1.00088075018785,1.00175284849095,1.00464534773085,0.99720728919716,1.01014656768973,1.00827332440958,1.0035332572555,1.00047007483025,1.01537745819424
1.7360787083435,8.74446399430337,0.397840413952704,1.03330565849796,1.03183734835383,1.00747077080229,0.973111728920121,0.971292769370642,0.972260623822736,0.965304815541633,0.966126141554864,1.02630137592263,0.979921788231095,0.976186842194597,0.958890137801617,0.978432221271602,0.979260886657072,0.98851309703696,1.00735622597498,1.00936965289812,1.00713006257996,1.01553171017342,1.01539236507851,1.01263751340706,1.03891630581183,1.0381097117706,1.01504756337357,1.04038785326998,1.02931665118832,1.01402223228235,1.02554330200813,1.02584100880708,1.06258780174269,0.995215056527761,1.0003006871752,1.02420598434927,1.04420641189814,1.06698388924188,1.0892214868746,1.04045693628871,1.03007647960403,1.03202334677177,1.00487866341918,1.00025916356424,1.00157134409414,1.00475361948894,0.997371692975103,1.0096725661443,1.00623894142751,1.00385876321436,0.999670413885404,1.01542404040173
1.7618408680309,8.40846844537513,0.370691413683234,1.04033765103549,1.04173038648363,1.01826135617063,0.985676536795144,0.985209203205426,0.98648812705462,0.979034963156407,0.979580669905752,1.03427794338022,0.993503663474365,0.990010695236592,0.972194277014639,0.991728177333279,0.991806652712593,0.999020645108888,1.01711272381258,1.01980021331142,1.01773386136329,1.02619183276748,1.02755312284717,1.02038545044841,1.04516302542514,1.04460389614615,1.02429412070127,1.0478713680931,1.04132293981791,1.02528183470993,1.04091941264411,1.04181819704154,1.06923075884657,1.01203383994313,1.01350015924365,1.03393173186944,1.05832292157228,1.07183086255678,1.09455253746402,1.04728320006786,1.04623083897231,1.03432471906701,1.00560968671619,1.00005155826324,1.00169994617833,1.00472710698314,0.998003163118403,1.00869969461442,1.00412491673102,1.00443337297114,0.999146764625092,1.0153200213161
1.7876030277183,8.00233234331683,0.371733780442736,1.04417240844319,1.04897580508834,1.02646549656737,0.995180561657866,0.995520959689011,0.997085671446298,0.988949913098219,0.989134128985731,1.03852368499803,1.00386061059622,1.00047419432562,0.982314180392626,1.00189479584679,1.00148522244439,1.0076176366983,1.02533623458671,1.02834519578063,1.02618527264418,1.03483286386043,1.03721447387076,1.02741033265354,1.05121625149218,1.05095571572939,1.03229153243694,1.05287831515933,1.05115650836229,1.03450161031113,1.05446448932881,1.05611861888185,1.07416922180748,1.02511941433767,1.02382831098314,1.04187856256782,1.06938317923005,1.07673294642815,1.09982155064164,1.05194908849024,1.06107885865669,1.03515030300399,1.00642693814487,1.00031877933001,1.00215099076471,1.00456884845194,0.999073082273318,1.0072885418782,1.00214767979883,1.00519655373029,0.9989738601972,1.01506480631423
1.80794549174572,7.64564321374725,0.391750454402082,1.04507752694863,1.05281019022553,1.03108782262512,1.0004871880211,1.00107938715468,1.0028446686494,0.994071122728772,0.993924890379083,1.03936739095215,1.00971479551484,1.00631693281232,0.988012093327954,1.00766887425048,1.00707018727558,1.01308055218559,1.03080045945083,1.03375177382103,1.03131683743667,1.04034329816984,1.04320775837199,1.03256472740883,1.05600932592165,1.05593956598077,1.03778319707434,1.05509641168462,1.05720888300614,1.04024076691422,1.06349648491595,1.06581577298084,1.07684984501291,1.03266714268591,1.02989152017879,1.04697841642475,1.07609072688573,1.08088859798403,1.10387806502123,1.054134761167,1.07143222367491,1.03483409071632,1.00708842090296,1.00087659775336,1.00272565314003,1.00436774577595,1.00018177884025,1.00593373937364,1.00080866563064,1.00588089464352,0.999122315649772,1.0147596019821
1.82828795577313,7.27670641149461,0.424821252895802,1.04435143845212,1.05509671511565,1.0341826012695,1.00400586984735,1.00455429375379,1.00649871296424,0.997025882785413,0.996522253576527,1.03829037831982,1.01368560089555,1.01020138568838,0.99185097064737,1.01161272154015,1.01097953820812,1.01747929303466,1.03545610094134,1.03805510427896,1.03517397442977,1.04488130772353,1.0479975449779,1.03747037091583,1.06090864876697,1.06091648982682,1.04263173172848,1.05592091478861,1.06174668728797,1.04465543035843,1.0709182290092,1.07392725065664,1.07852671248658,1.03795553740624,1.03425508564061,1.05119188457934,1.08130521038399,1.08546542451225,1.10774623826536,1.05512821956429,1.08034394308121,1.03379463837484,1.00772607176277,1.00172614077396,1.0034713237344,1.00412793268746,1.00146395201598,1.00445339302853,0.999756557899489,1.0065869267646,0.99954210771255,1.01436859015287
1.84863041980055,6.91408840953999,0.468911241182564,1.04229660052215,1.05598854269746,1.03587594129851,1.00591626121324,1.00619543926144,1.008298811755,0.998102121851145,0.997231322869103,1.03567499108815,1.01596914355168,1.0123415544556,0.994025267090511,1.01390894565884,1.01336345192759,1.02086898399061,1.03932813884283,1.04130001996939,1.03782805579439,1.04853916076551,1.05171228155409,1.04210650852032,1.06587025803871,1.06579576612906,1.04683467103823,1.05551467179485,1.06480294709368,1.04778428916164,1.07664610247161,1.08033223758085,1.07929372140279,1.0412261232856,1.0370763720358,1.05459150096049,1.08518182203628,1.09046442809212,1.11128278102033,1.05506871063312,1.08762711526447,1.03219658759332,1.00830994709665,1.00283416547735,1.00435802311856,1.00388406624645,1.00285583691378,1.00294283392176,0.999047338343907,1.00727100280591,1.00023571733606,1.01389893529194
1.86897288382797,6.57828043679119,0.519061965230958,1.0392657160938,1.05568995390289,1.03633276349503,1.00644326629714,1.00631322478814,1.008558423238,0.997651292246241,0.996421656057914,1.03196775203316,1.01681229246428,1.0130058637891,0.994778692403602,1.01478607925237,1.01440579484993,1.023292645327,1.04241097621793,1.04353596910629,1.03936867314406,1.05137658843904,1.05446113954305,1.04637718680204,1.07074995246523,1.07042229225604,1.05035004441255,1.05409124746442,1.06649735297408,1.04971435790867,1.08075234192365,1.08508649194512,1.07927893281562,1.04282511756014,1.03857299527121,1.05722118396452,1.08789051622451,1.09573687407546,1.11435504836361,1.0541346690436,1.09331302103166,1.03022829564534,1.00881556317252,1.00415262966242,1.00534881653466,1.00367631108947,1.00428994821077,1.0015087325348,0.99871299606864,1.00789472390411,1.00119106011766,1.01335925772854
1.88931534785538,6.28806286315013,0.574191397771929,1.03563114646159,1.0544160417031,1.03570771187332,1.00579041731601,1.00519967931223,1.00757070219657,0.996012003876471,0.994453169871978,1.02763271416253,1.01643306784894,1.01243694225155,0.994327842440209,1.01444315296146,1.01425801402611,1.02473207198532,1.04462439984775,1.04476596917048,1.03985471950518,1.05335482953572,1.05623722099494,1.05007981681455,1.07527734449381,1.07455324956721,1.05305742795439,1.05186857686659,1.06694598634832,1.05050890737059,1.08328986344785,1.08820921779571,1.07861925346873,1.04304662286066,1.03892464267421,1.05903801170268,1.0894590341799,1.10095810822571,1.11682122621061,1.05250717899629,1.09733058027092,1.02808589442915,1.00922530602032,1.00562268095373,1.00640260276409,1.00354714139704,1.00570053813938,1.00026266491053,0.998762043328256,1.00842832748979,1.00238143547614,1.01275921089767
1.9096578118828,6.06020660259027,0.629243851381376,1.03176935332243,1.05237599315056,1.03411455923087,1.00410822563757,1.00309744250616,1.00557773924315,0.99347879867295,0.991645638253305,1.02312451911033,1.0149953826658,1.01082373068982,0.992834811644122,1.01302181003306,1.01300540852457,1.02506630092458,1.04577266225808,1.04490830964402,1.03927562156927,1.05435999307486,1.05699268716187,1.05285264197059,1.07900198309391,1.0777865019688,1.0547091961114,1.04905547261365,1.06626009130439,1.05019027093283,1.08438598837077,1.08983557070239,1.07745023233761,1.04212196588436,1.03827795233969,1.05993538390372,1.08993069989197,1.10560763293423,1.11841618300038,1.05036528406313,1.09987036410242,1.02596043268641,1.00952907946202,1.00717841361989,1.00747695908061,1.00353856412999,1.00702949542173,0.999314550154171,0.999183144577174,1.00885277755812,1.00376688835127,1.01210910833503
1.93000027591021,5.90250850310371,0.678764203357664,1.02804897687691,1.04998305493772,1.03201227973315,1.00186531237421,1.00049932058737,1.0030751710784,0.990545636199372,0.988491863866203,1.01886557093309,1.01295949348127,1.00864045416587,0.990758382732382,1.01098228069033,1.01110591975148,1.02468487773384,1.04619926822193,1.04439258251149,1.03808692060414,1.05454137173354,1.05676877623926,1.05492464588932,1.08203275797135,1.08036294345445,1.05564220457758,1.04609726364181,1.06499804616228,1.049248491412,1.08463235956666,1.09051818938374,1.07603419387509,1.04061876609156,1.03701359770674,1.06002826811525,1.08919466786027,1.10950893986553,1.11958159200325,1.04806920181594,1.10125060539907,1.0240272561563,1.00972565686602,1.0087527389093,1.00853146407877,1.00368653563058,1.00822910391511,0.998758261850576,0.999943806750931,1.00916141615922,1.00529808775273,1.01141953850242
1.95034273993763,5.82120668701605,0.735544574011965,1.02474452421303,1.04717786303812,1.02908349933018,0.998694916073115,0.997106556716657,0.999738703703825,0.987019597908237,0.984861376735857,1.01514566393088,1.00992221738754,1.00550538822756,0.987705128856956,1.00790561914489,1.00809621671521,1.02296437323185,1.04527246903443,1.0426040587683,1.03576136724583,1.05375666909857,1.05577475650332,1.05562591576565,1.08385310673286,1.08173893785202,1.0551769603108,1.04286233123871,1.06255094257955,1.04708468852239,1.08311994455541,1.08934360492976,1.07435314513544,1.03778922987559,1.03474218855159,1.05925486873962,1.08798816628776,1.11247438118041,1.12024416181379,1.04556667266605,1.10085995052237,1.02241858340091,1.00982185833226,1.01028117720552,1.00953102817388,1.00402075301192,1.00926480038564,0.998669379105471,1.00101160705432,1.00936016968382,1.00692057495466,1.01070121467739
1.97068520396505,5.82914506162221,0.765135230703091,1.02223908675253,1.04473774014045,1.02639916301207,0.995743451765674,0.99404521122563,0.996723351698277,0.983920479816397,0.98171142309026,1.01239359155477,1.00706251938804,1.00259722897224,0.98483830609115,1.00498109754268,1.00518452850468,1.02101406230336,1.0439382624495,1.04073512612887,1.03350417929663,1.05220482304659,1.05372461542578,1.05552334282494,1.08444406562337,1.08201294072029,1.05421383142132,1.04023206823094,1.06046832706692,1.04505996904884,1.08193366419962,1.08841723785545,1.07288009395509,1.03533316798464,1.03252528357806,1.057697972149,1.08528798985511,1.11369368724519,1.119518097467,1.04353480330707,1.1004027368258,1.0212897376179,1.00983158195823,1.01170029048932,1.0104443133933,1.00455909422737,1.01011921332356,0.999091476834763,1.00233621400391,1.00946496192345,1.00857251075559,1.00996465744648
1.99102766799246,5.91572069600953,0.790636823294315,1.02067588889362,1.04259682822514,1.02367361212297,0.992610352777004,0.990911951561314,0.993589508322677,0.980938542074948,0.978792744240662,1.01070148893793,1.00390512429732,0.999447714396302,0.981696788866188,1.00173836143919,1.00190786978973,1.01838877106756,1.04183514250479,1.03831760720104,1.03088779228457,1.05005406152195,1.05118487377231,1.05440678713124,1.08395363001264,1.08138061640232,1.052406143291,1.03805888181644,1.05807895687145,1.04261124614248,1.07989928904561,1.08650967409656,1.07159743753942,1.03222630855445,1.02988901056412,1.05559887296921,1.08227331639008,1.11370169100157,1.11873310565403,1.04190826551571,1.09883488633854,1.02068722526944,1.00977386112695,1.01295318467895,1.01124601522871,1.00530501764329,1.01078969205566,1.00003018807006,1.0038562239484,1.00949885422348,1.01019099972456,1.00922003653971
2.01137013201988,6.07669605620545,0.802752133700855,1.02019878644163,1.04108095552485,1.02137335908479,0.989758687237861,0.988108647312886,0.990740249946302,0.97842606554784,0.976434952239081,1.01018711749146,1.00090005602663,0.996493441489073,0.978727072293359,0.998649551957672,0.99878411531197,1.01567482027856,1.0395302783095,1.03592876980881,1.02846782107192,1.04770351544874,1.04846490979789,1.05277783320269,1.08274169939938,1.08017921929449,1.05031522679843,1.03668560267768,1.05591080804848,1.0402856857201,1.07760779796842,1.08420740072861,1.07071429480034,1.02892084645,1.02722290104979,1.05332104547888,1.07911218981365,1.11269530719928,1.11775824779949,1.04096362388485,1.09665512596363,1.02065180405507,1.00967073812068,1.01399345274836,1.01191892017927,1.0062501453369,1.0112854305086,1.00145985587192,1.00552355685994,1.0094893342779,1.01171879197366,1.0084771905054
2.02512907422833,6.22352119594756,0.802873019973311,1.02051042066295,1.04048593242975,1.02017518411606,0.988098478117797,0.9864799763158,0.989052258786119,0.977058969305381,0.975219037146768,1.01050244894799,0.999053821539623,0.994698834424391,0.9769156150857,0.996757605209952,0.996888569755514,1.01396386145802,1.03804090562337,1.0344880221093,1.02708886952513,1.0461881143457,1.04672239358751,1.0515852819699,1.08172862158831,1.0792457280188,1.04892841047233,1.03628039807835,1.05466114814596,1.03890571541549,1.07597226195984,1.08248013275423,1.07039092363451,1.02661507928321,1.02548624226021,1.05186354924891,1.07710383791533,1.11168596126435,1.11717724801332,1.04076890020501,1.0948771987058,1.02094508074433,1.00958666298508,1.01455792545353,1.01229491931336,1.00699234498031,1.01153031652023,1.00267864128182,1.00670968888104,1.0094720492292,1.01267521751887,1.00798024251406
2.03888801643678,6.39701525498665,0.796183735208079,1.02132277542472,1.04027961763409,1.01934735449117,0.986737760243411,0.985127154239421,0.987616761251976,0.976005296683104,0.974347648553732,1.01132522581151,0.997437541467623,0.993141637288172,0.975342130596631,0.995112255923912,0.995271932400457,1.01249804599087,1.03676085740345,1.03331563192972,1.02603030740174,1.04488584871941,1.04521807201877,1.05048851086699,1.08073044707532,1.07837298030748,1.04772184830994,1.03633511878551,1.0536512554958,1.03777647419458,1.07431297795233,1.08065723343594,1.0703160940889,1.02430172059048,1.02387366842773,1.05062320036611,1.07536862287528,1.110577198613,1.11675670176112,1.04095949183291,1.09288961027832,1.02147952123359,1.00950008521574,1.01499856484014,1.01260383630787,1.00780523034239,1.0117116902308,1.00406987259629,1.00792318951286,1.00945677468613,1.01355121954851,1.00749119475996
2.0491065300919,6.5409057138986,0.78692788226485,1.0222301916287,1.04037947245492,1.01899169327589,0.985943638112739,0.984314069959044,0.986727332861383,0.975431447685033,0.973925858818734,1.01223692115621,0.996408956643636,0.992158592451153,0.974350186250889,0.994076032572744,0.994284308320251,1.01161926468296,1.03600140244848,1.03265992698328,1.02548507443942,1.04411577517695,1.04431734332894,1.04980357832487,1.0800766785985,1.07783316444886,1.04700089552333,1.03667238352552,1.05306784120856,1.03712595613388,1.07307104633552,1.07924682376724,1.07042200839328,1.02259185599099,1.02277773180286,1.04990202822699,1.07432239130637,1.10978642230492,1.11660141074701,1.04134722659915,1.09128309491442,1.02201977794554,1.00943810099208,1.01524192725085,1.01278899581981,1.00844736352752,1.01181029543545,1.0051973372402,1.00883311040652,1.00945118130106,1.01414248533906,1.00713461972428
2.05932504374702,6.69563609180064,0.774103562900092,1.02337549331599,1.04069225013786,1.01886953741487,0.985351594239733,0.983675338677199,0.986000166404038,0.975040022963233,0.973697412388219,1.01337835998211,0.995546261693922,0.991340293137142,0.973527733897664,0.993219754334995,0.993504032541818,1.01095882984003,1.03544756087769,1.03221860322307,1.02516956206715,1.0435589771445,1.04364882282985,1.04928035014043,1.07955331310265,1.07743597478256,1.04647407356201,1.037257650505,1.05263491237574,1.03665553654957,1.07182818125233,1.0777958516431,1.07066361409889,1.02090691073374,1.02178820183813,1.04939698612764,1.07353323112977,1.10908285388342,1.1166143679679,1.0419383105965,1.08957409379706,1.02266971394483,1.0093811848559,1.01541165154042,1.01293606980061,1.00911505670055,1.0118826878055,1.00638874425847,1.00974284351236,1.00945383833902,1.01467781834412,1.00678495460593
2.06954355740214,6.85933918923728,0.757963764281381,1.0247334209675,1.0412055512114,1.01897963179394,0.984966291764838,0.983211788505939,0.985436956784318,0.974826659814416,0.9736551028272,1.01472100013313,0.994856862282172,0.99069224244098,0.972881765187863,0.992552073690215,0.992941854913247,1.01053627465549,1.03512085514522,1.03200396767314,1.0250907976682,1.0432403246739,1.04323904060744,1.04894786575453,1.07919605376889,1.07721154910067,1.04616452297382,1.03807674895173,1.05234859920877,1.03636943501538,1.07058256039368,1.07630376138958,1.07103279860449,1.01925777515983,1.02091427111601,1.04913421571963,1.07302934856405,1.10851498064283,1.11681516121644,1.04271897613229,1.08776468763103,1.02341627167967,1.00933170236223,1.01550687285884,1.01304506191161,1.00980145446788,1.01193290210976,1.00762901910476,1.01064593376196,1.00946713446434,1.01515341175099,1.00644323849114
2.08210481505829,7.06990787606748,0.733978808352493,1.02665092765611,1.04208698401002,1.01942445478694,0.984778597502448,0.982881272405604,0.984970447231765,0.974799829727525,0.973845053713901,1.01660114086148,0.994255613675639,0.990135088839684,0.972337388813347,0.991999524098211,0.992560569926579,1.01036256606731,1.03505184240028,1.03206031031488,1.02532051952552,1.04320101314329,1.04311823955734,1.04883054980293,1.0790206274819,1.07720287161747,1.04610501916465,1.03937728209869,1.05218865644847,1.03627109805727,1.06904703109877,1.07441577283745,1.07164548909557,1.01730243344508,1.02001209241591,1.0491710878693,1.07283167166162,1.10804688368191,1.11733757977489,1.04391318353673,1.08541095961542,1.0244449429748,1.00928421166175,1.01552192298479,1.01312729974222,1.01065958591156,1.01197049286341,1.00919671217479,1.01173721466824,1.00950094460194,1.01565158106221,1.00603561244501
2.09466607271444,7.28740265734349,0.706062754732139,1.02878460450569,1.04320414946722,1.02018353988336,0.984894480816808,0.982802706482572,0.984743739165449,0.975012763371321,0.974276902356683,1.0186766352686,0.993922925136515,0.989836883632489,0.972064397696323,0.99173972255855,0.992516268105587,1.01056886861548,1.03534845732246,1.03245803366611,1.02589176796848,1.04355543669747,1.04342684347074,1.04904132449994,1.0791504732951,1.07749777402219,1.04639982572506,1.04095887794888,1.05221636048183,1.03643500055347,1.0674977156247,1.07246436596415,1.07240715848206,1.01544895863918,1.01930494698049,1.04961320788941,1.07310805228045,1.10786097624558,1.11816482543648,1.04532799735212,1.08291913375891,1.02556904797626,1.00925433586512,1.01542610927458,1.01315342317647,1.01152044944721,1.01198835783369,1.01078497816248,1.01279702190676,1.00955630428291,1.01605069571036,1.0056433502905
2.11391978797591,7.62472195172984,0.657626163431827,1.03231614985917,1.04525278229753,1.02185929793732,0.98560768868257,0.983126982008816,0.984825970939328,0.975742229002917,0.975333417905388,1.02208571529666,0.993908739234774,0.989853139512455,0.972143966274089,0.991880443213554,0.993060870516858,1.01157080795916,1.03645623624108,1.03365789487861,1.02734454610672,1.0448191316236,1.04469252965552,1.04995668037729,1.07991159141615,1.07850021806766,1.04748437028299,1.04380303298652,1.05255044530009,1.03712600757225,1.0650844662494,1.06935609894067,1.07378536768679,1.012874546815,1.0186032859066,1.05104182850735,1.07441363987021,1.10812000148667,1.11997993315431,1.04781545214122,1.07886681165312,1.02740558061432,1.00924848793478,1.01507397772415,1.01308885518803,1.01280830631857,1.01199574576391,1.01318645493435,1.01433190335059,1.00968593362914,1.01646519125321,1.00507621338039
2.14022154911199,8.07150348757256,0.586258559913203,1.03721479294469,1.0483324224324,1.0247854920263,0.98738323790361,0.984250868162472,0.985615606224408,0.977306030598816,0.977299402617688,1.02679931837147,0.994696166707498,0.990636816114731,0.973055483423152,0.992942460298713,0.994760764197424,1.01394662337424,1.03888473790696,1.03608885401444,1.03008203776695,1.04761830600793,1.04763770120316,1.05200505969737,1.08171264361953,1.08060382973593,1.04983639318848,1.04812990603165,1.05331616963954,1.03862869537076,1.06165814914747,1.06488308507729,1.07583890386758,1.0100362162866,1.01832397850112,1.05414719300856,1.07758705799411,1.1092597512577,1.12322435059513,1.05152130842636,1.0729698549082,1.02994966470972,1.00932545953074,1.01423124970906,1.01281189887459,1.014417143559,1.01200786615713,1.01623544648081,1.01618790888768,1.00994762843866,1.0166493578439,1.00437782709724
2.15858982517504,8.36268294669855,0.535231109550834,1.04035798371277,1.0503911289125,1.02696570677975,0.988963490876628,0.985357423207228,0.986507614400494,0.978626230905596,0.978851493191246,1.02985916685333,0.995659494863222,0.991570463948344,0.974095641798527,0.994117368856499,0.996380748028009,1.01596031603489,1.04083916807144,1.03799205748065,1.03217674048808,1.04995230038402,1.05017545491225,1.05358858628651,1.08309844830961,1.08219036747383,1.05169571999332,1.05117637982854,1.05388111050235,1.0398108836498,1.05919080426099,1.06166801422883,1.07720830883817,1.00865504252306,1.0185342366805,1.05676034934381,1.08040552405552,1.11023018792751,1.12568150069345,1.05409409995137,1.06874358880023,1.03161438958023,1.00943821255226,1.01342823628774,1.0125024147462,1.01538084304653,1.01204324802427,1.01810229850915,1.01727778041415,1.01018131402678,1.01652590693477,1.00394840331513
2.17695810123809,8.6219962764638,0.489971273782871,1.04298831460322,1.05209315384893,1.02892854361383,0.990542865701742,0.986499375153818,0.987465314086067,0.979902245258907,0.98031006552207,1.03248787047166,0.996733259280895,0.992596303426718,0.975233352937805,0.995397379250222,0.998054059685277,1.0178696588819,1.0425896382883,1.03968670030963,1.0340530388566,1.05218549359217,1.05269296309432,1.05486423897864,1.08415811792699,1.08345145275417,1.0533084470222,1.05396898127102,1.05425673445254,1.04081526236168,1.0566113862734,1.05836648748162,1.07834603386225,1.0077327992212,1.01892840694648,1.05933358190225,1.08329651790049,1.11093872949858,1.12792817648679,1.05643772661606,1.06447351638005,1.03307166079272,1.00959619651999,1.01248987945342,1.01211409118113,1.01616257947282,1.01212280346822,1.01966339932732,1.01816123925229,1.01044481191231,1.01621338037403,1.00357229246954
2.19532637730114,8.84679063730867,0.447957086677247,1.04488285674428,1.05323619639536,1.03043228651771,0.991936636190373,0.987557666911776,0.988387849639007,0.981012133119789,0.981542393580576,1.03451762311056,0.997788611423141,0.993593778531265,0.976333621660961,0.996628681930138,0.999569343394326,1.01935327883413,1.04378941728562,1.04087633249574,1.03542783319847,1.05395809069565,1.05482234455477,1.0554600391186,1.08451370387154,1.08401828647552,1.05431773557334,1.05631494103651,1.05434296763386,1.04144924505776,1.05404686700861,1.05516976986915,1.07912132322411,1.00743660895374,1.01945280728562,1.06150444063803,1.08587976806697,1.11102290515546,1.12963545671985,1.05839782781768,1.06046285920085,1.03423312231695,1.00979268053834,1.01145645462795,1.01166364458142,1.01672906166182,1.01226029744172,1.0208599172948,1.01881344672288,1.01072381305483,1.01573350709865,1.00325322840891
2.21369465336419,9.02584478085709,0.420339638022901,1.04583347956573,1.05361402219388,1.03120490635573,0.992859190768465,0.988268879764594,0.989014181096524,0.981706255864716,0.982302375525666,1.0357655035545,0.998554185500568,0.994294520432944,0.97712459161472,0.997526646583997,1.00061524191901,1.02006119081852,1.04409262969565,1.04124892214465,1.03599858951749,1.05492004866665,1.05620132596797,1.05503512434588,1.08383775508264,1.08356651611901,1.05437667421052,1.05801337310421,1.05395668887415,1.041470706885,1.05136309946867,1.05193351079209,1.07940306748203,1.00745971925567,1.01988530314302,1.06292508502785,1.08777502983557,1.11018573359017,1.13051057990352,1.05981731419459,1.05650047991377,1.03501278262217,1.01001788152427,1.01037208272613,1.01116983555633,1.01705709625747,1.01246456485493,1.021649033528,1.01921597467131,1.01100130488068,1.01511280120057,1.00299424310286
2.23206292942724,9.16570350024051,0.398528727683872,1.04567701808422,1.05301156878931,1.0309517322793,0.993013472281265,0.988379632400154,0.989099621724124,0.981744490990747,0.982351689670076,1.03609854602112,0.99875771043696,0.994434771830046,0.977333022234496,0.997798865913998,1.00085914562941,1.01959155476039,1.04309280065904,1.04044695278524,1.03542568436588,1.05466111626432,1.0564111677851,1.05317324290444,1.08171190444841,1.0816812280018,1.05307276926586,1.05884680425853,1.05292208007251,1.04061401202349,1.0486360598435,1.04883717315041,1.07905595553664,1.00774055370739,1.0200224690073,1.06318623058542,1.08854678835041,1.10802508299742,1.13015953270817,1.06053017008462,1.05302812009613,1.03535285667324,1.01025959539534,1.00928272313938,1.01065274491352,1.01713557230897,1.01273818737753,1.02200597573571,1.01935775294181,1.01125888334801,1.01437937986454,1.00279752909197
2.25043120549029,9.2506468538374,0.398842209682065,1.04430353829413,1.0513168832406,1.02953157020995,0.992233767780383,0.98772451895298,0.988479841145678,0.980967467741336,0.981532462602863,1.03541319333087,0.998242928444765,0.993855432999291,0.97680020772841,0.997282163955618,1.00013006782256,1.01779985077101,1.04067188390912,1.03834798308171,1.0335766260253,1.05306102118231,1.05531566170324,1.04979617759795,1.07808370351033,1.07830562857318,1.05029996899219,1.05869931456925,1.05115586777749,1.0387772237497,1.04574855956999,1.04570667332219,1.07800422911706,1.0080884860398,1.01975790585443,1.0621636247737,1.08803839467471,1.1045078485814,1.12852137497546,1.06043819962692,1.04964518099033,1.03520822296293,1.01050315656383,1.00823390935286,1.01013209470706,1.01696600899575,1.01307610845466,1.02192439724908,1.01923513589582,1.01147743635626,1.01356465454042,1.00266426196772
2.26879948155334,9.29339574814046,0.409479475683105,1.04169386457491,1.04852105367821,1.02688417847305,0.990393917706889,0.986174408379796,0.987018498814391,0.979267999467047,0.979749255097006,1.0336892949683,0.996854151960713,0.992408041787948,0.975375725872978,0.995818970296716,0.998275627795401,1.01454936079062,1.03671684502542,1.03486951218622,1.03037954893433,1.04997565297256,1.05273515837574,1.0448094600482,1.0728630723483,1.07333976345202,1.04594985363443,1.05754691333432,1.04866781523476,1.03591988468275,1.04284626653367,1.04275576219028,1.07624196053398,1.00826895933538,1.01892320405015,1.05971342907002,1.08602345524471,1.09955207419671,1.12545220789587,1.05951838193655,1.04677363554783,1.03456763566681,1.01073219102612,1.00726939239551,1.00962674158307,1.01656343306802,1.01346570649606,1.02141790497219,1.01885371024443,1.01163813388034,1.01270122195458,1.00259450144376
2.28716775761639,9.29376000991842,0.434447692149458,1.03789998905979,1.04466008018923,1.02304129947395,0.987465674170679,0.983667793518109,0.984645449550776,0.976594474307204,0.976959027821529,1.03096151518616,0.994534109257845,0.990031699294769,0.973005187828566,0.99335977939174,0.995274645433004,1.00991765285985,1.03135308147095,1.0300995956549,1.02590308317127,1.04550908653579,1.04874082553658,1.03841504841586,1.06629379763749,1.06700984574798,1.04017239170531,1.05539581404197,1.04547299832998,1.03208765802804,1.03988040547471,1.0399050009924,1.0737873711255,1.00809335304967,1.01745201565699,1.05593861846569,1.08253404333141,1.09342354653044,1.121127097912,1.05776672630756,1.04424390032484,1.033452719505,1.01092920788739,1.006427016806,1.00915298065487,1.01595464653755,1.01388683818349,1.02051837372166,1.01822750316433,1.01172344313994,1.0118173808518,1.00258713230927
2.30553603367944,9.25821003319695,0.470458214712938,1.03306057363967,1.03987432837147,1.01815311872989,0.983531589728743,0.980247083069989,0.981391246461953,0.972999516152106,0.973224389410466,1.02734184241662,0.991321436286277,0.986763654546607,0.969732167560745,0.98995614635092,0.991217798734989,1.0040962523143,1.02481338318038,1.02424208105736,1.02033643829578,1.03984190344142,1.04346593302671,1.03090736134132,1.05868755485977,1.05960923052353,1.03322183040662,1.05235163467526,1.04168849041755,1.02743387069524,1.03691743151267,1.03721181314449,1.07072679795155,1.00743131707699,1.01533778738659,1.05101105131119,1.07765277842286,1.08642193792611,1.11574888140541,1.05525871380666,1.04211414484905,1.03191730539481,1.01107624791366,1.00573717499539,1.00872329666929,1.01517480848789,1.01431242425407,1.01927200802339,1.01737689269128,1.01171795515221,1.01093952338391,1.00263988650587
2.32390430974249,9.19255989271633,0.515990328440962,1.02738964806653,1.03437976960801,1.01246977513521,0.978780511161916,0.976051552468935,0.977381812078716,0.968628803361816,0.9687004133584,1.02300943956654,0.987354648069025,0.982739580941467,0.965700343994441,0.985765040750618,0.986313093400435,0.997421447063592,1.01748145782663,1.01762475290759,1.01398415217881,1.03328684843872,1.03717080598798,1.0227639751367,1.05057100431858,1.05164288931252,1.02551416308794,1.04858546904338,1.03748328747334,1.02219744440638,1.03400210816229,1.03468294292974,1.06719311843451,1.00623316880788,1.01265243310058,1.0452351578276,1.07158148742882,1.0790921226803,1.10974947711035,1.05212181896063,1.04031491531541,1.03004445150248,1.01115587461863,1.00522089250862,1.00834575328162,1.01426415463152,1.01471030950626,1.0177356953206,1.01632722002253,1.01160930397878,1.01009002833502,1.00274944900872
2.34227258580554,9.10460391707954,0.566929803295519,1.02115510613493,1.02844577164628,1.00630069762738,0.973471016387074,0.971292903594832,0.972815933359011,0.963698976794747,0.963612514866655,1.01818987523674,0.982842785806803,0.978166768041208,0.961123725390815,0.981014711862442,0.980838603256762,0.990274397625449,1.00976484483122,1.01061744839936,1.00720155699317,1.02615462055558,1.03010748894532,1.0144437533214,1.04239390627003,1.04354780738045,1.01747873939966,1.0443210312224,1.0330724627226,1.01666322173377,1.03123158407671,1.03238741758548,1.06335527129572,1.00453105858316,1.00952555622226,1.03889825033925,1.06451765925341,1.0718151187906,1.10343914311752,1.0485307427186,1.03888066248528,1.02793735441345,1.01115207283321,1.00488877405819,1.0080237126932,1.01326435170269,1.01504553334796,1.01597251873975,1.01510681299162,1.01138895803415,1.00928681121708,1.00291163491192
2.36064086186859,9.00197340766418,0.62047899212928,1.01465784896842,1.02237312200976,0.999996864410339,0.967917006588368,0.966241431424521,0.967952024163396,0.958480100760555,0.958236642312149,1.01313571130547,0.978050723428146,0.973309421198216,0.956272129153396,0.975990270643611,0.975130820945815,0.983101888324304,1.00214250993578,1.00363982181985,1.00038842232965,1.01882121564804,1.02259869391799,1.00652070062093,1.03479737730548,1.03594682214703,1.00962790630677,1.03981173626837,1.028686944396,1.0111466431353,1.02867935146479,1.03035248207618,1.0594017142716,1.0024283541697,1.00613302400789,1.03236769407144,1.05672135432899,1.06528825897387,1.09741669199737,1.04468933616852,1.03775162984346,1.02571020176317,1.01105107899762,1.0047407024194,1.00775592121004,1.01221529783772,1.0152828057889,1.01404877719509,1.01374621398102,1.01105271358204,1.00854270062987,1.00312159019084
2.37900913793164,8.89246020938029,0.672543012110144,1.00822090265756,1.01647230721796,0.993908238269779,0.962441950256623,0.961183666546572,0.963065973427452,0.953262872442027,0.952871380723337,1.00811439077235,0.97326034602846,0.968449095589723,0.951431169412226,0.970991208591808,0.969530901399393,0.976306587882233,0.995015679904588,0.997072886420646,0.993922750366759,1.01155974630628,1.01485734170207,0.999408555525562,1.02814386432832,1.02920554068603,1.00237579820161,1.03532349325115,1.02455907217601,1.00594916946175,1.02644764285638,1.02864976512726,1.0555301607559,1.00007837729586,1.0026711534408,1.02587143624556,1.04836448353279,1.0597417148891,1.091895831,1.04081652206306,1.03696113386807,1.02348431418889,1.01084204423782,1.00476632100155,1.00753688807965,1.01115189646379,1.01538875924686,1.01202693382643,1.01227402508025,1.01060085065831,1.00786542559465,1.00337400087502
2.39737741399469,8.78234064461781,0.721373316165973,1.00211119763224,1.01097284628356,0.988272421993185,0.957279444088291,0.956342626862136,0.958374883597834,0.948268538558206,0.947740202021223,1.00333040598924,0.968679972640573,0.963798138936258,0.946811870957832,0.966234653843298,0.964275571172504,0.970129774535359,0.988607448736031,0.991137503291283,0.988035088918708,1.00454983527187,1.00705239489047,0.993302180962291,1.02256473277867,1.02347053682704,0.995942857381742,1.03105363881414,1.02082269486277,1.00124463243218,1.02455632499014,1.02726445522226,1.05189114295644,0.997609697559665,0.999289376994902,1.01960824214209,1.03958832315499,1.0551352041213,1.08697589930686,1.03709361219789,1.03642757607725,1.02135685103689,1.01051808173676,1.00494654304832,1.00735803227093,1.0101045244605,1.01533527508557,1.00997432874059,1.01072493771633,1.01003861851499,1.00725805446914,1.0036633081767
2.41972023653609,8.6593203476973,0.771144608163542,0.995591030726062,1.00525105763981,0.982514663784677,0.951884195095578,0.951162750633842,0.953334824044373,0.942917415668614,0.942248675749556,0.998211202742035,0.963798201931345,0.958830472467238,0.941903709667544,0.961206413117661,0.958835776182922,0.964054442150502,0.982422341704888,0.985328360317882,0.982189867516142,0.996826266498531,0.997881888973764,0.988051915665172,1.01831365982155,1.01890538461064,0.989920746314516,1.02652602465313,1.01712060066621,0.996611782745309,1.0228349274859,1.02608128378464,1.04804445362332,0.994718853755032,0.995567077289336,1.01268881853149,1.02873212672173,1.05244637040158,1.08307221703709,1.03307371141491,1.03613713779788,1.01907422638681,1.00996424794229,1.00533290596557,1.00717681235763,1.00888262194939,1.01502180658887,1.00751720046066,1.00877862565817,1.00921977388252,1.00661020770043,1.00405637323613
2.44206305907749,8.5551313199925,0.808593925163549,0.990420911028013,1.00088474725203,0.978205174467798,0.947713078555937,0.947027128577692,0.94928859632776,0.938626633460196,0.937847470964951,0.994096896483969,0.959911749439878,0.954867452338748,0.938014737535932,0.957248356830636,0.954675353453321,0.959682737191688,0.978042852224868,0.981184164837938,0.977958752431646,0.989997279854502,0.989078144167863,0.985015693953165,1.01635713658008,1.01657321694513,0.985865039587532,1.02299495756805,1.01446717120787,0.993297929957732,1.02176641744925,1.0254351885374,1.04505336019689,0.992154053285139,0.99246382741599,1.00655991188513,1.01767445043088,1.05180575139359,1.08079386254028,1.0298908926039,1.03617148898202,1.0172444481622,1.00923792499731,1.00584746359177,1.00701292691034,1.00773692650538,1.01441235606512,1.00517777649632,1.00680607843335,1.00827451143033,1.00605151452778,1.00448510899062
2.47231922886155,8.45643764629415,0.837108258053096,0.986123606974913,0.997461726037677,0.974914103848034,0.944262127527108,0.94336025573775,0.94565466893733,0.934802668707058,0.933939612814709,0.990498560307184,0.956463127400847,0.951342826838593,0.934601726885631,0.953818707359146,0.951290857509772,0.95656044621588,0.975004467528823,0.978298572833205,0.974934772904728,0.982332346824182,0.97805294882705,0.984286606895792,1.01718655059349,1.01685816142767,0.983478206654907,1.0200915368134,1.01260765844755,0.990981292147067,1.02127544354949,1.02529763464188,1.04259682429398,0.98937965869964,0.989422278177166,0.999644291180753,1.00287352274808,1.05414359302736,1.08044567959134,1.02722010971989,1.03657359710597,1.01568299267419,1.00800531620955,1.00662219665561,1.00677142456001,1.00632139190639,1.01310603994315,1.00234779269923,1.00419924600344,1.00685185631475,1.00540353679802,1.0051031087216
2.51044895715161,8.41047891504718,0.837400840189059,0.985645109786453,0.9973722086095,0.974815731355184,0.943413612176945,0.941906077128941,0.944097116392493,0.933288350565087,0.932451182693369,0.989467038641732,0.955025732164381,0.94987599802879,0.933266259557776,0.952557441156148,0.950511025777394,0.956669492800132,0.97524569441882,0.978638279476344,0.975192686176657,0.975337877197381,0.966205590735957,0.987703531860143,1.02241675011703,1.02147829414904,0.984724728628181,1.01966167402005,1.01288629257583,0.991278530936351,1.02195481596343,1.02605651998111,1.04229571826323,0.986996166217929,0.987494739794797,0.993254007084709,0.985614930265937,1.06061239415012,1.08340163692809,1.02677556472047,1.03739004645338,1.01539102774481,1.00613255915512,1.00748368211418,1.00635323362014,1.00473230317002,1.01072678781601,0.999534562401909,1.00120875783499,1.0049534652723,1.00468586543774,1.0059066595217
2.54857868544166,8.44403874837948,0.80451707845858,0.990473213767671,1.0015235725234,0.978468166134384,0.945734818989053,0.943394455795528,0.945335514188414,0.934926062802331,0.934278406140506,0.992116633247778,0.956228368139766,0.951129694500055,0.934614178452768,0.954037763069744,0.952780160428313,0.960097556146041,0.978773906607507,0.982322617540187,0.978993987408352,0.971425658296782,0.95757641576397,0.994048732643128,1.03008235252406,1.02871862842165,0.989239802101405,1.02245420921523,1.01548610942154,0.994340337938064,1.02367815177583,1.02751056460015,1.04489814537216,0.985378332842091,0.987361595301021,0.989547331025677,0.97169509198823,1.06868186155451,1.08836233764445,1.02935084963347,1.0383187694628,1.01690620848786,1.00406373405441,1.00794292081077,1.00573143168166,1.00329468818184,1.00767548895545,0.997718772029303,0.998781256606064,1.00311102545366,1.00397944911815,1.00669157633277
2.58670841373172,8.53120436330425,0.748112285748081,0.999511664189325,1.00890082662847,0.984795389022003,0.950257675696527,0.947008254633435,0.948591541720612,0.938912863891815,0.938602948156195,0.997736555594735,0.959327835509426,0.954341833732154,0.937868799013173,0.957444317309543,0.957109633338989,0.965702349256869,0.984522279971699,0.988274645747872,0.985228859673209,0.971292713486568,0.953953022562265,1.00172139606531,1.03835470712675,1.03675135608746,0.995750591672926,1.02764781055835,1.0197509739095,0.999321546520068,1.02618533865804,1.02950586651147,1.0497912494167,0.984077662826689,0.988674905430143,0.98913978697591,0.964110271970906,1.07658502537828,1.09371362964918,1.03421854314569,1.0393787966076,1.01987280871524,1.00202334950376,1.00777404005648,1.00486785615693,1.00193447963266,1.00416994428723,0.996945069985103,0.997142912843508,1.00151784212921,1.00319613785627,1.00740617270778
2.62483814202177,8.63535571541942,0.677271029774823,1.01102362285082,1.01826653824302,0.992858967760781,0.956323085319951,0.952241992140362,0.953425563201548,0.944685944014083,0.944800339259603,1.00538748211019,0.963947857306685,0.959105394240802,0.942616055539772,0.962345351423948,0.962924268583528,0.972916418798129,0.992049450571124,0.995882870228876,0.99313652190889,0.975880499737918,0.957102552867818,1.01001018787802,1.04641347614185,1.04469267066122,1.00369432815908,1.0342698918543,1.02527474784404,1.00572790252724,1.0295623982287,1.03225217047319,1.05611662695861,0.983332910013227,0.991412888839716,0.992868078288825,0.965544777166367,1.08360350031374,1.098642590022,1.04039992056877,1.04095981761791,1.02372181825691,1.00025770635151,1.00687666320453,1.00378286949619,1.00060828412775,1.00044815463357,0.997105020890399,0.996429374878533,1.00034020748686,1.00229057674749,1.00799950805754
2.66296787031183,8.71904269998201,0.598957988954861,1.02304898605385,1.02844410247835,1.0020407167942,0.963754624428757,0.959075338592365,0.959905295817641,0.952097588240543,0.952619842820777,1.014089918053,0.970195879877099,0.965504809977713,0.948931401998605,0.968813796757961,0.970188937130596,0.981747555960462,1.00144872516103,1.00500442113945,1.00237911563628,0.985889320169494,0.968092614685331,1.01902199498224,1.05442244336528,1.05264261361674,1.01314570616576,1.04144589384732,1.031940316782,1.01343670167156,1.0341805394442,1.03623775810679,1.06299279126967,0.984270189476826,0.995897972208304,1.00135970320449,0.977514393240557,1.09005246917599,1.10336077731772,1.0469491696999,1.04370464977417,1.02779039504806,0.998989594809252,1.00529136518458,1.00254825864388,0.999320035475208,0.996755753893697,0.997957415057159,0.996639024057215,0.999683337384527,1.00126827298296,1.00842372760134
2.70109759860188,8.74781015537213,0.520612446216756,1.03372011456473,1.0383416117806,1.01175193017917,0.972415668924998,0.967517275381538,0.968131579168451,0.961001323059598,0.961799635814255,1.02278576146776,0.978168116173215,0.973629021735544,0.956892113776516,0.976919626695631,0.978875892775641,0.992089287170117,1.01259798430891,1.01538753253284,1.01257073147627,1.00092819499123,0.98634866690816,1.02883622363658,1.06264730032709,1.06085309749601,1.02403490102116,1.04838632583509,1.03958409823483,1.02224945181888,1.04033831407119,1.04187439095153,1.06964763416773,0.988263798469829,1.00235042045112,1.01427842546348,0.99927842323078,1.09636901742786,1.10845880226657,1.05307473054555,1.048179938473,1.03140857214301,0.998372579626442,1.00318730032383,1.001271969147,0.998122918490757,0.993367109537303,0.99918363774193,0.997629034892178,0.99956573011053,1.00018421780353,1.00863735640705
2.72967662731815,8.71796265068849,0.466812393198327,1.03998815466024,1.04497649869471,1.01896138809404,0.9795356396161,0.974775373180254,0.975358963077873,0.968439886981022,0.969299732768639,1.02864889449527,0.985173451526224,0.980751015697821,0.963837355500476,0.983960651244448,0.986166864832182,1.00050912194155,1.02165967090625,1.02359261307766,1.02042395582644,1.01430918591559,1.00317527194873,1.03646803078594,1.06881507679971,1.06703407953396,1.03275981982227,1.05296590291812,1.04566798987253,1.02924240810813,1.04590146721399,1.04718131071147,1.07400330407424,0.993824150914092,1.00840318771243,1.02580942734756,1.01996116604621,1.10093990558482,1.11241824858203,1.05691962154299,1.05276873713215,1.03348004776585,0.998371945802313,1.00142010032325,1.0003604171124,0.99733781803615,0.991216451758569,1.00014780044298,0.998730123601293,0.999791414125625,0.999384289675371,1.00864054511933
2.75825565603441,8.63379315499348,0.422081555007002,1.0442640921029,1.05059887170889,1.02569153083379,0.986758184088099,0.982361558219123,0.983037748896751,0.976011928647267,0.976781012140801,1.03333666869298,0.992617497106102,0.988307829532404,0.971183152732913,0.991385868460223,0.99367511215007,1.00898017538145,1.03075475509856,1.03166591638932,1.02799449039213,1.02817612053928,1.02088754825874,1.04403726415721,1.07496322997848,1.07326461561447,1.04147943999829,1.05676412959875,1.05174211276089,1.0361716398498,1.05207808738728,1.05325322526161,1.07769412448567,1.00140601551289,1.01510377107927,1.03774909424158,1.04204528657415,1.10554844660549,1.11701796732279,1.06000453160724,1.05832266802836,1.03476679899255,0.998743997628335,0.99965232806191,0.999552854857272,0.996707533249766,0.989590904213988,1.00098892250333,0.999962529723927,1.0002118798067,0.99865499612048,1.00849876271717
2.77901614878663,8.53440481760227,0.399130508205974,1.04598591368197,1.05378432570644,1.02990729627291,0.991678899200507,0.987675247007819,0.988492313328923,0.981190271621834,0.98179923621181,1.03571573278549,0.997901925878557,0.993668640650745,0.976376814199332,0.996618491782738,0.99884674224049,1.01462869978721,1.03676931400378,1.03693759963891,1.03285967749102,1.0375010712772,1.03296320601229,1.04896436600769,1.07894552091014,1.07734337788681,1.04721777839174,1.05878496415428,1.05579187394412,1.04074121080776,1.05665441638034,1.05787234113374,1.07977153358991,1.0077824669062,1.02002748467533,1.04574280449566,1.05729898552378,1.10851459402876,1.12032276152812,1.06157865727286,1.06274657667891,1.0351346487682,0.999217045015901,0.998452811830675,0.999061954060764,0.996378740739094,0.98883323665426,1.00146515816511,1.00085276392586,1.00059469203889,0.998202099867719,1.00830282120203
2.79977664153884,8.40187797291517,0.386462628422318,1.04652970353278,1.05609060932035,1.03331962736042,0.996024574443251,0.992488933407284,0.993497954419698,0.98576986169942,0.98614838844308,1.03705689381084,1.00275573339619,0.99858845115564,0.981128094439943,1.0013902616746,1.00345819590679,1.01948474121814,1.04188427043298,1.04137699725472,1.0368953183996,1.04553333762262,1.04352823401609,1.05307833420142,1.08224734665698,1.08076434639844,1.05207076728746,1.06006142882797,1.05929745233507,1.04463994694124,1.06107390531569,1.06244237324128,1.08127645338276,1.01443555769824,1.02470359775358,1.05257932411405,1.07085126432146,1.11095273581084,1.12335705298706,1.06251595827077,1.06729989869889,1.03500376734726,0.999822766007266,0.997398756295843,0.998676265646278,0.996187703493258,0.988504469508422,1.00179716352572,1.00166684119304,1.00100307014283,0.997843462897772,1.00802930145434
2.81588841363962,8.27660906960125,0.384690510783116,1.04618308834655,1.05722982585514,1.03530475079458,0.998847429087172,0.99570468025882,0.996889237588306,0.988744925121331,0.988905001875971,1.03733243372789,1.00605390183723,1.00192695011209,0.98434126136976,1.00460622559426,1.00648687300343,1.02253101917918,1.04504475852564,1.04409107668294,1.0393169099719,1.05056183312555,1.05027449202492,1.05555574477755,1.08421218839564,1.08282912262837,1.05504603932717,1.06048694375762,1.06152165606688,1.0470663702356,1.06426313177722,1.06582325946157,1.08201996309862,1.01950390672999,1.02800455067806,1.05680663034442,1.07966416191597,1.11238438788939,1.12538459925152,1.06277290599186,1.07079999868256,1.03457065910126,1.00036077901205,0.996718174845832,0.998461066455506,0.996149167308137,0.9885733799103,1.00194946594321,1.00221313540203,1.00131853325244,0.997645425139712,1.00776504454561
2.83547109430477,8.10150232872013,0.39189187029468,1.04497278122833,1.05787772455904,1.03690545840232,1.00153703917134,0.998873956982647,1.00029020679,0.991566217908355,0.991426951833922,1.03678434260577,1.00938538667113,1.00529033281233,0.987566627414095,1.00782243860975,1.00941918541864,1.02530642972072,1.04786201724344,1.04647012047655,1.04137669922489,1.05515772782012,1.05663830709882,1.05767302252919,1.08585326558698,1.08458569201447,1.05766393454703,1.0603530960533,1.06357698309815,1.04924898363793,1.06774231101044,1.06961258681941,1.08244891136657,1.02524760964398,1.03150116036007,1.06059186274838,1.08821519406539,1.11355714393967,1.12735143688827,1.06255208640334,1.07487851360027,1.03369772482552,1.00106162642074,0.9960954981348,0.998311027223927,0.99624727287122,0.989056155626414,1.00201463993563,1.00274197183263,1.00167935304817,0.997517436315931,1.00738592982964
2.85505377496992,7.90516868998095,0.409237677407172,1.04305652889129,1.05775732302612,1.03759702097524,1.00333626330048,1.00113054930799,1.00278539026565,0.993435060906794,0.99297614107564,1.03534997222686,1.01186714584282,1.00778301647126,0.989942806219302,1.01017740071466,1.01144365065656,1.02699348478406,1.04948564501202,1.04778728791485,1.0424289980069,1.05791397035067,1.06067785563877,1.05876692714061,1.08664397128991,1.08547045902834,1.05912348123678,1.05952836649147,1.06486298770496,1.05053559139819,1.07067053379618,1.07292373390723,1.08237483690438,1.03024948857707,1.03431871738798,1.06272724491463,1.09383670269285,1.11409515199885,1.1286684589805,1.06177322852556,1.07862608559028,1.03251462081883,1.00178144322957,0.995730614609519,0.998292410872637,0.996515895150452,0.989975161099692,1.00196286481884,1.00309967616425,1.00200019287519,0.997528124287658,1.0069475837752
2.87463645563506,7.69465551564311,0.434925398737743,1.04065826589312,1.05699282479445,1.03747506034313,1.0042752377545,1.00247144745512,1.00435776232104,0.994368566275685,0.993587032635894,1.03320266480541,1.01349146426278,1.00939468465112,0.991465855671505,1.01167335370072,1.01259165709053,1.02769643455075,1.05005248798575,1.04815480232496,1.04258024883533,1.05913140640303,1.06285414380759,1.05897184234477,1.08669977684847,1.08558663633475,1.0595623509558,1.05811831170392,1.06542330682148,1.05100067543792,1.0730040011948,1.0756916989626,1.0818770049359,1.03432060784913,1.03642382409177,1.06351086485749,1.09733739356718,1.11409566219698,1.12933872573216,1.06052762391012,1.08194865820081,1.03112350738611,1.00248573155791,0.995649834457141,0.998411612256448,0.996962237660999,0.991307295555772,1.00181881849203,1.0032735641228,1.00227017851411,0.997690164560544,1.00645574582267
2.89421913630021,7.4808678738041,0.465579916391286,1.03804795738159,1.05582431921967,1.03679342893595,1.0045685661077,1.00309635570569,1.00519553051926,0.994587458049013,0.993494709369135,1.03061413687915,1.01443638337147,1.01030750416936,0.992317495381467,1.01249851971108,1.01308092292675,1.02770924850946,1.04989280286333,1.04786328986273,1.04210951787037,1.05923179915623,1.06355686170529,1.05859936488445,1.086295606592,1.08519972128337,1.05930910859498,1.05634416835163,1.06543835135395,1.05087339488266,1.07479748532217,1.07793423388267,1.08110549553563,1.03748071313691,1.03792398118835,1.06330531451903,1.0988703578974,1.11378977143967,1.12950621098277,1.05899135837056,1.08479850990647,1.02964595426391,1.00314226556073,0.995864502993872,0.998669390234322,0.997583488972907,0.993003113742308,1.00161310973401,1.00326475259369,1.00248425104493,0.998009788873713,1.0059169819465
2.90755214154095,7.33804229545199,0.487826581295208,1.03627695481114,1.05489450592756,1.0361114382806,1.00448460808527,1.00319376101853,1.00542296406993,0.994419746269325,0.993129128185879,1.02873979231137,1.01476242859737,1.01060271581668,0.992586021961526,1.01275156393901,1.01312333382263,1.02743997016123,1.04950091393441,1.04740408525093,1.04154454070364,1.05885776647259,1.06343731940506,1.05814196475244,1.0858695254116,1.08476105574529,1.05887399989858,1.05502049240465,1.0652110423948,1.05054069231666,1.07573586212173,1.07917359632967,1.08048334148319,1.03913893879285,1.03864574126396,1.06278619199305,1.09912573367017,1.113495328479,1.12940211294667,1.05785581566329,1.08646058015697,1.02865226914608,1.00354795966137,0.996178620573682,0.998922077957335,0.998101329023234,0.994334399434785,1.00145383465564,1.00316040515081,1.00259777432529,0.998317568425047,1.00552670649008
2.92088514678169,7.20183045732557,0.509893316938041,1.03460430314221,1.05394052412575,1.03534778600339,1.00425771528617,1.00311242192537,1.00545705547121,0.994089959008942,0.99261768761328,1.02688814978874,1.01490765304778,1.01071262111785,0.99267971818705,1.01283315951894,1.01301696807287,1.02705410637464,1.04900006428292,1.04684077852501,1.04088450549254,1.05829087626182,1.06301639678933,1.05763147164449,1.08541945990936,1.08428054243264,1.0583462957533,1.05368570675067,1.06486359380485,1.05009613647365,1.07647682477926,1.08019952190192,1.07983550505075,1.04044870574935,1.03917663881132,1.06211265963332,1.09892564817889,1.11320745142574,1.12918998493305,1.0567151544763,1.08789499177454,1.02771404938018,1.00391047373769,0.99662297167618,0.999233772726578,0.998689064813309,0.995778686036226,1.00129239706547,1.00298590973866,1.00268667967636,0.998695966814515,1.00512030895136
2.93421815202243,7.07563188192927,0.5306575517511,1.03310191446996,1.05303207417454,1.03458327105255,1.00396616886335,1.00293335231349,1.00537766673109,0.993684601639397,0.992050113095279,1.0251536347297,1.01494420736798,1.01071202983921,0.992671302751261,1.01281682186881,1.01283987943654,1.02664315251407,1.04848963388898,1.04626317374718,1.04021613054566,1.05766886336117,1.06245700006048,1.05715894366351,1.08502498117991,1.08384106515299,1.05782498582066,1.05241057594116,1.06446161706406,1.04961573735456,1.07705692800292,1.08103972278041,1.07920639044127,1.0414765952418,1.03956936035988,1.06141420113649,1.09847120382383,1.11298627054122,1.12893294563206,1.05562696590659,1.08911353970492,1.02686680384483,1.00422338402042,0.997188850871046,0.999600086689908,0.999338718691887,0.997308778614749,1.00113928786266,1.00275219068584,1.002753262795,0.99914091071343,1.0047001784228
2.94755115726316,6.96277783014716,0.549134077453341,1.03183326014361,1.05223272408553,1.03389182132304,1.00368362132148,1.0027349643215,1.00526248988613,0.99328731621518,0.991512918891387,1.02362488942871,1.01494048361745,1.01067240907561,0.992629723524205,1.01277165446218,1.01266410398352,1.02628618701427,1.0480535775803,1.04574959894862,1.03961652540735,1.05709915572139,1.06187632152217,1.05679988663585,1.08475133981955,1.08351177626681,1.05739336620898,1.05126096298811,1.06406577166928,1.04916761521868,1.07751107060556,1.08172084828077,1.07863680098318,1.04229120774471,1.03987394732233,1.06079150488706,1.09788289468957,1.11287934982945,1.12868636862678,1.05464489027541,1.09012737372268,1.02614259468298,1.00448163094394,0.997864712723562,1.00001549115591,1.00004070623612,0.998896336002363,1.00100430291834,1.00247234852562,1.00280047978522,0.99964668015346,1.00426871612926
2.9608841625039,6.86621420868641,0.56441026690137,1.03085043624388,1.05159726348199,1.03333795733776,1.00347629120836,1.00258930123432,1.00518343724173,0.992974534478225,0.991084713189062,1.02237961056764,1.01495964539211,1.01065985088753,0.992618404016991,1.01276091953286,1.01255392898439,1.02604955030416,1.04776071269375,1.04536608031619,1.03915153225911,1.05667155019534,1.06137801997772,1.05661407975127,1.08464892067224,1.08334714517373,1.05711913209612,1.05029577640646,1.06373109796125,1.04881128320249,1.07787414423446,1.08227117305495,1.07816255276145,1.0429642001712,1.04013835894105,1.06033087820828,1.09728603546062,1.11292145431066,1.1284958492075,1.0538169006034,1.09095221336066,1.02556830554675,1.00468158127247,0.998636514357104,1.00047342744848,1.00078404255363,1.00051260779232,1.00089631267718,1.00216123596586,1.00283177736203,1.00020601816917,1.0038283192731
2.98045103516154,6.75953611681862,0.579568793565742,1.03000558692627,1.05104799354653,1.03287548599723,1.00341500941742,1.00259215942039,1.00525435071703,0.992798049262135,0.990786995442135,1.02119710434572,1.01513203504467,1.01079936641253,0.992759843505339,1.01290909906058,1.01261088494563,1.0260092925257,1.04767688744346,1.04513047626803,1.03880926422677,1.05640050877694,1.06090044510587,1.05672330154408,1.08486129806228,1.08346413401825,1.05708492631252,1.04931187261363,1.06343799055531,1.04854304407734,1.07829724311069,1.08288599080755,1.07769749338054,1.04382217695241,1.04053180809968,1.06004598051676,1.09650353469007,1.11328193041677,1.12837269748802,1.05296108441893,1.09184269619385,1.02504043273193,1.00486547970062,0.999905972998707,1.001205520414,1.00192240509158,1.00287361700666,1.00080349704423,1.00168443076999,1.00285738632767,1.00110404722331,1.00317115740974
3.00001790781918,6.69886103546123,0.584984289948469,1.02992924123995,1.05101976557145,1.03290233289044,1.00372213335191,1.00294938659779,1.005645429834,0.993062668569534,0.990991058817034,1.02089369696894,1.01555560162897,1.01121233008558,0.993168660809315,1.01332862140144,1.01299693399411,1.02637382218383,1.04803265580727,1.04533096743434,1.03892945127673,1.05656969393945,1.06073952981078,1.05729403485837,1.0854992901629,1.08400857523589,1.0575112855136,1.04892475056132,1.06344720087665,1.04863485969056,1.07863748252502,1.08331198534474,1.07755493719431,1.04464070520936,1.04099568513115,1.06024912580411,1.09585866399623,1.1139769429742,1.12844384279153,1.05260001700927,1.09237897137451,1.02492184830492,1.00491939135705,1.00128978648314,1.0019869974033,1.00308267589874,1.00515073296048,1.00080493993145,1.00122865491327,1.0028693545783,1.00206710209947,1.00250736264513
3.01532456765109,6.68561076176807,0.582226300782184,1.03041250878789,1.05137059492625,1.03327171355608,1.0042292375702,1.00349628954125,1.0061956678724,0.993602300930998,0.991527477713564,1.02130491951013,1.01607319999481,1.01174032043916,0.993685948977145,1.013854233593,1.01352972272471,1.0269141864766,1.04857781927438,1.04577253723186,1.0393375988195,1.05694452291423,1.06076034459771,1.05800964062612,1.08623757781398,1.08467696077383,1.05812143018958,1.04906085636042,1.06367239710884,1.04895282803637,1.07884790486638,1.08351326963751,1.07767966941536,1.04528139486809,1.04141664807216,1.06069302317271,1.09537119473369,1.11469667194107,1.12859259247119,1.05268137819374,1.09254643751791,1.02512357867229,1.00487441334315,1.0024143757314,1.00261573182357,1.00397947053436,1.00682491491145,1.00088121784606,1.00092006469281,1.00287699159409,1.00284461994486,1.00198809357793
3.03382407323557,6.71036440041606,0.570848400416857,1.03159435668078,1.05219526166055,1.03408224071102,1.00511572006838,1.00444203871149,1.0071202612548,0.994617368273434,0.992590206814656,1.02254066865092,1.01688517802539,1.01258841335143,0.994509943469888,1.01468459015292,1.014396254496,1.02777776066145,1.04944132258042,1.04656063074476,1.04013406827175,1.05753391926601,1.06079931773812,1.05906812110384,1.0872873387495,1.08564570595471,1.0590680279922,1.04972092938012,1.06416459295528,1.04957070267702,1.07901196123701,1.08357997780408,1.07808994634051,1.04605791978006,1.04197350274054,1.0614295998459,1.09464641062744,1.11566201827275,1.12878591515962,1.05318986855084,1.09243758182321,1.02570029832151,1.00472758237833,1.0037728120751,1.00337371770792,1.00501751517123,1.00866863090607,1.00106920330636,1.00064341471878,1.002893620252,1.00378425538169,1.00136642663225
3.05232357882005,6.77787944694778,0.551888147327636,1.03334463999649,1.05336901938585,1.03518235828163,1.00618806030477,1.0055867925815,1.00821682073672,0.995916514879285,0.993992834855579,1.02449346490846,1.0177934644603,1.013556993768,0.995443307906732,1.01561714862075,1.01538541495439,1.02871521245765,1.05035381584603,1.04748254122331,1.04113200499158,1.05804474427463,1.06061121850114,1.06015797314234,1.08833652868611,1.08661455103531,1.06006281586194,1.05084982171767,1.06480361479365,1.0503282421727,1.07900456367593,1.0833879585365,1.07873403755054,1.04672571808879,1.04250056687503,1.06217036303263,1.09352349968594,1.11658445587055,1.12885799138787,1.05408706773395,1.09193752832208,1.02660599669819,1.00449354510981,1.00508219519652,1.00410850130422,1.00597525472162,1.01027271159318,1.0013653790981,1.00050609595183,1.00292647452553,1.00469659616519,1.00075702421366
3.07082308440453,6.8845350333997,0.526972500135556,1.03552978009873,1.05475555852563,1.03641532098889,1.0072855782516,1.00676574796003,1.00932186981515,0.997329534903912,0.995561825757389,1.02700490068029,1.01864749573017,1.01449115469769,0.996334556703909,1.0164980123694,1.01633362503087,1.02953340379187,1.05110533598646,1.04835404586161,1.04215784868223,1.05821780008158,1.05993151102459,1.06106886123578,1.08918821789001,1.08738339258116,1.06089100223211,1.05232711567354,1.06545523235794,1.05106999815485,1.07872588385172,1.08284932233419,1.07952965106062,1.04713821025577,1.04288464956896,1.06266653033333,1.09174346765154,1.11729910853029,1.12866344592936,1.05527369460888,1.09098295328118,1.02778091804758,1.00419140845971,1.0062919677152,1.00479837676695,1.00682320138358,1.01160081949316,1.00176933076449,1.00053786034434,1.00298300280924,1.00555359140543,1.00016627540072
3.08932258998901,7.02475288957921,0.498292391356895,1.03797819607154,1.05618305521633,1.03758878663789,1.00820642296243,1.00776295555242,1.01022002753702,0.998631105033936,0.997066949203959,1.02985812584517,1.01925459525763,1.01519064207957,0.996990241061146,1.0171330360431,1.01704173081068,1.0300228905193,1.05147785409967,1.04897193735562,1.04301210961277,1.0577960056984,1.05850605412083,1.06159095374911,1.08965264812294,1.08776128251651,1.06133271251658,1.05399496834265,1.06595663894906,1.05161658439891,1.07805500180399,1.08185783531233,1.08036978277259,1.04708061404665,1.04297787383878,1.06266422015939,1.08906236511965,1.11765039164412,1.12807948661794,1.05661972463419,1.08949774738189,1.02914432560127,1.00384341212817,1.00735587075543,1.00542388238789,1.00753719733804,1.01262914790506,1.00227607611288,1.00075838415811,1.00306859123993,1.00633024561345,0.999600604819985
3.11165232136686,7.22864624329687,0.462078031418511,1.04099866596841,1.05768671187011,1.0386330231665,1.0087774901967,1.00838964880719,1.01069508299835,0.999697879321022,0.998431970100045,1.0333872238466,1.01936774636376,1.01541741238637,0.997175981755218,1.01728189998127,1.01728558424008,1.02990066499091,1.05114918664329,1.04910459462199,1.04353087597401,1.05620071401962,1.05552463856312,1.06145012112866,1.08947809783191,1.0874813245388,1.06107924739065,1.05600410471535,1.06612058910263,1.05176226568026,1.07655189720828,1.07991121814653,1.08126719055057,1.04606270054045,1.04248046212672,1.06169675182715,1.0843954209885,1.11741341456349,1.12675441457683,1.05824370926218,1.08690013843386,1.03090130066063,1.00339770576804,1.00838843448695,1.00606930551302,1.00819593930035,1.01345662691892,1.00300973880269,1.00128593768678,1.00321433867026,1.00713074812464,0.998960584503297
3.13398205274471,7.45798067254307,0.427926816046379,1.043738652276,1.05863243401628,1.03894717657309,1.00842365174089,1.00800906334716,1.01013015166978,0.999805885178186,0.998879617714322,1.03655077078578,1.01848534365413,1.01463233182764,0.996380188644031,1.01644122859784,1.016554272303,1.02874649220363,1.0497372612639,1.04830350922801,1.04319990861354,1.05320929869612,1.05100627751594,1.06026636220312,1.08834196319986,1.08625000986788,1.05974079838851,1.05770474571344,1.06554571711353,1.05108899145894,1.07411848570764,1.07700078795091,1.08182838791736,1.0436542800575,1.04107228022643,1.05944781263779,1.07806535016626,1.116332102798,1.12474003244957,1.05961626329059,1.0833336216844,1.03260252923481,1.00296277537538,1.00909831402181,1.00657474030379,1.00861903891313,1.01383718586364,1.00385227571662,1.0020884773689,1.00340529050154,1.00775743588221,0.998377263516045
3.15631178412256,7.69877195975844,0.399510614023628,1.04583072699869,1.05871477595733,1.03824207306219,1.00685513449906,1.00628634395619,1.00819479091821,0.998581728771502,0.998015897277178,1.03887630772688,1.01633460343181,1.01254338260398,0.994328849226777,1.01434447571102,1.01459411495376,1.02639174671225,1.04710935967681,1.04637731364174,1.04178579279042,1.04877418266376,1.04498080522966,1.05793806463571,1.08618054346375,1.08402137597816,1.05719410961394,1.05879895124664,1.06401810849979,1.04939515157235,1.0706334672587,1.07303481083562,1.08184931679221,1.03957417328464,1.03854620366497,1.05584030903253,1.07018846543074,1.11436196804255,1.12212686158051,1.0604911035037,1.07876101928439,1.03405767833208,1.00257798772526,1.00945374789484,1.00692521649348,1.00880682071214,1.01379764205296,1.00476838160899,1.00313128207175,1.00363395861353,1.00819430702009,0.997860769059991
3.17864151550041,7.93783517296796,0.379555939522397,1.04695277750391,1.05770205880301,1.03632617927961,1.00390029239852,1.0030171287639,1.00469233702369,0.995780374553215,0.995572624772813,1.03996969881375,1.01276266317567,1.00898292310953,0.990867800725878,1.01084508466281,1.01127151935571,1.0227936306384,1.04326476981129,1.04325051463443,1.03916332511121,1.04303535700017,1.03768151781244,1.05448189780257,1.08303301166207,1.08085362462706,1.05344568314993,1.05905259852117,1.06141673256287,1.04658139219984,1.06606602615526,1.06800901155313,1.08117265757466,1.03372259989162,1.03479194043036,1.05097963771956,1.0610984937001,1.11154148349931,1.11907885231028,1.06067321272487,1.07322262913097,1.03509643984938,1.00227606742808,1.00944738194246,1.00711351724699,1.008774848593,1.01338266023136,1.00571492505816,1.00435774349988,1.00388632879262,1.00843642882619,0.997419968976872
3.19507702879609,8.10625173977823,0.371189778297311,1.04701294553168,1.05617546827383,1.03409337542945,1.00081460448755,0.999590532549584,1.0010872664111,0.992656563893565,0.992697261843223,1.03982615666178,1.00921293470179,1.00540487792449,0.987406125602513,1.00736302531443,1.00794960594028,1.019387221649,1.03971563522477,1.04019683252698,1.03644844408341,1.03813392516622,1.03170314581362,1.05127320932536,1.08014328855089,1.07798785250301,1.04997760741943,1.05861347458674,1.05880027957034,1.04379293470126,1.06204465643531,1.06367741504932,1.08017328616949,1.0283419202036,1.03124173079399,1.04673694057213,1.05389275176475,1.10897016327289,1.11665875011287,1.06028936408167,1.06859241054274,1.03551701631962,1.00212052245894,1.00921942592463,1.00714807408255,1.00862558437968,1.01286798169359,1.00640436610605,1.00533779760441,1.00407670058921,1.00849240520165,0.997147982723969
3.21151254209178,8.26357733587882,0.368539628747796,1.04634707619518,1.0539635589015,1.03117167247447,0.996996151493508,0.995344692059535,0.996663922689496,0.98866320118444,0.988929110699289,1.03881383143946,1.00493471501647,1.00106705213317,0.983220376799699,1.00316463218262,1.00393560261511,1.0154063942241,1.0356362982753,1.03655578396737,1.03310050808452,1.03281749859782,1.02541178640387,1.04757043023585,1.07683045086342,1.07473640090117,1.04598593327228,1.05760929128521,1.05561766867501,1.04043456200135,1.05753026799776,1.05888466998302,1.07873035957749,1.02219332946217,1.02707525381889,1.04207310496542,1.04649408269396,1.10603034754354,1.11416509743993,1.05943544957687,1.06357815464253,1.03560499700886,1.00202877398494,1.00881827243403,1.00709687755431,1.00838625331624,1.0122053922039,1.00706384800943,1.00634410127072,1.00426040100277,1.00845024757181,0.996923115270328
3.23137465453178,8.43445502467016,0.372879491187071,1.04452772493424,1.05039897452845,1.02678492850352,0.9915148514368,0.98925242384624,0.990368082550765,0.982794625815354,0.983290126979067,1.03642718700856,0.998921552727981,0.994943908344716,0.977323085277487,0.997261887860194,0.998280868259758,1.00995108771461,1.03012842100742,1.03147254869303,1.02829375816149,1.02608657804288,1.01770246395987,1.04253736254911,1.07234134768511,1.07037097483309,1.04058447651808,1.05564248924152,1.05109379430911,1.03570274037628,1.0515359410062,1.05260500589303,1.07640802498584,1.01400800743337,1.0213354831917,1.0361059956746,1.03768352004458,1.10204810380407,1.11111040914045,1.05777327907255,1.05714047469273,1.03524383767018,1.00200573499836,1.00813316311666,1.00692713674385,1.00800108597587,1.01124623373158,1.00779155475626,1.00754178855207,1.00445939391942,1.00827928816394,0.996716281768356
3.25123676697179,8.58076294383567,0.385035651721724,1.04159518596251,1.04592489065378,1.02156554294117,0.985249028637097,0.982310020921259,0.9832453924033,0.975977866631328,0.976646335937894,1.032835636737,0.992173181343382,0.988052161667969,0.970692438536933,0.990633148960651,0.991910997536113,1.00392380114038,1.02411486416597,1.02575735217479,1.02276377473712,1.01922298865607,1.01009452228828,1.03698132769405,1.06737785291379,1.06557813048974,1.03466509783017,1.05288739279439,1.04593829300247,1.03034540114675,1.04510493485028,1.04595220003863,1.07349457158186,1.00535621785227,1.0149949062578,1.02996285529787,1.02921683148763,1.09763801525777,1.10801005783774,1.05544729423559,1.05045263544031,1.03437205506064,1.0020759215652,1.0072697044478,1.00664931423751,1.00753851288046,1.01015595762675,1.00841382806322,1.00865979049641,1.0046183950056,1.00799175719244,0.996581501138829
3.27109887941179,8.70104806304823,0.403842890983629,1.03760826547354,1.04067007262228,1.01567984070892,0.978427027761482,0.974791441355237,0.975580372095153,0.96848439619099,0.96926223792087,1.02818982191208,0.98494104683484,0.980654042987137,0.963576601345856,0.983522583987611,0.985050500985336,0.997505629912127,1.01776631993961,1.01957641390638,1.01667586073944,1.012508865372,1.00294799950052,1.03102180829342,1.06201744830468,1.0604226631353,1.02838133622523,1.04943438019013,1.0403107755207,1.02452331237931,1.03842691667604,1.03911846741287,1.07007049773908,0.996645513061656,1.00827728208362,1.02391285742844,1.02158608974414,1.09285988339235,1.10484890514828,1.05252820997756,1.04369794005745,1.03302134554256,1.00223008401867,1.00627687625284,1.00627647228557,1.00702748654431,1.00897802786861,1.00890226961045,1.00963435074326,1.00472293281405,1.00760557620728,0.996518577642469
3.2909609918518,8.79089698068158,0.43022644697457,1.03263623840647,1.03470250578316,1.00919580935858,0.971171798370916,0.966876818573472,0.967563668235651,0.960501283728921,0.961323467387696,1.02264636397957,0.9773757786862,0.972912550040816,0.956122697974979,0.976066702409375,0.977803202439633,0.990710830443149,1.01106719290702,1.01294503405871,1.01006421289677,1.00593934092534,0.996206356107631,1.02459733876213,1.05616153070912,1.0547788559179,1.02169789910002,1.04530902731073,1.03427364499416,1.01827646856967,1.03161798429536,1.03223257017678,1.06618447001993,0.988216750909028,1.00133647150604,1.01795287544869,1.01457464590184,1.08762555725603,1.10139460664499,1.04903622798389,1.03702278507092,1.03123846725663,1.00245392732314,1.00520697617683,1.00582477268777,1.0064965145038,1.00775608037015,1.00923510502052,1.01040692851215,1.0047625288046,1.00714089704518,0.996526024040677
3.31082310429181,8.85814448888019,0.45786881613557,1.02685394362904,1.02830796799763,1.00245939841187,0.963874889077701,0.958986995187613,0.959622378840223,0.95244799310666,0.953244225789408,1.01647462944133,0.969887263837907,0.965244166291807,0.948734180567926,0.968672531926999,0.97056829905117,0.983937582083154,1.00442313609222,1.00624528444451,1.00329852366787,1.00022144508649,0.990898250901814,1.01803892673326,1.05007345310717,1.04889553831669,1.01499840140795,1.04076018662834,1.02816143318467,1.01195730290926,1.02501067491468,1.02561723622543,1.06200917216897,0.980525171400278,0.994540284369247,1.01278220080364,1.00985462289196,1.082151395254,1.09776406515906,1.04517757023385,1.030709802998,1.02910546637532,1.00272796094961,1.00410974126174,1.00531066620234,1.00596766260267,1.00652582675702,1.00939670780528,1.01092675121883,1.0047302978461,1.00661667415422,0.996601167599388
3.33068521673181,8.89451597891266,0.495041443960362,1.02038478343626,1.02145242443272,0.995326272817059,0.956397076745238,0.951045375318653,0.951676341444674,0.944295104285008,0.945018434441033,1.00984439062032,0.962337847366707,0.957530190228228,0.941276612194469,0.961184886507286,0.963146882230514,0.976798057721748,0.997362225206,0.999133528743215,0.996114515066072,0.994227726000391,0.985252124293237,1.0109292210963,1.0433807544353,1.04237396649572,1.00782025504741,1.03569791862837,1.02176300614895,1.00529586158327,1.01838801793466,1.01905485207293,1.05753009778721,0.973435226343101,0.98775040224419,1.00727422689553,1.00443753273883,1.0761446058359,1.09353191310191,1.04087889473443,1.0245494916765,1.02669350735278,1.00302963721144,1.00303197361725,1.00475147080773,1.00545935544823,1.00532195909085,1.00937895998423,1.01115462991876,1.00462381116168,1.00605221238438,0.99674039680647
3.35054732917182,8.90916496438529,0.532741597481481,1.01343762542174,1.01443688000064,0.988160951953355,0.949126857163365,0.943450936207119,0.944129658612312,0.936434379842175,0.937031912553303,1.00301959943422,0.955137325922343,0.95017905107173,0.9341500245403,0.954010416150322,0.955944589223408,0.969734369752051,0.990352451382876,0.992040354890253,0.988918889808595,0.988956387058417,0.980801189501738,1.00363533600892,1.03635189820787,1.03545410154153,1.00060056829099,1.03039539809263,1.01545707319235,0.998690253028319,1.01215659812386,1.01295494194175,1.05293203004888,0.967393213862032,0.981376730619688,1.00244386351976,1.00086793363713,1.06981385963391,1.08871994324103,1.03637320423689,1.01894066821396,1.02409874922744,1.00333508974418,1.00201676242446,1.00416557586645,1.00498628918026,1.00417883854311,1.00918157015615,1.0110667860409,1.00444600857771,1.00546659839058,0.99693931438868
3.37040944161182,8.90328419345064,0.572819179449377,1.00621883460062,1.00738056647074,0.981026340983881,0.942102199151929,0.936257276928064,0.937026547830999,0.928952904782006,0.929390933478203,0.996213726376473,0.948308166650859,0.943221466603535,0.927378418625206,0.947167662915994,0.94897195784113,0.962690530415942,0.983304393215029,0.984937778061804,0.981723133294847,0.983979619253844,0.976849709717617,0.996111030224477,1.02896485836666,1.02810831720788,0.993264182238674,1.0249311309015,1.00924553837313,0.992128468378351,1.00626778542875,1.00725353100629,1.04829141240857,0.962285948972192,0.975418825642027,0.997865315148886,0.998002596631486,1.06315366339516,1.08326750238902,1.03172753581031,1.01379341487508,1.02141510957895,1.00361919837498,1.00109897801329,1.00356937134236,1.00455372052443,1.00312115080078,1.00880948228866,1.01065588699947,1.00420309325736,1.00487516821387,0.997192833282271
3.39027155405183,8.88145727087522,0.613068325844496,0.998959131215144,1.00047025466653,0.974096624270232,0.935467217336519,0.929600985794146,0.930494774948214,0.922005637318931,0.922263208994102,0.989647464729887,0.941978795552976,0.93678671900981,0.92108942131907,0.940787334092155,0.942369315589045,0.955820465626116,0.97637702429094,0.977991884774605,0.974700326358183,0.979395072418437,0.973487603948387,0.988542975563434,1.02140779971873,1.02052535650846,0.985984439053524,1.01946169242104,1.00326497973995,0.985759050987952,1.0008174598667,1.00203486578644,1.04372329068322,0.95810309382963,0.969986998456641,0.993642897074936,0.99595790528484,1.05632876178141,1.07729280927501,1.02707549769132,1.00917140550204,1.01874102297597,1.00385761918638,1.00030652929397,1.00297791557663,1.00416154193588,1.00217111846863,1.00827249604793,1.00993214658202,1.00390394793981,1.00429129910075,0.997495407890021
3.41013366649184,8.84780432006955,0.652478968914533,0.991900572893741,0.993887059848169,0.967533145299209,0.929344661659257,0.923591399755864,0.924632297573772,0.915722668023928,0.915793655915894,0.983530665319348,0.936245591703074,0.930973157908595,0.915381069037153,0.934970632172266,0.936253131317377,0.949250418096268,0.969692987311451,0.971342547950897,0.968003750824965,0.975122332110936,0.970516576059467,0.981103325458422,1.01387255806905,1.01291230402668,0.978907293754423,1.01414034476404,0.997619867270785,0.979701994491759,0.995839223091934,0.997312317091704,1.03934167056889,0.954772998316156,0.965144297848265,0.989692607789895,0.99438340623405,1.04950298559865,1.07098897881578,1.02254285481744,1.0050532409332,1.01617419172298,1.00402761562429,0.999659149471719,1.00240403166397,1.00380341993428,1.00134536796722,1.00758356153977,1.00892223388951,1.00355895492907,1.00372529106744,0.997841164108437
3.43840456798328,8.78925494795505,0.702922722754079,0.982685526093464,0.985469536682601,0.959205377905349,0.921807011908817,0.916389697166591,0.917655043434233,0.908188811873029,0.908007835354726,0.975978895550198,0.929345583488725,0.92399835739733,0.908493140838157,0.927914430121473,0.928690590485442,0.940830100691392,0.961048266764485,0.96281200300855,0.959450098642132,0.969757183256817,0.967012692547267,0.971319853824426,1.00383290204017,1.00271821419662,0.9696964890687,1.00717264530557,0.990452201727106,0.971967270026102,0.989712594978326,0.991552396619005,1.03367417360604,0.951380790177593,0.9594299927254,0.984707748025866,0.992881152570254,1.04036219767736,1.06214471444184,1.0165870418735,1.00010412579337,1.01288876020395,1.0041120651338,0.999007994684102,1.00163794928079,1.00332751542793,1.00040427963266,1.00637365481716,1.0070827594641,1.00301121748657,1.00296400221944,0.998395046528352
3.47339178844723,8.71743105259331,0.749437526792843,0.973554599573737,0.97733886175075,0.951309435792477,0.915004849700852,0.910172991009549,0.911698153399836,0.901688268881905,0.901255299083957,0.969187713126215,0.92333674500171,0.917958330107317,0.902473544739407,0.921695697052613,0.921832424386023,0.932795185854972,0.952695184606537,0.954631699068769,0.951290268044539,0.964592966196024,0.963848101154524,0.96172278621827,0.993851102480778,0.992595732820692,0.960761409723692,1.00021888575669,0.983539918807523,0.964523997096581,0.983907916253037,0.986115249017931,1.02806354858619,0.9492667002669,0.954569860441793,0.979817986019971,0.991861106663417,1.03113076660538,1.05300119711783,1.01056015260708,0.995437567759323,1.0097512715558,1.00390907513179,0.998634759793783,1.00079506901074,1.00273078726102,0.999620945648731,1.00456545639123,1.00436050417626,1.00227657873888,1.00210134126904,0.9991571979081
3.50837900891117,8.66404460464162,0.771188939841736,0.967916821989659,0.972464458709624,0.946820752205139,0.911606760730679,0.907429678691063,0.909154994397143,0.898823988829878,0.898237077718044,0.965851336895102,0.920604258325377,0.915259362646868,0.899715357740943,0.918781337032862,0.918382432109276,0.928256143318174,0.947837823041391,0.949904935487873,0.946617145672366,0.961530178804757,0.962219659916305,0.955986132714687,0.98767259115455,0.986356640368062,0.955544589886485,0.995808830331857,0.979326193688045,0.960100009238516,0.980286506833029,0.982684106022042,1.02449993352428,0.949412472788097,0.952445706824709,0.976747852655907,0.991755831222615,1.02514301378769,1.04665196705087,1.00656810296062,0.992392395401289,1.00796773423044,1.00333344557122,0.99868077573271,1.00007929844582,1.00204092352294,0.999214982385361,1.00249771038616,1.00142917460557,1.00151172772192,1.00131665083426,0.999974393953521
3.54336622937512,8.64446341381698,0.762901174590572,0.966501987460893,0.971379027664408,0.94627910250009,0.912032251540968,0.908462774324576,0.910298656126943,0.899898926312291,0.899272427424702,0.96631948767527,0.921447285240132,0.916196131466043,0.90053196165546,0.919513036150681,0.918790741960346,0.927891531892237,0.947221736814678,0.94927031880295,0.946034173078063,0.960936343592795,0.962281989531367,0.955129052954075,0.986566757487094,0.985348551713848,0.954890049936169,0.994476288927279,0.978191944247346,0.959190144186339,0.978958647211724,0.981296327956565,1.02337498814939,0.951751785803146,0.953197984428109,0.97578808429252,0.992488930280732,1.0237484644932,1.04519842475006,1.00503458980454,0.9908859128281,1.00775500615083,1.00239389123108,0.999028308068,0.999482786778168,1.00117556011486,0.999086209939876,1.00026929927497,0.998592590984663,1.00073485038905,1.00057918298828,1.00081425583176
3.57835344983906,8.66079455637252,0.725234282001525,0.969533612635605,0.974134118945456,0.949636821257558,0.916178937219479,0.913127135586085,0.914975642182912,0.904759701232295,0.904209234137016,0.970502729594929,0.925720951780777,0.920621675065856,0.904784963643913,0.923754316435582,0.922937998120215,0.931545146107497,0.950631399871272,0.952571661723284,0.949423999250748,0.962740810888285,0.963958548203377,0.958749399722546,0.989838295619049,0.988695156669338,0.958502189152463,0.996312816904096,0.980065649349678,0.961685048562464,0.979816507692423,0.981839890749032,1.02478542223669,0.956076278555384,0.956670474097181,0.976894154515919,0.993968178650093,1.02610375851418,1.04643997250077,1.00605247711314,0.990813564579035,1.00914618165377,1.00114979811709,0.999522589349758,0.998983556007192,1.00008949481389,0.999096238898583,0.997997554206956,0.996100205665203,0.999949208126834,0.999847128530482,1.00164456132923
3.60130183880096,8.69051406505502,0.685802899518818,0.973777820107483,0.977838130757651,0.953714706895373,0.920631393064305,0.917847707191124,0.919651597281918,0.909683876693665,0.909241740801823,0.975000223862583,0.930092039852217,0.925117912248082,0.909147588458168,0.928146165644653,0.927393544292437,0.935873119128267,0.954847570245996,0.956640804029229,0.953559572332389,0.965114314612957,0.965805297881974,0.963472387821909,0.994582082413334,0.993476809242009,0.962991511898236,0.999087274595697,0.982750956148518,0.964965557379242,0.98143672542746,0.983130364606427,1.02698728022922,0.959713855599015,0.960177323616272,0.978667998514269,0.995198222244948,1.03036604532815,1.05012071196767,1.00800963533843,0.991457143560462,1.01085135283691,1.0002125145019,0.99985060850102,0.998696474536101,0.999256530796195,0.999109050386539,0.996551144828377,0.994757287668141,0.999427816900793,0.999350647684413,1.00216914543508
3.62425022776286,8.73073126767706,0.637091743019471,0.979634649391252,0.982917426767967,0.95911150684006,0.926285810200317,0.923714958142924,0.925437750689918,0.915803462648401,0.915508117268568,0.980700726002271,0.935541865772393,0.93071189990435,0.914593037894989,0.933645242271829,0.933042160507671,0.94148567619609,0.960336001033034,0.961984548476635,0.959001439373496,0.968288188720538,0.968163217443617,0.969540450070924,1.00053503977308,0.999432816091121,0.968799911262438,1.00299329836174,0.986465769571357,0.969376428202176,0.983827164897426,0.985108247685953,1.03015498325926,0.963909978081148,0.964527290104918,0.981147159796327,0.996627667433236,1.03549384579198,1.05416762992594,1.01090716540048,0.992622030074375,1.01311374406143,0.999226351403269,1.00012245743016,0.998431149279028,0.998344870534795,0.99907229307771,0.99519338565536,0.993689345427849,0.998900909042119,0.998828109890014,1.00266568422562
3.64719861672476,8.77516737024456,0.582424915656145,0.986661929837455,0.98894211687503,0.965317803790832,0.932608917875409,0.930208651026458,0.931822173676096,0.922593358746751,0.922476841555437,0.987165282780125,0.941572856594526,0.936898917501186,0.920620759085495,0.939737245697331,0.939329694000579,0.94779051788614,0.966528321780296,0.968058737829346,0.965209510892974,0.971963130018263,0.970777077902037,0.976398721906925,1.00736496913443,1.00612118629321,0.975319962674656,1.00765502997144,0.990857739168554,0.974479210932838,0.986805621318189,0.987640284709737,1.03401419965504,0.968273173826813,0.96934542309853,0.984124608493476,0.998042513089624,1.04177933908243,1.0587582186588,1.01448638858799,0.994261139104833,1.0157611380738,0.99823634121154,1.00029798888071,0.998181682233796,0.997384867478405,0.998949630359536,0.993978375855095,0.992916697247468,0.998371909575581,0.998273980243235,1.00312430910828
3.67014700568666,8.81826568894055,0.524731623303722,0.994531314639078,0.995646369213464,0.972078708367383,0.939364307401249,0.937102955676648,0.938588202240189,0.929816077412501,0.929900019218389,0.994138980161825,0.947970732696445,0.943462149810573,0.927015911711203,0.946201773093603,0.94602058825328,0.954531732301274,0.97315948180416,0.974613404535135,0.971929128362678,0.975992300193119,0.973569010497821,0.983671982175758,1.01455090202945,1.01311882830227,0.982266813905434,1.01283645560561,0.995750981207297,0.980066275315869,0.990283247972392,0.990661062707417,1.03837798544673,0.972707599713075,0.97446290618926,0.987459764127461,0.999445210876018,1.0483630275476,1.0634568168305,1.01855982677796,0.996348095746681,1.0186747973266,0.997289743046077,1.00034600806268,0.997944389437759,0.996416887316198,0.998713183034398,0.992964443310036,0.992458951603401,0.997848603745319,0.997687610882849,1.00353503838991
3.69309539464856,8.85251145502911,0.46734826562544,1.00275201050005,1.00264130545649,0.978992977249029,0.946155443610252,0.944012686447385,0.945362242418757,0.937070972042436,0.937363938862807,1.00121272268553,0.954376753628291,0.950035665132176,0.933416893901898,0.95266858964972,0.952716393133149,0.961295715228013,0.9798314589869,0.981260543631878,0.978761233331873,0.98017398108031,0.976417902353641,0.990919739116683,1.0216875010219,1.02001562805061,0.989217431792092,1.01820132719918,1.00089379190755,0.985826771257335,0.994161288301184,0.994113391774748,1.04297737653139,0.976997281993292,0.979614410041038,0.99098436003249,1.00080241530941,1.0549744118518,1.06806277620871,1.02288065542882,0.998894562935238,1.02166918603626,0.996433802039765,1.00024665695429,0.997718043160251,0.995488397999463,0.998345536982564,0.992197172983486,0.992296511261116,0.997343550922029,0.997073845310964,1.00388812301791
3.72447179420966,8.87171902512367,0.394733336244071,1.01371640735516,1.01204762264507,0.988113101246154,0.954967144137198,0.952981102143776,0.954156320609151,0.94650506060333,0.947070490048241,1.01041309343404,0.962682763609765,0.958565207531844,0.94170853768258,0.961033480557643,0.961358360888131,0.970037081803294,0.988489485030187,0.989975265185641,0.987732100223758,0.985888524095678,0.980348512237254,1.0001357852739,1.03061811161337,1.02860849060726,0.998164919220452,1.02529407035592,1.00798196579971,0.993563637884364,1.00000257288742,0.999487155634643,1.0491954040009,0.982471475294576,0.986363362269158,0.995860999862305,1.00274099761803,1.0631470780684,1.07357023520173,1.02876258301553,1.00317895640518,1.02557950517048,0.995492050965889,0.999865269377656,0.997430920888646,0.994381203574337,0.997625621903154,0.991618244069462,0.992499990004325,0.996717906666304,0.996213073145201,1.00426043041272
3.75584819377076,8.84531118607769,0.333580332728677,1.02339715494928,1.02069322826658,0.996376791243891,0.962817754310392,0.960984918933657,0.962025125089016,0.954908895387376,0.955691309455997,1.01835319339336,0.970115297962468,0.96620031518032,0.949113982191763,0.968490522269779,0.969031523937456,0.977875472905235,0.996344214643561,0.997931722173755,0.995885617126056,0.991553405165354,0.984497146424535,1.00830273950872,1.03843895514814,1.0361363325372,1.00620894616708,1.03162145865972,1.01489096447929,1.00086467033407,1.00643035804897,1.00563460848367,1.05493588680373,0.987482534382027,0.99251964518549,1.00071502444474,1.00520543164214,1.07027212339737,1.07854410878258,1.03420944724627,1.00849510745585,1.02890505750447,0.994889782873333,0.999228805940401,0.997181852586713,0.99356798363469,0.996681817890269,0.991623958060575,0.99311173772097,0.996216523024659,0.995367784300849,1.00448837731298
3.78722459333186,8.75900577408962,0.289164303562064,1.03097090526032,1.02791339682315,1.00324229230382,0.969286272759231,0.967646357925054,0.968618426782329,0.961862027525932,0.962774882447322,1.02447888547703,0.976326517690479,0.972587869258928,0.955284068925601,0.974682041851268,0.975339937703303,0.98437485875939,1.00295551582897,1.0046758306121,1.00272916812188,0.996949206795526,0.98893076808587,1.01488651823911,1.04451899472796,1.04203895210389,1.01289204781117,1.03662214634028,1.02126242765786,1.0073389946763,1.0132833495831,1.01245163195587,1.05971194864255,0.992096516723084,0.99781276101006,1.00527774222029,1.00857673028446,1.0755436704387,1.08243023937046,1.03871928053648,1.01483882311263,1.03134927181061,0.994684481602664,0.998409231199744,0.996991360306564,0.993148408145339,0.995581229074499,0.992209027513079,0.994020939778812,0.995899396738213,0.994599346810751,1.00455770329507
3.80761931251363,8.66778685471147,0.269519424981286,1.03456913853333,1.03178237388208,1.0069724489095,0.972807141104651,0.971305149468379,0.972274840497758,0.96562670950991,0.966563514339186,1.02736689331498,0.979771997396165,0.976130589309564,0.958696181592489,0.978098091961084,0.978790390560474,0.988002265477732,1.006718374581,1.0084956780634,1.00653506912837,1.00045453370971,0.992198301308343,1.0184939667539,1.04775436288823,1.04521963781307,1.01665372296962,1.03912258550576,1.02512986367765,1.0111533276767,1.01796575006848,1.01723897712217,1.06225812133597,0.995045462039249,1.0008314681106,1.00819030004272,1.01159034728763,1.07822430296148,1.08462324285839,1.04107498929984,1.01950783755127,1.03238831858022,0.994773876133299,0.997823655921555,0.99690924347793,0.993115315666751,0.994824540944073,0.992872399320921,0.994716792004357,0.995816129230811,0.994172887755249,1.00451401324785
3.82801403169541,8.54750543449666,0.257451944222589,1.03707876902922,1.03496211127737,1.01011764850632,0.975810761813202,0.974456320515354,0.975458451995751,0.968809081375983,0.969718085253821,1.02937364269634,0.982775564082409,0.979217007824185,0.961662107021211,0.981062287744757,0.981758625666732,0.991181934815591,1.01007293020373,1.01187410457686,1.00983444125775,1.00397397575087,0.995831356184758,1.02158539255817,1.05043221818617,1.04789012302866,1.01997066991923,1.04100844784585,1.02874776601032,1.01464152323281,1.02276882997436,1.02224438562455,1.06434133050522,0.998021234943705,1.00353007476037,1.0110736778547,1.01536644113823,1.08031241492738,1.08652777941219,1.04292727854571,1.0245433951362,1.03298270588305,0.995033495122037,0.997239265957781,0.996867739300331,0.993277316720907,0.994077126336123,0.993718439380689,0.995454755850514,0.995843005121175,0.993830852712846,1.00439976088326
3.84840875087718,8.39902836592156,0.252483738777583,1.03855274812272,1.03749413561783,1.0127382864633,0.978368480341644,0.977161955018349,0.978228775363026,0.971467535517461,0.972297081952172,1.03054474938432,0.985400336978595,0.98190913289025,0.964246192175401,0.98364324889748,0.984323263400052,0.994002671855255,1.01310498483811,1.01487990616886,1.012694061079,1.00756431059724,0.999886727642261,1.02427564690764,1.05269184986489,1.05017863598096,1.02293703872511,1.04232452206483,1.0321230551697,1.01783832571482,1.02764084490276,1.02740281802528,1.0659912822039,1.00106288204286,1.00594919418789,1.01399259889534,1.01996370719349,1.08197793032777,1.08826143410345,1.04428972609051,1.029864043409,1.03315732289525,0.995449710931455,0.996692458843841,0.99687232312519,0.993626328829205,0.993376942825945,0.994704463513751,0.996205771351498,0.995984628459528,0.993594687787501,1.0042162918824
3.86880347005896,8.2242665545713,0.254258246173814,1.03910299727802,1.03942605195845,1.01487913894513,0.980532110424607,0.979468608589802,0.98062760841667,0.973652973025019,0.974356479496086,1.03096328083112,0.987688853584761,0.984249623872777,0.966492254267713,0.98588709655997,0.986535727474176,0.996500013296359,1.01583308681444,1.01753431644522,1.01514615953856,1.01119718478172,1.00431047197245,1.02658888185104,1.05455437977884,1.05209803744551,1.02557303415757,1.04312125351218,1.03523084093008,1.02073905686448,1.03248722539695,1.03260503805823,1.06724159767994,1.00415847497097,1.00811292743058,1.0169414446629,1.02530189385247,1.08324094331074,1.08977883400764,1.04518422537343,1.03534480516891,1.03296174406419,0.996002073120852,0.996219079882674,0.996927463447326,0.994144519804225,0.992764364523951,0.995782533948106,0.996944774422439,0.99623997264817,0.993484764843579,1.00396637042339
3.88919818924073,8.02719960401385,0.261865941603196,1.03889294343,1.04084208628567,1.01661141766895,0.98236838895148,0.981434388361311,0.982706014716745,0.975432110143851,0.975970933046941,1.03074985487345,0.989693245988867,0.986290619774399,0.968453775178009,0.98785019998869,0.988460700314765,0.998732922945323,1.01830612565617,1.0198844677042,1.01724869748268,1.01485689917795,1.00902970205039,1.02859979351192,1.05611713394997,1.0537355300737,1.0279345583643,1.04348281377738,1.03806409209183,1.02335961227376,1.0372154711449,1.03773867727363,1.0681502749032,1.00727222185723,1.0100525579418,1.01993430813694,1.03124613031783,1.0842292353605,1.09116528721618,1.04566704390531,1.04084806997886,1.03246710002651,0.996664843811637,0.995852393984227,0.997036442268758,0.994805716407906,0.992280722127517,0.99690227487719,0.997651116167106,0.996602278070522,0.993519219975026,1.0036540681866
3.9095929084225,7.8127260935983,0.274518799542541,1.03811543327385,1.0418203596657,1.01798198472261,0.983919086556919,0.983100280083342,0.984497236652817,0.976861426729114,0.977208409314016,1.03004848086139,0.991443450401662,0.988063648883999,0.970161707852858,0.989563680312109,0.990130205444436,1.00069976430636,1.0204989665906,1.02192428761565,1.01901798550583,1.01843716484932,1.01386341277187,1.03028524712845,1.05735240178832,1.05505433352687,1.0299967919005,1.04348793854813,1.04058897847381,1.02567694027059,1.04170997909386,1.04267041870558,1.06876855928257,1.01033590234239,1.01178396232076,1.02290492106141,1.03753419408718,1.08491983906279,1.09230905145388,1.04579576863756,1.04622111965061,1.03175834856416,0.997408534602993,0.995621218815549,0.997201312925228,0.99557780696856,0.99196660537089,0.998014547134332,0.9983094885778,0.997059621973223,0.993712832820512,1.00328462759798
3.92998762760428,7.58821277011434,0.291211245582437,1.03698920138999,1.04245983659486,1.01905649009546,0.985237638981788,0.984518420741084,0.98604482482732,0.978011842296539,0.978153118437767,1.02903078690793,0.992977574699912,0.98960901670467,0.971655441470374,0.991067200726089,0.991587512644615,1.00242273530795,1.02241863049336,1.02367369815125,1.0204932712165,1.02183871576159,1.01861749227861,1.03167240726137,1.05830130352819,1.05609690745504,1.03177323569314,1.04323643385552,1.04279131331466,1.02769004726557,1.04586255999561,1.04726821748982,1.06915654802978,1.01328021310905,1.01332799285647,1.02577051570272,1.04386632280793,1.08535543833522,1.09329685759951,1.04564929667288,1.05129779299675,1.03093272443745,0.998201484395036,0.995548206780484,0.997422854896494,0.996424759893487,0.99185943823954,0.999073429177344,0.998909523863211,0.99759572590219,0.994075772745661,1.00286429404998
3.95038234678605,7.36191428046472,0.309833886673297,1.03572611144864,1.04285376525356,1.01988734969081,0.986363427006948,0.985733819915862,0.987386316500064,0.978949237882761,0.978884619961847,1.02787031399877,0.994324678423464,0.990958981239705,0.972964569469294,0.992388656903716,0.992857557416683,1.00389489643831,1.02404418420493,1.0251324109325,1.0216950313619,1.02497961572456,1.02312319302163,1.03275422295874,1.0589742232273,1.05685104125851,1.03324540654785,1.04282809810953,1.04466784302464,1.02939496880066,1.04960773264775,1.05145377364188,1.06938252252147,1.01603908245834,1.01470305372405,1.0285178526778,1.0499794385837,1.08561406151995,1.09399745425804,1.04531400806923,1.055988517786,1.03008577748099,0.999011666248676,0.99564841372938,0.997700541058854,0.997309724893037,0.991990699968199,1.00003985283711,0.999446683615164,0.998191110949677,0.994612325634577,1.00240012949918
3.97077706596783,7.1419727512728,0.331420904163671,1.03453977571059,1.04308584911211,1.02051980379643,0.987336269397098,0.986798330881704,0.988566353594484,0.979750266661984,0.979494793889363,1.02675764321012,0.995513496493262,0.992147898314011,0.974119229603306,0.993554930141004,0.993963321978549,1.0050850400493,1.02530486005088,1.02627265097106,1.0226282410869,1.02757382963064,1.02698652742694,1.03343804826773,1.05922353082213,1.05721115379499,1.03434175741941,1.04234991077351,1.04618468060473,1.03075856956717,1.05280410509677,1.05505303379125,1.06947576823257,1.01856144726662,1.01592219043439,1.0307646358937,1.05535070109891,1.08538081997997,1.09442562827306,1.04485924649183,1.06006357721835,1.02931656476793,0.999808259383039,0.995928394848081,0.998032634716683,0.998197846756175,0.992383706942499,1.00088277435898,0.999920665476304,0.998824471447838,0.995320640241978,1.00189984877986
3.9849108071171,7.00237361798098,0.34282839798912,1.03385297059341,1.04322455699889,1.02091476742828,0.987974776896516,0.98749533423743,0.989334832666842,0.980277753373939,0.979902538080439,1.02609879019437,0.99629052661049,0.992923057151153,0.974874810637937,0.994320452595511,0.994689487338721,1.00585427318165,1.02612502012135,1.02699223977371,1.02321103688068,1.02938922137736,1.02964148911454,1.03391524109076,1.05949741356461,1.05751446342155,1.03505711897261,1.04206213332072,1.04712290277249,1.03160877663397,1.05481764106079,1.05733359038999,1.06953915479287,1.02018631642556,1.01671220343219,1.03251272178008,1.05902212918895,1.08554686462832,1.09472415932039,1.04455335528031,1.06267370412782,1.02887110666945,1.0003378993579,0.996227289308681,0.998293151913259,0.998798040808433,0.992815111771114,1.00138224904699,1.00021390619852,0.999274613743389,0.99590746486054,1.00153597505964
3.99904454826637,6.86559840486443,0.358857209979671,1.03332925812561,1.043313813215,1.02119763595193,0.988527242377011,0.988130009493097,0.990031601788051,0.980772621733547,0.980297190021465,1.02558675551202,0.996978315074808,0.993614418018126,0.975543623049725,0.994992036178387,0.995301213333182,1.00634837429101,1.02655106092219,1.02742972184475,1.0235876454688,1.0304116687099,1.03134714210786,1.03389990550216,1.05913738937268,1.05725447346074,1.03535688123928,1.04177724474176,1.04780699765918,1.03219057938754,1.05639780513468,1.05914156994527,1.06953043289006,1.02163313390087,1.01741067121661,1.03340363568868,1.06157961971219,1.0847858785858,1.09450532102087,1.04421909975744,1.06479630531384,1.02852363766741,1.00083889760105,0.996608496693331,0.998576965118074,0.999377545207071,0.993380120998965,1.0018085907295,1.00048155578894,0.999725143572613,0.996568071082543,1.0011614710066
4.00978680955973,6.78116734389334,0.366406955116112,1.03308468312004,1.0434414981674,1.02146883673319,0.988992994259375,0.988649139247315,0.99059105192997,0.98119682550934,0.980655474846859,1.02534148247941,0.99753059688366,0.994168859829296,0.976083415684392,0.995537518920917,0.995813369532683,1.00681641966141,1.02701487309001,1.0278472448136,1.02394120615735,1.03147028107895,1.03289333819928,1.0341268190552,1.05924073468535,1.05737679117473,1.0357459644973,1.04166168520572,1.04835009152804,1.03268302094738,1.05755587147504,1.06045133089364,1.06958207382283,1.02270142995691,1.01795119469112,1.03444319156801,1.06371142326169,1.08484962621952,1.0946699314651,1.0440383216006,1.06627450213487,1.02834413773836,1.00119585376231,0.996950142822617,0.99880716388037,0.999798849292733,0.993896570867579,1.00208178341321,1.00066923779562,1.00006356316039,0.997115158297745,1.00087140367537
4.02052907085309,6.70353527018755,0.373981259793095,1.03296773735546,1.04357679680592,1.0217143927878,0.989438683657894,0.989159987845216,0.991135855067924,0.981632710003904,0.981038513275917,1.02522006498712,0.998056112390995,0.994700447943298,0.976598294267423,0.996054681002651,0.996289528683074,1.00717852245381,1.02732289828098,1.02815956009213,1.02422466621695,1.03220523091024,1.03404243608758,1.03416428223518,1.05910439813102,1.05728131573188,1.03597205869769,1.04159319433871,1.04880052231412,1.03307588624489,1.05852220862573,1.06154958312654,1.06962402883905,1.02367870334502,1.01845574622191,1.03517463699334,1.06538312175521,1.08457791536727,1.09460189683705,1.04388184150063,1.06754379866454,1.02823681047925,1.00152864387582,0.997332835954094,0.999048563076546,1.00019799628704,0.994482794777003,1.00230963480457,1.0008448507376,1.00039475940125,0.997695378686965,1.00057808919882
4.03672174718257,6.60968447401356,0.383328097375115,1.03306073113119,1.0438427208126,1.02210430383096,0.990128636470813,0.989960363464991,0.991974984430522,0.982354682642672,0.981704747573836,1.02530841516747,0.998846531658882,0.995505631360638,0.977376097961634,0.996833381414005,0.997004743390518,1.00766385578251,1.02769385847783,1.02856803585003,1.02462320950365,1.03306040439681,1.03538339238647,1.0341475398278,1.05884148936607,1.05707524576478,1.03622504161097,1.04163021406446,1.04939383726455,1.03359043494044,1.05970873839541,1.06288626573832,1.0697186033147,1.02503720861677,1.01918616689184,1.03604051533379,1.06733223067032,1.08413506557908,1.09443140627225,1.04374163229976,1.06906693478056,1.02822669125436,1.00197924099395,0.997977670254354,0.999430864805733,1.00075691496598,0.995490739512002,1.00257191519878,1.00109034341463,1.00087367644616,0.998623086290917,1.00013283096557
4.05291442351204,6.54728874909234,0.388572285378442,1.03347721355444,1.04419166446332,1.02253258788027,0.990846773004571,0.990800154426055,0.992838396127637,0.983159113388069,0.982483042039761,1.02573361659555,0.99963770147119,0.996318728744126,0.978159506077968,0.997615146462564,0.997724948316525,1.00810288066846,1.02798988401908,1.02893131739308,1.02501103221462,1.03368211980943,1.03635835768812,1.03408790202467,1.05855826694017,1.05684053604849,1.03641226865776,1.04185403099303,1.04990873569523,1.03403850624647,1.06059441052238,1.06386586726246,1.06985711433264,1.02625435053364,1.01987983750347,1.03670436095086,1.06876226808927,1.08370009953775,1.09421150652787,1.0437339302137,1.07016102530358,1.02840078395008,1.00236292881268,0.998690778552823,0.999831375603617,1.00126132549138,0.99663156809442,1.00274193642045,1.00131668785766,1.00132068657416,0.9995997021062,0.999687406443529
4.06910709984152,6.51958667898676,0.389463948606802,1.03419807591928,1.04462320250799,1.02300619454484,0.991593458863396,0.991677061139496,0.993723753785948,0.984043601280563,0.983370887955743,1.02649120814257,1.00042727758452,0.997137313154043,0.978946500605906,0.998398405556934,0.998452107527255,1.00851402125871,1.02823818691696,1.02926944421125,1.0254031497589,1.0341055138156,1.03700500616981,1.03402025078678,1.05829254155905,1.05661292565321,1.03656344068979,1.04227275594042,1.05035802130012,1.03443598127837,1.06117955598374,1.06448322471221,1.07004072514815,1.02732828307263,1.02053136062454,1.03718217416168,1.06970183217038,1.08331098215417,1.09397404896554,1.04386960249356,1.07080800970085,1.0287528848758,1.00267489249022,0.999454007918803,1.00024473207632,1.00170970006012,0.997881275799208,1.00282848452672,1.00152824467074,1.00172764004983,1.00060543235699,0.999246086282916
4.0917558445228,6.54279577140502,0.383021518648983,1.03562785808439,1.04532616338668,1.02372135805501,0.992647443554191,0.992916793513458,0.994950479425647,0.985361645491988,0.984740617189847,1.0280419728935,1.00148706550309,0.998247441998038,0.980012002935179,0.999456525272428,0.999448546021579,1.00904854907496,1.02853145385342,1.02970793977331,1.02595442052274,1.03442979823422,1.03744886915669,1.03395412164797,1.05800071356256,1.05635316027681,1.03674511238992,1.04315907255728,1.05086588015724,1.03490481136606,1.06147214817502,1.06471360957797,1.0703515660742,1.02854920750875,1.0213330259599,1.03758517208573,1.07030678021826,1.08289739121136,1.09365625451239,1.04428878861191,1.07093185379565,1.02950739163579,1.00298623650753,1.00056480348955,1.00083209042644,1.0022458412987,0.999753774979519,1.0028332794834,1.00180639632867,1.00221623783433,1.00201764171264,0.998644111985276
4.11440458920409,6.63890955293401,0.368101104094875,1.03737537465184,1.04604295352254,1.02441426383074,0.993611346365511,0.994052942431481,0.996046264414047,0.986644836051531,0.986124471338854,1.03001035799889,1.00239295585495,0.999209963749106,0.980934891469683,1.00037132063961,1.00032939661178,1.00949097113235,1.02873959034464,1.03005988639843,1.02644772144785,1.03447202169463,1.03741717977468,1.03391873751151,1.05781312890213,1.0561695079068,1.03687520120206,1.04430292743616,1.05116056691516,1.03521168467583,1.06107607409327,1.06413101558254,1.07066507821976,1.02934401835765,1.02192146670162,1.03770026749438,1.0701770056396,1.08265634120003,1.09337155140768,1.04491382404328,1.07007521628358,1.03049222245509,1.00315203664787,1.00167569975639,1.00141443297798,1.00268498172317,1.00169642584428,1.00273517882075,1.0020696314707,1.00259918068194,1.00338406472025,0.998069516526605
4.13705333388537,6.80387887862758,0.346441979952805,1.03918655459185,1.04659889695392,1.02492171039805,0.994301270685081,0.994877696498493,0.996805483935732,0.987670235352788,0.987290995856509,1.03214480995014,1.00296422755504,0.999835918973548,0.981534533817721,1.00096372832039,1.00092209882373,1.00971384500318,1.02875564895787,1.03019426259582,1.02673883745907,1.03417420358489,1.0368764188401,1.03382884065208,1.05766326197301,1.05599449864531,1.03685201593848,1.04552896600421,1.05108258481105,1.03521095186456,1.05984045195394,1.06259175690196,1.07087582677364,1.0295323333857,1.02215038712147,1.03747657513026,1.06930731733726,1.08253669501026,1.09308014470344,1.04562117277997,1.06811504114671,1.03159337804596,1.00317888046758,1.00272760462393,1.00197265442367,1.0030425726171,1.00361810191355,1.00257577850384,1.00232185481442,1.00286812411494,1.00464520512344,0.997532991536737
4.15970207856666,7.02820995720357,0.320977852507685,1.0407664424663,1.04676968859592,1.02501875704821,0.99447226660112,0.995120430679181,0.996960096528987,0.988149444216583,0.987941768095114,1.03413068015766,1.00296326893954,0.999877605296484,0.981573014091033,1.00099661274108,1.00099213300493,1.00951468789165,1.02839003034121,1.02990447455008,1.02661301725232,1.03337765204223,1.03567733882985,1.03351350953996,1.0574003021898,1.05568008562616,1.03648994291046,1.04659959344486,1.05040500507885,1.03468661373599,1.0575639357115,1.05990894758631,1.07084642990904,1.02887514147792,1.02183104857549,1.0367797853198,1.06756539494959,1.0824063234162,1.09267915631723,1.0462382696942,1.06490055170585,1.0326742608913,1.00308013191042,1.00366450451189,1.00248789322089,1.00333757724304,1.00542936740232,1.00239800358316,1.00256412049772,1.00302136264269,1.00574708005015,0.997044575641962
4.17687322491569,7.22967323642756,0.301298399671404,1.04162271551328,1.04649227974866,1.0246611059696,0.994086465447221,0.994731339753367,0.996490821574187,0.98795196562641,0.987888101477343,1.03532563151248,1.00241756756814,0.999349578101634,0.981064220044172,1.00048472529894,1.00053256583974,1.00892984526677,1.02770954886195,1.02924809249726,1.02608349682631,1.03229906811725,1.0341838668055,1.03298439676365,1.05699776709211,1.05522448588592,1.03584234030063,1.04714420521595,1.04933405489977,1.03378563719472,1.05501283871002,1.05699384300115,1.07057181959705,1.02764886917642,1.02109486510706,1.03581610859228,1.06551992453456,1.08218466258259,1.09221185793964,1.04652573422402,1.06153738262543,1.03339082580104,1.00293244770559,1.00426884498815,1.00283958651151,1.00353136247974,1.00668048391723,1.00227537025137,1.0027407020772,1.00306298904581,1.00644951666999,0.996711793629372
4.19404437126471,7.44969427453555,0.283300986966881,1.04204141876238,1.04574299982678,1.0238016779084,0.993119898007953,0.993701694095155,0.995371222459377,0.987115152559054,0.987201455652067,1.03608366786488,1.00127195473546,0.998204108497563,0.979961189791217,0.999379098094891,0.999497844127677,1.00784023518022,1.02655036292808,1.02808409956835,1.02504817590258,1.03068122603503,1.03205271958862,1.03207735030213,1.05629937543768,1.05446515316034,1.03474219730707,1.04732119407609,1.04765759191257,1.03232442496175,1.05165864394703,1.053240594034,1.07000279168744,1.02567112745454,1.01983139545632,1.03436731711471,1.06271734403843,1.08174417471738,1.09151725309585,1.04655384285131,1.05732481709319,1.03394825729213,1.00273354972246,1.00476108284082,1.00314999270775,1.00370928284279,1.00779012355054,1.0021823312659,1.00291024823322,1.00304556657325,1.00701973161866,0.996415579032322
4.21121551761374,7.6800945155122,0.268662589567009,1.04190963607358,1.04442720032729,1.02233560714046,0.991463504763477,0.991915429967461,0.993487050231603,0.985514731661569,0.985752594193435,1.0362653580409,0.999423162566472,0.996334234080396,0.978160275704549,0.997575463773715,0.997780822154379,1.00613662004261,1.02480114986638,1.02630463917794,1.02339950980141,1.02840952877241,1.02916488175629,1.03068075015174,1.05519758026517,1.05329888249486,1.03307749346087,1.04702020136523,1.04528242708647,1.03020483401262,1.04744650526944,1.04860767823425,1.06908016458609,1.02285034107937,1.01796088628314,1.03233714960192,1.05903936966899,1.08098227142603,1.09051747598585,1.04623855675538,1.05224689156336,1.03428895734878,1.00249478420717,1.00512846141411,1.00341381822809,1.0038787922531,1.00873357286359,1.00213263621954,1.00307183179484,1.00297598908019,1.00744816495254,0.996159051853451
4.22838666396277,7.91248310546906,0.258948067061064,1.04113566802699,1.04246696072966,1.02017569210915,0.989029764947939,0.989281407740395,0.990749360997757,0.983051864216701,0.983437804972434,1.03575283462626,0.996789924042483,0.993656050439126,0.975579817766087,0.994991271479661,0.995295155108237,1.00372677521099,1.02236628400101,1.02381943552584,1.02104745352222,1.02538544918452,1.02542040667924,1.02869553227098,1.05359473649726,1.05163242060407,1.03075108770251,1.04614660378135,1.04213995141513,1.02735025667066,1.04235374057121,1.04308681071097,1.06775316978036,1.01912623626869,1.01542160174041,1.02964314644537,1.05438972436953,1.07980386780433,1.08914110896238,1.045505049791,1.04632055435403,1.0343642611811,1.00222817079771,1.00536340156049,1.0036271867342,1.00404582853313,1.00949279013459,1.00213687708885,1.00322465820792,1.0028628069282,1.00773044888283,0.99594480312585
4.2455578103118,8.13902275108041,0.255246825538227,1.03965544061951,1.03981377395368,1.0172657342797,0.985765206540486,0.985745982502817,0.987107126794521,0.979665775985078,0.980191498797995,1.03445905747864,0.993324727995845,0.990120773135725,0.972171885916906,0.99157764542239,0.991987807239594,1.00054947989752,1.01918073820631,1.02057062588311,1.01793377111086,1.02154390123206,1.02075795496577,1.02604945833837,1.0514165357878,1.04939552965423,1.02769549108564,1.04463579899566,1.03820216858512,1.0237209211509,1.0364058272719,1.03671839044721,1.06599152764263,1.01448327664694,1.01217913545984,1.02623213891741,1.0487159076625,1.07813397118477,1.08733362495209,1.04430087146781,1.03960946190301,1.03413763158469,1.00194594112438,1.00546383684691,1.00378774763469,1.00421441436827,1.01005690782484,1.00220194525577,1.00336820455281,1.00271577203386,1.00786730980801,0.995774830599901
4.26272895666083,8.35264083813519,0.258432024503578,1.03743507602454,1.03644548699284,1.01357974202512,0.981651953344831,0.981295713708624,0.982549959415558,0.975337047020477,0.975989803024507,1.03233325954022,0.989015932262094,0.985717042162962,0.967924406065783,0.987321357621167,0.987840710294935,0.996575713707779,1.01521113294134,1.01653215775849,1.01403135742237,1.0168561833639,1.01515946442361,1.02269882050185,1.04861414495271,1.04654282393229,1.02387408763306,1.04244999938006,1.03347636102253,1.01931062214064,1.02966624137535,1.02958001996692,1.06377831044263,1.00895301551221,1.00822813298866,1.02208182675413,1.04201522789195,1.07592023036908,1.08505878510593,1.042590818311,1.03221015240465,1.03358674053039,1.00166007264777,1.00543320938137,1.00389469799486,1.0043863908243,1.01042233504385,1.00233068206384,1.00350228764593,1.00254529794861,1.00786416681152,0.995650491455514
4.27990010300986,8.54758705737721,0.268707189336795,1.03447302248551,1.03237589253705,1.00913095371731,0.976714443516657,0.975963105509796,0.977113756647803,0.97009316512871,0.970856058591316,1.02936475356795,0.983893660790451,0.980476751376555,0.962867000760483,0.982250946854312,0.982877546455792,0.991817286849926,1.01046535841659,1.01171970353579,1.00935389291145,1.01134062901788,1.00866106692645,1.01863772608341,1.04517295894367,1.04306236310472,1.0192907085411,1.03958952611468,1.02801689469481,1.01415736582662,1.02225013481787,1.02180083973179,1.06112367214956,1.00261856920282,1.0035972876785,1.01721056757733,1.03434591440289,1.07314099374768,1.08230576057718,1.0403694586095,1.02426803142896,1.03270469493132,1.00138187632632,1.00528011732708,1.00394872806174,1.00456132070562,1.01059244888196,1.00252176673923,1.00362706626641,1.00236190380108,1.00773048828933,0.995572479043735
4.29707124935888,8.71958282922388,0.286144676321665,1.03079806621764,1.02764378714546,1.00396258251465,0.971012724198235,0.969820816898728,0.970874781410757,0.964003553116171,0.964856290158673,1.02558217131205,0.978023934673635,0.974469174177001,0.957065137704175,0.976430630373235,0.977157095517793,0.986318923751617,1.00498391636822,1.00618012771305,1.00394581022997,1.00505453610114,1.0013455113706,1.01389060416846,1.04110621941548,1.03896921107368,1.01398125829448,1.03608027564114,1.02190670645304,1.00832857892173,1.01429586119917,1.01353003804069,1.0580474872671,0.995605568762959,0.998344488869819,1.01166887521953,1.02581984636236,1.06980021838713,1.07908417969223,1.03764739025158,1.0159398666825,1.03149979508987,1.00112160488334,1.00501764016384,1.00395189929832,1.00473655828814,1.01057689511331,1.00276985448537,1.0037429793793,1.00217566205021,1.0074789293941,0.995540827682595
4.31784718233756,8.89156986989403,0.316447978763755,1.02548127682692,1.02113613481459,0.996860567564754,0.963231805015065,0.961467516837464,0.962419048271606,0.955662501062029,0.956592620170552,1.02001185729461,0.970070164406435,0.966328092362809,0.949196324889862,0.968530704406915,0.969360419128981,0.978793539870661,0.997479521592661,0.998626428644954,0.996542312246814,0.996559333257682,0.991586586098705,1.00731452096398,1.03541393490023,1.03326359630845,1.0066904452374,1.03105717598805,1.01382264663248,1.00052560071673,1.0042170260385,1.00314754403175,1.05383295855645,0.986453337106884,0.991285728150268,1.00418780077188,1.0145921016726,1.06505407470162,1.07460720900791,1.03374496873047,1.00564277176965,1.02964307686095,1.00084371379283,1.00457899272576,1.00389284908119,1.00494219912138,1.01033281693888,1.00313262403814,1.00387240800054,1.00195998376965,1.0070398031195,0.995563558074567
4.33862311531624,9.02737616297158,0.351831338610365,1.01935304552484,1.01394342811646,0.98902496519072,0.954714493039785,0.952362241218722,0.95323284839093,0.946512198802023,0.947481896632069,1.01352471381861,0.961420435866329,0.957477147061697,0.940633189240689,0.959926054443245,0.960833036432461,0.970523632555851,0.989230035635838,0.990355614039339,0.988403321326346,0.987370314688994,0.981193846352339,0.999998759095414,1.02901746347798,1.02687555082649,0.998650400110261,1.02534107955803,1.00525550305211,0.992146925852611,0.994011838556237,0.992743516660688,1.04917839276262,0.976903816239835,0.983658273303654,0.996103374901182,1.00281876470211,1.05964945602148,1.06960603665735,1.02928155135012,0.995504359155975,1.02740965143152,1.00061747436157,1.0040389809843,1.00377196024847,1.00513034970768,1.00987323302924,1.00354365682138,1.00399091010941,1.00176686016719,1.00647873884225,0.995651069772728
4.35939904829492,9.11652169114497,0.404111734101698,1.01257793889162,1.00619870081336,0.980589707667578,0.945633048171612,0.942714313487236,0.943528506415536,0.9367729379625,0.93774784975283,1.00632192418621,0.952255097024169,0.948107169247027,0.931555367608683,0.950792034675564,0.951736398799452,0.9616188038407,0.980324192629126,0.981468889070014,0.979643374403327,0.977538256232409,0.970206542956444,0.992010183550307,1.02196743637393,1.01985396232604,0.989943228502499,1.01903974814576,0.996301351481593,0.983291071546645,0.983682309489559,0.982262975323951,1.04417237895647,0.967193778263463,0.975611772995302,0.987430042755289,0.990485721947533,1.05362711310508,1.06410680464834,1.02432409000762,0.985303321549627,1.02487510885235,1.00045215609699,1.00343422124127,1.00359861541023,1.00528812849936,1.00923755017178,1.00397720333485,1.00409952326884,1.00160664193052,1.00582702858177,0.995800235054622
4.3801749812736,9.17537941182371,0.448831244712152,1.0053676312846,0.998194654293355,0.971894893372638,0.936341769622089,0.932889992842644,0.933676373276207,0.926806192562888,0.927747817180446,0.998661962102297,0.942927656342596,0.938577433618713,0.922313184754898,0.941483950372827,0.942431132851267,0.952470067538334,0.971178901436622,0.972382980364652,0.970647237844567,0.967655201066412,0.959377942717905,0.983711613027643,1.01457775921805,1.01251521975726,0.98097297605144,1.01246012975313,0.987517315105875,0.974444979629697,0.974130479844823,0.97273653774978,1.03900158858921,0.9577520708549,0.967454017527872,0.978719034077805,0.978575617104482,1.04724817117958,1.05836977713055,1.01910990890966,0.976375497570976,1.02213291920809,1.00035256604849,1.00280064141913,1.0033826661952,1.00540136543072,1.00846674792876,1.00440465631588,1.00419813667011,1.00148533847948,1.00511363045525,0.996007143925648
4.40095091425228,9.19676780726145,0.501082212629344,0.997909414140277,0.990086227769922,0.963098388309401,0.927040562365683,0.923127623129134,0.923916710490962,0.916863324731252,0.917737944523347,0.990770458251761,0.933650124621244,0.929109423158226,0.913116401083658,0.932207327438644,0.933106475138203,0.943206500333281,0.961897058158997,0.963207773889566,0.96154546977324,0.957790475876138,0.948780802269154,0.975182248207215,1.00690809270739,1.004916125094,0.971835563084522,1.00573237865717,0.978961886986938,0.96568949224412,0.965221830804556,0.963930409856061,1.03376429362304,0.948825573086283,0.959372375967518,0.969975627357286,0.967128077767428,1.04056001776597,1.0524200919684,1.01372663410463,0.96820168688367,1.01926860702521,1.00032004614985,1.00217203785014,1.00313450344836,1.00545685712276,1.00760103457128,1.00479738281375,1.00428570830504,1.00140516874686,1.00436403178363,0.996267321023818
4.42172684723096,9.18866762868746,0.553203437782807,0.990402377311201,0.982089170327759,0.954437942038393,0.917974391585147,0.913682782694081,0.914503370276867,0.907209356647273,0.90798824985841,0.982889134232863,0.924663532319941,0.919949020858893,0.904204001526125,0.923203830795325,0.924006412623043,0.934076267559633,0.952734237181322,0.954200879155494,0.952589275357837,0.948259602703507,0.938779388871883,0.966645340923147,0.999151481742129,0.99724971193673,0.962778740756941,0.999065995762713,0.97092329730956,0.957294574000333,0.957323447954253,0.956239523966939,1.0285919166582,0.940622736910483,0.95157337632672,0.96148547776885,0.956568113321821,1.03372502372538,1.04641254837027,1.0083353523826,0.961247144810415,1.01637212736482,1.0003530786181,1.00157929701187,1.00286522242654,1.00544422224015,1.00667898040287,1.0051294225372,1.00436061733221,1.00136587938752,1.00360387951999,0.996575984615969
4.44807872075623,9.1416662221041,0.618710741651713,0.981099311753261,0.972383163971592,0.943937992110538,0.907108279919754,0.902469158386653,0.903365946557317,0.895707858026692,0.896334776358652,0.973236521708512,0.913973595472001,0.909068234760253,0.89359579490907,0.912466101861436,0.913076617540339,0.922961583797514,0.941552645634581,0.943293768487414,0.941723205060651,0.936928956941091,0.927238327772029,0.956042785756282,0.989392013032338,0.987629648456059,0.951668121647734,0.990958388329009,0.961721002802506,0.947421144003126,0.948945450265216,0.948245370050253,1.02230760684689,0.931461633812631,0.942341321211708,0.951306634449897,0.944739559947254,1.02501901554002,1.03886021332367,1.0016862508725,0.954256420733139,1.0127792612175,1.00048004737943,1.00091933276776,1.00250980104968,1.00531728331744,1.00548268045062,1.00542702119541,1.00443147064027,1.00136831426509,1.00265871992716,0.99702918452956
4.48215805247325,9.03388199332674,0.696837920929672,0.969940285663587,0.961046316263936,0.931679695520653,0.894600312735799,0.889726829465355,0.890766292057632,0.882589624258426,0.882992313895447,0.961880784304305,0.901793117914429,0.896694025710233,0.88149634063362,0.90018544994321,0.900450555146903,0.909873790975888,0.928344163222113,0.930562743542602,0.929016269071848,0.924075879884386,0.914732980499942,0.943186877009348,0.977334293214661,0.975783258073433,0.93843743115916,0.9815021817008,0.951888548354513,0.936391174532929,0.941141341872041,0.941107675279851,1.01494530345559,0.921871419432403,0.931900300712385,0.939613271623825,0.932539189808697,1.01408327176024,1.02952762095842,0.993765519098131,0.948488984884912,1.00848504800928,1.00075759859467,1.00027270397162,1.00205531833636,1.00495796816629,1.00397561685912,1.00555778807817,1.00446549358248,1.0014365268942,1.00152152196838,0.997702106402447
4.51623738419027,8.88694030564831,0.765463204987626,0.96034042002624,0.951590359713415,0.921430698567515,0.884299198962351,0.879406539497603,0.880613430883783,0.87193249783536,0.872111664613432,0.952379766501257,0.89188329843722,0.886652851987689,0.871638949611304,0.890143228473195,0.889987603249831,0.898726489954752,0.917034687564993,0.91986676598183,0.918340902921178,0.913609192451415,0.905148588259045,0.931774809198496,0.966360613216282,0.965034775012827,0.926976985080018,0.973652751669867,0.944659558173107,0.927681185150008,0.93673448115451,0.937480405246752,1.00877542394444,0.914850623415834,0.923485541872244,0.929901700461844,0.923831786935509,1.00393120173983,1.02099755600049,0.986982109657725,0.946187966904294,1.00482357602151,1.00111850901756,0.999897342306624,1.00163507146354,1.0043811327794,1.00259286320746,1.00536876202776,1.0044058509266,1.00154421986199,1.00053214622734,0.99845439206909
4.55031671590729,8.71546710724999,0.820634453777215,0.952831363564458,0.944473957934553,0.913673789627916,0.876612676220778,0.871856520959773,0.873227558635203,0.86411797878199,0.864103674253597,0.945217241773727,0.884590489124819,0.879286508890201,0.864371594564779,0.882705545245348,0.882109738300986,0.890035407906036,0.908157180456125,0.911697751294318,0.910201930755012,0.905941833807533,0.898710787693487,0.922381750125759,0.957046214410246,0.955926598029227,0.917834808863051,0.967795776706029,0.94020508448794,0.921602513013553,0.93555896188189,0.937124980242053,1.00409002375354,0.910305387989557,0.917363714435238,0.922611460328945,0.918653231500387,0.995128706222662,1.01367550146133,0.981677581814682,0.947037840403084,1.00199784642795,1.00150509499092,0.99980051631195,1.00127179062416,1.00360926210305,1.00139366761731,1.00485627892786,1.00421437544499,1.00164926616426,0.999732716066477,0.999266179243188
4.58439604762431,8.53407669785038,0.859992137017267,0.947847795800858,0.940049175926021,0.908786308140499,0.87184828846996,0.867319147625425,0.868825567336199,0.859410957662797,0.859256463371649,0.940738454437909,0.880155268759658,0.874832047217801,0.859940467288993,0.878135855880682,0.877142357441464,0.884220999430747,0.902137320689617,0.906437354856654,0.90499589030754,0.901246046375148,0.895319346574772,0.915511712583946,0.949913809647036,0.948946254267338,0.911463263305936,0.964207171618814,0.938528678528994,0.918330113931496,0.937210308978281,0.939545366158032,1.00111789257124,0.908098923612189,0.913686957580441,0.917941501510005,0.916606355461692,0.988196892803587,1.00790813979247,0.978116876146156,0.950432205224156,1.00016106331696,1.00185706735571,0.999952919841964,1.00097690532215,1.00268156550577,1.00040478608292,1.00404907786966,1.00385073218544,1.00171084291512,0.999147284520536,1.00011877245564
4.60923844503736,8.40319948213621,0.877016835706864,0.945994518217724,0.93864865656954,0.907174755821509,0.870331845383567,0.865993023243641,0.867569238545862,0.858027839347749,0.857813690863488,0.939291618810046,0.878806556184857,0.873501255019048,0.858584995671664,0.876707782372028,0.875482885081095,0.881977959970048,0.899737757521373,0.904593771848577,0.903207366991334,0.899768317559327,0.894735177166057,0.912334316217031,0.946345144965965,0.945440738307427,0.908771294805237,0.963115575351011,0.939021838239858,0.917768762895009,0.939974929963419,0.942801896579406,1.00011325486671,0.907897473156738,0.912591376130964,0.916277304501158,0.916943039410569,0.984570099732086,1.00486527100937,0.976723913790045,0.95422060102214,0.999507001302417,1.00206046061181,1.00019009951829,1.00080585856069,1.00193556442928,0.999818406173129,1.003302798811,1.00345714518002,1.0017089387204,0.998860087565616,1.00075624520266
4.64277866909719,8.24041830723127,0.883683070628775,0.946047351748652,0.939334043619849,0.907768313954488,0.871015985895667,0.866911953551018,0.868530411348524,0.85895895214888,0.858727439561184,0.939844088784406,0.879575466943414,0.874331118517811,0.859337479764065,0.877414116131793,0.876006161459486,0.881885819222739,0.899464933858942,0.904979787324088,0.903672684718183,0.900603351945992,0.89653788070557,0.910934731396617,0.944238990811791,0.943326222443474,0.908099869924754,0.963776061766706,0.941862816951451,0.919481263200907,0.94535652226217,0.948685561508675,1.00040898634595,0.909383072020059,0.913245225043886,0.916716850378515,0.919759114721714,0.982187644228183,1.00271854841614,0.976587670212773,0.960505733970042,0.999589671605988,1.00222425971708,1.00061221193934,1.00062661805371,1.00088461658091,0.999186688295208,1.00214314437752,1.00273473980457,1.00162330555027,0.998651441238758,1.00162356593412
4.67631889315703,8.10563513240833,0.869407751590027,0.949108996376043,0.942952589886317,0.911522565184734,0.874814293247414,0.870900560431802,0.872498103858034,0.863059161148791,0.862884160533311,0.943263079819711,0.883272450580827,0.8781320932242,0.863016008809459,0.881109602088843,0.879692041403196,0.885190091726065,0.902605709633787,0.908662526121579,0.907435699954899,0.904280937577174,0.900735282433948,0.912949151491632,0.945347205775616,0.944335016785792,0.910875449630659,0.966849166278535,0.947028232866196,0.923944834945747,0.952305340792093,0.955923311326887,1.00258763814376,0.912828351869355,0.916271352314815,0.91963263178238,0.924444906767176,0.982691558488018,1.00290453343536,0.97846779469042,0.96776324422176,1.00079766516466,1.00223389843499,1.00107361479263,1.00049274093847,0.999835592328453,0.998706877615216,1.00087130352791,1.00178899847319,1.00143342240421,0.998626030363328,1.00248368438966
4.69866086650128,8.03744171136578,0.848354536960394,0.952781519827624,0.946911654231299,0.91568062634612,0.87896602067115,0.875148640619295,0.876696545666654,0.867436579614063,0.867340144900239,0.947053305378558,0.887250182244369,0.882201143507205,0.866981919832256,0.885121004481862,0.883795787400846,0.889193387288117,0.906536772488689,0.912852064795323,0.911673455864929,0.90853047925751,0.905230012965171,0.916155957952405,0.947868317887094,0.946748950225725,0.91459294605568,0.970159614533349,0.951604813661751,0.928319955989013,0.957570934500698,0.961246114955843,1.00504382248727,0.916096796320434,0.919507163695831,0.923444081446083,0.929236601092319,0.984666996413393,1.00436354692322,0.980810724716079,0.972873726673726,1.00220868451821,1.00214623971486,1.00135984977914,1.00041944553232,0.999166450947735,0.998449369893051,0.999999732741358,1.0010432988451,1.00124917900826,0.998693356962128,1.00304442672813
4.72100283984553,7.98966700495833,0.818110696751951,0.957693480602366,0.952042330797516,0.921105663841388,0.884355740951492,0.88060057322868,0.882072342898451,0.873053108093379,0.873063247292436,0.95197027469906,0.89237729953058,0.887435493385935,0.872099520241783,0.890313270796941,0.889169963362253,0.894640834236655,0.911950248501215,0.91840811341879,0.917256907364062,0.913750818542014,0.910329489832434,0.92101085541306,0.952106818340262,0.950836767035531,0.91986076862803,0.974422025844857,0.956998280049686,0.933753979249612,0.963221628260423,0.966842976170634,1.0082674318417,0.920119018322318,0.92365313067824,0.927929680416984,0.934143682232006,0.988362692331483,1.00720614776011,0.983997782338006,0.978081640498837,1.00407772739396,1.00198276903654,1.00159590981493,1.00035042567492,0.998540422383708,0.998221373013183,0.999136827344196,1.00021969120585,1.00102362737146,0.99880975828742,1.00358839132732
4.74334481318979,7.96368777545805,0.779877719985425,0.96369263727858,0.958146721173209,0.927546263560969,0.890742883830464,0.887041263539126,0.888415379254448,0.879697482415411,0.879840999830629,0.957853663134282,0.898434254939534,0.893617404713323,0.878148434268019,0.896454904471077,0.895551940482643,0.901175022716492,0.918461234514359,0.92500294976981,0.92388388855324,0.920090726670892,0.916608836262149,0.92694240103507,0.957243501877819,0.955850305997922,0.926248737005238,0.979457094584726,0.962992415338479,0.939987923193081,0.969079188564967,0.972545526649642,1.0121402785119,0.924754283991283,0.928543925215849,0.933646700021447,0.940409061012133,0.992559919332587,1.01064047124756,0.987901176253372,0.983240564975208,1.00634755070888,1.00174851799433,1.00175846718604,1.00027908988667,0.99797565397811,0.998009136459155,0.998307437878789,0.999340050884765,1.00076469372596,0.998958398834846,1.00410954381401
4.77135125171589,7.96394923073995,0.721252267411599,0.972535793997632,0.967000010159187,0.936911531875794,0.900018119738157,0.896360623413852,0.897588554455254,0.889310726184807,0.889648595998256,0.966402764441158,0.907206711112212,0.902566590037749,0.886913893898231,0.905364242793185,0.904856757916006,0.910913666522699,0.928267577081289,0.934700661111639,0.933578209582009,0.929143579113649,0.925168344012475,0.936397254640621,0.966062203412181,0.964455443197062,0.93603331274771,0.986713602068968,0.971220767164174,0.948829013453538,0.9765757937239,0.979708573975479,1.01780349854239,0.931386271766037,0.93560892052586,0.941664267203107,0.948393748361686,1.0006806486079,1.01720942628022,0.993693063240872,0.989516082195598,1.00968096437576,1.00137000691658,1.00182896537994,1.00017668230491,0.997372375324889,0.997743185268749,0.997351174082382,0.998203906853249,1.00041004964699,0.999161401946814,1.00472028094102
4.79935769024199,7.99608231506533,0.654939924100652,0.982372038408933,0.976690602938603,0.947121703549173,0.910152719373241,0.906570251421367,0.90764212970687,0.899852723873309,0.900404173108186,0.97580959259322,0.916803520572846,0.912362935968795,0.896502427829065,0.915103764366991,0.91502262159218,0.921571992075541,0.939006251896493,0.945244516340362,0.944124037427951,0.939047558038316,0.934650175043417,0.946805365335643,0.975609021640194,0.973862366779156,0.946799146465223,0.994578491116357,0.979782519203334,0.958234071690136,0.983941644386509,0.986628441570193,1.02405855508651,0.938675134697662,0.943360276362716,0.950537444728727,0.957465113481893,1.00886751025593,1.02412775119094,1.0001433118766,0.995395126887896,1.01337692321809,1.00092236944602,1.00173094601483,1.00005215860247,0.996904631229254,0.997461808161042,0.996526401994266,0.99709358124019,1.000045989918,0.999352152951729,1.00527160470856
4.8273641287681,8.05538511180702,0.584069737776903,0.992699229060313,0.986771096376204,0.957733893168302,0.920735941229721,0.9172798065673,0.918201689468074,0.910912367707716,0.911679316307874,0.985642908222006,0.9268556420095,0.92263348273922,0.90654350760501,0.925292803798441,0.925641454541899,0.932760843855838,0.950332153876232,0.956228841104481,0.95509017552579,0.949343358064943,0.944452560631376,0.958046979648503,0.986214425965375,0.984333317076392,0.958245476863432,1.00266181758995,0.988343189230437,0.967828382627272,0.990960570534322,0.993123312574628,1.03061267385604,0.94647084344385,0.95151121844328,0.95968570926876,0.966764898632563,1.01836920719218,1.03215894106945,1.0069202153369,1.00075753143077,1.01724600352439,1.00044125529691,1.00145846006723,0.99990181678971,0.996591636638209,0.997156500638537,0.995876918698744,0.996090699639962,0.99970335159219,0.999500725290822,1.005749708655
4.86142702143412,8.14833711526112,0.499468625320496,1.00501105251735,0.998753868396554,0.970331436592765,0.933430548562982,0.93025316685826,0.931030085866348,0.924302703392889,0.925304424474768,0.997374693194805,0.939014181101137,0.935073730878706,0.918676660931206,0.937577312523821,0.938366228069315,0.946117471942054,0.963876562954416,0.969246550727826,0.968080728096417,0.961762626170993,0.95644287451656,0.971597175055585,0.999010431284259,0.997009967427166,0.971986936186001,1.01209727439979,0.998149240132906,0.979000854273371,0.998708182785409,1.00020536456928,1.03847223134249,0.956338444820313,0.961478118703146,0.970736057329136,0.978358329532159,1.02966205760387,1.04173808743204,1.01502007486826,1.00646937307012,1.02183139534056,0.999873290850427,1.0009159733043,0.999688678786879,0.996426015097388,0.996759636965311,0.995372619874139,0.995139384506191,0.999363431001388,0.999593020504928,1.00621233280561
4.89548991410015,8.24515414649722,0.423889285186663,1.01608014683064,1.00962508382939,0.981794564280107,0.945201001319379,0.942466020702772,0.943166479461742,0.936876303809646,0.938048473715248,1.00801207634614,0.950455560196774,0.946800403760901,0.930073450250959,0.949078340564947,0.950155858563582,0.958388625528509,0.976343031757452,0.981093889470415,0.979885851821832,0.973436649477349,0.967975149055183,0.984162074536507,1.01095234968953,1.00884200363314,0.984672468990545,1.02041993578936,1.00678317671392,0.988990791972524,1.00539470512317,1.00627853296528,1.04566462535785,0.966342818646936,0.971030423445729,0.981104423551536,0.989827585510213,1.04030167132258,1.05061487722399,1.02235364446703,1.01131363420385,1.02589935908347,0.999396594843908,1.0002054986521,0.999460817518831,0.996493536140135,0.996365064911707,0.995228734537494,0.994609812106138,0.999157170685724,0.999574073816083,1.00652466034027
4.92955280676617,8.32366359331301,0.363778814525291,1.02504522786649,1.01870193027562,0.991463920994137,0.955428600219963,0.953295466502701,0.954007443107975,0.947960795098091,0.949207981069859,1.01678191984538,0.960626450977597,0.957240859068052,0.940175405381672,0.959230420585728,0.960403155036801,0.968892821223741,0.987018139337149,0.991119881583587,0.989846347710503,0.983860984588746,0.97864668697522,0.994901636496722,1.02111619547781,1.01889068840102,0.995532151759771,1.02709036323097,1.01391228585763,0.997327769969811,1.01101308584927,1.0114185687465,1.05172514063508,0.97617436964839,0.979760215206878,0.990358968343374,1.00088291048804,1.04932105577815,1.05787833445425,1.02840649023439,1.01548943031209,1.02909840458606,0.999084766118695,0.999431333376334,0.99925170416399,0.996774390705772,0.996028332303817,0.995469037415174,0.994600225745589,0.999126380064367,0.999452501418549,1.00666970521076
4.95247975502751,8.35767226506376,0.333501614728509,1.02963423443286,1.02363373028067,0.996820066390544,0.961294959266893,0.959628451282892,0.960399204153119,0.954383639677447,0.955617251232665,1.02138309480007,0.966613124431734,0.963388700609579,0.946101530128706,0.965164596810698,0.966297575286118,0.974847363577449,0.99307359152657,0.996736291251205,0.995392250441469,0.990083931398464,0.985258027348289,1.00095672893201,1.02680719043941,1.0245007414377,1.00168027977414,1.03054215274912,1.01786042723883,1.0019628935093,1.01430376573301,1.01448828177669,1.05504582913354,0.982557974194051,0.985059959354357,0.995890301842112,1.00800487955784,1.05435080733417,1.06177664254943,1.0316360996638,1.01808646413927,1.0306503310756,0.998996583783934,0.998934512745343,0.99914180877651,0.997069156536051,0.995867761426728,0.995846143788275,0.994908883062392,0.999216010499795,0.999326935453947,1.00666798520513
4.97540670328885,8.36973595444016,0.312184454105218,1.0329870097593,1.02757192720983,1.0012130288379,0.966285158746554,0.965104145632921,0.965970711259798,0.959874082207904,0.961041181818011,1.02484566205496,0.971841017117971,0.968753396704673,0.95125829276643,0.970315016179757,0.971337335293582,0.979875157753973,0.998190429043585,1.00142641567769,0.999984010914468,0.995625433843497,0.991348721524962,1.00602524567962,1.03152764589386,1.02914289343443,1.00685892590803,1.03314982667049,1.02117177828065,1.00583432558774,1.01731425113523,1.01737649768472,1.05771970903214,0.988624636330078,0.989834455563346,1.00082772093874,1.01479078233307,1.05849413002811,1.06489325292673,1.03415082184006,1.0206692649766,1.03168591301328,0.999021963838224,0.998509399280295,0.999074977473647,0.997434478999122,0.995790471487182,0.996384225558467,0.995465746220278,0.999395335091773,0.999184551020395,1.00658497041034
4.99354892291538,8.36232796362195,0.301331167134505,1.03479327791713,1.03002628411001,1.00405341362958,0.969639210322246,0.968834156984723,0.969798022255963,0.963559906231936,0.96463833425429,1.02678787180259,0.975451994557398,0.972451273135172,0.954806649758203,0.97385322699994,0.974751549869458,0.983251790964773,1.00163349924683,1.00454447590819,1.00299987429452,0.999557080706435,0.995806480248195,1.00939835953394,1.03463994968594,1.03220142054557,1.01033087893473,1.0346689114064,1.0234179091618,1.00842951243145,1.01958395058612,1.0196178003435,1.05940258365407,0.993146765172222,0.993241052541816,1.00434065481654,1.0199025220482,1.06120337842298,1.06690744897851,1.03566878050906,1.02277453694344,1.03215000064726,0.999126235234893,0.99824976238993,0.999062002336184,0.997765761479115,0.995803823978076,0.996912725936804,0.996068842278645,0.999597135807148,0.99907196403446,1.0064623851341
5.01169114254191,8.33824806714668,0.295375624899908,1.03591431710819,1.03193709184366,1.00636870497347,0.972484291566431,0.972031438270449,0.973106120861731,0.966667251771814,0.967630008459142,1.02806633333393,0.978599663285503,0.975665205492388,0.957887621268015,0.976923157247879,0.97767646197109,0.986127044136281,1.00457182243884,1.00717683622084,1.00550892285029,1.00308528715023,0.999917611169932,1.01223965024728,1.03723409140866,1.03475260454334,1.01328127504879,1.03575451637797,1.02538321620125,1.01065678519535,1.02181218636496,1.02188243413108,1.06072507612793,0.997351714968308,0.996308057225437,1.00750415016988,1.02473454629008,1.06343687911952,1.06857634379925,1.03679891368559,1.02500896224674,1.03232686707027,0.999304716067052,0.998078479098688,0.999091959432705,0.998127668218274,0.9958956468174,0.997518702179787,0.99679674296921,0.999845902194207,0.998971128840331,1.00629117760447
5.02983336216844,8.29784205007348,0.294095943842914,1.03643995120286,1.03338714116951,1.00823978202546,0.97488096497806,0.974741414294742,0.975935217692637,0.969244301709086,0.970068462071843,1.02875150598969,0.981328492629249,0.978438191568296,0.960547028465467,0.97957454390267,0.980174639595701,0.988583775739149,1.00709305047916,1.00941193319678,1.00759849167835,1.00626103956427,1.00370730785627,1.01464412104498,1.03941013580396,1.03690340225453,1.01580205930725,1.03648893675274,1.02714578944238,1.01260023817752,1.02405074662222,1.02420969417495,1.06174297265836,1.00121791115245,0.999061093423334,1.01036139822337,1.02927834795826,1.06528512185827,1.07002793611445,1.03760761514197,1.02737691544298,1.03225498648752,0.999554267777174,0.998010345860252,0.99917063330387,0.998514881556697,0.996075345899894,0.998188093936123,0.997627894929603,1.00013436011606,0.998892883683343,1.00607364514066
5.04384061173569,8.2553827885337,0.295153445737575,1.03650590120799,1.03423361244771,1.0094145044611,0.976449028451323,0.976520917917694,0.977809077375058,0.97089741263897,0.971603338357756,1.02893076436906,0.983164267852248,0.980293811350564,0.962328346680397,0.981352600620077,0.981833005001916,0.990213929808503,1.00877104861579,1.01089042543473,1.00895349657269,1.00846978099849,1.00640175162331,1.0162168752945,1.0408173760123,1.03830255353075,1.01747070011542,1.03685468728123,1.02839843819894,1.01393462924087,1.02582323608013,1.02609334540752,1.06234518646681,1.00394911193466,1.00097641631111,1.0123567396744,1.03257445780322,1.06646167851163,1.07101095775653,1.03804023764486,1.02936484568062,1.03205925161974,0.999792379755021,0.998035281070688,0.999267620873364,0.998828447565918,0.996278845997218,0.998739089550109,0.998325548401001,1.00037918660857,0.998854443008065,1.00587576730745
5.05784786130293,8.20311769189671,0.299397143229137,1.03634144392964,1.03489470580205,1.01040471226294,0.977811198445425,0.978062085851999,0.979443617617337,0.972295428253999,0.972876759506297,1.02886443506004,0.984794294534248,0.981931491998158,0.96390419236071,0.982929454231242,0.983295958208824,0.991663992080417,1.01027009188968,1.01220641374898,1.01013684695899,1.01049028517483,1.0088892865782,1.01760415377139,1.04205210212891,1.03954402318255,1.0189561658548,1.03709387325641,1.02958699334032,1.01516532147159,1.02761603612448,1.02801316941086,1.06282180641798,1.00645081724178,1.00272474996455,1.01418543598111,1.03563056709938,1.06747541623536,1.0719509758472,1.03834772682666,1.03139686507092,1.03177086229812,1.00006616038427,0.99813177615057,0.999398050360809,0.999152748877059,0.996541613880054,0.999311281175025,0.999057804551429,1.00063847082171,0.998840860204118,1.00565364750696
5.07185511087018,8.14385976822223,0.302914666406707,1.03600395856158,1.0354096326226,1.01124188675897,0.978994599770013,0.97939308772734,0.980865268039237,0.973471245982765,0.973924868146049,1.02860474628063,0.986240692636445,0.983375111878878,0.965297126832374,0.984327503852193,0.984586725000409,0.992950428919244,1.01160507787978,1.01338089554037,1.011172725686,1.01235665828841,1.01123381610449,1.01881772902385,1.04312599068287,1.04063676210646,1.02027168023646,1.03724192086361,1.03074746916952,1.01632115625028,1.02950622697872,1.03007062487658,1.06319891944493,1.00873258598752,1.00432099338589,1.01588509985534,1.03858153507707,1.06834834396924,1.07286490674445,1.03855759677179,1.03364336346115,1.03141571015044,1.00037138361549,0.998301335631962,0.999562875130998,0.99948648662959,0.996864763128844,0.999897102452021,0.999811976655747,1.0009078631954,0.998856386200423,1.00540910678396
5.0809110341849,8.09781563705537,0.30881090037164,1.03572262876261,1.03567947254489,1.01171322274706,0.979673787971426,0.980151620276162,0.981679732751566,0.974126335274082,0.974497805339187,1.02836250492219,0.987084357302006,0.984211960202961,0.966107174980479,0.985142908685388,0.985337237523836,0.993699212877156,1.01237897761658,1.01406838860815,1.01177263866897,1.0134209678135,1.01255143343161,1.01950570153932,1.04372229871603,1.04125008659857,1.0210298063291,1.037300662769,1.03146910140319,1.01702297216958,1.03070517403458,1.03137107713092,1.06339725056601,1.01008094581182,1.0052720974722,1.01684919243738,1.04019242034359,1.06881089016446,1.073387540349,1.03865190119817,1.03504311134714,1.03116469343083,1.00058343568398,0.998449929064484,0.999687989860597,0.999706943325872,0.997106243511403,1.00027982733249,1.0003055108782,1.00108556930959,0.998884123427272,1.00523993682553
5.08996695749962,8.05257903830409,0.312329716501593,1.03541145099041,1.03591966350581,1.01215017475274,0.98030435621615,0.980847946651383,0.982429609845691,0.974717128732567,0.975007256824427,1.02808084643143,0.987873059435618,0.984990485273146,0.966862989166325,0.985906191005956,0.98604091755747,0.994410452279487,1.01312036783079,1.01472758721747,1.01234046941404,1.0144828888092,1.01390149897481,1.02016312769434,1.04430215144644,1.04185580966337,1.02175516714743,1.03734853136126,1.03220275032193,1.01772035228491,1.03197444565715,1.03276359098257,1.06357494822859,1.01134832552997,1.00617406803589,1.01782112596696,1.04191213913847,1.06927110000343,1.07398807213159,1.03872871008548,1.03657241254671,1.03090539696774,1.00080525949478,0.998628658061454,0.999827663081094,0.999930808215917,0.997373011884598,1.00066306952501,1.00079915140928,1.00126462782842,0.99892717170565,1.00506279360978
5.09902288081434,8.00309103067931,0.31698599669299,1.03508660375819,1.03613664340087,1.01255486927837,0.98088739365312,0.981485044537173,0.983117211025921,0.975249828349588,0.9754611621449,1.02777644824386,0.988605950617853,0.985710673501972,0.967564315630844,0.986616426852051,0.986696201173987,0.995072608882126,1.01380765223561,1.01534774664179,1.01287267232561,1.01545699730755,1.01513196573029,1.02075991912074,1.0448206543785,1.04240320263841,1.02242359950291,1.03739082745976,1.0329304631674,1.01839872701706,1.03324784295349,1.03416151862492,1.06373453181123,1.01252347793532,1.0070222433622,1.01871202904017,1.04346460685208,1.0696705900284,1.0745537685573,1.03879269270426,1.03811648887071,1.0306454970443,1.0010353392544,0.998836713339679,0.999981710559064,1.0001579386849,0.997664404944656,1.00104491707627,1.00128958333973,1.00144394123338,0.998986085182689,1.00487827017528
5.11102302322837,7.93384453400217,0.324026051664543,1.03466270184389,1.03640872693073,1.01306191853863,0.981609267170853,0.982263236815427,0.983956898702639,0.97589223540619,0.976003739577014,1.02736849339044,0.989513722637533,0.986598711491344,0.968431842748489,0.987498013721719,0.987511888380421,0.995896691867314,1.01466043988202,1.01613026776415,1.01354293609649,1.01665934517949,1.01664709038745,1.02148732452882,1.04544987551874,1.04307786703984,1.02324858199069,1.03745563504736,1.03390183072486,1.01928640699879,1.03496209836412,1.03604470368383,1.06393202608393,1.01396185952795,1.00807980080675,1.01981352977941,1.04536998753841,1.07014742321023,1.07531220878412,1.03887309552632,1.04017950721888,1.03031373616431,1.00135018188576,0.999155547600627,1.00020743849825,1.00046385853014,0.998087450481261,1.00154540039821,1.00192838174682,1.00168015500333,0.999090461286023,1.00462349266513
5.12302316564241,7.86106059145701,0.331185386865807,1.03427063065675,1.03667517061924,1.01354251197054,0.982275786103388,0.982968682869464,0.984717485990382,0.976469043069738,0.976488295403247,1.02697861008147,0.990347721966191,0.987410494278418,0.969228476535379,0.988310682865881,0.988267546186162,0.996659332180533,1.01544569584795,1.01686867689948,1.01417659668137,1.01775798289209,1.01802853695754,1.02213940537062,1.04600813388324,1.04368768713562,1.02400220361147,1.03753960557061,1.03487811586046,1.02015968592294,1.03669657660874,1.03795321962041,1.0641210265938,1.01525871620247,1.00905965264156,1.02082259237065,1.0471090058504,1.07056091024386,1.0760651151039,1.03895739255149,1.04228662855986,1.03000812280973,1.0016731500926,0.99952059157088,1.0004569094674,1.00077538481766,0.998550655779306,1.00203602837331,1.00254798292641,1.00191293633275,0.999226270818224,1.0043583171508
5.13909253323258,7.75968955310637,0.341081596094422,1.03385554991886,1.03706572144646,1.01418563122607,0.983129329878346,0.983856577874678,0.985667737543698,0.977199881842247,0.977109735674574,1.02655609782735,0.99139674039496,0.988429226586292,0.970231401685299,0.989337276920598,0.989229227580813,0.997615888472282,1.01641850578018,1.01781737064683,1.01500173173662,1.01908670882457,1.0196822022473,1.0229195295517,1.04666610307916,1.04442171657926,1.02492589183395,1.03771931103274,1.03620964204436,1.02132794675579,1.03904243366002,1.04053256411652,1.06438829837128,1.01682106578961,1.01028130380559,1.02204601437142,1.04917517076691,1.07103497187141,1.0770668451194,1.03910905125086,1.04512557894214,1.02966930224466,1.00211153120216,1.00007406778889,1.00082564543833,1.00120143835588,0.999228770615918,1.00267076980877,1.00333491662029,1.00221595816209,0.999459660364101,1.00398972590628
5.15516190082276,7.65626104518432,0.350813047726888,1.03360951511838,1.0375156008383,1.01484118048662,0.983946962619178,0.984691240774711,0.986551231376355,0.977902016230186,0.977722499566014,1.02629363143382,0.992371765148641,0.989375417591584,0.971166265961615,0.990296970870909,0.990137517913113,0.998499950303352,1.01730201113675,1.0187218656234,1.01580624615434,1.02025459662672,1.02111362970075,1.02359366117865,1.04722059214619,1.04505703335323,1.02575226031033,1.0379925747725,1.03755817720791,1.02248913564141,1.04138022911148,1.04309918353988,1.06468511211578,1.0181837983167,1.01139963478423,1.0231254478987,1.0509459807859,1.0714198247583,1.07804138132042,1.03932251760013,1.04795031231282,1.02943269324142,1.00254887514638,1.00069095596493,1.00123034946882,1.00163779086397,0.999965826703894,1.00327306732357,1.00405978363241,1.00250593333465,0.99975356360449,1.00360895210498
5.17123126841293,7.5534668051418,0.360085365581162,1.0335755008238,1.03804987108839,1.01553049836186,0.984752912511075,0.985504231810764,0.987398912221789,0.978612064802556,0.978365809370424,1.02624379102143,0.993295777685206,0.990274846394296,0.972056302209169,0.991211622085057,0.99101240401291,0.99932334255867,1.01810539539186,1.01959198149559,1.01660456257676,1.02127143195962,1.02233107928139,1.02416976381456,1.04767648675774,1.04559437581918,1.02648984768809,1.03838166886403,1.0389201450967,1.02364474901184,1.04367997585212,1.04561649924971,1.06502778455608,1.01937323688232,1.01242834429502,1.02407002552918,1.05242575321506,1.07172144728709,1.07896687752479,1.03961988206155,1.05071132764299,1.02932035648921,1.00297649084152,1.00135742512877,1.00166586181181,1.00208443024683,1.00075201889092,1.00383603775182,1.00470962181286,1.00278016714368,1.000108318203,1.00321980184167
5.18730063600311,7.45402292324025,0.368866148290614,1.03377162651273,1.03867027785237,1.0162499837943,0.985543017639884,0.986295308527433,0.988210292029622,0.979334273762598,0.979046194940237,1.02642959098383,0.994162758297981,0.991123189010625,0.972896212117291,0.992074551659542,0.99184621190031,1.00007465522492,1.01881633318367,1.02041459898653,1.01738726998651,1.02212904113386,1.02332665687972,1.02463645452422,1.04802152150342,1.04601712128701,1.02712616777125,1.03888748712101,1.04026887545884,1.02477328854436,1.04588987630544,1.04802707628347,1.06541780004626,1.02038409863172,1.01335914092906,1.02487352281277,1.0536064230525,1.07193150848389,1.07980660527909,1.04000636449902,1.05335097881486,1.02934280799651,1.00338615123993,1.00205808029157,1.00212607418457,1.0025409858395,1.00157612711857,1.00435410303476,1.00527408767021,1.0030369292085,1.00052268258014,1.00282612753537
5.20918248291253,7.33092441296875,0.378364627407072,1.03442859308853,1.03967444401822,1.01730422428583,0.986625306988194,0.987376801786484,0.989296301580162,0.980378124422622,0.980073456385447,1.02709967823255,0.995285153052923,0.992232260248635,0.973992183264018,0.99319838237565,0.992945627183589,1.00101125415662,1.01966764638357,1.02148474834396,1.01845397371074,1.0230828323176,1.02437277930896,1.02513212975447,1.04834645780826,1.04643780633339,1.02786375096957,1.03979360799116,1.04209726430879,1.02628386902587,1.04873908637268,1.05111355477041,1.06603927230089,1.02152229393202,1.01449111819066,1.0257816900188,1.05478514073381,1.07210120474138,1.08080294271105,1.0407059452415,1.05669169762018,1.02960219347353,1.00390099411436,1.00303553177963,1.00277888755283,1.00317634174879,1.00273536479011,1.00497948330926,1.00589265842084,1.00335704702616,1.00117607552025,1.00229011398927
5.23106432982195,7.22751368603023,0.385890827431158,1.03547228273996,1.04078930178128,1.01836362317602,0.987626444139874,0.988370702977433,0.990268624396262,0.981400692650786,0.981126576887033,1.02818298775345,0.996250124579995,0.993196760041351,0.97494428077256,0.994172740507874,0.993913953246734,1.00176875602281,1.0203104231833,1.02241431418781,1.01943926676348,1.02373126395753,1.02500654914828,1.02540515465864,1.04844976889869,1.04661851091138,1.02838194914801,1.04088776000063,1.04380910066591,1.02766645232599,1.05125744289585,1.05381953878661,1.0667200529787,1.0222928877942,1.01539069856761,1.02642784628032,1.05541675222873,1.0720944554423,1.08153910864591,1.04156336712279,1.05959921714496,1.0300993085614,1.00435229014762,1.00400235013998,1.00344451296368,1.00382261715204,1.00390794633047,1.00550666032221,1.00633173519761,1.00364335075988,1.00191999238587,1.0017625774882
5.25294617673137,7.15148246901717,0.390770660393204,1.03679991752094,1.0419351619991,1.01935475726991,0.988468375836137,0.989191032861334,0.991042488744839,0.982309263135945,0.982108868162817,1.02957340931607,0.996982213846473,0.993938203291415,0.975676934291807,0.994922373148756,0.994678191584031,1.00229689185679,1.02070636447322,1.02314972560089,1.02028116458207,1.02405396650129,1.02521547471421,1.02543635160807,1.04832155474777,1.04654743724699,1.02864933227982,1.04211239945527,1.04533668448999,1.028858293139,1.05335886767074,1.0560540434892,1.0674112364406,1.02262857414454,1.01599543711052,1.02680033426552,1.05549840543031,1.07190577239814,1.08197789030673,1.04253828791128,1.06197129197767,1.03078774543512,1.00472708278913,1.00491573702159,1.00410174554641,1.004471379507,1.00505926471522,1.00593242090396,1.00659356384181,1.00389775483579,1.00273535766457,1.00125308403517
5.2748280236408,7.10861070671248,0.393344864482329,1.03825264518431,1.04298629475086,1.02015867735776,0.989022948364022,0.98969380298362,0.99147532330844,0.982948800991616,0.982859180372374,1.03109607762385,0.997355913436728,0.994325390279132,0.97606482353609,0.995323162254835,0.995118886531608,1.00250911378746,1.02078444160714,1.02360097655305,1.02087759222368,1.02399336099542,1.02494735625705,1.02518166070859,1.04793451174274,1.04619828708658,1.0286043148041,1.04336697514713,1.04657499153432,1.02976049794249,1.05492588059247,1.05769662569871,1.06803537269677,1.02240393186004,1.01620274012263,1.02685366805914,1.05498490948692,1.07151515605911,1.08208539934012,1.04355389370373,1.06368862493422,1.03159324533355,1.00501641573865,1.00573546846153,1.00472866046687,1.00511063826515,1.00615513479092,1.00625712419011,1.00669124417669,1.00412330661909,1.0035976601797,1.00077091301372
5.29670987055022,7.10332326543795,0.394073418906007,1.03963412428319,1.04378974024074,1.02063225560437,0.989138228815225,0.989707508114532,0.991397767457813,0.983132698978226,0.983182503816658,1.03253134518625,0.997223891748526,0.99420362349622,0.975960626686888,0.995229608992006,0.995095900942315,1.00230326147975,1.02045964268292,1.02366177667625,1.02110696772569,1.0234756747852,1.02413506455488,1.02458677117454,1.04725505162536,1.04554101033762,1.02817265652612,1.04452398397294,1.04740485151847,1.0302597094851,1.05584148151564,1.05863178808832,1.06849755282079,1.02147630394887,1.01589446671401,1.02652640157773,1.05381877296318,1.07089692245706,1.08183861772666,1.04450912996663,1.0646423394698,1.03242219647121,1.00521567078122,1.00642630889933,1.00530375732864,1.00572522191835,1.00716353996968,1.00648436894934,1.00664742894554,1.00432343360804,1.00447827784654,1.00032489848343
5.31859171745964,7.13764914464435,0.393892788931558,1.04072702623575,1.04417522335335,1.02061677928898,0.988650041030612,0.989048396937296,0.990628938869791,0.982659895344068,0.982867934454193,1.03363571097581,0.996428713966594,0.993407626733828,0.975206833411534,0.994486034303552,0.994458208978847,1.00156504880665,1.01963373778671,1.02321206117497,1.02083314176732,1.02240956574859,1.02269431379685,1.02358538194474,1.04623991938369,1.04453716813947,1.02726708928181,1.04543520080629,1.04769223184616,1.03022882816513,1.05598149680851,1.05873949441546,1.06869195023149,1.019700618949,1.01494539262533,1.02573826615425,1.05192605712994,1.07001712792162,1.08121841633854,1.04528400874917,1.06472441368383,1.03316984481112,1.00532462774244,1.00696021777738,1.00580711008553,1.00629757113805,1.00805614177369,1.00662061173746,1.00649227866243,1.00450123676374,1.00534597200367,0.999923235127896
5.33551878858768,7.19121884026566,0.393890167687338,1.04123552925805,1.04407689446828,1.02016735209341,0.987756403200002,0.987964639050047,0.98944994074221,0.981720082774539,0.982056815460844,1.03410868195503,0.995262384143019,0.992228452645957,0.97408169173496,0.993369362388851,0.993449392693503,1.00055427863535,1.01858477606351,1.02243457982481,1.02018725836166,1.02114438797964,1.02108959204307,1.02248453616225,1.04519148900441,1.04349303118229,1.02618144724253,1.04587173043743,1.04745324055908,1.02975720767845,1.05547867068056,1.05818030258883,1.06859028159554,1.01766424267438,1.01369591206795,1.02475353458057,1.0499118347781,1.06913096555353,1.08046948526683,1.04567806158252,1.0641257484939,1.03362513543938,1.00534915801944,1.00725335050013,1.00613657472323,1.00669997127273,1.00865261366902,1.00666887222368,1.00631701615946,1.00462490524614,1.00598885728874,0.999647481619089
5.35244585971573,7.26706392626173,0.394751881572211,1.0413444593602,1.04354823683317,1.01925950284952,0.986341616024931,0.986305109397076,0.987688710166483,0.980195585510436,0.980660926105357,1.03413510699408,0.993551028014138,0.990490767423653,0.972419243255321,0.991716010939696,0.991925782580934,0.999103713033901,1.01712557981647,1.02122041085735,1.01909442572316,1.01944400466849,1.01901230299839,1.02105871235358,1.04388292757608,1.04218668635723,1.0247110555461,1.0459936240502,1.04674072438365,1.02882866882651,1.05438168852923,1.05700376148178,1.06821572658386,1.01500930651689,1.01194824779045,1.02339290093091,1.04738086904151,1.06804051588521,1.07947208145802,1.04582578366638,1.06290220358863,1.03392172565839,1.00532534772954,1.00743604098153,1.00640612890795,1.00705726400812,1.00915713081211,1.00667295612431,1.00611319773284,1.00473715752006,1.00659048068072,0.999405690689891
5.36937293084377,7.36298856369081,0.397163107507179,1.0409710479334,1.04252311338102,1.01783447480836,0.984356020519433,0.984019968784561,0.985298132948336,0.978029539296215,0.978618586545904,1.03362924180727,0.991252428480941,0.988150666932821,0.97017686643716,0.989483045278166,0.989842174489283,0.997170683930595,1.01521449589573,1.01952078241102,1.0175014649906,1.01726724257688,1.01642744048676,1.01927420268407,1.04228758919664,1.04059283691183,1.02281651894649,1.04573411299716,1.04549718616464,1.02739025195606,1.05264384942863,1.05516762258403,1.06752669790758,1.01172241145196,1.00967238344388,1.02161503715628,1.04430613902974,1.06672368881984,1.07821539894397,1.04567082684931,1.0610215013411,1.03401946581752,1.00525792715236,1.00750760668126,1.00661087707342,1.0073614086745,1.00956369162818,1.00663853851594,1.00589782919269,1.00483799165161,1.00713752620587,0.999200374040656
5.38630000197181,7.47603126428945,0.401800657288149,1.04004932876663,1.04094894901393,1.01584751961317,0.981768208463602,0.981081684973136,0.982253771455564,0.975188558340339,0.9758919606926,1.03252741207369,0.988343982397644,0.985184878378314,0.967331343241012,0.986646466062488,0.987170480993297,0.994723285930103,1.01281801913609,1.0172968285363,1.01536671892583,1.01458148461432,1.01330952766012,1.0171013712964,1.040380053882,1.03868663794302,1.02046508302221,1.04503588497345,1.04367514729416,1.02539892611674,1.05022941962164,1.05264085937316,1.06648992200527,1.0078169576621,1.0068555975731,1.01938514135752,1.04067107007598,1.06515881786814,1.07668753116103,1.04516401105898,1.05846249206167,1.03388650998808,1.00515263862613,1.00747123852935,1.00674768917068,1.00760542346317,1.00986876024326,1.00657175145093,1.00568679526455,1.00492686317192,1.00761826135673,0.999033534073782
5.40322707309986,7.60263718518429,0.409256618138906,1.03853450813419,1.03879154814095,1.01327303112947,0.978569649698114,0.977489482203747,0.978558208909008,0.971667398955273,0.972471867595835,1.03079270911408,0.984827023839448,0.981595096447288,0.963883154360743,0.983205609124124,0.983904393654249,0.99174589190497,1.0099167773116,1.01452531628018,1.01266556849774,1.01136880254897,1.00964842434805,1.01452076486602,1.03814227215841,1.03645042921773,1.0176368354455,1.04385597613546,1.04124273475704,1.02282718399433,1.0471187847711,1.04940854712726,1.06508362151851,1.00333566737011,1.00350619245627,1.01668092536401,1.03647498340724,1.06332985438283,1.07488285181957,1.04426727156808,1.0552194222822,1.03350134051183,1.00501598208242,1.00733375329163,1.00681529184324,1.00778380007682,1.01007125564551,1.00647899684591,1.00549409132226,1.0050027171167,1.0080229609312,0.998906620987586
5.4201541442279,7.73885500097166,0.419993858724428,1.03640552658082,1.0360374178877,1.01010643977242,0.97477567848155,0.973269863099481,0.974241402695422,0.967489660318536,0.968378658696522,1.02841704103163,0.980727476334229,0.977408544417037,0.959857107165753,0.979183872664652,0.980060334044391,0.988240532788601,1.00650711409226,1.01120060060084,1.00939238453985,1.00762826604635,1.00545138483411,1.01152406832028,1.0355637501623,1.03387370449263,1.01432611534562,1.04216849119815,1.03818696410771,1.01966571048976,1.04331202791378,1.0454753399433,1.06329894724633,0.998348470288864,0.999654072739627,1.01349528270149,1.03173483370818,1.06122598381428,1.07279966693857,1.04295598966161,1.05130495137052,1.03285393098591,1.0048549356472,1.00710514804254,1.00681427181518,1.00789283699879,1.01017243749007,1.00636672628816,1.00533117065787,1.00506405829841,1.0083442168348,0.998820505961139
5.43708121535594,7.88057658831695,0.434295226047597,1.03366672319104,1.0326961942599,1.00636664998155,0.970426620898635,0.968476773485805,0.969360645639806,0.962707940188486,0.963662468514693,1.02542180590703,0.976096400027707,0.972678340764818,0.955302891018525,0.974629476023591,0.97567881296582,0.984230126203002,1.00260520716511,1.00733824018436,1.00556370496007,1.00338008302942,1.00074669981955,1.00811914959631,1.03264745244237,1.03095967113251,1.01054607717832,1.0399675158372,1.03451733322606,1.01592694207476,1.03883222062532,1.04086852511691,1.06114166344887,0.99294958347378,0.995351085543059,1.00984061331645,1.02648831534476,1.05884732070053,1.07044913136278,1.04122145576672,1.04675260363,1.03194629934797,1.00467666855508,1.00679799590509,1.00674699386799,1.00793086401871,1.01017569788601,1.00624120334495,1.0052064666491,1.00510905956822,1.00857711388062,0.998775473595492
5.45400828648398,8.02375523564032,0.452242849794069,1.0303476241751,1.02880057388131,1.00209532263027,0.965585671773875,0.96318853217456,0.963997286002643,0.957400774806712,0.958400264800897,1.02185615240884,0.971007368106747,0.96748066848516,0.950292474526854,0.969612984608942,0.97082235897733,0.979757300636274,0.99824617453047,1.00297452350862,1.0012176976332,0.998665172636153,0.995583004602259,1.00432863181511,1.0294073427195,1.0277224083745,1.00632765448356,1.03726780138494,1.03026669903675,1.01164536311811,1.0337265256311,1.03563905326283,1.05863207668523,0.987251347305503,0.990668674864123,1.00574893481656,1.02079285913844,1.05620160124749,1.06784792209367,1.03907162258928,1.04161751962117,1.03079214662638,1.00448825434648,1.0064267332062,1.00661744008152,1.00789833813869,1.0100862750128,1.00610825812462,1.00512509636809,1.00513569888588,1.00871926454449,0.998771234826452
5.47093535761203,8.16462676182625,0.47370407457726,1.02650151788486,1.02440577517102,0.997356159496395,0.960336644537404,0.957504299740115,0.958252994502178,0.951668902191983,0.95269211548919,1.01779382454032,0.965553570795849,0.9619116140973,0.944917260923793,0.964224672665082,0.965573594324998,0.974884802268852,0.993485594759391,0.9981671797285,0.996414312240857,0.993546495746671,0.990030219120198,1.00019332916023,1.02587400740849,1.02419318745941,1.00172175565048,1.03410497776379,1.02549167143532,1.00687800168129,1.02806620257805,1.02986136447214,1.05580490005958,0.981378000154755,0.985695115472427,1.00127353334156,1.0147261873102,1.05331121467716,1.06503074925867,1.03653148730018,1.03597590116567,1.02941583713108,1.00429640325365,1.00600689872684,1.00643098404222,1.00779780238211,1.00991090875306,1.00597305337311,1.00508877513063,1.00514191546999,1.00877070848558,0.998806959410797
5.48786242874007,8.29986345722877,0.498347421538079,1.02220264123403,1.01958674742284,0.992231245018925,0.954779040077991,0.951538254857177,0.952243785213379,0.945629368252882,0.946655340187556,1.01332854996934,0.959842409942756,0.956081573808996,0.939282761455264,0.958569245990819,0.960030265360423,0.969690858830504,0.988394711859286,0.992991441919268,0.991231506032054,0.988104109361338,0.984174452199677,0.995766342399389,1.02208651671987,1.02041150503228,0.996794121992463,1.03053361572336,1.02027015176338,1.00170138382529,1.021944356139,1.02363116049274,1.05270732288876,0.975457771405013,0.980530633030806,0.996484511187262,1.00838102190584,1.05020308058204,1.06203124713104,1.03364179872532,1.02992289235846,1.02785078301709,1.00410722573005,1.00555438619262,1.0061941211088,1.00763371604568,1.00965746696533,1.00583987197866,1.0050958947738,1.00512577622486,1.00873369634368,0.99888132587522
5.50478949986811,8.42670900337274,0.525664042729929,1.01754207867887,1.01443501010145,0.986817768208041,0.949023715462962,0.945414199562976,0.946094523347148,0.939409738519912,0.940418586072523,1.00856833660337,0.953990783785299,0.950110290372528,0.933503932833512,0.952761321466881,0.95430127991115,0.964267511441716,0.983060024606231,0.987538290959045,0.985762825344916,0.98243487913322,0.978117772737666,0.991115785767026,1.01809950835374,1.01643289104106,0.991625820873063,1.02662485525911,1.01469860039528,0.99620917482597,1.01547271206958,1.01706208741576,1.04939733434846,0.969616782606348,0.97528309153764,0.991468910429454,1.0018650388398,1.04692028123966,1.05890403792952,1.03045743730697,1.02356914866596,1.02613723522743,1.00392603749466,1.00508476109271,1.00591417553119,1.00741218236,1.00933457144068,1.00571197949105,1.00514184527683,1.00508564017835,1.00861238426886,0.998992584654605
5.52171657099616,8.54303934745224,0.555002029193732,1.01262417740607,1.00905487746277,0.981223619808779,0.943187688280524,0.939259797915661,0.939933095567272,0.933142312058704,0.934116068280661,1.00363064503588,0.948119366065594,0.9441210825752,0.927699625497203,0.946919835636884,0.94850135703663,0.958714908898538,0.977576870734844,0.98190927549988,0.98011264545831,0.976644214417124,0.971969631088057,0.986316729622878,1.01397134590036,1.01231635860873,0.986306445493831,1.02246325200617,1.00888781843546,0.990507648844335,1.00877723319397,1.01028137437826,1.04594086118295,0.963972498138609,0.97006245363531,0.986322388107878,0.995291886026512,1.04350534377888,1.05569461397323,1.02704499566745,1.01703689124858,1.02432041821311,1.00375720863477,1.00461267347813,1.005599000972,1.00714056768391,1.00895122437753,1.00559145242622,1.00521930470364,1.00502030538826,1.00841246761925,0.999138629695128
5.5386436421242,8.64733384402216,0.585635203786402,1.00755967041761,1.00355697075916,0.975560138666497,0.937386948459466,0.933199303735427,0.93388324909503,0.926956368359334,0.927879532634336,0.998634538134281,0.94234599281012,0.93823405572467,0.92198589375518,0.941161259554226,0.942743876404822,0.953133967144944,0.972042195663365,0.976209079989746,0.974388668606477,0.970840280733345,0.965841449606426,0.981444852733997,1.00976003957962,1.00811928779454,0.980926728431505,1.0181411736201,1.00295625756653,0.984708645528684,1.00199205483149,1.00342409337473,1.04240841134952,0.958629207466037,0.964975740615813,0.981144330511077,0.988775946764045,1.04000159858706,1.05244383268978,1.0234788236162,1.01045474268732,1.02244732761866,1.00360408153112,1.00415140926385,1.00525671511762,1.00682716226028,1.00851654776796,1.00547929791975,1.00531899995948,1.00492914744973,1.00814080391795,0.999317074820897
5.55959244185414,8.75836555356225,0.624002689171467,1.00126466463966,0.996772772762149,0.968640375104658,0.930441871895528,0.926020067759373,0.926739753410034,0.919611296219231,0.920454227623693,0.992550913316528,0.935520612425696,0.931276083473033,0.915221393814618,0.93433273094683,0.935860377754819,0.946365747989769,0.965300156219846,0.969240587610185,0.967388093069509,0.963840943912982,0.958496131639862,0.975473491235718,1.00458039392091,1.00296440851587,0.974359249964301,1.01272760255868,0.99564947723255,0.977589698808301,0.993694408145051,0.995056006599058,1.03804784974145,0.952578938146175,0.95903127772844,0.974883131598558,0.981015520021281,1.0356795954733,1.04853421536439,1.01898143908822,1.00245107731631,1.0201236497429,1.00343963323873,1.00361310367198,1.00480811663158,1.00639493800907,1.00792119749652,1.0053513248381,1.00545588435558,1.00478081305827,1.00771720190492,0.999578727364216
5.58054124158409,8.84973244282632,0.661336131279241,0.995139110480407,0.990202591863561,0.961995932399845,0.923919597755681,0.919365577449762,0.920142032717765,0.912791973395132,0.913542822159309,0.986771812317467,0.92920387699012,0.92483975474968,0.90895046696445,0.927988901164833,0.929398861154437,0.939881001649801,0.958793130204028,0.962517355906197,0.960642556038132,0.957151719031223,0.951510866102996,0.969620562479609,0.999416173358352,0.997822871306518,0.967989904130238,1.00741060474855,0.988579904938473,0.970711776445397,0.985729504293343,0.98704025161232,1.03382035587396,0.947242856796906,0.953605685341468,0.968870188354753,0.973663802504283,1.03127669820995,1.04452015079553,1.01453108432424,0.994814862389955,1.01787467597781,1.00330447332941,1.00312644551191,1.00434518017114,1.00592827507787,1.00727650864217,1.00523271543934,1.00558712939048,1.004594725647,1.00721058133727,0.99988081760848
5.61004178230112,8.94237596684437,0.711142764997565,0.987165677558284,0.981688803358701,0.95346855055207,0.915787193862067,0.911214096090819,0.912098095928026,0.904420324849941,0.905030163597576,0.979480831488702,0.921495522387252,0.916985711362338,0.901275203377524,0.920203048629429,0.921349494524793,0.931591983497409,0.950421465063757,0.953845554883349,0.951947232704011,0.948708677196956,0.942761270790023,0.962020740813772,0.992734390613099,0.991184305323949,0.959762009766948,1.00042010317588,0.97944618734397,0.961833167439161,0.975551524132786,0.976827975507486,1.02833770551832,0.941147762088127,0.947137602118092,0.961277252645802,0.964517915637746,1.02568667187684,1.03980831775976,1.00862937571021,0.985116039220398,1.01497445645843,1.00316265795303,1.00255376368761,1.00369740163283,1.00524670371198,1.00631742534119,1.00507368169403,1.00572175820132,1.00427669485622,1.00638870232787,1.00036384764758
5.64591098702981,9.01148265006749,0.760258553268201,0.979185722560481,0.973141171590858,0.944978274326284,0.908007032780983,0.903635832493283,0.904671500001069,0.896635991671281,0.897088090928581,0.972535647479719,0.914353585226575,0.909713823338273,0.894133275455451,0.912922112752497,0.913636480227994,0.923262249728845,0.941877279035421,0.945062400191344,0.943187695021003,0.940338522815634,0.934203727001493,0.953947331412221,0.985328437460846,0.983823788625606,0.951258587959646,0.993278428737709,0.970280836093177,0.952891544646845,0.965465300326422,0.966730604025276,1.0228104574387,0.936025429376787,0.94136292407596,0.953705164090223,0.955699272235709,1.01914710585676,1.03407143287885,1.00251212162175,0.975572333577527,1.01213115979437,1.00305346641988,1.00205615681698,1.00295812303542,1.0044213244513,1.00511219256957,1.00486226835873,1.00572571419424,1.00382052686965,1.00526954043606,1.00102268603784
5.6817801917585,9.03503292322739,0.793181422411023,0.973663918338425,0.967231963034243,0.939154612851716,0.903037812698516,0.899068194933751,0.900256397852552,0.891942717342152,0.892267805757927,0.968128582734909,0.910095106500209,0.905378318608239,0.889827840706062,0.9084872649587,0.908686233096831,0.917397420447132,0.935709105801979,0.938826090754881,0.937032258211524,0.934613501235262,0.928479226487368,0.947783494352162,0.979468174506133,0.97799287161589,0.944994648716172,0.988262333907477,0.963996498205747,0.946668592274059,0.958754903422906,0.960056213321151,1.01896769994543,0.933567604744791,0.938234104045483,0.948503190540157,0.949912070480749,1.01388659678695,1.02964197307264,0.998129899097693,0.969305336703102,1.01023050606076,1.00298936900615,1.00177701005823,1.00231370076517,1.0036370308714,1.00390772200835,1.00458985559831,1.00547837522092,1.00331786367823,1.0040759530288,1.00173640151848
5.72533362707666,9.01592481379744,0.808145544272681,0.970882429008993,0.96418688308543,0.936164313440161,0.901064198280921,0.897735874000241,0.899075475246561,0.890590165015236,0.8908320865895,0.966554948928871,0.90891978254065,0.904187541012021,0.88855431015815,0.907087009550282,0.90665227393408,0.914002433641301,0.931855289934087,0.935179493775151,0.933574054553532,0.931484741966239,0.925580049239153,0.943310276438757,0.974794140761385,0.973333919980964,0.94085870876132,0.98557555567407,0.960817141270278,0.943306659096452,0.955700375834244,0.957080727063535,1.01693538537606,0.933927026531561,0.937943897603912,0.945593214005046,0.947195608810779,1.00941730544161,1.02592268869895,0.995628032591933,0.966565014124276,1.00938929302835,1.00292410511911,1.0016883607513,1.00170430981751,1.00277414258017,1.00250831293357,1.00411798057893,1.00479280340601,1.00270044279698,1.00260818825648,1.00263983432637
5.76888706239481,8.95261074680144,0.795031645936615,0.972642684549595,0.965903168069994,0.937855810820975,0.903570776453357,0.900927182261427,0.90235449905424,0.89390074123458,0.894148927626611,0.96912427598912,0.912002683921085,0.90734149328387,0.891518317148313,0.909976467225361,0.90901331332204,0.914941043003444,0.932291192963522,0.936122139823184,0.934785955326772,0.932615044094222,0.927121299629333,0.942587050861658,0.973321452983413,0.971870036170312,0.940892135127356,0.986863316797896,0.962738671676248,0.944788887887036,0.958383498177169,0.959864639696487,1.01795809520189,0.937619264470675,0.941234225686797,0.946472681255774,0.949132327562449,1.0075696520174,1.0245192285902,0.996438037359799,0.969272779003857,1.01020619005882,1.00281848440317,1.00178860978886,1.00130399132139,1.00200370572479,1.00122412077415,1.00343469901865,1.00370246666646,1.00212860345974,1.00119428494503,1.00354478502928
5.82586645204124,8.80998476986621,0.73961318244777,0.981308371192682,0.974845901080651,0.946737740222445,0.913022614028033,0.911140427371003,0.912565702496586,0.904427620087327,0.904805923664609,0.978002748471017,0.921683010240604,0.917233096028646,0.901055574516312,0.919521501433195,0.918208555320994,0.922639806393345,0.939404661791965,0.944158019751153,0.943202329687838,0.940169529487335,0.935313474939544,0.947797780885971,0.976976829897174,0.975562792986131,0.947458184619783,0.994139660176317,0.972397178019671,0.953677452242203,0.969745255836164,0.971362237659569,1.0236194128591,0.946657514003241,0.950015888081299,0.9530193907164,0.957991680259477,1.00989883037868,1.02693551240971,1.00216053411763,0.980238481243177,1.01354320839491,1.00254400111825,1.00200294937844,1.00106777220367,1.00106958560525,0.999773000496664,1.00217586869804,1.00185082571087,1.00151564395245,0.99955097310333,1.00465787753387
5.88284584168767,8.5968324049234,0.654297121418792,0.99539636279214,0.989604483850836,0.96158307306871,0.927844694383574,0.926431800028097,0.92773987043134,0.920115795917888,0.920710409787519,0.991353351257819,0.936099559873607,0.931959621371724,0.915375298318261,0.933974696560271,0.932802904201664,0.936610321887015,0.953051535959211,0.95867387021956,0.957979617675149,0.953503509005775,0.949217532638515,0.95967131946003,0.987045264043808,0.985687493410108,0.960714188268792,1.0061602733644,0.988244191975872,0.968847233178195,0.987746727724682,0.989494281224912,1.03308655790879,0.959157051303692,0.96231033337418,0.964713541221628,0.972548263287499,1.01794693706542,1.03444056432545,1.01185171888762,0.997508322457643,1.01875406726807,1.00208796070341,1.00209594256513,1.0010612995099,1.00013541210794,0.998613515393897,1.0005649509731,0.999849176426306,1.00107974126439,0.998280041340624,1.00560669223063
5.9398252313341,8.31308749969049,0.564066163798636,1.01170954718331,1.00696755183172,0.979304237329193,0.945100576550235,0.94385967374788,0.944996679119561,0.937916031797402,0.93873320621535,1.00628974011502,0.952496947192773,0.948712405040581,0.931730539916646,0.950550117143615,0.949945860866986,0.954239068975656,0.970779610853989,0.976850459359074,0.976154679454773,0.970385839057111,0.966529232938749,0.976270005491986,1.00204873569556,1.00067264915814,0.978325088472856,1.02004182922578,1.00685087351488,0.987162080187999,1.00862246931392,1.01051676518593,1.04433391532299,0.973150578560499,0.975841122079099,0.979612644399966,0.99042452202571,1.03075895958838,1.0458338706747,1.02318182768737,1.01761908866577,1.02462891451027,1.00150095684229,1.0019079183238,1.00113782673487,0.999176769452552,0.997766804881523,0.998835374328442,0.998129392212219,1.00080362800235,0.997539703397271,1.0062958589107
5.9816049328353,8.07415688955531,0.50669057505123,1.02288187665325,1.01919144225105,0.991958287976209,0.957294817804854,0.956063511584935,0.957092023084919,0.950319218657474,0.951250742404522,1.01632607055562,0.963982889891124,0.960452987278813,0.943207848702584,0.962199901609824,0.962146373567643,0.967410124687559,0.98431508189721,0.99034517621828,0.989446960119024,0.983329365001667,0.979763737325118,0.989486212199852,1.01439294514414,1.0128957523409,0.99193909381666,1.02951462733154,1.02002120477521,1.00040333097849,1.0234914849326,1.02555172270766,1.05231893294758,0.983123434457565,0.98519117819208,0.991086057518667,1.00408750931294,1.04170810240003,1.05508513879965,1.03104011048578,1.03216235285927,1.02851938680487,1.00105756011919,1.00157493714717,1.00116692824559,0.998512411280612,0.997356423061753,0.997710951664121,0.997274610176903,1.00068324766147,0.997409319600267,1.00658702885508
6.0233846343365,7.8355872241966,0.463472896239087,1.03180770246624,1.02951336936892,1.00282548045441,0.967746965546696,0.966499266713233,0.967469572067171,0.960853359788433,0.961821692802155,1.02424431296,0.973824297654181,0.970521429280047,0.953046794562413,0.972186982870477,0.972675317329361,0.979243310854964,0.996714652875362,1.00239596431897,1.00113850619739,0.995413763190178,0.992176170648665,1.00193699180367,1.02624753846889,1.02455178954209,1.00451454114388,1.03716745783387,1.03128918042733,1.01195336175557,1.03642181628124,1.03870170633754,1.05911181241142,0.992045981745582,0.993173239929195,1.00180985295287,1.01698327329788,1.05245544332559,1.06380387265526,1.0375350917745,1.04504451672075,1.03144957674306,1.00068629934674,1.00113356197269,1.00112857608362,0.997987571505814,0.997138291827774,0.996936894412551,0.996898737798725,1.00062234048575,0.997657719563009,1.00666435950289
6.05437700275613,7.66648648085877,0.451089617889591,1.03640070129116,1.03520700358113,1.00892368083603,0.973639464033619,0.972414406087117,0.973388890241754,0.966775678199665,0.967715775261327,1.02824767388595,0.979418698224713,0.9762555097924,0.958635904329824,0.977848397550451,0.978651502361587,0.986241986136824,1.00421775555075,1.00946999354533,1.00787924267715,1.00300644093787,1.00009406630622,1.00967007601448,1.03373796916689,1.03186624818259,1.01218287004541,1.04103671075418,1.03756769061091,1.01854501715955,1.04383196234325,1.04630069233404,1.06291100694485,0.997518576949035,0.9977580665709,1.00855300703014,1.02536222447842,1.05938205567054,1.06919855218362,1.04095823237076,1.05262104513498,1.03279700039999,1.00049943124528,1.00079134813971,1.00105470624379,0.997759404582374,0.99711371983824,0.996692735079584,0.996957206328948,1.00061940909465,0.998082985502792,1.00657478054603
6.08536937117576,7.52653993262647,0.444651761634779,1.03914551863061,1.03916715694506,1.01330240877707,0.977940205460911,0.976770385346769,0.977792788701325,0.971069118920412,0.971926788568248,1.03057608738282,0.983596204975664,0.980535390674205,0.962795023872482,0.982051366030591,0.983067970439181,0.991650274457986,1.01016256129678,1.01487654091701,1.01290708056808,1.00936936147026,1.00689242146957,1.0159217405688,1.03986174945681,1.03782956732673,1.01829869474758,1.04340280945825,1.04211137410217,1.02343601319711,1.0494976129656,1.05220427739647,1.06559481766114,1.00202293093429,1.00130472452628,1.01419923968007,1.03274821637118,1.06508809400963,1.07356818044683,1.04321306371233,1.05870179912982,1.03340237583029,1.00041894755808,1.00049555258855,1.00095757087145,0.997729725354667,0.997220862906145,0.996792795555677,0.997298680179021,1.00066338735061,0.998692202012984,1.00635905803349
6.10719169932641,7.4458611220047,0.45197927544065,1.04000688330843,1.04086905109152,1.01528324899068,0.979960496239673,0.978860934656223,0.979942041195345,0.973080715191853,0.973852552400096,1.03124895731332,0.985646801905189,0.982635113188664,0.964823437575968,0.984090702756461,0.985179820909829,0.99436731820235,1.01323854322675,1.01753952479561,1.01530572980525,1.01287600212849,1.01074040200524,1.01923319227345,1.04314591798106,1.04101402216986,1.02148785925036,1.04413347850144,1.04413141636076,1.02572035639199,1.05216591561921,1.055011214136,1.06678716689906,1.00455336483356,1.0031523190731,1.01728320572902,1.0370246781429,1.06818090702091,1.07586679153703,1.04406052833295,1.06161271247926,1.03341459883972,1.00043642269418,1.00034159954081,1.00088761017985,0.997849494879985,0.997382577642155,0.997081779019467,0.997696882118527,1.00072966742109,0.999214510821119,1.00613379355266
6.12901402747707,7.38390556096172,0.461114408282958,1.04015433043102,1.04187409899843,1.01655747361728,0.981348258802161,0.980340564085379,0.981494195837213,0.974460319711637,0.97513027796786,1.03128600793892,0.987144369975819,0.984165108354021,0.966291637661517,0.985558802425598,0.986663490094362,0.996347198169713,1.01553656577398,1.01943134382182,1.01695087293723,1.01570487000192,1.01397293413629,1.02174082474407,1.04564367041331,1.04344268288,1.02388399814331,1.04431121228691,1.04540920473102,1.02725017242882,1.05401284561028,1.05699800784614,1.06751589221919,1.00665763225891,1.00461171832211,1.01976691664135,1.04078457488724,1.0705169441273,1.07762987451188,1.04445534610085,1.06378827637631,1.03315008754201,1.00052004884091,1.00025212245979,1.00082955726045,0.998097675729221,0.997623080797999,0.997548348597576,0.998210149638396,1.00083140153595,0.999798063360889,1.00585170722354
6.15083635562772,7.34778711596821,0.470852532254044,1.03973348004694,1.04230489902704,1.01726459243924,0.982240740780791,0.981334394548608,0.982571676230656,0.975329746428189,0.975882452449681,1.0308238518287,0.988222236530762,0.985254514612954,0.96733090308038,0.986592916530291,0.987665866618164,0.997750509715794,1.01721435480443,1.02070500370686,1.01799259370101,1.01796423824846,1.01664918821147,1.023597589146,1.04749885828992,1.04525781843489,1.02564511111891,1.04406309784337,1.04607348871963,1.02816540623541,1.05513423817753,1.05823850368469,1.0678688499579,1.00842251927944,1.00579861577769,1.02172758434457,1.04398434865674,1.07222515700016,1.07897019031195,1.04449550576501,1.06520250518918,1.0326798634449,1.00067029012151,1.00023894281696,1.00079494989979,0.998475238559993,0.997946253872496,0.998177111551159,0.998820882487651,1.00097251581765,1.00042484465195,1.00551734978677
6.16829309862137,7.33552408674105,0.478825472111533,1.03911406356643,1.04233424191291,1.01751730354226,0.982691002554753,0.9818722128599,0.983180692521236,0.975757193444409,0.976210331817353,1.03021335532601,0.988865930425278,0.985894211698831,0.967937805129615,0.987193964802835,0.98821130067013,0.998534871852454,1.01817695840963,1.02135684368807,1.01847786452577,1.01941335932051,1.01844223078381,1.02467243395861,1.04857221389375,1.04632025437983,1.02666131662667,1.04365282288199,1.04624441186043,1.02853471531677,1.05556955022921,1.05874874970367,1.06793928486829,1.00963453702112,1.00661449916898,1.02297810313852,1.04620740197641,1.07318795560152,1.07978497771943,1.04434164754239,1.06584184587501,1.0322111437227,1.00083748784912,1.00028886677335,1.00079186869145,0.998867081816167,0.998265959922699,0.998782053739788,0.999367253487333,1.00111591695762,1.00094448733065,1.0052157909789
6.18574984161501,7.33811150902302,0.486112667804212,1.03835506977642,1.04217802687168,1.01758805694209,0.982998021451795,0.982269873571502,0.98365034783358,0.976039532469941,0.976391984070689,1.0294946605053,0.989396334667813,0.98641083125527,0.968427243094918,0.987678379864994,0.988619198575891,0.99910829965202,1.01888755654646,1.02177347527172,1.01874832823184,1.02060871822343,1.01997868625544,1.02546280941313,1.04935583457273,1.04711013680688,1.02741299234045,1.0431462194439,1.04618375383903,1.02867132668933,1.05567013871555,1.05890079988876,1.06788254061117,1.01071767476454,1.00737073317175,1.02400753518895,1.04816663679074,1.07386106429636,1.08043008507638,1.04409106558135,1.06609929360474,1.03170935097827,1.00104405894398,1.00039511693452,1.00081718224523,0.999332704198489,0.998640966129643,0.999460942578528,0.999953576140258,1.0012875463471,1.00146952996656,1.00488753571546
6.20320658460866,7.3547002500662,0.492052566999593,1.03755709922504,1.04192035994357,1.01756078228758,0.983240127352512,0.982604158072327,0.984054554716976,0.976258301292533,0.97651274712839,1.02876310606553,0.989881752266432,0.986874418138863,0.968868417106719,0.988116865015842,0.98896605353387,0.999547139603672,1.01941951888142,1.02203382576064,1.01888614040758,1.02160994729976,1.02131066833837,1.02603773013269,1.04991387325874,1.0476900617109,1.02797261902405,1.04262267763252,1.04596974541615,1.0286538643955,1.05550622384318,1.05876180036233,1.06775158658306,1.01171467777022,1.00811464902045,1.02487586698673,1.04990844516751,1.07430480933608,1.08095430397065,1.04380369716103,1.06603495537859,1.03121862168317,1.00128672425378,1.00055774759911,1.00087598470595,0.999863878817579,0.99907107173699,1.00019644133781,1.00056941863528,1.00148738174669,1.00199056960297,1.00453611760454
6.2206633276023,7.38430585336467,0.496094359666557,1.03681302840504,1.04163796761943,1.01751121824274,0.983486713442701,0.982943523925268,0.984459211516774,0.976487017533598,0.976649939913857,1.02810776578628,0.99038130877996,0.987346507290542,0.969321744717092,0.988570982336578,0.989318938755224,0.999920311675028,1.01984046735038,1.02221016282962,1.01896595082116,1.02247078140507,1.02248200930832,1.02646207303159,1.0503077011969,1.04811926238907,1.02840734716856,1.04215379964172,1.04567409995837,1.02855448118277,1.05514390369846,1.05839523343323,1.06759556695093,1.01266365942205,1.008884630718,1.02563561614265,1.0514639751148,1.07457766791254,1.08140230178325,1.04353401921499,1.06570434232349,1.03077991754443,1.00156118808304,1.00077483813248,1.00097246589437,1.00045021020381,0.999555026143596,1.00096979046289,1.00120432891437,1.0017144012093,1.0024987606486,1.0041653053207
6.23812007059595,7.42550492235551,0.497846681385475,1.03620264132004,1.04139552741224,1.01750159461073,0.983793045207651,0.983342969924671,0.984917034525793,0.976785709659275,0.976867179877028,1.02760581005863,0.990940423081478,0.987874938723909,0.969833945496245,0.989087989838341,0.989730106146467,1.00028269385414,1.02020532435507,1.02236182234852,1.01904896404897,1.02323697932097,1.02353100446486,1.02678878947782,1.0505874850608,1.04844582316068,1.0287717536174,1.04179895949816,1.04535785974425,1.02843373767141,1.0546429687596,1.05785978301912,1.06745588006657,1.01359442819368,1.00970723143516,1.02633296704161,1.05286413906894,1.0747285194814,1.08180907435052,1.04332779837303,1.06516178042452,1.03042868501348,1.00186229293721,1.00104258590917,1.00110968745394,1.00107949297656,1.00009037540837,1.0017615384305,1.00184797555325,1.00196650880404,1.00298600304114,1.00377905281178
6.2555768135896,7.47665135718512,0.497096242840366,1.03578870002396,1.0412427743091,1.01757794838612,0.984197836920885,0.983841494215126,0.985465171735925,0.977198183860616,0.977211515965881,1.02731887475355,0.991588779603326,0.98849196283609,0.9704361207202,0.989699015343148,0.990234808493388,1.00067292622453,1.02055403195207,1.02253277770804,1.01918038741523,1.02394050788139,1.02448223820345,1.02705717902873,1.05079103001566,1.04870551384953,1.02910573624781,1.04160299466865,1.04506908475737,1.02833821902928,1.05405428355756,1.05720638493077,1.06736456600249,1.01452647300645,1.01059593656371,1.02699949640443,1.05412415359781,1.07479510305559,1.08219917918663,1.04322023223311,1.06445578503383,1.03019320666127,1.00218413394721,1.00135548180884,1.00128941285823,1.00173818016017,1.00067338659094,1.00255227951163,1.00249028007292,1.00224053419063,1.00344515611826,1.00338145754294
6.27303355658324,7.53589746602389,0.493801284647889,1.03561355855608,1.04121219094055,1.01776800951939,0.984721077106359,0.984459517593239,0.986122625152539,0.977749064955514,0.977710271946074,1.02728933189444,0.99233847370288,0.989211977627936,0.971141710514999,0.990417038143745,0.990849361804475,1.00111173650547,1.02091000267692,1.02274988250641,1.0193875239246,1.02460082703015,1.02535020910559,1.02729133372175,1.05094223576334,1.0489203799188,1.02943295827928,1.04159436623049,1.04484143754833,1.02829893338476,1.05341894960606,1.0564776693064,1.06734276491637,1.0154669499611,1.01155029747312,1.02765507336611,1.05525331454198,1.07480279870771,1.08258607853065,1.04323449948146,1.06362959204427,1.03009307108701,1.00252020592641,1.00170653003074,1.00151197027354,1.0024118525745,1.00129898672912,1.00332332707047,1.0031215154237,1.00253227082996,1.00387017836756,1.00297672348881
6.29049029957689,7.60129467761128,0.488098328341344,1.03569715704699,1.04131772695275,1.01808014000613,0.985363177716018,0.985197794355669,0.986889219360829,0.978442476831646,0.978369602241879,1.027538017553,0.993183472570858,0.99003092223815,0.971945949885678,0.991236450321157,0.9915705460277,1.0016010697171,1.02127891990987,1.02302175451608,1.01967871235715,1.0252207522168,1.02613368625455,1.02749919916732,1.05105029125383,1.04909797978262,1.02975972644035,1.04178416479649,1.04469315655925,1.02833022189461,1.05276700371101,1.05570650091336,1.0673998779852,1.01640954698615,1.01255592507435,1.02830212185178,1.05624483215992,1.07476363238337,1.08297144189395,1.04338088933271,1.06271915158567,1.03013822889474,1.00286355886346,1.00208751446224,1.00177616472496,1.00308571836595,1.00196075650988,1.00405732637961,1.00373239659272,1.00283656627455,1.00425622811352,1.00256912856006
6.31304011323381,7.6915526560947,0.47768567793031,1.03617930677256,1.0416452383833,1.01864363251002,0.986334218996025,0.986294584999978,0.988005405440016,0.979517887000628,0.979429660694554,1.02826399656629,0.994373415477121,0.991194938877489,0.97309012252444,0.992402428630705,0.992620216334076,1.00227943448461,1.02175459207497,1.0234371853664,1.02016029255622,1.02594143488891,1.02699718992482,1.02771596786546,1.0511182200435,1.04926195033099,1.03016300668217,1.04231026996585,1.04462241884935,1.02847004560523,1.05193082363876,1.05468507385517,1.06758485739505,1.01759406881379,1.01388181034111,1.02910477095135,1.05729441367959,1.07464363547479,1.08345151220401,1.04375929518102,1.06146574074697,1.03040967196681,1.00330557363199,1.00260829643212,1.00217398648817,1.00393172493035,1.00285569964709,1.00492491179747,1.00447665759075,1.00323795330898,1.00469142353585,1.00204570976452
6.33558992689072,7.7846494955694,0.464748987703927,1.03702080032924,1.04213525215569,1.01932335515215,0.987384480714086,0.987469768174082,0.989180827037704,0.980713884854584,0.980642809524031,1.02938542392142,0.995588652945015,0.992393735488934,0.974268836778314,0.993603027978047,0.993718032766296,1.00294043673921,1.02217131746154,1.02386847212515,1.02069976526223,1.02651608342711,1.02763705464589,1.02782894801994,1.05106946394464,1.04931335994965,1.03049032261552,1.04310042013996,1.04465801510134,1.02868070971752,1.05111008489728,1.05365421428411,1.06786253952616,1.01867010549587,1.01515665164755,1.02981281770071,1.05802541427792,1.07442114250531,1.0838720388546,1.04431509520708,1.06016024882158,1.03089590583446,1.0037319139803,1.00314258896819,1.00262648008289,1.0047238516804,1.00377810256507,1.00567786645588,1.00515513586179,1.00363586926914,1.00505122354576,1.00153404134249
6.35813974054764,7.87676189974615,0.45058635319106,1.0381009301264,1.04269045973645,1.02001021437799,0.988386659012957,0.988590132195652,0.990283396359594,0.98189489570539,0.981871550792493,1.03078057861662,0.996698730287563,0.993496245511018,0.975353149139855,0.994706785389055,0.994733751057978,1.00347515786527,1.02243506465953,1.02422014840084,1.02119459313192,1.02685526096123,1.02796565961065,1.02776288246187,1.05084323488605,1.04918815190218,1.03065244691845,1.04406037150254,1.04473557631758,1.02888439460136,1.0502891040703,1.05261162015377,1.06817220751208,1.01952745392413,1.01626332658879,1.03033573829274,1.05835104388669,1.07405227677673,1.08417224068044,1.04498068289127,1.05882242836412,1.03154475868699,1.00412719190801,1.00366886146644,1.0031198862844,1.00543545341916,1.00470545681617,1.00629597170275,1.00575245170706,1.00401504860147,1.0053342233428,1.00104333992853
6.37592736698308,7.94654316376901,0.439525327697648,1.03901389482126,1.04308998336337,1.02046628768339,0.989040698489373,0.989326464576349,0.990994174211159,0.982703100418322,0.982736261108178,1.03196324289926,0.997397643618143,0.994193525632019,0.976039843829516,0.9954057281197,0.995374405492141,1.00372173557964,1.02245958082918,1.02436263010363,1.02146875680824,1.02688521555158,1.02793636060908,1.02752393084959,1.05049097263337,1.04891358489651,1.03059205556779,1.04485652860653,1.04476692830914,1.02897216249686,1.04961526499998,1.05176425967991,1.0683861911821,1.01996216872783,1.01693027169789,1.03054548824639,1.05825559546689,1.07362174182652,1.08427676889059,1.04552382417542,1.05774385270515,1.03212345433595,1.00440787515968,1.00406501318699,1.00352725147653,1.00592568771645,1.00542498974689,1.0066801412088,1.00615795471509,1.00429118579034,1.00550410559731,1.00067674744526
6.3982319252819,8.02803747760429,0.427143807053851,1.04007328421001,1.04341661811411,1.02079781502994,0.989542252604242,0.989907438874011,0.991530879448706,0.983396698444783,0.983519386389281,1.03337742972888,0.997906530472401,0.99470280842167,0.976544422442136,0.995920445444193,0.995830884074451,1.00368949249982,1.02215255414934,1.0242578207106,1.02154382168681,1.02652060316323,1.02743662821574,1.02690485523656,1.04976231623949,1.0482770782579,1.03017849797966,1.04578055243562,1.04467619649052,1.02888844108031,1.04868874909038,1.05063427282984,1.06853690497107,1.02007979724797,1.01738394664811,1.03044929413339,1.05759497123746,1.07285588405301,1.08417537307128,1.04613603178398,1.05634825539312,1.03285844247643,1.00470962916926,1.00452103627356,1.00404339279582,1.00643696424941,1.00628969948377,1.00702857290917,1.00657524063554,1.00459597412885,1.00565405527913,1.00025010432765
6.42053648358071,8.10095296806765,0.417829305087709,1.0408511212501,1.04340734606304,1.02071592022436,0.989528654381823,0.989933316245735,0.99150134056892,0.983549501496956,0.983775887548879,1.03451318958059,0.997848320525142,0.994642894665602,0.976494538836688,0.995874231130655,0.99574519636169,1.00314933098994,1.02135657855051,1.02371441466012,1.02118639391353,1.02560082902844,1.02631717765244,1.02584270054832,1.04864629618535,1.0472430854864,1.0292826342824,1.04648389227673,1.04433374373933,1.02847448830976,1.04760613927427,1.04937617504566,1.06846742889783,1.01958613270255,1.01728118962656,1.02984665459914,1.05623232486581,1.07178846444127,1.08374802282126,1.04656784325814,1.05487433960764,1.03351610993698,1.00494598173139,1.00491701362214,1.00454666927203,1.00682399534679,1.00708994294271,1.0072309765423,1.00688440257912,1.00484333300796,1.00573903963954,0.99986714539066
6.44284104187952,8.16384589007897,0.41299346651951,1.04115109662587,1.04291380529835,1.0200697102272,0.988834958867056,0.98922386074298,0.990728142412949,0.982968580694699,0.983305099336381,1.0351522281591,0.997060911435423,0.993846476932708,0.975728658619829,0.99510536756811,0.99495859023691,1.00197295353377,1.01995822851448,1.02260657004604,1.02025964583081,1.02401602712319,1.0244694906233,1.02425104302383,1.04707575515429,1.045740830609,1.02779832511613,1.0468191846399,1.04362395190218,1.02760959352579,1.04629104140775,1.04792533707076,1.06808408070539,1.01834319331829,1.016486970663,1.02862995969176,1.05406097131192,1.07037072139692,1.08292789041476,1.04670762926635,1.0532800035578,1.03400147038432,1.00510858744156,1.0052395619809,1.00501566031167,1.00708256774311,1.0078013695444,1.00729585205638,1.00708099626426,1.00502298947803,1.00576618605681,0.999534817496418
6.46514560017834,8.21600824482202,0.413790977690329,1.04080107962773,1.04180864424433,1.01873208367013,0.987323281971468,0.987626605648861,0.98906156888348,0.981488595477229,0.981933894760218,1.03509693372959,0.995408850871008,0.992173339330942,0.974111919854494,0.993479412227532,0.993340365440924,1.00005851254519,1.01786846438247,1.02083144030426,1.01865047770158,1.02168056578632,1.02180784383343,1.02206502208371,1.04500248908608,1.0437189279893,1.02564331689782,1.04665581139966,1.04244364758822,1.02619003045579,1.04466919046706,1.04621651979181,1.06730647182729,1.01623906805119,1.01488867335283,1.02671680542096,1.05099666254002,1.06856807285652,1.08166452802408,1.04645598472271,1.05151815086332,1.03422812409678,1.00519198165029,1.00547921574613,1.00542953347172,1.00721498280521,1.0084017258136,1.00723725225522,1.0071641223305,1.00512787860282,1.0057435656289,0.99925901067848
6.48745015847715,8.25744915457716,0.421019218590802,1.03967025384245,1.03999829898293,1.01661210790983,0.984896546411757,0.985032663153369,0.986395293119788,0.978988927135524,0.979534499848693,1.03419005470137,0.992797247350025,0.989524871302601,0.971549942445701,0.990902767765946,0.990800691261069,0.997340237972731,1.01503113378827,1.01831905585164,1.01628040542802,1.01854112135209,1.01827768320704,1.01924718268123,1.04240063976011,1.04114975863533,1.0227670830743,1.04589177289918,1.04071202378665,1.02413906625838,1.04267638953671,1.04419113538553,1.06607571544883,1.01320123308538,1.01240740268654,1.02405733725744,1.04698536407567,1.06636198080201,1.07992818669451,1.04573518863584,1.04954249171202,1.03412674701427,1.00519385915334,1.00563080345588,1.00576935438976,1.00722947115761,1.00887206111411,1.00707334406888,1.00713660308366,1.00515467483691,1.00567960629199,0.999044335648079
6.50975471677596,8.28884731664432,0.43504315988453,1.03768256084988,1.03743321689151,1.01366520654819,0.981510094059752,0.981390229484731,0.982679800872131,0.975408337476059,0.976039737449273,1.03233146012612,0.989183854751346,0.985856594657002,0.968000712195916,0.987334373153345,0.987301477204102,0.993796588536234,1.01143032585173,1.01504065452531,1.01311458180394,1.0145848574454,1.01386523344785,1.01579286558423,1.03927081892762,1.03803381281341,1.01915766865501,1.04446354868129,1.03837923683656,1.02141548930168,1.04026592132434,1.04180421866021,1.06436099737169,1.00920788671371,1.00900920978148,1.02064108149698,1.04201461407621,1.06375239719464,1.07771390057171,1.04449710577908,1.04731343466187,1.03365215862977,1.00511520270781,1.00569351966333,1.00601931334002,1.00713910916358,1.00919777607828,1.00682478435663,1.0070049753762,1.00510403962988,1.00558253076705,0.998893943011252
6.53205927507478,8.31145883695626,0.455759258641336,1.03482469043153,1.03411372659058,1.009898905182,0.977178573954698,0.976712961503552,0.977930744038655,0.970754256728582,0.971452760006444,1.02948936964425,0.984586841629923,0.981186145910372,0.963482092867133,0.982793033875531,0.982862709430069,0.989454219119346,1.00709375628402,1.01101296331827,1.00916657835411,1.0098432987711,1.00860302523733,1.01173230256271,1.03564132234942,1.03440108799243,1.01484469371227,1.0423522254836,1.03543197864413,1.01801865925981,1.03741417537806,1.03902996133994,1.06216340578523,1.00429436564575,1.00471298750632,1.0164993810856,1.03612055672829,1.0607584986357,1.0750429625124,1.04272806646759,1.04480317996047,1.03278793833813,1.00496023768846,1.00567064761502,1.0061677336715,1.00696035347586,1.0093694212185,1.00651305465286,1.00677926396775,1.00498053874374,1.00545984914055,0.998809407829499
6.54974773996105,8.32425486608478,0.476589580543357,1.0319705765873,1.03097682851358,1.00636768383074,0.973119062854269,0.972318910512817,0.973481782485435,0.966349303473693,0.967086096332603,1.02656005241811,0.980292940880754,0.976821483649813,0.959259800118503,0.978550760841626,0.978724701086418,0.985490408124882,1.00317716375226,1.00732599792908,1.00551924140415,1.00557336801333,1.003876784974,1.00812281206094,1.03244384188949,1.03119084307712,1.0109696544854,1.04020920854582,1.03267354688483,1.01487223944076,1.03484008606004,1.03655187116679,1.06009821504911,0.999802184710306,1.00071441553215,1.01274510213098,1.03084540954608,1.05813558964847,1.07263054791338,1.04096131360713,1.04260413682804,1.03183341178316,1.0047875063734,1.00559578886706,1.0062085324291,1.00676726080064,1.00939315647929,1.0062342251846,1.00654147739318,1.00483571223748,1.00534849660286,0.998789270194355
6.56743620484731,8.33355248283488,0.500839249146697,1.02865233808748,1.02744233141377,1.00240890308852,0.968572846365341,0.967391431208883,0.968501921337261,0.961385529364964,0.962147056288243,1.02308779461352,0.97549522283978,0.971943147459741,0.954540979709651,0.973810450802107,0.974106889923849,0.981125310526389,0.998892776921593,1.00325436227928,1.0014678308739,1.00091096548825,0.998724778440127,1.00421588764518,1.02900259709636,1.02773049603509,1.00674568872293,1.03768503700044,1.02957159060027,1.01136410163556,1.03200187211114,1.03383568525466,1.05777965186783,0.994857836178824,0.996257574969107,1.00862986325058,1.0251084756053,1.05532011562465,1.06999121888095,1.03889903994925,1.04022093537085,1.0306618284979,1.0045759976458,1.00547584321979,1.00617971103054,1.00653911642672,1.0093178521901,1.00593828351551,1.00626015169451,1.00465526805467,1.00522767098507,0.998809893336392
6.58512466973358,8.34045699464342,0.527860545426988,1.02494487133412,1.02357609822954,0.998095444019127,0.963626668237086,0.962025874167378,0.963087163864718,0.955960156885169,0.956733277831833,1.01915130916913,0.970285826906165,0.966644933321338,0.94941631966181,0.968663114672544,0.96909690811534,0.976435370684891,0.994311970595196,0.99886686135395,0.997083221736199,0.995932139037102,0.993229140619155,1.00007311316714,1.0253699653466,1.02407464472669,1.00224241970317,1.03483130456411,1.02617180339646,1.00754996814337,1.02892560803327,1.03090184523586,1.05525022731429,0.989553139709565,0.991427567644962,1.0042234598816,1.01899991772674,1.05234955406475,1.06717141540198,1.03658142842022,1.03766401359397,1.02930380044531,1.00433144831991,1.00531618738189,1.00608213735827,1.00628458919902,1.00914630599152,1.00563357183706,1.00594358767496,1.00444538268583,1.00509929132529,0.998869978067609
6.60281313461985,8.34597472567241,0.556972889906637,1.02093919251845,1.01945494988726,0.993510781830771,0.95838036410343,0.956333131052389,0.957348947514917,0.950187434160892,0.950960164163099,1.01484915758239,0.964770989974356,0.961035248639121,0.943990353352714,0.963213443253098,0.963794630954829,0.971504207931636,0.989510916729406,0.994239095626501,0.992444558777219,0.990717498418692,0.987479610968089,0.995757024909039,1.02159509642118,1.02027560685855,0.997532961304442,1.03170992848928,1.0225278952432,1.00349312652831,1.02564399155521,1.02777698824014,1.05255984531244,0.983991984331038,0.986323629595511,0.999598825069284,1.01261912352153,1.04925870519801,1.06421323207467,1.03405638134804,1.03494892856096,1.02779802846466,1.00406029336853,1.00512260672472,1.00591857103871,1.0060114056607,1.00888330148574,1.00532700760176,1.00560043988878,1.00421274691297,1.00496461935324,0.998967707566748
6.62050159950612,8.3511783471881,0.587325311828653,1.01673961060692,1.01516876849254,0.988753167416381,0.952949753819098,0.950441264874497,0.95141571936976,0.944199617649972,0.944961607426386,1.01029708541835,0.95907388873238,0.955239247086632,0.938383948477336,0.957582464849206,0.958315876481,0.966430978878433,0.984582320370715,0.989462382384718,0.987646283611523,0.985367911104118,0.981587212888921,0.991347185266918,1.01774695675511,1.01640426332103,0.992707257354287,1.02839618019046,1.01870764341999,0.999271607660153,1.02220230381138,1.02449966857587,1.04976661936302,0.978291188408123,0.981060809823855,0.994847399749763,1.00608975963655,1.04610031794292,1.06117938387711,1.0313820736558,1.03210150411615,1.02618963574614,1.00376946090669,1.0049009748839,1.00569345337389,1.00572602687399,1.00853532888204,1.00502393760689,1.00523938917215,1.00396423831019,1.00482426761497,0.999100819833094
6.63819006439239,8.35691859838929,0.618159476519628,1.01245724968887,1.0108112034596,0.983924110501525,0.947455823836326,0.944485075599716,0.945422670871364,0.938136680734714,0.938879697766686,1.00562052446509,0.95332385290901,0.949388807021859,0.93272416063939,0.951897373042936,0.95278109696928,0.961314456714511,0.979615201722628,0.984627210308825,0.982783745047973,0.979976752279489,0.97565769176012,0.986914605678191,1.0138787089918,1.01251664050127,0.987849890881735,1.02496922856994,1.01478083457307,0.994964313827612,1.0186476488405,1.0211101643366,1.04693102148971,0.972571815478438,0.975760703558968,0.990051161813088,0.999529228228961,1.04291072583312,1.05811054934964,1.0286191747588,1.02914895853943,1.02452730803379,1.00346614360315,1.00465696636843,1.00541263656769,1.00543344478167,1.00811026762074,1.00472810239734,1.00486881466149,1.00370660426827,1.0046782479685,0.999266688763209
6.66032649848004,8.36611048236125,0.655943978228964,1.00715684602939,1.00541383804959,0.977951831120016,0.940692354296371,0.937162433304966,0.938060821927007,0.930673128690974,0.931384056003118,0.999794066700433,0.946267872299144,0.942208451412673,0.925776359511963,0.944917426641647,0.945976767585923,0.955023418867941,0.973508269466667,0.978655262058058,0.976773867137131,0.973355370213582,0.968391336734488,0.981477605376178,1.00913656771131,1.00775808920062,0.981885074722349,1.02065699103817,1.00984477689453,0.989595775140812,1.01413666824402,1.01679701241158,1.04342469344684,0.965585976663408,0.969278777286797,0.984152969890891,0.991509745712221,1.03898242879363,1.05434272350178,1.02514211250547,1.02537229073347,1.02244798623953,1.00308044724249,1.00432828371121,1.00499395192975,1.00506238086469,1.00748404242257,1.00437130181765,1.00440388664687,1.00338128732077,1.00448663121721,0.999515760246866
6.68246293256769,8.37864268495598,0.691645324305542,1.00212231260108,1.00024645453759,0.972240509801201,0.934267571157646,0.930224836497739,0.931091265545508,0.923597608648843,0.924272287665022,0.994229315950443,0.939595109236102,0.93541593619108,0.919201557615456,0.93830945241939,0.939519757936472,0.949029518677846,0.967678302385983,0.972932507585721,0.971018328616672,0.967034227900859,0.961477224601932,0.976284720885955,1.00459291708014,1.00320730915351,0.976193736277377,1.01646438148743,1.00501546337184,0.984395830829633,1.00964939767701,1.01248567484135,1.04007109425514,0.958996028537056,0.963175179526274,0.978505446359097,0.983900390126366,1.03517779994861,1.05070552701784,1.02175307351342,1.02156185271743,1.02045842094588,1.00270019132081,1.00398150941607,1.00451432738319,1.00468853167728,1.00676989265458,1.00403014409673,1.00394921982771,1.00306239136064,1.00428328535795,0.999805421563409
6.7110324572688,8.4001959374481,0.732083951184858,0.996334333697675,0.99421174115827,0.965580127321761,0.926857044094496,0.922259354937512,0.923097414342394,0.915473520754056,0.916101429029738,0.98780931965809,0.931957363786288,0.927639798808711,0.911669134412143,0.930735304975004,0.932081600106949,0.94205996836149,0.960871319751067,0.966221831772348,0.964280853660039,0.959664221020837,0.953461491471891,0.970211804535952,0.999260508045216,0.997885573685302,0.969549859588967,1.01149339758648,0.999203591463013,0.97821595239423,1.00411662809741,1.00713401210381,1.03616202194684,0.951450215438924,0.956247775110923,0.971904014359043,0.975118327908629,1.03067799013904,1.04644686570764,1.01771576921459,1.01677308186594,1.01816267625736,1.00223857237525,1.00351885560006,1.00383283983542,1.00420225162552,1.00575173494091,1.00361017721326,1.0033951828997,1.00267478808274,1.00399915544573,1.00022840874254
6.74563754468993,8.43751131791875,0.768499896187805,0.990873035756376,0.988305536966315,0.959081120801952,0.919765135492639,0.914705088105578,0.915523246109354,0.907782362892256,0.908366711255645,0.981753523290254,0.924744258678995,0.920285944685001,0.904538250053954,0.923554399794314,0.924970331881287,0.935271886264346,0.954192008025064,0.959595173018262,0.957653421902796,0.952499368856847,0.945790085270705,0.964217243776037,0.993958539841979,0.992613868775437,0.963026587545683,1.00653692379682,0.993208473325749,0.971972745749988,0.998142739165252,1.00128273640412,1.03233446504569,0.944259679974908,0.94979497816842,0.965442566615972,0.966859403668066,1.02609831657083,1.04218970218729,1.01363512422351,1.01141358598842,1.01600150545617,1.00175197138721,1.00294831824851,1.00295867189393,1.00359684058902,1.00442362215683,1.00311814624569,1.00278796892554,1.00225655492449,1.00361273891851,1.00079639918906
6.78841583791464,8.48949667763356,0.795621299418076,0.987026157095115,0.983653533118593,0.953971560792061,0.914486446972014,0.909250522857317,0.910069239454815,0.90227881240724,0.902846011534397,0.977555879759876,0.919575765257009,0.915016631911052,0.89940255136769,0.918359175665172,0.919669313792003,0.92982936167079,0.948658684846024,0.954117560099633,0.952274392637754,0.946379988290701,0.939241077234064,0.959105605947315,0.989263243140724,0.987970187178282,0.957584143716996,1.00250096151572,0.9878646985613,0.966600741983987,0.992318762036412,0.995445283187246,1.02931663979267,0.938971877501177,0.945340767957469,0.95976470491602,0.959644451236156,1.02185350451134,1.0382199536301,1.01020324794562,1.00584024309854,1.01451200417177,1.00129777987659,1.00224216901235,1.00188652616986,1.00280471259236,1.00273751075708,1.00251128768043,1.0021456072504,1.00182908874589,1.00305948585487,1.00154837547565
6.839895534897,8.56839003039742,0.787815388111877,0.987149805669039,0.982630996864347,0.952909943190236,0.913975722546947,0.909072101722929,0.909912063571879,0.902223285655713,0.902833243160951,0.977924123761075,0.919478156080444,0.914902428533065,0.899241640301487,0.91814246143386,0.919142653079789,0.928592202547003,0.947147396852036,0.952531273868372,0.95086337926048,0.944902208154331,0.938097082832281,0.957517916902071,0.987644995297835,0.986440115958793,0.956050533702712,1.00136920500265,0.985422487969553,0.96455592893481,0.988664917210735,0.991543246518339,1.02863980002201,0.938475761684383,0.945601232239824,0.958215105616678,0.958867832095835,1.02015109515856,1.03692447199156,1.00897111951103,1.00172062716046,1.01465961130606,1.00098658994005,1.00140259594243,1.00072862114082,1.00174956310597,1.00077842456236,1.00173303541327,1.00149036112899,1.00143185553983,1.00226542596843,1.00246814053787
6.89137523187937,8.63860729996066,0.743302552003755,0.992200879597874,0.986680925937936,0.957486912053523,0.919813014167072,0.915765413508026,0.916651926072235,0.909199216924831,0.909902316238077,0.983886009449839,0.925924140275949,0.921473313735648,0.905544894865119,0.924418096299634,0.924969404110768,0.933191476009232,0.951264910813633,0.956532354366013,0.955107177897483,0.949329264783838,0.943241884455584,0.960881846650767,0.990284352874857,0.989127016713577,0.959982526907917,1.00443097005134,0.987714498278479,0.967598419312665,0.989293262224197,0.99171086786291,1.031208475751,0.944467629971185,0.951731080639954,0.961850492264513,0.964746075199893,1.02199479749467,1.03880453079822,1.01106206506094,1.00109937710558,1.01679107927013,1.00090063793564,1.00058791826719,0.999820719279558,1.00056958907848,0.999015823965433,1.00086333730633,1.0008700509403,1.0011190581114,1.00132955315183,1.0033377259874
6.94285492886174,8.68118167914677,0.668467811699343,1.00109809599961,0.995026517092942,0.96682051432938,0.930776691652702,0.927883506038074,0.928831030848577,0.92167475961388,0.922489267594969,0.994070751018576,0.937480602992648,0.933277368312648,0.916925278916445,0.935808115391876,0.935935324071676,0.94283482865957,0.960393128319554,0.965476640030247,0.964268422549144,0.959047513644081,0.953934209222104,0.968804992044154,0.996993876765474,0.995825789989106,0.968824180826587,1.01102486046451,0.994431113128806,0.975266387552214,0.994355594739336,0.996216740480021,1.03652252396321,0.955753190598957,0.962249996691646,0.970239865107218,0.976505549419426,1.02739047025825,1.0438399461819,1.01603309666543,1.00442028245597,1.0204173297414,1.00095351068941,0.999837880249998,0.999235687206577,0.999330784581035,0.997564286386131,0.999917162660662,1.00019000663959,1.00083800780022,1.00029076159757,1.00408790689659
6.9943346258441,8.67098371926821,0.57795196304356,1.01209885495775,1.00614558650889,0.979189303423389,0.944783791637001,0.943082035338354,0.944100799932394,0.937197921735376,0.938096630820833,1.0062984278567,0.951913306266501,0.94803591304763,0.931190711114105,0.95012389024874,0.949976041274531,0.955850785392117,0.973013480981473,0.977832188460595,0.976729806088781,0.972377423180913,0.968279869961145,0.980073314076625,1.00681718954018,1.00557270610147,0.981141059943028,1.01980804193133,1.00445472511743,0.986260379460146,1.00324609965812,1.00460515508417,1.04362056623772,0.970284721545011,0.975075997287752,0.981921144603447,0.99201853978163,1.03562247404345,1.05127314806788,1.02289810319896,1.01149937612999,1.02475704295193,1.0010267144997,0.999229987449521,0.99899593707527,0.998178279454124,0.996510521960459,0.998962361284527,0.999397335794744,1.00055083784668,0.999229333749689,1.00465361311685
7.04581432282647,8.5852696490494,0.49006271170886,1.02311813708744,1.01811032925846,0.992448067014718,0.959409184758239,0.958712098797087,0.95981628260021,0.953017483547067,0.953924699504911,1.01807137240627,0.966773408285599,0.963229901754851,0.945908461550104,0.964927975263698,0.964693701594096,0.970107884498454,0.987108679970091,0.991561475528563,0.990390596302959,0.98719459032311,0.98407798804542,0.992978827298054,1.01832046361219,1.01695094802331,0.995001249178247,1.0290669641952,1.01610972297912,0.998752172401757,1.01469510214067,1.0157454979143,1.0512802199429,0.98564128678409,0.988116032864005,0.994968009475436,1.009012822505,1.04550477022289,1.0599846080018,1.03034953615729,1.02150258936326,1.02888863400948,1.00101073412426,0.998867565476788,0.999071618995137,0.997312406146584,0.995919113556034,0.998117575999278,0.998532150113328,1.00025379856776,0.998270333482958,1.00497796892309
7.08323557890618,8.4658350163518,0.439506803350567,1.02999250993578,1.02607892819266,1.0012258912761,0.968866863082454,0.968683535816867,0.969854249875086,0.96301900454268,0.963878442793377,1.02504592740224,0.976267573115954,0.972938675935372,0.95532834215559,0.974419908907274,0.974247098865015,0.97976762956139,0.996846478065685,1.00097572632764,0.999630093680651,0.997395062673929,0.994925741370534,1.00212725917466,1.02664378594062,1.02516760780784,1.00465601003677,1.03498008804141,1.02438475918106,1.00746901147473,1.0235680626181,1.02458661737583,1.05639952013252,0.995710715477679,0.996351045983675,1.00394435533091,1.02067879247226,1.05279275426166,1.06626068535715,1.03525424686311,1.02979932372578,1.03128037490056,1.00090505990289,0.998814414672937,0.999287790005916,0.99697505207834,0.995805227117909,0.997653900515802,0.997933144896026,1.00004953885388,0.997723299670333,1.00503836481933
7.10814711026468,8.35927887732541,0.4152313907065,1.03368919428542,1.03066013027336,1.0062503548862,0.974176875935893,0.974216263600466,0.9754344519813,0.968516307991663,0.969316664509888,1.02859157243821,0.981563907552921,0.978349779545669,0.960585818212966,0.979725869956107,0.979636525600611,0.985435913167634,1.00266559319825,1.00654805959253,1.0050266707445,1.0035334856564,1.0014964404427,1.00771723614327,1.03181268387969,1.03026380781466,1.01046861436396,1.03820792912096,1.02940229873043,1.0126924371298,1.02933593675783,1.0304344599983,1.05935567778264,1.00145949258576,1.00094585863103,1.00934637020828,1.027821305622,1.05737815599812,1.07012769773357,1.03801411478034,1.03545854401952,1.03245073331991,1.00078761204508,0.998894898731618,0.999487758463882,0.996924276267969,0.99588403712424,0.997450612376787,0.997596094444986,0.999932848211031,0.997467316566342,1.0049906699929
7.13305864162319,8.23424630728391,0.399693735121178,1.03655982632991,1.03450833703267,1.01044961038725,0.978529828941904,0.978704225074759,0.979970716412903,0.972934219454112,0.973658688366082,1.03116437517262,0.985882063575992,0.982759645382297,0.964873560192067,0.984057472644295,0.984071198002446,0.990275815496209,1.00772002753345,1.01135097987499,1.00962239244458,1.0088716039273,1.00723030792406,1.01266593960291,1.03644489434343,1.03482639907814,1.01555119339411,1.04074922386271,1.03382306534507,1.01724682973002,1.03473951493067,1.03599066486518,1.06185089357598,1.00623932922776,1.00468489308923,1.01401498963647,1.03406140677341,1.06152207465118,1.07354807046178,1.04025859667409,1.04096561075986,1.03324516276022,1.00063972616621,0.999071173897232,0.99971780121796,0.997023712093206,0.996085953674979,0.997352022618697,0.997345867685103,0.999843209521498,0.997321382539397,1.00487177945231
7.1525363249953,8.12491359424276,0.394562024624761,1.03819641319186,1.03691004292508,1.01304262597805,0.981145500251161,0.981366765508245,0.982669393472606,0.975527782810397,0.976187786290239,1.03248424806056,0.988457545649187,0.985389074778132,0.967431607613693,0.986643806139427,0.986746565003494,0.993345432370724,1.01100355828412,1.01443441894407,1.01252649900834,1.01241362909676,1.0111136839396,1.01595991814659,1.03957873540026,1.0379078037688,1.01888084571996,1.04218015360546,1.03673439181807,1.0202108255318,1.03856181406568,1.03998311680302,1.06342193756813,1.00916331610182,1.00692473896826,1.01712491663359,1.03842488232955,1.06436066072025,1.07582643564337,1.04158610491647,1.04502743444758,1.03360259044445,1.00050997442741,0.999273419202403,0.999911609495216,0.997206199547862,0.996328356945684,0.997356308450991,0.997229516133122,0.999797919966767,0.997294070592632,1.00473003689766
7.1720140083674,8.01106722665262,0.392777963666236,1.03933105654741,1.03888441290221,1.01518207646665,0.983249651127685,0.983471739274028,0.984812700664201,0.977541421174133,0.978125488022521,1.03326033410123,0.990526022724554,0.987495442404477,0.969483873836812,0.988723312714245,0.988918688943528,0.995970089608408,1.01386712400677,1.01709490808792,1.01499244826689,1.01549629844569,1.01444871997154,1.01888153887004,1.04237835194802,1.04065891805954,1.02180358630899,1.04324533067083,1.03929213146392,1.02279372529905,1.04210503281601,1.04372164396902,1.0647185784553,1.01158042345842,1.00873449908989,1.01980150147397,1.04202911098724,1.06689883820863,1.07781603592586,1.04262921352617,1.04889026485761,1.03374796934948,1.00037632019517,0.999527120107637,1.00011190683791,0.997474990763984,0.996640931044224,0.997436754221138,0.997196944146409,0.99977940728088,0.997349249721962,1.00454707247631
7.19149169173951,7.89489843373465,0.395117283130298,1.04007933226886,1.04050347819937,1.01699305560166,0.985091957391721,0.98532066692264,0.986711313770662,0.979283005755405,0.979778800900405,1.03372870945881,0.992546801162894,0.989487958930598,0.971418266539718,0.990676276334911,0.990867876574103,0.998272716318714,1.01638231142207,1.01939879374206,1.01710532607006,1.01822677531047,1.01744454468762,1.02145885203474,1.04485326023754,1.04308802480442,1.02437558964416,1.04401103686193,1.04149485318792,1.0250261515247,1.04528086019826,1.04710025165624,1.0657894000852,1.01362332777992,1.01042576630279,1.02219797087268,1.04539630959982,1.06914445378204,1.07953723037209,1.04342230471153,1.05243191724949,1.03374952435325,1.00024680493088,0.9998238322291,1.00031265520867,0.997821155040165,0.997019510473742,0.997594513887449,0.997257205692098,0.999790592920182,0.99748941982674,1.0043249252052
7.21096937511162,7.78003006030954,0.400423495918325,1.04044724920414,1.04173829460001,1.01840823200689,0.986605940580396,0.986861866963741,0.988315044841009,0.980706329547859,0.981104081778579,1.03389143993838,0.99443296232221,0.991291466009945,0.973159331158928,0.992424305135622,0.99250895354365,1.00010729404429,1.01836387455402,1.0212157856804,1.01876195054156,1.02034914777737,1.01980178252679,1.02354747924809,1.04688499302001,1.04507893265746,1.02642336534632,1.04447007087518,1.04329508742329,1.02682250431228,1.0480614614095,1.05009683772882,1.06661804821889,1.01532764782975,1.01198946876052,1.02405378269938,1.04807059206956,1.07099995064393,1.08089525841325,1.04396400713168,1.05563091262857,1.03361784676001,1.000130266702,1.00015310798576,1.00050852889757,0.998234628011268,0.997460063035032,0.997829370723268,0.997416736486557,0.999833481033849,0.997714984363178,1.00406620910648
7.23044705848373,7.6627421988034,0.415079690975126,1.04014406531563,1.04198555705582,1.01843388747496,0.986028589834751,0.986065938797153,0.987499477705963,0.979871933313785,0.98024750715066,1.03293117734516,0.993172391761289,0.990185904371284,0.97210708922266,0.991389067969196,0.991842148874949,1.00033443212761,1.01902803509945,1.0217473617565,1.01909116272473,1.02140342249368,1.02114668852635,1.02446352175891,1.04789314165351,1.04604740283924,1.02718598751401,1.04408874055936,1.04411460107833,1.02750800126269,1.04999296499043,1.05229501042377,1.0668246702069,1.01496657916682,1.01110734040217,1.02499325625746,1.04978462688399,1.07199765836513,1.08145354287061,1.04384990648415,1.05815992675992,1.0331941300281,1.00003854729267,1.00050928283791,1.00070265121454,0.998705294312588,0.997958102225919,0.998142100471369,0.997680633403553,0.999912486717038,0.998026318463938,1.00377461215476
7.24992474185584,7.5583001425182,0.42678246588212,1.03982099789771,1.04231863743567,1.01875585186403,0.986119098141502,0.986052271445477,0.987508313764865,0.979781183422069,0.980098974572064,1.03227432508203,0.993224712470535,0.99023230440046,0.9721545275302,0.99144326896466,0.991972101274032,1.00093525464055,1.01989170570545,1.02247337534434,1.01965161682342,1.02252978070692,1.02248200814468,1.0254961485549,1.04895472451524,1.04707797254358,1.02812364496016,1.04385582588219,1.04498297443117,1.02831000553786,1.05179632356236,1.05432181838753,1.06706782612022,1.01513377124321,1.011193334096,1.02601756285993,1.0513874115178,1.07299034966062,1.08205963612351,1.04381404828926,1.06045745027496,1.032817719152,0.999980594602003,1.00088301725352,1.00089577800261,0.999220103490435,0.998507010823714,0.998529204389282,0.998048377945803,1.00002953473522,0.99841967203041,1.00345410315471
7.26940242522795,7.46602863931556,0.439003972510988,1.03935195980793,1.04241423008837,1.01881249916613,0.985914497255069,0.985732846965233,0.987203609746118,0.979401140496745,0.979673634914739,1.0315126969786,0.992972552164332,0.989968759017361,0.97190243794462,0.99119572671019,0.991795069944588,1.00120233803909,1.02040796957772,1.02287959618683,1.0199131190885,1.02330363090289,1.02343341858042,1.02617539758908,1.04967566589925,1.04777561501263,1.02870787864565,1.04349582026988,1.04556070808542,1.02881176986701,1.05320508100915,1.05593440081057,1.06716376825042,1.01492003937859,1.01101946943207,1.0267521142524,1.05256521733998,1.07366715636871,1.08242166443507,1.04365026700691,1.06233039738346,1.03241832221679,0.999963376452493,1.00125925236464,1.00108304687809,0.999762580727284,0.99909666262565,0.998982079640458,0.99851297597781,1.00018251675617,0.998886087496984,1.00310861543332
7.28888010860005,7.38934547560489,0.45030669847889,1.03883603112861,1.04236385966572,1.0187163551145,0.985551542084256,0.985248946438924,0.986727408870006,0.978871630809175,0.979111362179626,1.03075571050788,0.992567278696206,0.989545778286201,0.971495808481586,0.990793109531927,0.991457290241955,1.00126450201177,1.02069187881294,1.02307777782961,1.01998919353737,1.02382384697954,1.02409319736114,1.0266054467711,1.0501503338682,1.04823665877362,1.02905125193971,1.04309911349481,1.04593345317831,1.02910948084496,1.05427576070605,1.05717921217982,1.06715698671955,1.0144453989785,1.01070841586394,1.02728397442807,1.05340278181003,1.0741079676188,1.08263454883285,1.04343064875822,1.06380662998584,1.03204122377119,0.999994252261386,1.00162609010636,1.00126410443058,1.00031834657969,0.999717947100953,0.999492104256712,0.999064925560347,1.00036965666481,0.999415581166097,1.00274265585499
7.30835779197216,7.33090523313004,0.459970629713076,1.03835517557072,1.04222848948887,1.01852637202428,0.985092543708262,0.984668271023467,0.98614552268941,0.978265312243559,0.978487745998953,1.0300847172364,0.992060775715729,0.989018657316503,0.970989935148882,0.990291648174591,0.991015848881768,1.00116974180787,1.02078634259538,1.02311641019895,1.01993339984476,1.02412285097092,1.02449160308092,1.02682182381018,1.05040962838801,1.04849345817146,1.02919473249579,1.04273080647102,1.04614584490883,1.02924899569587,1.05502990884941,1.05807094126252,1.06708990761772,1.01376890418892,1.01030551852918,1.02763755407405,1.05392835869299,1.07433939821694,1.08273578804467,1.04320417224461,1.064887644005,1.0317227621657,1.00007794170707,1.00197214300509,1.00143904717574,1.00087378062373,1.00036103164584,1.00004887172723,0.999691056082022,1.00058820409639,0.99999596782844,1.00236099094695
7.32783547534427,7.29285571278112,0.467153312177632,1.03798057613418,1.04206953636397,1.01831104374311,0.984618164937258,0.984074856130147,0.985541800831388,0.977666263515049,0.977887280157144,1.02956926038349,0.991535432613353,0.988470605351161,0.970465985332859,0.989773713760432,0.990553526238172,1.00099142173543,1.02075752832368,1.02306106072599,1.01981315334079,1.02425427718048,1.0246792848236,1.02688544928445,1.05051031334617,1.04860425362155,1.02920343023554,1.04245150646426,1.04625103674845,1.02928827753512,1.05550330201284,1.05863945172539,1.06699871652117,1.0129678572424,1.00987838665657,1.02785610400073,1.05418950289293,1.07441154111256,1.08278602014777,1.0430194787132,1.06559186624409,1.03149330465659,1.00021726196922,1.00228707772352,1.00160831546875,1.00141659960123,1.00101565732602,1.00064058825374,1.00037510711303,1.00083428380999,1.00061331522147,1.00196855700731
7.34731315871638,7.27651496539325,0.471370701385725,1.03776187151971,1.04192864101383,1.01811438735493,0.984181480045071,0.983525194569292,0.984972681624783,0.977130934209988,0.977366511318986,1.02925433841227,0.991043790208533,0.987955371537693,0.969976515401214,0.989292494175732,0.990123295108026,1.00077444966094,1.02064520016856,1.02295183941073,1.01967042200963,1.02424824045654,1.0246849741902,1.02683264703678,1.05048638417751,1.04860377375033,1.02911635288399,1.04230148283373,1.04628199121468,1.0292629608394,1.05571760479256,1.05890266465209,1.06691031010753,1.01210037303223,1.00947049181023,1.02796106673289,1.05421379599845,1.07435548357593,1.08282189366179,1.042909484148,1.06592971453894,1.03137301094487,1.00041238431111,1.00256201933905,1.00177246145012,1.00193618779672,1.00167125743956,1.00125433378806,1.00109829813267,1.00110309421023,1.00125241735793,1.00157040569287
7.36679084208849,7.28236715992421,0.472374057830368,1.03772551386792,1.04182905084949,1.01796131056333,0.98381604671109,0.983055595706762,0.984474982839951,0.976694257141337,0.976959564614753,1.02916092215307,0.990619988654776,0.987507974668032,0.969555563977192,0.988882284824077,0.989758990275827,1.00054709077775,1.02047423017099,1.02281223671175,1.01952915930298,1.02412344033752,1.02452722651355,1.02668732585402,1.0503614093792,1.04851568824932,1.02895819304337,1.04230064507684,1.04625608273539,1.02919275310618,1.05568598590762,1.05887221415843,1.06683903515874,1.01121219626955,1.00910986682323,1.02796392980039,1.05402004792661,1.07419438318259,1.08286825339125,1.0428923232399,1.06590959096184,1.03137157044083,1.00066090834743,1.00278994794118,1.00193201034365,1.00242388432375,1.00231721891012,1.00187648551466,1.00184007410924,1.00138901772063,1.00189738830801,1.00117164499786
7.3862685254606,7.31003349794615,0.470216654252947,1.03787186560008,1.04177273856486,1.01785382715972,0.983531293667532,0.982678064217563,0.984061737759303,0.976366004389088,0.976674683908471,1.02928432081626,0.990274770703606,0.987139853994583,0.969213916656697,0.988553578632644,0.989469920865171,1.00031470346082,1.02024832104506,1.02264399888425,1.0193907711025,1.02388179826811,1.02420916447789,1.02645380850994,1.05014074397343,1.04834453907698,1.02873268899823,1.04244669401035,1.04617153408743,1.02907723645235,1.05540887465224,1.05854914275768,1.06678650553385,1.01033304854883,1.00880519760378,1.02786180573529,1.05361315687019,1.07393612093711,1.08292912631821,1.04296913107023,1.06553342702704,1.03148724483833,1.00095775950945,1.0029660034293,1.00208733000287,1.00287310860664,1.00294311524207,1.00249312009894,1.00257887612736,1.00168580976417,1.00253226794041,1.0007773898768
7.40158472370391,7.3463923303586,0.466493752738878,1.03809948855071,1.04174723562804,1.01778916545001,0.983355844126178,0.982439082466891,0.983790289518733,0.976175328479712,0.976526303248306,1.02951553994254,0.990051732806652,0.986899564242974,0.968994239072657,0.988345141088511,0.989287149930344,1.00011891434995,1.0200226483176,1.02248035000135,1.01927188263945,1.02360200152364,1.02384029142352,1.02620021686785,1.04989353558986,1.04814412163401,1.02849880080892,1.0426499588,1.04605163387172,1.0289427548192,1.05501151216083,1.05808418064732,1.06675122737542,1.00965706797478,1.00859928223019,1.02769855707966,1.0531393263909,1.07366154746181,1.08297859396397,1.04308606518635,1.06498521114029,1.031652516944,1.00122052720761,1.00306628463577,1.00220658682462,1.00319638157501,1.00341488756142,1.00296544732402,1.00314406679816,1.00192264306839,1.00301466977941,1.00047372104953
7.42297624046998,7.4166521058221,0.458877226340307,1.03853468887148,1.04170272511561,1.01769011314809,0.983149424047854,0.982160199014284,0.983461649351467,0.975974293544458,0.976393578371716,1.02998648695013,0.989781756634087,0.986606973218498,0.968729950061996,0.98809684865217,0.989064319172767,0.999793171923214,1.01960559352695,1.02217098235111,1.01905408414606,1.02305498738561,1.02312995300999,1.02571538882908,1.04941546525678,1.04774041755868,1.02805817098435,1.04302142937539,1.04577161067036,1.02865650940532,1.05417337635566,1.05711004498187,1.06668796341329,1.00873819317399,1.00833618435636,1.02732418351551,1.05223534355624,1.07315586928305,1.0830184652521,1.04330257938914,1.06384231907814,1.03197023129401,1.0016201458911,1.00314992641372,1.0023686826371,1.00360084604259,1.00403357306975,1.00359215530509,1.00388723839699,1.00225094435878,1.00364795602058,1.00006436684851
7.44436775723605,7.50659324582813,0.449220246985329,1.03902595223833,1.04158497393921,1.01751391416595,0.98292342147562,0.981881667682524,0.983130413643113,0.975781353119564,0.976276185078398,1.03054917583526,0.989500470209111,0.986303436917768,0.968455542171418,0.987837508559618,0.98881418607139,0.999344420558236,1.01901214043626,1.02170616304632,1.01871127114648,1.02227833645676,1.02215069357869,1.02502630512291,1.04873609477962,1.04714329020946,1.027428341445,1.04342594085158,1.04530578367964,1.02819850700327,1.0529762038896,1.05573729731421,1.06656898151116,1.00782354570313,1.00805269844989,1.02673267201023,1.05101504737655,1.07247299668053,1.08296965082807,1.04353012206578,1.0622527704364,1.03235283417049,1.00204443617815,1.00317054352208,1.00252491203794,1.00394955046984,1.00459585390169,1.00416641890606,1.00455435690181,1.0025683916966,1.00421958824695,0.999677699537246
7.46575927400212,7.61226925219807,0.439047715509544,1.03944826992191,1.04130233132835,1.01717206363001,0.982593112852636,0.981522470813167,0.982720320719411,0.975508852581252,0.97608156182807,1.03108976581423,0.98912683268472,0.985911310001208,0.968090729382143,0.9874828410264,0.988452836447097,0.99869638335293,1.0181734495067,1.02100867131758,1.01815993682987,1.02123127594137,1.0208677817403,1.02407154884281,1.04779900506301,1.04628877072556,1.02654014252565,1.04376392240508,1.04457603929629,1.02749065044853,1.05136732474643,1.0539186596273,1.06633658966283,1.0068922707841,1.00768095179007,1.02589545515362,1.04945012262828,1.07156600172977,1.0827538334253,1.04369520838398,1.06018923496791,1.03274543541381,1.00247595460528,1.00313415250544,1.00267399395728,1.00424313894187,1.00509199370576,1.00467344306056,1.00512231812444,1.00286577636178,1.00471520538818,0.999319823546211
7.48715079076819,7.72899304380356,0.429325239164466,1.0396810941409,1.04076074910225,1.01656292161417,0.982052149155836,0.98097397281436,0.98212454258845,0.975043708846404,0.975692564117658,1.03148997136841,0.988561337146924,0.985326499421301,0.967535817595698,0.9869324626819,0.987873402370052,0.997752546771758,1.01700211743586,1.01998812299007,1.01730420923549,1.01983771102573,1.01921497658299,1.02277314549965,1.04653455141935,1.04510551247506,1.02530950438206,1.04393490741776,1.04351043311463,1.02645403467986,1.04932001877394,1.05164369972374,1.06593121432206,1.00587510320362,1.00713971154019,1.02473723688029,1.04748648993794,1.07038185141963,1.0822911331152,1.04372026080679,1.05766043346828,1.03309425224993,1.00289603261919,1.00304973499418,1.00281412885024,1.00448378516615,1.00551414818517,1.00510072510936,1.00557248756126,1.00313433108613,1.00512380765175,0.998996415406049
7.50854230753427,7.85198927933565,0.421467971141778,1.03958807584966,1.03986079792927,1.01558769207139,0.981197268530351,0.980132114435039,0.981242502410963,0.974276241799293,0.974995068545802,1.03162436797409,0.987704752980554,0.984449838991252,0.966692024721518,0.986084981969208,0.986973954999782,0.996426269778936,1.01542271498509,1.0185620744169,1.01605391786023,1.01804602005632,1.01714895469433,1.02106612346069,1.04488450836385,1.0435301741977,1.02366296350715,1.04383146865121,1.04203575583982,1.02501153285018,1.04680061405698,1.04888947678606,1.06528889806648,1.00471506859471,1.00634680345849,1.02321621561781,1.0450901681,1.0688726036079,1.08150289698345,1.04352304559772,1.05466518525178,1.03333899923886,1.00328576189292,1.00292868103119,1.00294312704161,1.00467459383639,1.0058566306596,1.0054385333846,1.00589192513994,1.00336615988499,1.00543807375436,0.998712600147309
7.52993382430034,7.97657728405234,0.416641440024097,1.03904500214942,1.03851375879588,1.01415729275347,0.979930215087398,0.978894872564403,0.97997455583444,0.973099744215834,0.97387861281359,1.03137629264631,0.986461792659002,0.983184502329574,0.965464380661215,0.984843941120766,0.985657955239814,0.994640239268442,1.01337041518654,1.01665969592334,1.01433021136297,1.01580942747384,1.01463151341296,1.01889743036609,1.04280309744088,1.04151400582749,1.0215390257743,1.04335750795795,1.04009428885184,1.02309999778001,1.04379419935273,1.04565323600661,1.06435325584115,1.0033435276046,1.00522326551057,1.02129245388548,1.04223281808944,1.0670011420844,1.08032651220599,1.0430283995146,1.05122085965431,1.03342374233431,1.00362689766328,1.00278396446487,1.00305845537834,1.00481894251649,1.00611593937717,1.0056800668331,1.00607390889172,1.00355440521039,1.00565440227959,0.998472821729407
7.55132534106641,8.09840003071178,0.415786492721796,1.03794905293095,1.03665048552751,1.01220322414588,0.978170395354423,0.977175804331839,0.978235846098507,0.971423798070681,0.972249733362142,1.03064713221771,0.984752859994604,0.981449138797081,0.963773594693718,0.983129345616447,0.983847251909126,0.992338812631091,1.0108026929336,1.01423248523837,1.01207628294774,1.01309881415193,1.01164138727572,1.01623719808666,1.04026734795006,1.03903253764459,1.01889936651228,1.0424350948892,1.03764993040068,1.02067809700145,1.04030640697082,1.04195190326148,1.06307960902602,1.00169472496425,1.00370283243705,1.01894152350165,1.03890220639969,1.06474914373768,1.07872413967912,1.04217473198927,1.04736196693162,1.03330081680544,1.00390301980764,1.00262925768782,1.00315739100262,1.00491992974956,1.00629077859243,1.00582162845439,1.00611838483845,1.00369353282631,1.00577275189565,0.998280716059202
7.57271685783248,8.21370534078354,0.419532697635354,1.0362289279225,1.03422915456083,1.00968500588307,0.975862544515178,0.974911763301314,0.975963844895976,0.969182206693256,0.97004010502391,1.0293643571757,0.982521207938302,0.979185180976356,0.961563226561069,0.980884948763255,0.981489518781999,0.989494435871122,1.0077050027611,1.01126032985101,1.00926399824747,1.00990685953069,1.00817784545317,1.01308378216296,1.03728170977423,1.03609033276507,1.01573434287666,1.04101247116845,1.03469329209719,1.01773182807648,1.03636556812897,1.03782342330622,1.06144126044743,0.999710854471458,1.00173762422491,1.01615784484614,1.03510520194674,1.06212117582837,1.07668822136861,1.04092020631257,1.04314004928388,1.0329349204157,1.00410040227316,1.00247797337089,1.00323717794811,1.00497994355362,1.00638194575879,1.00586263695217,1.00603187157742,1.00377956459583,1.00579629198425,0.998139004343811
7.59410837459856,8.31948353523864,0.428157973887989,1.03385258138078,1.03124089419272,1.00659546809254,0.972983103619127,0.97206985296494,0.973125282643933,0.96634006748078,0.967213701832204,1.02748804416992,0.979739306287226,0.976363419700219,0.958806026987902,0.978084580870702,0.97856436099666,0.986112040844609,1.00409427449287,1.00775530812175,1.00589826492634,1.00625085361484,1.00426317840583,1.00946638594811,1.03388009818263,1.03272277336703,1.01206614602084,1.03906895695047,1.0312444139704,1.01427769054408,1.03202337956119,1.03332686712218,1.05943275577352,0.997348978736232,0.999303492687706,1.01295690736971,1.0308699089946,1.05914669423743,1.07424308193458,1.03924711707972,1.03862290750319,1.03230638820784,1.00420883452321,1.00234230819969,1.00329517995682,1.00500038280378,1.00639211381291,1.00580550715736,1.00582685959031,1.00381021130209,1.00573088850347,0.998049411459222
7.61549989136463,8.41357233045634,0.441577660096569,1.03083147314195,1.02771231551645,1.00296269589791,0.969543149969637,0.968651102351217,0.969719875279809,0.962897575990718,0.96377065185924,1.02501449534022,0.976411954500494,0.972987328503314,0.9555070331395,0.974735119032643,0.97508583414165,0.982229626255394,1.00001862569349,1.00376189815386,1.00201786435986,1.00217253706077,0.999942324487548,1.0054436854936,1.03012391185173,1.02899358171868,1.00794801324877,1.03661739788967,1.02735252974905,1.01036265523809,1.02735285511156,1.02853996286278,1.05707199498008,0.994585582987178,0.996402661551013,1.00937499778882,1.02624505161146,1.05587858685267,1.0714420197896,1.03716411031538,1.03389158160859,1.03141304138158,1.00422219102946,1.00223237538166,1.00332902739816,1.00498156339186,1.00632553349842,1.0056554245064,1.00552075183644,1.00378493273957,1.00558449346993,0.998012622095988
7.6368914081307,8.49466171692413,0.459372506208879,1.02722102307975,1.02370483463057,0.998848756350795,0.965588298238601,0.964691306459993,0.965781306968778,0.958890947070264,0.959748136209059,1.0219769596264,0.972576688977283,0.969093657241998,0.951703940994185,0.970876648454088,0.971101941573709,0.977915761407627,0.995554110548873,0.999354164108474,0.997693156513226,0.997735822584455,0.995280597225147,1.00109948996464,1.02609716434842,1.02498930405272,1.0034604197731,1.03370343552418,1.02309320528645,1.00606133134492,1.02244455942655,1.02355519802808,1.05439980589239,0.991419690452125,0.993064306693864,1.00546718790852,1.02129771561945,1.05238923321687,1.06836110962358,1.03470601684272,1.02903649184695,1.0302705221139,1.00413877718209,1.00215549299201,1.00333674181757,1.00492280241357,1.00618768109291,1.00542002863549,1.005134443745,1.00370489709188,1.00536648946205,0.998028278290949
7.65828292489677,8.56224747859359,0.480838019934692,1.02311742286549,1.01931116127046,0.994345663374792,0.961195677872299,0.96025892077623,0.961375318103096,0.954390347995669,0.955218248406989,1.01844349098776,0.968301414595652,0.964750197490909,0.94746470492252,0.966579806997507,0.966691254080431,0.973264545228192,0.990799191847994,0.994630584645661,0.993021253475668,0.993022877610098,0.990359901963961,0.996536257904122,1.02189962646775,1.02081184513052,0.998705028526022,1.0304022480585,1.0185635448488,1.0014710282957,1.01740164300867,1.01847494685698,1.0514778082987,0.987873664703309,0.989342862903938,1.00130403653146,1.01610971326018,1.04876474516925,1.06509117067719,1.03193157463524,1.02415299657751,1.02891113693318,1.00396140219983,1.00211568838108,1.00331683091791,1.0048226605583,1.00598488245493,1.00510902898789,1.00469069420518,1.00357285288665,1.00508704785231,0.998095019776231
7.67967444166284,8.61651806691711,0.505058048882412,1.01865123860121,1.01464939750831,0.9895691459457,0.95646857676647,0.955450521378811,0.956595388974661,0.949495339345831,0.950283312962619,1.01451233303461,0.963679814195273,0.960051255472341,0.942882913965741,0.961940900959404,0.961957324952474,0.968388868829508,0.985867808982961,0.989707270496689,0.988119352396842,0.988129169677109,0.985274030526574,0.991867519868091,1.01763912220448,1.01657032137225,0.993797364742093,1.02681307629878,1.01387601658286,0.996705332353417,1.0123342725444,1.013406206683,1.04838455245336,0.983991982028573,0.985314547507996,0.996967484049938,1.01077315979233,1.04509834138569,1.06172934445798,1.0289193599455,1.01933696513666,1.02738139501208,1.00369719113011,1.00211345302382,1.00326834676157,1.00467930262049,1.00572394269901,1.00473377151661,1.0042124562053,1.0033929247586,1.00475654664996,0.998210562798907
7.70106595842892,8.6582196070956,0.530976783220255,1.01397863304075,1.00985566823505,0.984651290597188,0.951529676458812,0.95038461223956,0.951556773683533,0.944328586013863,0.945069431477242,1.01030550534101,0.958825329904387,0.955111612909477,0.938071748010807,0.957075642711871,0.957021873067313,0.963413234129255,0.980882406658975,0.984710859584387,0.983117444457136,0.983158724593589,0.980124272343152,0.987210669660379,1.01342446186732,1.01237382324444,0.988859652597558,1.02305244956077,1.00915201271943,0.99188740102135,1.0073544712272,1.00845592666609,1.04521064405173,0.979838325983019,0.981072667119775,0.992547112873323,1.00538650079363,1.041484149532,1.05837199067025,1.02576258368819,1.01468117022854,1.02573859377073,1.00335714973417,1.0021457589855,1.00319090625399,1.00449092699912,1.00541180560069,1.00430677377893,1.00372132788624,1.00317036002302,1.00438508241887,0.9983718096452
7.72245747519499,8.68848894504865,0.557483808690382,1.00927109223004,1.00507592624557,0.979732652248976,0.946513554371867,0.945194474935506,0.946389564914703,0.939028546760462,0.939718978899873,1.00596127124286,0.953864353036743,0.950059635700342,0.933157152305226,0.952112153074307,0.95201739254667,0.95846657734394,0.975967178011298,0.979771427429798,0.978150850533298,0.978219229195627,0.97501479813902,0.98268035498951,1.00935917331458,1.00832522207133,0.984014056990514,1.01924666102901,1.0045153772982,0.987143239431607,1.00257124874948,1.00372666311352,1.04205320940416,0.975491520646513,0.976722226402173,0.988136164387066,1.00005017134587,1.03801148630429,1.05510891690722,1.02256322106851,1.01027206300542,1.0240468310945,1.00295552062198,1.00220632315973,1.00308467746424,1.00425621287078,1.00505526331644,1.00384124429925,1.00323625471571,1.00291125585889,1.00398209753815,0.998574978466479
7.74384899196106,8.70870224780283,0.583470710402615,1.0047046807741,1.00045788795717,0.974954900813574,0.941559465774576,0.940021003550716,0.94123172228378,0.933742059695867,0.934382963937054,1.00162627616979,0.948929557277489,0.945030460058006,0.928271165845412,0.9471841991,0.947080220456975,0.953676351045738,0.9712429417126,0.975016703505847,0.973353777940254,0.97341895077888,0.970050122935118,0.978383956607677,1.00553759394358,1.00451756999299,0.979377786064747,1.01552442933848,1.00008705680361,0.982596185932053,0.998087329146824,0.999313985911342,1.03901035868468,0.971041160939175,0.972374578744458,0.983829454383005,0.994864777342829,1.03476131198165,1.05202054134782,1.01942619512697,1.00618844772636,1.02237287209213,1.00250897878806,1.00228608539357,1.00295033913963,1.0039747366803,1.00466072777307,1.00335059927264,1.00277257024188,1.00262229679918,1.00355612935206,0.998815742144593
7.76524050872713,8.72032249391873,0.607904677920406,1.00044970614236,0.996143519443045,0.970454150563182,0.936804722949285,0.935005995415176,0.936222532693359,0.928617345428282,0.929213800253397,0.997447961295939,0.94415369516637,0.940159641721282,0.923545728800097,0.94242494560586,0.942344249890995,0.949163303027426,0.966822559593593,0.970566915228205,0.96885356768243,0.968862835637383,0.965331296990542,0.974417744256531,1.00204154212573,1.00103114517001,0.975058811634915,1.01201002076502,0.99598023627462,0.978361938410302,0.993995969960911,0.995303742396134,1.03617595802411,0.96658334740348,0.968142353540411,0.979719904041748,0.989927209680302,1.03180280228801,1.04917541658963,1.0164538409262,1.00249955622267,1.02078222578991,1.00203572494783,1.00237385307098,1.00278902354728,1.00364731419639,1.00423406842199,1.00284798864165,1.0023414152399,1.00231052610464,1.00311467624166,0.999089365672845
7.7969181928109,8.72486050469312,0.638776806343082,0.99505094454434,0.990609784164414,0.964589301869582,0.930432024292216,0.928186514239369,0.929389925048319,0.9216530994388,0.922199994573939,0.991852027274517,0.93767284298298,0.933542185354189,0.917139521315074,0.935986257622725,0.93599726577009,0.943254909119136,0.961084065107337,0.964799847515391,0.963010129740209,0.962817395526727,0.959043644393697,0.969358724381958,0.997636265128448,0.996628406927737,0.96948277930125,1.00745137216524,0.990734702705993,0.972917890921625,0.988866019242718,0.990298336469936,1.03256038551429,0.960206763470684,0.962349964693841,0.974228933136311,0.983316553650343,1.02810553313201,1.04555089863141,1.01257789947441,0.997923358168338,1.01870830004616,1.00132854862518,1.00248986626499,1.00250444587474,1.00308455293566,1.00355493642129,1.00210944525049,1.00177579379154,1.00182364396988,1.00244663468515,0.999543387556803
7.82859587689467,8.71840479095978,0.662079747313554,0.991081341040355,0.986361637436028,0.959938689358175,0.92514821040992,0.92241762228461,0.923579033186085,0.91578284737197,0.916311623336836,0.98731973020983,0.932189432245169,0.927939277770159,0.91172923097444,0.930562181676916,0.930724486526707,0.938490533003773,0.956501382211569,0.960225434422694,0.95837788065868,0.95781509389118,0.953786151582714,0.965401357673692,0.994234480025249,0.993214312574713,0.965056913473403,1.00389183383103,0.986674025309677,0.968656053142981,0.984967300351553,0.986505722158702,1.02979402514976,0.954354700830706,0.9573678352896,0.969637041521492,0.977721068282027,1.02526946337106,1.04269590113132,1.00951592983272,0.994460895899107,1.01711569640193,1.00066150307639,1.00255390641915,1.00217030766037,1.00244036580874,1.00283027630446,1.00140591616796,1.00129899819917,1.00132592086595,1.00177472520906,1.00004151612151
7.87402719119341,8.68978466020073,0.679980068606176,0.988357032205973,0.982977998324036,0.9558718745835,0.920045205773893,0.91663187402222,0.917686305259163,0.909953038907194,0.910519883364193,0.983268792236987,0.926680601712725,0.922301158382842,0.906311464348038,0.92515572781352,0.925597424863615,0.934090557605023,0.952339726054196,0.956169148084793,0.954297456425904,0.952862477658994,0.948437585666294,0.961948413435339,0.991348969736472,0.990294689711418,0.961084045848936,1.00095021133321,0.983322732015034,0.965017629504338,0.981901190123574,0.983557353440748,1.02761687318737,0.947535931879402,0.952215534309563,0.964965263580544,0.971856849599788,1.02291320322415,1.04019811900428,1.00692652671588,0.991793071523865,1.01588272894468,0.999877100342726,1.00247833329624,1.00162229582528,1.00142729735721,1.00174068593075,1.00051463862747,1.00074484362076,1.00064252210367,1.00083429674125,1.00079680238581
7.90206179564234,8.67321221406608,0.675657178522814,0.988562744382039,0.982661856602838,0.955137052568037,0.918649423104736,0.914855018359946,0.91582068096177,0.908214665853808,0.908843963782568,0.982472519917701,0.924973479904382,0.920550112740955,0.904650863784055,0.923520897382047,0.92417422260355,0.933137376182779,0.951542728686873,0.95543952497473,0.953563581009708,0.951797130050019,0.947213456726036,0.9614016916324,0.990953560368963,0.989853444196296,0.960357205485119,1.00056717825884,0.982919398456083,0.96447601574642,0.981664860235171,0.98335031592775,1.02742827445614,0.944613110673796,0.950462128656986,0.963997699682246,0.970455304639238,1.02263344444234,1.03969457643933,1.00651154895409,0.99160552424693,1.01581688162952,0.999528132963668,1.00230359065373,1.00125021676726,1.00077106368208,1.00104348332612,1.00004751621008,1.00045569597459,1.00025824299504,1.00027494050823,1.00127065875944
7.93009640009127,8.63268481547296,0.678203224400299,0.990097451909798,0.983549470422308,0.955527095380518,0.918423222756867,0.91436020589545,0.915224410189667,0.907835445661946,0.908564954666702,0.982958762038516,0.924418645190132,0.919995562700002,0.904135737657258,0.923023654276669,0.923852631489722,0.93301367330669,0.95143003531727,0.955579724193367,0.953818578525338,0.950682976555333,0.945654910693529,0.961403809906824,0.990976607636337,0.989857607740739,0.960281212830324,1.00111732631697,0.983440692325293,0.964828917783224,0.982267524696792,0.983928513332076,1.02802989755177,0.942661599898682,0.949677087970792,0.962518850058997,0.968246697490749,1.02260212025472,1.03961126945861,1.00688810108922,0.992044671277734,1.01625305907901,0.999302985067974,1.00201634896745,1.00086258560891,1.00012182029446,1.0003407897737,0.99965351828969,1.00018553127825,0.999921802704469,0.99974474985624,1.00173569587469
7.9581310045402,8.60558065967175,0.653710130180192,0.992916967526695,0.985899551590867,0.957559658429786,0.919937334982175,0.915666790532311,0.916434203528745,0.909268788630212,0.910099180879403,0.984825620790371,0.925627530515237,0.921221609493172,0.905362042878952,0.924294519362203,0.925317310979877,0.934816951119392,0.953351193043468,0.95759054358321,0.955852957163413,0.952600626373193,0.947541461533063,0.963250620146157,0.992663356148806,0.991492464862139,0.962195787865877,1.0029030524509,0.98561601732075,0.966923333853382,0.984664094677431,0.986327810734533,1.02956407898938,0.942412346683124,0.950483981067561,0.964356447878617,0.970157919118753,1.02408569181426,1.04077008048666,1.00830346580281,0.994296308125996,1.01718832640006,0.999203026510358,1.00161580597293,1.00046698900981,0.999505310888054,0.999641199111381,0.999329989522351,0.999916381214399,0.999645102391532,0.999249962484103,1.00218095677686
7.98616560898913,8.56389283470076,0.630191853085198,0.996783480090016,0.989330373983428,0.960730148850043,0.922740039549714,0.918413284870038,0.919092340622331,0.912190183079639,0.913136085726288,0.98789965086583,0.928157241291439,0.923814940022919,0.90789722704562,0.926866298689514,0.928035102337833,0.937650719931365,0.956200871921893,0.960616116372208,0.958964476765353,0.955150727009727,0.949961123723216,0.965859094538935,0.994953923015574,0.993747208448638,0.964996806537497,1.00553338656832,0.988752310729015,0.969996201681663,0.987972537776246,0.989594524714046,1.03178895874499,0.943586767027531,0.952436162893296,0.966522355279428,0.972411844699795,1.02598938500573,1.04243041055064,1.01042536017292,0.997279653834721,1.01854492307468,0.99921867670567,1.0011084116789,1.00006870237083,0.998936311022963,0.998945731991615,0.999064400904355,0.999630894855154,0.999434509320045,0.998791845345201,1.00259583172816
8.01420021343806,8.51384493116323,0.600632835605848,1.00146727064188,0.993747100570528,0.965030019782686,0.926863174390848,0.92262642005119,0.923237101065538,0.916596043913228,0.91765297872072,0.992041229926671,0.932065624088241,0.927824808998479,0.911794842316818,0.930798950283686,0.93206960385898,0.941671682602617,0.960198034313569,0.964780633233417,0.963218844025076,0.958961274755,0.953726814494702,0.969461784933698,0.998094077736149,0.996856393006913,0.968909493870478,1.00894162011863,0.992906983056298,0.974134635415603,0.992337090507634,0.99390767411653,1.03463267729612,0.946386704779657,0.955619038817951,0.969831804467093,0.976119780210611,1.02858839480853,1.04476032794576,1.01319926804394,1.00124297132987,1.02024152136404,0.999333941960047,1.00051543536193,0.999679205141076,0.998437089747017,0.998270702715326,0.998848841420436,0.999324729006186,0.999296723542879,0.998383265933993,1.00297039494465
8.05199854743984,8.43080495750465,0.555013681697675,1.00859348607792,1.00084636246154,0.972234515081404,0.934180227279075,0.930303862476373,0.930868546901405,0.924531551918156,0.925710654988259,0.998892926380416,0.939216362168189,0.93516736537465,0.918906029654157,0.937949272887931,0.939271757890577,0.948642920893092,0.967072320763538,0.971843762471856,0.970395649709155,0.96573210754568,0.96059409637679,0.975615084323996,1.00344282335015,1.00217493192287,0.975628544307219,1.01441705091783,0.99975178648285,0.981040237714709,0.999536902645404,1.00103436121287,1.03919573393746,0.952660165676672,0.961616592876734,0.975744200791609,0.9830981147807,1.03300563360984,1.04878231845859,1.01766544564112,1.00783044129042,1.022881352924,0.999599674253511,0.999636851861338,0.999188356047874,0.997901391235949,0.997421607834694,0.998614391370249,0.998883260217239,0.999226362191903,0.997929835021461,1.00339442470257
8.08979688144162,8.32885384583791,0.50658848763656,1.01601259465865,1.0086723446846,0.98048277829319,0.942950713563119,0.939675117390834,0.940256875963402,0.934118365159904,0.935365351486239,1.00654570437529,0.947984677910435,0.944173189982608,0.927607898429451,0.946679773079126,0.947954852868307,0.956902279226794,0.975183798585553,0.980057340425778,0.978685272335116,0.973935202056888,0.969111723418661,0.982879647049443,1.00977484598832,1.00848734585235,0.983562348500763,1.02040435547709,1.00750171130294,0.988952895282325,1.00775957321498,1.00920237892371,1.04421605442598,0.961402433424924,0.969130462621145,0.982937888324875,0.991995675946415,1.03825261989291,1.05357519118469,1.0225527710236,1.0154489471508,1.02566356959957,0.999929609632571,0.998752286076884,0.998763545387804,0.997542732850761,0.996683759950985,0.998420950356754,0.998432533104249,0.999276344725536,0.997611994473732,1.0037078387671
8.1275952154434,8.20993934973018,0.459827402261026,1.02304051373229,1.01655045790304,0.989067760834698,0.952413159180519,0.949902519061735,0.95056457252002,0.944480123232091,0.945723248314245,1.0141894259955,0.957612060717624,0.954056138232432,0.937145657899214,0.956238359564323,0.957381687248593,0.965799057459535,0.983912772155475,0.988766153158248,0.98740705579683,0.982934971011459,0.97863868501018,0.990743432968525,1.01667203751394,1.01537010192756,0.992119011062651,1.02634917138005,1.01551640519452,0.997228573521497,1.01637373961555,1.01779671200202,1.04927085158437,0.971834094455532,0.977525769382928,0.990842532687823,1.00216162280868,1.0440066554775,1.0587990565825,1.02740854159453,1.02354319824235,1.02828937677184,1.0002506635401,0.997974789000242,0.998438083062126,0.997368530272614,0.996111294351734,0.998251061485789,0.998017467606092,0.99942020023012,0.997455870966817,1.00389372489594
8.16539354944518,8.07824773256549,0.42064085423746,1.02908012008365,1.02374385210253,0.99715762291031,0.961622645894723,0.959939486645496,0.960733748091193,0.95455199274954,0.955718573311072,1.02102297414139,0.967133745705149,0.963819616329175,0.946562217637388,0.9656703278676,0.966623350167742,0.974512825933096,0.992478855922223,0.997165609405617,0.99573804824143,0.991924563703114,0.988337294376842,0.998548018745206,1.02358766456889,1.02226680113116,1.00054737358941,1.03163697133193,1.0230371648192,1.00509134647915,1.02461287005109,1.02606509685763,1.0538844109127,0.982800699667833,0.985976718956205,0.998740823029792,1.01272601420634,1.04984272675266,1.06401450073043,1.03173106130521,1.03142565145431,1.03049205120339,1.00050018148632,0.99742193396207,0.998245966251534,0.997371482438966,0.99576239538937,0.998104470760413,0.997695810389786,0.999620935217068,0.997482973196458,1.0039402664539
8.1940523353393,7.97494718092483,0.397753029205909,1.03274538492558,1.02840930904711,1.00256221513809,0.967946614903878,0.966863367972019,0.967780836974219,0.961431583870977,0.962496281490645,1.02527531672232,0.973770783664215,0.970611127916621,0.953113280341906,0.972233454915162,0.973024647635893,0.980588270151686,0.998482013781418,1.00293877013522,1.00139785316005,0.998346201430456,0.995385110452586,1.00409907432597,1.02856813922939,1.027223555933,1.00648169453644,1.03494837316035,1.02805971840576,1.01041138281102,1.03024663883643,1.03175796510619,1.05688164663626,0.990774457831193,0.991981420886479,1.00439544302631,1.02054542762866,1.05410555499021,1.06774030797586,1.03444951193448,1.03692910596307,1.03176248012924,1.00061554946454,0.997214900477044,0.998207772369956,0.997482172442745,0.995679453149076,0.998019431585458,0.997549642260197,0.999787565224424,0.997633694932838,1.00387908236893
8.22271112123342,7.8758221930743,0.381405615311505,1.03551927510304,1.03222693011534,1.00711221534776,0.973398478693602,0.972844037356085,0.973892675571427,0.967314638031154,0.968249217334675,1.02853505047997,0.979573391884083,0.97653302077263,0.95882881141088,0.977963584480486,0.978595901260129,0.985936698208165,1.00380327653012,1.00795435742343,1.00625429920791,1.00413525916446,1.00182450112703,1.00909995442839,1.03311217964382,1.03173295045726,1.01176836020102,1.03753991341618,1.0322887478426,1.01495531238185,1.03510282988951,1.03669599898119,1.0593395159606,0.997946525595684,0.997333170986411,1.00950066998392,1.02778706949165,1.05805125019356,1.07110224866025,1.03659358795416,1.04175905846164,1.03264171528094,1.00065739035783,0.997229561224457,0.998274433611651,0.997674699186503,0.995774738156498,0.997974361820886,0.997514326469171,0.999948141408807,0.997896674781532,1.00373495866321
8.23648398707092,7.82971112212835,0.376782936187851,1.03652650086991,1.03370202146511,1.00891150253733,0.975601803895448,0.975265223030621,0.976375959846724,0.969675347042439,0.970542759098151,1.02972157170674,0.981951099227411,0.978953073653875,0.96116605327719,0.980308233133867,0.980868497878101,0.988148793285421,1.00602337816491,1.01000233854778,1.00821112600585,1.00660016242864,1.00460876650028,1.01122590990853,1.03507347995617,1.03367240969784,1.01398672127912,1.03848034068606,1.03396001556557,1.0167781384618,1.03707738962005,1.03872004682218,1.06029460787747,1.00095138311251,0.999573332877639,1.01168352245778,1.03097486190515,1.05978375453885,1.07254044908079,1.03738177507601,1.04377256388319,1.03292429918978,1.00065157660535,0.997320626685472,0.998345698822967,0.997793832465063,0.99588744302077,0.997972277092084,0.997541675798324,1.00001981612033,0.99806182905537,1.00363689235396
8.25025685290843,7.78887855780307,0.372676832801473,1.03734369466033,1.03501323000875,1.01054710829761,0.977626627700423,0.977487029507494,0.978659879931248,0.971826020746605,0.972620301133081,1.03068680224174,0.984151668172687,0.981188474528988,0.963326233134752,0.982477217024259,0.982969829126098,0.990209097554369,1.00809587740041,1.01189922265519,1.01001342780062,1.00888919651224,1.00718464917721,1.0132209998272,1.03691705650884,1.03549294658147,1.01606115350188,1.03929789883281,1.03547765384531,1.01844881896194,1.0388749505917,1.04056058394773,1.06114251336339,1.00375223788857,1.00166176331696,1.01369527423679,1.03389519464394,1.06141485452684,1.07387547679228,1.03807215799394,1.04559110728692,1.03312447271146,1.00063046353731,0.99746675844103,0.998442789329093,0.997928361669308,0.996044403591226,0.997986619787055,0.997599797269978,1.00008637115158,0.998250293105323,1.00352093585834
8.26402971874593,7.74903626740732,0.370660247696895,1.03796736812854,1.03609219284112,1.01191650298791,0.979350628889234,0.979382543279888,0.980613688781157,0.973649898963011,0.974373549019498,1.03141823505723,0.986046350895769,0.983109277909434,0.965182961013696,0.984341991711431,0.984771500279765,0.991998806341417,1.00991341633703,1.01353021562547,1.0115455165465,1.01095457114452,1.00955800064933,1.01500498420178,1.03859410220695,1.03714357262732,1.01789104593104,1.03992402976123,1.03674262186384,1.01986152058795,1.04041290883917,1.04214955141515,1.06184429672856,1.00619526785619,1.00349402550347,1.01553981564132,1.03667497386172,1.06292755354521,1.07509183046538,1.03861065281619,1.04720007146468,1.03324294936278,1.00059590001499,0.997666425634233,0.998565381200029,0.998077543438902,0.996245451085923,0.998019905445712,0.997689313559465,1.00014732997833,0.998460457834707,1.00338782848496
8.27780258458344,7.71626788383112,0.368505183265349,1.03842571209831,1.03698765969515,1.01308945427375,0.98084732554629,0.981020354938272,0.982307518187147,0.975208289101566,0.975859709965288,1.03195091041309,0.987711374946668,0.984790055722736,0.966810601053189,0.985980077242894,0.986354662250516,0.993609070004343,1.01156487528158,1.01498401110211,1.01289179176546,1.01285040832993,1.01172775436219,1.01664487473245,1.04014339927486,1.0386667241761,1.01956022570068,1.04041300442303,1.0378324709766,1.02109876169421,1.04176241799209,1.04354829686078,1.06242955980436,1.00836434992512,1.0051364883494,1.01722275853942,1.03917551797432,1.06432721378597,1.07620281551971,1.03904351776389,1.04861537099728,1.03329461080211,1.00055017067493,0.997917121423362,0.998712925127869,0.998240457643518,0.996489262288355,0.998074521861763,0.997810291777922,1.00020263892113,0.998690255358269,1.00323844526176
8.29157545042095,7.68751233026194,0.367920622331696,1.03873119039865,1.03770086549518,1.01405019383053,0.982094367806741,0.982385201800792,0.9837237597341,0.976495662691078,0.977078166154651,1.03229856948418,0.989115694114595,0.986204323317515,0.968180545894421,0.987359520737719,0.987685147597988,0.994983129029259,1.01298628150123,1.01621248691559,1.01401679575418,1.01449981387402,1.01363388307311,1.01808110268712,1.04151758235975,1.04001300016325,1.02100463623953,1.04076357594422,1.03871361930307,1.02212059116642,1.04286925949131,1.0446997407305,1.06289969550461,1.01020741547891,1.00654598439915,1.01869225265457,1.04140389343357,1.06558630399983,1.07718128321886,1.03936670431623,1.04979150755689,1.03328577416529,1.00049588294385,0.998214796608511,0.99888417520178,0.998415700303787,0.996773518668328,0.998152415845713,0.997961990574463,1.0002524603767,0.998936867286749,1.0030737888677
8.30534831625845,7.66421077941283,0.368049750573259,1.03890606765602,1.03825000436427,1.01481978158294,0.983111478010709,0.983495303086167,0.984880428506142,0.977530251323298,0.978047632450833,1.03248798502645,0.990279085617692,0.987370772608849,0.969312134642226,0.988500680728126,0.988784366006384,0.996147712932437,1.01420607733228,1.0172417352041,1.01494456580162,1.0159376248964,1.01530623854277,1.01933790142003,1.04273537765085,1.04120292352106,1.02225202644068,1.04099524888494,1.03941044199694,1.02295217204073,1.04376064049076,1.04563132127655,1.06326553637129,1.01174652634549,1.00774225190502,1.01997676860797,1.04337123726056,1.06671453592203,1.07804401783051,1.03959738673364,1.05075183194802,1.03322834939581,1.0004360505205,0.998554539245199,0.999077696892826,0.998603053203636,0.997096264474118,0.998255583464106,0.998143542134925,1.00029739403647,0.999197865342474,1.00289497633246
8.32398873261734,7.64198570500384,0.369000449970971,1.03897532977103,1.03876609174412,1.0155893878989,0.984151183498451,0.98462411993949,0.986063668583701,0.978564011269909,0.979001832987814,1.03254183023952,0.991494629104627,0.988582367942593,0.970489334695841,0.98969029887075,0.989929138652065,0.997409988491236,1.01555297480832,1.01834079544961,1.0159135329197,1.01755891123447,1.01720566219784,1.02076341309272,1.04413982628887,1.04257116998684,1.02364163142449,1.04115337025247,1.04008700565932,1.02380024125967,1.04464189190099,1.04655698031188,1.06361630694235,1.01336499894293,1.00903608307311,1.02143116028224,1.04562176144326,1.06803327847724,1.07903629352633,1.03978959189749,1.05171710368877,1.033094235435,1.00035229255911,0.999070064790505,0.999371516069347,0.998875046868988,0.997588535176732,0.998438107834047,0.998433897325653,1.00035224519404,0.999568557646583,1.00263274106377
8.34262914897623,7.6309805558835,0.370370741154381,1.03890436472145,1.03906602400769,1.01609065891781,0.984846201899136,0.98536969954114,0.986852641651201,0.979227538968175,0.979598492830569,1.03242696577948,0.992335630592204,0.989411938102252,0.971297935604485,0.990510483795629,0.99071846465861,0.998342932706506,1.01657847070686,1.01913669685176,1.01659197300988,1.01882982216142,1.0187058793809,1.02189166307247,1.04527698045537,1.04367576896362,1.02471371198781,1.04117609609429,1.04049503943996,1.02436606253195,1.04517843991867,1.04712338939631,1.0638290174089,1.0144842340944,1.00998199665118,1.022578220659,1.04741252285977,1.06911822431287,1.07984266222,1.03987836746076,1.05231718541477,1.03292189940713,1.00027255635849,0.999634765828182,0.9996970479842,0.999167478192637,0.998136512154819,0.99867179780945,0.998771189943387,1.000402984886,0.999952674870993,1.00235012787011
8.36126956533512,7.63134380403717,0.371711953723001,1.03874810652997,1.03919782857261,1.01637156329135,0.985243529285545,0.985783125744575,0.987297420000058,0.979576475294586,0.979895997678278,1.03221013532134,0.992844573530413,0.989904591048901,0.971780983759424,0.991003941222079,0.991195529614739,0.99898216942714,1.01731455187046,1.01966824142936,1.01702291393052,1.01977764246844,1.01983160355495,1.02274530436355,1.04616246530458,1.04453422187592,1.02549776162093,1.04110879715193,1.04067640980856,1.02469041777091,1.04540455219128,1.04736202089787,1.06393348816918,1.01514355049841,1.01060922562034,1.0234413974713,1.04876476927027,1.06997744323871,1.08048081167624,1.03989958698401,1.05257712798665,1.03273893819211,1.00020509511052,1.00022987577258,1.0000476714162,0.99947958833396,0.998729540508426,0.998957163721494,0.999149288567027,1.00045333971123,1.00034235157366,1.00205067216761
8.37990998169401,7.64277471583324,0.372662447709807,1.03855575029951,1.03920481815664,1.01647589104439,0.985387049391531,0.985911768195738,0.987444503699166,0.979661817701224,0.979947542689421,1.03194979039003,0.993061736386682,0.990102556357807,0.971979177658098,0.991211288786944,0.991401420867553,0.999362339321609,1.01779260376683,1.01997241522379,1.01724657292262,1.02043033669681,1.02060969179057,1.0233472322899,1.04681280681152,1.04516461627505,1.02602292573312,1.040991410075,1.04067075050858,1.02481206703958,1.04535573954391,1.0473065956698,1.06395638071942,1.01538069919284,1.01094645880026,1.02404498012877,1.04970376258647,1.07062076922037,1.08096798316838,1.03988430497813,1.0525258115552,1.03256955557065,1.00015774117395,1.00083551046254,1.00041593377268,0.999810611263702,0.999355796374653,0.999292767179801,0.999561083031609,1.00050745142977,1.00072975292903,1.00173811073818
8.39855039805289,7.66454842913627,0.372971855858774,1.0383677954931,1.03912290756466,1.01644043093636,0.985314659969488,0.98579624120808,0.987333878744243,0.979526593187718,0.979797670193102,1.03169227158611,0.993022369487506,0.990042707452168,0.971928080483409,0.991168148948058,0.991372293143422,0.999514560392308,1.01804101116007,1.02008181056966,1.01729766190762,1.02081433944189,1.02106680885283,1.02371860249156,1.04724376302758,1.04558382925174,1.02631566613969,1.04085611181499,1.04051306702223,1.02476526606308,1.04506658074691,1.04699096597076,1.06391962012672,1.01522890239841,1.0110193541407,1.02441236503364,1.05025637067587,1.07105862417872,1.08131933996389,1.03985680367984,1.05219408330534,1.03243308800129,1.00013749790999,1.00143154033061,1.00079379037967,1.00015955750516,1.00000272169546,0.99967515653476,0.999998755049661,1.00056957573258,1.00110737382489,1.00141633148629
8.41719081441178,7.69555237632391,0.372515736412199,1.03821361687791,1.0389783420961,1.01629242422935,0.985055545304698,0.985467439540885,0.986996040688472,0.979202793210934,0.979479131537638,1.03146888240485,0.992754073442684,0.989753576233858,0.971655478607374,0.990902566848239,0.991136717096616,0.999463907586364,1.01808269264983,1.02002210796675,1.01720281285948,1.02095199659763,1.02122664569237,1.02387666535094,1.0474684759793,1.04580564414404,1.02639737012696,1.04072542513938,1.04023169087236,1.02457747549491,1.04456906841612,1.04644759555931,1.0638390180486,1.01471461621851,1.01084853723172,1.02456373884402,1.0504480269562,1.07130051664688,1.08154643432891,1.03983310622007,1.05161347105812,1.03234288198021,1.00015017662439,1.00199845779684,1.00117286550159,1.00052500099849,1.00065748542369,1.00009890982186,1.00045404909474,1.00064376693918,1.00146831754005,1.00108932544512
8.43583123077067,7.7343571502781,0.371296236649663,1.03810990985625,1.03878665737516,1.01604858794858,0.984629365239617,0.984945868686947,0.986451416847061,0.978710592301619,0.979012021695457,1.03129458358196,0.992276073811268,0.989254783020164,0.971180669200312,0.990434213834819,0.990714787874558,0.999228336081401,1.01793398975802,1.01981096518393,1.01697949981929,1.02086050038729,1.02110872425515,1.02383373684918,1.0474965020562,1.04583978884685,1.0262832466275,1.04061149224116,1.039847357848,1.02426832617582,1.04389161683335,1.04570653381551,1.06372368179096,1.01385793297539,1.01044894147731,1.02451515431337,1.05030134008623,1.07135414157231,1.08165646011303,1.03982045145097,1.05081514943595,1.03230564431861,1.00020009050813,1.00251820569965,1.00154472615896,1.00090487876811,1.00130743362906,1.00055677820734,1.00091852882225,1.00073356835947,1.00180653837145,1.00076114066839
8.45447164712956,7.77929990194167,0.369434169125774,1.03805991739382,1.03855243449181,1.01571498763274,0.984046342631501,0.984242003385389,0.98571079686706,0.978058711562159,0.978404104553838,1.03116798458802,0.991599404401675,0.988557258945447,0.970514640026334,0.989774507043684,0.990118073057503,0.998818209100662,1.0176040709821,1.01945753945817,1.01663568292341,1.02055115658057,1.02072752238299,1.02359653344789,1.04733310593071,1.045691289062,1.02598171215414,1.04051609718634,1.03937291292541,1.02384921039227,1.04305850713825,1.04479478202754,1.0635759250678,1.01267421042273,1.00982993960938,1.02427776693964,1.04983500176771,1.07122458458044,1.08165184113135,1.0398174399283,1.04982918177037,1.03232123200822,1.00028981707732,1.00297492883792,1.00190115129132,1.00129632497585,1.00194050515665,1.00103991832808,1.00138380793234,1.00084172228785,1.00211703225417,1.00043583671651
8.4689345166934,7.81729373382357,0.367683570475713,1.03805203591772,1.03833786106208,1.01539189845815,0.983486768768644,0.983571064540157,0.985002360106565,0.977441796874231,0.977833205766586,1.03109240371608,0.990939548266769,0.987880969933345,0.969868085817483,0.989133001621123,0.989536754192211,0.998381475006485,1.01722446152389,1.01908581760134,1.01628518346698,1.02016430891026,1.02025596876548,1.02327921727292,1.04707485022346,1.04545029344868,1.02561959895261,1.04045006797567,1.03894587967254,1.02345031538836,1.04231692953424,1.04398403989691,1.06343648707653,1.01153765966613,1.00920095487975,1.02396722056633,1.04926163930731,1.07099907067332,1.08156783635576,1.03981611068929,1.04895207095535,1.03236561135941,1.00038741806037,1.00327769149835,1.00216227510517,1.00160576640771,1.00241319369764,1.00142606374228,1.00174035981431,1.00093940045433,1.00233641113043,1.00018788993169
8.48339738625723,7.85703078868754,0.365793696127329,1.0380613648357,1.03808850716144,1.01500786982331,0.982832400070329,0.982789313163042,0.984175363227345,0.976724607619422,0.977171235459634,1.03102437186956,0.990163685774764,0.987084523940561,0.969109699284161,0.988380935825046,0.988853223170987,0.997840873768989,1.01673570379605,1.01862690692408,1.0158581999075,1.01965019404393,1.01963508641362,1.02284382830621,1.04670023358117,1.04509771307148,1.02514425809202,1.04038419634741,1.03846857766307,1.02298669193573,1.04150270776948,1.04309645402705,1.06327128452315,1.01021838572728,1.00844588520098,1.02354757833606,1.0485122327547,1.07066369253161,1.08141095617844,1.03980852913577,1.04799333574261,1.03243276986599,1.0005090310574,1.00352977570025,1.0024060566417,1.00191779393045,1.00286426860855,1.00181623801951,1.00208884024916,1.00104951144906,1.00253544383036,0.999945957402619
8.50397308209763,7.91480161457593,0.363294771688453,1.03807285551147,1.03765228909784,1.01433938656797,0.981730791250091,0.981483666839187,0.982795942972422,0.975521376776335,0.976058803867123,1.03090078858125,0.988852368913996,0.985750689696871,0.967830442016837,0.987108984674405,0.987695800840307,0.996885648576303,1.01584547842801,1.01781374756564,1.01510600613314,1.01869705082545,1.01849359604284,1.0220163221579,1.04596325991282,1.04439870826516,1.02426616338392,1.04026848948536,1.0376947150915,1.02220682806201,1.04022720773638,1.04171118411901,1.06297822946442,1.00804794662022,1.00714698847743,1.02276266126204,1.04714260472378,1.06999744863981,1.08105319156793,1.03976653735109,1.0465058247826,1.0325499421774,1.00072055589702,1.00379458007353,1.00271680588658,1.00236072329713,1.00346030518692,1.00236699435273,1.00256358689042,1.00122688658962,1.00278201466124,0.999615877852531
8.52454877793802,7.9720761351474,0.361376435748454,1.03803639968712,1.03709102201814,1.01350293714017,0.980415984556458,0.979936936729187,0.981165016334132,0.97408546049704,0.974724048277347,1.0306991649383,0.987295969222379,0.984165457111716,0.966313553039548,0.985601004521118,0.986315457886104,0.99569992951033,1.01471216632417,1.01679482367334,1.01416265697028,1.01747562222889,1.01705081217968,1.02093056618079,1.04497466045036,1.04345543197932,1.0231370443429,1.04009787933626,1.03680012471807,1.0212720249086,1.03882835341887,1.04020450259166,1.06259848121008,1.00555722487006,1.0055924308396,1.02174976415258,1.0454320403156,1.06910020089689,1.08052421892647,1.03966169661843,1.04490357824687,1.03266997393885,1.00097196451108,1.00394571415916,1.00297907516877,1.00279519193974,1.00399447977981,1.00289928983572,1.00300599401646,1.0014262312367,1.00298511738275,0.999306572032572
8.54512447377841,8.02678255551949,0.360599596273213,1.03788821654752,1.03636346302806,1.01246553187855,0.978872540979002,0.978139232034825,0.979277026899991,0.972398233067698,0.973142514223647,1.03035567904961,0.98548754885302,0.982325081651691,0.964551365370168,0.98384774781224,0.984699256333334,0.994266126576981,1.01331686429143,1.01554611680268,1.01299984597833,1.0159737841573,1.01530155400291,1.01957076361868,1.04372124445429,1.04225310982097,1.02173852356207,1.03983153671639,1.03576573370156,1.02016062323426,1.0373124432821,1.03858872622932,1.06210591591952,1.00278882437281,1.00378285592237,1.02049849323128,1.04338347301587,1.06796391069114,1.07980605130882,1.0394588360795,1.04320927320801,1.0327612787817,1.00125485477708,1.00398397705851,1.00318720339675,1.00321175146276,1.0044592474082,1.00339776484198,1.00340801128578,1.00164301293839,1.00314555787083,0.999022696158618
8.5657001696188,8.07722178821752,0.361481168982294,1.0375594402087,1.03542663337981,1.01119409856404,0.977086933082554,0.976083908717972,0.977129687292927,0.97044518509532,0.971293727240528,1.02980883806408,0.983425055969868,0.980227193775514,0.96254063989221,0.981845042758121,0.982836855366546,0.992566334756494,1.01163978179795,1.01404254064263,1.01158845681824,1.01417854662667,1.01324162764246,1.01792015016077,1.04218881101933,1.04077631105923,1.0200514815925,1.03942716927459,1.03457045015746,1.01884914331844,1.03568214959893,1.03687279566243,1.06147345415142,0.999796173022364,1.00172576335812,1.01899601499121,1.0410033349765,1.06657871240648,1.0788806111697,1.03912229381252,1.04144150845129,1.03279113214911,1.00155864272137,1.00391556916386,1.00333743034383,1.00360022633962,1.00484954512443,1.00384802578562,1.00376272814524,1.0018707680124,1.00326557711531,0.998768495837611
8.5862758654592,8.12210610951322,0.364487871320629,1.03698093076453,1.03423869089439,1.00965798859733,0.975049423710363,0.973770066267853,0.974726752095821,0.968218288400758,0.969163848830791,1.0290035143959,0.981111474351128,0.977874820250291,0.960283003420292,0.979593217413708,0.980721221949879,0.990584276607081,1.00966266895831,1.01226039531414,1.00990118430681,1.01207725564835,1.01086689596755,1.01596401588649,1.04036524406553,1.03901163385659,1.01805853439864,1.03884283733589,1.03319204263568,1.01731401510769,1.03393587936359,1.03506059754631,1.0606744781865,0.996641144591197,0.999434396324429,1.01722843129086,1.03829751910036,1.0649364708327,1.0777312621377,1.03861758787832,1.03961285938598,1.032727778585,1.00187112761482,1.00375152111513,1.00342800014919,1.00395021043632,1.00516268321418,1.00423729070869,1.00406444921439,1.00210143441407,1.003348562526,0.998547723155783
8.60685156129959,8.16061143799918,0.370006474868056,1.03608865343476,1.03276235313504,1.00783181363269,0.972755425565881,0.971203302981212,0.972078448942341,0.965717288442172,0.966747388933067,1.02789526864559,0.978555535774101,0.975277043064927,0.957785602011804,0.977097889717217,0.97834997385778,0.988307686589187,1.00737154091085,1.01018019041854,1.00791544724506,1.00966030868866,1.00817598008898,1.0136922456074,1.03824282459358,1.03695009330663,1.01574674429138,1.03803990229194,1.03160915203662,1.01553401776914,1.03206826099312,1.03315107600843,1.059685233531,0.993389383162493,0.996928079971275,1.0151832071109,1.03527415899809,1.06303260198532,1.07634508079099,1.03791360069273,1.0377293650422,1.03254276816446,1.00217908826147,1.00350685453588,1.00345917817268,1.00425161718731,1.00539814751375,1.00455492995603,1.00430872266426,1.00232581949713,1.0033987241219,0.998363560278617
8.62742725713998,8.19238168584954,0.37831928027606,1.03482903185382,1.03096808117549,1.00569779235279,0.9702063600616,0.968395650791711,0.969201027707881,0.962950057864075,0.964047937440732,1.02645370043318,0.97577181587509,0.972448901305554,0.955061262758635,0.974370324418945,0.975726333048623,0.985730411542988,1.0047591009371,1.00778912216201,1.00561588142684,1.00692327928449,1.00517179904861,1.01110175043217,1.03582060944813,1.03458942692133,1.01311005807202,1.03698550609755,1.02980319902504,1.01349249197428,1.03007116935253,1.03113902196047,1.05848669789086,0.990104563794378,0.994231944849975,1.01285136078648,1.03194453362374,1.06086836032103,1.07471476534816,1.03698449477438,1.03579090103888,1.03221312962022,1.0024689725773,1.00319955714505,1.00343318355599,1.00449526397217,1.00555731889928,1.00479289419839,1.00449234299279,1.00253416462106,1.00342074854879,0.998218552768974
8.64800295298037,8.2175214967307,0.389582950790403,1.033163835844,1.02883704941372,1.00324786444988,0.967410270082641,0.965365168319962,0.966116003599341,0.959932432628676,0.961078292667908,1.02466465586172,0.972780466461485,0.969410994874339,0.952128303352144,0.971427436110024,0.972859836306653,0.982854374590501,1.00182701353698,1.00508338073914,1.00299662741956,1.00386918080998,1.00186334223504,1.00819866158423,1.0331065225473,1.0319361506898,1.01015156984749,1.03565513391471,1.02776035919578,1.01117950891236,1.02793499639333,1.02901614316882,1.05706662973308,0.986842917269972,0.991376108233018,1.01022997554181,1.02832433153109,1.05845278327794,1.07284039366365,1.03581163962,1.03379188125237,1.03172314804206,1.00272759056847,1.00284945490224,1.00335404062057,1.00467343529468,1.00564313778278,1.00494599761656,1.00461332910783,1.00271676970114,1.00341945310691,0.998114557532613
8.66857864882077,8.23656228768255,0.403811894496666,1.03107432267247,1.02636381951618,1.00048560241509,0.96438252499796,0.962135685065597,0.962849620272668,0.956688012994393,0.957860437306847,1.0225314607346,0.969607056196533,0.966189220233585,0.949010473331279,0.968291914679543,0.969767138883893,0.979691448846033,0.998587976468052,1.00207025219643,1.00006339421345,1.00051066662785,0.998267430507764,1.00500023517737,1.03011911112069,1.02900730226061,1.00688555679568,1.0340350132961,1.02547361290726,1.00859397184566,1.02565041129807,1.02677272264103,1.05542134910722,0.98364927927125,0.988394805716175,1.0073247776881,1.02443497158919,1.05580428747644,1.07073089756751,1.034385499539,1.03172266805574,1.03106570271863,1.00294279394638,1.00247705536767,1.00322735222139,1.00478037407762,1.00565973567953,1.00501204202616,1.00467088099074,1.00286461993145,1.00339945421427,0.998052708023001
8.68915434466116,8.25041178832687,0.420866995470523,1.02856429753238,1.02355851484456,0.997427798084636,0.961146614307885,0.958736838878572,0.95943271055814,0.953248084275032,0.95442550626125,1.02007522478895,0.966282595973742,0.962814754428273,0.945737093761388,0.96499250725061,0.966472864887632,0.976265027033294,0.995067335805496,0.99876979657756,0.996835114516067,0.996871877783384,0.994410252618781,1.00153619167898,1.0268886812617,1.02583160526762,1.00333902512566,1.03212426862031,1.0229446928156,1.00574545501974,1.02321036413203,1.02439960177044,1.05355728878792,0.980555272937563,0.985325576253217,1.00415242599417,1.02030484233115,1.05295161625664,1.06840506617996,1.03270737606826,1.02957141599583,1.03024307712037,1.00310409342468,1.00210242938354,1.00306000554507,1.00481265540689,1.00561205836927,1.00499177786067,1.00466531907287,1.00296996505443,1.00336486656133,0.998033399428082
8.70973004050155,8.26028405360078,0.440451951492644,1.02566180030665,1.02044827283785,0.994105568638713,0.957734977672648,0.955204453686712,0.95590101963773,0.949651731050677,0.950813822275356,1.01733429619023,0.962843790972996,0.959324333779372,0.942343422400557,0.961564467074314,0.963010442442106,0.972611120061631,0.991304063317602,0.995215927461963,0.993345024505339,0.992989699652323,0.990328501388118,0.99784933413621,1.02345767742345,1.02244992064517,0.999552592510864,1.02993656531207,1.02018573991074,1.00265559675282,1.0206121857352,1.02189035754131,1.05149206534296,0.977579855510541,0.982208648894177,1.00074218413827,1.01597034973303,1.04993402061981,1.0658919695659,1.03079079755425,1.02732625424681,1.02926718982822,1.00320318461115,1.00174418478343,1.00285982467089,1.00476940647664,1.0055055037096,1.00488870964689,1.00459801018779,1.00302680267246,1.00331904657133,0.998056295131496
8.73030573634194,8.26761425214315,0.462118698135379,1.02241919992822,1.01707773318984,0.990564754588518,0.954189635776975,0.951581053876152,0.952295784574456,0.94594598496141,0.947074858501502,1.01436289265323,0.959333347202095,0.955760642190079,0.938871058302998,0.958049976351065,0.959422690141339,0.968778737761538,0.987350870536085,0.991456668383865,0.989640944455082,0.988914151602624,0.98606986893876,0.993995270080444,1.01988017415885,1.01891484549865,0.995580493466869,1.02750098882184,1.01722041569054,0.999358809853165,1.01785950320158,1.01924339087111,1.04925492839763,0.974731858524825,0.979086489042463,0.997136638006989,1.0114765660972,1.04680058714962,1.06323069759751,1.02866229833489,1.02497753459559,1.02815921557595,1.00323435403949,1.00141857521151,1.00263518893057,1.00465235224402,1.00534559535928,1.00470876612835,1.0044712848203,1.00303122961611,1.00326439332027,0.998120354615232
8.75088143218234,8.27395993181382,0.485283349521958,1.01891158963309,1.01350837021163,0.98686540297379,0.950562339361113,0.94791620640432,0.94866424262329,0.942185745913984,0.943266897363637,1.01122893666075,0.955800080878949,0.952172533632436,0.935368121519437,0.954498282444448,0.955761889748046,0.964829363183274,0.983273323802006,0.987553432756827,0.985784591132097,0.984707749442404,0.981692746781999,0.990041169425687,1.01622046509943,1.0152894273015,0.991489588994413,1.02486191652782,1.01408425699568,0.99590212718756,1.01496373433321,1.01646368865695,1.04688642738247,0.972013790092628,0.976003393569578,0.993391261805919,1.00687732958021,1.04360875147609,1.06046938852509,1.02636135026068,1.02251992235724,1.02694860511866,1.00319474787235,1.00113877779643,1.00239463859669,1.00446568430592,1.00513771013108,1.0044598652705,1.00428835021966,1.00298163879284,1.00320221783405,0.998223881413177
8.77145712802273,8.28089441511572,0.509252239660094,1.01523353004516,1.00981659094195,0.9830802152121,0.946913982933298,0.944266364475712,0.945059711688596,0.938433198780858,0.939456142714426,1.00801115336624,0.952298572707517,0.948614798415448,0.931888941967286,0.950965294863541,0.95208911792337,0.960835426818384,0.979147934387815,0.983579278367331,0.981849851480346,0.980443813140496,0.977265075091953,0.986063594271676,1.01255082984915,1.01164505287027,0.987357369929573,1.02207775157903,1.0108241497626,0.992344097469754,1.01194498180735,1.01356406944693,1.04443723606898,0.969425989852109,0.973004984471507,0.989572802874989,1.00223470605417,1.04042212296912,1.05766359143629,1.02393929978694,1.01995413032247,1.02567156164199,1.00308449359161,1.00091436582855,1.00214649049874,1.00421576933897,1.00488687197827,1.00415141157996,1.00405320358921,1.00287875547097,1.00313268892831,0.998364588245093
8.7964591810964,8.29227077240188,0.538287905580873,1.01069487604923,1.00529763290261,0.978488956417389,0.942554817504207,0.93994400351576,0.940803045160008,0.933984349134377,0.934928639674642,1.00411304053334,0.948175743661698,0.944421338483781,0.927782712419568,0.946790146056351,0.947712855479417,0.956044129398795,0.974198238945606,0.978777993137271,0.977088050587588,0.975309224163757,0.971933055289259,0.981324145979329,1.0081959882952,1.00730805095136,0.982409188021597,1.01860412022661,1.00678228082117,0.987987001135128,1.00815734108425,1.00991416966503,1.04144108026124,0.966459168443155,0.969545649002448,0.984949867723796,0.996642984410967,1.03665976776616,1.0542872393174,1.02092519779673,1.0167058301885,1.02408998465977,1.00286053941422,1.00072403863058,1.00184616472779,1.00383937645197,1.00453097703117,1.00371202913899,1.00370438042389,1.00268677990598,1.00303674121458,0.998581359571619
8.82146123417006,8.30891193634514,0.565963437464612,1.00627961360148,1.00090226972597,0.974055203182022,0.938399564868313,0.935856895061511,0.936786959322365,0.929777953083439,0.930642393739269,1.00037902959337,0.944299215091193,0.94047553227593,0.923912479396484,0.942849786500927,0.943551750517777,0.951462326390045,0.969464579880022,0.974152032986552,0.972495762218198,0.970367162235651,0.966784016316163,0.976827848110373,1.00408283483442,1.00319918696524,0.977687746289039,1.01516226290628,1.00275929822894,0.983717003923657,1.00430017288529,1.00617361456897,1.03852849222715,0.963699962786547,0.966359405706488,0.980477047756302,0.991222621476648,1.03312442426417,1.05104891641837,1.0179460533072,1.01333996907341,1.02254930814826,1.00254831075536,1.00062541002787,1.00155797373503,1.00339869946163,1.00412533988506,1.00321938890615,1.00329521681125,1.00242994525097,1.00292473850088,0.998842980320469
8.84646328724373,8.33230376376263,0.590866964189635,1.00220043687802,0.996804184756674,0.969938340001156,0.934580352575988,0.932123621665099,0.933123028190346,0.925941141302752,0.926731749886633,0.996963400150776,0.940779382995318,0.936887582966903,0.920390429669406,0.939260761392919,0.939736387917989,0.947238987801811,0.96509843212364,0.969853468346248,0.968229465951484,0.965762512644843,0.961957357502338,0.97271685808573,1.00034120064407,0.999449376923324,0.973344030276773,1.01189691933209,0.998878618419675,0.979669998425965,1.00045829166653,1.00241673433458,1.03581724556117,0.961169092540057,0.963523880783146,0.976289086828952,0.98610976161655,1.02992615333062,1.04805540521971,1.01512724615292,1.00990866914539,1.02112623675223,1.00216397551623,1.00061245507466,1.00129147954638,1.00291193528749,1.00367601026626,1.00269255741102,1.00283658391864,1.00212067394633,1.00279139635581,0.999142918810293
8.88076453436709,8.37678690881352,0.617973453839604,0.997518878700266,0.991995975772101,0.965118622911648,0.930148547965163,0.92780985100112,0.928889901101826,0.921520759194367,0.922230161643128,0.993056892818467,0.936745020331769,0.932765757471921,0.916343004912156,0.935134381324658,0.93532336311662,0.942337124843729,0.960027940077518,0.964804430034649,0.963224445344937,0.960336269086028,0.956198836625882,0.968008035263533,0.996090368984437,0.995171709583789,0.968319938296201,1.00798884768145,0.994051572951697,0.974767834796792,0.995417628033591,0.997419566138005,1.03264803708737,0.958141111430906,0.960344649054733,0.971337289830153,0.979929228835018,1.02632105333912,1.04458566662975,1.0117664204178,1.00523617764439,1.01949426278834,1.00155955313464,1.00070654330021,1.00097302851132,1.0022036289156,1.00299791671755,1.00194769456293,1.00214994168803,1.00164003042906,1.00256144177299,0.999603128053307
8.91506578149045,8.43410545148733,0.635532602899649,0.994260791250568,0.988414924575112,0.961512288339989,0.926864656545695,0.924630833591017,0.925764784902112,0.918289970848252,0.918953829588409,0.990312560330586,0.933792657986921,0.929747288045698,0.913372469137721,0.93210192311335,0.932058815030859,0.938673548716758,0.956215514801139,0.960958111642548,0.959439321565413,0.95608605321665,0.951573041776308,0.964530010815866,0.992972481939467,0.992015542523739,0.964563166235079,1.00498655522139,0.990025063514507,0.970841162340627,0.990842725162121,0.992793711238539,1.03029652864665,0.955704163840706,0.958073001940749,0.967406217227724,0.974829886064987,1.02368564407854,1.04193422913922,1.00919077534788,1.00076860757222,1.01836230499684,1.0009178208298,1.00088473180698,1.0007150535228,1.00148420910982,1.00225890795338,1.00121071850671,1.00142521002843,1.00112964677002,1.00226318138924,1.00010335644935
8.9631275966252,8.52744345297591,0.640087488996052,0.99254411156622,0.985954679498708,0.958984927099476,0.924599221357618,0.922439079908013,0.923588349317224,0.916120612938637,0.916787954904429,0.988749960164013,0.931808928414436,0.927695777449186,0.911362982779666,0.9300534905607,0.929827499761908,0.936137325921013,0.95354638022656,0.958131198756924,0.95670620056575,0.952855666608816,0.947868057587663,0.962256699138487,0.991028206787653,0.990010640508166,0.961987128480576,1.00275883224914,0.986313866216995,0.96753988094442,0.985881795235061,0.987614268661994,1.02871370666692,0.953504919653242,0.956630627743216,0.964397025803266,0.970560923180883,1.02211155739282,1.04011777762655,1.00729148825844,0.995505329730468,1.0177726322399,1.00007837917372,1.00115338597277,1.0004495802594,1.00052603749399,1.00114779572625,1.0002524803559,1.0004157116118,1.00044435621001,1.00170713828966,1.0008332309868
9.01118941175995,8.62202335474756,0.622827799979511,0.994259191362,0.986644026830109,0.95957305341544,0.925199581779453,0.923039543225726,0.924135607539994,0.916854584446976,0.917606889672703,0.989977901711207,0.93241213929835,0.928310685058276,0.911951230891482,0.93064668863528,0.930437275684334,0.936731201673613,0.954075158200521,0.958456549909902,0.957148198599288,0.952798161141512,0.947381345678094,0.962987806255469,0.991763843024402,0.990692989677143,0.96259348687079,1.00300528620828,0.985219481653747,0.967081345508413,0.983157798294127,0.9845126476055,1.02918859793981,0.952917802149943,0.957179697563062,0.964146386548955,0.96950839830466,1.02274010987854,1.04030328303095,1.00747840236232,0.991965326433213,1.01838913719207,0.999431314702209,1.00130725494986,1.00026951689734,0.999672634253749,0.999981416015158,0.999426914641471,0.999488453884872,0.999871154157759,1.00098161990074,1.00155339898273
9.04903441757986,8.67838483559837,0.596399465351793,0.997704345816382,0.989273166772379,0.962109760062517,0.927575438792237,0.925367984742539,0.926381367691034,0.919350945462891,0.920213160650569,0.992699821745827,0.934621862577645,0.930550163281168,0.914156396214849,0.932894226789903,0.932813555748845,0.939291442522946,0.956651733651948,0.960859589068961,0.959633578464154,0.95502484179334,0.949434813921716,0.96559728630752,0.994226599255397,0.993107841045103,0.965220823994856,1.00486465992886,0.986365605347177,0.968776439475774,0.983046526839085,0.984081365578767,1.03095032247075,0.953688027858245,0.958979332314379,0.966023681380842,0.97135214543944,1.02491590589401,1.04196713645544,1.0090359831372,0.991018101414912,1.01960807391257,0.999125346355661,1.00126814989101,1.00016197985635,0.999104542964911,0.999066870540606,0.998897440057854,0.99887317505207,0.999542737829175,1.00030463708625,1.00208304561527
9.07598803115459,8.71089663117147,0.567564633851172,1.00109839051939,0.99223283684784,0.965059871357401,0.930334175354147,0.928068985761129,0.929010625910175,0.922184403407604,0.923135309466933,0.99549146617249,0.937164342470542,0.933144161352952,0.916701015020875,0.935486375133262,0.935577045233913,0.9423585398113,0.959807835299166,0.963850030572039,0.96264051220916,0.958221745942547,0.952734897666701,0.968688910875455,0.997079995488717,0.995945596606321,0.968402951302435,1.0070774709086,0.988419300508201,0.971233367189863,0.984325984062999,0.98511870528312,1.03290035357958,0.95505336915367,0.960985539151814,0.968873112657575,0.974820457047068,1.02734643209983,1.04404555770161,1.01087401391201,0.991600463660748,1.02080766605727,0.999033687198128,1.00113187808591,1.00008977066946,0.998758511936549,0.998433716961278,0.998590086912356,0.998516311968904,0.999387095976989,0.999778808044561,1.0024266014069
9.10879893231995,8.71357806612623,0.537332558253023,1.00588913131212,0.996622510707748,0.969438083472772,0.934461110741977,0.932172938339303,0.93302744651646,0.926470489957147,0.927536068841323,0.999546290723911,0.940981507188765,0.937056694351347,0.920523285883634,0.939364926937607,0.939675268702227,0.946770998019754,0.964289352940923,0.968251091060401,0.967087232536416,0.962375160336409,0.95680319674873,0.972967182892236,1.00095223467488,0.999772692392062,0.972882128881874,1.01038954775029,0.991895488805418,0.975098500447081,0.987130178901075,0.987673005041587,1.03578198475601,0.957530300009971,0.96400926180753,0.972299233884293,0.978574322807315,1.03064770796578,1.04673960948302,1.01361531326323,0.993580469061886,1.02250065113437,0.999062133013425,1.00084386417352,0.99999440589112,0.998407340139915,0.997718402706223,0.99829952723891,0.998189860005897,0.999287939017534,0.999118860907763,1.00279412646952
9.1416098334853,8.6968115191312,0.493936036546562,1.0111596066356,1.00186032852282,0.974795078439915,0.939565725232742,0.937265102681293,0.938041628887632,0.931724044016735,0.932886635315515,1.00417621698181,0.945739682471049,0.941921239891962,0.925287459093244,0.94420323788283,0.944776700928267,0.952370216210356,0.970083299820625,0.973881649144595,0.972663163521513,0.968564192061686,0.96350486458123,0.978487624533162,1.00599961960454,1.00479777905027,0.978667906874373,1.01440749517949,0.99674945089392,0.980265579376115,0.991804321296701,0.992193761202388,1.03919591480299,0.961130446857496,0.967782872632381,0.977870628708044,0.98602532946715,1.03498010327298,1.05055061313925,1.01692188012563,0.997583031261356,1.02436078311817,0.999226228444723,1.00044058809969,0.999882923322789,0.998135760045789,0.997094326511385,0.99810269018818,0.997989629411847,0.999281453065079,0.998469536738285,1.00309535652472
9.17442073465066,8.63746041292489,0.455794873232229,1.01651672435315,1.00748300142057,0.980607213377116,0.945196948976657,0.942963996216026,0.943687727297311,0.937563486054723,0.938799732685524,1.00904709969777,0.951039963137332,0.947362838640491,0.930590549522878,0.949570050052831,0.950386445884203,0.958421502657139,0.976319090978416,0.980027116813185,0.97873581081442,0.975097836063489,0.970517305291197,0.984350799379812,1.01130052044986,1.01006307069851,0.984865366449766,1.01871340684766,1.00241109202367,0.986105801050636,0.997754112439061,0.998080918753741,1.04284792176806,0.965690283513557,0.972022290380748,0.98360635957286,0.993590755379974,1.0395131809834,1.05448475612216,1.0204461678139,1.00302241168518,1.02624330378745,0.999492618675432,0.999958271091968,0.999750732078709,0.997935573208229,0.99658279037517,0.997994338251311,0.997909561752421,0.999351684783317,0.997868839707584,1.00332018031135
9.20723163581602,8.5390630372222,0.420671443521617,1.02165479446652,1.0132361328662,0.986646374857303,0.951165435443965,0.949074827333307,0.94977844633669,0.943772031095238,0.945044421149944,1.01388742971554,0.956732301375124,0.953211940673907,0.93627840103117,0.955314430616518,0.956337550137692,0.964776588083782,0.982872670057014,0.986506135795809,0.985096410214111,0.982102987893449,0.978152781302597,0.990474335419792,1.01682417365823,1.01555072620616,0.991363051726019,1.02309234319565,1.00866882600764,0.992421946825576,1.00480274326775,1.00517918741569,1.04657212713473,0.971129173095358,0.976636950071098,0.989790135161914,1.00199963868337,1.04424258924316,1.05863042607417,1.02401934996661,1.00979356703325,1.02802965098711,0.999818984598219,0.999448483287324,0.999601487550347,0.997814467603357,0.996226566079289,0.997975821950346,0.997943718686629,0.999478036230337,0.997366799736664,1.00346069003487
9.22786106220879,8.45633806246717,0.401926127300949,1.02464960413791,1.01677939495982,0.99041016245068,0.954954637512052,0.952993326415559,0.953703206638383,0.947725458151648,0.948998417112349,1.01678709982166,0.960391764951555,0.956973928629051,0.939929560443631,0.95899538550576,0.960119167780069,0.968768721333892,0.986983368815582,0.990581681735833,0.989080325780912,0.986515515448096,0.982981087074003,0.994297203653833,1.0202644845306,1.01896711396374,0.995431237430564,1.02575999747736,1.01273272359679,0.99646544573389,1.00959897478949,1.01006342086095,1.04886430857879,0.974892898833432,0.979646852036673,0.99367546305488,1.00732107474816,1.04719167536412,1.06122343962053,1.02619411354399,1.01454580870186,1.02905420450143,1.0000350085462,0.999138603372028,0.999502680987073,0.997780725953846,0.996095479655217,0.998008981458377,0.998017647787548,0.999576194211705,0.997121873725703,1.00350336194098
9.24849048860156,8.35940873519247,0.386152092887763,1.02739362111561,1.02017348074792,0.994052926817822,0.95868264976365,0.956877559385234,0.957608356638684,0.951622000222569,0.952877667347026,1.01949991443527,0.964032800454043,0.960715955235882,0.943557118131337,0.962648382743744,0.963846035448994,0.972668827962051,0.990995575699802,0.99455869847857,0.992952907088503,0.990861091406374,0.987770545841323,0.998020186817618,1.02361387689933,1.02229367516046,0.9993982852053,1.02828105489732,1.01677240629334,1.00045225994185,1.01452381628162,1.01511733052002,1.05105667695595,0.978826606255789,0.982683209825321,0.997512781356778,1.01265640221792,1.05006657559694,1.06376689101865,1.02825088338889,1.01953024431796,1.0299758671004,1.00024413592705,0.998857241284031,0.999404852814225,0.997782086008752,0.996045293424101,0.998075573783909,0.998126241770743,0.999680864481217,0.996946812538847,1.00350955605434
9.26911991499434,8.24980006995653,0.373986358541356,1.02984153031287,1.02335003782579,0.997497361599648,0.962270672402562,0.960643918560374,0.96140935165196,0.955377867858706,0.956598916618697,1.02196726267844,0.967581049570389,0.964360364059458,0.94708605539733,0.966198323972591,0.967440663425528,0.976393167525828,0.994819999138257,0.998347972999593,0.996629195928482,0.995018105553162,0.992365142352369,1.00156265034493,1.02680056288746,1.02545828499715,1.00317669503451,1.03059804883761,1.02068300152317,1.00428518974122,1.01943917777343,1.02019744962262,1.0531081343461,0.982830733502177,0.985691026487138,1.00118267901295,1.0177851669671,1.05280752228961,1.06620260574715,1.03014612342624,1.02460364100547,1.03077644538012,1.00043544905347,0.998619674144177,0.999312992077713,0.997820329931199,0.996080542062275,0.998174193401883,0.998264215085892,0.999786444752203,0.996851916290956,1.00347894894686
9.29536496499678,8.09728493327052,0.364124254867472,1.03248565884151,1.02698881708921,1.0014922826717,0.966525077600392,0.965146258026464,0.965972427595545,0.959836152041598,0.960991031532185,1.02468717723201,0.971855162029574,0.968744422021869,0.95132696198007,0.97046037805742,0.971717480510166,0.980771937283329,0.999305227253309,1.00278250460296,1.00091295465274,0.999919013378862,0.997806711299112,1.00571238138718,1.03053532088013,1.02916775155894,1.00760540812078,1.03317836501257,1.02531780472643,1.0088036603679,1.02545574263152,1.02646152151462,1.05545689547232,0.987858076262155,0.989393146844171,1.00551380463772,1.02390035388027,1.05602606482693,1.06908110430295,1.03226920736059,1.03093979218543,1.0316041056605,1.0006384721803,0.998403163287409,0.999214341840497,0.997925321481404,0.996252615566275,0.998343272554104,0.998473633323631,0.999914641497679,0.996860466340834,1.00338724433265
9.32161001499923,7.93714757655579,0.359908898760774,1.034583926773,1.03011390128223,1.00497751747059,0.97033869568133,0.969216027290343,0.970117159145194,0.96383065347986,0.964898547619635,1.02689131092826,0.975763800270807,0.972743783368066,0.955192836272954,0.974342957367675,0.975571964589459,0.984666485757007,1.00328257349796,1.0066975287325,1.00467354851925,1.00428900296893,1.00267509905461,1.00939338964444,1.03385574611196,1.03246619737073,1.01153204327018,1.03530648658373,1.02945039753749,1.0128160298495,1.0310169291547,1.0322993268055,1.05747529961554,0.992637484434832,0.992876716629728,1.00938134495021,1.02939350749142,1.05890051713818,1.07167214093363,1.03404170879863,1.03693164687287,1.03221228506055,1.00078458029063,0.998302899173981,0.999147699984913,0.998096261796397,0.996566353636489,0.998557633313006,0.998712109422698,1.00003037606978,0.997023147935302,1.00323804266318
9.34785506500167,7.77896004427017,0.361230467954877,1.03615615845655,1.03268784129834,1.00789828716542,0.973635369628414,0.972763546510737,0.973747848620111,0.967279969134458,0.968247212191952,1.02857585151037,0.979221465682465,0.976269680194086,0.95859957920828,0.977763090059655,0.978926538307111,0.988000315093964,1.00666996760114,1.01001417895826,1.00784294446144,1.00801036746573,1.00682046146121,1.01253037004937,1.03669069790081,1.03528334012208,1.0148763367385,1.03696701422809,1.03296488789654,1.01622335998612,1.03590695349254,1.03747018688779,1.05913977522572,0.996994039094643,0.996062625599664,1.01267208059612,1.03407004505615,1.06136105360343,1.07390558308606,1.03545377000367,1.04230586367705,1.03261363208009,1.00086692053195,0.998334292815272,0.9991261076316,0.998334966601944,0.997014500667441,0.998812788963045,0.998971191809919,1.00013088653051,0.997342832838163,1.00303438524845
9.36711363145513,7.67013110223415,0.363674680844788,1.03700273265928,1.03423601642904,1.00969167721651,0.975720119612102,0.975019123349401,0.976066737028314,0.969451433429901,0.970339019341498,1.02949917299262,0.981458595653697,0.978540950207264,0.960794827950714,0.97996797672508,0.981066481313529,0.990104999645407,1.00880359868243,1.0120828429639,1.00980547620415,1.01038905498252,1.0094913274435,1.01451409227917,1.03849407047932,1.03707625347661,1.01698498371638,1.03791486183843,1.03515119231278,1.01834561090294,1.03904380161358,1.04081232697038,1.06014291926889,0.999870238060808,0.998194672639082,1.01479436400586,1.03713467540083,1.06293891944132,1.07535211598254,1.03628379792374,1.0458305621997,1.03279128210888,1.00088659097331,0.998445067969275,0.999145660402162,0.998553207457156,0.997421391960216,0.999023162443621,0.999170735807246,1.00019541767876,0.997674169159566,1.00285263361221
9.38126806103508,7.59588297313686,0.367770799267669,1.03747829973905,1.03518745250354,1.0108069839248,0.977052304230922,0.976470645486311,0.977564053347105,0.970840181197717,0.971669642106287,1.03002576320061,0.98291710324719,0.980017005926196,0.962221094007079,0.981400078460034,0.98244086077292,0.991426718259959,1.01012982758372,1.01336809261947,1.01102479154694,1.01182273505137,1.01106226460622,1.01574698985776,1.03961418702984,1.03818982364999,1.01829563542958,1.03846589216425,1.03650540805268,1.01966201394737,1.04101888653722,1.04292243065697,1.06076125013364,1.00176428976894,0.999624513707653,1.01605574068722,1.03885160731302,1.06391757294588,1.07624816808478,1.03678275554475,1.04806415214407,1.03286891075862,1.00088053677955,0.998573667127667,0.999181992561294,0.998736524421926,0.9977580724786,0.999188944312772,0.999321334072738,1.00023893055595,0.997966542371581,1.00270300577749
9.39542249061504,7.53027036371224,0.371048378829148,1.03784852486407,1.03600513750565,1.01178322229206,0.978240160219903,0.977765625882031,0.978903267283116,0.972070422295368,0.972842227641865,1.03044155204614,0.984238075844835,0.981348293853742,0.963508989492565,0.982694727961099,0.983676350167069,0.99261429038721,1.01132356988656,1.01451052952431,1.01210116066806,1.01315804525647,1.01256055592249,1.01686274124054,1.04063532358599,1.03920607789788,1.01947725769764,1.03892515917615,1.03769349157854,1.02082346545703,1.04277719530244,1.04480987311763,1.06129418717254,1.0034821525927,1.00095075925636,1.01725543429727,1.04058356456802,1.06481741105196,1.07708232344275,1.037212555222,1.05008329838246,1.03291045059508,1.00085908763696,0.998740541239877,0.999238457749063,0.998938297095654,0.998122156566439,0.999363096774368,0.999474715024802,1.0002802948443,0.998296350701433,1.00254093399256
9.40957692019499,7.47364723825188,0.375013452881927,1.03812770386553,1.03669126528136,1.01261321945598,0.979273202910285,0.978896183416554,0.980075358319803,0.973138683422701,0.973855832730759,1.03076120425369,0.985407639215331,0.982522542568895,0.964645427776705,0.983837748400031,0.98475718199887,0.993635354127766,1.01234167614204,1.01548143370575,1.01301575219445,1.0142770352854,1.01379574223721,1.01781648770053,1.04151041860905,1.04007745678888,1.02048581125282,1.03929581807365,1.03869107241118,1.02180382279497,1.04426219176156,1.0464058490778,1.06174452051675,1.00500004510804,1.00215592910406,1.0182576960516,1.04197258977689,1.06559035684367,1.0778013704209,1.03757524383273,1.05179506191342,1.03292313166109,1.00082452438051,0.998943116497082,0.999315885370108,0.999157264033197,0.99850925860425,0.999544547738351,0.999630570278292,1.00032067932035,0.998659007555813,1.0023675003283
9.427623639228,7.41677332090028,0.37982857512313,1.03837548474733,1.03739574524631,1.01348256757983,0.98038405765678,0.98011529483501,0.981342630393323,0.974283095682418,0.974936023660077,1.03105463521221,0.986693005507424,0.983806218751415,0.965889122519013,0.985089999691321,0.985929307351961,0.994723830330291,1.01341844885249,1.01650006513415,1.01397407578004,1.01545317329985,1.01508098754458,1.01883054427567,1.0424463434206,1.04101029437468,1.02155430875919,1.0396663372728,1.03971405269445,1.02281905560431,1.04578667769626,1.04804678351822,1.06221115926463,1.0066542469413,1.00352320242437,1.01931875205869,1.04340618711006,1.06642167521063,1.07857977353225,1.03796085700799,1.0535636808734,1.03290977654873,1.00076609067297,0.999247438132457,0.999445685720572,0.999458985857666,0.999028935825863,0.999784903543089,0.999832854543148,1.00037300122979,0.999160561681418,1.00213184855503
9.445670358261,7.37888411967194,0.38397445941193,1.03853116502481,1.03793139936879,1.01416114802924,0.981279418504813,0.981100656315906,0.982369618800879,0.975202122305083,0.975799024068053,1.03125208943714,0.987757532561772,0.984861960458133,0.966913579287724,0.986123209954317,0.986884039515178,0.995588714937642,1.01426344426907,1.01729122417605,1.01471927712639,1.01636313269095,1.01605564660286,1.01963278591791,1.04319318175246,1.04175581782133,1.02239513634257,1.03994823973241,1.04047581914481,1.02358903231651,1.04690367531183,1.04924805137085,1.0625711561038,1.00799710501513,1.00470090869812,1.02015010364912,1.04447349765854,1.0670902465901,1.07921113818571,1.0382796175411,1.05486322199516,1.03287793104693,1.00069750302975,0.999595489189506,0.999610206101462,0.999782625267548,0.999569093927041,1.00003353049624,1.00003939282187,1.00042898581496,0.999695236110269,1.00188225647321
9.463717077294,7.36134947222011,0.387017781985122,1.03862306365594,1.03831983619629,1.01466962693499,0.981975094618034,0.981868174049629,0.98317113813522,0.975914627798552,0.976465676553697,1.03138513365495,0.988611136241437,0.985701282160222,0.96772976213356,0.986948144573587,0.987634761336773,0.99624585328513,1.0148935540772,1.01787366129298,1.01527120573297,1.01702445924458,1.01673845909773,1.02023850236352,1.04376429817487,1.04232727712595,1.02302485364612,1.04016620720142,1.04099599383247,1.02413277684065,1.0476248585811,1.05001860522424,1.0628381041378,1.00903440132706,1.00568873766716,1.02076825287941,1.04519526828786,1.06760711828421,1.07970476641273,1.03854934769472,1.05569688441494,1.03284187161111,1.00062593771125,0.99997705402225,0.999808247073286,1.00012377479002,1.00011959934717,1.00028838172635,1.00025068997466,1.00049168373578,1.00024993944442,1.00162150047457
9.48176379632701,7.36469637822267,0.388707718411414,1.03867414713949,1.0385778342642,1.01502398130293,0.982483578598916,0.982430871900797,0.983759394175682,0.976436154222301,0.976953148566266,1.03147981622895,0.989261319421096,0.986333229396987,0.968346126839124,0.987573010112535,0.988191792734643,0.996707614348296,1.0153221071188,1.01826202455077,1.01564526516412,1.01745113645781,1.01714487801467,1.02065970352594,1.04417017947309,1.04273506526265,1.02345652489507,1.04033822176559,1.04128988396983,1.02446518761837,1.04796110304759,1.05036759745671,1.06302223607197,1.00977244736099,1.00648511613415,1.0211860599018,1.04558860468281,1.06798103883816,1.08006825013043,1.03878226826606,1.05607016920242,1.03281332288371,1.00055882896982,1.00038075271459,1.00003740388374,1.00047738837686,1.00067030915138,1.00054743423013,1.00046737294764,1.00056393654978,1.00081092608309,1.00135249924266
9.49981051536001,7.38860669925018,0.38892856192349,1.03870076396983,1.03871647915297,1.01523462376486,0.98281305759884,0.982797660021131,0.984142733567796,0.976777506380318,0.977273436593532,1.0315548755264,0.989712284763872,0.986763344562619,0.968767721690653,0.988002507519217,0.988561517198597,0.99698230514722,1.01555841305374,1.01846634152964,1.01585173764162,1.0176540598201,1.01728815114865,1.02090477920505,1.04441822709078,1.04298651339092,1.02369924783148,1.04047488584718,1.04136852223047,1.02459680871818,1.0479235992933,1.05030600182941,1.06312995617513,1.01021657236947,1.00708663524255,1.02141344661814,1.04566978148208,1.06821830596543,1.08030746410252,1.03898449388684,1.05599281808834,1.03280076538571,1.00050348792588,1.00079451561656,1.00029410452205,1.00083792079516,1.00121138655116,1.00080871435825,1.00069004224698,1.00064817355729,1.00136435324045,1.00107828291857
9.51785723439302,7.43193611702763,0.38772515814379,1.03871150745711,1.03874024454715,1.01530536158802,0.982966175303128,0.982971853414991,0.984324169376702,0.976943172011712,0.977431740215824,1.03162009881076,0.98996372400077,0.986992382605459,0.968994953029121,0.988236698454764,0.988745264774916,0.997073214935806,1.01560683187086,1.0184910406044,1.0158947857198,1.0176399431109,1.01717805586891,1.02097763610855,1.04451195969403,1.04308510205554,1.02375724715078,1.04057855547138,1.04123754935952,1.02453279172965,1.0475224082569,1.04984500396789,1.06316330743289,1.01036964215718,1.00748724379989,1.02145625554388,1.04545247758146,1.06832205751364,1.08042590249521,1.03915546961284,1.05547720192453,1.03280882994315,1.00046672891811,1.00120607679357,1.00057369469274,1.00119949189534,1.00173358551615,1.00107031226564,1.00091911961284,1.00074622751921,1.00189683282093,1.00080196136012
9.53590395342602,7.49279131903425,0.385283653197031,1.0387067863445,1.03864713239714,1.01523353216977,0.982939947256279,0.982950906263859,0.984301109024022,0.976930957667682,0.977426054015789,1.03167563004833,0.990010683337721,0.987016129269854,0.969023452336198,0.98827089098041,0.988739274233879,0.996978738124626,1.0154669471128,1.01833521385178,1.01577267754671,1.01741151221808,1.01682107624973,1.02087781842294,1.04445108475723,1.04303054163953,1.02363003346164,1.04064373778182,1.04089790912355,1.02427338622558,1.04676730838284,1.04899686436078,1.06312013682225,1.01023172983498,1.00767816312513,1.02131638654219,1.04494794308089,1.06829228057442,1.08042468386117,1.03928839046363,1.05453905427791,1.0328380099592,1.00045451701895,1.00160347048765,1.00087057215342,1.0015560723963,1.00222850078447,1.00133038780229,1.00115470480592,1.0008591825038,1.00239595281577,1.0005266915329
9.55395067245902,7.56864579593129,0.381911750171527,1.03867891462863,1.03842938930921,1.01501075737995,0.982726289898753,0.982726820889743,0.984065758217687,0.976732341051999,0.977247496263864,1.03171200260032,0.989843988221186,0.986825819716199,0.968844509009007,0.9880960955602,0.988535226930327,0.996693011330984,1.01513423508091,1.01799342557657,1.01547859415522,1.0169681067213,1.01622092911262,1.02060106097533,1.04423193350868,1.04281921213697,1.02331304789254,1.04065811875362,1.04034708428095,1.02381497067784,1.04566893186441,1.04777593933023,1.06299464066248,1.00980054402029,1.00764820216454,1.02099230100964,1.04416537680316,1.06812611884163,1.08030278580839,1.03937112304223,1.05319822521969,1.03288463248178,1.00047165325563,1.00197550353634,1.00117835964016,1.00190167919156,1.00268877139641,1.00158716465547,1.00139644844138,1.00098725843488,1.0028507360074,1.00025564334379
9.57199739149203,7.65649030334363,0.378007081607382,1.0386127313886,1.03807476599845,1.01462429576848,0.982313164066363,0.98228723748124,0.983606205899,0.976333547413417,0.976881382224609,1.03171091300316,0.989451245518875,0.98640916896876,0.968446083011611,0.987700060855846,0.988121357460051,0.996207071084727,1.0146012418468,1.01745707604401,1.01500201416489,1.01630677667466,1.01537956767397,1.0201402971687,1.04384829237636,1.0424449927569,1.02279880115009,1.04060417905021,1.03958095472552,1.02315166676015,1.04424047013772,1.04620025009912,1.06277824400595,1.00907256845253,1.00738450689508,1.02048001375385,1.04311279121442,1.06781851334707,1.08005754568201,1.03938758283675,1.05147988201463,1.03294109766039,1.00052151316693,1.00231218484933,1.00149011025113,1.00223057093509,1.00310823242937,1.00183891343205,1.00164344907043,1.00112973872632,1.00325201191195,0.999991963479989
9.59004411052503,7.75272852952115,0.374404791307786,1.03848753417045,1.03756790549873,1.01406103347688,0.981694066914003,0.981628571519585,0.982919600609334,0.975728292720761,0.976319691671016,1.03165251424839,0.98882918445561,0.985763348559693,0.967825932807097,0.987077017179593,0.987491175790181,0.995513571326039,1.01386045105538,1.01671597762267,1.01433113087761,1.01542270018171,1.01429737523228,1.01948727156893,1.04329183956293,1.04189989433186,1.02207999670417,1.04045926579557,1.03858673831782,1.02227243053475,1.04248243387094,1.04427303438664,1.06246032262653,1.00805540022032,1.00688200548196,1.0197732643544,1.04179630336981,1.06736247542721,1.07968456921408,1.03931768694528,1.0493976412407,1.03299759272117,1.00060585960129,1.00260505884642,1.00179851436254,1.00253743874076,1.00348201670371,1.00208393119186,1.00189418635517,1.00128496594724,1.00359277135524,0.999738735839145
9.61337489815325,7.88480339213988,0.369528460805026,1.03819205040695,1.03666252995998,1.01303767123898,0.980536362977074,0.98038532489926,0.981629856437761,0.974569336866095,0.975231047391516,1.03141978245289,0.987623106601879,0.984524157072322,0.966630885938178,0.985883142889787,0.986308265376296,0.994281818481525,1.01257697112754,1.01544062285441,1.01315438861949,1.01394968387719,1.01255111312942,1.01834397324263,1.04230673538141,1.04093181389301,1.02082824153756,1.04010897874001,1.03699828370402,1.02082807071382,1.03982716764563,1.04138870149593,1.0618832579187,1.00627392554021,1.00582841196961,1.01856901124859,1.03972688305327,1.06654473427704,1.0790102796529,1.0390749489688,1.04630210523712,1.03304354949341,1.00076557608326,1.00290817085917,1.00217979334261,1.00289366856758,1.00389184711112,1.00238776101561,1.00221998791415,1.00149985348231,1.00393575692718,0.999431886155987
9.63079270318705,7.98469877012721,0.367155582864738,1.03783931534053,1.03578242858746,1.01204309007422,0.979410571999273,0.979177582007308,0.980381122595425,0.973430454436931,0.974151559818275,1.03110331512064,0.986437021274996,0.983312357275583,0.965461268206169,0.984709778332795,0.985155533986012,0.993111315509347,1.011372517504,1.01424400877646,1.01203553011189,1.01260122813702,1.01099198365338,1.01726117792862,1.04136493913667,1.04000507860477,1.01965037503469,1.03969786111519,1.03556873494718,1.01950802790486,1.03755391034498,1.03893726466251,1.06131682100582,1.00462712944329,1.00475144394721,1.01744795406205,1.03791712657009,1.06575691170569,1.07835852253274,1.03875648770457,1.04370025629665,1.0330421980393,1.00091994471314,1.00307445633061,1.00244397585613,1.00312569474886,1.00414164606856,1.00260317341205,1.00246129862625,1.00166689702767,1.00411751674516,0.999220906954434
9.64821050822085,8.08252210499633,0.366051635606244,1.03734240717432,1.03471541391342,1.01083929604179,0.978047696044932,0.977714329780682,0.978872896907646,0.972037250803374,0.972821126752452,1.03062727086099,0.984992955132434,0.981841030214624,0.964040174031882,0.983283207654603,0.98376074185387,0.991719907333461,1.00995397600068,1.01283538626663,1.01070442702093,1.01104396244744,1.00922409713492,1.015978205411,1.04024268462893,1.03889987901007,1.01826020007595,1.03914165849433,1.03394623275178,1.01798843899364,1.03508178956155,1.0362898628707,1.06062632004674,1.0027149563653,1.00341609028731,1.01613847706187,1.03589773988645,1.06481357819761,1.07757832860481,1.03830620294587,1.04091692924856,1.03299316867621,1.00110049950992,1.00318721661641,1.00268355866872,1.00332553649441,1.00434258454297,1.00280688707545,1.002697284602,1.00183515031581,1.00423563999091,0.999028163267452
9.66562831325465,8.17577771577021,0.366493762162113,1.03667484956844,1.03345358961084,1.0094206576189,0.97644408512548,0.975991493559973,0.977102455320402,0.970381832712136,0.97122932338405,1.02996354967716,0.983289073599931,0.980107997274642,0.962365578150539,0.98160153082954,0.98212164054987,0.990107222490932,1.00832230517743,1.01121589216322,1.00915936042041,1.00928381504907,1.00725792736463,1.014494385141,1.03893838873587,1.03761464996797,1.01665806777646,1.03842810633979,1.03214468343114,1.01627754589786,1.03245108222214,1.03349297494494,1.05980678520432,1.00055319721049,1.00182258923315,1.01464407657041,1.03368446983116,1.06371280278963,1.0766688920701,1.03771391871657,1.03800573823871,1.03288212306153,1.00130233062768,1.00324674615013,1.00289315308486,1.00349138511818,1.00449510237136,1.00299713063931,1.00292426462986,1.002000257579,1.00429199269058,0.998855778497773
9.68304611828845,8.26228880588642,0.368709127261019,1.03581288618293,1.03199285788319,1.00778605246044,0.974601243792167,0.974010726524991,0.975072889581708,0.968462154093221,0.969371577809638,1.02908854748691,0.981329165442401,0.978116787272341,0.960440946990259,0.979668348081469,0.980241133617396,0.988277126630213,1.00648236903443,1.00939076873366,1.00740293213475,1.00733038125613,1.00510721605783,1.01281239242972,1.0374532116623,1.0361504967746,1.01484812298294,1.0375487049308,1.03018178435501,1.01438746120117,1.02970478918623,1.03059534581274,1.05885549855288,0.998163765606753,0.999976727477596,1.01297173351834,1.03129582214554,1.06245487404879,1.07563072266409,1.03697282237824,1.03502208686073,1.03269603687821,1.00151937050934,1.00325509271791,1.0030681466312,1.00362224308469,1.00460051536043,1.00317203322603,1.00313822802668,1.00215761081839,1.00428994381727,0.998705634291364
9.70046392332225,8.34033225747667,0.372840291394511,1.03473724114519,1.0303338874026,1.00593975311132,0.972526704219627,0.971780392991703,0.972794031819396,0.966283178314605,0.967250439869682,1.02798499409483,0.979123532276681,0.975877538754228,0.958276118905309,0.977493592359436,0.978128070125003,0.986238319987139,1.00444344158834,1.00736996194022,1.00544278303362,1.00519717841916,1.00278903440615,1.01093876856459,1.03579156206019,1.03451167801463,1.01283879105557,1.03649974994297,1.02807944443429,1.01233465519054,1.02688825131112,1.0276474140722,1.05777280555122,0.995574578002687,0.997890706112625,1.01113222495741,1.02875291790965,1.06104273371112,1.07446598138686,1.03608020211716,1.03202169645837,1.03242404899205,1.00174461870901,1.00321588034441,1.00320484922453,1.00371790420776,1.00466088653193,1.00332963131301,1.00333496614635,1.00230255507138,1.00423412462609,0.998579341045841
9.71788172835605,8.40861234460552,0.378957622531078,1.03343443965989,1.02848225940877,1.00389138655532,0.970233982179765,0.969315558208626,0.970282388270649,0.963857074656112,0.964875905523422,1.02664318930548,0.976688956655241,0.9734069571623,0.955887236259099,0.975093509010065,0.975797181550827,0.984004174150367,1.00221898883397,1.00516778307331,1.00329137146516,1.00290129146818,1.00032336398517,1.00888382566626,1.03396108492658,1.03270559521626,1.01064260928611,1.0352822888871,1.02586254289528,1.01013912501946,1.02404693177817,1.02469893139394,1.05656211826671,0.992818508656312,0.995583209619492,1.00913984984556,1.02607901560133,1.05948202507627,1.07317848032261,1.03503745464497,1.02905834021234,1.03205813633578,1.00197042200043,1.00313406948641,1.00330060168921,1.00377889873244,1.00467888493122,1.00346788666241,1.00351021920082,1.00243059368695,1.00413015206921,0.998478212374009
9.73529953338985,8.46626971417338,0.387059164070019,1.03189800724246,1.02644862987669,1.0016558947979,0.967742509041384,0.966637938538283,0.967561027590844,0.961203319860896,0.962265619100746,1.02506194065916,0.974048634031964,0.970728238837518,0.953296676238127,0.97249056211729,0.973268976971089,0.981592559351754,0.999826445790689,1.00280261037785,1.00096577268301,1.0004629637073,0.997732613453109,1.00666155424391,1.03197266182904,1.0307428013507,1.00827604556504,1.03390215339862,1.02355795808696,1.00782373377437,1.02122460706882,1.02179699825573,1.05523005370688,0.989932259992147,0.993079365994738,1.00701207949911,1.02329895602221,1.05778113708415,1.07177376947013,1.03385011108011,1.02618172116283,1.03159367733439,1.00218877632292,1.00301567169192,1.00335384597634,1.00380641132547,1.00465764292214,1.00358471865736,1.00365983381238,1.00253758926843,1.00398435730855,0.998403245251083
9.75271733842365,8.51285740607771,0.397077831215114,1.03012938616979,1.0242487111532,0.9992532667075,0.965077250182336,0.963775460951103,0.964659080449304,0.958348372781691,0.959444632440834,1.02324902328252,0.97123172961013,0.967870613662499,0.95053261214284,0.969712998051829,0.970569336787893,0.979025478344322,0.997286843164182,1.00029643743585,0.998487293136962,0.997905044637933,0.995041026158354,1.00428941165654,1.02984032272173,1.02863693177076,1.00575917837541,1.03236982452428,1.02119356536344,1.00541346651389,1.01846169318989,1.01898427607768,1.0537864451583,0.98695497760119,0.990410325169894,1.00476904892363,1.020438536844,1.05595117939423,1.07025922511466,1.03252774413168,1.0234356348805,1.03102984208063,1.00239164386701,1.002867434698,1.0033641521568,1.00380217480218,1.00460061496639,1.00367804793017,1.00377992193726,1.00261994479454,1.00380351795136,0.998355106324679
9.77013514345745,8.54830951996655,0.408887347881502,1.02813853903926,1.0219031214441,0.996708129388765,0.96226812671819,0.960761575039879,0.96161099733081,0.955325052949683,0.956444843131148,1.02122119513722,0.968272683687022,0.964868638000909,0.947628339081357,0.966794173053437,0.967728912319832,0.976328596039043,0.994624364948805,0.997674359610172,0.995880989823156,0.995252387474118,0.992274066119841,1.00178805339159,1.02758111543937,1.02640460098428,1.00311531093161,1.03070021409679,1.01879733330746,1.00293471434794,1.01579389160694,1.01629757021112,1.05224430177864,0.983926830086651,0.987612528934197,1.00243297907276,1.01752389646875,1.0540059202498,1.0686441640732,1.03108379663446,1.02085656020835,1.03036979921313,1.00257126906022,1.00269651559156,1.00333220202486,1.00376834662369,1.00451144321778,1.00374584953863,1.00386701339133,1.0026747551503,1.00359460702772,0.998334124956525
9.78755294849125,8.57289969057544,0.42230982061644,1.02594421226905,1.01943712830055,0.994049249347863,0.959349303434728,0.957634390224382,0.958455641544341,0.952171694451596,0.953304180511614,1.01900380150236,0.965210328304773,0.961761305136977,0.944621425733725,0.963771710861744,0.964782394320724,0.973530720921363,0.99186589249108,0.994964059513672,0.993175152679001,0.992531259386871,0.989457840397637,0.999181050338521,1.02521496460683,1.02406529317682,1.00037057150067,1.02891239108166,1.01639660952408,1.00041466275267,1.01325125234122,1.01376687307709,1.05061970990673,0.980887695790896,0.984726727807826,1.00002759200039,1.01458095882243,1.05196171430497,1.06693998755134,1.02953535331431,1.01847274000585,1.0296207361121,1.00272048105671,1.00251015840894,1.00325973089015,1.00370737524098,1.00439383332408,1.0037862128424,1.0039181940931,1.0026999204052,1.00336456424737,0.998340293132997
9.80497075352505,8.5871974293906,0.437121980935137,1.02357383763903,1.0168802912182,0.991308974507718,0.956358396127318,0.954435707555479,0.955235289953503,0.948931145744462,0.950065609020131,1.01663001757949,0.962086880173891,0.958591040046615,0.941552756015866,0.960686551200621,0.961767703784482,0.970663275268477,0.989040566669005,0.992195322699594,0.990400781915903,0.989768815215547,0.98661860917559,0.996494610819968,1.0227645283238,1.02164125046924,0.997553526601178,1.02702926075399,1.01401762128886,0.99788081126184,1.01085769600348,1.01141491620894,1.04893167694966,0.977876064978391,0.981796807884661,0.997577573061865,1.01163499217627,1.04983742579187,1.0651603363429,1.02790285303453,1.01630382567595,1.02879369684268,1.00283297036541,1.00231539094386,1.00314943162646,1.00362186396678,1.0042514430867,1.00379740510076,1.00393122305987,1.00269421556232,1.00312009354109,0.998373272095078
9.82238855855885,8.59202222760181,0.453061906953891,1.02106306269586,1.0142660020106,0.988522635177206,0.95333563900403,0.951210002384768,0.951994599843205,0.945649676844721,0.946776011408413,1.01413978824644,0.95894686806136,0.955402636795587,0.938465515180367,0.957581943404735,0.958725147629033,0.967759775418034,0.986179382212134,0.98939959703374,0.98759107635365,0.986992658891855,0.983782401920616,0.993757311319012,1.0202550484397,1.01915735007075,0.994694817318328,1.02507719072484,1.01168519171857,0.99536063022878,1.00863097543011,1.00925720252748,1.04720190596221,0.974928218883234,0.978868501816829,0.995108109202133,1.00871029163597,1.0476543433519,1.06332122785171,1.02620973509732,1.01436101763651,1.02790325001505,1.00290352933838,1.00211875297827,1.00300482699174,1.00351443985326,1.00408778563093,1.00377793576637,1.00390462238625,1.00265731473689,1.00286748835778,0.998432405229551
9.83980636359265,8.58839886496688,0.469834623991984,1.0184549152785,1.01163091714043,0.985727911591959,0.950323040535277,0.948003400167147,0.948779584875017,0.942375843454716,0.943485004210783,1.01157852964207,0.955836045004205,0.952242186371341,0.93540416586953,0.954502429677923,0.95569657057408,0.964855331288225,0.983314815545015,0.986609594377396,0.984780935516408,0.984230508586123,0.980974757485773,0.990999828546858,1.01771418047158,1.01664095249123,0.991826816600626,1.02308556905485,1.00942264266271,0.992881337957824,1.00658303508757,1.00730247870624,1.04545448883902,0.972077701322515,0.975988058674043,0.992644525459655,1.00583000785665,1.04543607348442,1.0614411396819,1.02448200860852,1.0126476953938,1.02696700583766,1.0029282481667,1.0019260653813,1.00283011774477,1.0033876345466,1.0039061480696,1.00372661869001,1.00383773606514,1.00258977116151,1.0026124851561,0.998516736506857
9.85722416862645,8.57751298610839,0.487118439454095,1.01579862259024,1.00901427424848,0.982964164343253,0.947363541223578,0.944862670718885,0.945636624968452,0.939159342774588,0.940243724510352,1.00899565712451,0.952800322044389,0.949156028070809,0.93241344512261,0.951492848851343,0.952724519509498,0.961986156889003,0.980480468635664,0.983858915487428,0.982006462983073,0.981509950605001,0.978220566739905,0.988254650481627,1.0151717777254,1.0141216925141,0.988983287762696,1.02108627535538,1.00725183348239,0.990469761486492,1.00472067416382,1.0055535413894,1.04371550514843,0.969355055551649,0.973200942108398,0.990212010630323,1.00301609003015,1.04320839008068,1.05954100049484,1.02274773597337,1.01116038698838,1.02600500671591,1.00290466031348,1.00174224664701,1.00263001491946,1.00324378312754,1.00370952606898,1.00364262980893,1.00373075539203,1.00249295748312,1.00236014473477,0.998625033542954
9.88128283992835,8.55300980632412,0.51117052168905,1.01215315456317,1.00551026887795,0.979276700199482,0.943447286941272,0.940723290828508,0.941503055324301,0.934907059324118,0.935947829810542,1.00549068533829,0.948819283306946,0.945104598045973,0.928485192420892,0.947537239853219,0.94879561124179,0.958154334476564,0.976683974813311,0.980191918843011,0.978305490804758,0.977875719070289,0.974553709631243,0.984551270386252,1.01172164474441,1.01070121488933,0.985165737799514,1.01837833565639,1.00444477065948,0.987302321762036,1.00245866126848,1.00347220053933,1.04138166171031,0.965858011948342,0.969590439398552,0.986953516165554,0.999281700142792,1.04017228082598,1.05693105616983,1.02039975623854,1.009459951608,1.02467516440501,1.00279143910944,1.00151010686193,1.0023217873877,1.00302099119265,1.00341836092558,1.00347229618622,1.00351940525461,1.00231546646942,1.00202411158402,0.998811049805346
9.90534151123025,8.52094351666859,0.534557695349315,1.00866941578184,1.00222961933866,0.975830745957867,0.939822992356158,0.936913567230867,0.937707321625712,0.930983943587488,0.93197530164448,1.00218113115039,0.945176454929731,0.941393053485417,0.92488291953595,0.943907807964622,0.945161788944855,0.954555532193284,0.973100868479716,0.976753938649909,0.974838869469899,0.974441819727972,0.971094177658642,0.981028270881316,1.00841753824387,1.00742350674319,0.981553182712032,1.01581164356155,1.0019011484513,0.984380703615198,1.00055091048635,1.0017614646859,1.03919119588461,0.96271747156674,0.966340839658067,0.983864179297546,0.995762461202647,1.03724919819646,1.05439514708491,1.0181746345472,1.0081352159219,1.02339755864607,1.00258742841098,1.00130854158008,1.00198843359165,1.00277386638834,1.00310930957392,1.00323946505091,1.00323904545565,1.00209374827751,1.00170968050211,0.999035300307781
9.92940018253216,8.48466359374526,0.55648407319256,1.00549759062554,0.999279805802202,0.972729962371677,0.936597339696049,0.933545889350083,0.934359172125011,0.927510205000258,0.92845118951638,0.999199580973392,0.9419787786235,0.938129861118549,0.921712722204176,0.940709074650017,0.941927375457052,0.95128638044077,0.969823178366318,0.973633818568109,0.971701742469912,0.971277838867076,0.967903574585084,0.977779209289674,1.00534867857992,1.00437807970324,0.978240675153283,1.01347759560377,0.999667217503076,0.981769856669262,0.998986879022469,1.00039577539081,1.03721866832079,0.959991967749557,0.963546819383783,0.981006906571351,0.99251101226455,1.03451929482058,1.05200324233808,1.01615102435188,1.00714115391912,1.02223133012668,1.00230053145458,1.00114020773275,1.0016433580581,1.0025055697428,1.00278678305718,1.00294635823958,1.00289734779429,1.00183664726335,1.00142239043614,0.999292571648796
9.96263643373478,8.43496540759769,0.582119399951732,1.00189318397601,0.995946367137276,0.969202080180945,0.932975856080369,0.929801712752746,0.930645020608248,0.923647356204414,0.924527085378277,0.995842935820996,0.938456350949063,0.934527112513764,0.918206122519218,0.937165891982205,0.938290853512488,0.947491024487821,0.965975450355838,0.97001645993144,0.968088542455952,0.967492932485004,0.964062339480293,0.973934326980922,1.00169219016687,1.00074793337861,0.974341712338057,1.01080668243115,0.997181893020777,0.978799904667745,0.997381501745076,0.999042892449645,1.03499100951633,0.956989509594063,0.960564761230028,0.977570924857611,0.988565930042888,1.03124641599206,1.04910262183299,1.01383244917545,1.0062389185899,1.02090452629927,1.00179465613693,1.000958767533,1.00117118819868,1.00210362285226,1.00232430493849,1.00245105438344,1.00234388292855,1.00144250033772,1.0010737507352,0.999690976369146
9.9958726849374,8.39173951798739,0.601402418676861,0.999458814560153,0.993642433012704,0.966710405529282,0.930475786151341,0.927267107522638,0.928137836951473,0.92104183201508,0.921880411098375,0.993589091861254,0.936104916723229,0.932114404040805,0.915848649292114,0.934774767319202,0.935766031659242,0.944681931634624,0.963061650396098,0.967341437084139,0.965459565197252,0.964480016704528,0.960948292842605,0.970988182043872,0.998855301234938,0.997928528955154,0.971379124858355,1.00892402417232,0.995450871159712,0.976662187485196,0.996365543062895,0.998224961310843,1.03345258653061,0.954942956503778,0.958687289313664,0.974804759276131,0.985298347283137,1.02867793732188,1.04677421542033,1.012186202057,1.00576071506002,1.02001003832903,1.00120261415993,1.00082441097119,1.00072763896672,1.00166750497598,1.0018453450704,1.00186603657593,1.00172165586945,1.00102563482289,1.00077796585339,1.00012530075945
10.0412798014963,8.35429865551092,0.612874608158847,0.998362158758392,0.992443183926565,0.965277592995099,0.929138273824306,0.926009712953484,0.926903385576869,0.919776020026861,0.920600831727219,0.992565147317748,0.934998664992942,0.930964088745962,0.914706678120354,0.933594592498426,0.934377992762298,0.942780374944748,0.960962651934643,0.965538096875377,0.963776721804887,0.961989080592692,0.958253771518572,0.968827836783056,0.996739151718829,0.995819904046455,0.969235379725162,1.00788594572036,0.994480624140583,0.975330016616685,0.99596427535303,0.997972698816652,1.03266981375292,0.953826230325994,0.958021581500508,0.972471659014225,0.982336358260703,1.02673814150733,1.04492673543419,1.01124566323924,1.00574677560134,1.01961273258862,1.00036056129961,1.00067633868679,1.00020482014793,1.00102055116903,1.00116474002102,1.00096869587773,1.0008215515976,1.00046629010612,1.0004373262673,1.00074473955517
10.0866869180551,8.34530810863875,0.608125013835771,0.999915107204108,0.993519643544784,0.966163024494824,0.930203721477639,0.927277713415545,0.928171243901255,0.921147985486822,0.922016451743904,0.993964608252047,0.936255833578802,0.932235860704416,0.915909007267262,0.9347839359438,0.935373675276228,0.9431929666773,0.961128297872927,0.965951024595463,0.964369250566723,0.961408504184717,0.957334537171897,0.968934847949028,0.996761787147676,0.99581850622526,0.969381679316198,1.00864579722947,0.995115708439869,0.975864254025055,0.99660099984994,0.998593751794902,1.03339922931512,0.954626006200127,0.95938956729388,0.971801608561914,0.98099355244997,1.02668388310278,1.04465403911351,1.01182483726139,1.00628667490161,1.02019621862745,0.999603602497733,1.00051804595343,0.999800935281456,1.0003225905927,1.00045020514627,1.00002305326539,0.99992944119154,0.999965178904764,1.00013385841774,1.0013574233624
10.1221568149343,8.3554503692457,0.591901697840992,1.00276481885041,0.995854350846763,0.968423663923941,0.932661647911265,0.929964651549323,0.930845388932847,0.923968939010898,0.924898277253321,0.996581113739285,0.938831100784027,0.93486070242106,0.918437329543486,0.937303608262899,0.937774202230418,0.945162682117102,0.962907289347177,0.967847400268737,0.966416417744487,0.962496694037207,0.958161865473469,0.970656100366345,0.998322303628132,0.997344017442302,0.97117147507322,1.01042307649365,0.996737372336272,0.97760026726806,0.997889038005073,0.999768484879568,1.03496999988538,0.956613200901001,0.961801079650976,0.972672583847172,0.981521495713746,1.02803555387443,1.04563009817498,1.01329020037009,1.00723603246289,1.02125543345177,0.999150999408428,1.00035566702275,0.999573146565918,0.999756965123594,0.999869052068017,0.999306099241318,0.999284626056957,0.999642614214869,0.999896875057398,1.00180567584829
10.1495851595678,8.37216679705269,0.573212309433831,1.00576735729758,0.998460801681721,0.971037881075877,0.93543248769706,0.93293062018314,0.933794201768288,0.927064672763755,0.928053998462617,0.999367838532734,0.94163766346009,0.937729528845466,0.921206905717553,0.940086730498611,0.94050716374456,0.947645658613365,0.965272945452894,0.970241228030894,0.968913363984741,0.964287498283564,0.959720530933048,0.973012447420301,1.00054478570484,0.999523174633153,0.97356015070256,1.01242751775478,0.998646302681684,0.979713606883188,0.99935245899414,1.00108778324139,1.03671035345431,0.958892915298649,0.964304097781083,0.974189101477213,0.982815270484037,1.03001518407054,1.0472029046749,1.01495520692465,1.00823779165016,1.0223658458335,0.998916969220085,1.00019562819579,0.999446279585754,0.99931829675549,0.999405310497565,0.998794834607906,0.998837850354578,0.999446514861554,0.999701478925807,1.00212089381127
10.1770135042012,8.38837546190367,0.551052335302556,1.00923777260971,1.0015708261767,0.974213203421034,0.938795718221535,0.936518974917614,0.937366458250813,0.930789014639401,0.931839059465069,1.00262651426463,0.945020679830725,0.941193893997961,0.924557236221388,0.943445011127073,0.943833635147133,0.950743766935396,0.968252082344545,0.973226349013523,0.971997828628044,0.966660143889776,0.961859770288029,0.975929023551946,1.00322532349729,1.00215034965714,0.976559712928329,1.01481089405211,1.0010016121984,0.982335303564296,1.00120749467342,1.00277484987536,1.03877727031749,0.961782859180352,0.967272738058228,0.976198946307019,0.984661166940606,1.03234681488616,1.04901700534983,1.01694874323791,1.00958223223564,1.0236433260844,0.998797197486987,1.00000467951829,0.999357099607977,0.998893846642342,0.998935903997602,0.99834477176879,0.998450371047029,0.999303120787245,0.999491286953922,1.00239972907244
10.2126801386454,8.41018336675975,0.516025378090721,1.01416761594493,1.0062157603355,0.979079327771753,0.94390728576324,0.941919573981529,0.942748804531159,0.93635890882889,0.937480549660155,1.00732923128922,0.950096996376684,0.94639603513521,0.929595229315856,0.948514470930616,0.948927994202586,0.955762581084635,0.973235156212231,0.978064190859733,0.976884839957723,0.971198091180076,0.966325757636855,0.980884864454468,1.00792977873554,1.00678032607509,0.981596161409982,1.01835648058114,1.00474508127206,0.986540338264516,1.00427363305604,1.00560579035071,1.04183975906531,0.966320034663264,0.971626658575246,0.980231698916012,0.989146529947632,1.03660792640102,1.05255907996539,1.01991701996745,1.01188362825815,1.02544660284392,0.99881164241838,0.999720342822769,0.999286649418614,0.998386578736484,0.998324597869064,0.997879889373516,0.998050383834837,0.999199308647912,0.999196380622107,1.00269622443136
10.2483467730895,8.4136279601898,0.482384320869494,1.01913871369543,1.01114906546129,0.984315686613943,0.94942354036987,0.947751950211638,0.948577581861459,0.942336423050964,0.943508980785954,1.01215020122059,0.955564843430755,0.95200973775637,0.935030091083959,0.953977891747556,0.95443128124246,0.961212528336924,0.978637052000133,0.98334191765935,0.982198054559182,0.976032504977695,0.970932667902359,0.986151301843622,1.01276945712622,1.01152993180279,0.987017695950752,1.02206630914611,1.0089255742654,0.991179019460927,1.00792706274615,1.00904739383167,1.04508203008683,0.971518459838565,0.976285104047334,0.984347357656742,0.993362202056734,1.04079308769279,1.05589647940187,1.02303567882012,1.01480277861378,1.0272398251343,0.998999127896035,0.999419193007813,0.999256740738669,0.997965473725853,0.997740674236223,0.997578627850755,0.997782715988331,0.999188393643534,0.998889311500604,1.00290727866601
10.2840134075337,8.40127589257713,0.44665635071495,1.02382995809667,1.01614779505396,0.989754032693903,0.955149452281003,0.953769208946171,0.954607010537855,0.948446614094392,0.949636732942734,1.01678269156551,0.961222420326202,0.957814814033415,0.940659415088973,0.959642990552232,0.96018782360748,0.967173763318062,0.984711214822906,0.989112492930026,0.98788429072389,0.982259358716723,0.977510052039447,0.992097342578019,1.01834820453194,1.01703646777458,0.993132149230377,1.02576704567652,1.01350158103464,0.996250066511456,1.01222010365829,1.01318271869197,1.04834499776228,0.977172527015912,0.981059724930473,0.989943968846611,1.00053912082516,1.04580338374389,1.06013988305167,1.02614354454527,1.0184836612226,1.02889523420854,0.999318726541889,0.999137360790608,0.999256576836202,0.997668578202241,0.997218886734727,0.997461242346855,0.997660183381815,0.999262884060082,0.998592884663021,1.00302385862964
10.308140533753,8.37436226965141,0.427156322246244,1.02667939295626,1.01936988303333,0.993284863798081,0.958882680016491,0.957699639156139,0.958557736250699,0.952412681509143,0.953595602657885,1.01962611870853,0.964919912953457,0.961611558689401,0.944337244233429,0.963344790141501,0.963943758737338,0.971057471128797,0.988657832953208,0.992895130991575,0.991602769146971,0.986197198966805,0.981512741120876,0.995911129254645,1.02185137090851,1.02048686489783,0.997080737720941,1.02810024038171,1.01661313392207,0.999633673089327,1.01534364032801,1.01624713975107,1.05044828117989,0.981059819511187,0.984191130904566,0.993330268293245,1.00451175930662,1.04883473743993,1.06263470173945,1.0281085106921,1.02128103832889,1.02987111983021,0.999583872740879,0.998977499139759,0.999269584406394,0.997551600268367,0.996917785072435,0.997487731294933,0.997660996939738,0.999354986240561,0.998412624395595,1.00304643483121
10.3322676599724,8.3361434700007,0.408756787195558,1.02920952605393,1.02241050497885,0.996667281387855,0.962470056428601,0.96146561939321,0.96235224444457,0.956184096224225,0.957341837379801,1.02217385017425,0.968481066224491,0.965264531006525,0.947879741087607,0.966910403242026,0.967572864655976,0.974904144140319,0.992629717722109,0.996639870368413,0.99523322891813,0.990521117706501,0.986235391651276,0.999735913722557,1.02538332873514,1.02398004527865,1.00105809324603,1.03025788434073,1.01972351854636,1.00299882341514,1.0186374481973,1.01952497618295,1.05242294390879,0.984921674740895,0.987212336706394,0.997176519181148,1.00979108372297,1.05194227890417,1.0652816819037,1.02992375058092,1.02437203858969,1.03070876491344,0.999865108436079,0.9988595279603,0.999292571447755,0.997514403407883,0.996680988399154,0.997598429196298,0.997730661903891,0.999473812131861,0.998263609718055,1.0030228340441
10.3563947861918,8.28320617643913,0.394739762640668,1.0313732084719,1.02517868628427,0.999765690213893,0.965770505653558,0.964931747488506,0.965854780644661,0.959632497061391,0.960750694139381,1.02435883644955,0.97177205368337,0.968638888324733,0.951150139898654,0.970204635406628,0.970919904580567,0.978466771525637,0.996318552468024,1.00012274598187,0.998590770384529,0.994559810479289,0.990621779697463,1.00326383185364,1.02861553527915,1.02717764856214,1.00474030493921,1.0321698140831,1.02270857834959,1.00617781182498,1.02198454573908,1.022902610329,1.05422118658282,0.988617651908172,0.990029573964256,1.00070793039842,1.01456302315106,1.05474522380322,1.06766512807211,1.03153495724871,1.02761946798746,1.03139118185154,1.0001428083934,0.998795385759588,0.999326102796179,0.997559912047337,0.996521564287866,0.997786469355324,0.997866660524511,0.999612164807788,0.998157375485102,1.00295358163456
10.3805219124111,8.21805290158676,0.383976606258731,1.033167895027,1.02765355400156,1.00256562394125,0.968769528890712,0.968076456743471,0.969041546797673,0.962735386495198,0.96380063930202,1.02617393662116,0.974781242271387,0.971719044614435,0.954137535289526,0.973214001824428,0.973976482608467,0.981765231248547,0.999764566793455,1.00335177558443,1.00167107940818,0.998512746452473,0.99506868911834,1.00653582225679,1.03160215525089,1.03014019329505,1.00817525451482,1.03382719695923,1.02554075180759,1.00916021050923,1.0253376227447,1.02632921459071,1.05582343754113,0.992089748184201,0.992633590824883,1.00419335183629,1.01963017854764,1.05733061847052,1.06990136705819,1.03293295972599,1.03099265452543,1.0319205283313,1.00039947700736,0.998794849894222,0.999372235984323,0.99768954907112,0.996455718669051,0.998043206289405,0.998065679032284,0.999762756863015,0.99810585798739,1.00284017370664
10.4046490386305,8.14200286185269,0.3772150004734,1.0346024148804,1.02980266779806,1.00501536627299,0.971408965858187,0.970840880850749,0.971851568409025,0.965440359480125,0.966443562246207,1.02761675853255,0.977450853111413,0.974445966399765,0.956783028894029,0.975881320231877,0.976679505385591,0.984705835811713,1.00285418737014,1.00623900435402,1.00440150159817,1.00214912414585,0.999215976809328,1.00944873981194,1.0342476721416,1.03276964388094,1.01124773143985,1.03521355850627,1.02815358673592,1.01187073905197,1.02860450677703,1.02970803401348,1.05721333859837,0.995247437777521,0.994981716240783,1.00739096035509,1.02439345665427,1.05960412178528,1.07189319091501,1.03410524353443,1.03438078127312,1.03230466452315,1.000620114917,0.998864001823668,0.999433661242592,0.997900102405909,0.996496049188625,0.998357237989058,0.998322314262478,0.999918326307796,0.998119260660638,1.0026850006454
10.4233601507725,8.07741186424911,0.374421924358846,1.03548773161294,1.03124586353969,1.00667284636157,0.97320546846541,0.97271891829078,0.973765779810127,0.967263068272724,0.968214201116479,1.02849886857463,0.979284063003636,0.976313466023723,0.958596098763473,0.97771078503864,0.978529217555511,0.986734666708342,1.00499793313817,1.00823509202015,1.00627277203641,1.00474670918804,1.00223519274933,1.01145495627404,1.03606127494504,1.03457691942286,1.01337530102813,1.03611014958832,1.03001033381314,1.01377255926959,1.03103604985164,1.03224744566068,1.05814440123539,0.997451259349908,0.996623243943027,1.00968058090667,1.02792761531076,1.06115415796538,1.07327478867701,1.03486576192174,1.03696865506396,1.03251442208506,1.00075946681469,0.998967151612576,0.999493834730063,0.998115402450353,0.996607009770321,0.998632484602014,0.998556890731869,1.00003832138619,0.99817957912377,1.00253783634072
10.4380277688278,8.02465734045338,0.373611001191789,1.03605690193039,1.03224309164113,1.00782400091095,0.974458817930935,0.974026615482479,0.975101454192313,0.9685239556227,0.969433381998775,1.02905903127695,0.980573271944932,0.977623383125631,0.959868719051794,0.978996093543489,0.979825628498868,0.988163856776225,1.00651368247334,1.00964396459348,1.007584981824,1.00662072262637,1.00443909499422,1.01286467308671,1.03733087137939,1.03584498631547,1.01487685993472,1.03671079109742,1.03135215221796,1.01513237439934,1.03285453720098,1.03415984933279,1.05878710400168,0.999014244432115,0.997797306385656,1.01133563990813,1.03053363991342,1.06223401947987,1.0742531904004,1.03537697830442,1.03893908440168,1.03263262220819,1.00084660157384,0.999077848520968,0.999549794484899,0.998312900295904,0.996745093099347,0.998863012681803,0.998759744769282,1.00012999566313,0.998259427069062,1.00240737209288
10.4526953868831,7.97116368092026,0.373845521362553,1.03652865244403,1.03312731261376,1.00884903625763,0.975578991248552,0.975192707745786,0.976294521026073,0.969641755927578,0.970509790780108,1.02951673966358,0.981734563209623,0.97880006334129,0.961012890961246,0.980152687819378,0.980989410876997,0.989451717136212,1.00788346941971,1.0109158168881,1.00876301890707,1.00834414887687,1.00648665888077,1.0141308432229,1.0384671658892,1.03698262838681,1.01623142472361,1.03722940673949,1.03258971767202,1.01637475967982,1.03457933972761,1.03598381524441,1.05935631018564,1.00042610430978,0.99887280268115,1.01286211952228,1.0329771648591,1.06319625881879,1.07514052163755,1.03582026565219,1.04083517275299,1.03271678132313,1.00091329837837,0.999213503924884,0.999614298532795,0.998532736103565,0.996928919306328,0.999102958140438,0.998976899675569,1.00021833202339,0.998368717994069,1.00226475015673
10.4673630049384,7.9179855455418,0.374964480814684,1.03691522873697,1.03390461791241,1.00975338723912,0.976570095293923,0.976221279345237,0.97734848482471,0.97062203157098,0.971450009885159,1.02988503746563,0.982770718932192,0.97984651200843,0.962031544235326,0.981183598606829,0.982023991694247,0.990600083865609,1.0091078274099,1.01205237433132,1.00981030224255,1.00991081698229,1.00836538454948,1.01525478185951,1.03947200539938,1.0379915008472,1.01743974114787,1.03767470984373,1.03372096762667,1.01749940632606,1.03619707347176,1.03770320389996,1.05985637905459,1.00168325119017,0.999850547958953,1.01425526613517,1.03523784389889,1.06404320485544,1.07593845585868,1.03620301712121,1.04263712209952,1.0327732757177,1.00095942828975,0.999372290308212,0.999687966123751,0.998771982416238,0.997158325715026,0.99934923423801,0.999206078851205,1.00030249718011,0.998507549335098,1.00211104820965
10.4820306229936,7.86624795640243,0.376781725230067,1.03722922435715,1.03458230915185,1.01054402291319,0.977437843823386,0.977118126483975,0.978268597187633,0.971471982156072,0.972262199863829,1.03017769964014,0.983685983208655,0.980767305947934,0.96292913536339,0.982093314297575,0.982934375034979,0.991612706975924,1.01018940942084,1.01305728103223,1.01073203490043,1.01131751507303,1.01006654008941,1.01623972942268,1.04034890498468,1.03887489894353,1.01850465004213,1.03805638825695,1.03474551125404,1.01850775126194,1.03769606851568,1.0393035126894,1.06029228754257,1.00278449124607,1.00073223739826,1.01551281139021,1.0373002620892,1.06477858685185,1.07664976169389,1.03653347686339,1.04432655128947,1.03280858733197,1.0009855420716,0.99955179054435,0.999771279536332,0.99902746430806,0.997432302645101,0.999598856238579,0.999444865551699,1.00038189366298,0.99867542963768,1.00194741844429
10.4966982410489,7.8171007119194,0.379100682840256,1.03748296352289,1.03516820395184,1.01122858476386,0.978188584961837,0.977889702945925,0.979060810441403,0.972199381674954,0.972955031360649,1.03040837005346,0.984485083712946,0.981567577898705,0.963710637429966,0.98288684321016,0.983726181750187,0.992494312986153,1.01113206870719,1.01393522713114,1.01153432459852,1.01256299623843,1.01158391473469,1.01709003232224,1.04110234132464,1.03963705032716,1.01943017374283,1.03838450849771,1.03566405369629,1.01940226711897,1.03906612179402,1.04077174235759,1.06066938467109,1.0037301492216,1.00151969586096,1.0166340098238,1.03915209923393,1.06540692671131,1.07727773352483,1.0368202101878,1.04588651633465,1.03282899757678,1.00099282647562,0.999749055634069,0.999864546287247,0.999295833607235,0.997748960257249,0.999848994639055,0.999690734130184,1.00045616912478,0.998871252814509,1.00177507780606
10.5113658591042,7.77168279690868,0.381722482375969,1.03768800114027,1.03567012646578,1.01181485029786,0.978828853250612,0.9785426834748,0.979731350743325,0.972812098979265,0.973537179073678,1.03058997753132,0.985172874692996,0.982252636450983,0.964381181743365,0.98356931760606,0.984405218465108,0.993250151905334,1.01194040833123,1.01469146863387,1.01222366598032,1.0136475954733,1.01291358945989,1.01781072178738,1.04173736856801,1.04028273529264,1.02022107452438,1.03866895107782,1.03647803144603,1.02018605090084,1.04029845668503,1.04209644971537,1.06099298067584,1.00452171511244,1.00221465232596,1.01761927708277,1.04078412444341,1.06593320611449,1.07782587830175,1.03707164732285,1.04730172115414,1.0328403532461,1.00098305444641,0.999960678567448,0.999967865545978,0.999573645515654,0.99810552309219,1.00009702120999,0.99994108500986,1.0005252143829,0.999093294155974,1.00159529794158
10.5260334771595,7.73108427685612,0.384456033420747,1.0378546218621,1.03609533138193,1.01231008666874,0.979364744045113,0.979083311787949,0.980286075198987,0.973317422167768,0.974016631245614,1.03073409241641,0.985753767882771,0.982827370222848,0.964945474290756,0.984145426094253,0.984976878053959,0.993885397225533,1.01261918713565,1.01533121553094,1.01280630193782,1.01457265870551,1.01405341884514,1.01840697710496,1.04225914536805,1.04081681683401,1.02088227177669,1.03891880499025,1.03718910756299,1.02086227746674,1.04138548092851,1.04326758923548,1.06126797573533,1.00516128733915,1.00281834906024,1.01846968227311,1.04218975535595,1.0663624640326,1.07829754733296,1.03729557610742,1.04855851667682,1.03284782830391,1.00095851491729,1.0001828823364,1.00008110080126,0.999857434308339,0.998498352404433,1.00034054686103,1.00019328288289,1.00058915432108,0.999339226053274,1.00140939533885
10.5437936105639,7.68983792378618,0.387663769093679,1.03801703579451,1.03651608912444,1.01279649940014,0.979881020986001,0.979594886316994,0.980809629385182,0.973794128517636,0.974469126968255,1.03087205009848,0.986318825783115,0.983381076110594,0.965491746057779,0.984705764173844,0.985531487855857,0.994499457294373,1.01327369455738,1.01595625891077,1.0133764535063,1.01548146839219,1.01517773939136,1.01896917772056,1.04274618263417,1.04132049131394,1.02151557301105,1.03918590307207,1.03791404342172,1.02154073464004,1.04249718061103,1.04446696660565,1.06154166210388,1.00573533368483,1.00342751520078,1.01932031325695,1.04358185369951,1.06675910598245,1.07877026986385,1.03753930596678,1.04985048332148,1.03285775813759,1.00091311218256,1.00046008610264,1.00023086171745,1.00020402513898,0.999015850174882,1.00062630030958,1.00049724271984,1.00066027786271,0.999664627394917,1.00117810572752
10.5615537439682,7.65865472232611,0.390525749190579,1.03814672488128,1.03684122701689,1.01316634765376,0.980258190350651,0.979956188956074,0.981176978613892,0.974130260328845,0.974789534190176,1.0309816210721,0.986736135809579,0.983783523888935,0.965892189156508,0.98511994262215,0.985940615934345,0.994949462915279,1.01375077809792,1.01642330873274,1.01380509439471,1.01616213926195,1.01602222127348,1.01936314817211,1.04308148229514,1.04167380686994,1.02197184792307,1.03942348670334,1.03849123915732,1.02206862862826,1.04337561696312,1.04541466949364,1.06175530766978,1.00609364656843,1.00390246625485,1.01997678135032,1.04463096346747,1.0670275936409,1.07913866806532,1.03776109157364,1.05087432388945,1.03287380496229,1.00085555091622,1.00073938346247,1.00039332113863,1.00054858636564,0.999570562235646,1.00089919702967,1.00079550181187,1.00072542330891,1.00001461104442,1.00094227184963
10.5793138773726,7.63874486472151,0.392854813915292,1.03824972321694,1.0370744540389,1.01342322913195,0.980498939531434,0.980170257340079,0.981390939773615,0.97432957627753,0.974982061068447,1.03106954836397,0.987006273430478,0.984036014015923,0.966147891381909,0.985388838668428,0.986206098756347,0.995238287369082,1.01405369463414,1.01673510488945,1.01409543653253,1.01661621387541,1.01658643415315,1.01959343322079,1.04326995546341,1.04188109073747,1.02225477775478,1.03963659471409,1.03891930264604,1.02244622555688,1.04401096133351,1.04609858415393,1.06191125607653,1.00623875690246,1.00423967979927,1.02043911684317,1.04533389494289,1.06717306250611,1.07940417757981,1.03796551261499,1.05161454021253,1.03289901378067,1.0007917210046,1.0010132591783,1.000566684958,1.00088570754725,1.00015186753364,1.00115667539603,1.00108370900099,1.00078589250976,1.00038215277035,1.00070437153295
10.597074010777,7.63092379234057,0.394550493929896,1.03832656102258,1.03721472941258,1.01356585492125,0.980601719742259,0.980235954396329,0.981450355556631,0.974391209720495,0.975045969765031,1.0311363155577,0.987126143560138,0.984136071509272,0.96625622341709,0.98550956753917,0.986325758660571,0.995365064299474,1.01418223538429,1.01689043299123,1.01424625304497,1.01684292945675,1.01686884453535,1.01966145899339,1.04331371568091,1.04194388675918,1.02236466385642,1.03982458913414,1.03919361318279,1.02267025477597,1.04439345088536,1.04650757652449,1.06200861155856,1.00617173981058,1.00443301271484,1.02070509652012,1.04568792883024,1.06719818076189,1.0795657567038,1.03815235729795,1.05205811178388,1.03293373120366,1.00072766762531,1.00127443554549,1.00074861009957,1.00121050016037,1.00074816219204,1.00139680823271,1.00135783188757,1.00084322121281,1.00075955724173,1.00046689109742
10.6148341441814,7.6355738988895,0.395603405553082,1.0383731995656,1.03725772471409,1.01359023389085,0.980564202229219,0.980152304242643,0.981354398980415,0.974313795743906,0.974979596157501,1.03117829899888,0.987093048816794,0.984081694501314,0.966215182616782,0.985478821733272,0.986296610842412,0.995327434726112,1.01413447983447,1.01688589041921,1.01425377458457,1.01683944008201,1.01686646748991,1.01956638312158,1.04321216501951,1.04186129524842,1.02230040775672,1.03998233702235,1.03930718643959,1.022735240771,1.04451367782459,1.04663159838689,1.06204415571401,1.0058959859,1.00447667947893,1.02077052369173,1.04568971351214,1.06710312281106,1.07962016934419,1.03831742302886,1.05219448704022,1.03297613331204,1.00066929481298,1.00151614157129,1.00093624769244,1.0015186847723,1.00134722969328,1.00161827067427,1.00161425693797,1.00089906553363,1.00113872725582,1.00023230164714
10.6325942775857,7.65257240495051,0.396142754808924,1.03837793118046,1.03719067226813,1.01348241958918,0.980372495679718,0.979905118720999,0.981089351345949,0.974082788060017,0.97476799908299,1.03118122828768,0.986892520266109,0.983858525243078,0.966010249528165,0.985282872697214,0.986104987280982,0.995113988102764,1.0139004218644,1.0167094810045,1.01410507780278,1.01659878727895,1.01657411416386,1.01930180764714,1.04296137958661,1.04162855661248,1.02205228218951,1.04009566297613,1.03924618455367,1.02262801235515,1.04435921964104,1.04645867481907,1.06200925213963,1.0054055477344,1.00435712160693,1.02062756524522,1.04533631089453,1.06688525388002,1.0795611778095,1.03844916447779,1.05201346849171,1.03302059704704,1.00062209315329,1.00173239399999,1.00112633376561,1.00180666339952,1.00193664157467,1.00182029609842,1.00184988440194,1.00095509544973,1.0015114662813,1.00000303767373
10.6503544109901,7.68143192863119,0.396288315447829,1.03832653043697,1.0370006464856,1.0132294595455,0.980016052708037,0.979484988302507,0.980646348908684,0.973687642632338,0.974399771481093,1.0311297300816,0.986514461364163,0.983456843506147,0.965631760225946,0.984911193662216,0.985740211459916,0.994715098217042,1.01347128069052,1.01635053349919,1.01378830355645,1.01611269693038,1.01598457777103,1.0188608460044,1.04255556162864,1.04123965301112,1.02161235059026,1.04014905875025,1.03899893044146,1.02233727590956,1.04392342281331,1.04598378464477,1.0618949583201,1.00470084774231,1.00406369021023,1.02026737975444,1.04462215987396,1.06654002539756,1.07938147433264,1.03853435659825,1.05151220551046,1.03306026015187,1.00059087388957,1.00191822443071,1.00131529093127,1.00207154897357,1.00250417166806,1.00200260666191,1.00206220404915,1.00101287302574,1.00186976293184,0.999781474411164
10.6681145443945,7.72121164772868,0.396251135268635,1.03820038785721,1.03667103254974,1.01281444342487,0.979480143876493,0.978877782491962,0.980012045268092,0.973112890794852,0.973858397299765,1.03100310856666,0.985944858647264,0.982862797165952,0.965065788897737,0.984349854266512,0.985187948075376,0.994118045839819,1.01283553605516,1.01579531461348,1.01328814129408,1.01537175828505,1.01509055020692,1.01823438848836,1.0419871753462,1.04068677523555,1.02096979518713,1.04012258294405,1.03855142607982,1.02184909062389,1.04320010948071,1.04520311939137,1.06169007797977,1.00378049478002,1.0035836632081,1.01968031105796,1.04354289829584,1.06606123585564,1.07907249380237,1.03855596077996,1.05069057043463,1.03308606212021,1.00057953847522,1.00206984224747,1.00149933844739,1.00231115247312,1.00303819072235,1.00216532285026,1.00224934865842,1.00107372406085,1.00220605952528,0.999569903000048
10.6858746777989,7.77059214706558,0.396314645187428,1.03797879279335,1.03618462706139,1.01222068142782,0.978751806826295,0.978071936302977,0.97917579895704,0.972345200229847,0.973129189728485,1.03077967191202,0.985172486163662,0.982065332248927,0.964301309967431,0.983587054887695,0.984435625081759,0.993310991477819,1.01198221691391,1.01503046575099,1.01258955630186,1.01436721092223,1.01388591718241,1.01741355306765,1.04124869426923,1.03996227868086,1.02011428055834,1.03999470625328,1.03788974328457,1.02114978144624,1.04218483341582,1.04411495168131,1.06138299819627,1.00264696689947,1.00290707735541,1.0188573790433,1.04209617865277,1.06544238378539,1.07862593434557,1.03849530180461,1.04955153050859,1.03308796037537,1.00059090338224,1.00218476451913,1.00167462459656,1.0025239578702,1.00352803373293,1.00230887272453,1.00241012795528,1.00113863427502,1.00251352221119,0.999370506758692
10.7036348112032,7.82795808841453,0.396773812078257,1.03763966158738,1.03552437674911,1.01143181164043,0.977818124337827,0.977055581453645,0.978126792761428,0.971370785181923,0.972196886914628,1.0304362785298,0.98418616725601,0.981053337929498,0.96332712275509,0.982611384704329,0.983471023358775,0.992282863362136,1.01090134602816,1.01404369391638,1.01167830679648,1.0130920324367,1.01236694890859,1.01639009529785,1.04033298860527,1.03905903757849,1.01903637405974,1.03974356006698,1.03700220615383,1.02022738935706,1.04087792156821,1.04272300018799,1.06096231931291,1.0013041042655,1.0020247777698,1.01779137781166,1.04028280291077,1.06467704557112,1.07803419423155,1.03833317698279,1.04810407888007,1.03305510221782,1.00062656666557,1.00226187290185,1.00183735832792,1.00270906698782,1.00396432850699,1.00243389426551,1.00254403362153,1.00120815498249,1.00278626261543,0.999185336822792
10.7213949446076,7.89148088123392,0.397924092391305,1.03716136511922,1.03467554147687,1.01043460043597,0.97666992911201,0.97582091768792,0.976858349710795,0.970179701525199,0.971049907680911,1.02995129631832,0.982978949754632,0.979819931322476,0.962136252319599,0.981415405271061,0.982285764518804,0.991026111132428,1.00958636301656,1.01282619913134,1.01054353084509,1.01154320387093,1.01053464113911,1.01515849871663,1.03923509695297,1.03797223354208,1.01772990037061,1.03934907961521,1.03588105915499,1.01907369062011,1.03928511358928,1.04103667947414,1.06041818666965,0.999760217398939,1.00093166047262,1.01647882229828,1.03810917996495,1.06376033441897,1.07729179790845,1.03805161430841,1.0463631579592,1.0329767591412,1.00068683766417,1.00230141555937,1.00198394778769,1.00286612297193,1.0043392611618,1.00254113904282,1.00265121641673,1.00128233071672,1.00301950530979,0.999016288069001
10.739155078012,7.95920741109657,0.400038202778656,1.03652387291023,1.03362667200604,1.00921965827642,0.975301688604666,0.974363620502189,0.975367293924421,0.968765448118326,0.96968008739131,1.0293053808214,0.981547527722067,0.978361821558783,0.960725226818215,0.979995457419283,0.980875291718039,0.989537219862382,1.00803486122578,1.01137351152969,1.0091785698526,1.00972278258516,1.0083959528347,1.01371666210272,1.03795287719399,1.03669997678233,1.01619264187986,1.03879422810511,1.03452363146539,1.01768519462166,1.03741849121473,1.03907195055148,1.05974295972769,0.99802701750056,0.999626313378725,1.01492088792584,1.03558864482411,1.06268949591246,1.07639593876846,1.03763496254139,1.04435021549546,1.03284281222829,1.00077072308464,1.00230494133102,1.00211112823545,1.00299521790429,1.00464677301389,1.0026313811578,1.0027324335696,1.00136065367545,1.00320970038013,0.998865075675237
10.7569152114164,8.02915507340095,0.403345591295771,1.03571020529836,1.03237099493516,1.00778301118193,0.973713216940058,0.972684703001759,0.973655763206686,0.967126870027137,0.9680846143112,1.02848323222743,0.979894037223264,0.976681142513214,0.959095937406547,0.978353299706371,0.979240517418436,0.987818206098414,1.0062500084689,1.00968693612596,1.00758247839979,1.00763933926955,1.00596529322046,1.01206713803668,1.03648806642838,1.03524435198823,1.01442772988435,1.03806647676595,1.0329335465795,1.01606445206656,1.03529709660817,1.03685173968556,1.05893205002992,0.996120469217449,0.998112485351076,1.0131246417002,1.03274295065733,1.06146483379324,1.07534730495287,1.03707116851293,1.04209330014636,1.03264443942284,1.00087597500995,1.00227517948075,1.0022160818492,1.00309679277273,1.00488268202232,1.00270533849399,1.00278897043464,1.00144205070749,1.00335457679036,0.998733213375919
10.7746753448207,8.09939967737533,0.408017287481163,1.03470758326486,1.03090724711979,1.00612684707868,0.971910167463509,0.970790885343814,0.971731524180533,0.965268636090738,0.966266590080754,1.02747463128552,0.978026408170588,0.974785784676394,0.957255966350886,0.976496528146459,0.977388315801445,0.985877235433885,1.00424120268584,1.0077742400721,1.00576074899378,1.00530871214079,1.00326531160877,1.01021775493532,1.03484686395257,1.03361196794946,1.01244428072016,1.03715876493343,1.03112133470977,1.01422069341733,1.03294704332229,1.03440589722953,1.05798444721491,0.994060387781789,0.996399360514051,1.01110367831679,1.02960305812364,1.06009026399396,1.07415050906702,1.03635264312021,1.03962674302193,1.03237463723058,1.00099919363,1.00221586800456,1.0022965379887,1.00317153484852,1.00504472457662,1.00276360846336,1.00282253865464,1.00152490408325,1.00345313648999,0.998621993927941
10.7924354782251,8.1681521613582,0.414156400721185,1.03350839606808,1.02924016239791,1.00425987502395,0.969904221318047,0.968694721351726,0.969608052513569,0.963201475045429,0.964235340261502,1.02627524522519,0.97595847166624,0.972689498114668,0.955218680670721,0.974438717524208,0.975331695295974,0.983728840558644,1.002024301779,1.0056498947552,1.00372560605565,1.0027542301812,1.00032706996774,1.0081818619513,1.03304017943505,1.03181416797851,1.01025762358618,1.03607005418893,1.02910451791723,1.01216998042238,1.03040108878725,1.0317706350709,1.05690300332173,0.99186976867353,0.994501680274,1.00887828207125,1.0262092141485,1.05857359332479,1.07281422243241,1.03547680683026,1.03699039439457,1.03202865854747,1.00113598123374,1.0021315429449,1.00235085256347,1.00322028025145,1.00513252046268,1.00280662200642,1.00283515689064,1.00160710658537,1.00350559522576,0.998532472709183
10.8101956116295,8.23382208628011,0.421793140494381,1.03211098471968,1.02738075337654,1.00219751319358,0.96771328498366,0.966414824980906,0.967304721030326,0.960942458970512,0.962006742554713,1.02488723623834,0.973710164938944,0.970412102651778,0.953003462501453,0.972199576809745,0.97308995909527,0.981394011604499,0.999621661160091,1.00333509773227,1.00149609074047,1.00000658728039,0.997189755084032,1.00597840995876,1.03108373634583,1.02986710057554,1.00788935353446,1.03480563484841,1.0269073528707,1.00993507534604,1.02769782042256,1.0289875726853,1.05569459521282,0.98957438426727,0.992439849092747,1.0064752900077,1.02261046552359,1.05692668349359,1.07135118670313,1.03444641674235,1.03422850469979,1.03160436162215,1.00128113802457,1.00202730179672,1.00237806206296,1.00324392817636,1.00514746755326,1.00283461759809,1.00282902107856,1.0016861482893,1.0035132778091,0.998465454987645
10.8279557450339,8.29506370289686,0.430885638868227,1.03052012147264,1.02534614376686,0.999961487318629,0.965360970526176,0.963975303366596,0.964846199828319,0.958514521776924,0.959602804646921,1.02331939413716,0.971306935992208,0.967978885305408,0.950635106891936,0.969804386237044,0.970688155387809,0.978899643045495,0.997061561323002,1.00085719573643,0.999097545624353,0.997103064880522,0.99389966681403,1.00363151599161,1.02899774820228,1.0277913589874,1.00536678578616,1.03337696659358,1.02456004554273,1.00754475149638,1.02488039932433,1.02610238551467,1.05437001680777,0.98720178443272,0.99023937552663,1.00392739065841,1.01886338887955,1.05516525703324,1.06977787892945,1.03326951737643,1.03138828214919,1.03110240858383,1.00142888991221,1.00190855194233,1.00237790898126,1.00324337085519,1.00509257600531,1.00284763461223,1.00280637088993,1.00175922933777,1.00347847764384,0.998421487312561
10.8457158784383,8.35080386218024,0.441325112027472,1.02874724602167,1.02315917139904,0.997579194285624,0.962875928415196,0.961405104551115,0.962261784536256,0.955945867154095,0.95705111003659,1.02158700889802,0.968779034800501,0.965419907446483,0.948143127054699,0.967283290759376,0.968156357114402,0.976277726458617,0.994377348305555,0.998248822797157,0.996560828458256,0.994086343073121,0.990508706473545,1.00116976820732,1.02680635914848,1.02561138898609,1.00272213470215,1.03180125475155,1.0220976563169,1.00503280808108,1.02199503174459,1.02316320421448,1.05294373862675,0.984780397430608,0.987930184995598,1.00127206404661,1.01503023285495,1.05330849601432,1.06811397955021,1.03195916894131,1.0285182709514,1.03052634329229,1.00157313748128,1.00178075933582,1.00235083942135,1.00321944360636,1.0049722560153,1.00284552561193,1.00276936066714,1.00182339203383,1.00340429192808,0.99840085332567
10.8634760118426,8.40025441734482,0.452943303007247,1.02681047171276,1.02084784531988,0.995082972878303,0.960291205816372,0.958737438047587,0.959584811320562,0.953269393694586,0.954384249139369,1.01971152648061,0.966160881398742,0.962769392766958,0.945561162040856,0.964670620866933,0.965528962805195,0.973564519861216,0.991606518146274,0.995546957202524,0.993921435564543,0.99100317271645,0.987072670682983,0.998625483693741,1.02453704080088,1.02335486565251,0.999991649913619,1.03010087187346,1.01955888140648,1.00243698288889,1.01908936177746,1.02021894572099,1.05143357845695,0.982338997613529,0.985545922164942,0.998550421212202,1.01117681690941,1.05137860116111,1.06638182496842,1.03053303107348,1.02566670191132,1.02988256111231,1.00170771386498,1.00164920872198,1.00229797262323,1.0031728964816,1.00479207392607,1.00282798484217,1.00271994194613,1.0018756633208,1.00329444332144,0.998403573937276
10.881236145247,8.44290938995274,0.46552296643392,1.0247343177074,1.01844453534821,0.992509012659491,0.957643109985449,0.956008637584945,0.956851518671543,0.950521589991037,0.951638733095946,1.0177198683223,0.963489840017443,0.960064518815288,0.942925764372459,0.962003697967776,0.962843499196874,0.970799288489988,0.988789415857246,0.992791624545076,0.991218266858243,0.987902675846139,0.983649165373652,0.996033632847256,1.02221971068569,1.02105179347246,0.997214367099451,1.02830251850256,1.01698461729958,0.999797585305815,1.01621078713916,1.01731761614633,1.04986022363776,0.979905800329406,0.983122735395897,0.995805722450088,1.00737005963088,1.04940010003811,1.06460564185161,1.02901272961073,1.02287986908798,1.02918014810011,1.0018266399647,1.00151878399663,1.0022210435595,1.00310438605821,1.00455849096578,1.00279458863949,1.00265976294019,1.00191319822343,1.00315309796418,0.998429411710875
10.8989962786514,8.47852865975919,0.478809808012032,1.02254922397647,1.01598509932853,0.989896246856619,0.954970120289903,0.953257122187975,0.954100020654842,0.947741498483428,0.948853952603322,1.01564359968104,0.960805062995025,0.957344303060464,0.940275276150528,0.959321689278523,0.960139455432904,0.968023012455172,0.98596788161323,0.990024570605531,0.988492366947073,0.984834530534819,0.980295380403846,0.993430697322541,1.01988577276896,1.01873353293714,0.994430804534149,1.02643632155253,1.01441654209244,0.997156125471909,1.01340488090811,1.01450474599243,1.04824671599086,0.977507827623923,0.980698102438864,0.993081783648251,1.00367533557757,1.04739906633428,1.06281071055868,1.0274231593586,1.02020068426296,1.02843062190283,1.00192436668839,1.00139378006349,1.00212232422488,1.00301448718928,1.00427860019884,1.00274484514535,1.00259009116901,1.00193341621415,1.00298468911345,0.998477879145588
10.9205736434233,8.51281015901582,0.494886853196121,1.0198196366173,1.01299241303479,0.98674037528087,0.951751028321585,0.949940851280156,0.950788627552707,0.944381139327083,0.945480738313344,1.01307055919624,0.957581100207053,0.954074618070899,0.937088605502891,0.95610414708667,0.95689293329795,0.964705320791649,0.982606949923012,0.986722362052259,0.985224569784019,0.981237632513348,0.976411301932533,0.990319331205413,1.01708689310568,1.01595465638313,0.991110369836976,1.02414117859635,1.01138810675749,0.99402300092214,1.01018472498561,1.0112987887991,1.0462791816386,0.974675352128199,0.977803986132822,0.989878277464469,0.999444788300429,1.04498725614912,1.06065139737208,1.02545156138365,1.01717352278943,1.02748377364961,1.00200737187429,1.00125435020518,1.001977121106,1.00287716583297,1.00388724040768,1.00266159677178,1.0024937856841,1.00193141711721,1.00275024169686,0.9985660999368
10.9487858383509,8.54176895874323,0.517183941419867,1.0161880771768,1.00914254249125,0.982728431323412,0.947694163748255,0.945769211382728,0.94663092490671,0.940133811469919,0.941203221041817,1.00969856333272,0.953553073526385,0.949983855509646,0.933105154049176,0.952072973641152,0.952815563879446,0.96054691540068,0.978404263484941,0.982578022832499,0.981102535703786,0.976824262549885,0.971728841276058,0.98640155941759,1.0135396013071,1.01243655362405,0.986952599671262,1.02114404367773,1.00761413004065,0.990106117034369,1.00629073868926,1.00744741171931,1.04373839542227,0.971187652217916,0.974219198914126,0.985926963885352,0.994427235524268,1.04191076028456,1.05790569649047,1.02285289060481,1.01358458507156,1.02620987178567,1.00204632584712,1.00109935013217,1.00175445614923,1.00265282756954,1.00331273818956,1.0025139015512,1.00234926439616,1.00188067826411,1.00240736031537,0.998727018325997
10.9769980332784,8.55626128299225,0.537471031835071,1.01267620717174,1.00554380948257,0.979018727164032,0.943954193655304,0.941915600058321,0.942795659868996,0.936195882786172,0.937227406108497,1.00647970296681,0.949861037166566,0.946225937132189,0.929447244589145,0.948379186920078,0.949074817886735,0.956758435269745,0.974594131069321,0.97881057625133,0.977330916472464,0.972950445032041,0.967724937140479,0.98281779779908,1.01027092239562,1.00919675929862,0.98317121410214,1.01831463682904,1.00424384340489,0.986578246410242,1.00295843393719,1.00418917959282,1.04135354676387,0.968007478742953,0.970971303552394,0.982439111690174,0.990247700252217,1.03905239278012,1.05536671605604,1.02037037728732,1.01060096436235,1.02496658179192,1.00199833684318,1.00097923808445,1.00150619944735,1.00237998005242,1.00269303174366,1.0023212924727,1.00218252283143,1.00177294643115,1.00203796729498,0.9989350254233
11.005210228206,8.55791768329169,0.556789936730143,1.00946478556266,1.00233297232032,0.975739163780321,0.940663721902236,0.938521749901424,0.939421729871758,0.932715339407843,0.933705490327647,1.00356828645341,0.94664046236933,0.942939789890762,0.926252232672436,0.945151232969011,0.945797217805407,0.953443599128858,0.971265983260696,0.97551706132392,0.974019846279545,0.969653902661764,0.964403287089494,0.979644295826144,1.00734246624589,1.00629622413345,0.979855121041422,1.01576246670314,1.00134326436044,0.983519658793004,1.00018907573595,1.00150137028329,1.03921558302293,0.965215381773715,0.968176077292313,0.979439785385821,0.986858735982025,1.03646522980126,1.05307921622084,1.0181022435041,1.00816597041236,1.02382340041419,1.00186057110699,1.00089338759671,1.00124539368949,1.00206185262161,1.00205542332144,1.00208370674611,1.00199030280998,1.00160877220208,1.00165642904731,0.999184018336998
11.0334224231336,8.54990691212644,0.571790229390774,1.00673498512193,0.999671750783386,0.973044566033303,0.937956436949327,0.935714280413214,0.936631398651103,0.929828556810382,0.930780275758197,1.00111232933347,0.944007143771162,0.940242632026192,0.923633339723995,0.942512562770838,0.943116174425905,0.950758412461808,0.968587481261375,0.972859840779401,0.971329114337094,0.96715216092557,0.962014481081713,0.977045092907917,1.00491274673742,1.00389002263693,0.977169946846669,1.01363430100941,0.999061956294556,0.981084409593617,0.99813432586811,0.999541938328284,1.03743441969616,0.962871684205125,0.965927061222179,0.977143912612377,0.984572755260585,1.03429555492934,1.05117054637441,1.01618091042065,1.00644761213829,1.02284701033414,1.00163751232672,1.0008357908877,1.00098391995081,1.00170319894241,1.00142409699299,1.00180248620139,1.00176797264884,1.00139252052932,1.00127476271658,0.999466978693627
11.0721200637715,8.5300917279431,0.586506500094274,1.00406112563608,0.997120488190158,0.970471213923755,0.935357731540867,0.932995465847146,0.933926220454054,0.927026833732569,0.927939570978826,0.998707007066527,0.941502156704955,0.937662220440842,0.921134740460758,0.939999731537711,0.940557823726475,0.948202150504374,0.966040634311722,0.970348023489243,0.968777075902375,0.964917064627256,0.96002314488915,0.974480172560865,1.00244516705731,1.00144419938794,0.974583947282306,1.01156945301745,0.996990845874295,0.978830125764324,0.996391149270802,0.997905579024315,1.03571541975678,0.960486460088642,0.963836536590827,0.975025578700719,0.982801904233569,1.03204137686489,1.04919168624245,1.01426419056894,1.00502917435104,1.0218849359396,1.00121697382366,1.00078203417576,1.00064241434714,1.00115711251944,1.00060322029068,1.00135176428703,1.00140463567743,1.00102744852188,1.00076640047326,0.999895249121945
11.1108177044095,8.50138446664073,0.592338686409594,1.00287647675515,0.996019050569544,0.969356175635328,0.934188998384046,0.931727749215919,0.932655716993126,0.925720388413062,0.926619059348671,0.997608454215315,0.940390039009814,0.936496332454476,0.920016100060645,0.938885595291551,0.939427041369148,0.947108559875656,0.964970137706577,0.969304004595639,0.967698511801332,0.964262881910085,0.959723129236812,0.973264846534889,1.00118144747917,1.00018718260983,0.973449342530742,1.0106526860976,0.996260344787551,0.977965798932111,0.995977921896813,0.997572235093306,1.03495512849834,0.959148006401286,0.962960730518703,0.97432534825807,0.982857042852528,1.03083142168642,1.04812661292282,1.01333324551688,1.00481977977801,1.02145124869407,1.0007054668252,1.00072755226648,1.00033474030215,1.00056998077585,0.999868630959755,1.00083787926341,1.00096712288463,1.00060870659025,1.00028852410695,1.00035123603298
11.1618151379647,8.470391444903,0.582320552856125,1.00379813459096,0.996906652893002,0.970207432217568,0.934918192717151,0.932376572074155,0.933272753951764,0.926400646923027,0.927327038108858,0.99831631376287,0.941095473561775,0.937182599269129,0.920703699513851,0.939603346865234,0.940177387857644,0.947928549737449,0.965818822368724,0.970194350569586,0.968582505565122,0.965662686359136,0.961675878751865,0.973768934561007,1.00141655494466,1.00040388113693,0.974185315529781,1.01128970115775,0.997282397163352,0.978926407172193,0.997252845149425,0.998877841232655,1.03551252063084,0.959101752280362,0.963620686304788,0.975426424095992,0.985476272161128,1.03087746297017,1.04813489626254,1.0137131990153,1.0060785708102,1.02176541290809,0.999996666689617,1.00059402711302,0.999991810381667,0.999777904200724,0.999055598068559,1.00009632098945,1.00027917109641,1.00003664764143,0.99971152467756,1.00095466964633
11.1953272322281,8.44165385264758,0.57297523102666,1.00584008285087,0.998826701099336,0.972086620243597,0.936702986101144,0.934155932737822,0.935018307914173,0.928250560186149,0.929221194496477,1.00003670578199,0.94281093325659,0.938921003588825,0.922404608014521,0.941330838094019,0.941952430522112,0.949738231272694,0.967624943595784,0.97204752360297,0.970462729804186,0.967558159390365,0.963664429301994,0.975302450630485,1.00267752770699,1.00163717854874,0.975919134752401,1.01275924074449,0.999074569505082,0.980736941081103,0.999083872232245,1.00066471517538,1.0367661937495,0.960135472107838,0.965095051149076,0.97697159568207,0.98739579375996,1.03189095517582,1.04896269721213,1.01489607683678,1.00764726249491,1.02248418646973,0.999564392344523,1.00044385220068,0.999804116617562,0.99927929857376,0.99863159187407,0.99959208336441,0.999772058253313,0.999681472605486,0.999368819874334,1.00133276488999
11.218704628205,8.43171318556388,0.55522165543389,1.00786661932904,1.0007712148764,0.974027279338527,0.938569210977266,0.936032567217647,0.936866303967487,0.930192391294757,0.931201958650859,1.0017825451044,0.944592295811051,0.940735538008392,0.924176774686341,0.943127824546315,0.943809637982349,0.951681527425431,0.969608371194029,0.974011922865232,0.972430956822517,0.969876238463015,0.966398108333903,0.977078404988032,1.00422636051961,1.00316177722147,0.977856228088798,1.01425736805079,1.00085355604336,0.982589822985586,1.0008777237912,1.0024354037545,1.03804500594709,0.961390387470774,0.966582434891511,0.979065009811666,0.990828648822728,1.03319846353219,1.05006906932602,1.01613681372292,1.0093368614319,1.02320043042377,0.999303614523165,1.00030205625403,0.999687693391018,0.998956359266921,0.998386044150416,0.999244126273373,0.999403501661025,0.999459075494702,0.999146925938568,1.00157828986268
11.2420820241819,8.41382911828764,0.542235231702309,1.01025727731244,1.00307459309196,0.976318303894714,0.940799654973218,0.938306086386091,0.939111950726449,0.932544898267835,0.933598015534259,1.00386771277928,0.946728440214122,0.942920410288293,0.926303592869132,0.945276940766013,0.946015886790445,0.953922903861853,0.971848096010907,0.976276244013194,0.974725891201777,0.972042919793948,0.968544205500908,0.97912545815435,1.00603189692235,1.00493720037409,0.980056871645378,1.01602549707443,1.00291838468313,0.984732242154737,1.00289131004134,1.00438511201124,1.03956601439388,0.96303239498597,0.968361771987626,0.980895743161334,0.992831365899673,1.03473052745672,1.05133855455051,1.01762781507093,1.01103928552484,1.02404532924733,0.999089559114228,1.00012945524007,0.999580222939652,0.99866063276775,0.998174395109527,0.998907553483127,0.999033411260787,0.999266444022528,0.998937849738151,1.00180311723292
11.2654594201589,8.39749558056339,0.525406654118535,1.0129258462171,1.00567858927078,0.978937182190175,0.943373952257731,0.940946432419745,0.941726557690651,0.935270172118544,0.936367280223317,1.00623277388742,0.949196775877315,0.945450662099776,0.928763328860205,0.947759785540976,0.948564395310732,0.956529913534807,0.974471112500919,0.978896176068057,0.977366952019901,0.974646174874123,0.971224727624434,0.981568506619464,1.0082249993988,1.00709814629598,0.982651531419233,1.01801250264739,1.00526130415385,0.987185376598086,1.00518479765705,1.00661617680142,1.04128199281264,0.96505974757204,0.970403985260583,0.983162457512071,0.995604201182833,1.03661791213002,1.05291353736741,1.01931560347418,1.01304186705447,1.02498861265458,0.998930054233833,0.999929505312962,0.999479769674244,0.998402657499939,0.998000446548324,0.998591721612033,0.998674471099043,0.999109903031339,0.99874473229529,1.00200291887072
11.2888368161358,8.37888389008968,0.506995341117269,1.01576873022109,1.00849988179896,0.981803260223917,0.946220493160324,0.943884684432975,0.944644029835645,0.938294301026909,0.939432245169864,1.00879275335575,0.951935422365619,0.948262609757209,0.931493403650623,0.950512069076852,0.951384519319507,0.959420767102959,0.977389357016907,0.981790304888283,0.980272706878986,0.977542926858203,0.974209663682923,0.984327327187869,1.01073294628801,1.0095712185602,0.985553392309404,1.02015145477836,1.00782601100723,0.989881732737324,1.00771892469067,1.00909138758396,1.04314002078286,0.967443904218961,0.972666301739662,0.985716737836407,0.998716616943586,1.03880078241986,1.05473359851507,1.02114129781976,1.01529606637259,1.02599109596951,0.998829634107088,0.99970806165293,0.999384352364278,0.998186972647759,0.997858510954969,0.998304163517129,0.998338698706145,0.998993802649909,0.998568129596351,1.00217370571056
11.3244138881314,8.34429645383809,0.479298125965985,1.02018933069914,1.01299835183033,0.986432603407841,0.950891486246663,0.948750373188521,0.949493475992491,0.943282041625083,0.944468750803179,1.0128650944802,0.956460977500085,0.952917499874148,0.936004766266208,0.955051565251815,0.956015664791476,0.964144859941883,0.982153698320811,0.986499800710259,0.984988266259851,0.982138922368205,0.978850722521019,0.988893929398947,1.01492486824709,1.01370650399165,0.990313273038018,1.02351996403584,1.01197407038489,0.99425391611874,1.01186840025293,1.01315657804417,1.04609762290068,0.971663454141254,0.976413196980384,0.989749475966957,1.00342632797201,1.04246807743726,1.05777378840396,1.02402665477147,1.01900565248786,1.02754219866481,0.998791885775349,0.999351460497966,0.999246754227271,0.997950721175225,0.997698908833606,0.997940552376961,0.997903353692146,0.998899962047601,0.998337609658596,1.00236985728632
11.3599909601271,8.29906098909174,0.45294462329587,1.02440228851055,1.01747256417674,0.991124358634676,0.955720262627722,0.953828215597659,0.954577879912022,0.948455089874092,0.949665114888049,1.01686006332464,0.961190391479939,0.957785855033736,0.940714963623879,0.959784229053297,0.960816977893399,0.969035977229208,0.987100109692196,0.991349314048642,0.989812513197813,0.986903051582839,0.98367087274336,0.9937013889828,1.01938293646292,1.01810418524046,0.995279158305632,1.02680533433042,1.01622968065158,0.998745362013279,1.01625632116641,1.01749318906827,1.0490345223307,0.976406791399441,0.980366061715665,0.993950457205775,1.00835128057309,1.04639860907595,1.0610069171868,1.02684741223428,1.02303516563858,1.02900005874472,0.998884107579462,0.999004310981536,0.999120199540442,0.997832620334964,0.9976026392524,0.997688890767329,0.997594585637957,0.998905841388022,0.998164019090491,1.00248152588422
11.3955680321227,8.24109099871945,0.430398872615002,1.02814050134317,1.02166551445966,0.995613734463118,0.960448835632973,0.958847082248983,0.959628491779072,0.953529620765538,0.954731300921327,1.02051582374521,0.965887979545043,0.962620447647931,0.945385805242368,0.964471097617059,0.96553740416446,0.973824856523136,0.991949507255558,0.996069145283561,0.994475470931578,0.991566526416234,0.988394588838039,0.998460843712885,1.02382458141473,1.02248344931574,1.00016421678846,1.02980590608251,1.02037463731884,1.00311613259021,1.0206952503186,1.0219239580162,1.05178238970877,0.981434446458367,0.984355799932026,0.998060568821011,1.01317889548813,1.05033131639887,1.06420952596994,1.0294244652114,1.0272245001916,1.03026181972385,0.999083887346315,0.998711014087895,0.999012337406492,0.997835245560089,0.997569343568665,0.997572917089195,0.997447753237855,0.999003035116932,0.99806311939933,1.00250273170995
11.4132769746886,8.20739508590288,0.420691105223726,1.0297685746459,1.02359982057524,0.997723276550289,0.962712835215956,0.961263194481165,0.962069501993406,0.955954685549782,0.95713889799052,1.02214742226491,0.968165634522089,0.964961684274379,0.947646489736293,0.966738642990741,0.967808104653272,0.97612523259373,0.994283803476596,0.998324499803358,0.996688374278178,0.993836484431509,0.990716003593705,1.00076591479339,1.02598527534262,1.02461351003536,1.00252063027131,1.03116052095694,1.02235940974415,1.00520604717255,1.02289280594825,1.02413623390174,1.05305117659302,0.983979175512232,0.986322015643314,1.00007016572146,1.01558409831604,1.05225086900035,1.06576678553195,1.03058821446144,1.0293490832808,1.03079466914872,0.999214749495097,0.998597799284343,0.998969060460615,0.997880537377511,0.997577148959906,0.99757104076382,0.997442315891294,0.999081215306245,0.998044757318219,1.00247874853814
11.4309859172546,8.17053172212565,0.412610288106047,1.03122104370432,1.02538763969555,0.999696795131846,0.964862640676603,0.963568719385975,0.964405128177579,0.958258540466967,0.959417924812747,1.02362769847958,0.970349914815125,0.967204953566734,0.949811372796023,0.968908899937631,0.969970445050624,0.978306396577972,0.996496811171959,1.00045471196963,0.998770218736807,0.995998086508573,0.992937171152682,1.00295483485609,1.02803781349827,1.02663584241113,1.00475595169034,1.03238688035479,1.02424022203391,1.0071827859963,1.02502815550201,1.02629899255724,1.0542204702996,0.986484317381311,0.988233002753996,1.00198011464018,1.01789302741728,1.05407410642568,1.06723689567643,1.03163978893897,1.03144736922106,1.03125749809353,0.999359568256358,0.998514268527847,0.998935745348201,0.997953401311307,0.997602528940513,0.997608569881399,0.997484453022323,0.999175334508212,0.998050735515322,1.00243187163029
11.4528181791459,8.12164172223109,0.404460165426286,1.03276305549689,1.02738744647148,1.00193825859653,0.967343650042435,0.966238282439331,0.96711762783084,0.960909742138927,0.962028441389787,1.02522876443045,0.972900180002643,0.969819090208324,0.952334117921081,0.971438129758119,0.97247778504427,0.980831895977518,0.999062858175652,1.00290954858115,1.00115494532294,0.998543661577442,0.995583105197681,1.00549749946188,1.03042527656684,1.02898850900157,1.0073494706664,1.03372916524092,1.02641521554554,1.00946414772131,1.02756879433085,1.02888982367993,1.05552932539853,0.989480159861344,0.990502801365324,1.00423791640028,1.02068409870224,1.05619620188704,1.06894947964765,1.03278968419288,1.03399103250832,1.03172946694453,0.99954956306579,0.998458642507334,0.998911978761433,0.998078464547554,0.997659968770309,0.997709637258439,0.997601589650318,0.999308486164261,0.998094412951205,1.00234331916028
11.4691284904927,8.08295138517204,0.399906601651932,1.03373835515432,1.02872367398425,1.00345898521592,0.969057376185644,0.968089521593022,0.96900421124268,0.962737247714983,0.963819624072576,1.02626083651448,0.974684233550629,0.971644120247082,0.954095226651042,0.973203715768314,0.97421772126535,0.982575775057502,1.00083386443755,1.00459593060716,1.00278478848114,1.00031917229512,0.997444120171207,1.00725135060507,1.03207039615939,1.03060957375837,1.0091391704211,1.03460293784411,1.02791671829412,1.01103489803025,1.02937411907846,1.03074304638519,1.05640159295207,0.991620077927314,0.992120213805975,1.00581082936248,1.02266002724417,1.05765610766212,1.07012698221918,1.0335364042524,1.03583055935099,1.03201293740541,0.999695093234463,0.998454418050956,0.998909008131339,0.998195421839411,0.997723101624074,0.997824286949513,0.997734834348732,0.999417241932879,0.998154656598431,1.00225570762299
11.4854388018395,8.04334919308597,0.396383163949739,1.03457044898265,1.02992740630586,1.00484847980762,0.970645884926537,0.969808407606978,0.970760063721683,0.964424544387812,0.965466577427265,1.02715589771695,0.976356084940345,0.9733502725091,0.955742300444634,0.974855808196047,0.975838722532,0.984199057082086,1.00248450042428,1.00615834727724,1.00428619338631,1.00200561548346,0.999234342213898,1.0088851834019,1.03360297982416,1.03212107625089,1.01080702424926,1.03537350216367,1.02931227716443,1.01249224927323,1.03109246144251,1.03251649134994,1.0571875764479,0.993651174436439,0.993661913451611,1.00731199644659,1.02459209731397,1.05901455977463,1.07123145381077,1.03419408396189,1.03760714984972,1.03224151845996,0.999839373617178,0.998484236076047,0.998920851980324,0.998330486744388,0.997804831386826,0.997971310675246,0.997904911901878,0.999531007505853,0.998239517290822,1.00215066017691
11.5017491131864,8.00323640782587,0.394000792994777,1.03526761229897,1.03099678530875,1.00610059503289,0.972100743859524,0.971386044728682,0.972375458131797,0.965964468836288,0.966963391276442,1.02791866319122,0.977905871469625,0.97492775909296,0.957265775086656,0.976384610277285,0.977330873346008,0.985686631197389,1.00399589226201,1.00758289919796,1.00564858873105,1.00357010318904,1.00090953081908,1.01037689173887,1.03499935299479,1.03349922066532,1.01233277099137,1.03604176986869,1.03059111058962,1.01382421926376,1.03270578741386,1.03419047955218,1.0578843611519,0.99555402610993,0.995117801882467,1.00870401873553,1.02641039946957,1.06024906201187,1.07224325278938,1.03476317448303,1.03929894500252,1.03241968454185,0.999979063312598,0.998548878326854,0.998949217157062,0.998481866079069,0.997906250096426,0.998149053022483,0.99810894418269,0.999647383486538,0.998349399927578,1.00202916716005
11.5180594245332,7.96369666506631,0.392482883343874,1.03584444301932,1.03193989226029,1.00722181377542,0.97342334299234,0.972821226197147,0.973848081529403,0.967357311117175,0.968311702123481,1.0285611774599,0.979331491498925,0.976374375165444,0.958664002213753,0.977788971496472,0.978695421029038,0.987044964214272,1.00537686713768,1.00887676315553,1.00687884707456,1.00503143284953,1.00249641880963,1.01173523879239,1.03626826158343,1.03475400007254,1.01372547108337,1.03661848841193,1.03175626705339,1.01503577601279,1.03420789585957,1.03575636246805,1.05849824806328,0.997313570735566,0.996482565914171,1.01001000894824,1.02816388423394,1.06136560569527,1.07317371479073,1.03525333320772,1.04089387015545,1.03255460088457,1.00011120573522,0.998648183731072,0.998995585364619,0.998647669557813,0.998028250784168,0.998355225478348,0.998343284361979,0.999764158392944,0.99848425966624,1.00189238586157
11.53436973588,7.92527348359302,0.391782451044714,1.03631294532428,1.03276018510179,1.00821196224996,0.974610403678188,0.974110132664265,0.975173299373891,0.968601019030424,0.969510728076766,1.02909309107448,0.980627433655409,0.977684904407669,0.959931851029439,0.979063622841583,0.979927592724199,0.988266325508466,1.0066174231888,1.01003366685508,1.00797333901656,1.00636921820044,1.00396408402268,1.01294916035137,1.03739988334997,1.03587527126123,1.01497437896554,1.03710975035002,1.03280361361459,1.01612194923954,1.03558770276144,1.03720158264672,1.05903090240443,0.998916864204502,0.997748858355707,1.01120868270976,1.02979570084258,1.06235950908666,1.07402168574914,1.03567004299725,1.04237785393264,1.03265247232877,1.00023332204961,0.998781022082211,0.999061122821454,0.998826081620638,0.998171604481702,0.998586989537252,0.998603703428997,0.999879366432056,0.998643557078716,1.00174162466372
11.5506800472268,7.88911787936068,0.391729898165013,1.03669085465824,1.03346846589511,1.00908004690615,0.975666658519951,0.975256328326455,0.976353650599595,0.969701190832211,0.970567585070287,1.02953127789221,0.981794683888099,0.978860847746526,0.961070931445285,0.980210291858384,0.981031028465608,0.989356165134496,1.00772305528247,1.0110601715537,1.00893984000399,1.00758673403608,1.00531774977726,1.01402152665518,1.03839224933086,1.03686196252574,1.01608462647405,1.03752791630861,1.03373608215141,1.0170873940229,1.03683645901839,1.03851394005155,1.05948968179661,1.00035489006417,0.998912615686483,1.01229954682515,1.03132527042924,1.06321913392814,1.07477427902918,1.0360240268142,1.04373270285816,1.03272200401343,1.00034347670022,0.998945319233766,0.999146615393545,0.999015259351061,0.998336729711844,0.998840978000272,0.998885431268407,0.999991354619304,0.998826241125181,1.00157832982362
11.5669903585736,7.85593844563954,0.392014466493249,1.03699076300404,1.03407167935237,1.00983120528089,0.976593446985615,0.976260064562305,0.977388658337018,0.970659492780125,0.971485018894848,1.02988718142798,0.982831665922172,0.979900966353069,0.962080107578779,0.981227951795059,0.98200622004125,0.990317817304651,1.00869924798528,1.01196063253709,1.00978288669884,1.00869875205187,1.00657302044367,1.01496250211274,1.0392652040077,1.03773386190067,1.01706260249957,1.03788240475504,1.03455719930627,1.01793598637763,1.03795320344143,1.0396919918517,1.05987914933061,1.00162094367877,0.999969058470536,1.01331038303437,1.03276292234558,1.06398043245972,1.07547753946219,1.03632394425794,1.04495806517159,1.03276957969534,1.00044028832772,0.999138085229077,0.999252378393752,0.999213453963956,0.998523755477451,0.999113331146175,0.999183309230028,1.0000987919188,0.999030696387695,1.00140406475201
11.5833006699204,7.82668056522749,0.39267532189852,1.03722911163846,1.0345800587748,1.01047350306173,0.977396280009133,0.977127366827376,0.978283641801985,0.971484007172191,0.972272441100909,1.03017776922432,0.983741064654032,0.980808872358502,0.962962650579253,0.982119525701796,0.982856684451606,0.991150366082051,1.00954062230375,1.0127358584228,1.01050685917801,1.00967400913526,1.00768633809394,1.01575901983725,1.03999188433209,1.03846394926666,1.01790117496455,1.03818435973397,1.03526732954734,1.01866844795129,1.03892590656505,1.04071961716291,1.06020578377426,1.0027125995509,1.00091597256389,1.01418983950053,1.03405308705538,1.06459498316466,1.07606857768854,1.03657942666821,1.04602944311421,1.03280347918165,1.00052300208105,0.999355533555245,0.999378240862121,0.999418971523139,0.998732373009306,0.999399854784181,0.999491949233067,1.00020073299666,0.999254806782693,1.00122049582576
11.5996109812672,7.80209996461076,0.393486458441667,1.03741685292077,1.03499759980653,1.01100716725243,0.978070029610635,0.977852172947045,0.979031550494229,0.972171002367007,0.972927722548325,1.03041357066785,0.984513117245726,0.981575547804494,0.963709612749405,0.982875948936708,0.983575479394194,0.991851532112048,1.01024892278452,1.01338522091982,1.0111110601382,1.01053240744527,1.00868299244919,1.01642013726801,1.04059586504413,1.03907583398743,1.01860363609564,1.0384391690048,1.03586487816317,1.01928357970674,1.03974782108322,1.04158948173281,1.06047318664519,1.00361445069782,1.00173858707861,1.01498012859883,1.03522276120732,1.0651113540015,1.07661268558994,1.03679593699613,1.04694112760208,1.03282908686756,1.00059139012297,0.999593128305188,0.999523463823462,0.999630239348815,0.998961952794078,0.999696093367775,0.999805885333227,1.00029655555288,0.999495943987659,1.00102937454548
11.615921292614,7.78290972581845,0.394275787475165,1.03756557677417,1.03533561061025,1.01144547029012,0.978627964072896,0.978448117199911,0.979646067912292,0.972734126596171,0.973464561272607,1.03060725839892,0.985160825900908,0.982214383341692,0.964334051772381,0.983510244302414,0.984175651120323,0.992431186414545,1.0108300419881,1.01391907916362,1.01160775129744,1.01125415189063,1.00953212120246,1.01694475490905,1.04106064297074,1.03955239021765,1.01917449943872,1.03865967558953,1.03635907381787,1.01979116477407,1.04042176911946,1.04230205464973,1.06068792308724,1.00434160339628,1.00244773798995,1.01563641366579,1.03623431918649,1.0654852126184,1.07704077749659,1.0369845115637,1.04768762671559,1.03285250711017,1.00064583487913,0.999845786087806,0.999686766734573,0.999845715016073,0.999211285921468,0.999997415906529,1.00011967318654,1.00038600686823,0.999751031780123,1.00083251672691
11.6322316039609,7.76973277000619,0.394977366895301,1.03768028503086,1.03559453748894,1.01178454639407,0.979061740005437,0.978906905221255,0.980118128088206,0.973167289104286,0.973878203443958,1.03076379432418,0.985671528464628,0.98271378122725,0.964824194261097,0.984010154199172,0.984646368426529,0.992880368834083,1.01127724858283,1.01433075156552,1.01199112722743,1.01183818885002,1.01022672318997,1.01733188265009,1.04139755104483,1.0399043257494,1.01960808702085,1.03884684196553,1.03674446726828,1.02018520584997,1.04093727748145,1.04284572666252,1.06085123021528,1.0048784718494,1.00302515204373,1.01617530666734,1.03705276689513,1.06575390405585,1.07740755494694,1.0371470246039,1.04825700426292,1.03287628210286,1.00068723351518,1.00010800526241,0.999866313296748,1.00006403289561,0.999478882229706,1.00029922457838,1.00042817290649,1.00046917263573,1.00001658847262,1.00063178670713
11.6485419153077,7.76303456415016,0.395511019847492,1.0377685364902,1.03577913239256,1.012029606843,0.979374468181645,0.979230813892743,0.980449651491361,0.973473411723498,0.974172138908954,1.03089104968106,0.986046033170934,0.98307492624032,0.965181333569282,0.984377065004834,0.984990591759272,0.99320580234855,1.01159924239942,1.01462658438004,1.01226705252603,1.01230632050315,1.0108080372414,1.01759116493056,1.04161398662584,1.04013986695817,1.01991385414015,1.03900550904148,1.0370221355955,1.02046910067955,1.0412903094715,1.04321546822096,1.06096610387547,1.00522490478684,1.00346852680572,1.0166202567134,1.03778310529421,1.06591236202943,1.07769527543999,1.03728737470959,1.04864320521148,1.03290409727836,1.00071686949603,1.0003739954568,1.00005970355525,1.0002838291836,0.999762736055501,1.00059685371825,1.00072642734503,1.00054635751234,1.00028880148605,1.00042907505367
11.6648522266545,7.76310943950997,0.395805080195776,1.03782853362874,1.03588837834059,1.01217840566175,0.97956303089608,0.979417504710495,0.980638435560591,0.973650431143173,0.974344327674239,1.03098729045769,0.98628032830011,0.983294443583946,0.965401702569366,0.984606671370379,0.985203848145243,0.99340065128139,1.01178734858621,1.01480145948228,1.01243179496675,1.0126305848903,1.01122661903803,1.01771362733228,1.0417004603044,1.04024755500317,1.02008276290939,1.03913557822635,1.0371906950306,1.02063982290099,1.04147882113694,1.04340876068242,1.06103221041122,1.00538126847993,1.00377218630661,1.01693654492392,1.0383183181943,1.06595622394998,1.07789604596186,1.03740637303466,1.04884216754262,1.03293535416679,1.00073644718661,1.00063791971711,1.00026406307165,1.00050348045316,1.00005998215271,1.00088568861127,1.00100972112434,1.0006181043867,1.00056362535169,1.00022628289536
11.6811625380013,7.7700568459678,0.39588225155969,1.03785807619822,1.03591937358612,1.01222739327858,0.97962218939811,0.979461266180891,0.980678436683984,0.973692757077657,0.974389308626499,1.03104958986294,0.986367886953795,0.983365812903625,0.965479167904494,0.984693024559127,0.985280715542218,0.993461733029734,1.01183967379441,1.014852500572,1.01248216219521,1.01281128099501,1.01148655004189,1.01769869679825,1.04165636285706,1.04022734757839,1.02011352167397,1.03923394931542,1.03724586136758,1.02069366543734,1.04149741175037,1.04341978281846,1.06104778728933,1.00534231464009,1.00392770428477,1.01712730470603,1.038676521681,1.06588578294759,1.07800627900098,1.03750163811551,1.04884828915502,1.03296899296558,1.00074793991624,1.00089403260202,1.00047607749592,1.00072170040416,1.00036782989272,1.00116159349338,1.00127416415747,1.00068512273908,1.00083688930298,1.00002530472723
11.6974728493481,7.78379721649927,0.395799854606824,1.03785070847846,1.0358659884849,1.01216984381764,0.979544870870835,0.979355111093208,0.980562984825702,0.973593234395929,0.97429974544542,1.03107071069,0.986300774001594,0.983281596377003,0.965406091212385,0.984627970989345,0.985213535454358,0.993382282264392,1.01174992927366,1.01477314840056,1.01241143440272,1.01284162787639,1.01157922345981,1.01754317129284,1.04148160819098,1.04007735027179,1.02000052023673,1.03929414209772,1.03718121741286,1.02062418852355,1.04134052374573,1.04324353395532,1.06100903200346,1.00510454603772,1.0039264277898,1.01718641200028,1.03884557313427,1.06570165681901,1.07802060637045,1.03756805049639,1.04865732212021,1.03300192840887,1.00075350279338,1.00113687700872,1.00069208952055,1.00093706699885,1.00068296275838,1.0014207294138,1.00151638299615,1.00074821138009,1.00110441130386,0.999828009356301
11.7174189613245,7.80943245236227,0.395606302883004,1.03777835186268,1.03567492408863,1.01194364149191,0.979254280033166,0.979011075417417,0.980200728360295,0.973267428537947,0.97399538400455,1.03102591093776,0.985997357352835,0.98295657110494,0.965101329501698,0.984331205606408,0.984924791139791,0.993085387863225,1.01143948579414,1.01448983669131,1.01215032817625,1.01266502036889,1.0114541946979,1.01715816643609,1.04108935168249,1.03971530610024,1.01966051601392,1.03930357618331,1.03692972288407,1.02036233027077,1.04090382609915,1.04276854134865,1.06088070644807,1.0045406527337,1.0037002466591,1.01707144035489,1.03878303294177,1.06532289547969,1.07790153937305,1.03759988519777,1.04815288148386,1.03303470295415,1.00075561294215,1.00140833790308,1.00095574772064,1.00119432768139,1.00107274671244,1.00170979007727,1.00177843026891,1.0008212518927,1.00141761932068,0.999594486452668
11.7373650733009,7.84402058919369,0.395504701106496,1.03761565169583,1.03532900892316,1.01152950591851,0.978731718782274,0.9784147101131,0.979578745759705,0.972698690307162,0.973457140909473,1.03087967982062,0.985434898434191,0.982371158204042,0.964544304677749,0.983780486965799,0.984393308231815,0.992555752608014,1.01089661846632,1.01398839444315,1.01168251784742,1.0122407887148,1.01105373819327,1.01654979700305,1.04049094569472,1.03914781496415,1.01908793388144,1.03922423780939,1.03647600976463,1.01989287002717,1.04019240180556,1.04200411785932,1.0606527481839,1.00366959893128,1.00321240713571,1.01673948180803,1.03840980600596,1.06476879021124,1.07761941249319,1.03756175591582,1.04734986206043,1.03304880492911,1.00075617754922,1.00164462629614,1.00121208399832,1.00144227494895,1.0014609210439,1.00196364257527,1.0019998578137,1.00089101061264,1.00170912287117,0.999372395865015
11.75312328274,7.87696125350553,0.395661224865709,1.03740674218012,1.03493325356088,1.01105712213522,0.978144090808125,0.977754436583426,0.978893716101514,0.972065452181833,0.972853368927981,1.03067412442287,0.984797375206582,0.981714583572135,0.96391595950921,0.983155607784049,0.983791539117953,0.991964210886529,1.01029582456469,1.01342862207047,1.01115602141068,1.01172250490177,1.0105340312702,1.01590739412696,1.03987136874258,1.03855210031782,1.01846464201075,1.03908412814926,1.03596510576842,1.01936579099245,1.03943257119445,1.041193900049,1.06039380093892,1.00276255836476,1.00263330685053,1.01631654205821,1.03788610081341,1.06420720994109,1.07727632505023,1.03746966271283,1.04650557611024,1.03303842885451,1.00075788846515,1.00180232831351,1.00140470188364,1.00162969513925,1.00176181017437,1.0021367719935,1.00214479254195,1.00094453266693,1.00192000939124,0.999206947652707
11.7688814921791,7.91409689742825,0.396194171261881,1.03711095086694,1.03441769254535,1.01044544000895,0.977391888372905,0.976916651137143,0.978027176593204,0.971257631390205,0.972078692958862,1.03037078225613,0.983980643708139,0.980877063055084,0.963112705767529,0.982355147234887,0.983020255059372,0.991212468264058,1.00953682429336,1.01271653731408,1.01048180839335,1.01103571906264,1.00982846755009,1.0151169036537,1.03911542049009,1.03782075631107,1.01768466008643,1.03886219975589,1.03531235494428,1.018693110652,1.03849783770026,1.04020235285253,1.06005762347083,1.00165962843175,1.00187608513159,1.01574575316893,1.03715452628427,1.06353162115747,1.07681993256407,1.03731090284939,1.04547976848991,1.03300079674134,1.00076253604689,1.00193175358916,1.00158453445194,1.0018078992841,1.00205343459594,1.0022841405903,1.0022629132091,1.00099710349759,1.00211061944818,0.999051929421145
11.7846397016182,7.95464922391049,0.397232085490044,1.03671815085259,1.03377527023618,1.00968937857841,0.976474466214895,0.975902296732946,0.976981959949776,0.970275191296808,0.971132094584369,1.02996053925055,0.982984624949952,0.979860045237644,0.962134418602452,0.981377292519799,0.982078351827665,0.99029935784009,1.00861862095075,1.01184922154135,1.00965572889757,1.01017832097921,1.00893365017718,1.01418313180877,1.03823531652826,1.0369624138583,1.01674834397845,1.0385489428834,1.03451393681967,1.01787171017918,1.03738967401233,1.03903403818955,1.0596395395734,1.00037257172524,1.00094167050756,1.01502455419777,1.03621044959935,1.06275288420026,1.07625595213665,1.03707726104365,1.04427934041821,1.0329307584573,1.00077141307836,1.0020313915781,1.00174823011517,1.00197528908867,1.00233216363996,1.002404984009,1.00235460046739,1.00104890368984,1.00227864926567,0.99890863068371
11.8003979110574,7.99780356678965,0.398907124600458,1.03621496839186,1.03299795416267,1.00878217133684,0.975386666548994,0.974706265875623,0.975753045853618,0.969111309041007,0.970005634973311,1.02942864916166,0.981806223650425,0.978659516312192,0.96097786288855,0.980219525208691,0.980962160417151,0.989222127881947,1.00753913751664,1.01082326353792,1.00867304748672,1.00914741409532,1.00784741052461,1.01310473503456,1.03722787636002,1.03597535917131,1.01565421676425,1.03813410269638,1.03356708190623,1.01689832032948,1.03611280384111,1.03769479997239,1.0591342365672,0.998904560124791,0.999828554215168,1.01415026744501,1.03505253752942,1.06186911273568,1.07558169598362,1.03675922483261,1.04291289651633,1.03282114744115,1.00078547176135,1.00210050965286,1.00189273197839,1.00213022973695,1.00259448480312,1.00249903742096,1.00242074653338,1.00109988959846,1.00242225451839,0.998778223605669
11.8161561204965,8.0426866221859,0.401356581107021,1.03559068496347,1.03207954549517,1.00771934296654,0.974127187987867,0.973328313583198,0.974340886591722,0.967764344157193,0.968696583001814,1.02876462929337,0.980446236583615,0.977276129624357,0.959643578621708,0.978882368343311,0.979671246696399,0.987980051906627,1.00629779890731,1.00963682426627,1.00753076313598,1.00794142467181,1.00656866842038,1.01188273414676,1.0360943439836,1.03486089120075,1.01440228344564,1.03760874308709,1.03247044538268,1.01577131232084,1.03467326115698,1.03619246764529,1.05853759770036,0.997264380070687,0.998539266314327,1.01312102685064,1.03368045523922,1.06088174162382,1.07479661307816,1.03634856097139,1.04139094024765,1.03266625707354,1.0008052900487,1.00213916798963,1.0020153748675,1.0022710861735,1.0028370746512,1.00256655383042,1.00246270192066,1.00114978740291,1.00254007946712,0.998661752818417
11.8319143299356,8.08844459396028,0.404672133595133,1.0348370957351,1.03101744198171,1.00650063932451,0.972699576137524,0.971773281124782,0.972751249935228,0.96623772584529,0.967207246636318,1.02796119569417,0.978910278385604,0.975715643387164,0.958136907084048,0.977370888226249,0.978209936876877,0.986576928422913,1.00489845299317,1.00829238732145,1.00623016403188,1.00656268827631,1.00509982229823,1.01052344064127,1.03484319291968,1.03362677454934,1.01299721431462,1.03696717798615,1.03122660846905,1.01449321057866,1.03308074131432,1.03453882584537,1.05784774982493,0.995466951917648,0.997080828696245,1.01193826851674,1.03209684774464,1.05979883700677,1.07390730400501,1.03583966657891,1.03972751851377,1.03246138352155,1.00083104997371,1.00214818356435,1.00211395400512,1.00239625834436,1.00305686261652,1.00260827180561,1.00248221161397,1.00119809620149,1.00263126927889,0.998560124261813
11.8476725393747,8.13425203817095,0.408928191385096,1.03394853391871,1.02981140937095,1.0051281648761,0.971109576586828,0.970048355702436,0.970991978642357,0.9645374179744,0.965542591715482,1.02701435016457,0.977206631044752,0.973986154567213,0.956465723579016,0.975693120756236,0.976584953730276,0.985018336712425,1.00334652153709,1.00679447625267,1.00477479034412,1.00501501916246,1.00344540517958,1.00903282379476,1.03347935999401,1.03227844754689,1.01144481725641,1.03620583715065,1.02984061352906,1.01306868838509,1.03134766318057,1.03274773169022,1.05706439759962,0.993527471663029,0.99546291942656,1.01060474860522,1.03030726842607,1.05862455077771,1.07291742608242,1.03522858966907,1.03793853516901,1.032203107563,1.00086252634514,1.00212904774326,1.00218677422427,1.00250421300993,1.00325108548324,1.00262532459272,1.00248128495601,1.00124409644592,1.0026954575629,0.998474096435482
11.8634307488139,8.17931349810502,0.414179367883013,1.03292245136351,1.02846432011393,1.00360732598109,0.969366789285894,0.968165010487674,0.969075344034505,0.962673856216134,0.963712118955897,1.02592385344108,0.975347512809316,0.972099953344101,0.954641762932949,0.973860712618994,0.97480662908667,0.983312683378952,1.00164989293785,1.00515032760306,1.00317111432892,1.00330468672593,1.00161233203824,1.00741932326763,1.03201109618226,1.03082402078694,1.00975325979602,1.03532392196931,1.02832018270877,1.0115051726199,1.02948860575693,1.03083539244939,1.05618921963704,0.99146534838577,0.99369916969541,1.00912522313178,1.02831963172454,1.05736583435607,1.07183315439126,1.03451379882896,1.03604184692486,1.03188938806581,1.00089910234884,1.00208386254455,1.00223269848986,1.00259353331913,1.00341733721148,1.00261921886641,1.00246212914006,1.00128688064455,1.00273275102877,0.998404274054061
11.879188958253,8.2229199529246,0.420428793128612,1.03175988228728,1.02698286868743,1.00194767612979,0.967485048181021,0.966139081066015,0.967017939563725,0.960661975037051,0.961729911037252,1.02469375501307,0.973349462713755,0.970073668315888,0.952681015996573,0.971889602390298,0.972889551884652,0.981472447241443,0.999820471571312,1.00337125808352,1.00142975878359,1.00144183389436,0.999611297691644,1.00569536465703,1.0304512602878,1.02927608562577,1.00793475077114,1.03432422445299,1.02667684511843,1.00981400473132,1.02752140689231,1.02882115511426,1.05522634386324,0.989303660781749,0.991807273815226,1.00750785268598,1.02614546061599,1.05603434090999,1.07066606326756,1.03369673542568,1.03405794036633,1.03151985889924,1.00093979079079,1.00201523777717,1.00225116865543,1.00266296077574,1.00355360597717,1.00259176427245,1.00242705761043,1.00132538920614,1.00274369703977,0.998351103286699
11.8949471676921,8.26444930596056,0.427656147488277,1.03046556522312,1.02537686247076,1.00016171680216,0.965480952628955,0.963989337352514,0.964839123669165,0.958519999449029,0.95961355997464,1.02333231728131,0.971231938856957,0.967926751570144,0.950602291626502,0.96979874680202,0.970851020105987,0.979512138246954,0.997871924433483,1.00147086771665,0.999563953216,0.999438546978449,0.99745548010468,1.00387336747787,1.02880991156968,1.02764519002965,1.00600279586896,1.03321238645637,1.02492458972414,1.00800883826727,1.02546589357819,1.02672573893651,1.05418192989889,0.987065646891043,0.98980767506895,1.00576254616447,1.02379942827345,1.05463778898274,1.06942424618937,1.0327812605518,1.03200821072409,1.03109586831455,1.00098327219146,1.00192617226121,1.00224220832251,1.00271143144942,1.00365829983242,1.00254497369398,1.00237836601335,1.00135845300548,1.00272923490895,0.998314869546064
11.9149296473258,8.3133544643579,0.438018714179742,1.0286591287087,1.02319156943692,0.997750726021525,0.962807912319598,0.961134919612777,0.961953015252919,0.955666707354955,0.956786423824663,1.02145007440337,0.968423330688285,0.96508077167543,0.94784380090034,0.967021220853785,0.968135270556671,0.976890201712705,0.995263570739664,0.998921183958824,0.997053959490173,0.996728088640493,0.994531691790386,1.00145424629968,1.02664356460855,1.02548791836758,1.00342317829137,1.03166370609449,1.02258037395047,1.00559029597922,1.02277287818913,1.02399438855436,1.05275953223154,0.984172933951939,0.987165899391716,1.00339219946935,1.02061115436911,1.05279952100521,1.06776652107873,1.03149641562409,1.02935584126672,1.03048989876841,1.0010397660926,1.00178917409964,1.00219245197863,1.00274145162081,1.00374384078417,1.00246137726786,1.00230061076117,1.00139053801275,1.00267647777094,0.998293447936249
11.9349121269596,8.35712530437456,0.449844153679003,1.02667108551562,1.02085265718744,0.995191795472059,0.960005313710611,0.958155383416235,0.958946591326339,0.952676960266281,0.953814719457641,1.01939804931121,0.965500180340997,0.962117375199652,0.944970641943968,0.964127691684313,0.965294402839375,0.974135706118507,0.992521264192242,0.996234380320985,0.994401145466792,0.993846217089183,0.991418847459307,0.99892760917725,1.02438666564559,1.0232402033713,1.00071731454545,1.02996572900836,1.02011935597878,1.00304594268578,1.02001296177369,1.02120935192762,1.05123564085762,0.981239084463071,0.9844320244711,1.00086153582644,1.01721326904649,1.05089006957257,1.06602626779125,1.03007715366222,1.02667476639968,1.02980677738585,1.00109439569422,1.00163157712031,1.00210209326311,1.00273544110024,1.0037755017396,1.00235477196175,1.00220862349663,1.00140941526768,1.00258822106409,0.998299315783261
11.9548946065933,8.39532417766067,0.462659400324454,1.02454524277347,1.01841151267632,0.992542841170244,0.957141032214237,0.955125045230235,0.955895901576918,0.949626118294825,0.950773637776348,1.01723060416897,0.96253531757177,0.95911122590142,0.942053845516634,0.961188097052307,0.962395910716771,0.97130706264942,0.989699952822882,0.993466761623626,0.991662682664062,0.990847922942741,0.988173614781339,0.996344091922409,1.02208824900102,1.02094823503404,0.997938854508271,1.02815980785862,1.01759617667763,1.00043110202967,1.01724488322671,1.01843087299284,1.04964298517096,0.978338402086801,0.981678890455609,0.998218345501741,1.01366486713849,1.04894918231562,1.06424090845432,1.02855708132223,1.02402199856991,1.02906458769932,1.00114309819229,1.00146046110747,1.00197486768318,1.0026931288524,1.00375308694253,1.00222972893744,1.00210597668466,1.00141280726809,1.00246829348816,0.998331972442507
11.974877086227,8.42760037270927,0.47630988385436,1.02232287049938,1.01591055508701,0.989848729233639,0.954264422347071,0.952097324497974,0.952854292517194,0.946569376865014,0.947719070085763,1.01499527506395,0.959581749662764,0.956115545911506,0.93914513841447,0.958254771389918,0.959489326380618,0.968447338485863,0.986840600460181,0.990660953590703,0.988882425363223,0.98777477728855,0.984841409833569,0.993736665400799,1.0197727865849,1.0186382922149,0.995126845203113,1.02627852860573,1.01505181374775,0.997787118118052,1.01451120709317,1.01570013915432,1.0480088014283,0.975514261313469,0.978957868280118,0.99549807201926,1.0100158552844,1.04699512460094,1.06243306546114,1.02696300226994,1.02143494899858,1.02828035389257,1.00118170192691,1.00128255114977,1.00181552094966,1.00261501227053,1.00367744025528,1.0020905385074,1.00199548714603,1.00139875751695,1.00232084026346,0.998390547540565
11.9999200019909,8.45960497785405,0.493853891746208,1.01947710552466,1.01277449366267,0.986497872177053,0.950738671828658,0.948408873475203,0.949157836220223,0.942834344338872,0.943976575778109,1.01218054129663,0.955999019632464,0.952479267370617,0.935611526999397,0.954688514558671,0.955933064324124,0.964909534652422,0.983290564747996,0.987178938831681,0.985428353109233,0.983912447428087,0.980643972143199,0.990510735910773,1.01691315010136,1.01578342533727,0.991639393689133,1.02388276442319,1.01191648561064,0.994517539716748,1.01121872771196,1.01242968686339,1.04595552530635,0.972171786549476,0.975695857901148,0.992064800681793,1.00541057728577,1.04458207732627,1.06018919736891,1.02491853719972,1.01836453920113,1.02726835414136,1.00120953055673,1.00105962454291,1.00157947805405,1.00246881460612,1.00351057370552,1.00190221019039,1.00184903055498,1.00135432898414,1.00210407289345,0.998498563824875
12.0249629177548,8.48273433451661,0.511349374874055,1.0166604749905,1.00972914839942,0.983269844581851,0.947398778990514,0.944941224186245,0.945691776575375,0.939313653739455,0.940439655965117,1.00945133138497,0.952647470173199,0.949074885347898,0.932299615824022,0.951342503298492,0.952569309335551,0.961511442691496,0.979863111651299,0.98382352529556,0.982099519512933,0.980131678315325,0.976523585220877,0.987400810542523,1.01415633491457,1.01302988711006,0.988273975151813,1.02152068742041,1.00892117052151,0.991380542828518,1.00814587881293,1.00939463093639,1.04395617534985,0.969119579829522,0.972688652770316,0.988686939990917,1.00087774955245,1.04225072386128,1.05801663517804,1.02288645120441,1.01553959281624,1.02626277561206,1.00120831942619,1.00084566090055,1.00131396031389,1.0022727462477,1.00326858427809,1.00170392912567,1.00169545965666,1.00127879924881,1.00185926579969,0.998642271932016
12.0447636239106,8.49500221568044,0.524678530476358,1.01452379649554,1.0074506904875,0.980870394776192,0.944955964355446,0.942424496627637,0.943182237210065,0.936753349671048,0.937862032849053,1.00742237430683,0.950228080917195,0.946614800781281,0.929903752235529,0.94891948392047,0.950112065885258,0.958986824487469,0.977302083305563,0.981323375004956,0.979620906075801,0.977270737623865,0.973397016995561,0.985075510123956,1.012091104006,1.01096688358904,0.985758798155249,1.0197319714506,1.00670984254846,0.989054053314378,1.00592453477515,1.00721207922429,1.04245615642105,0.966960676023284,0.970553825825663,0.986119164237194,0.99742918066905,1.04049882280467,1.0563829167264,1.02133608070212,1.01352529500007,1.02549985560222,1.00118321384523,1.00068783943092,1.00109115736253,1.00208593143118,1.00302852179432,1.00154315870969,1.00156934048944,1.00119696621109,1.00165097184139,0.998778863679539
12.0718888463953,8.50462527836615,0.541217117972303,1.01183523039829,1.0046206877632,0.977909645658695,0.94199705255769,0.939403882229204,0.940178124830272,0.933674622400027,0.934755587297482,1.00492824908728,0.947345307534847,0.943678832759772,0.927040888888152,0.946020779984258,0.947139753020745,0.95586736399587,0.974114884561181,0.97822409871215,0.976553003616995,0.973666390313175,0.969445860337708,0.982173654184507,1.00950576902251,1.00838391950371,0.98262585214775,1.01748496399709,1.00399770196141,0.986185647734561,1.00325741713706,1.00460525971364,1.04058704327658,0.964434486926351,0.968066621216927,0.982869918559466,0.993058372977881,1.03829561185912,1.05433182540136,1.01937249712339,1.01113804748828,1.02454281178691,1.00111055778244,1.00049335782461,1.00078076731924,1.00179171571377,1.00263870575132,1.0013203362801,1.00138876282749,1.00105493972371,1.00135219649601,0.998994470491707
12.0990140688799,8.50672790344917,0.555530435665175,1.00953663716492,1.00222278832521,0.975415152406266,0.939567212961951,0.936958383702478,0.937754372317449,0.931179476357695,0.932232451173226,1.00286287152488,0.945032999598484,0.941319394493716,0.924735015825578,0.943680864047111,0.944700016172945,0.953217380647563,0.971375231595826,0.975581272141666,0.973948218898625,0.97051168432418,0.965969180602902,0.979658494510044,1.00724483087437,1.00612522785362,0.979925811269602,1.01555484132323,1.00172064155305,0.983759044650818,1.00106971173769,1.00247893819767,1.03899514574468,0.962446835496242,0.96613669018321,0.98000380587907,0.989188987334148,1.03634647441441,1.05252330155581,1.01766605946312,1.00920486068243,1.02373095061022,1.00099255677616,1.00032652665594,1.00047718673878,1.00146166916094,1.00218882693387,1.00109587189841,1.00119687333508,1.00088194855904,1.00104489062696,0.99923792071188
12.1383795626722,8.50058994438358,0.569645959278884,1.00711771607507,0.999713013120111,0.972820807589841,0.937149384999472,0.934588328012807,0.935418715432036,0.928759245470419,0.929777168149978,1.00080243684797,0.942835447083448,0.93906624047137,0.92252468384548,0.941429893260848,0.942274267492121,0.950413460077447,0.968419236681674,0.972767600388597,0.971197242389033,0.967033394416376,0.962113190384117,0.976900922436042,1.00472915438637,1.0036148130844,0.976997728928707,1.013495922783,0.999362434603446,0.981211460380581,0.998889809713442,1.00038000326934,1.03731745659895,0.960602291893182,0.964431423147121,0.976819632434722,0.984875492775768,1.03415080734662,1.05050170086668,1.01580921748276,1.00732412093639,1.02289230198582,1.0007464292708,1.0001323798185,1.00007597310682,1.00094158903589,1.00145738194828,1.00076617145779,1.0008915499762,1.00058934748436,1.00059778755765,0.999626957575521
12.1777450564644,8.48627428324813,0.576479671272024,1.00599292776035,0.998511705394557,0.971582619663977,0.936150111400013,0.933708405077256,0.934570286041144,0.927866740234543,0.928865036192539,0.999997043575599,0.942070780844699,0.938271517063279,0.921728699303198,0.940602550774204,0.941263684891913,0.948965371128204,0.966794772813702,0.971291916004619,0.969801364018107,0.964991748555533,0.959798145587566,0.975298178487801,1.00319371925763,1.00208031167547,0.975358911612564,1.01245692265391,0.99821236189741,0.97992335989189,0.997892990254754,0.999432423416664,1.0364929686912,0.960003766217461,0.964015986558684,0.974887105512234,0.982211085745331,1.03272715851384,1.04920496481543,1.01481262387209,1.00646991211546,1.02252946532963,1.00042856423409,0.999985404609549,0.999744621031493,1.00039780503305,1.00066663664197,1.00042624694534,1.00054714634699,1.00026715514955,1.00016179671759,1.00004119073149
12.2284301617315,8.46071337001256,0.570987937226023,1.00657988882267,0.998992259408645,0.972069064497796,0.936957698754904,0.934735803508504,0.935623247128569,0.928934526915242,0.929936078886238,1.00083407795541,0.943134362950157,0.939337161459981,0.922737514065015,0.941593588977673,0.942050740134072,0.949216492460202,0.966835196522749,0.971496879327363,0.970113426340864,0.964737488854035,0.959415968338388,0.975136797879821,1.00287658899452,1.0017712193072,0.975332393057703,1.01272422710079,0.998606689821983,0.98023149505231,0.998447831829174,1.0000055536121,1.03677221528338,0.961001550105986,0.965244126181873,0.974531379948628,0.981653619235031,1.03232230665279,1.04885375063909,1.01490323252954,1.00702309315348,1.02279739225084,0.999966870407451,0.999836794806917,0.999444636863211,0.999711326569731,0.999633062025053,0.999962951121013,1.00004362180329,0.999852068977861,0.999634563383964,1.00057692840227
12.2791152669987,8.43134168319459,0.552609138455032,1.00932014506409,1.00163656039901,0.974792054144138,0.93995897418837,0.93798546506132,0.938879106757122,0.93227715107228,0.933310928118384,1.0035889497645,0.946269872390619,0.942528459254204,0.925818344517563,0.944680665628548,0.945027240829509,0.951807379681047,0.969266298388842,0.974025949421972,0.972734641614647,0.967199603604339,0.962025624209164,0.977148567248727,1.00449270676302,1.00337549915788,0.977654038530711,1.01471064983061,1.00098568048432,0.982665270961987,1.00084499363717,1.00234697383069,1.0384762283485,0.963804820696217,0.968149066456951,0.97659841107548,0.984423039229833,1.03350499734315,1.04993177763383,1.01647281420382,1.00910201298045,1.0238293638185,0.999519137806043,0.999699529720829,0.999284199536038,0.999079870861838,0.998653485259537,0.999463300490316,0.999484137729054,0.999483121118973,0.999158015383689,1.00107697424466
12.3125532012332,8.40581248480094,0.534294371902193,1.01205340892836,1.00434209011496,0.977578250416559,0.942883281488991,0.941077677737846,0.941965470996541,0.935450118897591,0.936515944478611,1.0062014358549,0.949209127867417,0.94552986237414,0.928726273963251,0.947605886997472,0.947931213582185,0.954553353258628,0.971943219264361,0.976741303911143,0.975498118451267,0.969938523950053,0.964926416382206,0.979480953973304,1.00646120606955,1.00533750148674,0.980251346378804,1.01677623987339,1.00347203309183,0.985239968127418,1.00334576832592,1.00479605875518,1.04024326479274,0.966457735188678,0.970740550484053,0.97893268833214,0.987456762489618,1.03510992086655,1.05134121605048,1.01816911435827,1.01134062712689,1.02482596394626,0.999270056212526,0.999601596573034,0.999243269540386,0.998713741264761,0.998077284933619,0.999118949566066,0.999101571911674,0.999286319810943,0.998878543112087,1.00136854938296
12.3351690408144,8.3899170148379,0.518664072056702,1.01421758366858,1.00654494092438,0.979875225984233,0.945246118536912,0.943539005506664,0.944419533259939,0.937965299115482,0.939052977258252,1.00823997308309,0.951538976590439,0.947911530168419,0.931039507466694,0.949938672202528,0.950290473295362,0.956918373279478,0.974312691384546,0.979076392520251,0.977834888148106,0.972552889386286,0.967814764977843,0.981611919402242,1.00832840416685,1.00719441234575,0.982571770002143,1.0184665958695,1.00553965234799,0.987415045246255,1.0053989136654,1.00680051767145,1.04168399389734,0.968576172761608,0.972735861490571,0.981258049118426,0.990723545475073,1.03666270604425,1.05272933888821,1.01957139678231,1.01314597967202,1.02560336590168,0.999136133889662,0.999529246880475,0.999237089663103,0.998495373946936,0.997733453956336,0.998884564176692,0.998846679682977,0.999180895655086,0.998707771444928,1.00154162900305
12.3577848803957,8.36760166323235,0.50427792825856,1.01652049017976,1.00890062312448,0.982320798467906,0.947743651194572,0.94614004375112,0.947012906078144,0.940624424596745,0.941735327776661,1.01038882222992,0.953981750436985,0.950415536806224,0.933469439276856,0.952386880921864,0.952775399195605,0.959409009193955,0.976798052626624,0.981551455888622,0.980319602476773,0.975105413477866,0.970510132646794,0.983855944064331,1.01028783246587,1.00913385492429,0.9850089179027,1.02026160070372,1.00775177108792,0.989731755382087,1.00761845771955,1.00897496240394,1.04323039567618,0.970839279342025,0.974797684756319,0.983426246813556,0.993500969085682,1.03829092423063,1.05411282683952,1.02107095251411,1.01512763707318,1.02642095871307,0.999036314344359,0.999452290482374,0.999242282953476,0.998303255965751,0.997434170963267,0.998654659373422,0.998602671338062,0.99910030104705,0.998554022482598,1.00169152100821
12.3804007199769,8.34726741433957,0.48632605428583,1.0189139302159,1.01141516568391,0.984970529428188,0.950423310203689,0.948902880943783,0.949767252342888,0.943436203562832,0.944565804413346,1.0126138421589,0.956579808825427,0.953076797657311,0.936058165077473,0.955002074363314,0.955460156019078,0.96222816815836,0.979683097232041,0.984343513856061,0.98307557914951,0.978341770226824,0.974129299109086,0.986530558018025,1.0126935370613,1.01152857614981,0.987861294828075,1.02217590448981,1.01018741889188,0.992311195655233,1.01008554109611,1.01139942961199,1.04487807310795,0.97327165685821,0.976959171499664,0.986348765089332,0.997677152594864,1.04037906688727,1.05595871198611,1.02267473878227,1.01735731587259,1.02726037018533,0.998973570368101,0.999372397482926,0.9992540305505,0.998140338070492,0.997185917255722,0.99843542143121,0.99837686081387,0.999045456053973,0.99841932287194,1.00181562093733
12.408777602555,8.31172487658401,0.468509818743465,1.02189676986607,1.0145888186819,0.988306431235051,0.953790176818128,0.952382630102578,0.953240295594289,0.946976564204285,0.948126647967182,1.01537743220999,0.959829264213956,0.956415780066925,0.939300211997688,0.958270529657653,0.958820627558741,0.965734305579599,0.983243577133918,0.987834281066688,0.986536757560851,0.982023239194207,0.978032304317255,0.989839145909295,1.01565824711705,1.01444743562807,0.991383003024582,1.02455830803581,1.01326224632908,0.995552647645351,1.01322930184835,1.01449711496822,1.04696234372551,0.976394382641695,0.979635471555983,0.989483222574796,1.00172385640411,1.04288211949232,1.05803000213095,1.02468242422373,1.02020220760732,1.0282910875548,0.998948896529567,0.999272529191202,0.999271324370662,0.997980132227883,0.996953510070339,0.998186830565322,0.998130672680199,0.999013058276015,0.998281630428345,1.00193145907409
12.4371544851332,8.27577816229482,0.447340026625942,1.02475871916402,1.0177529558484,0.991687439539141,0.957183006218856,0.955862670034267,0.956716143874727,0.950496784515657,0.951655605467027,1.01802686860715,0.963090915727113,0.959762700093419,0.942557193452106,0.961562900622901,0.962233091400724,0.969448670204313,0.987107276185994,0.991521632026904,0.99013032066676,0.986340465943233,0.982855627120451,0.993520190049535,1.01903694629825,1.01780319062068,0.995236026565006,1.02691056485467,1.01645483625345,0.998943803148286,1.01658170523478,1.01782561924917,1.04903604572768,0.979591473650311,0.982301982963592,0.9933856683376,1.00726850039283,1.04589327141436,1.0606279323525,1.02667001651806,1.02333392208058,1.0292581279395,0.998982418566467,0.999179740318227,0.9992856816548,0.997874456685575,0.996818112928461,0.997981979924415,0.99793905650314,0.999019559613227,0.998183867731118,1.00200003648365
12.4585004240888,8.24201125775005,0.435881697015295,1.02675892024927,1.0200148718191,0.994105541583611,0.959615032267735,0.958366073853871,0.959221703663404,0.953025039063745,0.954185218631265,1.01987968178546,0.965428179940511,0.962167154106616,0.944892137155754,0.963917622786702,0.964673012290683,0.972087995559077,0.989835908652129,0.994150486853394,0.992699203160192,0.989200748661914,0.985919706476957,0.99613009133531,1.02143243776192,1.02015315329777,0.997958973986444,1.02855794638557,1.01874812312655,1.00137092304676,1.01902120405861,1.02025602755859,1.05052200566547,0.981948723031574,0.984208232176764,0.995843938317976,1.01051732629,1.04795905206742,1.06230111127667,1.02807018864862,1.02561094862411,1.02991942224877,0.999042759752393,0.999119414601583,0.999291939126748,0.997832550495047,0.996782019217795,0.997865090280497,0.997837701104037,0.999048144432603,0.998139544532739,1.00201917332431
12.4798463630443,8.2073505116586,0.423519746670834,1.02858825130695,1.02215848798043,0.996425562161609,0.961948178325031,0.96075964465227,0.961620152154537,0.955430369666964,0.956584120754313,1.02157617348667,0.967674640153618,0.964474276167746,0.947135713237848,0.966184381206046,0.967027870643953,0.9747011257148,0.992579688739343,0.996747210527512,0.995206033873397,0.992219696866407,0.989260053933908,0.998795273170419,1.02391008986111,1.02260264689545,1.00071182102205,1.0300963612356,1.02099530594154,1.00375685557705,1.02147841208206,1.02272182433374,1.0519264266403,0.984253826453099,0.986045501860156,0.99854527201972,1.01428353831864,1.05018385936644,1.06416284574236,1.02938119962459,1.02797333829028,1.03050842933947,0.999129081098951,0.99907181738074,0.999293683482748,0.997825437211343,0.996804650978807,0.997788178296671,0.997779108346389,0.999095041906875,0.998123762174161,1.00200993779096
12.5011923019998,8.16908187666193,0.414243722981386,1.03022240019212,1.02413151930349,0.998569995153404,0.964115390398669,0.962989151336988,0.963859375158201,0.957664249414309,0.958805981087554,1.02309510457628,0.969769241357431,0.966627208305442,0.949226515611122,0.968293673272837,0.969215929829339,0.977128714460542,0.995127613033289,0.999160910871081,0.9975323847332,0.994956924183684,0.992242129968221,1.00128596626715,1.02623503869781,1.02488526557172,1.00327240703826,1.03147962419151,1.02309040515308,1.00597761072173,1.02381158986339,1.02507421788757,1.05322114218431,0.986453559275923,0.987769101280447,1.00094413995299,1.01755552293664,1.05223969467054,1.06582709950141,1.03056621542321,1.03023253353319,1.031019185219,0.999236362909384,0.999040576476664,0.999291393408027,0.997854360533004,0.996885593174477,0.997756317774716,0.997766556698176,0.999157864459484,0.998138313660609,1.00197238277374
12.528055250161,8.11892233362572,0.40414065656119,1.03197819158746,1.02635133960845,1.00100866420699,0.966596110753159,0.965542804805431,0.966430242152002,0.960208797709717,0.961326262858083,1.02473187445006,0.972186195789348,0.969107034160178,0.95163550739245,0.970725417233952,0.971732968526026,0.979954052919354,0.998117286126955,1.00196406659135,1.00021121202243,0.998220686020035,0.995831994483585,1.00424008481144,1.02901201469283,1.02761925962018,1.00628832806681,1.03299352027581,1.02552055195761,1.00855338363617,1.02660285340294,1.02790972986606,1.05467555685051,0.989045935564875,0.98978607602004,1.00384427251232,1.02156050929684,1.05473912069963,1.06786663426485,1.03187070410212,1.03300256477433,1.03154366204347,0.999392529757088,0.999029758924446,0.999285668726407,0.997943430392975,0.997067742799781,0.997786991352987,0.99781975184428,0.999255660199271,0.998202772834334,1.00188581240572
12.5549181983222,8.06704986105261,0.397327536096312,1.0334003683273,1.02825209025373,1.00311787071092,0.968768674875116,0.967787559468918,0.968698005691594,0.962432234397936,0.963517573750223,1.02606443562618,0.974330168989238,0.971303117598833,0.953767227385338,0.972875762201714,0.9739463758117,0.982440850440713,1.00075584869108,1.00442491953658,1.00254921186226,1.0010904992975,0.998977342847696,1.00687010294574,1.03149885652812,1.03006126949595,1.00895744478284,1.03424025510695,1.02765884457708,1.0108160472146,1.02913878906399,1.03050579015079,1.05592117476204,0.991399851955208,0.991616646002797,1.00638381295946,1.02505340588298,1.05697135607307,1.06966487341233,1.03295475959356,1.03556774918508,1.0319419652485,0.999561975962886,0.999055136417358,0.999281680605628,0.99809191737807,0.997334410121304,0.9979006424284,0.9979510065519,0.999369873122405,0.998320358190812,1.001757365873
12.5746843241959,8.02919212593522,0.393827324084939,1.03424439759619,1.02944759286581,1.00445950037913,0.970171262224808,0.969241756714078,0.970171728947546,0.963863635112101,0.964921234898169,1.02686063211083,0.975736267491973,0.972738934116988,0.955160970216513,0.974281970330137,0.975383316222511,0.984054167812906,1.00247230396361,1.00601485461396,1.00405012144216,1.00296662496196,1.00103623501622,1.00859256719782,1.03313353725171,1.03166858656517,1.01069810379987,1.03499515727757,1.02904305427127,1.01227848761286,1.03083216330846,1.03225159906708,1.05670346710472,0.992968058532763,0.992850821858342,1.00805233120507,1.02734674689877,1.05844590916601,1.07085726240331,1.03361740143077,1.03731574245682,1.03216129911699,0.999689006547514,0.99909879921607,0.999283666999234,0.998238604374296,0.997579908458975,0.998037945237527,0.998096575444239,0.999461771604164,0.998441211546872,1.00163776833394
12.5944504500696,7.99263246372026,0.391628201135666,1.03493201722,1.03047493261282,1.00562384699698,0.971408933211262,0.970530122233771,0.971481247856111,0.965125030145442,0.966152790652634,1.02751533850066,0.976997796792841,0.974023051348206,0.956407281108378,0.975539335189299,0.976657538785577,0.985474686085977,1.00398276182911,1.00740825088443,1.00536005166643,1.00461789033,1.00284459341937,1.01011435261064,1.03458129081136,1.03309248524587,1.01223213255347,1.0356220543171,1.03025937609173,1.01356132149939,1.03235717758113,1.03383263180528,1.05737522048097,0.994387748432854,0.993990448281269,1.00952291069824,1.02935823890417,1.05974904690313,1.0719144772582,1.03417305207517,1.03891317481139,1.03232666320637,0.999813171486405,0.999164203651132,0.999293488324294,0.998415869457527,0.997862339357095,0.998219331916436,0.998281501405576,0.999558269749818,0.998590525851953,1.0014987231684
12.6142165759433,7.95841059725058,0.390441308624488,1.03548083101063,1.03134388003544,1.00661995751859,0.972489753895792,0.971660235801334,0.972633257245207,0.966225305577714,0.967222245557863,1.02804561631562,0.978121645791684,0.975162178399638,0.95751313592109,0.976655369115487,0.977776866234453,0.986707627174647,1.00529045300745,1.00861004406388,1.00648571840198,1.00604838174644,1.0044071332207,1.01143466233472,1.03583857612496,1.03433130207189,1.01356160883418,1.03613510734792,1.03131174573079,1.0146690603718,1.03370789312785,1.03524023914404,1.05794233486599,0.995656805476027,0.995040238806621,1.01080184776339,1.03109358505102,1.06087822275106,1.07284133983845,1.03463298863826,1.04034834251489,1.03244709669629,0.999931005596568,0.999250891573636,0.999314367567389,0.998621828591361,0.998176639042922,0.998441840796861,0.99850263830852,0.999657840679536,0.998766931570544,1.00134209441323
12.6339827018169,7.92755658262227,0.390046177112477,1.03591060937739,1.03206646051179,1.00745890123771,0.973423054641057,0.972641040216421,0.973635882383726,0.967175023555327,0.96814143207169,1.02847076762161,0.979114694482175,0.976163588830629,0.958485772169657,0.977637485183921,0.978749725121685,0.987758976107989,1.00639914195062,1.00962649109242,1.00743557472932,1.00725984472049,1.00572413805507,1.01255376988046,1.03690395697822,1.03538394359258,1.0146891431802,1.03655039705447,1.03220528986131,1.01560751322709,1.03487799586888,1.03646511199645,1.05841281979999,0.996774534799522,0.996003023359771,1.01189069529163,1.03255100224206,1.06183010034053,1.07363854542181,1.03501005829629,1.04160711672495,1.03253246447394,1.00003970485656,0.999357620194858,0.999349372234394,0.998853887518229,0.998517238097465,0.998701130057139,0.998755890430067,0.999759185295037,0.998968293461723,1.00116998619871
12.6537488276906,7.90106301811816,0.390191628063271,1.03624117563645,1.03265578855383,1.00815316803223,0.974218879772706,0.973482031961327,0.974497759612055,0.967985269979601,0.968922685372637,1.02881025798514,0.97998382364418,0.977034700770061,0.959332593616499,0.978493316852607,0.979585226532213,0.988637119303469,1.00731593964186,1.0104665608913,1.00822029293476,1.00825837769915,1.00680131237255,1.01347586060787,1.03777989058668,1.03625334751385,1.01562094478,1.03688464566505,1.03294738724411,1.01638490339387,1.03586432650731,1.03750122325231,1.0587952153044,0.99774170977293,0.996880344528624,1.01279550897267,1.03373552577156,1.06260625904372,1.07431066288225,1.03531775047198,1.04267905670104,1.03259250851879,1.00013725564664,0.999482401528299,0.999401198569451,0.999108696613366,0.9988781378695,0.998991596482014,0.999036280852593,0.999861227964644,0.999191730129529,1.00098471122285
12.6735149535643,7.87983540690049,0.39064630893493,1.03649080851359,1.03312440367265,1.00871468454931,0.974886117486981,0.974191496374314,0.975226366500734,0.968665891247953,0.969577051675402,1.02908205762764,0.98073413447201,0.977781371045613,0.960059387704893,0.979228763301092,0.980291125270702,0.989350308198309,1.00804851915954,1.01113945846523,1.00885046625026,1.00905094933346,1.00764559526639,1.01420647266575,1.038470724218,1.03694398523152,1.01636401410873,1.03715357556148,1.0335456199149,1.01700965229921,1.03666484548477,1.03834390743155,1.05909784957921,0.998559196614835,0.997671091003223,1.01352292501407,1.03465392534974,1.06321038733301,1.07486270143265,1.0355688073678,1.04355530314254,1.03263614325769,1.00022246726503,0.999622587159315,0.999471973779582,0.999382196871252,0.999253076460885,0.999306582201368,0.999338091868361,0.99996310777422,0.999433658956763,1.0007887575796
12.693281079438,7.86464135257134,0.391210139350816,1.03667471656217,1.03348285828917,1.00915333934522,0.975431207398689,0.974775230484041,0.975826771918583,0.969224117218217,0.97011284310202,1.02930104907535,0.981367958998971,0.978406806410685,0.960669285288144,0.979846969157092,0.980872618255102,0.989905389755299,1.00860388620937,1.01165327921446,1.00933517373785,1.00964443000362,1.00826435224612,1.01475130588761,1.03898145023627,1.03746075917511,1.01692493418467,1.03737040638899,1.03400662315682,1.01748913413109,1.0372781544903,1.03898955475178,1.05932778168346,0.999227099558967,0.998371054797872,1.01407940491323,1.03531407451257,1.06364739062943,1.07529942993673,1.03577402735025,1.04422870504532,1.03267077765677,1.00029497701346,0.999774982832679,0.999563083490223,0.999669690130906,0.999635678496158,0.99963862290938,0.999655016397888,1.00006415012174,0.999689878206264,1.00058475387621
12.7130472053116,7.85607003175665,0.391731816612791,1.03680382622601,1.03373852111898,1.00947568364383,0.975857017074347,0.975235441980811,0.97630057386098,0.969663390373124,0.970534414814151,1.02947769812831,0.981883984568749,0.978910627830304,0.961161841604348,0.980347386383456,0.981331264638995,0.990306533020643,1.00898704150725,1.01201366170087,1.00968062390386,1.01004429181175,1.00866403555326,1.01511492956581,1.03931649401576,1.03780777984304,1.01730853251725,1.03754461002707,1.03433491849693,1.01782843028849,1.03770269942487,1.03943493933524,1.0594900628969,0.99974392171722,0.998972550238111,1.01446997845771,1.03572355092028,1.06392219364206,1.07562426084792,1.03594123150831,1.04469336200223,1.03270176241055,1.0003552006546,0.999935990341402,0.99967503697224,0.999965950116023,1.0000196064984,0.999979735664059,0.999980333689689,1.00016383040733,0.999955682048626,1.00037543370233
12.7328133311853,7.85449847079173,0.392120358572803,1.03688392589424,1.0338947301214,1.0096840430042,0.976162143048072,0.975570056529129,0.976645234087142,0.969982603080346,0.970841355395165,1.02961708190913,0.982276799306401,0.979288344946712,0.961532534621238,0.980725278681361,0.981664362921138,0.990554434869134,1.00920011446811,1.01222289144829,1.00988924131081,1.01025376961004,1.00884932447787,1.0152999123136,1.03947884747572,1.03798752894009,1.01751700987865,1.03768098623177,1.03453210831973,1.01802948402633,1.037936273902,1.03967681799551,1.05958714544708,1.00010601963093,0.999464398742201,1.01469743755669,1.03588873469873,1.06403888603966,1.07583854172601,1.03607450019987,1.04494440723485,1.03273198965537,1.00040424348678,1.00010176564212,0.999807376397252,1.00026536521392,1.00039870231652,1.00032172530924,1.00030709825412,1.00026172958439,1.00022600266991,1.00016359950878
12.7478738851591,7.85809944726144,0.392309677062927,1.03691240992847,1.0339464829885,1.00976505946209,0.976310247523576,0.975736932277101,0.976817198219738,0.970141861855567,0.970995186544853,1.02969803189056,0.982487857254261,0.97948646158156,0.961728155976694,0.980925759454977,0.981829787906972,0.990638686670464,1.00924764580172,1.01228003688731,1.0099553880622,1.01028592214917,1.00884800944981,1.01532100252137,1.03948723923984,1.03801242185885,1.01755782261335,1.03775950564167,1.03459340314332,1.01808900119361,1.03798415034017,1.03972236285306,1.05961719624323,1.00027451898919,0.999757140179296,1.01476135268653,1.03585331180505,1.06402323625423,1.07592698823797,1.03615339610105,1.0449898142509,1.0327547614209,1.00043506260698,1.00022895165749,0.999921098852078,1.00049217677297,1.000680818268,1.00057807518579,1.00055291064692,1.00033491292174,1.0004318909201,1.00000218399051
12.7629344391329,7.86582961707436,0.392419826462257,1.03691050150513,1.03393768709707,1.00977582699394,0.976380609084504,0.975822493850328,0.976905546381393,0.970223537281481,0.971074937342206,1.02975422975158,0.982616208709703,0.979601007185069,0.961842705240566,0.981044438276816,0.98191347181675,0.990629401111396,1.00919399810756,1.01224648989676,1.00993871133887,1.01020704038182,1.00872385871877,1.01523726064038,1.03939495379219,1.03793929745874,1.01749488058496,1.03781380423316,1.03457558710885,1.01806527439947,1.03791763859688,1.03964605438129,1.05960785458832,1.00034607852199,0.999970645317735,1.01472965254897,1.03568025936925,1.06391736778767,1.07594881689154,1.03621094442744,1.04490742620602,1.03277628730979,1.00046124779437,1.00035490473245,1.00004482402123,1.00071483306182,1.00095427408275,1.00082675700636,1.00079247110846,1.00040670162803,1.00063498974889,0.99984221087123
12.7779949931067,7.87757110265723,0.392494399956384,1.03687423466267,1.03386440409254,1.00971166640335,0.976367016215245,0.975820117226112,0.976903570366743,0.970221009830454,0.971073993439937,1.02978060616625,0.982654368872291,0.97962469350169,0.961869077718699,0.981074126131586,0.98190887266539,0.990522291787494,1.00903608831853,1.01211860336633,1.00983509027684,1.01001524988903,1.00847594753824,1.01504707649799,1.0392017847357,1.03776721900696,1.01732544143408,1.03783970757589,1.03447520048877,1.01795477292201,1.037734453116,1.03944603436208,1.05955669165001,1.00031579394643,1.00009592439101,1.01460021894637,1.03536970113396,1.06372197998835,1.07590213025349,1.03624389299324,1.04469604510251,1.0327946398961,1.00048380601618,1.00047797691927,1.00017718683338,1.00093076970287,1.00121680303264,1.00106452370883,1.00102285628327,1.00047693671335,1.00083298134605,0.999684924939871
12.7963648044721,7.89702686671604,0.392617542599511,1.03677584598442,1.03368095056597,1.00952445977297,0.976227840955326,0.975688886416275,0.976769909782528,0.970094532363233,0.970954046418576,1.0297636544439,0.982568252613299,0.979520649352721,0.961771750898706,0.980979149386171,0.981774143651397,0.99025280655609,1.00869768976978,1.01182917684391,1.00958441128774,1.00962568296104,1.00800470853994,1.01466882729486,1.03882967612008,1.03742226531446,1.01697056519409,1.03782519517958,1.03423545993753,1.01769693405967,1.03735033804268,1.03903295331707,1.05943338682303,1.00013536152993,1.00011751222486,1.01430671975877,1.03480522500362,1.06336383964948,1.07574950745816,1.03624468362044,1.04426335106102,1.03280904053984,1.0005079931542,1.0006218952373,1.00034778462672,1.00118136734991,1.00151913218696,1.00133533085604,1.00128732452133,1.00056022842903,1.00106422526488,0.999498549886982
12.8147346158374,7.92166814996597,0.392912701187975,1.03660426638411,1.03338306495504,1.00920533020706,0.97593907602536,0.975400665679752,0.97647568736669,0.969815786385651,0.970686475606586,1.02967658757342,0.982320814299168,0.97925445653134,0.961516945306274,0.980725270092441,0.981482967986627,0.989820462307937,1.00819120769008,1.01138397789723,1.00918677337098,1.0090592684441,1.00734502828004,1.01412206587028,1.03829694981002,1.03692002707334,1.01644528446265,1.03774775194243,1.03385862053939,1.01729497854121,1.03678670193395,1.03843149379957,1.05923608318963,0.999785224783233,0.999979175280763,1.01385830461691,1.03403730691064,1.06286667801032,1.0754819064179,1.03619198109183,1.04363832531541,1.03280793629161,1.00053023853492,1.00075673842951,1.00052517372481,1.00141413398896,1.00179877515514,1.00158078127757,1.00152948459234,1.00064055134376,1.00128077314547,0.99932014370064
12.8331044272028,7.95084631497285,0.393545619008326,1.0363461169676,1.03295917400226,1.00874195858186,0.97548773061465,0.974942102890073,0.976008369215354,0.969370894725661,0.970256910828792,1.02950401255388,0.981897587851986,0.978812522923268,0.961090651888432,0.980297451810536,0.981021729895347,0.989215691539172,1.00750932238399,1.01077364768618,1.00863129070851,1.00831144017781,1.00649348738022,1.01340497936044,1.03760839985708,1.03626181619389,1.01574347743915,1.03759346517018,1.03333547635164,1.0167398120243,1.03603996191568,1.03764081176353,1.05895737422932,0.999258519090202,0.999666064880867,1.01324930102184,1.03306383260362,1.06223592317544,1.07509729882842,1.03607481829155,1.04282290870336,1.03278464095675,1.00055230558321,1.00088036250794,1.00070535695653,1.00162533045602,1.00205283564892,1.00179697246656,1.00174533597114,1.00071744008264,1.00147921070339,0.999151768596266
12.8514742385681,7.98383006910756,0.394681444643985,1.03598530381725,1.03239743422156,1.00812202909144,0.974859963599861,0.974298272324989,0.97535324696914,0.968743830091904,0.969648594906737,1.02922706128413,0.981284291284741,0.97818036705493,0.96047886889098,0.979681682782833,0.980377039388207,0.988429935519297,1.00664611296958,1.00999013216191,1.00790808101412,1.00737860605741,1.00544876264697,1.01251418229925,1.03676129563437,1.03544475138468,1.0148600976718,1.03734777390544,1.03265828328476,1.01602340826413,1.03510969542823,1.03666220439145,1.05858956056442,0.998546281541924,0.99916449590365,1.01247529048556,1.03188612172852,1.06147078481667,1.07459026195094,1.03588114987234,1.04182151821308,1.03273086265489,1.00057571709675,1.0009910327505,1.00088401524038,1.00181176572056,1.00227890855614,1.00198088395222,1.00193154301187,1.00079033627109,1.00165658567882,0.99899536632438
12.8698440499334,8.0197928074966,0.396505754906852,1.03550577307259,1.03168611855384,1.00733356326805,0.974042828125787,0.973455283487211,0.974496755803458,0.96791952347628,0.968845641083622,1.02882692511431,0.980467899496766,0.977344760369194,0.959668745349612,0.978865074331445,0.979536516623695,0.987455340340698,1.00559620093355,1.00902582068024,1.00700764354769,1.00625760323442,1.00420983784193,1.01144692109869,1.03575366887753,1.03446650911513,1.0137906076724,1.03699559377983,1.03181962556248,1.01513813326292,1.03399650010456,1.03549824746776,1.05812502743339,0.997640421162383,0.998462490472796,1.01153214985611,1.030505765065,1.06057083896762,1.07395531243093,1.03559849057193,1.0406400849778,1.03263821209536,1.00060165493482,1.00108745311746,1.00105666301606,1.00197088087307,1.00247507695034,1.0021304364638,1.00208551704438,1.00085858187317,1.0018104704999,0.998852733399871
12.8882138612988,8.05786349890077,0.399179921617091,1.03489303902533,1.03081610294141,1.00636774323718,0.973027036669457,0.972402877733175,0.973429103637393,0.966886391296606,0.967835555268774,1.02828638485749,0.979439166446357,0.976296325908581,0.958651147748148,0.977838379987137,0.978491610345099,0.986287869520438,1.00435791283526,1.00787661269619,1.00592386770554,1.00494884579642,1.00277861941988,1.01020489855452,1.03458950805204,1.03332995000717,1.01253437530037,1.03652382618905,1.03081508300513,1.01407963825805,1.03270407578332,1.03415499797877,1.05755777409874,0.996536682937924,0.997551918921625,1.01041892287386,1.02892636399993,1.0595408470809,1.07319175818817,1.03521593573092,1.03928784363868,1.03249872510903,1.00063088647255,1.00116877820174,1.00121881975787,1.00210081593917,1.00263990774234,1.00224451221786,1.00220548944282,1.00092142762135,1.001939011091,0.998725496512952
12.9065836726641,8.09717414643444,0.402834251357452,1.03413505716117,1.02978137528035,1.00521944361228,0.971807230994416,0.971134693767275,0.972144312204615,0.96563667778738,0.966609643293405,1.02759096741372,0.978193187908518,0.975029823010789,0.957421140877211,0.976596838078088,0.977238054447079,0.984927642935582,1.00293363125511,1.00654244835266,1.00465464077473,1.00345629343237,1.00116066083776,1.00879284609395,1.03327391931235,1.03203990861484,1.01109467526511,1.03592197744242,1.02964381733077,1.01284727459564,1.03123982841368,1.03264180002454,1.05688377475585,0.995233514991126,0.996429072572781,1.00913804096772,1.02715540441347,1.0583860360145,1.07230044235492,1.03472451206768,1.03777700752243,1.03230540108882,1.00066370733076,1.00123458538949,1.00136617567309,1.00220043656191,1.00277243536417,1.00232289274636,1.00229052095961,1.00097804219816,1.00204094271422,0.998615089602331
12.9249534840295,8.13686967569378,0.407574151760484,1.0332232481142,1.02857962799945,1.00388767438957,0.970382696187098,0.969649207466927,0.970641269606297,0.964167524975724,0.965164132639225,1.0267300177544,0.976729913621101,0.973544913360548,0.955978540911038,0.975140446201367,0.975776294031822,0.983378885668446,1.00132948426665,1.00502716280533,1.00320188640229,1.00178727511962,0.999364504599004,1.00721897355745,1.03181546692747,1.03060450830893,1.0094784472367,1.03518272627744,1.02830847273615,1.01144407802949,1.02961419300368,1.03097098194083,1.05610137959016,0.99373327699094,0.995095006489668,1.00769505050974,1.02520296710389,1.05711427588401,1.07128498639887,1.0341178036906,1.03612232165858,1.03205264342313,1.00069991784435,1.00128484099924,1.0014947542104,1.00226933363098,1.0028721345884,1.00236620632415,1.00234050874124,1.00102753326018,1.00211558691097,0.998522733693015
12.9433232953948,8.17615029938817,0.413452558538669,1.03215347776685,1.02721342668639,1.00237693190551,0.968758632987025,0.967950963937466,0.968924911540396,0.962482203368474,0.963501417908468,1.02569787629885,0.97505543151348,0.97184739423347,0.954329189484724,0.97347531677439,0.974112837166432,0.981651418482147,0.999556901832864,1.00333999602906,1.0015730400651,0.999954054335489,0.997403174577164,1.0054965563227,1.03022795978914,1.0290369952483,1.00769791604498,1.03430320718601,1.02681652450047,1.00987817602632,1.02784173141906,1.02915885323079,1.05521205612477,0.992043350368387,0.993556683572772,1.00610010665307,1.02308295472601,1.0557380977381,1.07015406986742,1.03339296539273,1.0343418833328,1.03173674807466,1.00073882546758,1.00131984875199,1.00160106124358,1.00230779633874,1.00293889400876,1.00237584118205,1.00235616552558,1.00106897649539,1.00216283059938,0.998449419774529
12.9616931067602,8.21430532137157,0.420469666719697,1.03092678215279,1.0256904464856,1.00069734127532,0.966946302543815,0.966050841635238,0.967006437277217,0.960590496057983,0.961630513063039,1.02449474259751,0.973182212534671,0.969949408477118,0.952485164651181,0.971613964573855,0.972260366323402,0.979760503139023,0.997632398138267,1.00149550905692,0.999781064495146,0.997973437281799,0.995294285400955,1.00364279257922,1.02852739741278,1.02735345722872,1.00577015726706,1.03328528855769,1.0251802349088,1.00816267007249,1.02594097604418,1.02722514194937,1.05422055338932,0.990175668463797,0.991827193893276,1.0043677237039,1.02081407769827,1.05427118012706,1.06891872006007,1.03255094194204,1.03245648221336,1.03135628220174,1.00077927343966,1.00134018063621,1.00168220974116,1.00231674965231,1.00297298198861,1.00235381598984,1.0023389494775,1.00110144690877,1.00218307945741,0.998395895400934
12.9800629181255,8.25071017043952,0.428587045784397,1.02954970622896,1.02402345731715,0.998864421039523,0.964962936365167,0.963966127447851,0.964903435362131,0.958508854036213,0.959567238465881,1.02312702655228,0.971128937072003,0.967869407887806,0.950464636617094,0.969574984949873,0.970237442704315,0.97772610764198,0.995576604266524,0.999512812596863,0.997843858980337,0.995865875100966,0.993058783567977,1.00167832931212,1.02673290797716,1.02557300540461,1.00371616167666,1.03213560604634,1.02341605265235,1.00631502838943,1.02393339642349,1.02519222764185,1.05313491623486,0.988147139161042,0.989925553788476,1.00251579972642,1.01841807641519,1.05272944090405,1.06759259350862,1.0315966156433,1.03048875017958,1.03091226640035,1.00081969802151,1.00134660715847,1.00173601942521,1.00229767167323,1.0029750085945,1.00230266806777,1.0022909907765,1.00112405698627,1.00217720105615,0.998362655846467
12.9984327294909,8.28485138546151,0.437706759701542,1.02803457020821,1.02223059522718,0.996899457039819,0.962832036505089,0.961720779802491,0.962640115834603,0.956260645857695,0.957334472025036,1.02160766672181,0.968920817344288,0.965632425640844,0.948292186219207,0.96738343579768,0.968068880066667,0.975573539951666,0.993415054609338,0.997416200772824,0.995784790499949,0.993656437207477,0.99072186610729,0.999628324471245,1.02486844663927,1.02371943232336,1.00156173825568,1.03086597581597,1.02154515072306,1.00435765533121,1.02184393948565,1.02308568910653,1.05196665230573,0.985980000346098,0.987876978163756,1.00056657375071,1.01592025922294,1.05113352200651,1.06619451446241,1.03053913871406,1.02846374486179,1.03040832213945,1.0008582060982,1.00134002262393,1.0017610850647,1.00225249718058,1.00294589436449,1.00222532563371,1.00221499662919,1.00113599593336,1.00214646009434,0.998349939678322
13.0168025408562,8.3163505291882,0.447676228539359,1.02639945190884,1.02033492339333,0.994828891165865,0.960582752448131,0.959344895365119,0.960246761871233,0.953875712223629,0.954961748477257,1.01995608509886,0.966589014974353,0.963269487438563,0.94599821170801,0.965070274420281,0.965785064416718,0.973332609970097,0.991177350220068,0.995234375311416,0.993631970751543,0.991373921786335,0.988312825681563,0.997520699911833,1.02295878210706,1.02181805469898,0.999336460133709,1.02949299548679,1.01959271922617,1.00231710308606,1.01970040429887,1.02093331011109,1.05073046494036,0.983700847846833,0.985712304658759,0.998545925593744,1.01335069844386,1.04950378933248,1.06474439379908,1.02939161913478,1.02640797380569,1.02985069023826,1.00089266938061,1.00132136867292,1.00175680769505,1.00218349876138,1.00288683391363,1.0021249494106,1.00211410896755,1.00113656509302,1.00209243687764,0.998357728981512
13.0351723522216,8.34492688558329,0.45832725666557,1.02466763372081,1.01836351610833,0.992683021613248,0.958248660610072,0.956873628353711,0.957758695511339,0.951389331406588,0.952484235901079,1.01819748553294,0.964169327662603,0.960816421554674,0.94361766433244,0.962670903772835,0.963420499716111,0.971035616952184,0.988894808622432,0.992998443786755,0.991416509482147,0.98904839161669,0.985862118080022,0.995384198715669,1.02102890535379,1.01989423792409,0.997071288794757,1.02803720312867,1.01758636437428,1.0002223663246,1.01753144592057,1.01876338988243,1.04944370363762,0.981340193586401,0.983466729807185,0.996480789989003,1.01074075536922,1.04785975147585,1.06326144957479,1.02817056248512,1.02434762855011,1.02924800050484,1.00092083509002,1.00129157195891,1.00172339526842,1.00209316838556,1.00279925577339,1.00200482803321,1.00199178516996,1.00112521474782,1.00201695049639,0.998385754602621
13.0535421635869,8.37040135384519,0.469448052989661,1.02286708745406,1.01634715491666,0.990495888569189,0.955867462011481,0.954346711946016,0.955215771019019,0.948841640215492,0.949942116456847,1.01636221676087,0.961701847016479,0.958313432763059,0.941189723349213,0.96022494046901,0.961013672857403,0.968717982810944,0.986601495894291,0.99074252686131,0.989172819696868,0.986712661325874,0.983402360886833,0.993250494325909,1.0191085458568,1.01797748931393,0.994799955136923,1.02652297675541,1.01555656431506,0.998105402109095,1.01536736207629,1.01660579482524,1.04812615232183,0.978932471661983,0.981179420657005,0.994400638466952,1.00812251254524,1.04622721191289,1.06177093769412,1.02689577192782,1.02230994293658,1.02861102910816,1.00094044079279,1.00125148988899,1.00166183179323,1.00198411482164,1.00268480052891,1.00186828459062,1.00185169032574,1.00110157528695,1.00192199243296,0.998433505322176
13.0807775561022,8.40256668920783,0.486043483923555,1.02016149822196,1.01336517476348,0.987274957762113,0.952359748508825,0.9506151574437,0.951462868954759,0.945071791943173,0.946175485418497,1.01359873403887,0.95807023149917,0.954627303073705,0.937615092257898,0.956624857009683,0.957476764900902,0.965341291289359,0.983274099568159,0.987454811200258,0.985890188753757,0.983320487987455,0.979829655639115,0.990176354048056,1.01635423637609,1.01522424242173,0.991511997718134,1.02424508643102,1.01258780963467,0.995013799081754,1.01224639569583,1.01350577787692,1.04617439901895,0.975376894218967,0.977821515811425,0.991370239618023,1.00431839736933,1.0438884037083,1.0596092255123,1.02496814509044,1.01939806401585,1.02764035939453,1.00094893102284,1.001174675437,1.00152286718954,1.00179379011556,1.00246979768745,1.00164274675972,1.00161957581759,1.00104359548994,1.00175005081019,0.998538796847637
13.1080129486176,8.42776899930649,0.502592320597038,1.01747163075373,1.01045503587284,0.984147149130663,0.948951451181119,0.94697773178753,0.947805178817286,0.941387898619673,0.942489101599281,1.01084539460369,0.954550339189961,0.951048268207452,0.93414818016385,0.95313755060056,0.954052889524377,0.962101780168406,0.980095880489708,0.984299718578642,0.982726572309359,0.980072111491192,0.976408575717423,0.987258091644375,1.01374306633679,1.01261401003062,0.988378718433641,1.02197804570222,1.00972713023491,0.992039381647902,1.00928806190126,1.01057769170351,1.04426552888901,0.971900871241686,0.974581630454186,0.98845686867766,1.00067496354369,1.0416714228452,1.05753368889728,1.02303747547687,1.01666438497627,1.02666000193354,1.00092804082318,1.00107859781857,1.00133397247133,1.00157592991141,1.00220626174203,1.00139761978435,1.00136790310251,1.00095868293209,1.00154665092647,0.998682439858934
13.1296516724285,8.44345004263455,0.514767745982747,1.01544000512959,1.00828813445371,0.981829565367254,0.946427538584451,0.944276617410886,0.945089760588064,0.938647255844179,0.939743582347088,1.00876698698711,0.9519510020125,0.948401294609676,0.931585867325883,0.950561935104664,0.951525374530143,0.959725369652136,0.977771348612678,0.981983076628349,0.980396047523654,0.977688250379915,0.97389438245992,0.985137767919475,1.01185412908622,1.01072387702635,0.986092170206455,1.02026632298242,1.00761718163466,0.989849792519946,1.0071303114053,1.00844834594949,1.04284046645275,0.969303569948794,0.972203538240409,0.986312580015458,0.99799203150026,1.04006891807639,1.05601916180143,1.0215693426066,1.01468454273772,1.02591240357974,1.00088762228673,1.00098933930893,1.00115469159247,1.00138784753171,1.00196678276634,1.00119437488809,1.00116075518827,1.00087285781819,1.00136688072982,0.998821309585803
13.1581645564331,8.45844311681704,0.529267935844349,1.01301442462429,1.00572032608815,0.979092695394579,0.943451106666069,0.941084961153134,0.94188101729918,0.935405748676728,0.936494407666278,1.00628982510218,0.948898104999841,0.9452867260934,0.928573203078476,0.947536165914538,0.948553292058477,0.956936792464344,0.975046254292834,0.979262017206329,0.977653965633045,0.974871218815679,0.970917406729352,0.982660554256206,1.00964418910167,1.0085127691688,0.983415517735669,1.01820763836489,1.00512793403694,0.987271289148406,1.00460628566168,1.00596129025116,1.04114720326791,0.966198028197347,0.96943084727215,0.983765906894331,0.994807640578676,1.03818416830152,1.05422022626642,1.0197884422194,1.01237604221488,1.02501496241299,1.00080000681255,1.00085489342475,1.00089029641424,1.00112568323365,1.00161783116549,1.00092199082389,1.00088671685885,1.00073729086297,1.00111149903202,0.999032984794579
13.1866774404378,8.46816806489746,0.540696170276099,1.01099296520479,1.00359509934348,0.97683901681764,0.941007554369444,0.93845751965263,0.939239125044516,0.932734658720122,0.933815636549084,1.00423317499273,0.946408401147341,0.942739535459528,0.92611184222551,0.94506661170232,0.946123369593971,0.954660032926546,0.972822707429065,0.977035123270563,0.975405281721873,0.972550790300021,0.968456977794709,0.980652190973487,1.00785928236071,1.0067255452719,0.981236512030682,1.01647727201477,1.00307607430743,0.985152530107554,1.00254066185758,1.0039294946188,1.03973927354431,0.963589667968796,0.967198818876316,0.981658201423379,0.992162981290342,1.03666271442775,1.05275322810865,1.01827140610025,1.01049266741305,1.02426421775514,1.00067370497839,1.00070157269844,1.00060604945005,1.00085205073752,1.00123865727557,1.00064989505031,1.0006181978488,1.00057950144144,1.00084063204011,0.999271777127363
13.2266535312831,8.47412712738168,0.551210797299043,1.0090414425561,1.00152690756743,0.974651298341594,0.938652528014822,0.935922009439307,0.936687267250872,0.930160491191883,0.931236148854374,1.00226168175307,0.94403921766633,0.94030496209647,0.923761915498027,0.942711627053974,0.943791901980387,0.952450500739681,0.970652162385001,0.974865726608174,0.973219639763478,0.97021839355581,0.965965881666299,0.978693999160443,1.00610318189565,1.00496646987657,0.979111870515346,1.01474767711579,1.00105400959696,0.983074920726303,1.0005035836947,1.00192128183989,1.03835993267274,0.96095515988859,0.965120103714367,0.97950806739452,0.989462371067222,1.03513246373332,1.0512491554573,1.01671513595338,1.00861581204424,1.02354065453893,1.00043936286662,1.00045576085255,1.00020123620303,1.0004571418934,1.00067401688516,1.00027740737424,1.00026031735844,1.00033059666566,1.00044577772292,0.999638452082841
13.2666296221284,8.47268004606411,0.5536925416804,1.00829086665382,1.0006738210492,0.973751435283135,0.937714065864713,0.93491132274658,0.935665870399294,0.929143936591518,0.930223257157085,1.0015232427054,0.943140813521596,0.939366940720236,0.922859312016116,0.941809798647739,0.942875499344722,0.951534586199673,0.969729734870488,0.973951313453635,0.972308960923293,0.96913325588966,0.964778363437709,0.977866783561898,1.00535166759455,1.00420984457936,0.978212239531401,1.01397433924025,1.00016681676851,0.982179115728548,0.999593577493428,1.00101672389392,1.0377739519735,0.959717562855736,0.964399047143126,0.978466978511695,0.988128880506296,1.03446123766478,1.05054719312531,1.01595345634567,1.00774681038301,1.02326860901473,1.00015510043661,1.00017649838112,0.999817035529614,1.0000565633062,1.0000921410157,0.999921834543635,0.999928925649036,1.00006242912745,1.00004441802742,1.00002531663293
13.3188832766837,8.46159883112357,0.545256729251494,1.00921901662727,1.00146248866688,0.97457150128722,0.938669809570889,0.935953336144438,0.936702833477031,0.930235557666525,0.931336578794057,1.00250009747341,0.944199418116247,0.940427631738537,0.92388588938226,0.942841233328117,0.943838786577072,0.952307059983333,0.970421413097248,0.974676706513423,0.973079542250212,0.969614137657225,0.965226384277967,0.978486324734575,1.00585480206326,1.00470406781728,0.978891817340745,1.01447400569804,1.000755216822,0.982823264350449,1.00011840273592,1.00150269103101,1.03826202656519,0.960336369578746,0.965450220111711,0.97878961256455,0.988524412907103,1.03480581717938,1.05077209106965,1.01623112775406,1.00811668402542,1.02363136450132,0.999756309913387,0.99977462374822,0.999389418696382,0.99953656678201,0.999345990332283,0.999487338354309,0.999531532426003,0.999711879934593,0.999529256001941,1.00052613063056
13.371136931239,8.43741451043585,0.525175871977566,1.01208818174599,1.00423366388923,0.977478511103585,0.941898404420757,0.939457132884852,0.940215734265384,0.93383740001241,0.934970118386411,1.00543702482787,0.947561276257774,0.943855509566534,0.927194736448057,0.946157028651074,0.947049589315612,0.95516076522792,0.973130358218123,0.977437015618392,0.97591619679083,0.972141176238986,0.967812219122811,0.980917569213511,1.00795550549234,1.00678494785178,0.981543932446653,1.01655759948596,1.00321865118325,0.985403591992024,1.00252385790831,1.00383576227468,1.04005536327587,0.963420880508963,0.96852290941693,0.980927794713477,0.991151349517726,1.03651998660067,1.05224656746682,1.0178686621778,1.01018322278204,1.02471445847971,0.999388608476677,0.999360398503719,0.99907635060217,0.999041082857187,0.998662636277905,0.999092730722357,0.99916722403029,0.999395193875926,0.999047701613247,1.0009823018031
13.4068891213373,8.41406573868231,0.505479120349099,1.0149172687429,1.00706849028889,0.980467506052174,0.945181868553316,0.943011535763213,0.943784871172612,0.937473536274675,0.938627454247798,1.00831317319512,0.950932207496594,0.947305503220786,0.930524113894425,0.949493010163764,0.950310554606044,0.958144434630436,0.976009544235571,0.980337779397571,0.978869208146555,0.974970214293596,0.970777963383209,0.98352709522237,1.01025015239827,1.00906651878488,0.984369708246672,1.01872183049187,1.00582848044796,0.988127132495808,1.0051299679518,1.00638242338108,1.04190487279929,0.966750214713582,0.97153299411052,0.98339652926599,0.994295469288883,1.03844284947851,1.0539650584415,1.01963406164608,1.01248955402047,1.02576655421438,0.999187894815896,0.999092906607552,0.998935963860061,0.998729835658406,0.998254211243378,0.998848414493145,0.998932796789956,0.999216077514073,0.998750709516933,1.00124832791195
13.4426413114356,8.38086114899323,0.484399383911219,1.01816090341834,1.01041371863102,0.984008722389629,0.94905415744988,0.947197451317683,0.947994096026777,0.941738848279872,0.942906735267789,1.01159834537487,0.954882255751456,0.951356152791697,0.934432165967631,0.95340771420852,0.954155298119578,0.961707748298652,0.979464186908575,0.983814239982944,0.982393338833224,0.978370738008103,0.974314581243388,0.986658400341138,1.01300079641493,1.01179047602759,0.987759466170032,1.02127722465337,1.00898639417857,0.991408199286616,1.0083445869993,1.00954289112054,1.04409298968403,0.970827850682277,0.975021031021467,0.986346323874042,0.997978665078073,1.04073937179218,1.05596920191303,1.02175616663336,1.01538020768449,1.02695494383104,0.999050033968721,0.998862692000605,0.99885475883844,0.998456501302871,0.997911519582573,0.998629914576337,0.998711539153882,0.999080626255604,0.998492961715103,1.00146228184619
13.4686091522315,8.35232285635309,0.467502357421421,1.02063870527059,1.01304370394516,0.986811210316739,0.952101138649735,0.950479249872087,0.951296894426773,0.945070282440946,0.946241465696422,1.01409827022608,0.957973864531247,0.954528562267383,0.9374946529882,0.956477666922491,0.957186856516005,0.964581034180266,0.982285985381534,0.986622008842994,0.98521570566527,0.981239722792976,0.97735529106014,0.989248477507013,1.01531241902333,1.01408859917633,0.990539162418797,1.02327525677032,1.01153434668245,0.994056304640644,1.01099566821516,1.01216593174593,1.04581608508115,0.974100040872291,0.977727540925946,0.988885373440712,1.00124883899656,1.04272889813833,1.05774571798752,1.02343145181546,1.01782070508879,1.02784798179592,0.998994968579973,0.998730478926766,0.998830245051689,0.998290200540823,0.997711274720514,0.998491378739367,0.998562883010772,0.999014015352649,0.998336920341589,1.00157969820406
13.4945769930274,8.31737401348335,0.452155372669918,1.02309887556703,1.01571808591124,0.989670780653791,0.955202041100148,0.953813764144454,0.95465643450231,0.948445097352168,0.949612858321847,1.01657191721994,0.961111807047335,0.957751120746791,0.9406051564008,0.959595184053846,0.96027404218677,0.967531790266406,0.985190694104609,0.989512484172246,0.988112666142934,0.984163100683886,0.980420561494506,0.991917349239569,1.01768845661014,1.01643838582789,0.993400966012259,1.02528884067982,1.01417258041778,0.996790930473755,1.01378606610872,1.01493918577803,1.04756863049136,0.977492590732862,0.980463109014716,0.991436310407829,1.00447807681617,1.0447392526875,1.05948219867698,1.02513422370332,1.02041201722068,1.028719607326,0.998979627139317,0.998637087736866,0.998831695106693,0.998157953211441,0.997557109159328,0.998373631542766,0.998428929485552,0.998976640832252,0.998212904567276,1.00166162327447
13.5205448338232,8.27827755167315,0.43689799261051,1.02545881324211,1.01836280562629,0.992517533760066,0.958273049871317,0.957101641051878,0.957971441512334,0.951759992636436,0.95291671173831,1.01893274967817,0.964210036305991,0.960932058951014,0.943678005124885,0.962677989217086,0.963340880183453,0.97052667452976,0.988174309109728,0.992450067245767,0.991032336010227,0.987245693984042,0.983704715852238,0.994691574302858,1.02019060459964,1.01892162602248,0.996352080250409,1.02725739656035,1.01685025398594,0.999567519143488,1.01668402040252,1.01783750657658,1.04930197532652,0.980888351174669,0.983154362898219,0.994169121559112,1.00802691308168,1.04691676570586,1.06139561558736,1.0268090049285,1.02316295353631,1.02953729310789,0.99900270161677,0.998588955568935,0.998856200357275,0.998066023421684,0.997453530919986,0.998281330755428,0.998315942991695,0.998969300996295,0.998126153367089,1.0017060440586
13.5465126746191,8.23383578441599,0.423976454575263,1.02764213796849,1.02089035125669,0.995250871703502,0.961210397917571,0.960235659214445,0.961134714997361,0.954907736310341,0.956046131725862,1.02110285988001,0.967168712302195,0.963969383072199,0.946613088156264,0.965623557303598,0.966280711710598,0.973436377935581,0.991088580052463,0.99531041941636,0.993861049480946,0.99024542865522,0.986885116102333,0.997415935175602,1.02265325850648,1.02135522303586,0.999239158654431,1.02910921540008,1.01946651886956,1.00227588062619,1.0195744570864,1.02074369658724,1.05095922936364,0.984174955325386,0.985723328776076,0.996801732562532,1.01142837631428,1.04903640477378,1.06320587221826,1.02839608609313,1.02593985499017,1.03027308088083,0.999060922764448,0.998590665593746,0.998900977685667,0.998019307902105,0.99740363836122,0.998218945255669,0.998230418625334,0.998991661649939,0.998081354152912,1.00171183515032
13.572480515415,8.18596153534098,0.412493050491438,1.02959591811548,1.0232421774986,0.997811447929386,0.963945848391053,0.963137688940879,0.964066270173576,0.957809160953378,0.958922462893851,1.0230270645124,0.969919772809635,0.966790599923563,0.94934228091821,0.968365911144718,0.969029842079527,0.976219733131868,0.993909072792661,0.998051058052074,0.9965476504905,0.993206285187446,0.990061273373661,1.0000828800947,1.02508841985904,1.02376631458355,1.00204412499913,1.03080020012645,1.02197171869763,1.00486929965528,1.02241375323663,1.02361709441057,1.05250117858299,0.987253753781133,0.988114330297543,0.999424886742553,1.01488236687414,1.05117369066824,1.06504169868001,1.02985451328086,1.02872416300878,1.03090820978161,0.999149260082245,0.99864433811357,0.998963577872404,0.998021978655288,0.997410282827421,0.998191592959041,0.998179820729764,0.999042296723223,0.998082814907958,1.00167882572023
13.5984483562109,8.13524280792469,0.403535009569519,1.03128524821434,1.02536400996372,1.00013441180215,0.966412865053614,0.965739775572441,0.966697482477897,0.960398459794777,0.961481561432952,1.0246705220988,0.972399460940414,0.969330473446466,0.951801512370128,0.970839416781701,0.971519187291542,0.978790509444999,0.996537409996279,1.0005878920942,0.99901603549106,0.995980479923959,0.993042962772843,1.00259089224117,1.02739231386849,1.02604151755779,1.00466561005245,1.03229006238325,1.02429377192245,1.00727109430867,1.0251115868,1.02636407352416,1.05389304667035,0.990041797825645,0.990278355190259,1.00187329151972,1.01812593265251,1.05319269399973,1.06674171054734,1.03114907312202,1.03141149957904,1.03143293673568,0.999261403323799,0.998749237665346,0.999041980792425,0.998076275427217,0.997474926817491,0.998203779105103,0.998171035567262,0.999118688568382,0.998133599039739,1.00160780553797
13.6244161970067,8.08364326891065,0.396697998768822,1.03269618309931,1.02722481161351,1.00218449268758,0.968573258663794,0.9680007919449,0.968985690352071,0.962636448824531,0.963686052415849,1.02602013821826,0.974570757757027,0.971549842193069,0.953953545908068,0.973007478952004,0.973711138258765,0.981112285358231,0.9989399487888,1.00288372383781,1.00122881647077,0.998555913512282,0.995835192652614,1.00490995002401,1.02954057884578,1.02816360507082,1.00707128786863,1.03356089396892,1.02639401331943,1.00944329042605,1.02761895650665,1.02893378266345,1.05511370416062,0.992478231138625,0.992186211891159,1.00415626872564,1.02119535088626,1.05509591241379,1.06833661951568,1.03226175654446,1.03395642615073,1.03184610793321,0.999390346225515,0.998901629735475,0.999134688220125,0.998182724460952,0.997598054425998,0.998259597697906,0.998210226619371,0.999217472449183,0.998235518431065,1.00150052751193
13.6503840378026,8.03298565588783,0.392120157876018,1.03383313168693,1.02880658185808,1.00393688382367,0.970402746934127,0.9698976788815,0.970906824331055,0.964503588812459,0.96551880289377,1.02708297856176,0.97641057668267,0.973425278666635,0.955775137273508,0.974846015548099,0.975578950147206,0.983144553988354,1.00106834077066,1.00489811011004,1.00315170201112,1.00086639228625,0.998355954266716,1.0069880357549,1.03148058656678,1.03007749877698,1.00921065702587,1.03460666718358,1.02823563176141,1.01134785583981,1.0298777836051,1.03126350540549,1.05615165455366,0.994523090949927,0.993820136221126,1.00620624312815,1.02398382233212,1.05682121240236,1.06976387024871,1.03318540437968,1.03628866447328,1.03215482077986,0.999528880392548,0.999094845481754,0.999240618855194,0.998339715834473,0.997778727892726,0.998361927088447,0.998301897800258,0.999334589670693,0.998388531029356,1.00135965106391
13.6703273655359,7.99607801103546,0.389916534304666,1.03453220006096,1.02983111308597,1.00507741593459,0.971580587084177,0.971105791627653,0.972130796990462,0.96568643899546,0.966676109702096,1.02771868335669,0.97759619367464,0.974629707727055,0.956947417708582,0.976031894254977,0.976789782693566,0.984499476360971,1.00250491999489,1.00624421977783,1.00442429394515,1.00244919878453,1.0000957315126,1.00840615456006,1.03281413825236,1.03139287387352,1.01066014970105,1.03526268874139,1.02946412583848,1.01261884507293,1.03142154373766,1.03286459020246,1.0568238259201,0.995816393456261,0.99488701563207,1.00761554992778,1.02592384874929,1.05801441972061,1.07074477623671,1.03376980100693,1.03790752100293,1.03232906243028,0.999637648232199,0.999265561024103,0.99933047995684,0.998492534855105,0.997955194236283,0.998473068027494,0.998409503824686,0.999434321779475,0.998539669000497,1.00123069291318
13.6902706932693,7.96208952006374,0.388708047002799,1.03509346650567,1.03069335856295,1.00604067231107,0.972563212818701,0.972101539033498,0.973139531769156,0.966656760540377,0.96762290715799,1.02821330257617,0.978586316032422,0.975631587074814,0.957924828663278,0.977023118081187,0.977807140603187,0.985669646868721,1.0037599354619,1.00740947041986,1.0055161716185,1.00385123008074,1.00164653164394,1.00965731049102,1.03399833275182,1.03256058947025,1.0119308034452,1.03579912166921,1.03052485429535,1.0137171124825,1.0327810931539,1.03428102536132,1.05738941282053,0.996865665758753,0.995791671941436,1.00886814684272,1.02766432475484,1.05907764646193,1.07161463016426,1.03425164785508,1.03935118120482,1.03245685055807,0.999745212456107,0.999449999337669,0.999427384287624,0.998670652869313,0.998162506118233,0.998612477524563,0.998549604246959,0.999540148400959,0.998718078872597,1.00108581972797
13.7102140210026,7.93204146235636,0.388297742187179,1.03553179278864,1.03140012284727,1.00683257403612,0.973357795848586,0.972893708935337,0.973941402333038,0.967424886843329,0.968370517540941,1.02858393286486,0.979387785356303,0.976438194317738,0.958714295030814,0.977826505679083,0.978637129065294,0.9866558592162,1.00483139165923,1.00839416442872,1.00642992371675,1.00506802742967,1.00300183065271,1.01073656057644,1.03502668587537,1.03357495542529,1.01301961195978,1.03622668632499,1.03141751930933,1.01464269109165,1.03394632899929,1.03550014463563,1.05785269891692,0.997675175785802,0.99653875222383,1.00996092415143,1.02919630242495,1.06000431291896,1.07237232839539,1.03463934864507,1.04060346842487,1.03254640815917,0.999849185171086,0.999642642555703,0.999531010903221,0.998870992679651,0.998398335585467,0.998779301438259,0.998721184442351,0.999649996286691,0.998921195436682,1.00092713815962
13.7301573487359,7.90689638720106,0.388490475046298,1.0358627274078,1.03196010390371,1.00746132655901,0.973973975455182,0.973493718820254,0.974547528217444,0.96800363525678,0.96893263011885,1.02884842790185,0.980009648790454,0.977059213820728,0.959325013931438,0.978451082369786,0.979288243237362,0.987461309245246,1.00571958728127,1.00920102129338,1.0071705606874,1.00609671699522,1.00415613851251,1.01164116645835,1.03589492539088,1.03443216323477,1.01392582657515,1.03655748360694,1.03214417883861,1.01539800374712,1.03490977637791,1.03651195610698,1.05821932330583,0.998253360862872,0.997134247906743,1.01089152592855,1.03051097485464,1.06078902688767,1.07301707780925,1.03494263073837,1.04165057916575,1.03260598228185,0.999947643418333,0.999837735052348,0.999640947097622,0.999089967694645,0.998659784058934,0.99897190676095,0.998922192860568,0.999761885655786,0.999145712962769,1.00075694018306
13.7501006764692,7.88750591947504,0.389091687401506,1.03610095228606,1.03238267198124,1.0079362673517,0.974422630767057,0.973914253150413,0.974970388250223,0.968406814116003,0.969323735124629,1.02902370842262,0.980462077160578,0.977505525201666,0.959767349680416,0.978907062060388,0.979770304398814,0.988091034846542,1.00642690426255,1.00983458328493,1.00774466309206,1.0069367735571,1.00510666360487,1.01237055484816,1.03660088561853,1.03513056128863,1.01465084298849,1.0368037271537,1.03270862562945,1.01598723910553,1.03566674669372,1.03730947503963,1.05849536974383,0.998611756211046,0.997584739643631,1.01165966372903,1.03160274734311,1.0614287033351,1.07355010941653,1.03517152757245,1.04248199245566,1.03264313701434,1.00003917275907,1.00002952989308,0.999756621832748,0.999323589515202,0.998943399666122,0.999187856294395,0.999149545732306,0.999873978341259,0.999387648003431,1.00057766482426
13.7700440042026,7.87456900390828,0.389926628520941,1.03625906663204,1.03267675153473,1.00826664824392,0.974714646314394,0.974167984785869,0.975222575857075,0.968647903293774,0.969557773835135,1.02912446326668,0.980755194919783,0.977788018914969,0.960051658822489,0.979204631128686,0.980093224403864,0.9885507156343,1.00695663515693,1.01030003508583,1.00815917166701,1.00758875030097,1.00585190285706,1.01292534272504,1.03714375975458,1.03566974180479,1.01519706405968,1.03697658649072,1.03311533652696,1.01641525153852,1.03621457524435,1.03788807629233,1.05868668718711,0.998763906114876,0.997896510556239,1.0122657865956,1.03246757206923,1.06192166101006,1.07397333039198,1.0353354047467,1.04308996116216,1.03266420860219,1.0001228728128,1.00021254066864,0.999877251262254,0.999567592271655,0.999245218626387,0.999423928202966,0.999399192969247,0.999984617087284,0.99964243609813,1.00039185893438
13.7899873319359,7.86859249076849,0.390852785835535,1.03634656121159,1.03284981912043,1.00846055466096,0.974859828869132,0.974266463109176,0.975315698308322,0.968738906006876,0.969646964284136,1.02916206024281,0.980898106623692,0.977916577412648,0.960187301402334,0.979352956713681,0.980265955926618,0.988845704895165,1.00731209768648,1.01060223471127,1.00842035154049,1.00805356768152,1.00639106176379,1.01330657614066,1.0375234036349,1.03604985462312,1.01556704897159,1.03708513731711,1.03336859622812,1.0166866438881,1.0365521128871,1.03824509549619,1.05879822120692,0.998724397026323,0.998074869336041,1.01271048453227,1.03310254543327,1.06226714471783,1.07428870795086,1.03544207871651,1.04346934603696,1.03267385853904,1.00019833561623,1.00038177859856,1.00000179765159,0.999817559696499,0.999560824230152,0.999676167684594,0.999666224482455,1.00009234971446,0.999905058438767,1.00020213771955
13.8099306596692,7.86986181386584,0.391765498433357,1.03636926114332,1.03290729570022,1.00852419747507,0.974866022629117,0.974219036797926,0.97525929995148,0.968689276432986,0.969600744876102,1.02914379113523,0.980897962790033,0.977899130101388,0.960181695301726,0.979359162405464,0.980295611177976,0.988980433830174,1.00749618469026,1.0107451469907,1.00853314506171,1.00833217150502,1.00672355111504,1.01351608419058,1.03774198105318,1.03627257191775,1.01576319131586,1.03713572736336,1.03347194782078,1.0168052521407,1.03667931982006,1.03837967995826,1.05883361324273,0.998507084026883,0.998123653739776,1.01299410849991,1.03350518350139,1.0624666887796,1.07449897758655,1.03549727891001,1.04361758520923,1.03267481651217,1.00026559820539,1.00053296903324,1.00012894773628,1.00006905207674,0.99988542459892,0.999939972718593,0.999945019115554,1.00019594106512,1.00017019336386,1.00001114563588
13.8298739874025,7.87842393236233,0.392631723509228,1.03632823945395,1.03285125588216,1.0084605609785,0.974738690162182,0.974033385610425,0.975061452626969,0.968506409741896,0.969426141291298,1.02907258995404,0.980760347283135,0.977741931212226,0.960040671808187,0.979228993701434,0.980187077829595,0.988956620997456,1.00750906478586,1.01072992992581,1.00849949336236,1.00842324033313,1.0068477421518,1.01355071529751,1.03779217233073,1.03633250284511,1.01578489991621,1.03713056192608,1.03342674578378,1.01677228647335,1.03659655172376,1.03829126208452,1.05879437720312,0.998129260261982,0.998044938846143,1.0131151179276,1.03367353138077,1.06251417351348,1.07459994558618,1.03550335343477,1.04353345680748,1.03266755390014,1.00032506531122,1.00066271149095,1.0002571083642,1.00031772205318,1.000213945615,1.00021022340155,1.00022942540041,1.00029436736806,1.00043238672482,0.999821518499894
13.8498173151359,7.89407648021612,0.393442510353786,1.03622043338698,1.03268134531736,1.00827002060515,0.974478889345306,0.97371108676865,0.974723870810545,0.968191235517878,0.96912363799989,1.02894534070952,0.980485945673336,0.977445953886791,0.959765150447494,0.978963217512305,0.979941277900816,0.988774876331417,1.00735111660896,1.01055702949245,1.00831983915178,1.00832632180227,1.00676231534742,1.01341214871281,1.03767863889035,1.03623251003209,1.01563257318643,1.03706889879701,1.03323366993397,1.0165884524589,1.03630525533844,1.03798177113832,1.05868044298656,0.99759821738848,0.997837975736803,1.01307220729164,1.0336051201055,1.06241393619927,1.07459407403813,1.03546026828592,1.04321903768264,1.03265019911794,1.00037742828557,1.00076862461254,1.00038443126173,1.00055942468355,1.00054113788708,1.00048142817117,1.0005129740117,1.00038680527218,1.00068623087065,0.999635846594746
13.8697606428692,7.91638558009453,0.394250189225376,1.03604171414152,1.032395838368,1.00795215662952,0.974090779931864,0.973259647436959,0.974255703413258,0.967750809070822,0.968699537895839,1.02876095895098,0.980079141521074,0.97701742994362,0.959359736520669,0.978565023565663,0.979561001314298,0.98843467746572,1.00702053395423,1.01022483714773,1.00799279114086,1.00803931323538,1.00646467397156,1.01309831516119,1.03739963715805,1.03597026751758,1.01530426971633,1.03694725612768,1.03289163511902,1.01625261535913,1.03580694570843,1.03745410963174,1.05849087843366,0.996937089716873,0.997504504980621,1.01286264781083,1.03329692773878,1.06216469317949,1.07447800617422,1.03536609604022,1.0426782097382,1.03262077450435,1.00042356549684,1.00084941009611,1.0005088480186,1.00079030615784,1.00086169512241,1.00074787063253,1.00078909106075,1.0004726088317,1.00092654036245,0.999456638265523
13.8897039706025,7.94468720285146,0.395165743459952,1.03577997152431,1.03198792273934,1.00750045081679,0.973567564969189,0.972672175170429,0.973649780395659,0.967176860482813,0.96814470327333,1.02850592870776,0.979534002112343,0.97644963434268,0.958818611432925,0.978029306244568,0.979040295710567,0.987931267107012,1.00651337382604,1.00972890689807,1.00751312304229,1.00755845690552,1.00595207373292,1.01260521313572,1.03695015285642,1.03554119671079,1.01479602701611,1.03675710697241,1.03239772302339,1.0157610513733,1.0351045298985,1.0367117927417,1.05822142184136,0.996146633808382,0.997038834937959,1.01248232588546,1.03274731355971,1.06176333266542,1.07424621076473,1.03521406701704,1.04191665879798,1.03257284422822,1.00046443704243,1.00090487181823,1.00062813478778,1.00100687705992,1.00117037431133,1.00100381146204,1.00105133612726,1.00055127808934,1.00114852439948,0.999286286792864
13.9096472983358,7.97813362126366,0.396324363764263,1.03542422457585,1.03145126871014,1.00690936414847,0.972906500989469,0.97194789351197,0.972906463436939,0.96646760212315,0.967456357271038,1.02817031381061,0.978848633757928,0.97574151371944,0.958139976309657,0.977353463669093,0.978375980649012,0.987260673491504,1.00582578777681,1.0090647987752,1.00687571295483,1.00688059693528,1.00522185627169,1.01193008276036,1.03632852359826,1.03494272649509,1.01410423159251,1.03648911798366,1.03174899932303,1.01511024119938,1.03420195348131,1.03576090341778,1.05786810425968,0.995239861739461,0.996438805919021,1.0119274859368,1.0319542986065,1.06120916647035,1.0738937308808,1.0349970762185,1.04094310255762,1.03250076045604,1.00050098924311,1.0009358975982,1.0007399967713,1.00120607039873,1.00146211789273,1.00124368259417,1.0012936391535,1.00062242847411,1.00134794038129,0.999127038796258
13.9295906260692,8.01572684702527,0.397888476027914,1.03496161019944,1.03077845197644,1.00617196763703,0.972102370800422,0.971082783843188,0.972022523090014,0.965617845612874,0.966628298559152,1.02774134310865,0.978018951845207,0.97488924890661,0.95731975627734,0.976533049851773,0.977562908617848,0.986418203635792,1.00495388565112,1.00822773999593,1.00607472322077,1.00600284287022,1.00427220440581,1.01107033037031,1.0355328412593,1.03417229696345,1.01322534563363,1.0361322971386,1.03094265228287,1.01429649576258,1.03310508946775,1.03460954268465,1.05742624390964,0.994224230953932,0.995701085610515,1.01119465055713,1.03091740408417,1.06050154160985,1.07341505283856,1.03470637406568,1.03976886333475,1.03239776161369,1.0005340593984,1.00094434662978,1.00084214940923,1.00138527198705,1.00173217388684,1.00146225496743,1.00151050445042,1.00068575356128,1.00152121772167,0.998980963648358
13.9495339538025,8.05636617251603,0.400029142199144,1.03437950224923,1.02996262031406,1.0052818404062,0.971150225433578,0.970072913357139,0.9709948055064,0.964622494942704,0.96565441641115,1.0272062090174,0.977041285273481,0.973889344362901,0.956354217052157,0.975563985342106,0.976596324311742,0.985400063641293,1.00389498817264,1.00721399029588,1.0051051335205,1.00492371710295,1.00310295286315,1.01002488795997,1.03456280002928,1.03322887204284,1.01215717583278,1.03567554678958,1.02997710966803,1.01331724769415,1.03182223375409,1.03326853920653,1.05689147833964,0.993106493290554,0.994823273756847,1.01028162416755,1.02963810279053,1.05964119138298,1.07280541682146,1.03433295383022,1.03840828358813,1.03225701852594,1.00056430111715,1.00093291640796,1.00093241691963,1.00154233758667,1.0019762051055,1.00165481515771,1.00169720681176,1.00074099247526,1.00166555336334,0.998849926357369
13.9694772815358,8.09889991443037,0.402911133888737,1.03366681410933,1.02899860193527,1.00423419823868,0.970046303955662,0.968915213816055,0.969820931845419,0.963477405064233,0.964529624136633,1.02655332734401,0.975913183454265,0.972739395486939,0.955240765043702,0.974443434598141,0.975472816971152,0.984204422129428,1.00264870247658,1.00602195448146,1.00396388888933,1.00364406665488,1.00171648531948,1.00879517894972,1.03342049896836,1.0321138297318,1.01089993270478,1.03510884918998,1.02885299568701,1.01217206450758,1.03036463150206,1.0317517861251,1.05626050432726,0.991892161826236,0.993804549617943,1.00918832266509,1.02812069918201,1.05863091574705,1.0720617686304,1.03386848735508,1.03687881637118,1.03207221860665,1.0005921236298,1.0009049620778,1.00100882777288,1.00167559140694,1.00219038557476,1.00181731664793,1.00184995087095,1.0007879012742,1.00177897093387,0.998735563186699
13.9894206092692,8.14217662405448,0.406677528111688,1.03281526313387,1.02788403766796,1.00302710433489,0.968789209428735,0.96760862827615,0.968500414288369,0.96218057309174,0.963251089947981,1.02577358256495,0.974634501451031,0.971439191039742,0.953979034734412,0.973170910674276,0.974191494615531,0.982832560224259,1.00121800909764,1.00465331131429,1.00265108463532,1.00216801408916,1.00011861344926,1.00738611184218,1.03211137629919,1.03083191454646,1.00945730028519,1.03442446017121,1.02757405004811,1.01086366196815,1.02874689943726,1.03007653988381,1.05553179837278,0.990586244709111,0.992646542945175,1.00791762913262,1.02637311933342,1.05747634844257,1.07118375136933,1.03330631468789,1.03520107150142,1.03183812166374,1.00061765376924,1.00086428567127,1.00106970380792,1.00178380959857,1.00237147964554,1.0019465045766,1.00196598956824,1.0008262301478,1.00186034241452,0.998639260714382
14.0093639370025,8.18509407804853,0.411436297561093,1.03182049750705,1.02662036484213,1.00166251999529,0.967380910978712,0.966155074032075,0.967035582937932,0.960733145581422,0.961819285208366,1.02486143321433,0.973208308766739,0.969991631000308,0.952571801353623,0.971749216249959,0.972754987089231,0.981289863510153,0.999610201975596,1.00311398604756,1.00117099211505,1.00050377825608,0.998319353394095,1.00580691155882,1.03064494872263,1.02939201287035,1.00783735184532,1.03361796774112,1.0261478767638,1.00939875179005,1.02698727244438,1.02826351838811,1.05470625916349,0.989193660330735,0.9913540239846,1.00647612954864,1.02440763272299,1.05618657600561,1.0701745508833,1.03264232865798,1.03339867473619,1.03155105830993,1.00064071978017,1.00081490716859,1.00111373691911,1.00186619182766,1.00251690101516,1.0020400083178,1.00204369513956,1.00085570881155,1.00190937320987,0.998562138866344
14.0293072647358,8.22664230213864,0.4172494373066,1.03068301397132,1.02521360144759,1.00014715547673,0.965827603023182,0.964560301051802,0.965432422637617,0.959140305537714,0.960238898360631,1.02381582060968,0.97164167462178,0.968403531351755,0.951025773841609,0.970185251311849,0.971170296887436,0.979586615523423,0.997837611942247,1.00141490201495,0.999532866681577,0.998664320259773,0.996333529443224,1.00407173098849,1.02903534995368,1.02780771173891,1.00605324278354,1.03268915189304,1.02458646976754,1.00778867081959,1.02510764370109,1.02633681220745,1.05378771668799,0.987719845587513,0.989935473413486,1.00487469046028,1.02224140103813,1.05477458848642,1.06904153560888,1.03187571629355,1.03149797211691,1.03120933815538,1.00066085819926,1.00076083030302,1.00114004828831,1.00192232439314,1.00262474980154,1.0020963985364,1.00208257894912,1.00087604091096,1.00192655351566,0.998505038391468
14.0492505924691,8.2659387130107,0.424125566007836,1.02940880714355,1.02367486253831,0.998493035178126,0.964140317460358,0.962834534883141,0.963701206228683,0.957411934439569,0.958519513494052,1.02264082115284,0.969946223288371,0.9666862060418,0.949352161301613,0.968490583128554,0.969449391342813,0.977738496407881,0.995918028168217,0.999572427568165,0.997751451808688,0.996667736174983,0.994181137494972,1.00219995619847,1.02730156944104,1.02609754993156,1.00412359440003,1.03164258012396,1.02290645810062,1.00604972101228,1.0231333724747,1.02432357994818,1.05278327378322,0.986171338363594,0.988403438603206,1.00312881059958,1.01989680248756,1.05325747568825,1.06779660242563,1.03100949629046,1.0295275628012,1.03081354328102,1.00067734222092,1.00070581635246,1.00114822634893,1.0019521386575,1.00269382713369,1.00211520718702,1.00208325947393,1.0008869079754,1.00191308093269,0.998468513160116
14.0691939202025,8.30225356156919,0.43201636843024,1.02800970905286,1.02202057165599,0.996717734427155,0.962335246304221,0.960992863272911,0.961856884526008,0.95556300692716,0.956676009815826,1.02134600300869,0.968138421685421,0.96485578732159,0.947566974939323,0.966681738971106,0.967609493640245,0.975766743089265,0.993874775043529,0.997608477592705,0.995847136879669,0.99453736096948,0.991887429983674,1.00021616786624,1.02546736261145,1.0242849296101,1.00207252742506,1.03048790076211,1.02112905069802,1.0042031909967,1.02109286772142,1.02225354745241,1.05170345224175,0.984556342455094,0.986774652504797,1.00125871722216,1.01740148883719,1.0516563418656,1.06645619423608,1.03005082000448,1.02751769203259,1.03036668976535,1.00068922930443,1.00065317845157,1.00113834119104,1.00195586848851,1.00272362797031,1.00209691096888,1.00204738112376,1.00088798254064,1.00187076064591,0.998452827503338
14.0891372479358,8.33502508983997,0.440816983686176,1.02650339980167,1.02027235161348,0.994844265957586,0.960433740428089,0.959055325879425,0.959919190989312,0.953613679805381,0.95472864523638,1.01994646792014,0.966239563016352,0.962933246202209,0.945691028830122,0.964780185763823,0.965673038553948,0.973697946735038,0.991736427061112,0.99555025367861,0.993845750192838,0.992301564194375,0.989482703835969,0.998149746687887,1.0235608208083,1.02239767965103,0.99992933006564,1.02923981953528,1.01927968322442,1.00227505265668,1.01901697173952,1.02015833799078,1.0505621348386,0.982885193346557,0.985069888213131,0.999289191025762,1.01478815924138,1.04999592570171,1.06504097959181,1.02901101888383,1.02549953624084,1.02987424958851,1.00069542447066,1.00060560765355,1.00111093481895,1.00193401011794,1.0027143140684,1.0020428806314,1.00197748986334,1.00087894941409,1.00180189037395,0.998457958615688
14.1090805756691,8.36386440593473,0.450370083105937,1.02491309185458,1.01845660473167,0.992900625908133,0.958461982835319,0.957046697415612,0.957912449525356,0.951589066448303,0.952702816315922,1.01846258069134,0.964275443555974,0.960944107240327,0.943749635821247,0.96281199488774,0.963667294160173,0.971563500861577,0.989536180815865,0.993429642114764,0.991778003268806,0.989993249372596,0.987001801077761,0.99603414935688,1.02161363184417,1.02046730378283,0.99772778321664,1.02791777031959,1.01738739689582,1.00029535724238,1.01693818814152,1.01807068099412,1.04937630858412,0.981170686828129,0.983313554325354,0.997249131211659,1.01209405775742,1.04830395163301,1.06357522723734,1.0279054026384,1.02350442909181,1.02934403455131,1.00069475503656,1.00056503985555,1.00106698834759,1.00188728723355,1.00266667004005,1.00195530014422,1.00187687445168,1.00085953338787,1.00170913752463,0.998483603823973
14.1351649868058,8.39525414040192,0.463642051897243,1.02275476018108,1.01603259094344,0.990308442056325,0.95582973745449,0.954362528882241,0.955232833835063,0.948878503823564,0.949986574350431,1.01643749317576,0.961659678472385,0.958293177310284,0.941162459911769,0.960189485272977,0.960993950091723,0.968734251691198,0.986629331712026,0.99062392389496,0.989033707005688,0.986929157505512,0.9837101930634,0.993256511331674,1.01906510872149,1.01793694052517,0.994825274596864,1.02611784091276,1.01490291734555,0.99768608642849,1.01427300685727,1.01540915178861,1.04779227520463,0.978889652255874,0.980986552915944,0.99453145176704,1.00852136988652,1.04609557055893,1.06162908696891,1.02639293168218,1.02098364603551,1.02861060152799,1.00068153298179,1.00052424989604,1.00098703699455,1.00179034329906,1.00254900712838,1.00179535349958,1.00170574718533,1.00081817183174,1.0015569060875,0.998547046618341
14.1668788606108,8.42380894445653,0.480207953413717,1.02011014968429,1.01311345605082,0.987188995850073,0.952651623875994,0.951112131761315,0.951989248065068,0.945589980920587,0.946686733447951,1.01393641477188,0.958508131955079,0.955095212169543,0.938042758524434,0.957028843344464,0.957773509562926,0.965353408050325,0.983170475367239,0.987280215975971,0.98575117175871,0.983255466981278,0.979762904705469,0.989979272230167,1.01607187096736,1.01495954062187,0.991381301973928,1.02390461881634,1.01196896683982,0.994590555023514,1.01121197233927,1.01237279113267,1.04588250902939,0.976114413455196,0.97820128286119,0.991258567583599,1.00423579986101,1.04351053614552,1.0593057854333,1.02452043621568,1.01813825136736,1.02769404079532,1.0006436683875,1.00049297497548,1.00086086917985,1.00162134849315,1.00232754528777,1.00154253881356,1.00145012677989,1.00074346997067,1.00133371285511,0.998667070184276
14.1985927344157,8.44237324966274,0.496295053523243,1.0175773974992,1.01035808685222,0.984243645505069,0.949632020750897,0.948007796735575,0.94889066318217,0.942444758622617,0.943528170705606,1.01151547787953,0.955517113075215,0.952054675636082,0.93507928042614,0.954029382815413,0.954721807633694,0.962181856579246,0.979940980588035,0.984154739222258,0.982671688208908,0.979787484621585,0.976031853891144,0.986949663282596,1.0133193817952,1.01221617060726,0.988176323062322,1.02177417821682,1.00925346769232,0.991711164430038,1.00845870092958,1.00966076849812,1.04407681390552,0.97341725408656,0.975576231968965,0.988152635577128,1.00017886960628,1.04114172368176,1.05713173249345,1.02270185846317,1.01562450130221,1.0268004162094,1.00057925880056,1.00047745843775,1.00071022115114,1.00140137361541,1.00202928775698,1.00124065921093,1.00115814958546,1.00064261740308,1.00107963529263,0.998829735983342
14.2303066082206,8.45208588842196,0.510790049736563,1.01530413877916,1.00790953767583,0.981621429461534,0.946916960462304,0.945194952077453,0.946080055589989,0.93959265285955,0.940663755160938,1.00931092679681,0.952826646488692,0.949313322231947,0.932411195726317,0.951332874024622,0.9519859902622,0.959373548128375,0.977096069594641,0.981399847187435,0.979947982146107,0.976688119605987,0.972688631679093,0.984311298176815,1.01093759546636,1.00983682234217,0.98536358276254,1.01984717192723,1.00688427943296,0.989185973601803,1.0061222651532,1.00737509820837,1.0424685051216,0.970894977666398,0.973230476213644,0.985360046748753,0.996532576414084,1.03910018973377,1.05521598880599,1.02103866631891,1.01352793046559,1.02598568252975,1.00048709128261,1.00046905337994,1.00054338978507,1.00113699013123,1.0016660344425,1.00090700514413,1.00084624080489,1.00051736802942,1.00080585170052,0.999029090561885
14.2620204820256,8.45433675254739,0.522747930009263,1.01342849347328,1.00589794489566,0.979456808108127,0.944640824315764,0.942810528757721,0.943692465148775,0.937175282189981,0.938238063624063,1.00745220362639,0.950564985677193,0.94700221949782,0.930166465090922,0.949068929720822,0.949699762199142,0.957063377106721,0.974769495497201,0.979148177068145,0.977714805301814,0.974101360994735,0.969885347942635,0.982182673844802,1.00902951288188,1.00792487329778,0.983073352926573,1.01823501527728,1.00497076414822,0.987134190339693,1.00428851286647,1.00559372871495,1.04114285293619,0.968648834848427,0.971269452623802,0.983010391159634,0.993458399266528,1.03747073294908,1.05364432310632,1.01962633414792,1.01190992744174,1.02530286618523,1.00036817286542,1.00045624129511,1.0003682660731,1.00083587637068,1.00125085954956,1.00055864098371,1.00052870701097,1.00037079727974,1.0005221998404,0.999258189006828
14.3019561871942,8.44892732211001,0.53279668100066,1.01180906911713,1.00415353246501,0.977555470067971,0.942577586588968,0.940604388549955,0.941473082297674,0.934942377568341,0.936003504123074,1.00577419006943,0.948498160550365,0.944880189314397,0.928113304920333,0.947006268104555,0.947636845678789,0.955037114272135,0.972749308591152,0.977197864245316,0.975772649416252,0.971773641529555,0.967340270918759,0.98037528688556,1.00742746307456,1.00631079403258,0.981098753836164,1.01679876518408,1.00334650229599,0.985374729127728,1.00279777651811,1.00416048853568,1.03998681469816,0.966376736640526,0.969484742472978,0.980867151129655,0.99063900852918,1.03611237669858,1.05226871655707,1.01833380722156,1.01062554832576,1.02469957682473,1.00018639159076,1.00041396759107,1.00014668789471,1.00041911013762,1.00067664459949,1.00012392166586,1.0001387699496,1.00016340243796,1.00016393051521,0.999576502691994
14.3418918923629,8.43675583405902,0.536578635729374,1.01115868644834,1.00340962698253,0.976697526542618,0.941547499371679,0.939440892610849,0.940286615390992,0.933775579129428,0.934847930104605,1.00498143895194,0.947433196621083,0.943776175572452,0.927054943321333,0.945952801006071,0.94661460785337,0.954109502036002,0.971849650224386,0.976342743487323,0.974915591347747,0.970613891333423,0.966034615423552,0.979620703128058,1.00677927332971,1.00564247275101,0.980236439285223,1.01613181820125,1.00268005966509,0.984628036975714,1.00226245277005,1.00366288766976,1.03948251238689,0.964888248952889,0.968558518210365,0.979752270134485,0.989142498241328,1.03556760643365,1.05161814741505,1.01768017811688,1.0101939313959,1.02443958664844,0.999979823652482,1.00032289475936,0.999932623005049,0.999978747090429,1.00007073456034,0.999716219637974,0.999773555157299,0.999941182352394,0.999815749219954,0.999913177868423
14.3921085424396,8.41444014880501,0.531753903877203,1.01178787842483,1.00396177340118,0.977176209754562,0.941827927760082,0.939599360669513,0.940407063951686,0.933965803097227,0.935069190994906,1.00534483368972,0.947627777324962,0.943954528476004,0.927249619074778,0.946170684647928,0.946907169765027,0.954572702347879,0.972369801803296,0.976881611301461,0.975443066774413,0.970926766944019,0.966291791282796,0.980193509649955,1.00732208143444,1.00615677914975,0.980781714454753,1.01645323301212,1.00324265766147,0.985175822291272,1.00295902475513,1.00437124522904,1.03982356003814,0.964370193103028,0.968690638621865,0.979926724411084,0.989315389187865,1.03603874289984,1.05185932173311,1.01783939544909,1.01086214242698,1.02463381452926,0.999710836010059,1.00011811634976,0.999683053052687,0.999428526425799,0.999310882938717,0.999270455370263,0.999363708702876,0.999663014502202,0.999407684583701,1.00033517076858
14.4423251925163,8.38617610521146,0.517289903702127,1.01390798595353,1.00606175195239,0.979294539820108,0.943818153597876,0.941556778437319,0.942326806792214,0.935991333501716,0.937138056381511,1.00716670236082,0.949498279380419,0.945856028806861,0.929113526152872,0.948067373262092,0.948902592236997,0.956753290946511,0.974617473871806,0.979105318137984,0.977649596412064,0.973141740760884,0.968604222044602,0.982336818352091,1.00926290562362,1.00806293671102,0.983023671837125,1.01798400761357,1.00525015309866,0.987266469400057,1.00505043521082,1.00643582910583,1.04117862366875,0.965522911024378,0.970225072756726,0.981799969590894,0.991727773966851,1.03768887612646,1.05319414654484,1.01903482666364,1.0127534573178,1.02537100599012,0.999463590892854,0.999813070186741,0.999458681676064,0.998924520460955,0.998604753629883,0.998915743170919,0.999015901450301,0.999412345417091,0.999046189120847,1.00072541755171
14.492541842593,8.35071457575654,0.49560456879445,1.01716183564313,1.0093951798303,0.982748644833426,0.947262459458328,0.94508651522319,0.945831644450834,0.939610052175584,0.940799279207644,1.01016567172621,0.952821162317585,0.94925728000291,0.932423375292173,0.951411918573919,0.952342346127338,0.960343757229457,0.978271096562698,0.982697695373465,0.981219588704575,0.976922903428272,0.972628116365698,0.985740845092469,1.01230801987088,1.01107756462462,0.986641698308652,1.02047027665116,1.00843362859545,0.990611212151435,1.00830823287125,1.00964251402325,1.04334767331426,0.968345027221476,0.972982585361251,0.985074728214902,0.996028057567994,1.04027070417309,1.05540852731773,1.02106615430903,1.01569729371364,1.02652107542006,0.999271576237165,0.99943808358276,0.999260281043222,0.998513252610922,0.998010018014178,0.998657620340646,0.998734999472362,0.999216256145982,0.998745717806585,1.00105226413683
14.5148844193712,8.33275570208901,0.483949011056716,1.01885536723838,1.01118396117204,0.984633032235627,0.949190544229344,0.947091362236417,0.947832389863258,0.94165336746437,0.942855968289967,1.01177691331269,0.95470414711543,0.951187748719456,0.934297847674713,0.953302120083813,0.954269416361396,0.962328736489366,0.980285655908014,0.984664953957091,0.983169759578163,0.979070529613727,0.974942682874504,0.987607280986308,1.01397765560659,1.01273413549384,0.98863283900176,1.02181134469195,1.01016098450466,0.992433914626651,1.01007720853321,1.01138548104412,1.04451546070067,0.970116973868873,0.974557280051789,0.986961479193619,0.99854561545503,1.04169236846804,1.05664992305573,1.02218005729288,1.01730350748976,1.02712008596474,0.999210625685053,0.99926132910044,0.999180707024579,0.998370104500578,0.997794076927386,0.998573461314343,0.99863290542285,0.999152140631603,0.998635156628517,1.00117055190123
14.5372269961494,8.31270863100156,0.472326713405967,1.02062681368615,1.01307303668436,0.986634987687072,0.951269024840247,0.949272786473446,0.950015747887239,0.943872819763878,0.945085312351392,1.01349070369625,0.95674681057167,0.953285947750341,0.936330823429856,0.955347607566019,0.956343739083158,0.964437275872848,0.9824155475318,0.986747375721686,0.985236460389022,0.981330863075745,0.977375149229651,0.989573740989647,1.01573320748841,1.01447567788242,0.990735765266684,1.02322158110035,1.0119889096385,0.994363057529148,1.01195698893887,1.01324070442768,1.04574896132876,0.972137720161581,0.976271185948393,0.988937379489141,1.00117820246978,1.04317950045258,1.05795398090616,1.02335834580905,1.01901844317341,1.02774589198814,0.999167542175446,0.999088971284677,0.999107125536544,0.998256275075457,0.99761529953275,0.998507123155389,0.998545949665197,0.999104747236067,0.998541195490958,1.00126852132551
14.5595695729275,8.2909157147596,0.460326831383885,1.02242602140515,1.01502718537621,0.988725928808437,0.953468487388436,0.951595605291857,0.95234646174106,0.946228019358084,0.94744433563223,1.01525885071087,0.958924454314948,0.95552292425418,0.938496650988273,0.95752543087474,0.958542065700689,0.966661706689612,0.984662837328758,0.9889339701637,0.987400719243096,0.983753647370779,0.980007990258069,0.991647990322354,1.01758543770914,1.01631705942282,0.992954683111336,1.02467609402271,1.01390291552582,0.996385403972316,1.01394420477381,1.01520709726946,1.04702670413252,0.974382664902901,0.978111473074922,0.991074850000954,1.0040715338141,1.04475827509009,1.05934671844724,1.02458056993826,1.02084880401217,1.02837879723173,0.999142991405782,0.998928564564323,0.999040432363386,0.998173987070075,0.99747786817348,0.998457958727811,0.998475198984517,0.999074738508628,0.998465544264106,1.00134441266781
14.5819121497057,8.26705242643218,0.448874671257834,1.02420626289407,1.01699566964097,0.990848203043803,0.955729875434082,0.953999108219878,0.954764133200718,0.948658594020587,0.949872883745195,1.01703399851246,0.961178554625712,0.957840010781095,0.940737073510975,0.959775107082035,0.960802802824193,0.968928405732282,0.986945151483323,0.99115417276987,0.989597562259249,0.986200229385493,0.982658979683206,0.993755103159375,1.0194711509778,1.01818861453259,0.995208015518732,1.02613195680026,1.01584629115859,0.998438769061656,1.01597864596443,1.01722569982731,1.04831401602526,0.976784969377232,0.980029076992221,0.993222070184942,1.00696373099523,1.04636188650729,1.0607583870838,1.02580952736106,1.02273486473588,1.02900078043251,0.999137015394448,0.998787646952235,0.998981924109041,0.998124475173999,0.997385027365658,0.998425456661927,0.998421860369416,0.999062300897161,0.99840988359801,1.00139681174183
14.6042547264839,8.24132120226907,0.437765425101357,1.02592470103832,1.01893879750234,0.992962942388257,0.958009888785177,0.956433409687696,0.957218197724554,0.951111661055114,0.9523170600681,1.01877035874144,0.963468585485888,0.96019275399317,0.943010999002388,0.962057702311458,0.963086925857332,0.971210511879297,0.989243698612956,0.993380425111327,0.991793939332091,0.988689867316934,0.985378343240516,0.995880510207176,1.02137487755822,1.02008127453764,0.997478815787234,1.02755975830414,1.01779296474968,1.00049623483124,1.0180441117411,1.01928233646245,1.04958585871951,0.979295989390871,0.981995703705012,0.995423019873505,1.00996983656304,1.04799104127047,1.06219590247897,1.02702014651737,1.02467268424272,1.02959497405276,0.999148989288315,0.998673406095579,0.998933299064253,0.998108357027597,0.997339504556729,0.998409439148173,0.998387360817871,0.999067099482485,0.998375923260075,1.00142469131937
14.6265973032621,8.21383484636194,0.427610115068836,1.027545493608,1.02081560874631,0.995023221113752,0.960257195498447,0.958842918860981,0.959652621081686,0.953531641716664,0.95472168384498,1.02042821118963,0.965742933550563,0.962528360403721,0.94526693295938,0.964320759729182,0.965342232713265,0.973451179285929,0.991496722406276,0.995558327950054,0.993938743418218,0.9911217646379,0.988030569662666,0.997969917644163,1.02325393727636,1.02194660109286,0.999706364489737,1.02892657572878,1.01969785713113,1.00250908699732,1.02009103344906,1.02132790015192,1.05081483486312,0.981847157054929,0.983968875979132,0.997567422354396,1.01288924965066,1.04960144624098,1.06361035271961,1.02818402194945,1.0266110681614,1.03014786789599,0.999177730102231,0.998592228548998,0.998896611950986,0.998125378093621,0.997342865689731,0.998410079988284,0.998373199364307,0.999088339698387,0.998365218642912,1.00142743829918
14.6489398800403,8.18488697034524,0.418390350191328,1.02903923793045,1.02259327166645,0.996993095503263,0.962429177443781,0.961178580249022,0.962017183393816,0.95586859561478,0.957037078855165,1.02197269980493,0.967959048417627,0.964801445327963,0.947462217489681,0.966522889806173,0.967528125195866,0.975617140657675,0.993675188869482,0.997655880669815,0.995997876932796,0.993483237340114,0.990617376760251,0.999997443219688,1.02508206908345,1.02376237449301,1.00186277919915,1.0302085454028,1.02153282583632,1.00444749976743,1.02209439816455,1.02333819694864,1.05197960733556,0.984378919730443,0.985915108775365,0.999658946307965,1.01575788517087,1.05117702701461,1.06499192035063,1.02928036243337,1.02853237082616,1.03064826087431,0.999221543611511,0.998549318543152,0.998874164704375,0.998174580910315,0.997395773513631,0.998427861255198,0.99838082443399,0.999124810387438,0.998379139934339,1.00140488281771
14.6712824568184,8.15495242550231,0.410387816526247,1.03038564859443,1.02424385422341,0.998839000095366,0.964485742579712,0.963395199602908,0.964265633258679,0.958077929659174,0.959219625347647,1.02337814702521,0.970075126712498,0.966968830780346,0.949555286318266,0.968622408392704,0.969604189548041,0.977668477098198,0.995737753006446,0.999635421409816,0.997935395270999,0.99571488854986,0.993061075694444,1.00192682967106,1.02683044979897,1.02549704460819,1.00390753313898,1.03138513817612,1.02326577637532,1.00627722828505,1.02401692490455,1.02527555653166,1.05306169950599,0.986829178343401,0.987798912003188,1.0016360998808,1.01846500981766,1.05269031203104,1.06631165917934,1.03029125407449,1.03039750437623,1.03108917868029,0.999278351782114,0.998548327428983,0.99886837252607,0.998254347479866,0.997497661863744,0.998463589021838,0.998411562320271,0.999174965290718,0.998418717826343,1.00135730885097
14.7006119250984,8.11515748551569,0.401767155405463,1.03190778023186,1.02618244957561,1.00103023734492,0.966953444907283,0.966058237018539,0.966972456285517,0.960719753055355,0.961820415993961,1.02498081668923,0.972640271386773,0.969590009693696,0.95208747571334,0.971163481072816,0.972106305044261,0.980137933194631,0.998222606252402,1.00200933466882,1.00024914754465,0.9984030069835,0.99600774241931,1.00426731150211,1.02896312307873,1.02761197450049,1.00637627848357,1.03274704456748,1.02534650211705,1.00847237094661,1.02637233999113,1.02766131418901,1.05433341188408,0.989826837349946,0.990123626763497,1.00402600348505,1.02173787237805,1.05454847969137,1.06792378846877,1.03146834852299,1.03271644647737,1.03157126750616,0.999368513855994,0.998613296816928,0.998890090697352,0.998401401796494,0.997702275158195,0.998539418976321,0.99848864471354,0.999258416833516,0.9985105101854,1.00125831033328
14.7237850903648,8.08421769840231,0.396495179411751,1.03291120070263,1.02751647134953,1.00255451956444,0.968687538215656,0.967929843903054,0.968878520699806,0.962567163406102,0.963632580885381,1.02604455200946,0.974462897409939,0.971446865960196,0.953882461755817,0.972966085325364,0.973873746170953,0.981881822680465,0.999979108188966,1.00367947470404,1.00186950541513,1.00029802158227,0.998082338237824,1.00593599392376,1.03049449674318,1.02912914509585,1.00812603057716,1.03366925408203,1.02681300424811,1.01001781920961,1.02806797950713,1.02938792087372,1.05520908444928,0.991964083462985,0.991809735746063,1.00571612106984,1.0240407485293,1.05589228823229,1.06908214435102,1.03227114766039,1.03441075622845,1.03187587139937,0.999449218096196,0.998717171628839,0.998933287195846,0.99854818827365,0.997916805699738,0.998623840634221,0.998579721710416,0.999336120782137,0.998614946124073,1.00115233033512
14.7469582556311,8.05474305081365,0.392510648631941,1.03374261574812,1.02866749002195,1.00388149316391,0.970208130613964,0.969568775097734,0.970550074738595,0.964177747167159,0.965207584216963,1.02692891093709,0.976077295979764,0.973086222889355,0.95546864752395,0.974560585143296,0.975431730202676,0.983421001540425,1.0015317533841,1.00514940882583,1.0032894027103,1.00196758607724,0.99990585242688,1.00742415144729,1.03186980195219,1.03049070653563,1.00967704862147,1.03445389100251,1.0281066215984,1.01137931909646,1.02959187225981,1.03094679470571,1.05596492492596,0.99384903286098,0.993333659940493,1.00721146623204,1.02606246651905,1.05710736356952,1.070124620571,1.03295936381056,1.03595337157574,1.03211717120991,0.999535210735553,0.998864110551563,0.999001359887624,0.998718059358645,0.998172335831924,0.998731005879807,0.998697432775043,0.999421783792022,0.998746643362056,1.001024003595
14.7651546056307,8.03322505197726,0.390213061123874,1.034281794845,1.02944280170819,1.00478193175115,0.97124510507357,0.970683685117854,0.97168839318635,0.965269016486291,0.966271907647191,1.02750282747293,0.977188732240927,0.974210850549944,0.956558042780029,0.975657033404664,0.97649984712414,0.984478527368068,1.00260036222387,1.00615723406436,1.00425895319116,1.00311138336145,1.00115020931714,1.0084578076485,1.032831927783,1.0314426380926,1.01074765156732,1.03497637302402,1.02899605167136,1.01231399256571,1.03065697362822,1.03204073924855,1.05647420877213,0.995133538220082,0.99440424467811,1.00824067505862,1.02743801894779,1.05796299936458,1.07085618049868,1.03342142827907,1.03704395544209,1.03226663410572,0.999604845393222,0.999006365010338,0.999072784921218,0.998865295438052,0.998397798512004,0.998831489859979,0.998808088831168,0.999493333312164,0.998868144573335,1.00090906353936
14.7833509556303,8.01367343832623,0.388567844163729,1.03472797023018,1.03010638648435,1.00555682557453,0.972139585427052,0.971641888086463,0.972667365532363,0.966203734703725,0.967181613544816,1.0279768377869,0.978155648084817,0.975185638589146,0.957503538223021,0.976609972813164,0.977425961949279,0.98539838025628,1.00353170612636,1.00703279115397,1.0050981638436,1.00410282769762,1.00222310762991,1.00936707272687,1.03368436371933,1.03228568993999,1.01168352304807,1.0354201170858,1.02977134074169,1.01312729583753,1.03159808529972,1.03301058952819,1.05691012343902,0.996233063136169,0.995354137235614,1.0091375988286,1.02861899349508,1.0587256649102,1.07150740446546,1.03381736716987,1.03801695372702,1.03238506449197,0.999675075073718,0.999168347877076,0.999160005641694,0.999022589633461,0.998641106873087,0.998946415196042,0.998934011086288,0.999567600422962,0.99900424739159,1.0007831691228
14.8015473056299,7.99653208509529,0.387496705065321,1.03508847150052,1.03066086693295,1.00620705587404,0.972890039182968,0.972441411639163,0.973484464501472,0.966981096634264,0.967936752196111,1.02835792004431,0.978974209446724,0.97600714555292,0.95830175688945,0.977415954005319,0.9782075419107,0.986178294729635,1.0043233763462,1.00777481249354,1.00580668336883,1.00493938569611,1.00312138367104,1.01014834715098,1.03442287162655,1.03301594276546,1.01248184352341,1.03578941765686,1.03043144966478,1.01381814318713,1.03240967908729,1.03384966674699,1.05727434483191,0.997140590610594,0.996176614936793,1.00989979445258,1.02960131497415,1.05939078474461,1.07207582611944,1.03415059676829,1.03886409846941,1.0324765950792,0.999744946612641,0.999345884409195,0.999262520759947,0.999188059038959,0.998898409179364,0.999075528593972,0.999074181026438,0.999643759880439,0.999153441599158,1.00064780916448
14.8197436556295,7.98221511054415,0.386918998322415,1.03537069054131,1.03110953084881,1.00673449627981,0.973496373200099,0.973082005164923,0.974138989923058,0.967601934298664,0.968538922399931,1.02865347059838,0.979642088988451,0.976673552884709,0.958950837940675,0.978072988642106,0.978843470264741,0.986817268394577,1.00497419988894,1.00838316767034,1.00638524259555,1.00562011095943,1.00384387726501,1.01079912979438,1.03504423432395,1.03363046614139,1.01314100000801,1.03608893566941,1.03097628777489,1.01438647411551,1.03308743095024,1.03455255068347,1.05756894819917,0.997852082733774,0.996866098913563,1.01052621005353,1.03038343913419,1.05995460216516,1.07255976889105,1.03442486639811,1.03957837113158,1.03254528630171,0.999813668887778,0.99953433093152,0.999379371964529,0.99935983545243,0.999165644431724,0.999218254356317,0.999227285491714,0.999721087066278,0.999313922906909,1.00050458833901
14.8379400056291,7.97108409068108,0.386758805950872,1.03558136088359,1.03145570368469,1.00714138376467,0.973959313442302,0.973564472522016,0.974631394138486,0.968067975220304,0.968990486232871,1.02887043415109,0.980157974676173,0.977184098655961,0.959449918590421,0.978580069174235,0.979333501435588,0.987315054242532,1.00548374634311,1.00885832656198,1.00683507357237,1.00614512155194,1.00439090982253,1.01131757615057,1.03554580442444,1.03412690097018,1.01366010194739,1.03632312015714,1.03140625641664,1.01483275985686,1.03362800521991,1.03511492159641,1.05779608376223,0.998365990125778,0.997417956010361,1.01101670508357,1.03096583224103,1.06041392363408,1.07295795439937,1.03464377609677,1.04015399579715,1.03259478096641,0.999880615864869,0.999728740713659,0.999509133398042,0.999536079881005,0.999438642600696,0.999373655459119,0.999391723358487,0.999798956164848,0.999483620827718,1.00035520594176
14.8561363556288,7.96343518944437,0.386949580860306,1.0357260330459,1.03170233650583,1.00742992747709,0.974280042778306,0.973890261387307,0.974962886953652,0.968381386519592,0.969294086968548,1.02901470811177,0.980521265342229,0.977538748518182,0.959798818822369,0.978936852113293,0.979677941426487,0.98767188425242,1.00585207151154,1.00920105587928,1.00715756765304,1.00651534625423,1.00476400369821,1.01170234203775,1.03592544752292,1.03450336613412,1.01403875230338,1.03649579487296,1.03172195238124,1.01515770489338,1.03402888926134,1.03553344101643,1.05795767026874,0.998682875850927,0.997828345156586,1.01137184190696,1.03135065109535,1.06076608323381,1.07326940629492,1.03481043127575,1.04058638307904,1.03262804955197,0.999945325783887,0.999924047000886,0.999649924235762,0.999714991347401,0.999713225931831,0.99954041577665,0.99956562550946,0.999876832177479,0.999660238392971,1.00020143350145
14.8743327056284,7.95948638671417,0.387438626890257,1.03580863755011,1.0318516286512,1.00760193115532,0.974459836252112,0.974061061339064,0.975135038496424,0.968544335580741,0.969452188522328,1.02909062715386,0.980731771795337,0.977737863109515,0.959997729407422,0.979143356477963,0.979877324499849,0.987888172834706,1.00607943371027,1.00941210187316,1.00735392964262,1.00673223148915,1.00496556942866,1.01195236089303,1.03618135340381,1.03475826572706,1.01427677982201,1.03660979385779,1.03192387612699,1.01536194398189,1.03428822502691,1.03580561885062,1.05805516598069,0.998805050317842,0.998094081140227,1.01159263419302,1.0315414068134,1.0610088216254,1.07349326135011,1.03492713041517,1.04087207175531,1.03264717890951,1.00000748941212,1.00011524820973,0.999799440647766,0.999894809534464,0.999985309259991,0.999716836748546,0.999746881161681,0.999954256425076,0.999841300510266,1.00004509170277
14.892529055628,7.95937118426344,0.388183728294903,1.03583147536954,1.03190505579464,1.00765888692659,0.97450020359384,0.974078897652739,0.975149924060303,0.968559079366693,0.969467161197605,1.02910095259688,0.980789835203229,0.977782368540521,0.960047314129319,0.979199979625197,0.97993254028452,0.98796474628756,1.00616656357589,1.00949237352501,1.00742531391238,1.00679779849147,1.00499879731681,1.01206754988986,1.03631340230093,1.03489130390679,1.01437458717996,1.03666697445606,1.03201252074548,1.01544619488984,1.03440488795083,1.03593001306407,1.05808957245802,0.9987364129698,0.998212955678167,1.01168057583534,1.03154272565607,1.06114150250355,1.07362962379403,1.03499537857991,1.04100892926968,1.0326533622983,1.00006693211288,1.00029758893036,0.999955005947773,1.00007381231268,1.00025099534819,0.999900849547823,0.999933171333868,1.00003082668752,1.00002420842403,0.999888026763963
14.9107254056276,7.9631198304308,0.389187067546606,1.03579370902783,1.03186186280601,1.00760014873088,0.97440091877498,0.97394427387802,0.975008040260075,0.968426007655657,0.969339270883271,1.02904514128762,0.980694767419413,0.977671811236027,0.959947170986847,0.979106417579029,0.979843108640692,0.987900675583283,1.00611233395707,1.00944090037075,1.00737090678538,1.00671327274955,1.0048669169167,1.01204461206172,1.03631588213082,1.03489788818494,1.01433051552139,1.03666675095465,1.03198683975673,1.01540939069684,1.03437746997639,1.0359047543298,1.05806047873969,0.998481865087086,0.998181845141087,1.01163656761802,1.03135998520893,1.06115875699744,1.07367469818051,1.03501461487758,1.04099493239631,1.03264621003692,1.00012358740656,1.00046672652682,1.00011364468816,1.00025031273114,1.00050665789268,1.00009005439166,1.00012201035723,1.00010617455006,1.0002063039029,0.999732087086539
14.9289217556272,7.97068309765786,0.390432581326907,1.0356935586686,1.03172145778638,1.0074258822826,0.974162857540691,0.973658455352436,0.974710848429089,0.968146025740886,0.969069153736039,1.02892155263777,0.98044703168549,0.977407014269999,0.959697941204206,0.978863087579444,0.979609790405239,0.987697128403788,1.00591809482699,1.00925851040525,1.00719126441992,1.00648120940102,1.00457401939714,1.01188513432925,1.03619153858266,1.03477997063953,1.01414581286671,1.03660845850687,1.03184694516074,1.01525199826946,1.03420617473753,1.03573027239306,1.05796756237468,0.998046250191484,0.997999976894815,1.01146257215523,1.03099937837098,1.06106289865158,1.07363022058349,1.03498420990277,1.04083048829158,1.03262468983028,1.0001774688655,1.00061888308862,1.00027216552331,1.00042265206838,1.00074901796151,1.00028176535245,1.00031079229729,1.00017994059472,1.00038493030313,0.99957909964519
14.9508967035801,7.98467707347103,0.392290081511431,1.03548573805452,1.03142050599471,1.007061241355,0.973694088798374,0.973117957219131,0.97415233095575,0.967617755623893,0.968558366174912,1.02868044563543,0.979948282960946,0.976886875804975,0.959202366449195,0.978372802987895,0.979139209990319,0.987266385410333,1.00549715077793,1.00886348737147,1.00680699543894,1.00600869193422,1.00401301762199,1.01150954760374,1.03587093665437,1.03446997974268,1.01373515174469,1.03645783863881,1.0315247429207,1.0149005839675,1.0338078825176,1.03532174173726,1.05776923504709,0.997297233889109,0.997580835782546,1.01108252606538,1.03033731647178,1.06079452385553,1.07345506730696,1.0348789961467,1.04043293685665,1.03257766090149,1.00023893209233,1.00077554901923,1.00045856248684,1.00062282533441,1.00101980703894,1.00051229959934,1.00053474382972,1.00026635631794,1.00059222360261,0.999400889935092
14.9678056424516,7.99882664035082,0.394026064616904,1.0352538631119,1.03108693578622,1.00666272330534,0.973196191638462,0.972554568286987,0.973571882361396,0.967066623230134,0.968024181553502,1.02841872832003,0.979414498806174,0.976335643187279,0.958674759624475,0.977848295983556,0.978635040617972,0.986796368461145,1.00503398137723,1.00842799921826,1.00638465542869,1.00550317398175,1.00343055017838,1.01108327079688,1.03549548228402,1.0341051729279,1.0132788231955,1.0362775812102,1.03116084025445,1.01450829775382,1.03335927710858,1.03486071847998,1.05754989298222,0.996558332027702,0.997108377799234,1.01066450696986,1.02966562292264,1.06047321350172,1.07322827992758,1.0347430318373,1.03998039715195,1.03252192756068,1.00028360903411,1.00087374120628,1.00059504767046,1.00076938198185,1.00120956214856,1.00068600048721,1.00070147094036,1.00033046350949,1.00074309836039,0.999270276014789
14.9847145813231,8.01562613864268,0.396085637092756,1.03495201548507,1.03066063215392,1.00615883153479,0.972577828364931,0.97186237867021,0.972860042148941,0.966388121436366,0.96736492613714,1.028083291322,0.978750287163028,0.975652824260459,0.958019944709675,0.977196044337071,0.97800686545508,0.986205340203928,1.00444933239985,1.00787688681657,1.00585030289456,1.00487595622085,1.00272105709039,1.01053637632444,1.03500539058481,1.03362849145522,1.01269989815905,1.03603644597358,1.03069440904727,1.0140084383991,1.03278815294776,1.03427355952054,1.05726997055233,0.995684652781972,0.996505624526093,1.0101386404881,1.02885974275236,1.0600500163635,1.07291910312064,1.03455497432333,1.03940277627126,1.03244522775507,1.00032605981563,1.00095114104367,1.00072252161699,1.00090797615586,1.00138134933498,1.00085359862749,1.00086086840273,1.00039206314233,1.00088436522019,0.999146822857741
15.0016235201946,8.03477048012811,0.398488921880718,1.0345786213989,1.03014177542618,1.00555164067934,0.971845542843788,0.971050423091748,0.972027323624848,0.965590950399268,0.966588702086751,1.02767547064154,0.977963000468036,0.974847208725822,0.957245167230875,0.976421977033078,0.977260502783591,0.985496909976501,1.00374605052274,1.00721226283335,1.00520579833451,1.00413200651478,1.00189074457635,1.00987270810423,1.03440699645367,1.03304445576673,1.01200130555624,1.03573291792243,1.03012656003871,1.01340272848184,1.0320974525795,1.03356463040768,1.05692964501743,0.994694652820745,0.995779621262537,1.00950874157784,1.0279272464654,1.05953014093759,1.07253019688112,1.03431363987832,1.03870506474498,1.03234672332027,1.00036628919082,1.00100729565055,1.00083856675063,1.00103736156304,1.00153402409012,1.00101258720028,1.00101086728726,1.00045072460504,1.00101439120858,0.99903173838333
15.0185324590661,8.05593713756285,0.40127845884678,1.03412660724174,1.02952763674572,1.00483991443724,0.970999759144738,0.970119545482872,0.971074679882534,0.964674824196597,0.965694455234109,1.02718819512054,0.97705469378277,0.973920306905181,0.956352329430593,0.975528475557338,0.976397404236793,0.98467263280499,1.00292595214353,1.00643490582006,1.00445115078809,1.00327451156789,1.00094476948455,1.00909358670292,1.03370035339808,1.03235363578296,1.01118482832205,1.03536298239409,1.02945742580047,1.01269145140993,1.03129049225489,1.03273758605518,1.05652715706654,0.993595088218952,0.994933186093014,1.00877752585301,1.02687559391353,1.05891414645511,1.07206132646077,1.03401540824724,1.03789192216915,1.03222238818124,1.00040424193525,1.0010423374036,1.00094098206522,1.00115631792806,1.00166678620156,1.00116052233786,1.00114949176853,1.00050595780168,1.0011317376588,0.998926133290918
15.0354413979376,8.07873240361428,0.404520955644798,1.03359093151775,1.02881591603648,1.00402280241846,0.970042263166971,0.969072762882006,0.970005619958533,0.963641967377155,0.964683711701138,1.02661757363077,0.976028964066604,0.972875641293698,0.955344765408648,0.974518896514712,0.975419916523223,0.983733986538008,1.00199041556426,1.00554527212132,1.00358622061942,1.00230604743834,0.999887518509486,1.00820019766661,1.03288588376589,1.03155652083937,1.01025180621484,1.03492246119648,1.0286868488869,1.01187465158482,1.03037048868212,1.03179632037169,1.05606111406447,0.992395326644199,0.993971024018759,1.00794692619998,1.02571142565872,1.05820267123133,1.07151148386359,1.03365669671104,1.03696841837315,1.03206948421486,1.00043979639263,1.00105699293884,1.00102786621714,1.00126367200616,1.00177917513564,1.00129510339844,1.00127490361444,1.0005572211162,1.00123518978917,0.998831010246071
15.052350336809,8.10281445994663,0.408185102067665,1.03297308789838,1.02801134126697,1.00310758057049,0.968985299069419,0.967924924354088,0.968836417180049,0.96250681864996,0.963570255306794,1.02596830698677,0.974899533487348,0.971728195964879,0.954235893329903,0.973405457367057,0.974339896123973,0.982690354362985,1.00094798308048,1.00455103152628,1.00261834427091,1.00123642092565,0.998729428046719,1.00720254756834,1.03197665339015,1.03066388645218,1.00921103865153,1.03441340336649,1.02782089518423,1.01095925076889,1.02934560353371,1.03075053374876,1.05553450515377,0.991118973280532,0.992907157497441,1.0070250744664,1.02444577754429,1.0574070146098,1.07088838202955,1.03323910415346,1.03594457598011,1.03188814791277,1.00047275542826,1.00105250089813,1.00109765611243,1.00135831200078,1.00187103270843,1.00141422092624,1.00138543639323,1.0006039269514,1.0013237615936,0.998747252157296
15.0692592756805,8.12774641851128,0.412399314017831,1.03226185956229,1.02710748761692,1.00208848734627,0.967822767981072,0.966669126951063,0.967559318548326,0.961260999021199,0.962344887992111,1.0252274745942,0.97366306942896,0.970472538034984,0.953022038569025,0.972186333697304,0.973153500486931,0.981539170468746,0.99979700204532,1.00344945472617,1.00154375483236,1.00006454797904,0.997472050620253,1.00609678831615,1.03096320918154,1.02966927241289,1.00806064414701,1.03382773062421,1.02685691119228,1.00994216415488,1.0282182339968,1.02960213896977,1.05494328577733,0.989761558413235,0.991740717254505,1.00601103168883,1.02308340050813,1.056519932133,1.0701852584622,1.03275560799953,1.03482408229763,1.03167225208175,1.00050283866237,1.00103055404663,1.00114918527731,1.00143920909388,1.00194248550838,1.00151601475465,1.00147962181728,1.00064545289914,1.00139671255737,0.998675614625147
15.086168214552,8.15317738370721,0.41712141834994,1.03146094481693,1.02611112022157,1.00097477848591,0.966568601130273,0.965321787960543,0.966191992883419,0.959920640008449,0.961023172577596,1.02440200965354,0.972335327714068,0.969125435119478,0.951718510948274,0.97087585704839,0.971874474236856,0.980291769283271,0.998548035630197,1.00225026772597,1.00037185149818,0.998801540075158,0.996126822818004,1.00489485527946,1.02986001159019,1.02858507913604,1.00681147329224,1.03316895612424,1.02580289995254,1.00883225735699,1.02699864899163,1.02836279832075,1.05429176750617,0.988346215946164,0.990488292584844,1.00491409852368,1.0216360483084,1.05555408566865,1.06941097639087,1.03220901797268,1.03361883485259,1.03142288760431,1.00052968944254,1.00099323301403,1.00118172346653,1.00150544442704,1.00199391087408,1.00159892688961,1.00155622255354,1.00068116202938,1.00145355149998,0.998616718930385
15.1030771534235,8.17874142218023,0.422371643260903,1.03057185987059,1.0250263947263,0.999772094530258,0.965230923748661,0.9638923043235,0.964744194033526,0.958494790740899,0.959613740415325,1.02349507123025,0.970926519234116,0.967696953529882,0.950335071223618,0.969483923962325,0.970511550331323,0.978955654140293,0.997208409702062,1.00096012509372,0.999108882203775,0.997454305886925,0.994701451431385,1.00360384307465,1.02867287108388,1.02741721125355,1.00547091973843,1.03243807132898,1.02466440144734,1.00763544816134,1.02569530904221,1.02704135571005,1.05358264851658,0.986884565177679,0.989161354807805,1.00373997472799,1.02011241660091,1.05451464608804,1.06856859416845,1.03159995020224,1.03233813884542,1.03114003693758,1.00055287740572,1.00094286494465,1.00119496574943,1.0015562197064,1.00202587933958,1.00166170903052,1.0016142414948,1.00071041377217,1.00149401339447,0.998571045374929
15.119986092295,8.20410829055345,0.428120163825568,1.02959865887715,1.02386051881009,0.998489477963313,0.963821517047104,0.96239381618475,0.963229510216772,0.956996238755284,0.958128940115913,1.02251236098658,0.969450543901641,0.966200981632483,0.94888509866075,0.968023903236354,0.969077091224685,0.977541925700505,0.995788969321847,0.999589129637704,0.997764536283409,0.996033352310355,0.993206831759877,1.00223490078755,1.02741285282491,1.02617617466365,1.00405001903028,1.03163885687462,1.02345002027168,1.00636093442826,1.02431939613952,1.02564962276802,1.05282056421428,0.985392276260981,0.987775173911266,1.00249764363922,1.01852387140341,1.0534116919734,1.067665388285,1.03093139699816,1.03099403103628,1.03082466440952,1.00057191337468,1.00088194503065,1.00118904770307,1.00159088416032,1.00203912155613,1.00170346037325,1.00165294347431,1.00073258818275,1.00151805495837,0.998538930633807
15.1368950311665,8.22897643636357,0.434340153809902,1.0285477762701,1.02262225306599,0.997137142288142,0.962352779057116,0.960839922954139,0.96166181761276,0.955438511760012,0.956582062001244,1.02146177836962,0.967921709935275,0.964651756388808,0.947382383002541,0.966509693180733,0.96758401151549,0.976062284845571,0.994301191533477,0.998148255196159,0.996349528622577,0.994549015649439,0.991653389365063,1.00079945900964,1.02609043895917,1.02487225168304,1.00256038964511,1.03077636785268,1.02216923210469,1.00501875179518,1.02288253966612,1.02419950997969,1.05201116196516,0.983882850795086,0.986345127760541,1.0011958789987,1.01688099091886,1.05225446922306,1.06670810781553,1.03020740370105,1.02959831569696,1.03047879512164,1.00058626332228,1.00081303278213,1.00116453108711,1.00160895318142,1.00203448371232,1.00172364002382,1.00167186609437,1.00074710810157,1.00152583529099,0.998520566222183
15.1585217037581,8.25961332238705,0.442889006341027,1.02710555362752,1.02095149829643,0.99532670726614,0.960411676687737,0.958797348972611,0.959605401128829,0.953385581267926,0.954538525957006,1.02003606289167,0.965916113515643,0.962619347373613,0.945409453376336,0.964520215464379,0.965613692257182,0.974096928848129,0.992321626778965,0.996225623360237,0.994458445544942,0.99257897555735,0.989601359116494,0.998889588030333,1.02432986847733,1.0231341201774,1.00057819266369,1.02959304815936,1.02045361004677,1.00322384132878,1.02097829733442,1.02228246251998,1.05091891848736,0.981950871262593,0.98448064746893,0.999462335030603,1.01472096731859,1.05071484724263,1.06542006023284,1.02921048183859,1.02776021728169,1.02999716188089,1.0005968666617,1.00071742406644,1.00110776049889,1.00160743146765,1.00200403635078,1.00171781612592,1.00166701213045,1.00075370171507,1.00151269578551,0.998517163723879
15.1801483763497,8.28857125637654,0.451965655319994,1.02557565807684,1.01920828804722,0.993452894936881,0.95843014019892,0.956724331862146,0.957522964937331,0.951296647329653,0.952454046255628,1.01854232393309,0.963886411301941,0.960562012067192,0.943410668336137,0.962503090427412,0.963605771025583,0.972078683533887,0.990284609269395,0.994241634128232,0.992504153347774,0.990553678304784,0.987500061043538,0.996925278920113,1.02251847955081,1.02134327114781,0.998538596913379,1.02833731050931,1.01867573273605,1.00136714736613,1.01902602380222,1.02032201034791,1.04977890553251,0.980042468272755,0.982609205127616,0.997673535676102,1.01251755986884,1.04913187727795,1.06407951509675,1.02814838171177,1.02588769024685,1.02947958781703,1.00059773925525,1.00061780690878,1.00102509936454,1.00157817721337,1.00194786449992,1.00167700625732,1.00162986348226,1.0007461208425,1.00147463914246,0.998536058012343
15.2063456064773,8.3208503076741,0.463388228432456,1.02364931262712,1.01704686111656,0.991148167366299,0.956028014849808,0.954226676872515,0.955019638498318,0.948773447245163,0.949930057796301,1.01668643696516,0.96145099120662,0.958091833874219,0.941008865588342,0.960077473857095,0.961176621396896,0.969615246857495,0.987792229703652,0.9918075729514,0.990103425091226,0.988072613557113,0.984932947795862,0.994524476974715,1.02030420506434,1.01915086179124,0.99604369692984,1.02675363778309,1.0164843776702,0.999083166336055,1.01664491539733,1.01793684520548,1.04836467958841,0.977802387396791,0.980388825625647,0.99547346666973,1.00983277859734,1.04719900210928,1.0624205789371,1.02680333051598,1.02361825202059,1.02882082739118,1.00058420528034,1.00049812387275,1.00089580543274,1.00150629338382,1.00184832334299,1.00158291540974,1.00154322030659,1.00071720843455,1.00139731700281,0.998587865648253
15.2380822694017,8.35541051502313,0.477270647614646,1.02129553545932,1.01444422686647,0.988396779978304,0.953207562477787,0.951314583055792,0.952108193095647,0.945824239343828,0.946972432825459,1.01445428865484,0.958628418149757,0.955225691961093,0.938219568559919,0.957258199540082,0.958331578960247,0.966696792565267,0.984829849712523,0.988906904861405,0.987239624813394,0.985108643537854,0.981868096030956,0.991677242528087,1.01767965141036,1.01654720041976,0.993080077055652,1.02481135618015,1.01385725718281,0.996352050060428,1.0138188011325,1.01511265439636,1.04666010346431,0.97525590401478,0.977856280734833,0.992832503993398,1.00662830059193,1.04491120594164,1.06042544721584,1.02514504757393,1.02094040719344,1.02800868706018,1.00054441497435,1.00036250996939,1.00070696859005,1.00136849920013,1.00168603180651,1.00140931351114,1.00138174426228,1.00065309682618,1.00126202906246,0.998690532467203
15.2698189323261,8.38468906115804,0.490495971899454,1.01903553013238,1.01197147139221,0.985803297963941,0.950594905980718,0.948637239643458,0.949437884300274,0.943107583587974,0.944241989405355,1.01234730462186,0.956053176656795,0.952606329760171,0.935668077739546,0.954677091189433,0.955703189480674,0.963962205318949,0.982042241480752,0.986172180238004,0.984539124646039,0.982289770906705,0.978945828082769,0.98900633095767,1.01521931085097,1.0141013063952,0.990293842447128,1.0229318871197,1.01136256641244,0.993766683191893,1.01115505711056,1.01245519293979,1.04503827755033,0.972959932859564,0.975592610427809,0.990306923255893,1.00356341432208,1.04276949705563,1.05852368225167,1.02353003431965,1.01842613867488,1.02722460687625,1.00047759983854,1.00024313940415,1.00049627333059,1.00118022224936,1.00148287713935,1.00117958421226,1.00116579429645,1.00055829315977,1.00108662077258,0.998832850214604
15.2952070495836,8.40434455550513,0.500059548546096,1.01738087414097,1.01016781530803,0.983922728864718,0.948730082995095,0.946739447849326,0.947548748633715,0.941180198588933,0.94230198959228,1.01082867820126,0.954242339161799,0.950761038915585,0.933869024293942,0.952855626095574,0.953831512528518,0.961985667443222,0.980017710165489,0.98418433319046,0.98257764628742,0.980211310502296,0.976778501092096,0.987074274099404,1.01344236222787,1.01233072736925,0.98827272289143,1.02153900847451,1.00953497499916,0.991879163959262,1.0092092407096,1.01051507696717,1.04385303400964,0.971347638528985,0.97403544859006,0.988434498432334,1.00127526671149,1.04122470078354,1.05712756816866,1.02232458674382,1.01659057130172,1.02664972619207,1.00040451631194,1.00016112693605,1.00032148045679,1.00099790947439,1.00129394223743,1.00096300141696,1.00096019626516,1.00046208403919,1.00092145185948,0.99897172601013
15.3271302399323,8.42412961282475,0.510098779648375,1.0155992235445,1.008224094562,0.981905841802721,0.946762205005145,0.944750917924825,0.945572383967004,0.939160092683731,0.940266469782792,1.00921882528465,0.952364543831763,0.948842182270641,0.931996997301555,0.950959165407431,0.951861711222541,0.959868243090042,0.97783596640745,0.982042055687867,0.980467484282974,0.977920852715434,0.974366764876265,0.985002823744972,1.01153919933112,1.01043034474713,0.986098160812966,1.02001350395167,1.00754659465451,0.989834133085819,1.00709084643378,1.0084016467897,1.04257340097316,0.969656356132895,0.972465530586832,0.98635873900389,0.998702356880724,1.03957336706501,1.05560285452691,1.02099324479977,1.01458751405234,1.02603158962779,1.00028946101364,1.00007375171163,1.00010615656464,1.00073689111655,1.00102672569164,1.00066142252652,1.00067089747339,1.00031951855159,1.00068826448412,0.999172075400139
15.3590534302809,8.43894465407475,0.517267375992144,1.01425217829115,1.00673549788248,0.980367263587105,0.945294074553102,0.943282294318858,0.944115197649793,0.937670394142679,0.938764962050093,1.00802717359095,0.950997816411118,0.947440267128844,0.930627538762871,0.94956999494303,0.950396329140559,0.95824792787273,0.976149404156846,0.980388834250299,0.978846246991459,0.976077898676124,0.972389029949087,0.983416785686677,1.01008920777332,1.00897564240606,0.984422028027934,1.01881915230541,1.00598744337277,0.988241932375462,1.00541414552257,1.00672439211369,1.04158896708035,0.968384463370076,0.971370030764016,0.984673026628229,0.996549738483599,1.038317806615,1.05440586526313,1.01993513072165,1.01298636082579,1.0255673413825,1.0001520027493,0.999999532723967,0.999905985493349,1.00044958723918,1.00072979974054,1.00033971096387,1.00035873899127,1.00015831630561,1.00043241762524,0.999394547906042
15.4025162236692,8.45025786423996,0.521816229341121,1.01325545030027,1.00557358803819,0.979166368661653,0.944199367376018,0.942212791050638,0.943055943521092,0.936593412008461,0.937681459094857,1.00718180025612,0.950035263970821,0.946443408854999,0.929651152063167,0.948577020566277,0.949308278859196,0.956958253139912,0.974773801506587,0.979052048486837,0.977553008845449,0.974425504880026,0.97054460211182,0.9821458375372,1.00892759993704,1.0078019735508,0.983062890598441,1.01784174900188,1.00468544309072,0.98693085062849,1.00397599265244,1.00527330789004,1.04081465788534,0.967390101820262,0.970677425581427,0.98313236410232,0.994463370763075,1.03731357453504,1.05337372371879,1.01903855417381,1.01157649835785,1.02523170663859,0.999940111864675,0.999906566902026,0.999672815176094,1.00003693746204,1.0002857832767,0.999895361343615,0.999922087079616,0.999922574364059,1.00006016880328,0.999718239475972
15.4459790170575,8.45238019624516,0.519433296637231,1.01331446869714,1.00550008950792,0.979085468787562,0.944215344994165,0.942276119705975,0.943121507450683,0.936675713952241,0.937770426213412,1.00729682340723,0.950147442677433,0.946543773165747,0.929743278645627,0.948664225550048,0.94932959996217,0.956820580054995,0.974565977277717,0.978871306690413,0.977411638851865,0.973902808341544,0.969834879883975,0.982002017806513,1.00881413288065,1.00766530232835,0.982873368659813,1.01769720507785,1.00443102884395,0.986709158495202,1.0036134579449,1.0048843326508,1.04075066408319,0.967302154674222,0.970898856247983,0.982596063868696,0.993523147589192,1.03722211247835,1.05314095104968,1.01884405266539,1.01114679022281,1.0252689798382,0.999716271097364,0.99980678542955,0.999493020553279,0.999622378233981,0.999806739222776,0.999470279402455,0.999499024518231,0.999684905671913,0.999674698133385,1.00004834133917
15.5035076966728,8.43673984702944,0.507715802457624,1.01494046823781,1.00702014044154,0.980631772174456,0.945851279921771,0.944005944443292,0.944842379220493,0.938467721309244,0.939589721242667,1.0088365912348,0.951824736153219,0.948247218310299,0.931393570549565,0.95032401139861,0.950959552961992,0.958323168169802,0.97600773148269,0.980342778618369,0.97892771643295,0.974930374010257,0.97067989189249,0.983427832472716,1.0101176218452,1.00893422095419,0.984330192064988,1.01875467660129,1.00569103342933,0.98805351856523,1.00481681570692,1.00603909475576,1.04172937885359,0.968571260738771,0.972431480229226,0.98340845712536,0.994148189388,1.03834001549364,1.05392398438384,1.01965233976009,1.01214069350499,1.02585890145327,0.99944027742149,0.999640674555493,0.999333906273616,0.99911538230003,0.99915196122932,0.99898349562778,0.999009310861363,0.999401322888469,0.99917729623578,1.00045952517853
15.545532187329,8.41272631677416,0.49271258931661,1.01706216617592,1.00916051362895,0.982832568576893,0.948087461022903,0.94632576709881,0.947150951261607,0.940847254278482,0.941995035328252,1.01079842374764,0.95402532721443,0.950495798815088,0.933577055439255,0.952525528018077,0.953187813943632,0.960557741406768,0.978242304255273,0.982570888246143,0.981164487683887,0.976964852276653,0.972676716970308,0.985590675167113,1.01210899486249,1.01089536040033,0.98657076852337,1.02032586552752,1.00769430964387,0.990143400856652,1.00687929179444,1.00807058933977,1.04312008453156,0.970456574847926,0.974322892989197,0.985164841418859,0.996104736755091,1.04007227638339,1.05533444036729,1.02093036192019,1.01399974064307,1.02660934150276,0.99927645402046,0.999490326599813,0.999263878291806,0.998798421608922,0.998684376657037,0.998704356117355,0.998726498817162,0.999235005849288,0.998844957440296,1.00072082827886
15.5767198549704,8.38544465846395,0.480507869958924,1.01899499749465,1.01117327049992,0.984908451813464,0.95017994125048,0.948493138112545,0.949310454235465,0.943062422553009,0.944229134666226,1.0125792744742,0.956061068721369,0.952582948293476,0.935602866379688,0.954567232963343,0.95526869422128,0.962676366376384,0.980375421119264,0.984697758960958,0.983289886787063,0.978991319734502,0.974728185624983,0.987625099111965,1.01395750900911,1.0127206570232,0.988699852590866,1.02181549918854,1.00964560957938,0.992160318861823,1.00894082338435,1.01011488877705,1.0444338567179,0.972307997048515,0.976032484929918,0.98691570533445,0.998184886485949,1.04165672169203,1.05664498850754,1.02216220042796,1.01589750858327,1.027283793517,0.999186946300283,0.999366558657666,0.99922867088428,0.998603614191865,0.998361270349934,0.998547837698007,0.998567663099881,0.999142451311823,0.998628729510269,1.00088282365831
15.6079075226119,8.35180788145077,0.466607545635952,1.02110983164589,1.01343768050789,0.987262644674131,0.952548539377296,0.950943550540355,0.951755726467828,0.945556691243898,0.946738210529105,1.01453247808407,0.958355484117437,0.954938181513615,0.937889170960591,0.956872080660017,0.95762798050892,0.965122413592249,0.982863366114198,0.987156157134162,0.985726676103868,0.981483699037773,0.977329770858546,0.989992527507643,1.01611752212482,1.0148592472432,0.991180756269934,1.02349458471646,1.0119184512392,0.994501314503129,1.01140224847764,1.01257407075731,1.04591248066967,0.974488737948552,0.977939375864344,0.989104861994929,1.00092666900865,1.04352858774881,1.05823769946409,1.02356202908056,1.01821794870855,1.02801343859057,0.999130158819815,0.999240262052419,0.999201546866388,0.998449880302988,0.998074022322676,0.998438246124231,0.998456592844903,0.999080074737044,0.998448788848561,1.00101138468644
15.6390951902534,8.310406595545,0.453602497075767,1.02329147110825,1.01583471802375,0.989768820377417,0.955076870377762,0.953565050965927,0.954376870991311,0.948216342582087,0.949406903757308,1.01655741374961,0.960803569033558,0.95745478954127,0.940330193021513,0.959330965065382,0.960146256603215,0.967742386587837,0.985533841864622,0.989793227285895,0.988332941192143,0.984204515215467,0.980203752430173,0.992515088795851,1.01840521616533,1.01712354280632,0.993837269118738,1.02526423913118,1.01437857599976,0.997024908102621,1.0141143599743,1.01529574085478,1.04748042263103,0.976911586021535,0.979964550352486,0.991482206838318,1.00398205045811,1.04549142087865,1.05991126311042,1.02504695500484,1.02080425271761,1.02875652861519,0.999107969430183,0.999120920594433,0.999178456061422,0.998341078375349,0.997836271035094,0.998376446549694,0.998394167902724,0.999049132079713,0.998313613847177,1.00110235024197
15.6702828578949,8.26346732392884,0.440602239634849,1.02543619118099,1.01826561248989,0.992335189358104,0.957678186400206,0.956265643573796,0.957082772813874,0.950944229509259,0.952135485761369,1.01856290063919,0.96332908320408,0.960050984881567,0.942848217413018,0.961867580321525,0.96274407977584,0.970470730620045,0.988332806165585,0.992536191919608,0.991025922705186,0.987161432060315,0.983394151765176,0.995153703970111,1.02080080915966,1.01949991094926,0.996619611475945,1.02704833512694,1.0169470746796,0.999655011630786,1.01700929576479,1.01821864997424,1.04907046953078,0.9795001385968,0.982057397702666,0.994092534209729,1.00746398566967,1.04756238896776,1.06170706454311,1.02655180607272,1.02361896934094,1.029475556413,0.999119923872649,0.999019367945074,0.999157373985031,0.998280350587761,0.997661786163771,0.998362103842205,0.998379748598913,0.999049303249938,0.998231156057166,1.00115272338478
15.7014705255364,8.2115760065986,0.429477421317697,1.02745369259409,1.02062617031989,0.994849458068557,0.960247301509342,0.958940968576306,0.959769866456117,0.953635397300701,0.954818656888593,1.02046693217187,0.96583745118308,0.962629250305877,0.94534742278179,0.964383860681698,0.965314899149274,0.973172363227218,0.991108400353632,0.995248170281767,0.993678760463875,0.990136583752816,0.986633298750568,0.997759638416729,1.02316147051657,1.02184025799412,0.999374736839557,1.02876314711408,1.01949571399618,1.0022605212996,1.0199319600783,1.02118244071573,1.05061602567217,0.982151997884092,0.984151217999521,0.996710116237979,1.01102086564693,1.04959265326916,1.06347192876493,1.02800581988245,1.02649258051778,1.0301391902199,0.999163208385299,0.998946407641226,0.999138604680868,0.998269355734321,0.997562499388897,0.998393370564903,0.998410969521596,0.999078713052928,0.998207686533187,1.00116079283215
15.7255078953583,8.16987283421295,0.421745318630851,1.02887870578591,1.02234926186724,0.996704050626427,0.962158846790728,0.960935536197323,0.961777515857305,0.955632848601309,0.956803609314601,1.02182476817138,0.967717761532426,0.964559485905881,0.947218613167966,0.966268227048827,0.967234669126429,0.975196592205155,0.993195299649778,0.997274008963126,0.995649950186225,0.992426300494629,0.989160256001628,0.999716140122375,1.02493379396931,1.02360025046051,1.00144525643464,1.03000232518565,1.02139941247215,1.00420655708979,1.02215387765879,1.02344600122582,1.05174418401904,0.984185156358491,0.985738867407366,0.99873687989813,1.01384121448948,1.05112389344753,1.06481686055637,1.02906151500813,1.0287090672853,1.03059822620309,0.999215267191169,0.998915647877782,0.999127260604969,0.998295388625332,0.99754348239604,0.998446985113088,0.998464165381668,0.999119577421067,0.998232666266093,1.00113784817709
15.7495452651803,8.12789168967883,0.415340036069489,1.03016481388412,1.02394989170716,0.998442194215896,0.963967758249058,0.962827713628564,0.963686019731281,0.957520814817415,0.958674435984454,1.02306221194711,0.96951186424681,0.966398910963935,0.949001432936989,0.968063294442282,0.969056792568305,0.977114561352685,0.995173459391626,0.99918722003417,0.997505762264467,0.994618410695231,0.991592876894539,1.00156782956819,1.02661126910903,1.02526544225983,1.00340669367315,1.03114089223186,1.02319498782406,1.00604305062363,1.02427477345709,1.02561333844459,1.05279264634634,0.986155520180605,0.987274528182846,1.00067518940053,1.01656713795353,1.05257069142683,1.06609168490668,1.03003581128589,1.0308419883077,1.0310039696347,0.999280488845886,0.998911121488881,0.99912096662445,0.99835127082404,0.997578110433397,0.99852439139869,0.99854051962222,0.999174256333561,0.998296182901726,1.00108991605826
15.7811317095604,8.07488794375538,0.408560452651017,1.03161947134987,1.02582740857442,1.0005057520155,0.966142938996662,0.965108305973222,0.965991540487885,0.959785732715903,0.960910964660234,1.02447966823261,0.971695081804364,0.968631609250526,0.951166023163433,0.97024356218104,0.971258587062786,0.979428554843948,0.997562637213085,1.00148323192091,0.999722929549485,0.997306892164127,0.994601207970687,1.0038027752183,1.0286369176028,1.02727827457401,1.00577512475806,1.03245939725684,1.02533948060158,1.00824091058412,1.02684170577339,1.02824565313985,1.05402258216437,0.988581260555499,0.989181988832681,1.00306084220098,1.0199696082184,1.05432217599138,1.06764693231516,1.03117081920107,1.03345138513899,1.03145019980076,0.999380809577414,0.998948495166348,0.999125232095034,0.998468738493529,0.99770717015678,0.998658708540139,0.998672136195664,0.999263531972129,0.99843722887189,1.00099070434808
15.8127181539405,8.02722084241951,0.403679436565602,1.03280052975148,1.02741889273847,1.00228150702197,0.96804760740515,0.967110825306391,0.96802120146638,0.961763882316942,0.962856493950573,1.02565068573571,0.973638186093589,0.97061140263157,0.953086346353627,0.972178862329266,0.973198918202926,0.981457170351462,0.999655957256438,1.0034803310475,1.0016429140776,0.999692124738478,0.997285861331752,1.00576078437849,1.03041435178511,1.02904531752183,1.00785003184662,1.03356088945445,1.02718706405434,1.01014238503374,1.02907748768246,1.03054549943655,1.05506540867746,0.990753021212107,0.990928677004679,1.00518280066024,1.02302365695391,1.05586152958929,1.06902395855012,1.03212692875884,1.03574550767041,1.03179980400241,0.999491471656034,0.999035697413289,0.999149808079071,0.998633538446316,0.997929087117941,0.998825641024302,0.998834722014705,0.999368412441343,0.998639486481936,1.00085346163977
15.835741485774,7.99765931480082,0.401111643353838,1.03349362222457,1.02838941119898,1.00338100698165,0.969248304914945,0.96837602342432,0.969306278384217,0.96300782123815,0.964075693015124,1.02635130168958,0.974884047450748,0.971875387749525,0.954313346213664,0.973416524122963,0.974430443232036,0.982736159818882,1.0009738308016,1.00472816094244,1.00283802325497,1.00120932112723,0.99900036756326,1.00699428099885,1.03153616011637,1.03016169108436,1.00915655710402,1.03422572429835,1.02832583668558,1.01132143851547,1.03046249255647,1.03197279191338,1.05570124508626,0.992141632465543,0.992082191433389,1.00653831356575,1.02498339336792,1.05683593931337,1.06990306621672,1.03270920635198,1.03717605870484,1.03199842649973,0.999574952698525,0.999129234120084,0.999184212916159,0.998781160388965,0.998145738410312,0.998964972044406,0.998969883965657,0.99945214394328,0.998821304394863,1.00073193412748
15.8587648176076,7.97385259917095,0.399246545199592,1.03405231058874,1.02919636149015,1.00430859195693,0.970279259887204,0.969464196810504,0.970413388628732,0.964073727251908,0.965117604961149,1.02692807087461,0.975971505165823,0.972973866130997,0.955380663130985,0.974494147647549,0.975494866329253,0.983832592234686,1.00210070584776,1.00578759410941,1.00384999157833,1.00251490743604,1.00047717801968,1.00805056341556,1.03249945531194,1.0311210681275,1.01027422828725,1.0347761182637,1.02927583610894,1.01231279922029,1.03161511808645,1.03316093505648,1.05622982461557,0.993341399250361,0.993118244619714,1.00770990006945,1.0266740699663,1.05767491612499,1.07066633402641,1.03319589207688,1.03836955056765,1.03215467594361,0.999658021199612,0.999245080113583,0.999235192095079,0.998949333165524,0.998403353892625,0.999116615696034,0.999116699843012,0.999539976605634,0.999027091060197,1.00059485659972
15.8763009946554,7.96015166349803,0.398202692783556,1.03439332964805,1.02970198865187,1.00489881967851,0.970947503429357,0.970170523387334,0.971132963371923,0.964763383286054,0.965790239415485,1.02728896111498,0.976688446173022,0.973694649155273,0.956081796085798,0.975202885519017,0.976189600464638,0.984541448708543,1.002826792275,1.00646508062033,1.00449575151773,1.00336041773701,1.00143304226256,1.00873254085642,1.03312337970397,1.03174314030302,1.01099485082529,1.03512157821524,1.02986979126255,1.01293897549323,1.0323291563123,1.03389619368416,1.05656088091295,0.994119869199232,0.993821438051265,1.00847301067698,1.027768793253,1.05822020134388,1.0711671640158,1.033504716775,1.03910863754676,1.03224855806005,0.999719853979637,0.999346087759958,0.999286109095658,0.999089581697739,0.998623440495164,0.999239048372034,0.999235162472865,0.999608691401936,0.999196808343925,1.00048148942697
15.8938371717032,7.95067887097877,0.397397409072961,1.03466790900713,1.03011597395919,1.00538993965803,0.971514939087092,0.970771375795454,0.971746104698238,0.965348869270672,0.966360462507436,1.02758888322927,0.977307286634323,0.97431437254184,0.956684817796699,0.975812585035169,0.97678306062384,0.985139797133406,1.00343678165432,1.00702987237302,1.00503350459897,1.00407331732856,1.00223643129137,1.00930785681968,1.03365365984201,1.03227149135989,1.01160089619954,1.03540726960339,1.03035105762348,1.01345315519189,1.03289681012317,1.03447953588134,1.05683176026135,0.99477876694097,0.994446037244471,1.00912080682414,1.02868704556237,1.05868517675826,1.07159827566682,1.03376329613815,1.03969400236738,1.03232438652825,0.999779635576796,0.999455814362152,0.999347947210113,0.999238715337643,0.998860446416341,0.999366305041488,0.9993583597106,0.999678239260544,0.999374713331907,1.00036176345802
15.9113733487509,7.94563729909761,0.396826417316444,1.03487480687209,1.03043596633141,1.00577800430671,0.971973725128372,0.971257183859315,0.972241897364226,0.965820639003337,0.966819050401099,1.0278237357401,0.977818905880907,0.9748227934647,0.957181041022126,0.976315902230505,0.97726795523259,0.985622639760132,1.00392652333395,1.00747833110483,1.00545972220034,1.00464771654769,1.00288138846694,1.00977080825644,1.03408088975274,1.03269903908994,1.01208803110074,1.03563237631011,1.03071699463997,1.0138520249164,1.0333143497586,1.03490555880456,1.05704096249147,0.995305231686429,0.99498084286008,1.00964829755974,1.0294226900947,1.05906212543353,1.07195388319376,1.03397058669005,1.04011974723293,1.03238155115655,0.999836844167345,0.999571977274313,0.999420741535665,0.999395144763878,0.999110739917833,0.99949735856734,0.999485421184902,0.999748042503814,0.999557966120653,1.00023696106715
15.9289095257987,7.94512147845461,0.396432420862501,1.03502025744777,1.03066506648744,1.00606536783923,0.97232587251806,0.971630596592824,0.97262334401788,0.966182236413799,0.967170014422947,1.02800042744365,0.97822329987671,0.97522115850575,0.95757080898447,0.976712231271856,0.97764483217249,0.985990175625979,1.00429592098284,1.00781112490227,1.00577565403264,1.00508302790308,1.00336613132161,1.01012233222972,1.03440823109169,1.03302758524809,1.01245626417115,1.03580037325767,1.03096889914513,1.01413679338512,1.03358132604525,1.03517417390904,1.05719053798294,0.995701516145562,0.995423411138634,1.01005481850891,1.02997255185499,1.0593534883598,1.07223509945127,1.03412955033001,1.04038505993867,1.03242340728342,0.999891120672828,0.9996921709948,0.999504188685761,0.999557149368169,0.99937042864331,0.999631198539628,0.999615489381354,0.999817580597916,0.999743624120579,1.00010841892641
15.9464457028465,7.94915999258295,0.396167719147485,1.03510687863926,1.03080543274897,1.00625353495373,0.972571292761871,0.97189118804384,0.972889847506631,0.966433597932362,0.967413578185859,1.02812095791488,0.978518524971293,0.975507985776092,0.957852606884718,0.976999890762953,0.977912947718638,0.986242650114622,1.00454553350093,1.00802937649598,1.00598263874624,1.00537949271127,1.00369043948598,1.01036310784942,1.03463676720977,1.03325799784103,1.01270619895138,1.0359138299045,1.03110877620965,1.01430911473567,1.03369914929815,1.03528664179498,1.05728186179601,0.995966840555008,0.995769033352492,1.01034050173405,1.03033562778068,1.05956005201089,1.07244279267381,1.03424215027341,1.04049059873484,1.03245111132026,0.999942251674655,0.999813902309147,0.999597598647722,0.999722879037853,0.999635438913935,0.999766791665945,0.999747685241332,0.999886373448131,0.999928696581338,0.999977512144677
15.9639818798943,7.95760847587765,0.396046975022264,1.03513531459062,1.03085655505611,1.00634095886866,0.972706503782962,0.972035095332752,0.973037190716706,0.966571128223906,0.96754637683833,1.02818498165412,0.978699533232207,0.975678344354669,0.958021789921984,0.977174455599186,0.978068391185787,0.98637743345394,1.0046732854417,1.00813148268133,1.00607912669436,1.00553481806847,1.00385258544287,1.0104904542783,1.03476245444951,1.03338693596127,1.01283562224317,1.03597237968503,1.03113653704627,1.01436820433662,1.03366869151738,1.03524372125553,1.05731471994106,0.996097182797261,0.99601011133356,1.01050316216335,1.03051091788815,1.0596781516035,1.07257382490678,1.03430800196886,1.04043730485906,1.032465041659,0.999990153269006,0.999934681569223,0.999699904843269,0.999890376907175,0.999901621960337,0.999903082486126,0.999881093544644,0.999953969622338,1.00011022363326,0.999845639455871
15.9815180569421,7.97023802391499,0.396062714256027,1.03510692445309,1.03082007661072,1.00632907511768,0.972732437468101,0.972063500665733,0.973066848351832,0.966596246407473,0.967569915658819,1.02819403902662,0.97876577790836,0.975732533291303,0.958078111207353,0.977235018210118,0.978111194344938,0.98639512141867,1.00468000754061,1.00811866611242,1.0060663879311,1.00555055383574,1.00385424524449,1.01050577642045,1.03478822013987,1.0334164398028,1.01284543066733,1.03597726711414,1.03105459638974,1.01431607682638,1.03349358332066,1.03504967486782,1.05729017220334,0.99609553804318,0.996144254765193,1.01054399280209,1.03050020605967,1.0597102229841,1.07263001862482,1.03432812935806,1.04022963123741,1.03246579005435,1.00003486106285,1.00005212114469,0.99980968788538,1.00005761864423,1.0001648564754,1.00003901468379,1.00001477191567,1.0000199464914,1.00028535953179,0.999714207507653
15.9990542339899,7.98670922119578,0.396245461530952,1.03502013212696,1.03069521699618,1.00621650726956,0.972646203883611,0.971973155158993,0.972975373812385,0.966505607059342,0.967480825056281,1.0281454345506,0.978713153043128,0.975666539123004,0.958017815329144,0.977177985034872,0.978038229949549,0.986294036476532,1.00456470133537,1.00799018161943,1.00594344914847,1.00542638228132,1.00369627005405,1.01040755482567,1.03471162509788,1.03334453630506,1.01273450704794,1.03592725632883,1.03086404156869,1.01415299821985,1.03317762406244,1.03470872820923,1.0572077898649,0.995960382368661,0.996165241336453,1.01046246423443,1.03030573256629,1.05965405130738,1.07260965040455,1.03430142158819,1.03987251610576,1.0324523702174,1.00007649619878,1.00016399398294,0.999925195615551,1.00022253708247,1.00042114145819,1.0001735138048,1.00014773189858,1.00008389485433,1.00045143630281,0.999584615011632
16.0205032568402,8.01142114189308,0.396750772440224,1.0348318470024,1.03042181484064,1.00594105735895,0.972386141776137,0.971699017306126,0.972696737336801,0.966234904976188,0.967216061782597,1.02800382943641,0.978483622472893,0.97541934368027,0.957782367297719,0.976945002077451,0.977789000544631,0.986008036095505,1.00425774705904,1.00767599441325,1.00564301322235,1.00508606886163,1.00328973097495,1.01013272372744,1.03447832681173,1.03311823015607,1.01243455798846,1.03578959050021,1.03048633639737,1.01380453470015,1.03260790941324,1.03410147986839,1.05702812833273,0.995615551077512,0.996031091491523,1.01019748614499,1.02982406487328,1.05946484478785,1.0724802551449,1.03420345791117,1.03924347438471,1.03241493642481,1.00012352495112,1.00029029865427,1.00007115635126,1.00041796967915,1.00071948687438,1.00033443184635,1.00030780445266,1.00015874235276,1.0006386379779,0.999430679107777
16.0419522796906,8.04029449971103,0.397652789676747,1.03454819554508,1.03001410067053,1.00551233818401,0.971953367679434,0.971242140092389,0.972232171183109,0.965785077591284,0.966776207715966,1.02776561879318,0.978068633495204,0.974985646263051,0.957365618633567,0.976528869930349,0.977360797768049,0.985542320800731,1.00376818190667,1.00718903735355,1.00517674440768,1.00454082372045,1.00265357585907,1.00968718851671,1.03409060060922,1.03273888570516,1.01195364854288,1.03556426588191,1.02995285725109,1.01329406052666,1.03184707632878,1.03329714664782,1.05676075738072,0.99507604730251,0.995715372495568,1.00975213663887,1.02908247045271,1.05914211424822,1.07223513769431,1.03403069230828,1.03841719980153,1.0323513375759,1.00016662417087,1.000402301022,1.00021846632666,1.00060312746262,1.00099551494891,1.00048956504664,1.00046323228248,1.00022920270641,1.00080489747497,0.9992839761344
16.0578414881613,8.06378052209474,0.398638436957462,1.03427264926971,1.02962426804805,1.00509477494981,0.97151992473833,0.970784346911572,0.97176683367451,0.965334350655442,0.966335114107153,1.02752214384106,0.977639737933462,0.97454240609826,0.956938254752829,0.976100678874727,0.976926632707151,0.985081027569473,1.00328800455028,1.00671706641483,1.00472400930118,1.00400679835352,1.00203819117179,1.00924701110673,1.03370355392793,1.03235892890855,1.01148084397514,1.03533816946263,1.02945954320485,1.01281283428627,1.03116762733263,1.03258284323914,1.05650541087349,0.994553257554547,0.995361693777235,1.00930724789056,1.02837171350861,1.05881660121545,1.07197865057275,1.03385224779081,1.03768803142334,1.03228498086908,1.0001962389528,1.00047469770399,1.00032597715098,1.00073167105424,1.00118246702365,1.00059961438169,1.0005741952182,1.00027814378016,1.00091279140679,0.999181267928915
16.0775197500888,8.09453213480123,0.400313034987972,1.03385001415736,1.02903763191458,1.00445978478107,0.970850107155811,0.970076852120049,0.971048137811644,0.96463707201506,0.965651875969836,1.02713643089098,0.976965231167645,0.97384976030898,0.956269089809578,0.975428894392572,0.976251125260955,0.984373923926687,1.0025568415294,1.00600328943228,1.00403786526887,1.00319669135775,1.00111357440353,1.00857344887616,1.03310742743659,1.03177259922448,1.01075974244589,1.03498570209126,1.0287375566163,1.01209876635639,1.03020141672786,1.03157206797164,1.05612146760156,0.99376605544058,0.994781527764934,1.00862417070741,1.02731195509107,1.05831211571895,1.0715731338262,1.03356942802131,1.03666251186636,1.03217726570093,1.00023043076897,1.00055068717104,1.00045389686809,1.00087830127012,1.00138992001956,1.00072866794207,1.00070508958797,1.00033434671083,1.00102669654188,0.999062690004379
16.0971980120162,8.1263411527989,0.402566855530388,1.0333326775216,1.02833592548564,1.00369477522611,0.97003384840657,0.969214732476037,0.970173140590237,0.963785965025186,0.964816526872742,1.02665206124268,0.976133143002264,0.972999210234572,0.95544615059262,0.97460152825929,0.975424116968749,0.983518629111495,1.00167747701073,1.00514896567921,1.00321450394393,1.00222759355803,1.00001761775678,1.00775995800231,1.03238371208321,1.03105975388517,1.00989127775098,1.03455030712649,1.0278977151188,1.01125791046659,1.02910952129533,1.03043577163903,1.05566252946936,0.99283027500179,0.99404494701018,1.00779916930181,1.02606541958369,1.05769667107253,1.0710713346033,1.03321584030884,1.03551751191338,1.03203814976008,1.00026202226446,1.00061094731493,1.00057289800328,1.0010089791239,1.0015681749199,1.00084828510513,1.00082717842356,1.00038511329667,1.00111774187688,0.998955036602225
16.1168762739437,8.15835216843046,0.405475904000164,1.03271673311109,1.02752039617693,1.00280184897777,0.969074023723745,0.968201151127876,0.969145441861896,0.962783257061457,0.963830577912196,1.02606432222465,0.975147027806448,0.971994345736835,0.954472880975576,0.973622030979817,0.974448898950104,0.982519396180186,1.00065488602122,1.0041586020395,1.00225742488382,1.00110769349874,0.998761820089086,1.00681059382159,1.03153561599089,1.03022354054456,1.0088801678799,1.034030012525,1.02694702719246,1.01029612868564,1.02790713433871,1.02919103222482,1.05512942704334,0.991754512708072,0.993155669434798,1.00683871162766,1.02464754683968,1.05697277839172,1.07047521615749,1.03278974222935,1.03427225396232,1.03186460395214,1.00029107020366,1.00065531767504,1.0006796963254,1.00112173413431,1.00171511883128,1.00095690457562,1.00093869608772,1.00042982214052,1.00118534100722,0.998859691999005
16.1365545358711,8.1897701282972,0.409097590601954,1.03199996627889,1.02659415129502,1.00178523040369,0.96797600952468,0.967041894348132,0.967971284654925,0.961633816008023,0.962698177181999,1.02537041468469,0.97401329266784,0.970841559456385,0.95335546809172,0.972496639822293,0.973331399103574,0.981382842667101,0.999496303425844,1.00303886503516,1.00117229010654,0.999847506852525,0.997360019908365,1.00573150498619,1.03056824294245,1.02926896246821,1.00773336477256,1.03342434131593,1.0258941809036,1.00922114629534,1.02661082068428,1.02785617879748,1.05452416676364,0.9905493402612,0.992120565772271,1.00575133952595,1.02307609368601,1.05614454410062,1.06978806104825,1.03229060102655,1.03294691681045,1.03165425207539,1.00031749186355,1.00068415489645,1.00077132947349,1.00121496304279,1.00182942545632,1.00105300298631,1.00103789133418,1.00046785920651,1.00122950977772,0.998777861301607
16.1562327977986,8.21987412976417,0.413468724402425,1.03118238196856,1.02556244144681,1.00065152865031,0.966747921950436,0.965745631505989,0.966659785264361,0.960345458938735,0.961426450026401,1.02457000971951,0.972741426672548,0.969550270673249,0.952103067491145,0.971234618003721,0.972080406135435,0.980118133381389,0.998211383825674,1.00179875167335,0.999967134785628,0.998459931362618,0.995828386530873,1.00453107836496,1.02948866954442,1.02820298158325,1.00646021213458,1.03273462697718,1.02474956687276,1.00804263943653,1.02523827745809,1.02645049134676,1.05385013925518,0.989227312257585,0.990949851153079,1.00454776077403,1.02137108677828,1.05521777402407,1.06901450535916,1.03171937319326,1.03156231571773,1.03140564153521,1.00034105448909,1.00069826385125,1.00084527607216,1.00128746366426,1.00191053188923,1.00113511826049,1.00112306835374,1.00049863439912,1.00125082010935,0.998710553834842
16.175911059726,8.24804915549008,0.418597837368579,1.03026675722994,1.02443305796634,0.999410132745055,0.965400983992902,0.964324289972371,0.965223295173245,0.95892938048791,0.960025963258802,1.0236658534142,0.971344303869464,0.96813325317674,0.950728114648013,0.969848557398371,0.970707904247773,0.978737298795167,0.996812501232618,1.00044990307248,0.998652721052642,0.996960429631736,0.994185477839727,1.00322026927634,1.0283063167553,1.02703486823617,1.00507275876859,1.03196442635392,1.02352542505358,1.00677245796448,1.02380813034779,1.02499391121881,1.05311235877589,0.987803067339179,0.98965726297145,1.00324104302629,1.01955471318724,1.05420028940814,1.06816085389806,1.03107884547452,1.03013944939245,1.03111851176756,1.00036137788991,1.00069881302772,1.00089955516017,1.00133845511133,1.00195859121477,1.00120187934487,1.00119263404915,1.00052160253971,1.00125033717162,0.998658569844242
16.1955893216535,8.27379728060135,0.424464322657982,1.02925900292095,1.02321649320493,0.998073335606471,0.963949603222865,0.962793139238146,0.963677465367071,0.957400281358933,0.95851088433054,1.02266413204573,0.969838208668391,0.966606671761853,0.949246359490694,0.968354413313529,0.969229120706299,0.977255267994139,0.995314768342215,0.99900664165694,0.997242612577801,0.995366914191393,0.992452040734325,1.00181263988589,1.0270329730879,1.02577624138815,1.00358578662463,1.03111971660629,1.02223576457456,1.005424600338,1.02233959519688,1.02350663882732,1.05231758539238,0.986293223003635,0.988259998954167,1.00184654134237,1.01765104153077,1.05310196532523,1.06723511887894,1.03037380829205,1.02869904302199,1.0307939790105,1.00037794752725,1.00068723523804,1.0009327986921,1.00136758094826,1.0019744041497,1.00125203670832,1.00124514584727,1.00053628489268,1.00122954086153,0.998622490821385
16.2152675835809,8.29675011366226,0.431015632020378,1.02816839070182,1.02192602024186,0.996656387495122,0.962411378262576,0.961170795753266,0.962041239327312,0.95577640468622,0.956899039859825,1.02157468929887,0.968242770901416,0.964990036954236,0.947676816959383,0.966771447043059,0.967662500603824,0.975689860581213,0.99373602554164,0.997485970038893,0.995753197613353,0.993699626888149,0.990650802285179,1.00032440126194,1.02568289050731,1.02444115658508,1.00201681674085,1.03020901235745,1.02089626954292,1.00401516600911,1.02085217850354,1.02200879386248,1.05147437410285,0.98471628503107,0.9867785412566,1.00038181381396,1.01568570850954,1.05193483458366,1.0662471392406,1.02961116446044,1.02726115130432,1.03043465623219,1.00039013924412,1.00066512314364,1.00094429536089,1.00137489732099,1.00195933548923,1.00128449566815,1.00127935996762,1.00054229091488,1.00119023843421,0.998602673650794
16.2349458455084,8.31667004894932,0.438168785192512,1.02700759988254,1.02057760693151,0.995177362627146,0.960806902441915,0.959479018053181,0.960336637091091,0.954079353446632,0.955211750027822,1.02041102981624,0.966580690099506,0.963305946995155,0.946041511703988,0.965121963395719,0.966029476585902,0.9740615837987,0.992096641315722,0.995907387731327,0.994203525728691,0.991980821284198,0.988806086598652,0.998774261597135,1.02427266126127,1.02304599374539,1.00038592438134,1.02924333119976,1.01952407685256,1.00256215630292,1.01936531546777,1.02052002290669,1.05059303010285,0.983092424329784,0.985236273658079,0.998866350036295,1.01368547208126,1.05071299690073,1.0652085289834,1.02879991307418,1.02584474751921,1.0300446871274,1.0003972528138,1.00063412499575,1.00093400373519,1.00136084648763,1.00191522011784,1.00129834992103,1.00129427672615,1.00053933834966,1.00113447185441,0.99859924867542
16.2546241074358,8.33344869971158,0.445811358298416,1.02579259226093,1.01918970574303,0.9936569030949,0.959159438904661,0.957742363875617,0.958588406471323,0.952333754654697,0.953473500358694,1.0191901304929,0.964877321039149,0.961579692777678,0.944365088845849,0.963430911512989,0.964354112624615,0.972393334876034,0.990419231457911,0.994292619012223,0.992615040376436,0.990234404941233,0.986943411600355,0.997183211336258,1.02282107028178,1.02160931009637,0.998715476412815,1.02823604431062,1.01813751245986,1.00108521367899,1.01789805599023,1.01905918456598,1.04968547783361,0.981443221334523,0.983658956316611,0.997321259311881,1.01167775917143,1.04945251913586,1.06413262508781,1.02795103919062,1.02446742415454,1.02962969884598,1.00039855287304,1.00059584718162,1.00090253530547,1.00132621826922,1.00184426393405,1.00129291453857,1.0012891810656,1.00052727033955,1.00106442488086,0.998612121617232
16.2794393218396,8.35014912220534,0.455920507743674,1.02421345040518,1.01741624101013,0.991717112789122,0.957061513865131,0.955531489833233,0.956364882568154,0.950106779017103,0.951252321211609,1.01760096142274,0.962714597466468,0.959386783216337,0.942235411607345,0.961282703898256,0.962223176683514,0.97027270784359,0.988289234314345,0.992242685290064,0.990594271733515,0.988033351797761,0.984611413705917,0.995155593012177,1.02096501964298,1.01977150993172,0.996591792202444,1.02693129081129,1.01639930486198,0.999222264093261,1.0161052091426,1.0172853650257,1.04852508217931,0.979363813612823,0.98166432856669,0.995366802471835,1.00918018822963,1.04783684619427,1.06274682331251,1.02684750651174,1.02281195220549,1.02908189915468,1.000390761329,1.00053955826228,1.00083475486856,1.00125503797373,1.00172055573956,1.0012579444758,1.00125367780543,1.00049907159416,1.00095933843244,0.998651041146661
16.3103080574289,8.36444736663232,0.468756888961211,1.0222385987538,1.0152383440191,0.989339807416698,0.954497812751424,0.952830695532032,0.953651457278578,0.947380007641315,0.948527850884576,1.01561274155779,0.960083820257263,0.956716696745843,0.939642405649647,0.958667389341588,0.959623470475093,0.967684022856498,0.985690899912418,0.989743010842987,0.988124904462409,0.985370696850077,0.981811476099688,0.992670896321389,1.01868112003383,1.01750869522367,0.993997262411556,1.02530452120577,1.0143090062094,0.996966465985292,1.01401228383533,1.01523010586518,1.04709858121051,0.976844137955307,0.979254889364083,0.992991882348722,1.0062028234289,1.04584237630685,1.06102525288099,1.02546484386289,1.02091704994417,1.02838619556131,1.00036465167725,1.00046045387578,1.00071224157636,1.00112770715906,1.00152103772101,1.0011706457468,1.00116456233377,1.00044436258757,1.00080869736218,0.998733051678374
16.3411767930183,8.37247585770009,0.481265752175548,1.02033731054466,1.01317459654356,0.987091722688296,0.952082735757065,0.950287653711863,0.951098997664816,0.944807253996496,0.945953204846683,1.0137005388691,0.957620634702407,0.954213177062542,0.937211375144367,0.956215801545731,0.957179230701471,0.965243870181455,0.983241297844712,0.987388251745952,0.985794851654004,0.982879114477522,0.979210399279399,0.99031611475694,1.01650610220684,1.01535215932428,0.991547021868124,1.02373957199943,1.01236601912229,0.994855527037293,1.01212393169836,1.01338998158211,1.04574480138575,0.974480256626939,0.977021043894049,0.990758084016989,1.00345557976019,1.04393562406517,1.05936667129134,1.02412609977117,1.0192416632077,1.02770781729518,1.0003187878521,1.0003742242783,1.0005557761526,1.00096294807845,1.00128042873607,1.00103608395431,1.00102754387101,1.00036920774361,1.00064285539869,0.998849370952824
16.3645103505816,8.3751412784598,0.49009680954083,1.0190067015911,1.01174389881685,0.985535414751748,0.950417547240716,0.948535277320842,0.949341354329416,0.943032256442104,0.944175129572154,1.01236502383185,0.955932915636248,0.952495289445411,0.935543331851347,0.954533802577597,0.955496772918768,0.963556971895712,0.981546037267455,0.985760561948353,0.984183109504695,0.981162431590955,0.977427788756463,0.988678538252974,1.01498673479224,1.01384437674357,0.98984860815258,1.02264092648342,1.01103636932165,0.993403566150926,1.0108612751224,1.01216714396394,1.04480453746011,0.972847682762226,0.975506418368066,0.989211108023472,1.00158158056192,1.04259835166408,1.05819426752826,1.02317943565351,1.01813919742908,1.02722928921888,1.00027045543153,1.0003054182616,1.00042105010521,1.00081738295441,1.0010773058197,1.00090465615191,1.00089433990678,1.00030001853765,1.00051130885705,0.998957698100857
16.394694087597,8.37533500820013,0.500087823038617,1.01749474976484,1.01012916896943,0.983781363399976,0.948549498582531,0.94657038635266,0.947371406243811,0.941039981854372,0.942177731833844,1.01085135836694,0.954054765096283,0.950579285468388,0.933683554773355,0.952659240176839,0.953613561880305,0.961657551205386,0.979633724017129,0.983926770088482,0.98236685607021,0.979230947081004,0.975431511922211,0.98682188651428,1.01325481769728,1.01212455356487,0.987929568405532,1.02138578792905,1.00955028795401,0.991774036899633,1.009478155132,1.01083446683284,1.04374145217053,0.971002703835763,0.973844710987546,0.987461075270801,0.999491467279132,1.04106884574127,1.05683974049198,1.02208855137661,1.01694744243108,1.02668270481054,1.00019086774162,1.00021221007283,1.00023510982254,1.00060800415949,1.00079556263804,1.00070086636759,1.00068911295152,1.00019712568089,1.000337698558,0.999119747300078
16.4248778246125,8.37318109380887,0.507987073714648,1.01629157650432,1.00884460958186,0.982386982019152,0.947074840518856,0.945020966627245,0.945818475038778,0.939468957399776,0.940602237227069,1.00965210876009,0.952588156401194,0.949078994715076,0.932227503939481,0.951191787052712,0.952130359889678,0.960144761191912,0.978104218650961,0.982464172388536,0.980920110929915,0.977681258687021,0.973833699586641,0.985328197815153,1.01185398188169,1.01073035783088,0.986391595189674,1.02037134822186,1.00837223528517,0.990478157156653,1.00839980490872,1.00979995092843,1.04289228590541,0.969518347441025,0.972571661999593,0.986043934246987,0.997819356551667,1.03982429410336,1.05572052848111,1.02119343435554,1.01602669021718,1.02624660449501,1.00009357318106,1.00011370424817,1.0000449283518,1.00038039386157,1.00049960195662,1.00046452792428,1.000452964121,1.00008202171997,1.00016332607424,0.999301850740292
16.466232721927,8.3681994313809,0.514550794462482,1.01525378922054,1.00771892665094,0.981162662142505,0.945796683691862,0.943681744946122,0.944475520455092,0.938113697917806,0.939244225026133,1.00862471583796,0.951344409081746,0.947799019898098,0.930986137028722,0.949941731895831,0.950849821924738,0.958804666670127,0.976735860423158,0.981164392185499,0.979640498532553,0.976273439271704,0.972385435560397,0.983975991655529,1.01056608955443,1.00944572287266,0.985010490711939,1.0194558792,1.00733105606025,0.989329287738657,1.00746298449869,1.00890348022185,1.0421434745393,0.968168682349968,0.971533482315878,0.984732944134498,0.996302822545499,1.03866965888339,1.05464568565392,1.02035933670257,1.01522920390868,1.02587123139425,0.999937716632441,0.999968125591845,0.999794474044363,1.00005087439312,1.00008484722439,1.00010341619776,1.00009560468339,0.999911684690927,0.999927476281081,0.999572847446148
16.5075876192416,8.36306385920075,0.51553033900296,1.01500981641836,1.00740348891059,0.980813397536123,0.945458722469258,0.94333481927759,0.944125879164164,0.93777047482033,0.938904308707062,1.00839380294877,0.951053913976363,0.94749028083877,0.930686882934687,0.949640388411223,0.950516410283594,0.958398670714826,0.97629736408459,0.98076210189392,0.979256839314676,0.975769861859125,0.971858698640273,0.98352654348587,1.01012076166123,1.00899100488361,0.984561965387556,1.01915656768698,1.00700495020623,0.988971320363833,1.00717123136125,1.00862235368193,1.04192300305961,0.96769621941513,0.971346341832505,0.984222533322525,0.995731167340642,1.03825463199542,1.05419866109033,1.02003834390592,1.014966157865,1.02578713190767,0.999765756946086,0.999808167435796,0.999570639506637,0.999713621982715,0.99967258301696,0.999719577624017,0.999719637586133,0.999735520255462,0.999697416505221,0.999855179000335
16.5612449847733,8.3561278779475,0.508708307194976,1.01588072964268,1.0082029229072,0.981657407226256,0.946402492061394,0.944347671668625,0.94513635007433,0.938818552985528,0.939966223603819,1.00927538584987,0.952058082983885,0.948503854563711,0.931669046956353,0.950628575665515,0.951468136516024,0.959245353056608,0.977098858275745,0.981566864499346,0.9800851569932,0.976441674756638,0.972527920801479,0.98426845484831,1.0107595421965,1.00960727306438,0.985354056589209,1.01969367176827,1.007644999761,0.989679188646192,1.00775178788947,1.00917026313239,1.04243109709334,0.968425289000197,0.972297839687119,0.984735848396238,0.996383511170993,1.03878142620542,1.0545192167417,1.02040443883149,1.01542068314371,1.02611229598395,0.999542872546733,0.999580592528192,0.999337556469343,0.999289964059965,0.999164463990794,0.999232773807012,0.999247056438938,0.999516096390445,0.999409724871571,1.00021131739888
16.5876941547533,8.3528275876503,0.501945960308682,1.01676719095136,1.00907365162784,0.982590401803248,0.947416811055112,0.945426220047386,0.94621510377942,0.939923746757467,0.941080304805188,1.01016347262454,0.953097161752744,0.949561730317308,0.932694222910637,0.951660106937168,0.952488519745066,0.960225336346114,0.978062582682182,0.982505434146571,0.981029534267751,0.977340978519728,0.973440880265412,0.985196161538407,1.01161078334653,1.01044027859566,0.986317856136354,1.02032439106583,1.00839059976072,0.990504701479348,1.00842944311459,1.00981518254244,1.04299348946183,0.969337362117624,0.973230830049625,0.985501302005356,0.99731119195369,1.03952362988007,1.05509906977454,1.02089742389328,1.01597296758828,1.02643815198649,0.999440833130359,0.999462412167185,0.999248971789353,0.999094351092079,0.998931145881971,0.999011092084243,0.999032971666292,0.999417005218224,0.999272943153477,1.00037473194802
16.6141433247334,8.34828635220297,0.493728660065268,1.01790295376402,1.0102106442226,0.983807773651126,0.948731606005479,0.946825016746371,0.947615383133633,0.941354556053341,0.942520849185181,1.01129709217126,0.954429874789192,0.95092352549543,0.934012761419101,0.952985685998933,0.953806598172463,0.961502213562347,0.97932278940247,0.98373476280562,0.982264881710676,0.978523398554869,0.974642181848111,0.986405315733353,1.01271144020985,1.01152095839122,0.987577494516687,1.02115720302977,1.00937860335858,0.991592289965255,1.00933820318328,1.01068322080899,1.04373285741729,0.970572610841185,0.974403092644728,0.986512358466168,0.99853237368665,1.04047430075945,1.05584905327038,1.02156625863385,1.0167256343793,1.02685214140864,0.999349865519259,0.99934388899791,0.999177708714147,0.998913324199881,0.998713713602681,0.998811639908456,0.998840412149771,0.999327807601152,0.999140390058007,1.00052426636599
16.6405924947135,8.34263623550072,0.48384411668503,1.0192413730548,1.01157744810118,0.985278060111738,0.950312873471117,0.948504524985507,0.949298281101145,0.943067281749634,0.944242092620092,1.01263060595132,0.956022610459611,0.952553469781882,0.935591120177708,0.954572807579556,0.955392729836006,0.963066440652485,0.980881297136201,0.985242284572254,0.983769847780358,0.980029995715194,0.976189930325565,0.98791284904969,1.01410274418994,1.01289069249955,0.98913901098075,1.02216404912466,1.01059442949429,0.992928231390298,1.01047566135527,1.0117763568612,1.04462297297838,0.97210781008217,0.975788710944741,0.98782569462513,1.00013504676035,1.04169801620774,1.05684906173347,1.02238803925467,1.0176867927022,1.02733598851557,0.999273356665432,0.999228942596122,0.999122632648241,0.998751043099383,0.998515383711265,0.998640602408672,0.998674822527483,0.999250834510264,0.999013431432408,1.0006564400155
16.6724448806093,8.3323121900265,0.471208884040324,1.02104015156544,1.01344722258193,0.987290048999727,0.952472134973018,0.950800324558958,0.951601413954908,0.945404020478461,0.946586995129375,1.01441965040778,0.958187767263202,0.954774064587781,0.937739570038049,0.956731206547739,0.957554539301138,0.965205594074288,0.983015208945925,0.987311360424756,0.985833414901774,0.982097517905272,0.978314327017831,0.989968341313165,1.01598899694181,1.01474729488105,0.991274519947568,1.02354033605319,1.01228549747663,0.99477418766221,1.01209038004057,1.01333776868095,1.04584373280566,0.974267412306065,0.977654063413462,0.989620354820622,1.00232720287891,1.04333605924361,1.05818550601538,1.02352558082144,1.01907642687906,1.0279794752059,0.999204193653585,0.999102046319229,0.999075537871236,0.998586279181662,0.998306865928113,0.998479456465719,0.998517411385726,0.999177213674833,0.998871037670379,1.00078811104849
16.7042972665051,8.31787617698379,0.457605561666885,1.02295036084881,1.01548402109636,0.989491275245159,0.954829020273091,0.953303523866823,0.954115674078029,0.947942935218665,0.94912895629738,1.01631629078073,0.960545167099279,0.95719332309696,0.940080547814551,0.959083682247133,0.959916964497954,0.967574972337149,0.985397517201619,0.98960738311743,0.988109357437466,0.984472931487397,0.980790167248685,0.992269230980137,1.01811250513097,1.01684402664336,0.993660674303166,1.02503567856779,1.01418313391716,0.996833941701809,1.01395779331001,1.01515952742816,1.04717485654172,0.976692797277139,0.979675251789907,0.991710842437221,1.00493711016264,1.04520435731164,1.0597460183486,1.02477472294154,1.02072836771637,1.02865302537443,0.999162852915508,0.99899590751423,0.999047004534251,0.99846122006564,0.998137365685521,0.998373258179302,0.998411291651597,0.999126895995628,0.998744669087206,1.00088568091945
16.7361496524008,8.29763486005,0.444621620969937,1.02487478493887,1.01758992702657,0.991771335257911,0.957268298444892,0.955894913687438,0.956722304045146,0.950563406037927,0.951746802953012,1.01822340568163,0.962982806206294,0.959697140114685,0.942502097357046,0.961515806777961,0.962361478198518,0.970036039241422,0.98787674536446,0.992000347733336,0.990475800558699,0.986963136433701,0.983394362648952,0.99465361982114,1.02030516551198,1.0190073524533,0.996140557272519,1.02657096782724,1.01619570391481,0.99899993637439,1.01599875341791,1.01716737813829,1.04855302733973,0.979266398021513,0.981761408752083,0.993892046512799,1.00768180892161,1.0471121993969,1.06133930568084,1.02606896743993,1.02257541688608,1.02931985880939,0.999150550694032,0.998919359912569,0.99903483385584,0.998381594230555,0.998013286774017,0.998325621526656,0.998359939424025,0.999101700712493,0.998640382432099,1.0009457747065
16.7680020382966,8.27151627982385,0.432262215836989,1.02672573705912,1.01968115005849,0.994044412592712,0.959696732325315,0.958471154782992,0.959317218064683,0.95315814918183,0.954332005156141,1.02005266655586,0.965411788194592,0.962190905226468,0.944914635786814,0.963939945176596,0.964799873674231,0.97251558884419,0.990390352559681,0.994417920594676,0.992853114706517,0.989552653129881,0.986140987903183,0.997067651754792,1.02252581041467,1.0212046308662,0.998654003792128,1.02808294772795,1.01826494053167,1.00120788281649,1.01817510349739,1.01932913087716,1.04992229259695,0.981884566503599,0.983845756163891,0.996179586370341,1.01063172541879,1.04905649592093,1.06299047069013,1.02735391573753,1.02460193134324,1.02994711203238,0.999166650081879,0.9988802532996,0.999037801566159,0.998352104459636,0.997941351082097,0.998337359125066,0.998364606979433,0.999102432709577,0.998565209250386,1.00096629982001
16.7933035528587,8.2463115400575,0.423645215026239,1.02809849714181,1.02128097181898,0.995787602425503,0.961557657115416,0.960443230425773,0.961306267988467,0.955137273468346,0.956298945110295,1.02140487959272,0.967276733640626,0.964104561458702,0.946766040648109,0.965800382882183,0.96667102431834,0.974427081482168,0.992333383772498,0.996287669743687,0.99468550105153,0.99157798331661,0.988302709054169,0.998926307729782,1.02423165740344,1.02289243319235,1.0005944011195,1.02922838623141,1.0198963486491,1.00293278893247,1.01994646668457,1.02110302911265,1.05097070670151,0.983924325709675,0.985454787088099,0.997964873434851,1.01296359414122,1.0505396048823,1.06425581626272,1.02833423174759,1.02628751678175,1.03040137336848,0.999198244938914,0.998879743876779,0.999050826972137,0.998366266625312,0.997925165518509,0.998387714903375,0.998407576967263,0.999121351853083,0.998530854904691,1.00095385335536
16.8186050674207,8.21765732888071,0.416070176716719,1.02935431713749,1.02279049761251,0.997437039216104,0.963316227443158,0.962303009362591,0.963184114449201,0.956997017070949,0.958142870212577,1.02263705808534,0.969043944174253,0.96591561864892,0.948519030062169,0.967562954214397,0.968443359372839,0.976249740703636,0.994194110713006,0.998075670154124,0.996430044613355,0.993553796063802,0.990434116941155,1.00070085691618,1.02585773689681,1.02450467105018,1.00245104047108,1.03029943422069,1.02148466061333,1.0045979533325,1.0217245855588,1.02289715084314,1.0519599948453,0.985872918225183,0.986991436888794,0.99971443103157,1.01529219012765,1.05195503004408,1.06547894689468,1.02925621134508,1.02801606194071,1.0308066253142,0.999244485603209,0.998908251716231,0.999073777961369,0.998414244505526,0.997948170554854,0.998471772258588,0.998483403306828,0.999155813384496,0.998522918801875,1.00091619509137
16.8489903565887,8.17956627509445,0.408738896549033,1.03068290204476,1.02444671672788,0.999251180453801,0.965247039055444,0.9643391246789,0.965242419870819,0.959024885661572,0.960148191396433,1.02393326352982,0.970992005909998,0.967908300709371,0.950449019910737,0.969504824188188,0.970394666478299,0.978267610030679,0.996261214686404,1.0000624077185,0.998360445589846,0.995783008558568,0.992859547305775,1.00266352363563,1.02765233684463,1.02628586371216,1.00451075558796,1.03146238707733,1.02328848443912,1.00647004332889,1.02381005761278,1.02501767781555,1.05304594601147,0.988028386459074,0.988705442729856,1.00169012702941,1.01796350325924,1.05351062277891,1.06683818150953,1.03026368709929,1.03008555966902,1.0312220628184,0.999315983775611,0.998980793821608,0.999115676717149,0.998515395948585,0.998030007164989,0.998612104790143,0.998613856887789,0.999216050560114,0.998552500353573,1.00083898543425
16.8793756457566,8.13904612764671,0.403252307408094,1.03180211129503,1.02590404975083,1.00085171961451,0.966945364880795,0.966121889150618,0.967046503546439,0.960791991882962,0.961890461846731,1.0250163593784,0.972715047861124,0.969665482827548,0.952152948199919,0.971221485914464,0.972117961185589,0.980062396397783,0.998107861284719,1.00183726437046,1.00007617958016,0.997814779219216,0.995094575518373,1.00440742292877,1.02924237486743,1.02786771100095,1.00634782081376,1.03247531757751,1.02494186395759,1.00816604927186,1.02578959488349,1.0270468075416,1.05400155437186,0.989927785289484,0.990247137521307,1.00349804654443,1.020453721948,1.0548860236409,1.06806116801006,1.03114741935079,1.03209379521529,1.03155854324928,0.999400868082231,0.999092494611094,0.999174872468828,0.998660949498286,0.998171901437613,0.998788517661363,0.998781531529817,0.999294434006465,0.998627979599726,1.00072929113326
16.9017703478361,8.10880232366146,0.400384591993725,1.03249225344712,1.02683931971118,1.00188059853233,0.968032864197444,0.967257367642637,0.968196346665083,0.96191272308645,0.96299266321672,1.02567826213652,0.973824691537098,0.97079325151254,0.953248056703882,0.972326411209597,0.973225982034678,0.98122315772068,0.999306274770668,1.0029902502731,1.00118602449261,0.999155721458788,0.996582596547192,1.005532798436,1.03026581142194,1.02888792962056,1.00753793093526,1.03312105114839,1.02604278994927,1.0092829961754,1.02714651132784,1.02844686319361,1.05461485848912,0.991137372088057,0.991258192897325,1.004695275444,1.02212597473073,1.05576842422481,1.0688599148377,1.03171436425866,1.03349479649913,1.03175845627051,0.999469469881201,0.999196941666306,0.999230553470538,0.998793853081467,0.998314391291284,0.998937002213191,0.998924908349931,0.999362091589336,0.998713988235235,1.00062958931446
16.9241650499156,8.07942356936103,0.398416124174351,1.03307008497787,1.02765008796282,1.00277320117224,0.968971614786771,0.968231476871858,0.96918303727653,0.962870711495345,0.963932990409121,1.02622732375346,0.974787722149702,0.971768392589571,0.954196489091834,0.973284966288608,0.974186405176533,0.982234795724357,1.00035389990939,1.00399953147405,1.0021540344972,1.00034602183356,0.997913313701722,1.00651120798826,1.03115345697141,1.029774835068,1.00857655439364,1.03367976207063,1.02702859530065,1.01027326531916,1.02838987220388,1.02973633159647,1.05514634985533,0.992168116368601,0.992151906388215,1.00576279496332,1.02363268242695,1.05653197575063,1.06956479510229,1.03220766421196,1.03479651289059,1.03192056984907,0.999541108051157,0.99931649614819,0.999297081398868,0.998945302920287,0.998487423710039,0.999096934230769,0.999081218425944,0.999436482310676,0.998825562771458,1.00051593753788
16.9465597519951,8.05197233337337,0.397255174383196,1.03354001927872,1.02833328426572,1.00352525799311,0.969756808792094,0.969039520529085,0.970001387708337,0.96366246308545,0.964708812116195,1.02666876460456,0.975598019506713,0.972585039974267,0.954992480704643,0.97409124655614,0.974993636864909,0.983090161639491,1.00124240560796,1.00485744623122,1.00297396235257,1.00137209283074,0.999068712688684,1.00733562439247,1.0318994912033,1.03052232931708,1.0094556417627,1.03415215873781,1.02788810633019,1.01112728025077,1.02949780784551,1.03089088471468,1.05559404734299,0.993010660821812,0.992920505778142,1.00668839007698,1.0249503220837,1.05717207347078,1.07017036110715,1.03262741138677,1.03597177449461,1.03204845125411,0.999614146319297,0.999447248951103,0.999374634077984,0.999112020242934,0.998688578487348,0.999264683608119,0.999246974215686,0.999516103808021,0.998961507931542,1.00039037296475
16.9689544540746,8.02753127699086,0.396784018898936,1.03390725282306,1.02888730541547,1.00413426770113,0.970385635008189,0.969679059908289,0.97064856179317,0.9642866788827,0.965319614298971,1.02700870117603,0.976251245873957,0.973239305590947,0.955632123123363,0.974741152404778,0.975644013742855,0.983784422120918,1.00196604709552,1.00555857431262,1.00364161585341,1.00222372173133,1.00003475386485,1.00800161716289,1.03250047104648,1.03112674878269,1.01016979120475,1.0345398415192,1.02861189076409,1.01183739052176,1.03045043822787,1.03188818826454,1.05595681207293,0.993659407947046,0.993557103814811,1.00746308005888,1.02606019142607,1.05768642631684,1.07067323662755,1.03297458484709,1.03699536473642,1.03214578284232,0.9996871388598,0.999584849905008,0.999462977274005,0.99929037036457,0.998914527444902,0.999436724266754,0.999418630998851,0.999599433030841,0.999119733841924,1.00025514010113
16.9913491561541,8.00712692221479,0.396888805101958,1.03417665416114,1.02931108415913,1.00459847926333,0.970856262016189,0.970148880403818,0.971123050359219,0.964743139012665,0.965765826432544,1.0272528894117,0.976743987233659,0.97372835641758,0.956112472550509,0.97523150001192,0.976134809785014,0.984313896687419,1.00252038667694,1.00609861592738,1.0041537752597,1.00289237426358,1.00079942772356,1.00850605588304,1.03295415102536,1.03158557012815,1.01071492074966,1.03484437546341,1.02919152009602,1.01239697880308,1.03122957099452,1.03270772751393,1.0562339704462,0.994111788470256,0.994055250474777,1.00807911245925,1.02694604238525,1.05807371162949,1.07107054229536,1.03325028206702,1.0378439670016,1.03221584701504,0.999758851094777,0.99972472281454,0.999561379468015,0.999476489285249,0.999161086877256,0.999609726745058,0.999592689225207,0.999684961652623,0.99929727074091,1.00011264767955
17.0137438582337,7.99167973243972,0.397462925470375,1.03435196514021,1.02960362253683,1.00491648376965,0.971167463324113,0.970448546273236,0.97142425246035,0.965032187008431,0.966048264282747,1.02740592344151,0.977073487296252,0.974050104980519,0.956431260232976,0.975559737633024,0.976463934343363,0.984675850702613,1.00290216003449,1.00647418613111,1.00450789620067,1.00337140357601,1.00135320651978,1.00884697800733,1.03325936139886,1.03189733345155,1.01108814372581,1.03506674237045,1.02961953251781,1.01280035455755,1.03181918352735,1.03333142958942,1.05642488363312,0.994367889003347,0.994408902374771,1.00853029493293,1.02759481404777,1.05833351428478,1.07136007592431,1.03345525892533,1.03849700103977,1.03226114709623,0.999828275995059,0.999862302429013,0.999668564816253,0.999666411569047,0.999423303399843,0.999780632568266,0.999765786436177,0.999771227133967,0.999490335797868,0.999965422619961
17.0361385603132,7.981945989162,0.398419505097964,1.0344351724834,1.02976351001424,1.00508671469079,0.971318123098504,0.970577861450655,0.971551943406723,0.965154142570972,0.966167514049932,1.02747055096773,0.977237278055917,0.97420278432036,0.956586493533021,0.975723560578972,0.976629488125618,0.984868014862867,1.00310878192857,1.00668234830444,1.00470162257598,1.00365558590902,1.00168865088032,1.00902306407458,1.03341548752376,1.03206113515103,1.0112872564359,1.03520682256033,1.02988917570787,1.0130424130294,1.03220555324786,1.0337438996021,1.05652869809559,0.994429922339235,0.99461234962521,1.00881153693709,1.02799635699857,1.0584658258415,1.07153989882035,1.03358947076585,1.03893702862076,1.03228311302534,0.999894624549373,0.999993264541984,0.999782701945185,0.999856197901603,0.999695588588942,0.999946702817446,0.999934779400139,0.999856835131176,0.999694444395667,0.999816062340463
17.0525199910059,7.97875940312048,0.399326916097464,1.03443771255444,1.02979529767192,1.00511653075886,0.97132591880558,0.970564373256799,0.971535319262771,0.96513747292722,0.966151375183795,1.0274622039858,0.977250801099389,0.974206428483652,0.956595363348446,0.975737988397619,0.976645894302102,0.984899876524697,1.00314775589904,1.00672704666609,1.00474038075562,1.00373777414556,1.00179260071326,1.00904691056659,1.03343506563926,1.0320868851557,1.01132160617785,1.03525637892996,1.02998267029759,1.0131146809532,1.03235311121906,1.03390480316145,1.0565487657175,0.994354384659219,0.994663073038802,1.00890729099794,1.02812930441607,1.05848193162826,1.0716009421894,1.03364224852373,1.03911614829822,1.03228456433575,0.999940872949303,1.00008270458106,0.99986933745093,0.999992840583444,0.999897841174876,1.00006378144002,1.00005420649089,0.999918314458355,0.999848010998148,0.99970689263314
17.0689014216987,7.97906901453552,0.40039126195215,1.03439013837152,1.02975392910979,1.00506527901862,0.971246577215297,0.970459441589039,0.971425705949934,0.965031217683748,0.966047713761779,1.02740630136418,0.977173532421555,0.974118105170073,0.956514982277093,0.975662400759907,0.976572989848727,0.984839068751966,1.00309115386794,1.00667971000619,1.00469104380152,1.00371239773757,1.00177525471159,1.0089818002728,1.03337467039351,1.03203302094803,1.01126128414869,1.03526001176306,1.02998592257272,1.01309643785863,1.03238230234434,1.03394208994633,1.05652089550231,0.9941790909598,0.99462868096065,1.00890860903203,1.02812406947479,1.05843002314155,1.07160169570901,1.03365574617653,1.03916954793691,1.03227330532619,0.999984976058413,1.00016518284319,0.999957376674578,1.00012595692393,1.00009978160046,1.00017615545865,1.00016888387564,0.999978252110635,1.00000270754975,0.999599004210088
17.0852828523915,7.98292938238732,0.401608213096346,1.03429112954902,1.02963823820188,1.00493200658707,0.971079625591554,0.970263027253132,0.971223194345844,0.964835241780164,0.965856274565789,1.02730172619532,0.977004819445141,0.973937397534033,0.956344823993362,0.975496143473365,0.976410155564676,0.984685043707474,1.00293849600527,1.00653951212343,1.00455272400671,1.00357877733932,1.00163582953862,1.00882764778965,1.03323438603975,1.03189954115068,1.01110594159121,1.03521625378454,1.02989708082263,1.01298627259674,1.03229062490861,1.0338531199117,1.0564443724632,0.993906592201759,0.994507663279576,1.00881459835235,1.02797974810646,1.0583102647242,1.071541617743,1.03362882961773,1.03909445847616,1.03224866260232,1.00002679907868,1.00023960417843,1.0000456252026,1.00025423022143,1.00029890188437,1.00028310915194,1.00027791396288,1.00003619145473,1.00015636465273,0.999493399898734
17.1016642830843,7.99031828359324,0.402981476893403,1.03413891639372,1.0294470307684,1.00471581026044,0.970824716938032,0.969975220917422,0.970928038011972,0.96454946315694,0.965576798963152,1.02714688984374,0.976744259107337,0.97366411231998,0.956084584273414,0.975238792873728,0.976156958024074,0.984437478144905,1.00268956857265,1.0063058536457,1.00432468503732,1.0033367305303,1.00137425518634,1.0085845713029,1.03301444799773,1.0316866114139,1.01085548124244,1.03512336048803,1.02971469070625,1.01278309745234,1.03207659961202,1.03363642458128,1.05631846319065,0.993539874972407,0.994298922452899,1.00862479428621,1.02769641196352,1.05812291412072,1.07142031484708,1.03356013075267,1.03888946208906,1.03220967823651,1.000066235567,1.00030511252634,1.00013280622452,1.00037645048342,1.00049271131427,1.00038402165481,1.00038051140098,1.00009170163012,1.00030680022554,0.999391054978309
17.1225907318894,8.00470915426032,0.40498131712618,1.03386391729661,1.02909137236127,1.00431807897137,0.970371276152776,0.969475507749628,0.970417430745943,0.964054260556368,0.965091843930115,1.02687310074894,0.976278076913749,0.973180913684713,0.955621483590359,0.974777736051916,0.975702164137182,0.983985453883913,1.00223206144036,1.00587126553548,1.00390237660996,1.00287077137723,1.00086396940769,1.00814559670625,1.03261855938734,1.03129988599041,1.01039784005405,1.03493026619633,1.02934438171221,1.01238748303041,1.03162507672386,1.03317395490509,1.05608483908443,0.992940344067713,0.993904072012172,1.0082433290198,1.02713451325991,1.05778607096895,1.0711761366985,1.03340923768701,1.03843916052523,1.03213717636061,1.00011299741061,1.0003748913389,1.00024041962414,1.00052199539007,1.0007285749423,1.00050327944005,1.00050113173126,1.00015841116151,1.00049074894382,0.999266599141965
17.1435171806945,8.02429039594575,0.407294258935004,1.0334941759795,1.02860900619087,1.00378308139952,0.969774834910576,0.968828814779337,0.969758567786218,0.963413655176033,0.964463434129797,1.02650994156466,0.97566313403277,0.972548356449615,0.955012661762148,0.974168940833477,0.975100498327932,0.983381897050855,1.00161916005055,1.00528430552684,1.00333288910327,1.00223102509151,1.00015923135164,1.00756392867889,1.0320951178053,1.0307857662877,1.00978698773628,1.03464988632886,1.02881953191183,1.01183906955438,1.03097576980126,1.03250589046671,1.05576851612609,0.992200867343678,0.993365739323443,1.00770717986663,1.02635277253306,1.05734093163249,1.07083203150549,1.03318447262548,1.03778099315085,1.03203661348678,1.00015555334267,1.00042856068212,1.0003413338739,1.00065393731639,1.00094707525905,1.00061089928507,1.0006090564548,1.00021970525003,1.00066169713762,0.999150822415513
17.1644436294996,8.04849540797725,0.409969536044678,1.03302537090802,1.02799921836338,1.00311118130342,0.969037297605538,0.968037927118369,0.968954718262741,0.962629713178721,0.963693001644208,1.02605334962461,0.974902094266053,0.971769316193228,0.954260739985043,0.97341489173233,0.974354107218987,0.982629276542439,1.00085374090081,1.00454696419018,1.00261751713313,1.00142185363638,0.999266059635865,1.00684247761876,1.03144673032866,1.0301468171966,1.00902587793956,1.03427860806915,1.02814166307237,1.01113956896973,1.03013429006853,1.03163883827532,1.05536910275108,0.991330690531328,0.992686391960391,1.00701959098201,1.02535923949885,1.05678955191276,1.07038912981787,1.03288287877799,1.03692278471244,1.0319051692814,1.00019372931973,1.00046613982596,1.00043284447143,1.00077064921945,1.00114388935545,1.00070613097387,1.0007034407532,1.00027484880105,1.00081574858558,0.999045414837014
17.1853700783047,8.07660694266177,0.413059921248986,1.03245423013175,1.02726297640419,1.00230455800466,0.968162431393263,0.967107454422223,0.968010990020622,0.961706285620966,0.96278373272691,1.02550027588101,0.973999742746195,0.970848713030192,0.953370360998155,0.972520150186845,0.973467130280089,0.981732035586674,0.99994068186211,1.00366328924617,1.00175952362088,1.000450031094,0.998193324764035,1.00598583471982,1.03067742305578,1.02938704259946,1.00811938530108,1.03381389089998,1.02731483977117,1.01029301832746,1.02911002800261,1.03058345072184,1.05488728008121,0.990340288605236,0.991870981462143,1.0061859760766,1.02416533664853,1.05613508460169,1.06984980132736,1.03250230872423,1.03587662509219,1.03174030778397,1.00022732343469,1.00048826332313,1.00051245020583,1.00087085184373,1.00131526334004,1.00078837343986,1.0007837057232,1.0003231629735,1.00094949761408,0.998951889704155
17.2062965271098,8.10778988626595,0.416614465723015,1.03177921784352,1.02640343909405,1.00136768185335,0.967156271942235,0.966044221154454,0.966934687024228,0.9606494437378,0.961741037127312,1.02484933676589,0.972963355867925,0.969793874598012,0.952348555448781,0.971491740218938,0.972446095034149,0.980696975453264,0.998887231697564,1.00263979395063,1.00076458137423,0.999325053234257,0.996953023699375,1.00500059218882,1.02979289073657,1.02851214614532,1.00707466159728,1.03325483023341,1.02634606736374,1.0093061770215,1.02791635054586,1.02935455366781,1.05432513784913,0.98924139743292,0.990927253930514,1.00521421503788,1.02278609274962,1.05538203448429,1.06921784944137,1.03204189438422,1.03465888817154,1.03154009597742,1.00025609085779,1.00049609830913,1.00057796899702,1.00095360186168,1.00145811553611,1.00085714567058,1.00084950794872,1.00036402561284,1.00106013442265,0.998871561068167
17.2272229759149,8.1411335492936,0.420670297256384,1.03100123086672,1.02542648248928,1.00030781171421,0.966027561097783,0.964857691083829,0.965735713173963,0.95946795690358,0.960573065322515,1.02410149493524,0.971803063847022,0.968614916826345,0.951205111365389,0.970339517452351,0.971300324385873,0.979533653882432,0.997703392366621,1.00148587650611,0.99964123134629,0.998059425485269,0.995560481828698,1.00389572052866,1.02880087696288,1.02752988725062,1.00590151866423,1.03260274759595,1.02524565256754,1.00818890976911,1.02657067400506,1.02797113895615,1.05368650541432,0.988047070898415,0.989865989194163,1.00411491276304,1.02124022866503,1.05453658541841,1.0684987981284,1.03150253584018,1.03329007910307,1.0313035236745,1.00027973757516,1.00049123770064,1.00062763987212,1.00101827084133,1.0015701109167,1.00091206318529,1.00090070437891,1.00039687548607,1.00114552181034,0.998805525021369
17.2481494247201,8.17569275733723,0.425246314503913,1.03012414224991,1.02434105071536,0.99913530226391,0.964787989621156,0.963560199040957,0.964426779668905,0.958173567860429,0.959291016731508,1.02326055908409,0.970532026082938,0.967324929185616,0.9499527580282,0.969076358641791,0.970042152186863,0.978254598720878,0.996402121322613,1.00021405021366,0.99840114869237,0.996668774934106,0.994034394199693,1.00268276257853,1.02771133883221,1.02645024537771,1.00461262962133,1.03186162166451,1.02402737227364,1.0069543786063,1.02509435110733,1.02645616964763,1.05297718742974,0.986771646756232,0.988701068436178,1.00290150672396,1.01955011394055,1.05360677106352,1.06770000150741,1.03088727252266,1.03179452036303,1.03103075765274,1.00029792258129,1.0004755740099,1.00066020348141,1.00106451660361,1.00164970411288,1.00095281872356,1.00093731265222,1.00042121936818,1.0012042400819,0.998754645158045
17.2690758735252,8.21052939711884,0.430337745143021,1.02915520410119,1.02315938225415,0.997863795805669,0.963452341742625,0.962167090615389,0.963023528308435,0.956781167962486,0.957909341480922,1.02233354738688,0.969166497611482,0.965940060665729,0.948607247044086,0.967718239125573,0.968687036012129,0.976875428007857,0.99499944219788,0.998840066486712,0.997059297524395,0.995171861064883,0.992396738682438,1.00137597409091,1.02653661208828,1.02528556804892,1.00322364861809,1.03103839870482,1.02270849574826,1.00561910741066,1.02351238654486,1.02483621740133,1.05220510933299,0.985430723597149,0.987449412123287,1.00159027915506,1.01774155871534,1.05260264441418,1.06683075385972,1.03020156141357,1.03019987459533,1.0307233341364,1.00031026918154,1.00045116458353,1.00067495738297,1.00109225106577,1.00169615064338,1.00097917071875,1.00095947182182,1.00043664259206,1.00123560030354,0.99871954249002
17.2900023223303,8.24474973037426,0.43591290831463,1.02810525762489,1.02189704841867,0.996510220886146,0.962038453692091,0.960696680292342,0.961544476767476,0.955308782049881,0.95644574558126,1.02133085336695,0.967725708822089,0.964479419829412,0.947187251323516,0.966284126175136,0.967253482572134,0.975414785795278,0.993514373430776,0.997382846609614,0.9956338916276,0.993590399828406,0.99067250225892,0.999992291295184,1.02529139711422,1.02405055113469,1.00175315104275,1.03014312250347,1.02130960244403,1.00420284877494,1.02185295433414,1.02314090560881,1.05138034938451,0.984041064635535,0.986130732662864,1.00020020334079,1.01584342711756,1.05153629336325,1.06590225159805,1.02945341137828,1.02853649909736,1.03038426662865,1.00031638372804,1.00042009601748,1.00067178250825,1.0011016069624,1.00170948748496,1.00099093871862,1.00096740523999,1.00044282217207,1.00123962726717,0.998700589967581
17.3109287711354,8.27753662358203,0.44191177284534,1.02698874059465,1.02057281170695,0.995094618092533,0.96056701621831,0.959170059019998,0.960010820215373,0.953777391114972,0.954921025149305,1.02026621653576,0.966231589101605,0.962964822347867,0.945714112439738,0.964795715435112,0.965762817778123,0.973894131895627,0.99196871465003,0.995864254593233,0.994146188886644,0.99194874863253,0.988889256997433,0.998551184847366,1.02399266809479,1.02276213754379,1.0002224388896,1.02918888522747,1.01985421799773,1.00272828085109,1.02014674576375,1.02140219445507,1.05051505184244,0.982620477930267,0.9847671311653,0.998752666738588,1.01388708635505,1.05042179719057,1.06492750475183,1.02865337330322,1.02683666687004,1.03001806623554,1.0003158805818,1.00038435641908,1.0006511397356,1.00109290628117,1.00169048596541,1.00098800597477,1.00096138856938,1.00043954152416,1.00121701562731,0.998697911591983
17.3318552199405,8.30817447358794,0.448246791809278,1.02582348407536,1.01920829705218,0.993639781207581,0.959061205375722,0.957610734897953,0.958446071624437,0.952210577806111,0.95335871569237,1.01915649185543,0.964708323118373,0.96142037185615,0.944211423866926,0.963277000113829,0.964238786190934,0.972337363099684,0.990386666533058,0.994308694279758,0.992620104558793,0.990273427662872,0.987076574231812,0.997074357888991,1.02265943069673,1.02143927035243,0.998655182156637,1.02819159191872,1.01836827000201,1.00122052726709,1.01842616664693,1.01965352687219,1.04962322168084,0.981187639336219,0.983382537260325,0.997271047964595,1.01190570184937,1.04927504509832,1.06392112376349,1.02781437691933,1.02513367929704,1.02963067137619,1.0003084111677,1.00034572285559,1.00061403726116,1.00106663246169,1.00164058122818,1.0009703281315,1.00094172483423,1.0004267055453,1.0011690638607,0.998711385954668
17.3527816687456,8.33606662083073,0.454805492504813,1.0246303113861,1.01782749827829,0.992170742565539,0.957546172753301,0.956044136775524,0.956875570994763,0.950634023649532,0.951784584798392,1.01802123825138,0.963181775157133,0.959871908279114,0.942704483838716,0.96175370709577,0.962707014277912,0.970770304492119,0.988794325134758,0.992742568156988,0.991081677423088,0.988592530469522,0.985265331417066,0.995585335279754,1.02131239347696,1.02010256030317,0.997076938944262,1.02716955856835,1.01687940367514,0.999706539074781,1.01672443527697,1.01792889107233,1.04872041168383,0.97976188135936,0.982002034095501,0.995780197703966,1.00993342913359,1.04811348563759,1.06289905350006,1.02695142830791,1.02346092594917,1.02922929364425,1.00029369502785,1.00030567023155,1.00056197141795,1.00102340802233,1.00156178355737,1.00093794698247,1.000908728292,1.0004043547277,1.00109759163578,0.998740653884887
17.3788536958904,8.36623355049074,0.463079046356223,1.02314074852224,1.01612449788379,0.990362172488233,0.955687032068293,0.954123800353187,0.954952218305596,0.948698414465846,0.949849369493502,1.01660466977091,0.961317226578167,0.957979057313849,0.940862188259375,0.959891316399511,0.960829723085337,0.96884606467441,0.98683903631197,0.990820032819184,0.989190724856178,0.986536171140558,0.983060302314112,0.993752167790399,1.0196493665437,1.01845217961938,0.995137449559585,1.02589308765495,1.01506505398826,0.997855459551995,1.01468254414496,1.01586652226667,1.04760633410161,0.978026289879135,0.980327755297171,0.993950450414469,1.00754322320737,1.04667507619885,1.06163034992014,1.02586888220473,1.02147046717583,1.02872246073155,1.00026497455387,1.00025546206711,1.00047923118492,1.00094705148933,1.00142716930082,1.00087730648669,1.00084948671743,1.00036353723617,1.00097924541206,0.998798253927551
17.4049257230351,8.39084662138128,0.471197840821089,1.02169251087193,1.01448798346169,0.988626106292843,0.953907195309303,0.952286572186619,0.953113599058171,0.946843870774795,0.947992964587895,1.01522726072539,0.959541467851055,0.95617432918419,0.93910560828279,0.958115599567177,0.959034935234397,0.967001565240123,0.984964265018342,0.988978920756385,0.987377902648304,0.984572126118857,0.980965724827926,0.991988079918516,1.01804333909594,1.0168581014108,0.993275720903261,1.02465119400674,1.01334557695814,0.996092860823266,1.01278193747922,1.01395443366105,1.04653475536006,0.976370619657874,0.978747207018704,0.992196115513676,1.00528387659443,1.04528048692682,1.06039768287229,1.02480964230569,1.01963523209326,1.02822434585595,1.00022470004018,1.0002059661018,1.00038059322008,1.00084727025398,1.00125719481538,1.00079467320348,1.00077070922231,1.00030899926533,1.00083297352723,0.998877830945134
17.4309977501799,8.40951842683002,0.478875799479265,1.02033512450245,1.01296898518067,0.987014578920962,0.9522576022166,0.950583836654373,0.951410493394939,0.94512307703193,0.946268837202669,1.0139345855344,0.9579044996706,0.954508211687266,0.937484156570239,0.956476786731871,0.957373713817732,0.96528888042796,0.983222525871595,0.987272359935164,0.985696344164566,0.982754007266446,0.979038005609251,0.990341422225963,1.01653732998616,1.0153631906486,0.99154352772531,1.02348551355337,1.01177324415081,0.99447107405288,1.01107844014968,1.01224815002445,1.0455390588138,0.974832149044283,0.977305112204625,0.990565224687574,1.00321539647078,1.04396705358531,1.05923422446052,1.02380875854082,1.01800768268625,1.02775315262228,1.00017317741477,1.00015747183143,1.00027075312333,1.00072601898817,1.00105796954753,1.0006909541539,1.00067310655456,1.00024182179944,1.00066428967038,0.998977343332737
17.4570697773246,8.42226841088279,0.485778530932229,1.01911764768298,1.01161713660192,0.985578256291011,0.950787698401902,0.949065484009823,0.949892202409884,0.943587368099278,0.944729203833981,1.01277181242817,0.95645371521061,0.953028994229166,0.936044957867189,0.955022588045194,0.955895277124668,0.96375876165731,0.981665003503528,0.985751845089816,0.984197692233601,0.98113315259559,0.977329600405059,0.988860365617213,1.01517579229193,1.01401117117592,0.989991616727354,1.02243719122938,1.01039673713954,0.993039746106758,1.0096207816132,1.01079550007321,1.04465148985754,0.973447661728672,0.976041712957591,0.989103896152866,1.00139155476973,1.04277347559712,1.05817430791931,1.0229010502099,1.01663138949027,1.02732709351336,1.00011112858318,1.00010939038082,1.00015447901691,1.00058551838729,1.000835852417,1.00056745266951,1.00055752295392,1.00016345978118,1.00047893261534,0.999094349701342
17.4908374941054,8.43013688677017,0.493145413507414,1.01782175673391,1.01018692509595,0.984051676601024,0.949222025021552,0.947445007248928,0.94827140549575,0.941947711588009,0.943084973816288,1.0115254917702,0.954918254623919,0.951459348071855,0.934518648146082,0.95348133775955,0.954322446766321,0.962121518742474,0.979995570932766,0.984133069766826,0.982602983100628,0.979399298350303,0.97551564566478,0.98725828451325,1.0136902107307,1.01253549113532,0.988323228014931,1.02131426170703,1.00897228402552,0.991538824105062,1.0081623186876,1.0093527799003,1.04371035206004,0.971938913827552,0.97472508912018,0.987528776522843,0.999467163537917,1.04146176222919,1.05700402802699,1.02191617400447,1.01527804332878,1.02686959765955,1.00001723178779,1.00004546570394,1.00000193832496,1.00037936964278,1.00052496219211,1.00038126719178,1.00038308964029,1.0000485377632,1.00022384653307,0.999267087314928
17.5246052108862,8.42921779770578,0.498226356201512,1.01691600698179,1.00918749725176,0.982972013573821,0.948106471794671,0.946285156520251,0.947109953712211,0.94077519275504,0.941910140694232,1.01063998295983,0.953832437686174,0.950345076995155,0.93343611553029,0.9523891835152,0.953202524034467,0.960943869234274,0.97879030899469,0.982980535507613,0.981470334472047,0.978146274914288,0.974217294084566,0.986083615915326,1.01258655099721,1.01143732772793,0.987112420636443,1.02051462868739,1.00801115602003,0.990499903435179,1.00723683028132,1.00845019369329,1.04304913267538,0.970808305236538,0.973813993246013,0.986374520017022,0.998099500080729,1.040475270046,1.05611583614506,1.02119697137473,1.01444594237257,1.02654627840644,0.999911291458572,0.999976243473495,0.999854472660941,1.00015154509456,1.00019942319048,1.00016999288365,1.00018370135675,0.999922643829766,0.999962239621893,0.999457760245577
17.5699885524435,8.41577392554647,0.500999050276941,1.01640476999931,1.00860840011675,0.982313042788662,0.947402497949102,0.945542043950296,0.946361545824119,0.940028650639322,0.941165911545613,1.01010373950066,0.953156482123885,0.949644398256535,0.932757355801867,0.951706428523202,0.952494255780556,0.9601753495839,0.977993834508537,0.98225463529191,0.98076537096262,0.977302184402757,0.973360096965462,0.985270619775068,1.01179007355612,1.01064212157467,0.986299664868323,1.02002239483821,1.00751333642267,0.98990570050365,1.00687344535911,1.00812162858913,1.04265931013396,0.969972779302072,0.973274336265909,0.985563288844851,0.997207607566562,1.03974040811464,1.0554323362237,1.02071622535926,1.01417182007248,1.02635814651386,0.999758547552322,0.99986788099426,0.999675099231389,0.99982486993303,0.999760605655255,0.999858691778192,0.99988543811555,0.999746010829634,0.999619952045926,0.999728901109615
17.6153718940007,8.39149867197882,0.498671285341207,1.0167429031213,1.00893760242809,0.982600345001574,0.947651558927391,0.945780337574031,0.946591453979681,0.940281236450135,0.941427904594636,1.01036067949282,0.953408307453084,0.949892646058403,0.933001220855852,0.951955063933832,0.952737814022774,0.960387631696005,0.978191423882307,0.982513854226049,0.981038112420422,0.97746519507775,0.973553914261734,0.985397014417153,1.01185247683537,1.01069546946761,0.986475057758562,1.02022724107637,1.00793290358677,0.990253368701256,1.00749297799157,1.00877430675594,1.04286210023709,0.969987991602162,0.973521967759378,0.985645365711322,0.997423066867686,1.03975222676391,1.05539442339078,1.02082237085218,1.01482435069448,1.02646916592196,0.999605123747455,0.999736490273909,0.999523558243911,0.999492081777885,0.999341456715085,0.999532536751535,0.99956628600613,0.999572649080384,0.99930715593584,1.00000123954709
17.6511437845089,8.36605513764011,0.493655766279971,1.01757652955102,1.00980365470013,0.983462444913602,0.948492544589681,0.946636921381383,0.947440243739514,0.941160891840608,0.942319126885875,1.01109851497856,0.954231139861675,0.950729482170321,0.933815923779698,0.952778671877635,0.953572100452065,0.961218107481482,0.979019900113788,0.983380678125517,0.981910470141153,0.9782668907311,0.974403695542113,0.98613671163246,1.01248503852053,1.01131586475261,0.987284013406794,1.02085308124045,1.00886223493368,0.991150473740409,1.00860756871766,1.00990995209748,1.04341978712471,0.970608500942631,0.974235710286035,0.986307515161713,0.998321669662784,1.04027016210828,1.055799342858,1.02130251112697,1.01592168541204,1.02675668377557,0.999492189260638,0.999615848484256,0.999424730426035,0.999239214677367,0.999038142806869,0.999278599202741,0.999312604381974,0.999446805961595,0.999092756464454,1.00020531862425
17.6869156750171,8.33729454009994,0.485802918904465,1.01884056162414,1.01114144192604,0.984828892821092,0.949852258434536,0.948034826296304,0.948831159797444,0.942588956631473,0.943760063122809,1.01225143771743,0.95555550865046,0.952083174999421,0.935131718479139,0.954106735594058,0.954924459261057,0.962592047551708,0.980404150777121,0.98478381135118,0.983310659206546,0.979635228269126,0.975840038416272,0.987417596740212,1.01362580619461,1.01243860009783,0.98865089389676,1.02183839096107,1.01025398469384,0.992539632952722,1.01019414735978,1.01151226687854,1.04428669399787,0.971754867657857,0.975358664429958,0.987480625531156,0.999836173219235,1.04124108393686,1.0565959902756,1.0220932513052,1.01745479798624,1.02719534049868,0.999393507203472,0.99948357243333,0.99934218561521,0.999007379616529,0.99876815905582,0.999040667047113,0.999070536398887,0.999337525175369,0.998914280426746,1.0003904117052
17.7226875655253,8.30571502419948,0.476241552980021,1.02043622253177,1.01285035068002,0.986597738493039,0.951635537784394,0.94988163808606,0.950673616742828,0.944470590136041,0.945653998267805,1.01373325187427,0.957292111863242,0.953863463930239,0.936859719187167,0.955848462247581,0.956699024400523,0.964403424484108,0.982233895057286,0.986614653804519,0.985132031117266,0.981447914181659,0.977733111521537,0.989132914570795,1.01516929399804,1.01396021213383,0.990465702772987,1.02310040793001,1.01200068162261,0.994313368806607,1.01213547494523,1.01346308919198,1.04539858974987,0.973368794113433,0.976816221228571,0.989048674683837,1.00182437129681,1.04256567351354,1.05769061804233,1.02312755065381,1.01931100467991,1.02774897259266,0.999314471196028,0.999346550776662,0.99927300048357,0.998807502192922,0.998538447920863,0.998830678658302,0.998853171859808,0.999250028192257,0.998776402123504,1.00054877714584
17.7494554394278,8.2813058521728,0.467922462660668,1.0217810808462,1.01431127942334,0.988127573497242,0.953193255856417,0.951501781656947,0.952293239827222,0.946116482812994,0.947306748356506,1.01499864942156,0.958812204925846,0.955423531469181,0.938373062485896,0.957373023857049,0.958252164390451,0.96599889438263,0.983852017354807,0.988214783327345,0.98671698112003,0.983070242713991,0.979431109198429,0.990666328330667,1.01656460317741,1.01533735763486,0.992076239440287,1.02417805132838,1.01348723251871,0.995841054594752,1.01376813762911,1.01510070518495,1.04635093111103,0.974846084285026,0.978088508085745,0.990467402007861,1.00361751779918,1.04377790632941,1.05870220645755,1.0240215362824,1.02086822719425,1.02821397215455,0.999270665327657,0.999246442839847,0.999228397288181,0.998684738893902,0.998396474091146,0.998698590189466,0.998714392822329,0.999201239726649,0.998701712411541,1.00064586614163
17.7762233133303,8.25635818078891,0.459450365013856,1.02319667187804,1.01586548584503,0.989767682196467,0.954878773458149,0.953263009005956,0.954057141923565,0.947902360163502,0.94909687935259,1.01634493805164,0.960462009394192,0.957118544498282,0.940015738492141,0.959026284356041,0.959933842688751,0.967725166638948,0.985603239891833,0.989937085441861,0.988420296783172,0.984826452984995,0.981267331775163,0.992333362339542,1.01808618852942,1.01683875678609,0.993821952947946,1.02531874298267,1.01505989125823,0.997469965948624,1.01548151648464,1.01681667779724,1.04736559940631,0.976501683700719,0.979469583897036,0.992003001569607,1.00555304745072,1.04509948285885,1.05980294809925,1.02497526081351,1.02249648760017,1.02870105834534,0.99924139263969,0.999154070849402,0.999189013339915,0.998589170590181,0.998282812548903,0.998593152561137,0.998602194398506,0.999168158542971,0.998652360481157,1.00072179649593
17.811500445903,8.22375224051165,0.44800916263632,1.02508318010083,1.01797088718428,0.992013079749837,0.957211717291955,0.955711052384177,0.956514046216681,0.950377398511253,0.951571772372447,1.01816127682979,0.962758353867772,0.959477987734213,0.942301098785573,0.961325300027058,0.962266986613808,0.97012494584438,0.988043589020346,0.992315878251366,0.990764097074289,0.987302101551709,0.98386987652643,0.994670444506677,1.02023128977748,1.0189574219053,0.99625959129418,1.02685344440606,1.0171916163811,0.999696837489888,1.0177964084476,1.01913476325296,1.04874182177635,0.978877400156864,0.981402266149792,0.994181118086102,1.00831845263501,1.04697538778478,1.06137331856078,1.02626843894061,1.0247001125045,1.0293447403242,0.99922585824165,0.999053309453726,0.999145123902384,0.998509644597858,0.998180163940513,0.99850144885376,0.998502782531383,0.999149465178569,0.998626559105232,1.00078639780638
17.8467775784757,8.19190210253395,0.43721941682236,1.02690141533262,1.02004419506525,0.994250294607182,0.95956779759727,0.958195535962486,0.959013656983994,0.952880518694572,0.954067378066882,1.01993624668626,0.965096828155044,0.961879741917981,0.944625942291817,0.963662613987748,0.964629864691741,0.972551643012698,0.990512902481976,0.994704491975058,0.993110044942699,0.989825889451069,0.986533239381711,0.997044891761076,1.02241790512896,1.02111684549783,0.998729541173494,1.02834917162746,1.0192931958415,1.00191073804869,1.02007409615088,1.02141579221332,1.05009927648936,0.981366305926718,0.983391168680973,0.996403629450547,1.01115886586738,1.04888874621089,1.0629751194603,1.02753930881031,1.02687042217689,1.02995698609548,0.999236276384178,0.998986280978437,0.999112176911288,0.998486311205068,0.998134944612717,0.998468895417976,0.99846499687008,0.999158979195273,0.99864500257188,1.00080837598895
17.871665016256,8.17041552521602,0.430072990333532,1.02809823196376,1.02143969962868,0.995773313969831,0.961191455271071,0.959913655707178,0.960745810980266,0.954605387055554,0.955782212014924,1.02111872917378,0.966722931324692,0.963547684069938,0.946240275729817,0.96528556402723,0.966264044899724,0.974229376686123,0.992222593177275,0.996345214112441,0.994715351651603,0.991596085371925,0.988415272074053,0.998694028872099,1.02394067140325,1.02262227196249,1.00044155356336,1.02934626651664,1.02071520179791,1.00341905621713,1.02161839256924,1.02296388318634,1.05101401045608,0.983130238488411,0.984792752604169,0.997969571292141,1.01318486769618,1.05022655867249,1.06410072543364,1.0283924375632,1.02834858415533,1.0303540196867,0.999258561475171,0.998964384598194,0.999097464036426,0.99850461492889,0.998139566390381,0.998483602248975,0.998477893529328,0.99918208084746,0.998683999135232,1.00079757589215
17.8965524540363,8.15011087209264,0.423636246745118,1.02919698979326,1.02274574873235,0.997212049646691,0.962742127500439,0.961559203377782,0.962407761236263,0.956252651647698,0.957416114838714,1.02221570699676,0.96828925711766,0.96515218424027,0.947792961077865,0.966846321499637,0.96782951969032,0.975832479167146,0.993856125212945,0.997904429544568,0.996237091258314,0.993301214462122,0.990236631350793,1.00027168872342,1.0253995481377,1.02406459933806,1.00207801238685,1.03027128870111,1.02205112414694,1.00484357893053,1.0230713657975,1.02442158036335,1.05187089022745,0.984848595264592,0.986161420536729,0.999479094046219,1.01515442044766,1.05150721504041,1.06518140262107,1.02918829978409,1.02974282722001,1.03071331109498,0.999292120937356,0.998966569990504,0.999092077963165,0.998551311498581,0.998175539659645,0.99852987281112,0.99852398167938,0.999217735953704,0.998743475103343,1.00076514224106
17.9265912464707,8.12765178975648,0.416819744175543,1.03036948033145,1.02417328930823,0.998802216687218,0.964477258416835,0.963404860616337,0.964275262719632,0.958093754250663,0.959237386173882,1.02340007584347,0.970060938069343,0.966962933165984,0.9495456282056,0.968608620183462,0.969588724302958,0.977629468512947,0.995687727555332,0.999641221439766,0.997926548058313,0.995238016596915,0.992321054290897,1.00204159642616,1.02703750687093,1.02568574082877,1.00391337733713,1.03127334837161,1.02352141093106,1.00642004299398,1.02467585598868,1.02603329607108,1.05280840778956,0.986806517630293,0.98773817214334,1.00119936761869,1.01742748763544,1.0529461666582,1.0664051192613,1.03005596839478,1.03128971784109,1.03108968337313,0.999345826695599,0.999002951768111,0.999101252869913,0.998643562524034,0.998261279470516,0.998626312018176,0.998622097513329,0.99927568834298,0.998840697348573,1.00069825134814
17.956630038905,8.10795495909769,0.411159666432525,1.03136129927963,1.02541566672197,1.00020395360396,0.966028481579083,0.965058206721545,0.96595142241496,0.959736470387525,0.96085759328813,1.0244157750019,0.97166580185869,0.968598084178136,0.951129080952723,0.970201622877745,0.971169806767841,0.979237962677748,0.99732640028619,1.0011845757582,0.999422741806538,0.996995995966323,0.994228005631082,1.00362399738955,1.02850260046945,1.02713746570154,1.00555514152356,1.03213817106266,1.02481155549829,1.00781145319274,1.02608811521171,1.02745373656665,1.05362513929083,0.988583957730275,0.989199873399686,1.00276569174049,1.01952402935207,1.05423185051935,1.06751101048291,1.03081046751179,1.03265740901708,1.03140105024921,0.999411689869946,0.999075946223508,0.999131132675629,0.998771772146607,0.998392855741527,0.998763896328641,0.998762878529439,0.99934764669903,0.998963150217693,1.00060300094164
17.9777509338849,8.09604134442086,0.407854930030966,1.03194849456452,1.02617059336713,1.00106579561252,0.966994187096798,0.966088539498564,0.966997540392392,0.960756549661828,0.961861144859111,1.02502497558006,0.972677526535648,0.969625396393414,0.952124661951158,0.971204035938283,0.972159326566938,0.980240513185681,0.998347031627192,1.00214019343692,1.00034638686523,0.998107190186336,0.995442728369856,1.00460766727046,1.02941285568641,1.02804104120405,1.00657713523177,1.03266135824133,1.02560210885022,1.0086681975563,1.02695539086145,1.02832690811329,1.05412179385577,0.989700304486822,0.990142455702151,1.00375980076562,1.02087051107598,1.05502982524783,1.06820766276455,1.03127015653709,1.03350075113181,1.0315817920097,0.999463918658385,0.999147997681013,0.999166330201703,0.998881104993158,0.998511977667457,0.998882693615172,0.998884429427658,0.999405225710428,0.999062647592912,1.00052052035208
17.9988718288648,8.08596551299915,0.405102645751472,1.03244543229645,1.02682362674285,1.00181878324275,0.967846557306584,0.966998047544893,0.96792199986678,0.961654444458702,0.96274278953464,1.02554672335997,0.973580387267413,0.97053917767399,0.953010950152087,0.972097173099704,0.973036896461706,0.981125982395968,0.999247501025059,1.00297951541099,1.00115580979055,0.99910055577614,0.996535483083649,1.00547314989373,1.03021319382305,1.02883690855614,1.0074780598708,1.03311395604687,1.02629081901821,1.00941744484704,1.02771097507749,1.0290880137786,1.05455158964095,0.990688114483407,0.991001025223809,1.00465194962666,1.0220895786414,1.05572998022418,1.06882937358534,1.03167038294863,1.03423728081662,1.03173247555207,0.999519860727993,0.999235237103417,0.999214350149687,0.999003950132141,0.998651782885515,0.999016922418772,0.999021455307212,0.999467338253671,0.999171556540188,1.00042676045367
18.0199927238446,8.07787799497631,0.402875232054017,1.03285451750304,1.02737353022728,1.0024596276787,0.968579437931233,0.967779526716644,0.968717045783361,0.962423707099796,0.963496744628501,1.02598214488064,0.974366081542116,0.97133124078368,0.953780076268306,0.972873180836532,0.973795568040643,0.981887910628783,1.00002125231369,1.00369750595749,1.00184669976267,0.999967455960313,0.997495705040805,1.00621369968235,1.03089699150675,1.02951865533529,1.00825120841511,1.03349697696584,1.02687535779191,1.01005575307582,1.02835114161285,1.02973294552899,1.05491364580596,0.991535791608291,0.991765499685081,1.00543462883025,1.02316841008241,1.05632669784738,1.0693715466074,1.03201165619918,1.03486251542441,1.03185499449077,0.999578543725798,0.999335372157136,0.999275643749709,0.999138121847541,0.998810670412332,0.999163813898132,0.999170876401999,0.999532940823783,0.99928833240976,1.00032320780639
18.0411136188245,8.07192092191487,0.401147114763815,1.03317906507488,1.02782025314239,1.0029863738711,0.969188176145944,0.968427509866111,0.969376744197138,0.963059672753595,0.964119001513944,1.02633348405515,0.975027540967769,0.97199485938893,0.954425480367745,0.973525394244255,0.974429734305266,0.982521259156452,1.00066318737679,1.00429052488181,1.00241613606768,1.00070028719537,0.998313491133472,1.0068243094879,1.03145967413538,1.03008163397532,1.00889142414803,1.03381207498497,1.02735433323958,1.01058081809033,1.02887295768449,1.03025838704854,1.05520779384496,0.992234226701363,0.992426237379572,1.00610092171381,1.02409422215557,1.05681597539813,1.06983051070093,1.03229507694209,1.03537252531387,1.0319515176932,0.99963902204323,0.999445658316615,0.999350185026685,0.999281298864732,0.998986589789776,0.999320331382488,0.999329370514883,0.9996010049632,0.999411306117361,1.0002115074243
18.0622345138044,8.06819770626758,0.399892378359541,1.03342238386327,1.02816420285534,1.00339771747483,0.969668954361553,0.968937556644908,0.969896238285685,0.963558628444043,0.964606425929337,1.02660305627088,0.975558543410703,0.972524217500665,0.954941466416449,0.974048011618284,0.974934628686858,0.983022036848235,1.00116941926314,1.00475590710637,1.00286203894459,1.00129288306337,0.998980683350005,1.00730128061946,1.03189780310085,1.03052236875988,1.0093948224746,1.03406092084841,1.02772699204763,1.0109911037328,1.02927450622998,1.0306620978366,1.05543424875487,0.992776469450077,0.992974124699177,1.00664524007689,1.02485643263271,1.0571950510102,1.07020322148274,1.03252184414847,1.0357646135141,1.03202406528176,0.999700385480442,0.999563008024737,0.999437404507376,0.999431065873676,0.999177046308801,0.999483244398799,0.999493467783264,0.999670529324339,0.99953870390868,1.00009343511945
18.0833554087843,8.06677973194224,0.399090680854468,1.03358734373903,1.02840593521206,1.0036927596083,0.9700186844855,0.969306156863818,0.970271697358587,0.963917690788067,0.964956612070469,1.02679287738216,0.975953667381277,0.972914385291624,0.95532314577979,0.974435987477502,0.975306226273775,0.983387112920062,1.0015370252359,1.00509170538482,1.00318291931196,1.00174015833027,0.999490330185592,1.00764211271379,1.03220927153475,1.03083859214156,1.00975856824955,1.03424486796118,1.02799286908944,1.01128553880047,1.02955444259329,1.03094249596572,1.05559332087305,0.993157660692304,0.993400640415429,1.00706285497617,1.02544579388489,1.05746238757729,1.07048726366081,1.03269296941092,1.03603680708633,1.03207430891666,0.999761771379922,0.999684126934473,0.999536159124583,0.999584964682682,0.999379133648094,0.999649228953328,0.999659667250444,0.999740551482454,0.999668675844813,0.999970867358082
18.1044763037641,8.06769616081986,0.398729661674628,1.03367589469375,1.02854575493094,1.00387062812084,0.970234679330988,0.969530378484519,0.970499964808999,0.964134403830177,0.965167451773603,1.0269041367929,0.976208107793641,0.973161069990379,0.955566222355675,0.974684852042625,0.975540985896136,0.98361393839077,1.00176377398219,1.0052963742102,1.00337752996785,1.0020379918498,0.999836747094628,1.00784516760998,1.03239283368,1.03102886018475,1.00998058853474,1.03436460190275,1.02815151632346,1.01146322138573,1.02971187578733,1.03109856116747,1.05568520750128,0.993374746294839,0.993697935729786,1.00734985838123,1.02585470890118,1.05761730725739,1.07068056978177,1.03280897535686,1.03618787358979,1.03210334456853,0.999822367555286,0.999805653045736,0.999644731118051,0.999740534033483,0.999589581081435,0.999814959666568,0.999824540775446,0.99981015363876,0.999799325962557,0.999845749429813
18.125597198744,8.0709330620143,0.398806859845306,1.03368880739689,1.02858351664934,1.00393031968663,0.970314573527286,0.969607779200707,0.970578482645853,0.964206621517945,0.9652369978088,1.02693693979053,0.976317691712955,0.97326060565779,0.955666986479499,0.974790706376394,0.975635812929321,0.983700460483243,1.00184801338792,1.00536863426226,1.00344471959286,1.0021831459166,1.00001544684014,1.00790957342636,1.03244807220261,1.03109250075027,1.01005946079275,1.03441994742159,1.02820234261788,1.01152327028654,1.02974622825398,1.03112971160936,1.05570983646069,0.993426373571418,0.99385902132967,1.00750307461121,1.02607716259611,1.05765992596858,1.07078143497,1.03286972618778,1.03621720155361,1.03211157110504,0.999881414823034,0.999924299090233,0.999760862882851,0.999895347954593,0.999804820952779,0.999977205850373,0.999984835274394,0.99987846508813,0.999928746653573,0.999720062388825
18.1512679339811,8.07789861194734,0.39950198769383,1.03360194369593,1.02849112768522,1.00384217756155,0.97022566195064,0.96950156106121,0.970469685098778,0.964097364444928,0.965128847166697,1.02686962774429,0.976251029560101,0.973179344443717,0.955593609711824,0.974722294731032,0.9755590721772,0.983614653609839,1.00175714387254,1.00527684281152,1.00335339460654,1.0021507907467,1.00000234349024,1.00780117641074,1.03234312550897,1.03099962567419,1.00996164377418,1.03439893696641,1.02811794125578,1.01143670883057,1.02962203081897,1.03099934259453,1.05564872801693,0.993267176346169,0.99386297695877,1.00750580299299,1.02609045065094,1.05756191026762,1.07077772147173,1.03286791402366,1.03608914755935,1.03209302111455,0.99995004805034,1.00006008832588,0.999908059275449,1.00007899157545,1.00006721958614,1.00016520914829,1.00016909275284,0.99995853135316,1.00008159175076,0.999569485747909
18.1710728455535,8.08543986927702,0.400508856045084,1.03345599471393,1.02831478685761,1.0036521758058,0.970015784789847,0.969267838528647,0.970231135227631,0.963863617087633,0.964899084216402,1.0267348173997,0.976047057591633,0.972962707658502,0.955387755990072,0.974519175529439,0.975353759326016,0.983404099618462,1.00154146100073,1.0050703873912,1.00315203931315,1.00196778866384,0.999817597959698,1.0075779508545,1.03213400774331,1.03080090831819,1.00974062203849,1.03431435917168,1.02794212656591,1.01124924222642,1.02940168627338,1.03077279009422,1.05553250444993,0.992979572961271,0.993717707271715,1.00736861681511,1.02590542955176,1.05737524603941,1.07067912142879,1.03280806841643,1.03586816281871,1.03205609477811,1.00000000656892,1.00015588092961,1.00002310147956,1.00021507753023,1.00026643493961,1.00030065907524,1.0003007598651,1.00001732129998,1.00019439387511,0.999456858829453
18.1908777571259,8.09472163361192,0.401965525606796,1.03323653653212,1.02804393756966,1.0033529184365,0.969679476785368,0.968898513936653,0.969854419612175,0.963495826811337,0.964537694038909,1.02652219404382,0.975706721922847,0.972608345672514,0.955048585120909,0.974182012797673,0.975018007520203,0.983065802657153,1.00119762327786,1.00474393652352,1.00283439645691,1.00164553205357,0.99947949761375,1.00723202956954,1.03181110650204,1.03048991745647,1.00939168950864,1.03416630860514,1.0276678858961,1.01095460200948,1.02907267023688,1.03043639992262,1.05535426709342,0.992548444666782,0.993438907403878,1.00710839162908,1.02554944543703,1.05709063267939,1.07049420774467,1.03269407186516,1.03554134850297,1.03199682029551,1.00004677939295,1.00024169180544,1.00013625754973,1.00034426987856,1.00045913690132,1.00042544978979,1.00042117728922,1.00007281754412,1.00030111112015,0.999349100244451
18.2106826686983,8.10559839356143,0.403869057901872,1.03294477637381,1.02768037069904,1.00294706764297,0.969221149830134,0.968399135376543,0.969345830164713,0.962999482446382,0.96404992121033,1.02623366360648,0.975233961087974,0.972121202329717,0.95458017207826,0.973714125774471,0.974555682584964,0.982603619942189,1.00072953877788,1.00430063651103,1.00240331219343,1.00118718467668,0.998990617869651,1.00676961292597,1.03138357053415,1.03007406102529,1.00891928923261,1.03395480595925,1.02729688653291,1.01055520948404,1.02863727157456,1.0299932624849,1.0551152498606,0.991984057966723,0.993028865820991,1.00672739874627,1.02502452716699,1.05671621328101,1.0702279222394,1.03252608145777,1.03511192561084,1.03191535087258,1.00008990003733,1.00031607597055,1.00024466893989,1.00046493577883,1.00064217736907,1.00053791991291,1.00052889842087,1.00012444803947,1.00040043893916,0.999247676464415
18.2304875802707,8.11791744111219,0.406239112587923,1.03257663546316,1.02722292319693,1.00243425859314,0.968641156833069,0.967770297892082,0.968706106376327,0.962374559127253,0.963435283148578,1.02586485397735,0.974629760849805,0.971502131809699,0.953983471253122,0.973116606503985,0.973967592698979,0.982019064128718,1.00013918721584,1.00374160021459,1.00185934326975,1.00059492735376,0.998353815980603,1.00619310511878,1.03085324056547,1.02955542609449,1.00832569257226,1.03367720794229,1.02682915378407,1.01005146115864,1.02809722843495,1.02944532683439,1.05481475503929,0.991290667957371,0.992488653520279,1.00622728307605,1.02433428401111,1.05625397568994,1.06988084462489,1.03230183761952,1.03458236587965,1.03180908610281,1.00012892271774,1.00037798121472,1.00034550776381,1.00057555388518,1.00081255771844,1.00063669410075,1.00062280081054,1.0001716566235,1.00049118218833,0.999153953343343
18.2502924918431,8.13145008483262,0.40912404668812,1.03212954016076,1.02667045573164,1.00181408020748,0.967940396490844,0.967013606012081,0.96793709627759,0.961622211005138,0.962694514004696,1.02541331748298,0.973896038122937,0.970752987668822,0.953260264080014,0.972391310918129,0.973255003360447,0.981313366226727,0.999428031849478,1.00306748765432,1.00120269768614,0.9998706130094,0.997572193802433,1.00550392494602,1.0302202826324,1.02893454485283,1.0076124613669,1.0333303661158,1.02626427628126,1.00944331431335,1.02745419653943,1.02879450331431,1.05445220316163,0.990473264235681,0.991820593498012,1.00560924228889,1.02348336741982,1.05570415465145,1.06945144587709,1.03201874418191,1.03395531122505,1.03167630610071,1.00016343584524,1.00042679368373,1.0004361035851,1.0006747443774,1.00096750798845,1.0007207394466,1.00070210794104,1.00021391672162,1.0005722875182,0.999069177681174
18.2700974034155,8.14599998975397,0.412508419723944,1.03160275406205,1.0260256313477,1.00109087817486,0.967125420498283,0.966136513653565,0.967046792775694,0.960749261740541,0.96183386739667,1.02487871387519,0.973040319786071,0.969881564876935,0.952417910470339,0.971545386178755,0.97242486187259,0.980493521089272,0.998603208710643,1.00228417435961,1.00043861813634,0.999021538691261,0.996653458339461,1.00471069691014,1.02949502203391,1.02822077094109,1.00678719004569,1.03291458064923,1.02560592171653,1.00873540736517,1.02671324311503,1.02804654064407,1.05402934808449,0.989544252832379,0.991032249148256,1.00487937751277,1.02248002778579,1.05507636528234,1.06894712814764,1.0316770620045,1.03323676128833,1.03151567135531,1.0001930629092,1.00046233537519,1.00051405681171,1.00076129125844,1.00110455054712,1.00078938965775,1.00076640722293,1.00025074130103,1.00064285910134,0.998994458650391
18.2899023149879,8.16138085821159,0.416391699621089,1.03099628329936,1.02529083458366,1.00026852738516,0.966202069940142,0.965145689146538,0.966042175789464,0.959761871699007,0.960859031657477,1.0242617332906,0.972070031327878,0.968895146994417,0.951463522692286,0.970586085022045,0.97148368441992,0.979565823652614,0.997671155004586,1.00139700878676,0.999571894098479,0.998054773204807,0.995606070079695,1.00381975695405,1.02868272173255,1.02741960953368,1.00585646765372,1.03242962764512,1.0248573612232,1.00793180497932,1.02587931627723,1.02720653979966,1.05354779989626,0.988512876500715,0.990131931648692,1.00404358323969,1.02133436470676,1.05437508209295,1.06837127726664,1.03127643826558,1.03243205670995,1.03132642642272,1.00021744924016,1.00048478981751,1.00057731329205,1.00083412627348,1.00122154505035,1.0008422563774,1.00081555497716,1.00028166695355,1.00070214471612,0.998930751920476
18.315389796908,8.18202259581571,0.422074122595727,1.03011023736263,1.02422669835616,0.999081243055338,0.964877104093292,0.963729206131061,0.964608409887887,0.958348771275794,0.959461970958275,1.02336113088213,0.970677976049191,0.967482857938655,0.950094988274227,0.969208326943812,0.970131818503946,0.978232894820764,0.996332526459254,1.00011978289807,0.998322496982762,0.996656771729097,0.994089947531279,1.0025484328579,1.02752884313311,1.02627781151468,1.00452227582227,1.03171168120438,1.02377404378798,1.00677162309616,1.02468307786317,1.02600465408597,1.05285083821209,0.987064824283769,0.988834201865729,1.00282825553487,1.01967404902572,1.0533803101824,1.06753664311824,1.03068061041637,1.03128365521977,1.03104455807519,1.0002406045048,1.0004953552833,1.00063446993162,1.00090621954081,1.00133973749177,1.00088698157347,1.00085677509357,1.0003120817095,1.00076086723264,0.998866257163562
18.3408772788281,8.20317753444135,0.428560124708434,1.02909835235711,1.02303069790839,0.997753090974805,0.963404052416236,0.962159038746435,0.963020797129367,0.956778739008499,0.957906540503208,1.02233206007264,0.969135058611108,0.965917780406907,0.948578194834137,0.967681289911658,0.968630808980352,0.976754168622563,0.994849205034905,0.998699372178461,0.996929911574598,0.995099671879825,0.992403001022729,1.0011461063707,1.02625611084698,1.02501791222305,1.00304640359944,1.03088485120174,1.02256154991514,1.00547648060992,1.02335952531311,1.02467742935725,1.05206806650847,0.985489889355526,0.987394085542608,1.0014679156255,1.01782808785143,1.05228601888849,1.06660213168987,1.02999148159719,1.03002022657647,1.03071403055643,1.00025402485682,1.00048695988804,1.00066252614236,1.00095275646732,1.00141921272942,1.00090599538821,1.00087400533869,1.00033128035137,1.00079909993292,0.998822512944023
18.3663647607482,8.22444934939402,0.435676544919408,1.02798290031956,1.0217294774963,0.996315580540563,0.961822091362705,0.960478286166654,0.961323880881507,0.955094868561895,0.956235238633354,1.02120078966496,0.967484372237251,0.964244062063005,0.946955038761345,0.966046115189596,0.967020401258962,0.975165418091476,0.993255595320593,0.997168305198219,0.995426281225199,0.993419774634982,0.990584250924497,0.999646673533997,1.0248986335424,1.02367183024013,1.00146319143504,1.02996727818176,1.02124538022906,1.00407499055995,1.0219346032729,1.02325144775757,1.05121681757375,0.983832947994398,0.985855855454834,0.999993881574079,1.01583898980436,1.05112042516259,1.06559174601818,1.02922384196842,1.0286665215337,1.03034258120739,1.00025730775122,1.00046196228246,1.00066078673289,1.00097289240011,1.00145847579142,1.00090042408476,1.00086855349675,1.00033869573029,1.00081642748635,0.998800271064484
18.3918522426683,8.24545631002413,0.443296183003744,1.02678564632683,1.0203478128288,0.994797172869189,0.960164941964,0.958723465813888,0.959554601176262,0.953333720426179,0.954484277330822,1.01999167889158,0.965763821063202,0.962499417994223,0.945262262946928,0.964340057963538,0.965335694112519,0.97349887920466,0.991583223102463,0.995556526432293,0.993841128984697,0.991650404688923,0.988670775461286,0.998078614157655,1.02348050319732,1.02226429675027,0.999803700898207,1.02897534243828,1.01984946777434,1.00259348541225,1.02043356781606,1.02175151592712,1.05031317996268,0.982128229402626,0.984258516803548,0.998435011248698,1.01374825694179,1.04990360042811,1.06452467454159,1.02839088928701,1.02724578598965,1.02993774788809,1.00025022371448,1.00042298811685,1.00063001722061,1.0009663534734,1.00145720104076,1.00087184796131,1.00084203205783,1.00033396761563,1.00081282129572,0.998799774800491
18.4113122395282,8.26112635406163,0.449320047218551,1.02583330337548,1.01925815835165,0.993605405851224,0.958874475095165,0.957360941975556,0.958182516366062,0.951964290140006,0.953120839953881,1.01903451114367,0.964430872494153,0.961147458519037,0.943949935036558,0.963016888902978,0.964025501342909,0.972198357968573,0.990276988209487,0.994294353165191,0.99259856718916,0.990264547152407,0.987173485736766,0.996857094835807,1.02237705237835,1.02116800366601,0.998508640509489,1.02818215919514,1.0187487562112,1.00142891802635,1.01925506898576,1.02057514223391,1.04960057895514,0.980819839237661,0.983027272409677,0.997209926161006,1.01211356837727,1.0489568855922,1.06368724760029,1.0277226035839,1.02613303812108,1.02961215086351,1.00023779755147,1.00038541400644,1.00058816510491,1.00094354172789,1.00142933780494,1.00083564591117,1.00080863657411,1.00032208905813,1.00079614562182,0.998813917120152
18.4381531377725,8.28184863809027,0.457719481392053,1.0244962877239,1.01773931010261,0.991952469346695,0.95710016481599,0.955493517240716,0.956304199474934,0.950084762455345,0.951246926780459,1.01769858979828,0.962610018882514,0.959299400703857,0.942155456510372,0.961207085680686,0.962227035210867,0.970404597475103,0.988472805676554,0.992546613331523,0.990876661327938,0.988345413785153,0.985102702941085,0.995172896184908,1.02085575766538,1.01965574066407,0.996720972596189,1.02706186234607,1.01721312577237,0.999809675499283,1.01761638702967,1.01894057474974,1.04860740253571,0.979044533369406,0.981357932703879,0.99550771807281,1.00985536731416,1.0476514048903,1.0625239232785,1.02677546379571,1.02458841792957,1.02915102326889,1.00021089304776,1.0003250480952,1.00050760440524,1.00088763981185,1.00135443942797,1.00076737762435,1.00074573097208,1.00029412274851,1.00075400097757,0.998853372110673
18.4649940360169,8.30136830834569,0.46594267972633,1.02317065204225,1.01624268477206,0.990332961261661,0.955380288558746,0.953690399967766,0.954493018534443,0.948267562648498,0.949432599938943,1.01638478743142,0.960859569409599,0.95752119831116,0.94042804427714,0.959464180876877,0.960487053110917,0.968656796663606,0.986710734984946,0.990835331656266,0.989189994997023,0.98646531671996,0.983076371185153,0.993530244730727,1.01937215383964,1.01817964355674,0.994975816985079,1.02594284219537,1.01569542792904,0.998216134168691,1.01599896012916,1.01732770318417,1.04762840244948,0.977345921147147,0.979769395159803,0.993833455112632,1.00764743122855,1.04637662061105,1.06137995332882,1.0258250068425,1.02306417064329,1.02869043838415,1.00017311685503,1.00025710985066,1.00040490137739,1.00080488200966,1.00123997874999,1.00068007052312,1.00066511831795,1.00025320723714,1.00069060270544,0.998914789159
18.4918349342612,8.31933206437359,0.47371558859441,1.02190122747011,1.01481406158099,0.988795350615978,0.953766259823712,0.952005621090087,0.952802853298808,0.946567914576861,0.947733560094234,1.01513836811593,0.959232733080984,0.955866447616698,0.938819921442133,0.957841077809064,0.958857473828667,0.967004739164708,0.985039942496032,0.989209234672267,0.987587522901623,0.984676679589762,0.98115118297894,0.99197265211972,1.0179630826828,1.01677721217833,0.993321157464345,1.024860951517,1.01423890927896,0.996693702872328,1.01444585751448,1.01577847264073,1.04669365432409,0.975768995237285,0.978311895528315,0.992233915033109,1.0055518512042,1.04516354386463,1.06028484335009,1.0249013165373,1.02159879206351,1.02824737572991,1.00012526591037,1.00018388103732,1.00028577378589,1.00069756128918,1.0010899308495,1.00057629572432,1.000568820941,1.0002002174595,1.00060731774304,0.998996382331027
18.5186758325055,8.33560374995093,0.480687391856821,1.02073456705515,1.01350160186054,0.987390608834484,0.952310914645652,0.950493978027239,0.951288352221379,0.945041880649812,0.946206451543743,1.01400562443391,0.957782270920687,0.954388836364072,0.937383246852274,0.956390322466605,0.957391253959524,0.96550096653424,0.983512787454712,0.987720152924949,0.986121150818033,0.98303610307441,0.979386935696192,0.990547881631232,1.01667226790672,1.01549143775883,0.991808382919364,1.02385511163075,1.01288970034522,0.995290845266886,1.01300175167494,1.014336533482,1.04583418348056,0.974359204797968,0.977032536985502,0.990759998497009,1.00363203421902,1.04404892654904,1.05927329010151,1.02403702727363,1.02023142639597,1.02783950033276,1.00006845706288,1.00010713108728,1.00015638470941,1.00056855896147,1.00090902278463,1.0004585433387,1.00045872838629,1.00013640522824,1.00050578821568,0.999095917572192
18.5455167307499,8.34986096155727,0.48663485614055,1.01971392430735,1.01234842391986,0.986162696300247,0.951058088963675,0.94920083684035,0.949994437767365,0.943736306199619,0.94489892469731,1.01302788960679,0.956550636547992,0.953131752431296,0.93616025205399,0.955154641788175,0.956131738484589,0.964188671775327,0.982172431751016,0.986411793518942,0.984835054225042,0.981588816956971,0.97783180873603,0.989293807047788,1.01553116158351,1.0143544719198,0.99047953982014,1.02296029810821,1.01168868933962,0.994049472952879,1.01170750709148,1.01304164858601,1.04507836824928,0.973153230466175,0.975967232167936,0.989452152077927,1.00193991374039,1.04305899421081,1.05836999998754,1.02326189117838,1.01899853238106,1.02748314093828,1.00000410010144,1.00002811705763,1.00002290524093,1.00042126925223,1.00070256056414,1.00032918656208,1.00033662339293,1.00006336338115,1.00038791554442,0.999210781649513
18.5813659191414,8.36548367420072,0.4924279657852,1.01864653740387,1.01112822600522,0.984872625729344,0.949772290857155,0.947886700193961,0.94868178820123,0.942410169577829,0.943569762159686,1.01202684467248,0.955313550508783,0.951865173083168,0.934926876558757,0.953907334814106,0.954843071611925,0.962811594742977,0.980752882143931,0.985024272454016,0.983475649839514,0.980045882426742,0.976175163842293,0.987958980344179,1.01430955003121,1.01313609355542,0.989069937016137,1.02199813831783,1.01038863130737,0.992718208827303,1.01028690250644,1.01161504148513,1.04427709957683,0.971921927935158,0.974930879731134,0.988046380126382,1.00013659191879,1.04199199521789,1.05738885286036,1.02241707792293,1.01762972495643,1.02711292027896,0.999909527054474,0.999920543501647,0.999848599933232,1.00020307092729,1.00039735858431,1.00014246305642,1.00015802938596,0.999954979770406,1.00020898812563,0.999382717089259
18.6172151075329,8.37670129244737,0.495544290969608,1.0179809053858,1.01033648898696,0.98404357301428,0.948984411776186,0.947099958808719,0.947898422378191,0.94161935879651,0.9427771636658,1.01143035845274,0.954588482633789,0.951118774492913,0.934197950507892,0.953168026273939,0.95405637841659,0.961920553173561,0.979814890862901,0.984108717875652,0.982587282122,0.979005947680112,0.975056852022384,0.987064643000084,1.01347783915591,1.01230505844932,0.988134451054567,1.02135482760631,1.00949735294105,0.991821095494728,1.00928080211996,1.01059581059927,1.0437546940654,0.97116949834286,0.974363214891464,0.987080459035274,0.99891298778449,1.04125245616489,1.05669770146744,1.02183527382022,1.01663424221668,1.02688702951565,0.999809102107738,0.999811664769162,0.999688656876258,0.999968898971644,1.00007077972466,0.999944285725752,0.999965464754873,0.999838744851055,1.00001059856713,0.999569169271295
18.6530642959244,8.38298676267373,0.49562954971334,1.01776019371664,1.01002104165046,0.983723105587364,0.948733137379247,0.94687662717131,0.947679346268031,0.941400419782097,0.942558367501198,1.01127225365668,0.954403898923144,0.950923054924397,0.934003635116497,0.952967715975618,0.953809119635872,0.961566291062526,0.979414773138625,0.98371978021308,0.982222199287022,0.978535781094344,0.974549983982209,0.986666140916421,1.01308955176325,1.01191491912708,0.987729746944728,1.02107225857824,1.00907142378408,0.991413555761915,1.00875424514524,1.01005010446326,1.04354282625231,0.970931216926496,0.974275510420905,0.986619678307104,0.998352391987358,1.04089199708119,1.05634375940884,1.02155418283564,1.01607766892265,1.02682057553813,0.999707701664704,0.999702458420587,0.999551366368942,0.999728928440217,0.99973694931633,0.999739868566772,0.999763738164026,0.999720149112307,0.999799290308361,0.999762174714782
18.6889134843159,8.38380360436659,0.492795873774512,1.01799588999299,1.01019828494493,0.983924710378106,0.949022236171893,0.947217336002703,0.948024578845721,0.941754204209717,0.942914659549481,1.01155562741766,0.954752356860142,0.951273008712245,0.934338860257412,0.953300990149652,0.954102359448373,0.961759584990922,0.979566327738131,0.983873577363581,0.982395974982185,0.978644406058484,0.97465954626073,0.986778277414382,1.01315956052038,1.01197944249019,0.987870084748769,1.02116593635121,1.00913456053702,0.991515908906507,1.00873773167287,1.01000956281776,1.04365227493967,0.971211972023413,0.974644471557485,0.98667031060153,0.998452700004665,1.04092184268146,1.05633458575778,1.02158914623445,1.01599057405716,1.02691642077203,0.99961024711855,0.999594229495585,0.99944128286481,0.99949322649605,0.999409583564704,0.999534675790079,0.999558420261671,0.999604759403879,0.999582362266013,0.999953642573061
18.715205728204,8.38054425663464,0.488928163318215,1.01844728500412,1.01063380711465,0.98439550163539,0.94956326685044,0.947808447802058,0.948618916547518,0.942359485305134,0.943522993321267,1.01202846294001,0.955327837015176,0.951857795998064,0.934903467125855,0.953867005783614,0.954646240545065,0.962242563390087,0.980024965825551,0.984326966468078,0.982859638927991,0.979093454456872,0.975136411787123,0.987185077484819,1.01350422806172,1.01231854697806,0.988317368720107,1.0214688091767,1.00949252690993,0.99191353198421,1.00905857948476,1.01031161143021,1.04393224149935,0.97173746809541,0.975182878807196,0.987037979062099,0.998957717378355,1.04119862291164,1.05655309091072,1.02181312873894,1.01623983130787,1.02708451553552,0.999543881061943,0.999516584341241,0.999378585037327,0.999328494280382,0.999180912835087,0.999387010985341,0.999409152328978,0.999525137520759,0.999424110289148,1.00008869225733
18.7491724955749,8.37124823698673,0.482032622602012,1.01934361989893,1.01154807420632,0.98537468261873,0.9506344042124,0.948955937400474,0.949770523963168,0.943529658750225,0.944698090301706,1.01293281417673,0.956426473000155,0.95297932908974,0.935988248708042,0.954956463043749,0.955719642877685,0.963259704638915,0.981020953413636,0.985308526889967,0.983847846777823,0.980099074843537,0.976205882159319,0.988091462625986,1.01429783910968,1.01310152363629,0.989296238994163,1.02212943698169,1.01032331026371,0.992805531689182,1.0098752473398,1.01110507544684,1.04452374635424,0.97278384637865,0.97616455344494,0.9878918503833,1.00009739366263,1.04185815480047,1.05709949941523,1.02233250121246,1.01694520134442,1.02740978121029,0.99946777519144,0.999420826984574,0.999318744681757,0.999132884393987,0.998909278107854,0.999204988314693,0.999223810706112,0.999432332307103,0.999227466145335,1.00025053849385
18.7831392629458,8.35581424221228,0.473469185728307,1.02053500306824,1.01280463700185,0.986714890050462,0.952062738380792,0.95046966508313,0.951288447182887,0.94506873835971,0.946242164087115,1.01410869465565,0.957862196222718,0.954448756190481,0.937411079650864,0.956387126441663,0.957149023005272,0.964663639303369,0.98241817779812,0.986682288372347,0.985219001742961,0.981530601221683,0.977732516006187,0.989380363696339,1.01544261188596,1.01423325226138,0.99067534342331,1.02305042506556,1.01152587452073,0.994076048747802,1.01111161277318,1.01232256203603,1.0453396609245,0.974191119379382,0.977412989240839,0.989128290459682,1.00173465062852,1.04282739548371,1.05791548863602,1.02307668242907,1.01806064294946,1.0278341066761,0.999405072805055,0.999333340180166,0.999279623634145,0.998962844691769,0.998672922042009,0.999038487540198,0.999053314868525,0.999353977241268,0.99904658788446,1.00039291011202
18.8171060303166,8.33438355349467,0.463774407371379,1.02194614314524,1.01433108555644,0.988341040266104,0.953769681005794,0.95226669316376,0.953090235388438,0.946891258877963,0.94806853503847,1.01548237211973,0.959556907474459,0.956186363019578,0.939094479292702,0.958080730796823,0.958856273512453,0.966379962537541,0.984144126153636,0.988375219345602,0.986898608981072,0.983314205146383,0.979638141563579,0.990988667939555,1.01688686831568,1.01566103649511,0.99238420169639,1.02417382111407,1.01303627367783,0.995657528678705,1.01270938214204,1.01390899817102,1.04633269129589,0.975888818759164,0.978860386145212,0.990682162143213,1.00378635187968,1.04406311155361,1.05896166306022,1.02399839322358,1.01953862683338,1.02832876633421,0.999357918723583,0.999258261879373,0.99925681292646,0.998824373009786,0.998480190347505,0.998894236717085,0.998905169499102,0.99929288454744,0.998889451346233,1.00051054653693
18.8510727976875,8.30701616687371,0.453671653660509,1.02349069951359,1.01604044784506,0.99016172393409,0.955661782345132,0.954249791243224,0.955079019660914,0.948897580439361,0.950076425710745,1.01697041613442,0.961421356715132,0.958099973240939,0.940949107800604,0.959947459669658,0.960748838596067,0.968314447710151,0.986104165926889,0.990294131640609,0.988793373470652,0.985348062824631,0.981813591203856,0.992828904703684,1.01855012108369,1.01730572810371,0.994329510920562,1.0254300030678,1.01477300179224,0.997463717204564,1.01459119032353,1.01578958686238,1.0474466555313,0.977790301426903,0.980435679565565,0.992462334374314,1.00613256889545,1.04549670581129,1.06017611350587,1.02504052006312,1.02131353408266,1.02886137970149,0.999327605790813,0.999200046208531,0.999245779455678,0.998722380877773,0.998338088263846,0.998779120529078,0.998786861141215,0.999251027133246,0.998763877617404,1.00059908531591
18.8850395650584,8.27460255081861,0.44368273701252,1.0250837729292,1.01784449063928,0.992085741737715,0.957648017349956,0.956324266459178,0.957160543607521,0.950990814337337,0.952167958684815,1.01849293242467,0.963370323494659,0.960101169010784,0.942889233176422,0.961900966494903,0.962737263611996,0.970375388443084,0.988206270762722,0.99234617006433,0.99081013111001,0.987542696997039,0.984167516731794,0.994817054439567,1.0203597131123,1.01909485559753,0.996420627947768,1.02674924972801,1.01664914356721,0.999405597959372,1.01666777424826,1.0178767276168,1.0486238035937,0.979806690040366,0.982073801144876,0.994392413113115,1.00868368451262,1.04706731095193,1.06150743546052,1.02614497123227,1.02330525124866,1.02940106849433,0.999314585830761,0.999162949973975,0.999242786103865,0.998660583665832,0.998251955142131,0.998699722493195,0.998705307853855,0.999229523952529,0.998677050955348,1.00065522661783
18.9190063324292,8.23811702878209,0.434458677038647,1.02664475980571,1.01965437430262,0.994019356694861,0.959635978152155,0.958395236635636,0.959240113860847,0.953074773102177,0.95424647884708,1.01997478281542,0.96531877192706,0.962101429823019,0.944828989144127,0.963854789586596,0.964730123073575,0.972462563832882,0.990346242444717,0.99443013318083,0.992849827454414,0.98978364164706,0.986573734996235,0.996853169828526,1.02222186936012,1.02093571006033,0.998553526076707,1.02806246401977,1.01857135006025,1.00138690178373,1.01883864943069,1.02007002706344,1.04980649250173,0.981844840806613,0.983712276974429,0.996367620959575,1.01129398426086,1.0486906136958,1.06288156032358,1.02725393913044,1.02541898531698,1.02991937774443,0.999318548556086,0.999150420308143,0.999245556654217,0.998641284517822,0.998225118669638,0.998661658728527,0.99866615858866,0.999228661591093,0.998634940131298,1.00067687270808
18.9422824787304,8.21157995717044,0.428720276668432,1.02766197159439,1.02085965614173,0.995310347558489,0.960960787695057,0.959772613187469,0.960624254382842,0.954457085202502,0.955622712691599,1.02093575796308,0.96661891743253,0.963435029427892,0.946122745811331,0.965158542288313,0.966060829791042,0.973867499800879,0.991792985336457,0.995834736788348,0.994219375372196,0.99130702827711,0.988214160806436,0.998236632647834,1.02349263797498,1.02219220118106,0.999997825799997,1.02893005238404,1.01987406661657,1.002726167651,1.0203342380552,1.02158744850697,1.05059501920888,0.98321354278097,0.984810945025599,0.997715165268716,1.01308211162272,1.04980364884634,1.06382453666561,1.02799207993654,1.02689337256156,1.03025076203408,0.999330680671879,0.999157210943063,0.999250464561178,0.998653204849874,0.998241764761909,0.998661647767766,0.99866592041572,0.9992398425693,0.998634135976198,1.00067129732968
18.9655586250316,8.18456321553377,0.423650736910421,1.02861470847774,1.02200821025889,0.996543122865969,0.962225668165597,0.961086176053453,0.961945285491962,0.955772674000139,0.956930644705762,1.02183311772805,0.967863468214491,0.964710442268526,0.947360287974715,0.966405925099232,0.967333511645077,0.97521677521082,0.993185840313451,0.99718451162219,0.995532119529645,0.992776658309051,0.989797393177518,0.999573052164592,1.02472370066983,1.02340921254349,1.00138985743721,1.02975062821446,1.0211307660497,1.00401577888928,1.021794370494,1.02307347889393,1.05134709274142,0.984526702572262,0.985870233192246,0.999016574348605,1.01480786726845,1.05088344219289,1.0647395939749,1.02869451466044,1.02834532811364,1.03055600451976,0.999349960295103,0.999176887793507,0.999258194152496,0.998685485038771,0.998286684536435,0.998683903774891,0.998688219458083,0.999260231217288,0.998657197492491,1.00064917762315
18.9888347713328,8.15778465393997,0.419250764236471,1.02948888624708,1.02308175023483,0.997698686600561,0.963412348017896,0.962317067821824,0.96318414163813,0.957002623142351,0.958151479869663,1.02265450280368,0.969036098512348,0.965910301926595,0.948524998761223,0.967580466953636,0.9685304192205,0.976490342417224,0.994503761370941,0.998458372032244,0.996767587822936,0.994173368424845,0.991305081093566,1.00084148024016,1.02589510431539,1.02456777719543,1.00270837973425,1.03051189535193,1.02231988549869,1.00523449555836,1.02319193521806,1.02449999144459,1.05205083666931,0.985763400910014,0.986879004272903,1.00025688235541,1.01645667080264,1.05191349730304,1.06561481380338,1.02935054155487,1.02974717878169,1.03083108969352,0.999375872031049,0.999209206932766,0.999269526305973,0.998737637716405,0.998359080552137,0.998728612906028,0.998733093961743,0.999289348884276,0.998704265084203,1.00061092976138
19.012110917634,8.13201877763647,0.415559940016707,1.03027470217282,1.02406521563884,0.998760776242258,0.964505384762326,0.963449734231435,0.964325123775693,0.958131778659624,0.959270421465405,1.02339188726083,0.970122524563754,0.967019824731212,0.949602476650098,0.968667554582385,0.969635939610341,0.977668774707413,0.995725181811221,0.999636163940249,0.997907095352977,0.995472092703449,0.992708010035903,1.00202011097505,1.02698623904026,1.02564723647952,1.00393143522908,1.03120424562048,1.02342117524257,1.0063622675973,1.02449921750173,1.02583785511022,1.05269619211065,0.986905224117887,0.987826570563333,1.00141258869187,1.01799211464426,1.05287396540235,1.06643376992037,1.02995152940939,1.03106845118352,1.0310737839492,0.999407864996618,0.999253495883481,0.999285555444963,0.998808806141818,0.998457564810873,0.998795358559341,0.998799974861589,0.999326623476714,0.998774823488737,1.00055726873096
19.0353870639352,8.10804139605774,0.412546547169272,1.03096580734825,1.0249470517841,0.999716934385416,0.96549276205825,0.964471953985338,0.965355741371611,0.959148326861128,0.960276053501914,1.02404036316547,0.971111460027652,0.968027228492951,0.950581384292251,0.969655866989014,0.970638012895398,0.97873741552754,0.996834064165409,1.00070251663004,0.998936331443736,0.996656560142876,0.993989237498931,1.00309232009694,1.02798074961915,1.02663194512809,1.00504262129353,1.03182125282764,1.02441859124283,1.00738344640623,1.0256932932784,1.02706265323686,1.05327555550341,0.98793722409944,0.988704110403318,1.00247010886179,1.01939760914983,1.05375046950718,1.06718591668111,1.03049145073641,1.03228382777208,1.03128319427999,0.999445358362009,0.999308653139238,0.999307562419314,0.998897779808625,0.998580225712265,0.998883085966849,0.998887672382868,0.999371390378094,0.998867677692283,1.00048919810875
19.0586632102363,8.08662257175029,0.4101746363492,1.03155912643971,1.02571892761032,1.00055788203685,0.966365520439739,0.965374775096425,0.966266792923785,0.960043893974889,0.961160478234005,1.02459816112866,0.971993979840374,0.96892344120157,0.951452889837534,0.97053644476525,0.971527299146571,0.979684215259209,0.997816720686358,1.00164487343266,0.999844024743358,0.997710902252818,0.995130347953373,1.00404382649951,1.02886488989025,1.02750828006074,1.00602785443871,1.03235909159718,1.02529895199273,1.0082852308054,1.02675370491252,1.02815234833262,1.05378328878082,0.988847897639737,0.989503652093753,1.00341488130826,1.02065070062938,1.05452996431003,1.06786099661799,1.03096640813687,1.03336952888744,1.03145969805692,0.999487762787083,0.999373204422281,0.999336879460684,0.999002993266204,0.998724630442093,0.998990115016856,0.998994401760176,0.999422906245133,0.998980953798919,1.00040799270777
19.0819393565375,8.06846788714214,0.408380643514707,1.03205406586367,1.02637531425259,1.00127724166023,0.967117249005093,0.966151805654918,0.96705159725619,0.960812707451699,0.961918426732689,1.02506569469691,0.972763140127626,0.96970153337007,0.952210256600676,0.971302472533946,0.972296916686465,0.980500372628564,0.998663147636699,1.00245411734503,1.0006221425891,0.998624037444854,0.996119098917971,1.00486390164274,1.02962797028487,1.02826590421647,1.00687676686208,1.03281617941124,1.02605244077339,1.009058185866,1.0276640435398,1.0290889926568,1.05421564231041,0.98962873060067,0.990217949103087,1.00423727588851,1.02173800836851,1.0552027149672,1.06845178515476,1.03137435270434,1.0343059901158,1.03160453747164,0.99953447882729,0.999445365349336,0.999374734779407,0.999122538283488,0.998887887138889,0.99911416286223,0.999117816664541,0.99948035149217,0.999112129610114,1.00031517613498
19.1052155028387,8.05419252310363,0.407096793871685,1.03245181248338,1.02691290616911,1.00187089259935,0.96774354568277,0.966798738512174,0.967705573904949,0.961451106021916,0.962546739345649,1.0254449117141,0.973413464836718,0.970356264675815,0.952848331703658,0.971948665488767,0.972941821412142,0.981179409094697,0.999365851376843,1.00312367483988,1.00126511489264,0.99938702523009,0.99694508978941,1.00554445097409,1.03026202795612,1.02889696085497,1.00758154981046,1.03319247080143,1.02667192742868,1.00969548944087,1.02841128913783,1.02985817035992,1.05457028778303,0.990273975624103,0.99084007000947,1.00492916088676,1.02264700250806,1.05576129692117,1.06895248000714,1.03171455066035,1.03507706368458,1.03171951209995,0.999584899262088,0.999523134080356,0.999422104327164,0.999254187302102,0.999066701871848,0.999252413608777,0.999255082308507,0.999542833164828,0.999258100632813,1.00021249255452
19.1284916491399,8.04428105318779,0.40625416446266,1.0327545216661,1.02733002649535,1.00233639415542,0.968241396067726,0.967312663468828,0.96822555428242,0.961956793467067,0.963043587170653,1.02573843708514,0.973940439154481,0.970883504785339,0.953363016476979,0.97247078330725,0.973458268175512,0.981716845131983,0.99991971439777,1.00364919536575,1.0017693876232,0.999993740071494,0.997601339671656,1.00607985975077,1.03076143863109,1.02939591717046,1.00813683971245,1.03348885371727,1.02715269425749,1.01019263018011,1.02898598746411,1.03044925652074,1.05484598803179,0.990780056736758,0.991363149662043,1.00548503078855,1.02336964040752,1.05620062201342,1.06935896933617,1.03198709375491,1.03567062772729,1.03180659361657,0.999638399714529,0.999604392631643,0.999479574992886,0.999395426437295,0.999257459053411,0.999401607193009,0.999402961768463,0.999609385392199,0.999415275067539,1.00010187400479
19.1461330089642,8.03988064028345,0.405873793533986,1.03292216792746,1.02756555682926,1.00260305002012,0.968531922790532,0.967612411628651,0.968529099088395,0.962250825989138,0.963331993801307,1.0259054800991,0.974255395460053,0.971196194729928,0.953668910288951,0.972781758048533,0.973762415147268,0.982028020115259,1.00023830433199,1.003949897752,1.00205790791299,1.00034690451697,0.997982672528442,1.00638673520992,1.03104803545645,1.02968385276776,1.00845597155267,1.03366100775281,1.02742294567194,1.01047438268629,1.02930279863492,1.03077426384829,1.05500204484322,0.991069807335263,0.991689635966026,1.00581332887333,1.0237896385597,1.05645219625588,1.06960248537279,1.03214887699255,1.03599716558534,1.03185515553474,0.999680621562903,0.99966705435665,0.999529954047417,0.999507264004596,0.999407749343994,0.99951988909658,0.999520060217564,0.999661935123344,0.9995395641608,1.00001395988299
19.1637743687885,8.03827139013238,0.405681024612907,1.03303878667809,1.02773233886804,1.00279590139444,0.968747951320895,0.967835356341522,0.968755236383627,0.962468862360723,0.963545540803607,1.02602727208769,0.97449680456198,0.971433748241771,0.953901722124349,0.973018827617405,0.973991036906858,0.982255940140395,1.00046916474091,1.00416624230885,1.00226571186076,1.00060728466604,0.998262733733263,1.00660815294778,1.0312560089802,1.02989411714194,1.00868691980406,1.03378919007181,1.02761177099761,1.01067401078898,1.02951555351501,1.03099143786945,1.05511291933283,0.991279601653116,0.991953395765055,1.00606057621666,1.02409781478563,1.05663408214104,1.06979032124469,1.03227290372682,1.0362149996709,1.03189000300377,0.999723940832744,0.999729592104126,0.999586037386084,0.999621762923884,0.999560957972597,0.999640754893719,0.999639621887,0.999715749166088,0.999666205670879,0.999923630637109
19.1814157286129,8.03945373671714,0.405696438833744,1.03310110751394,1.02782750396811,1.00291157527631,0.968884514560142,0.967975879850658,0.968897788319238,0.962605065607046,0.963678374204054,1.02609949571619,0.974659069724196,0.971590070841937,0.954056144093898,0.973177354593867,0.974139462319422,0.982397187667587,1.00060939467278,1.0042954189682,1.00238987949538,1.00077190042031,0.998439228773202,1.00674020459783,1.03137925507279,1.03002188636447,1.00882663118966,1.03387117255406,1.02771695170669,1.01078890019758,1.02962240910643,1.03109830440778,1.05517673410193,0.991404845244628,0.992147366756151,1.00622408606936,1.02429258363056,1.05674137363464,1.06991823162506,1.0323570223196,1.03632178539722,1.0319096519884,0.999768038215695,0.999791163586598,0.999647444097718,0.999737602369361,0.999715328897011,0.999762521017881,0.999760001440046,0.999770321885343,0.999793343438056,0.999831865959157
19.1954650675815,8.0423787794559,0.40582679612094,1.03311504017064,1.02785424828659,1.00295069285893,0.968939149259198,0.968032062219005,0.968955111022087,0.962658560483092,0.963730115378228,1.02612524529643,0.97473367259968,0.971659183092798,0.954125140141052,0.973248881472405,0.974202341098148,0.982449424571667,1.00065782982504,1.00433762665365,1.00243075963014,1.00083601061812,0.998506721093683,1.00678394262047,1.03142111957224,1.03006783136391,1.00887435521201,1.03390532939838,1.02774245607063,1.01082151673456,1.02963286586416,1.03110603815197,1.05519528347787,0.991447727926385,0.99225302064348,1.00629559625482,1.02436702532688,1.05677714402261,1.06997967341764,1.03239706259911,1.03632864579482,1.03191596955985,0.999803495925698,0.999839009860019,0.99969979220205,0.999829949587859,0.999837972533699,0.999859057568415,0.999855400082652,0.999813987805945,0.999893757413525,0.999758397949808
19.2134665990246,8.04859934996969,0.406163714227354,1.03308525443852,1.02782383255057,1.00293065258558,0.968936573377654,0.968029117364809,0.968952798320943,0.962653086236359,0.963723602536133,1.02611509508267,0.97475530877406,0.971672756960018,0.95414066045773,0.973266907655592,0.974208724771514,0.982436774690415,1.00063688437663,1.00431207018433,1.00240681513049,1.00083028745568,0.99849792786503,1.0067590375603,1.03139951955227,1.03005256250781,1.00885209224549,1.03390754927845,1.02769916599042,1.01078623469563,1.02954996207195,1.03101598618567,1.05517648965304,0.99142734742455,0.992320534981105,1.00631004650275,1.02435780688079,1.05675681925829,1.07000398331176,1.0324122842998,1.03623664100923,1.03191128381946,0.999849027056345,0.999898130518089,0.999770600520267,0.999947125061662,0.999993114893554,0.999980637074238,0.999975516935422,0.999869689121422,1.00001963119608,0.999664695889458
19.235127446713,8.05954563315666,0.406827152176258,1.0329780931373,1.02769123242598,1.0028021782253,0.968824809847657,0.967913345735863,0.968836586195152,0.962535594409673,0.963606620970985,1.02603769138295,0.974669607583568,0.971576158662534,0.954049451455173,0.973177475495921,0.974105028402794,0.982303327948439,1.00048891353051,1.00416348723257,1.00226485126356,1.00069361721669,0.998346850570154,1.00660988669434,1.0312632856977,1.02992525043845,1.00870207665124,1.03384797613626,1.02753536999686,1.01063014652695,1.02930992176836,1.03076235750146,1.05509070064385,0.991291848245069,0.992297495180792,1.00621319903933,1.02419266394383,1.05663583405044,1.06995270525264,1.03237646949566,1.03597980700444,1.0318862043571,0.999903409762376,0.999965217197973,0.999859993352246,1.0000845311275,1.00017448156779,1.00012158650846,1.00011474806385,0.99993554985815,1.00016453131387,0.999553975709903
19.2567882944014,8.07390391488443,0.40782615887951,1.03279011589063,1.02745235356499,1.00255789592915,0.968591300282331,0.967671608132523,0.968592978153279,0.962293365121562,0.963366694485486,1.02588518249031,0.974457977677422,0.971352363315793,0.953834591217048,0.972963156373922,0.973876533263809,0.98203936283028,1.00020638599253,1.00388557614448,1.00199821745102,1.00041511217451,0.99804314036762,1.00633011677971,1.03100529905271,1.0296779961057,1.00841710672865,1.03371784767944,1.02725005596317,1.0103498735593,1.0289203100283,1.03035408409712,1.05493501401267,0.991033799578055,0.99215531480454,1.00599117937659,1.02386112887481,1.05640872090409,1.06981149384367,1.03227930784584,1.03556829034517,1.03183818021173,0.999956634385033,1.00002710235541,0.999952031280867,1.00021580399284,1.00034735226613,1.00025421169705,1.00024574481346,0.999999156031289,1.00029955333226,0.99944711803053
19.2784491420898,8.09120044053351,0.409164662888792,1.03252176531015,1.02710919711092,1.00219977863545,0.968237368899584,0.96730522874154,0.968223577866117,0.961927619845226,0.96300490946268,1.02565711829849,0.974120323183395,0.971001930489042,0.953496302772041,0.972623828057373,0.973524103258127,0.981647562500383,0.999792860343063,1.00348161336546,1.00160963593145,0.999998708447575,0.997591199292586,1.00592465153872,1.03063200985067,1.02931613813992,1.00800107529746,1.03351724968511,1.02684761000186,1.00994937073537,1.02838927522499,1.02980066000643,1.05471074445188,0.990657364047798,0.991891541124327,1.00564689567054,1.0233681769097,1.05608143588999,1.06958335156009,1.03212088469598,1.03501247210451,1.03176678366717,1.00000786791308,1.00008317003069,1.00004434776655,1.00033864875414,1.00050898663088,1.00037606795569,1.00036609771598,1.00005942419509,1.00042205173086,0.9993458556191
19.3001099897782,8.1109232071245,0.410869882637111,1.03217110303693,1.02666300478513,1.00172913523354,0.967763362920733,0.966814170064529,0.967728458900696,0.961437932771326,0.962520565039434,1.02535035508876,0.973656313151301,0.970524686955049,0.953034401811977,0.972159281165812,0.97304811935773,0.981130514648214,0.999252048328231,1.00295486180782,1.00110160989508,0.999448717960097,0.996996158428846,1.0053979639868,1.03014811886987,1.02884406570386,1.00745800358162,1.03324514032414,1.02633245851464,1.00943251550777,1.02772590686576,1.02911219879718,1.05441872537567,0.990164654609479,0.991504874096326,1.00518375240802,1.02271984950666,1.05565855020555,1.06927069459264,1.03190033349158,1.03432350964844,1.03167024035552,1.00005622100477,1.00013302130841,1.0001343813181,1.00045093778886,1.00065689568935,1.00048502418266,1.00047370521546,1.00011526835553,1.00052976898623,0.999251822614021
19.3217708374665,8.13243458390821,0.413026890670001,1.03173631463604,1.02611439537118,1.00114642583951,0.967168899817418,0.96619777873179,0.967107035285449,0.960823313505832,0.961912405793573,1.02496175247273,0.973065356997848,0.969920037254602,0.952448336394162,0.971569040544575,0.972448317746398,0.980489721055521,0.998586491496406,1.00230751576524,1.00047563681755,0.998768192102469,0.996262315045831,1.00475275548655,1.02955535586388,1.02826368831764,1.00679059384222,1.03289933921843,1.02570816839654,1.00880220145598,1.02693915996705,1.02829863699439,1.05405946222642,0.98955634474652,0.990994360666814,1.00460388054119,1.02192200090983,1.05514177377838,1.06887310870237,1.03161594394485,1.03351279469974,1.03154683167914,1.00010077071622,1.00017646405819,1.00021949192174,1.00055076917428,1.00078889328007,1.00057932381001,1.00056682313213,1.00016563090457,1.00062090611363,0.999166527131036
19.3434316851549,8.15511156477479,0.415645628512899,1.03121726274612,1.02546728724936,1.00045600345637,0.966457756486598,0.965459484195213,0.966362938554892,0.9600866874021,0.96118298128448,1.02448968346924,0.972350914540872,0.969191574105457,0.951741578667368,0.970856574184295,0.971728709841016,0.979731333236077,0.997803437269063,1.00154622879645,0.99973746613015,0.997965118563211,0.995398557083194,1.00399728543844,1.02886273236372,1.02758329940348,1.00600644716972,1.03248063291995,1.02498254205087,1.00806570856742,1.0260425333776,1.02737504174332,1.05363553841423,0.988837722290813,0.990362754858957,1.00391387042907,1.02098462068757,1.05453951880599,1.0683961658309,1.03126850266969,1.0325967607757,1.03139517279763,1.00014058941844,1.00021349076217,1.00029709594696,1.00063653024986,1.00090313095868,1.00065764624392,1.0006441301396,1.00020952336261,1.00069416744896,0.999091325072117
19.3650925328433,8.17838403480158,0.418738558499955,1.03061502557339,1.02472650989067,0.999663229150101,0.965634814639192,0.964603794909819,0.965500806130856,0.95923208614274,0.96033596725542,1.02393385297213,0.971518132717604,0.968344326140275,0.950919117762458,0.970027040276202,0.970894661101079,0.978862657671639,0.996911250483174,1.00067872234015,0.998893925665527,0.997048509133347,0.994414927014235,1.00314031783483,1.02807864519241,1.0268111492878,1.00511420613011,1.03199028112741,1.02416406720547,1.00723110289823,1.02505007184714,1.02635655355666,1.05315015277585,0.988013552553716,0.989615447803286,1.00312131985362,1.01991892200542,1.05385940399135,1.06784547596173,1.03085913171227,1.03159155717423,1.03121444218625,1.00017475715869,1.00024420040867,1.00036477652103,1.00070690289232,1.00099809845421,1.00071905856925,1.00070469605839,1.00024603887253,1.00074873620308,0.999027396298023
19.3867533805317,8.20161458693481,0.422368733659224,1.02993260066453,1.02389815234593,0.998774443517627,0.964706247829011,0.96363680154011,0.964526853086394,0.958265315917443,0.959376906876671,1.02329577185551,0.970573683329808,0.967384882414201,0.949987398191418,0.969087026640852,0.969952699288399,0.97789116153608,0.995918027530038,0.99971284528157,0.997952304258443,0.996026564142244,0.993320785343215,1.00218958157385,1.02720927392436,1.02595350401339,1.0041220128491,1.03143034990877,1.02326139165422,1.00630659512541,1.02397558549502,1.02525787987394,1.0526073652023,0.987089086551897,0.988759437971447,1.00223282447888,1.01873578706874,1.05310625743727,1.06722377242599,1.03038968579928,1.03051275474488,1.03100448540815,1.00020240642648,1.00026876076106,1.00042040101548,1.00076089748055,1.00107264751291,1.00076302720064,1.000747986841,1.00027439038295,1.00078428423341,0.998975725301602
19.4084142282201,8.22426139532051,0.426487401348584,1.02917543264191,1.02299193974962,0.997800403642214,0.963682887864376,0.962569138262813,0.963451865970732,0.957196528459213,0.958315581402752,1.0225794758778,0.969528984507944,0.966324556284698,0.948957544258544,0.968047876444667,0.968914303000532,0.976829843140587,0.994837582152747,0.99866171738636,0.996924851079031,0.994913854588077,0.992131662919134,1.00115928381175,1.02626897666219,1.02502415956183,1.00304393861388,1.03080650282638,1.02228791459363,1.00530539517868,1.02283776103644,1.02409906671488,1.05201355352057,0.986074577278102,0.987806216221304,1.00126105299837,1.01745195401867,1.05229321614129,1.06654173108336,1.02986503287707,1.02938130979444,1.03076609075009,1.0002227564888,1.00028736778434,1.00046222743604,1.00079789113823,1.00112600278652,1.0007894398259,1.00077389528548,1.00029394713884,1.00080096120268,0.998937084946065
19.4355840680949,8.2512737830878,0.43216707542321,1.02814483532939,1.02177242728418,0.996487273435812,0.96229684786596,0.961120614350178,0.961994492126489,0.955745156752785,0.956873199499505,1.02159464136223,0.968109233393879,0.964885380363773,0.947558706065193,0.966635309400711,0.967506987599377,0.97540269327854,0.993390085071785,0.997253203232428,0.9955447409661,0.99342088257821,0.990537187404606,0.999785986363089,1.02502178556554,1.02378752358895,1.00160157695955,1.02995269974583,1.02099556292057,1.00397068212563,1.02135437011325,1.02259531338748,1.05121428497602,0.984702476952797,0.986504945663228,0.999951440918445,1.01573099016816,1.05121606947809,1.06562423113449,1.02914484203429,1.02792128850115,1.03043540794337,1.00023691501174,1.00030246932928,1.00049318761146,1.00081981007001,1.00116229241897,1.00079808715612,1.00078221005003,1.00030531487357,1.00079608095731,0.998907866838763
19.4627539079696,8.27577141392469,0.438628348853729,1.02702144193763,1.02046704388091,0.995079388199984,0.960801517085468,0.959553379666209,0.960417448417018,0.954171780349277,0.955307488165277,1.02050647958093,0.966576199505044,0.96333015537197,0.946048345748722,0.965111698472095,0.965990898888024,0.973879342463678,0.991852155800005,0.995755858915727,0.994072995772411,0.991832716515252,0.988845713942397,0.998329971358396,1.0236961853415,1.02247360016857,1.00007061069495,1.02901943350776,1.01963601872505,1.00255936911572,1.01983004938782,1.02105674277675,1.05035893634005,0.983219953137581,0.985097798187637,0.998551921553746,1.01390995722273,1.05007275848043,1.06463590512756,1.02835578257046,1.02643907010066,1.03006502682911,1.00023760685098,1.00030851993346,1.00049909465852,1.00081470151839,1.00116448689787,1.00078054217362,1.00076471240785,1.00030165352779,1.00076424065533,0.998900528673769
19.4899237478444,8.29739056058333,0.445468910939092,1.02584445203477,1.01911960995536,0.993624370994755,0.959248817337333,0.957921545758704,0.958775829514728,0.952531016885732,0.953672987083164,1.01935391848423,0.964983364080492,0.961713653005072,0.944478840743992,0.963528822769465,0.964418229140355,0.97231067263612,0.990274118281272,0.994218913791366,0.992558362669738,0.990200626262161,0.987108809615596,0.99684186228266,1.02234496756134,1.02113197699507,0.998501598009654,1.02804037131876,1.01825416591819,1.00111827395549,1.01831257409699,1.01953268653876,1.04947593201215,0.981673964006013,0.983636968505205,0.997108280067147,1.01204094790657,1.04890893784943,1.0636173733542,1.02752606057599,1.02498145831368,1.02966882446504,1.00022435153576,1.00030547565482,1.00047992796476,1.00078352078492,1.00113331028754,1.00073858057463,1.00072324183803,1.00028303347818,1.00070803076649,0.998915062828993
19.5170935877192,8.31567985499724,0.452633133273966,1.02464734313107,1.01776374697256,0.992157265734507,0.957676371252549,0.956264891778998,0.957109331831595,0.950863493966882,0.952010594359597,1.01816959812602,0.963370757746021,0.960075925282749,0.942889288599344,0.961926425163461,0.962827190861905,0.970731888102397,0.988690139779976,0.992676893936142,0.991035871006858,0.988557209018048,0.985360926904084,0.995351271473075,1.02099068381713,1.01978641758696,0.996927914974691,1.02703962731962,1.01688125495271,0.999679774671368,1.01683460381815,1.01805472534994,1.04858733875839,0.980096027014755,0.982161253082542,0.995648470724433,1.01016075405042,1.04774165790657,1.06258427318873,1.02667577288004,1.02357741710374,1.02925877517079,1.00019719011755,1.00029298577062,1.00043689833946,1.00072784196312,1.00107017143767,1.00067438636771,1.0006600772015,1.00025002378367,1.00063048576058,0.998950895323243
19.544263427594,8.33055320483833,0.459732838626643,1.0234689636308,1.01644218560564,0.99072459346797,0.956134603630343,0.954636070370034,0.955470825259632,0.949222210346716,0.950373246434011,1.01699223317369,0.961791234664622,0.958470132434797,0.941331426456643,0.960356726457891,0.961269238980474,0.969192952957507,0.987149704383718,0.991177912148484,0.989553266283988,0.986954076738172,0.983655690199411,0.993905564213381,1.01967893761703,1.01848170506976,0.995398823178976,1.02605102223966,1.01555959038873,0.99828853779297,1.01543906438476,1.01666574104008,1.04772108119196,0.978532518837166,0.980721985622298,0.994219579919229,1.00832576904312,1.046611692009,1.06157465293394,1.02583344704199,1.02226732743256,1.02884885475036,1.00015674576317,1.00027048967201,1.00037236480185,1.00064980124748,1.00097713029498,1.00059050432146,1.00057784885593,1.00020370348618,1.00053495040758,0.999006913947719
19.5714332674688,8.34197973289583,0.466604623431123,1.02235007889701,1.01519503244879,0.989368641402539,0.954669859737009,0.953084785038315,0.953910080692974,0.947658149195238,0.948812368381228,1.01586322452707,0.96029297272987,0.956945198797922,0.939852616476593,0.958867352413125,0.959790705542798,0.967735754932692,0.985692804566003,0.989762408828555,0.988152063606252,0.985429518835451,0.982032442627546,0.992540033252708,1.01843897429721,1.01724738856189,0.993953368095628,1.02510583036556,1.01432388929052,0.996981564487946,1.01415733235027,1.01539522011088,1.04690338170587,0.977026087472014,0.979363832639568,0.992854790281207,1.00657644925679,1.04554135188334,1.06060924957636,1.02502524819349,1.02107597110705,1.02845445208318,1.00010421335472,1.00023729508064,1.00028960765554,1.00055193739184,1.00085678735402,1.00048966720722,1.00047935047905,1.00014561057723,1.0004248693744,0.999081509084847
19.5986031073436,8.35010691099177,0.472885350449452,1.02133140381369,1.01406359537632,0.98813407102102,0.953331061581184,0.951663116933826,0.95247928968391,0.946224276437189,0.947381178621027,1.01482448293736,0.958926569200042,0.955552411937337,0.93850266792902,0.957508524231258,0.958440919451971,0.966407158917968,0.984365485839386,0.988475288979385,0.986877307120566,0.98403206720249,0.980542426060119,0.991297553200085,1.01731040012596,1.0161231018044,0.992637094294719,1.02423780261264,1.01321227805289,0.995799750169276,1.01302504074475,1.01427773612643,1.04616128766022,0.975624742174759,0.978133675393906,0.991598892893836,1.00496793255874,1.04456646139163,1.05972235865419,1.02427967752691,1.02003503770356,1.02809114890123,1.00004133042937,1.00019272177905,1.00019257271412,1.00043710209659,1.00071223215377,1.00037473282412,1.00036744985526,1.00007767253128,1.00030366970558,0.999172627638471
19.6257729472184,8.3551760187313,0.478375341164346,1.02045163119266,1.01308533552273,0.98706085690409,0.952162576000811,0.950419243376495,0.951226790329762,0.944970085964124,0.946129621405909,1.01391661071136,0.957737190319289,0.954338160243412,0.93732629191077,0.956324962956559,0.957263792208724,0.965246918691728,0.98320562873195,0.98735455946009,0.98576809989017,0.982798674772566,0.979223384963747,0.99021196689098,1.01632250598523,1.01513793649975,0.99148701760733,1.0234774184764,1.01225594437808,0.994777116695196,1.01206757949902,1.01333649632968,1.0455192848488,0.974373709034422,0.977071227478881,0.990484170169853,1.00353848781948,1.04370981265565,1.0589351941793,1.02362238361379,1.01916249723551,1.02777410397886,0.999970297830113,1.00013625965052,1.00008557375061,1.00030831876889,1.00054693216456,1.00024856946272,1.00024495998879,1.00000211310715,1.00017462154831,0.999277835064669
19.6597692041924,8.35758783696383,0.483696120337116,1.01959771529499,1.01212829021389,0.986001197968422,0.951002543887595,0.949180708017492,0.949978427730703,0.943722622918174,0.944885730352906,1.01301976947344,0.956561249800826,0.953134874513457,0.936161281105686,0.955153626342952,0.956096020131178,0.964090802303454,0.982047577073462,0.986242329577604,0.984669485791317,0.981548064687549,0.977879875832002,0.989127163444067,1.01533172186429,1.0141488619735,0.990338561686165,1.02272070459287,1.0113235587678,0.993771492316242,1.01115519341229,1.01244420486934,1.04489064795782,0.973088977307157,0.976032638525237,0.98934551188791,1.00207486641763,1.04284729855641,1.05813190183877,1.02296105458454,1.01834092575224,1.02746284760761,0.999874065284839,1.000048745584,0.999944611054179,1.00013254210312,1.00031698340582,1.00007944687964,1.00008111445104,0.999900711028012,1.00000691187526,0.999424918087838
19.6937654611664,8.35626210959282,0.487015678857432,1.01906492531766,1.01151260005143,0.985305002891476,0.95023324290146,0.948356416297107,0.949145852399231,0.942895664334565,0.944063252707669,1.01244049260232,0.95578625843533,0.95233938840038,0.935391458044999,0.954379955062014,0.955320951748492,0.963312594665861,0.981262825687493,0.985499196613131,0.983940247241681,0.980671150091147,0.976927498654961,0.988389639206612,1.01465314389669,1.01346928851123,0.989559581373691,1.02221808115875,1.01072064941351,0.993110792301896,1.01058580461014,1.01189160226245,1.04448500112113,0.972181390366931,0.975359551571306,0.988534470232841,1.00102354172817,1.04224971356768,1.05756089527023,1.02251063095374,1.01783509999083,1.0272655545157,0.999774585756189,0.999943370566398,0.999802998921623,0.999946023636892,1.00006852992898,0.999902671363159,0.999909996090707,0.999796083823873,0.999837072021628,0.99958383755563
19.7277617181404,8.35154476940781,0.48810485548617,1.01888293573195,1.01126876257444,0.985006990305803,0.949894450150727,0.947990956633407,0.948774115993424,0.942534500358811,0.943707498681914,1.01221363409001,0.95545081571678,0.951992291099589,0.935055789729914,0.954042839717581,0.954977548729594,0.962949766146937,0.98088845464225,0.98516046838865,0.983615662862754,0.980209635716656,0.976412409906123,0.988032831374497,1.01431540828463,1.01312864538436,0.989186476187478,1.02199648385639,1.01047406635405,0.992825401976406,1.01038046549313,1.01169780800941,1.04432262775352,0.971707318344808,0.975080841451772,0.988090255992719,1.0004370145658,1.04194333732056,1.05724710792316,1.02229484775537,1.01766152086913,1.02719458587994,0.99967739533905,0.999822595883138,0.999667759172402,0.999754928873644,0.999810020399439,0.999723563274809,0.999736398017485,0.99969300633176,0.99966992083224,0.999748369713204
19.7617579751144,8.34405266169548,0.486825680713931,1.01906030348085,1.01140811234477,0.985122550342903,0.950005084510026,0.948106272643077,0.948885828951773,0.94266104291366,0.943840057928885,1.01235309945025,0.955571339651119,0.952111997043327,0.93517153290398,0.954158983862716,0.955083910814814,0.963021795207394,0.980944567287546,0.985243647461171,0.983712533862635,0.980189086359212,0.976362945505506,0.98807705527931,1.0143403449663,1.01314784006896,0.989239489369653,1.02206694197335,1.01059345197224,0.992928410314268,1.01054270789485,1.011865019307,1.04441058977747,0.97170323709647,0.975203912510799,0.988037106262487,1.00034703734129,1.0419484553692,1.05721027793571,1.02232380717647,1.01781948839855,1.02725408158934,0.999587678283077,0.999690699952226,0.99954444567369,0.999565294852041,0.999550102736621,0.999547286255762,0.999564902463445,0.999595897544641,0.99950970736391,0.999912160351586
19.7957542320884,8.33380486385682,0.483361843206739,1.01958010694261,1.0119171537832,0.985639732636051,0.950553913949606,0.948692019891192,0.949471130045251,0.943264061642714,0.944449075418062,1.01284567995251,0.956134594691642,0.952686102863614,0.935726371388823,0.954715749576466,0.955628256940346,0.963518785773975,0.981422067215352,0.98573864794148,0.984220028039781,0.980602344518615,0.976773071876215,0.988513120001754,1.01471732541345,1.0135169115155,0.989709481391948,1.02242006677658,1.0110677051887,0.993409169153033,1.01106063560859,1.01238123129543,1.04474041205608,0.972175513517789,0.975711797693621,0.988368656389147,1.00074833509668,1.04225549706827,1.05744036496519,1.02259111264005,1.01829840811632,1.02743799025779,0.999509863699308,0.999553755968204,0.999436984063651,0.999383114617447,0.999297605816005,0.99937894190922,0.999400064261722,0.999508608307433,0.999360298609071,1.00006894969849
19.8297504890624,8.32122789192812,0.477791664101836,1.02040586670459,1.01276501055439,0.986529526294357,0.951510480025176,0.949715604038372,0.950497894979698,0.944308986470682,0.945498938594885,1.01365743157768,0.957107919034432,0.95368191779719,0.936688597426268,0.955681186036458,0.956580719221891,0.964418126955924,0.982301818241545,0.986622393835131,0.985112468393935,0.981440165216204,0.977637895189717,0.989327007855872,1.01543924480999,1.01422849183386,0.990578631565863,1.02303219477796,1.01187250375566,0.994244020096986,1.01191105638523,1.0132244294544,1.04529158259391,0.973107005540051,0.976571542152312,0.98908061100236,1.00164365541253,1.04286364895884,1.05793927196077,1.02307804507324,1.01907947150098,1.02773248401227,0.999447293586592,0.999419357266867,0.999347734658019,0.999214276584505,0.999061246633836,0.999223575067631,0.999246514784102,0.999434265788086,0.999225277663778,1.0002127868668
19.8637467460364,8.30610139859768,0.470671598476795,1.02148164500269,1.01389923639564,0.987737188041243,0.952816013953257,0.951114512897601,0.951903795638747,0.945731280815358,0.946924203887743,1.0147324597278,0.958431264275638,0.955038361103068,0.937999010645507,0.956995737745131,0.957882634740726,0.96566473279841,0.983529841319556,0.987841624616082,0.986335799231455,0.982645367457718,0.978895819153506,0.990467928781169,1.01645775537042,1.01523431285121,0.991793421174148,1.02386160981221,1.01296165591493,0.99538387133545,1.01305110470292,1.01435329538088,1.04603017798869,0.974446820820963,0.977728839904437,0.99011904165762,1.00296255890341,1.04372779409769,1.05866251132563,1.02375115764419,1.02012585461071,1.02811592157669,0.999402022422676,0.999296063501899,0.999277734748698,0.999064540777031,0.998849518437904,0.999086138307914,0.999108993012493,0.999375180308351,0.999108080752057,1.00033823792848
19.8905388282744,8.29259321416957,0.464089970641792,1.02246326993793,1.01495606675701,0.988873385655796,0.954047393689587,0.952433681625637,0.953231105387247,0.94706834399771,0.948261414099453,1.0157217494392,0.959677007933078,0.956316140240518,0.93923361138878,0.958234488681365,0.95911284273967,0.966856754451685,0.984711411654539,0.989004328443181,0.987496125541066,0.983831519957674,0.980146161419629,0.991571115570064,1.01744943345307,1.01621501622731,0.992964019688225,1.02463770192382,1.0139888757536,0.996464367613233,1.01412642214306,1.01541891111272,1.04671887776892,0.975747647741123,0.978812925027305,0.991152157133982,1.00429192789396,1.04457779548894,1.05938366964022,1.02438788228554,1.02111745288544,1.02846426658855,0.999379083023143,0.999212320435676,0.999236250834758,0.998963551073145,0.998705133161156,0.998993557929865,0.999015011719319,0.999340366054555,0.99903040609711,1.00042111534469
19.9173309105125,8.27756723236041,0.457122119493601,1.02352275117158,1.01611529858762,0.990127121142117,0.955408173363737,0.953891182004553,0.954698923772734,0.948542406577241,0.949733514541272,1.01679432571315,0.961052097518357,0.957727329217964,0.940597075905439,0.959602507084157,0.960473808040302,0.968184985929928,0.986032572515346,0.990298378269727,0.988783286831123,0.985170258246521,0.981561934014777,0.992807862328646,1.01856434514318,1.01731741945554,0.994273957757378,1.02548868168638,1.01512588370061,0.99766333085578,1.01532000367805,1.01660307326945,1.04747466415718,0.977211708606654,0.980006244528796,0.992320574936554,1.00580068857667,1.04553457470492,1.0601965724359,1.02509111378691,1.02222213718748,1.02883785045338,0.999367196382419,0.999145089098862,0.9992066095518,0.998880459798055,0.998584682921265,0.998917395304544,0.998936404308082,0.999316368261483,0.998967477106103,1.00048764702084
19.9512542958102,8.2566946004072,0.447962714960719,1.02491742342816,1.01767096310261,0.9918201574475,0.957246448627234,0.955857435499666,0.956680738177625,0.950525824103153,0.951711023528348,1.01820956400865,0.96290867193552,0.959632482082951,0.942438377868082,0.96145064222002,0.962316005406716,0.970001218238015,0.987848690755975,0.992066149158285,0.99053364901472,0.987037541192486,0.983550472995642,0.994514984580915,1.02011022744644,1.01884706781167,0.99607704712859,1.02662755757285,1.0166716715413,0.999296804169971,1.01695493739237,1.01822895342771,1.04848936843492,0.979218073328097,0.981616496334321,0.993959450253289,1.00793999128569,1.04686977266284,1.06133684144281,1.02603888150863,1.02374764736618,1.02932463176862,0.999366866151014,0.999089174929859,0.999185559115583,0.998804645502823,0.998471716555736,0.99884782324085,0.998862617223801,0.99930152553672,0.998911392724269,1.0005460146903
19.9851776811079,8.23390636446608,0.439039329573977,1.02630767314839,1.01925685071539,0.993555855813442,0.959130338057919,0.957868340343025,0.958709229002717,0.95254840604954,0.953723852162263,1.01961999316064,0.96481176073884,0.961584365718968,0.944325662720411,0.963345841696345,0.964208406526882,0.971885938585905,0.989742651553914,0.993899782558293,0.992341072154306,0.989005490154436,0.985655338346586,0.996302281153719,1.02173481525185,1.02045429423283,0.997959747804306,1.02778197691398,1.0182704882197,1.00098832213486,1.01866362886938,1.01993331116615,1.04952456607646,0.981296545335843,0.983270492149751,0.995690055755998,1.01021355675933,1.04827655923294,1.06253795742328,1.02700698903026,1.02535614090063,1.02980270257741,0.999381129135505,0.999070289331204,0.99918246213603,0.998765070199034,0.998407625472273,0.998811407986906,0.998821265519272,0.999303607355296,0.998884078158664,1.00057366452849
20,8.22345565171717,0.435256420233677,1.026898622542,1.019943459374,0.994310509118942,0.959948575810594,0.958739767542146,0.959588675470488,0.953422744344898,0.954592648546563,1.02021831767172,0.965639058677112,0.962432049623154,0.94514582946402,0.964170070512743,0.965032359473728,0.972713938376327,0.990578515143994,0.994705151598005,0.993131775846867,0.989883514949585,0.986599647778937,0.997093650726243,1.0224561432608,1.02116847821922,0.998791540737847,1.02827929993298,1.01897172715398,1.00173059748062,1.01942066397397,1.02069049147504,1.04997306486286,0.982204102576249,0.983992073197692,0.996465253409156,1.01124118768325,1.04890435659415,1.06307524361026,1.02742650157934,1.02607512770286,1.03000323100046,0.999391420127422,0.999074423713603,0.999186683607284,0.998759889298089,0.998395955587722,0.998806619587829,0.998814235125749,0.999309667366371,0.9988817237977,1.00057581147712
